nm_conviction-set	Set up job	﻿2026-09-12T00:16:01.2810979Z Current runner version: '2.337.0'
nm_conviction-set	Set up job	2026-09-12T00:16:01.2847341Z ##[group]Runner Image Provisioner
nm_conviction-set	Set up job	2026-09-12T00:16:01.2849050Z Hosted Compute Agent
nm_conviction-set	Set up job	2026-09-12T00:16:01.2850072Z Version: 20260828.587
nm_conviction-set	Set up job	2026-09-12T00:16:01.2851115Z Commit: abac92662cab4cc7352de4f9f9d2e2419aad9c29
nm_conviction-set	Set up job	2026-09-12T00:16:01.2852392Z Build Date: 2026-08-28T16:44:25Z
nm_conviction-set	Set up job	2026-09-12T00:16:01.2854105Z Worker ID: {cbc25409-6f1a-4a0e-98db-710bf400cd47}
nm_conviction-set	Set up job	2026-09-12T00:16:01.2855356Z Azure Region: eastus
nm_conviction-set	Set up job	2026-09-12T00:16:01.2856888Z ##[endgroup]
nm_conviction-set	Set up job	2026-09-12T00:16:01.2859506Z ##[group]Operating System
nm_conviction-set	Set up job	2026-09-12T00:16:01.2860511Z Ubuntu
nm_conviction-set	Set up job	2026-09-12T00:16:01.2861601Z 24.04.5
nm_conviction-set	Set up job	2026-09-12T00:16:01.2862435Z LTS
nm_conviction-set	Set up job	2026-09-12T00:16:01.2863286Z ##[endgroup]
nm_conviction-set	Set up job	2026-09-12T00:16:01.2864512Z ##[group]Runner Image
nm_conviction-set	Set up job	2026-09-12T00:16:01.2865510Z Image: ubuntu-24.04
nm_conviction-set	Set up job	2026-09-12T00:16:01.2866567Z Version: 20260907.300.1
nm_conviction-set	Set up job	2026-09-12T00:16:01.2868393Z Included Software: https://github.com/actions/runner-images/blob/ubuntu24/20260907.300/images/ubuntu/Ubuntu2404-Readme.md
nm_conviction-set	Set up job	2026-09-12T00:16:01.2871409Z Image Release: https://github.com/actions/runner-images/releases/tag/ubuntu24%2F20260907.300
nm_conviction-set	Set up job	2026-09-12T00:16:01.2873037Z ##[endgroup]
nm_conviction-set	Set up job	2026-09-12T00:16:01.2875437Z ##[group]GITHUB_TOKEN Permissions
nm_conviction-set	Set up job	2026-09-12T00:16:01.2878343Z Contents: read
nm_conviction-set	Set up job	2026-09-12T00:16:01.2879323Z Metadata: read
nm_conviction-set	Set up job	2026-09-12T00:16:01.2880178Z ##[endgroup]
nm_conviction-set	Set up job	2026-09-12T00:16:01.2883177Z Secret source: Actions
nm_conviction-set	Set up job	2026-09-12T00:16:01.2885073Z Cache mode: write
nm_conviction-set	Set up job	2026-09-12T00:16:01.2886748Z Prepare workflow directory
nm_conviction-set	Set up job	2026-09-12T00:16:01.4075214Z Prepare all required actions
nm_conviction-set	Set up job	2026-09-12T00:16:01.4124582Z Getting action download info
nm_conviction-set	Set up job	2026-09-12T00:16:01.5646332Z Download action repository 'actions/checkout@v4' (SHA:11d5960a326750d5838078e36cf38b85af677262)
nm_conviction-set	Set up job	2026-09-12T00:16:01.6734307Z Download action repository 'actions/setup-node@v4' (SHA:49933ea5288caeca8642d1e84afbd3f7d6820020)
nm_conviction-set	Set up job	2026-09-12T00:16:01.8096132Z Download action repository 'actions/setup-python@v5' (SHA:a26af69be951a213d495a4c3e4e4022e16d87065)
nm_conviction-set	Set up job	2026-09-12T00:16:01.8932306Z Download action repository 'actions/upload-artifact@v4' (SHA:ea165f8d65b6e75b540449e92b4886f43607fa02)
nm_conviction-set	Set up job	2026-09-12T00:16:02.2417495Z Complete job name: nm_conviction-set
nm_conviction-set	Run actions/checkout@v4	﻿2026-09-12T00:16:02.4330126Z Node 20 is being deprecated. This workflow is running with Node 24 by default. If you need to temporarily use Node 20, you can set the ACTIONS_ALLOW_USE_UNSECURE_NODE_VERSION=true environment variable. For more information see: https://github.blog/changelog/2025-09-19-deprecation-of-node-20-on-github-actions-runners/
nm_conviction-set	Run actions/checkout@v4	2026-09-12T00:16:02.4339250Z ##[group]Run actions/checkout@v4
nm_conviction-set	Run actions/checkout@v4	2026-09-12T00:16:02.4340015Z with:
nm_conviction-set	Run actions/checkout@v4	2026-09-12T00:16:02.4340497Z   ref: 918c8e041377f252910579d03c26505cce8a0335
nm_conviction-set	Run actions/checkout@v4	2026-09-12T00:16:02.4341236Z   repository: Roger-LegalEase/legalease-partner-dashboard-clean
nm_conviction-set	Run actions/checkout@v4	2026-09-12T00:16:02.4345501Z   token: ***
nm_conviction-set	Run actions/checkout@v4	2026-09-12T00:16:02.4345956Z   ssh-strict: true
nm_conviction-set	Run actions/checkout@v4	2026-09-12T00:16:02.4346392Z   ssh-user: git
nm_conviction-set	Run actions/checkout@v4	2026-09-12T00:16:02.4346841Z   persist-credentials: true
nm_conviction-set	Run actions/checkout@v4	2026-09-12T00:16:02.4347333Z   clean: true
nm_conviction-set	Run actions/checkout@v4	2026-09-12T00:16:02.4347802Z   sparse-checkout-cone-mode: true
nm_conviction-set	Run actions/checkout@v4	2026-09-12T00:16:02.4348316Z   fetch-depth: 1
nm_conviction-set	Run actions/checkout@v4	2026-09-12T00:16:02.4348752Z   fetch-tags: false
nm_conviction-set	Run actions/checkout@v4	2026-09-12T00:16:02.4349200Z   show-progress: true
nm_conviction-set	Run actions/checkout@v4	2026-09-12T00:16:02.4349690Z   lfs: false
nm_conviction-set	Run actions/checkout@v4	2026-09-12T00:16:02.4350110Z   submodules: false
nm_conviction-set	Run actions/checkout@v4	2026-09-12T00:16:02.4350566Z   set-safe-directory: true
nm_conviction-set	Run actions/checkout@v4	2026-09-12T00:16:02.4351075Z   allow-unsafe-pr-checkout: false
nm_conviction-set	Run actions/checkout@v4	2026-09-12T00:16:02.4351870Z ##[endgroup]
nm_conviction-set	Run actions/checkout@v4	2026-09-12T00:16:02.5377868Z Syncing repository: Roger-LegalEase/legalease-partner-dashboard-clean
nm_conviction-set	Run actions/checkout@v4	2026-09-12T00:16:02.5380780Z ##[group]Getting Git version info
nm_conviction-set	Run actions/checkout@v4	2026-09-12T00:16:02.5382606Z Working directory is '/home/runner/work/legalease-partner-dashboard-clean/legalease-partner-dashboard-clean'
nm_conviction-set	Run actions/checkout@v4	2026-09-12T00:16:02.5385185Z [command]/usr/bin/git version
nm_conviction-set	Run actions/checkout@v4	2026-09-12T00:16:02.5436164Z git version 2.55.0
nm_conviction-set	Run actions/checkout@v4	2026-09-12T00:16:02.5459571Z ##[endgroup]
nm_conviction-set	Run actions/checkout@v4	2026-09-12T00:16:02.5496135Z Temporarily overriding HOME='/home/runner/work/_temp/0d83fa2a-d01d-425b-a1e9-d0f48e3822c0' before making global git config changes
nm_conviction-set	Run actions/checkout@v4	2026-09-12T00:16:02.5499069Z Adding repository directory to the temporary git global config as a safe directory
nm_conviction-set	Run actions/checkout@v4	2026-09-12T00:16:02.5500647Z [command]/usr/bin/git config --global --add safe.directory /home/runner/work/legalease-partner-dashboard-clean/legalease-partner-dashboard-clean
nm_conviction-set	Run actions/checkout@v4	2026-09-12T00:16:02.5575034Z Deleting the contents of '/home/runner/work/legalease-partner-dashboard-clean/legalease-partner-dashboard-clean'
nm_conviction-set	Run actions/checkout@v4	2026-09-12T00:16:02.5578240Z ##[group]Initializing the repository
nm_conviction-set	Run actions/checkout@v4	2026-09-12T00:16:02.5580232Z [command]/usr/bin/git init /home/runner/work/legalease-partner-dashboard-clean/legalease-partner-dashboard-clean
nm_conviction-set	Run actions/checkout@v4	2026-09-12T00:16:02.5689093Z hint: Using 'master' as the name for the initial branch. This default branch name
nm_conviction-set	Run actions/checkout@v4	2026-09-12T00:16:02.5690629Z hint: will change to "main" in Git 3.0. To configure the initial branch name
nm_conviction-set	Run actions/checkout@v4	2026-09-12T00:16:02.5691659Z hint: to use in all of your new repositories, which will suppress this warning,
nm_conviction-set	Run actions/checkout@v4	2026-09-12T00:16:02.5692499Z hint: call:
nm_conviction-set	Run actions/checkout@v4	2026-09-12T00:16:02.5692985Z hint:
nm_conviction-set	Run actions/checkout@v4	2026-09-12T00:16:02.5693867Z hint: 	git config --global init.defaultBranch <name>
nm_conviction-set	Run actions/checkout@v4	2026-09-12T00:16:02.5694594Z hint:
nm_conviction-set	Run actions/checkout@v4	2026-09-12T00:16:02.5695266Z hint: Names commonly chosen instead of 'master' are 'main', 'trunk' and
nm_conviction-set	Run actions/checkout@v4	2026-09-12T00:16:02.5696357Z hint: 'development'. The just-created branch can be renamed via this command:
nm_conviction-set	Run actions/checkout@v4	2026-09-12T00:16:02.5697245Z hint:
nm_conviction-set	Run actions/checkout@v4	2026-09-12T00:16:02.5697707Z hint: 	git branch -m <name>
nm_conviction-set	Run actions/checkout@v4	2026-09-12T00:16:02.5698257Z hint:
nm_conviction-set	Run actions/checkout@v4	2026-09-12T00:16:02.5698987Z hint: Disable this message with "git config set advice.defaultBranchName false"
nm_conviction-set	Run actions/checkout@v4	2026-09-12T00:16:02.5705751Z Initialized empty Git repository in /home/runner/work/legalease-partner-dashboard-clean/legalease-partner-dashboard-clean/.git/
nm_conviction-set	Run actions/checkout@v4	2026-09-12T00:16:02.5716188Z [command]/usr/bin/git remote add origin https://github.com/Roger-LegalEase/legalease-partner-dashboard-clean
nm_conviction-set	Run actions/checkout@v4	2026-09-12T00:16:02.5769400Z ##[endgroup]
nm_conviction-set	Run actions/checkout@v4	2026-09-12T00:16:02.5770722Z ##[group]Disabling automatic garbage collection
nm_conviction-set	Run actions/checkout@v4	2026-09-12T00:16:02.5774247Z [command]/usr/bin/git config --local gc.auto 0
nm_conviction-set	Run actions/checkout@v4	2026-09-12T00:16:02.5808310Z ##[endgroup]
nm_conviction-set	Run actions/checkout@v4	2026-09-12T00:16:02.5809730Z ##[group]Setting up auth
nm_conviction-set	Run actions/checkout@v4	2026-09-12T00:16:02.5816735Z [command]/usr/bin/git config --local --name-only --get-regexp core\.sshCommand
nm_conviction-set	Run actions/checkout@v4	2026-09-12T00:16:02.5856619Z [command]/usr/bin/git submodule foreach --recursive sh -c "git config --local --name-only --get-regexp 'core\.sshCommand' && git config --local --unset-all 'core.sshCommand' || :"
nm_conviction-set	Run actions/checkout@v4	2026-09-12T00:16:02.6255259Z [command]/usr/bin/git config --local --name-only --get-regexp http\.https\:\/\/github\.com\/\.extraheader
nm_conviction-set	Run actions/checkout@v4	2026-09-12T00:16:02.6294404Z [command]/usr/bin/git submodule foreach --recursive sh -c "git config --local --name-only --get-regexp 'http\.https\:\/\/github\.com\/\.extraheader' && git config --local --unset-all 'http.https://github.com/.extraheader' || :"
nm_conviction-set	Run actions/checkout@v4	2026-09-12T00:16:02.6521543Z [command]/usr/bin/git config --local --name-only --get-regexp ^includeIf\.gitdir:
nm_conviction-set	Run actions/checkout@v4	2026-09-12T00:16:02.6558148Z [command]/usr/bin/git submodule foreach --recursive git config --local --show-origin --name-only --get-regexp remote.origin.url
nm_conviction-set	Run actions/checkout@v4	2026-09-12T00:16:02.6783699Z [command]/usr/bin/git config --local http.https://github.com/.extraheader AUTHORIZATION: basic ***
nm_conviction-set	Run actions/checkout@v4	2026-09-12T00:16:02.6824417Z ##[endgroup]
nm_conviction-set	Run actions/checkout@v4	2026-09-12T00:16:02.6825315Z ##[group]Fetching the repository
nm_conviction-set	Run actions/checkout@v4	2026-09-12T00:16:02.6834324Z [command]/usr/bin/git -c protocol.version=2 fetch --no-tags --prune --no-recurse-submodules --depth=1 origin 918c8e041377f252910579d03c26505cce8a0335
nm_conviction-set	Run actions/checkout@v4	2026-09-12T00:16:57.3332971Z From https://github.com/Roger-LegalEase/legalease-partner-dashboard-clean
nm_conviction-set	Run actions/checkout@v4	2026-09-12T00:16:57.3334651Z  * branch              918c8e041377f252910579d03c26505cce8a0335 -> FETCH_HEAD
nm_conviction-set	Run actions/checkout@v4	2026-09-12T00:16:57.3347929Z ##[endgroup]
nm_conviction-set	Run actions/checkout@v4	2026-09-12T00:16:57.3348610Z ##[group]Determining the checkout info
nm_conviction-set	Run actions/checkout@v4	2026-09-12T00:16:57.3349221Z ##[endgroup]
nm_conviction-set	Run actions/checkout@v4	2026-09-12T00:16:57.3349578Z [command]/usr/bin/git sparse-checkout disable
nm_conviction-set	Run actions/checkout@v4	2026-09-12T00:16:57.3395982Z [command]/usr/bin/git config --local --unset-all extensions.worktreeConfig
nm_conviction-set	Run actions/checkout@v4	2026-09-12T00:16:57.3431440Z ##[group]Checking out the ref
nm_conviction-set	Run actions/checkout@v4	2026-09-12T00:16:57.3437518Z [command]/usr/bin/git checkout --progress --force 918c8e041377f252910579d03c26505cce8a0335
nm_conviction-set	Run actions/checkout@v4	2026-09-12T00:16:58.3881650Z Updating files:  13% (3293/23722)
nm_conviction-set	Run actions/checkout@v4	2026-09-12T00:16:58.4533161Z Updating files:  14% (3322/23722)
nm_conviction-set	Run actions/checkout@v4	2026-09-12T00:16:58.5376009Z Updating files:  15% (3559/23722)
nm_conviction-set	Run actions/checkout@v4	2026-09-12T00:16:58.6033127Z Updating files:  16% (3796/23722)
nm_conviction-set	Run actions/checkout@v4	2026-09-12T00:16:58.6782045Z Updating files:  17% (4033/23722)
nm_conviction-set	Run actions/checkout@v4	2026-09-12T00:16:58.7884747Z Updating files:  18% (4270/23722)
nm_conviction-set	Run actions/checkout@v4	2026-09-12T00:16:58.9411116Z Updating files:  19% (4508/23722)
nm_conviction-set	Run actions/checkout@v4	2026-09-12T00:16:59.0577452Z Updating files:  20% (4745/23722)
nm_conviction-set	Run actions/checkout@v4	2026-09-12T00:16:59.2100061Z Updating files:  21% (4982/23722)
nm_conviction-set	Run actions/checkout@v4	2026-09-12T00:16:59.3156770Z Updating files:  22% (5219/23722)
nm_conviction-set	Run actions/checkout@v4	2026-09-12T00:16:59.3671772Z Updating files:  23% (5457/23722)
nm_conviction-set	Run actions/checkout@v4	2026-09-12T00:16:59.3786845Z Updating files:  24% (5694/23722)
nm_conviction-set	Run actions/checkout@v4	2026-09-12T00:16:59.4425181Z Updating files:  24% (5732/23722)
nm_conviction-set	Run actions/checkout@v4	2026-09-12T00:16:59.5215216Z Updating files:  25% (5931/23722)
nm_conviction-set	Run actions/checkout@v4	2026-09-12T00:16:59.6200014Z Updating files:  26% (6168/23722)
nm_conviction-set	Run actions/checkout@v4	2026-09-12T00:16:59.6960417Z Updating files:  27% (6405/23722)
nm_conviction-set	Run actions/checkout@v4	2026-09-12T00:16:59.9163222Z Updating files:  28% (6643/23722)
nm_conviction-set	Run actions/checkout@v4	2026-09-12T00:17:00.0395448Z Updating files:  29% (6880/23722)
nm_conviction-set	Run actions/checkout@v4	2026-09-12T00:17:00.1670650Z Updating files:  30% (7117/23722)
nm_conviction-set	Run actions/checkout@v4	2026-09-12T00:17:00.2735116Z Updating files:  31% (7354/23722)
nm_conviction-set	Run actions/checkout@v4	2026-09-12T00:17:00.3180688Z Updating files:  32% (7592/23722)
nm_conviction-set	Run actions/checkout@v4	2026-09-12T00:17:00.3789876Z Updating files:  33% (7829/23722)
nm_conviction-set	Run actions/checkout@v4	2026-09-12T00:17:00.3972629Z Updating files:  33% (8015/23722)
nm_conviction-set	Run actions/checkout@v4	2026-09-12T00:17:00.4794252Z Updating files:  34% (8066/23722)
nm_conviction-set	Run actions/checkout@v4	2026-09-12T00:17:00.5157513Z Updating files:  35% (8303/23722)
nm_conviction-set	Run actions/checkout@v4	2026-09-12T00:17:00.5498530Z Updating files:  36% (8540/23722)
nm_conviction-set	Run actions/checkout@v4	2026-09-12T00:17:00.6064056Z Updating files:  37% (8778/23722)
nm_conviction-set	Run actions/checkout@v4	2026-09-12T00:17:00.6898748Z Updating files:  38% (9015/23722)
nm_conviction-set	Run actions/checkout@v4	2026-09-12T00:17:00.7227927Z Updating files:  39% (9252/23722)
nm_conviction-set	Run actions/checkout@v4	2026-09-12T00:17:00.7569939Z Updating files:  40% (9489/23722)
nm_conviction-set	Run actions/checkout@v4	2026-09-12T00:17:00.7880355Z Updating files:  41% (9727/23722)
nm_conviction-set	Run actions/checkout@v4	2026-09-12T00:17:00.8061666Z Updating files:  42% (9964/23722)
nm_conviction-set	Run actions/checkout@v4	2026-09-12T00:17:00.8224933Z Updating files:  43% (10201/23722)
nm_conviction-set	Run actions/checkout@v4	2026-09-12T00:17:00.8549379Z Updating files:  44% (10438/23722)
nm_conviction-set	Run actions/checkout@v4	2026-09-12T00:17:00.8944182Z Updating files:  45% (10675/23722)
nm_conviction-set	Run actions/checkout@v4	2026-09-12T00:17:00.9104874Z Updating files:  46% (10913/23722)
nm_conviction-set	Run actions/checkout@v4	2026-09-12T00:17:01.2358183Z Updating files:  47% (11150/23722)
nm_conviction-set	Run actions/checkout@v4	2026-09-12T00:17:01.2499720Z Updating files:  48% (11387/23722)
nm_conviction-set	Run actions/checkout@v4	2026-09-12T00:17:01.2806614Z Updating files:  49% (11624/23722)
nm_conviction-set	Run actions/checkout@v4	2026-09-12T00:17:01.2985534Z Updating files:  50% (11861/23722)
nm_conviction-set	Run actions/checkout@v4	2026-09-12T00:17:01.3138525Z Updating files:  51% (12099/23722)
nm_conviction-set	Run actions/checkout@v4	2026-09-12T00:17:01.3304840Z Updating files:  52% (12336/23722)
nm_conviction-set	Run actions/checkout@v4	2026-09-12T00:17:01.3776211Z Updating files:  53% (12573/23722)
nm_conviction-set	Run actions/checkout@v4	2026-09-12T00:17:01.3780560Z Updating files:  53% (12798/23722)
nm_conviction-set	Run actions/checkout@v4	2026-09-12T00:17:01.4743728Z Updating files:  54% (12810/23722)
nm_conviction-set	Run actions/checkout@v4	2026-09-12T00:17:01.5101151Z Updating files:  55% (13048/23722)
nm_conviction-set	Run actions/checkout@v4	2026-09-12T00:17:01.5651100Z Updating files:  56% (13285/23722)
nm_conviction-set	Run actions/checkout@v4	2026-09-12T00:17:01.5880116Z Updating files:  57% (13522/23722)
nm_conviction-set	Run actions/checkout@v4	2026-09-12T00:17:01.6414469Z Updating files:  58% (13759/23722)
nm_conviction-set	Run actions/checkout@v4	2026-09-12T00:17:01.6710676Z Updating files:  59% (13996/23722)
nm_conviction-set	Run actions/checkout@v4	2026-09-12T00:17:01.7463602Z Updating files:  60% (14234/23722)
nm_conviction-set	Run actions/checkout@v4	2026-09-12T00:17:01.8523037Z Updating files:  61% (14471/23722)
nm_conviction-set	Run actions/checkout@v4	2026-09-12T00:17:01.8908605Z Updating files:  62% (14708/23722)
nm_conviction-set	Run actions/checkout@v4	2026-09-12T00:17:01.9385043Z Updating files:  63% (14945/23722)
nm_conviction-set	Run actions/checkout@v4	2026-09-12T00:17:02.0965119Z Updating files:  64% (15183/23722)
nm_conviction-set	Run actions/checkout@v4	2026-09-12T00:17:02.3779391Z Updating files:  65% (15420/23722)
nm_conviction-set	Run actions/checkout@v4	2026-09-12T00:17:02.4240642Z Updating files:  65% (15624/23722)
nm_conviction-set	Run actions/checkout@v4	2026-09-12T00:17:02.7142713Z Updating files:  66% (15657/23722)
nm_conviction-set	Run actions/checkout@v4	2026-09-12T00:17:02.7389252Z Updating files:  67% (15894/23722)
nm_conviction-set	Run actions/checkout@v4	2026-09-12T00:17:02.8017966Z Updating files:  68% (16131/23722)
nm_conviction-set	Run actions/checkout@v4	2026-09-12T00:17:02.9366112Z Updating files:  69% (16369/23722)
nm_conviction-set	Run actions/checkout@v4	2026-09-12T00:17:03.0032312Z Updating files:  70% (16606/23722)
nm_conviction-set	Run actions/checkout@v4	2026-09-12T00:17:03.0311538Z Updating files:  71% (16843/23722)
nm_conviction-set	Run actions/checkout@v4	2026-09-12T00:17:03.0846391Z Updating files:  72% (17080/23722)
nm_conviction-set	Run actions/checkout@v4	2026-09-12T00:17:03.1951715Z Updating files:  73% (17318/23722)
nm_conviction-set	Run actions/checkout@v4	2026-09-12T00:17:03.3776482Z Updating files:  74% (17555/23722)
nm_conviction-set	Run actions/checkout@v4	2026-09-12T00:17:03.3795545Z Updating files:  74% (17765/23722)
nm_conviction-set	Run actions/checkout@v4	2026-09-12T00:17:03.4031909Z Updating files:  75% (17792/23722)
nm_conviction-set	Run actions/checkout@v4	2026-09-12T00:17:03.4224632Z Updating files:  76% (18029/23722)
nm_conviction-set	Run actions/checkout@v4	2026-09-12T00:17:03.4320481Z Updating files:  77% (18266/23722)
nm_conviction-set	Run actions/checkout@v4	2026-09-12T00:17:03.4473151Z Updating files:  78% (18504/23722)
nm_conviction-set	Run actions/checkout@v4	2026-09-12T00:17:03.6020150Z Updating files:  79% (18741/23722)
nm_conviction-set	Run actions/checkout@v4	2026-09-12T00:17:03.7323347Z Updating files:  80% (18978/23722)
nm_conviction-set	Run actions/checkout@v4	2026-09-12T00:17:03.8384084Z Updating files:  81% (19215/23722)
nm_conviction-set	Run actions/checkout@v4	2026-09-12T00:17:03.8890140Z Updating files:  82% (19453/23722)
nm_conviction-set	Run actions/checkout@v4	2026-09-12T00:17:03.9140459Z Updating files:  83% (19690/23722)
nm_conviction-set	Run actions/checkout@v4	2026-09-12T00:17:03.9388350Z Updating files:  84% (19927/23722)
nm_conviction-set	Run actions/checkout@v4	2026-09-12T00:17:03.9591280Z Updating files:  85% (20164/23722)
nm_conviction-set	Run actions/checkout@v4	2026-09-12T00:17:03.9795316Z Updating files:  86% (20401/23722)
nm_conviction-set	Run actions/checkout@v4	2026-09-12T00:17:04.0028388Z Updating files:  87% (20639/23722)
nm_conviction-set	Run actions/checkout@v4	2026-09-12T00:17:04.0242881Z Updating files:  88% (20876/23722)
nm_conviction-set	Run actions/checkout@v4	2026-09-12T00:17:04.0471426Z Updating files:  89% (21113/23722)
nm_conviction-set	Run actions/checkout@v4	2026-09-12T00:17:04.0824432Z Updating files:  90% (21350/23722)
nm_conviction-set	Run actions/checkout@v4	2026-09-12T00:17:04.1002738Z Updating files:  91% (21588/23722)
nm_conviction-set	Run actions/checkout@v4	2026-09-12T00:17:04.1122679Z Updating files:  92% (21825/23722)
nm_conviction-set	Run actions/checkout@v4	2026-09-12T00:17:04.1833667Z Updating files:  93% (22062/23722)
nm_conviction-set	Run actions/checkout@v4	2026-09-12T00:17:04.3808811Z Updating files:  94% (22299/23722)
nm_conviction-set	Run actions/checkout@v4	2026-09-12T00:17:04.4062430Z Updating files:  94% (22485/23722)
nm_conviction-set	Run actions/checkout@v4	2026-09-12T00:17:04.4530323Z Updating files:  95% (22536/23722)
nm_conviction-set	Run actions/checkout@v4	2026-09-12T00:17:04.5089558Z Updating files:  96% (22774/23722)
nm_conviction-set	Run actions/checkout@v4	2026-09-12T00:17:04.5750117Z Updating files:  97% (23011/23722)
nm_conviction-set	Run actions/checkout@v4	2026-09-12T00:17:04.6320596Z Updating files:  98% (23248/23722)
nm_conviction-set	Run actions/checkout@v4	2026-09-12T00:17:04.6787528Z Updating files:  99% (23485/23722)
nm_conviction-set	Run actions/checkout@v4	2026-09-12T00:17:04.6788138Z Updating files: 100% (23722/23722)
nm_conviction-set	Run actions/checkout@v4	2026-09-12T00:17:04.6788639Z Updating files: 100% (23722/23722), done.
nm_conviction-set	Run actions/checkout@v4	2026-09-12T00:17:04.7442447Z Note: switching to '918c8e041377f252910579d03c26505cce8a0335'.
nm_conviction-set	Run actions/checkout@v4	2026-09-12T00:17:04.7444103Z 
nm_conviction-set	Run actions/checkout@v4	2026-09-12T00:17:04.7445029Z You are in 'detached HEAD' state. You can look around, make experimental
nm_conviction-set	Run actions/checkout@v4	2026-09-12T00:17:04.7446459Z changes and commit them, and you can discard any commits you make in this
nm_conviction-set	Run actions/checkout@v4	2026-09-12T00:17:04.7447766Z state without impacting any branches by switching back to a branch.
nm_conviction-set	Run actions/checkout@v4	2026-09-12T00:17:04.7448641Z 
nm_conviction-set	Run actions/checkout@v4	2026-09-12T00:17:04.7449257Z If you want to create a new branch to retain commits you create, you may
nm_conviction-set	Run actions/checkout@v4	2026-09-12T00:17:04.7450505Z do so (now or later) by using -c with the switch command. Example:
nm_conviction-set	Run actions/checkout@v4	2026-09-12T00:17:04.7451295Z 
nm_conviction-set	Run actions/checkout@v4	2026-09-12T00:17:04.7451709Z   git switch -c <new-branch-name>
nm_conviction-set	Run actions/checkout@v4	2026-09-12T00:17:04.7452301Z 
nm_conviction-set	Run actions/checkout@v4	2026-09-12T00:17:04.7452704Z Or undo this operation with:
nm_conviction-set	Run actions/checkout@v4	2026-09-12T00:17:04.7453258Z 
nm_conviction-set	Run actions/checkout@v4	2026-09-12T00:17:04.7453830Z   git switch -
nm_conviction-set	Run actions/checkout@v4	2026-09-12T00:17:04.7454316Z 
nm_conviction-set	Run actions/checkout@v4	2026-09-12T00:17:04.7455082Z Turn off this advice by setting config variable advice.detachedHead to false
nm_conviction-set	Run actions/checkout@v4	2026-09-12T00:17:04.7455814Z 
nm_conviction-set	Run actions/checkout@v4	2026-09-12T00:17:04.7456466Z HEAD is now at 918c8e04 fix: retain successful raster jobs and isolate missing-artifact retry
nm_conviction-set	Run actions/checkout@v4	2026-09-12T00:17:04.7704810Z ##[endgroup]
nm_conviction-set	Run actions/checkout@v4	2026-09-12T00:17:04.7748142Z [command]/usr/bin/git log -1 --format=%H
nm_conviction-set	Run actions/checkout@v4	2026-09-12T00:17:04.7783695Z 918c8e041377f252910579d03c26505cce8a0335
nm_conviction-set	Refuse a movable ref and prove the checkout is the pinned commit	﻿2026-09-12T00:17:04.8263184Z ##[group]Run set -euo pipefail
nm_conviction-set	Refuse a movable ref and prove the checkout is the pinned commit	2026-09-12T00:17:04.8263792Z ^[[36;1mset -euo pipefail^[[0m
nm_conviction-set	Refuse a movable ref and prove the checkout is the pinned commit	2026-09-12T00:17:04.8264188Z ^[[36;1m# actions/checkout accepts a branch or tag here despite the input^[[0m
nm_conviction-set	Refuse a movable ref and prove the checkout is the pinned commit	2026-09-12T00:17:04.8264728Z ^[[36;1m# description. Three jobs resolve this ref independently, so a branch^[[0m
nm_conviction-set	Refuse a movable ref and prove the checkout is the pinned commit	2026-09-12T00:17:04.8265244Z ^[[36;1m# that moves mid-run would have them inspect different commits while^[[0m
nm_conviction-set	Refuse a movable ref and prove the checkout is the pinned commit	2026-09-12T00:17:04.8265718Z ^[[36;1m# every receipt recorded the literal branch name as the pin. An^[[0m
nm_conviction-set	Refuse a movable ref and prove the checkout is the pinned commit	2026-09-12T00:17:04.8266411Z ^[[36;1m# immutable 40-hex commit, verified against the checked-out HEAD, is^[[0m
nm_conviction-set	Refuse a movable ref and prove the checkout is the pinned commit	2026-09-12T00:17:04.8266848Z ^[[36;1m# the only input that makes a receipt findable again.^[[0m
nm_conviction-set	Refuse a movable ref and prove the checkout is the pinned commit	2026-09-12T00:17:04.8267169Z ^[[36;1mcase "$REF" in^[[0m
nm_conviction-set	Refuse a movable ref and prove the checkout is the pinned commit	2026-09-12T00:17:04.8267609Z ^[[36;1m  *[!0-9a-f]* | "") echo "REFUSED: commit_sha must be a full 40-character commit hash, got '$REF'"; exit 1;;^[[0m
nm_conviction-set	Refuse a movable ref and prove the checkout is the pinned commit	2026-09-12T00:17:04.8268080Z ^[[36;1mesac^[[0m
nm_conviction-set	Refuse a movable ref and prove the checkout is the pinned commit	2026-09-12T00:17:04.8268455Z ^[[36;1m[ "${#REF}" -eq 40 ] || { echo "REFUSED: commit_sha must be 40 hex characters, got ${#REF}"; exit 1; }^[[0m
nm_conviction-set	Refuse a movable ref and prove the checkout is the pinned commit	2026-09-12T00:17:04.8268958Z ^[[36;1mHEAD_SHA="$(git rev-parse HEAD)"^[[0m
nm_conviction-set	Refuse a movable ref and prove the checkout is the pinned commit	2026-09-12T00:17:04.8269411Z ^[[36;1m[ "$HEAD_SHA" = "$REF" ] || { echo "REFUSED: checked out $HEAD_SHA but the pin says $REF"; exit 1; }^[[0m
nm_conviction-set	Refuse a movable ref and prove the checkout is the pinned commit	2026-09-12T00:17:04.8269889Z ^[[36;1mecho "pinned commit confirmed: $HEAD_SHA"^[[0m
nm_conviction-set	Refuse a movable ref and prove the checkout is the pinned commit	2026-09-12T00:17:04.8310723Z shell: /usr/bin/bash -e {0}
nm_conviction-set	Refuse a movable ref and prove the checkout is the pinned commit	2026-09-12T00:17:04.8310993Z env:
nm_conviction-set	Refuse a movable ref and prove the checkout is the pinned commit	2026-09-12T00:17:04.8311229Z   REF: 918c8e041377f252910579d03c26505cce8a0335
nm_conviction-set	Refuse a movable ref and prove the checkout is the pinned commit	2026-09-12T00:17:04.8311518Z ##[endgroup]
nm_conviction-set	Refuse a movable ref and prove the checkout is the pinned commit	2026-09-12T00:17:04.8432715Z pinned commit confirmed: 918c8e041377f252910579d03c26505cce8a0335
nm_conviction-set	Run actions/setup-node@v4	﻿2026-09-12T00:17:04.9292608Z Node 20 is being deprecated. This workflow is running with Node 24 by default. If you need to temporarily use Node 20, you can set the ACTIONS_ALLOW_USE_UNSECURE_NODE_VERSION=true environment variable. For more information see: https://github.blog/changelog/2025-09-19-deprecation-of-node-20-on-github-actions-runners/
nm_conviction-set	Run actions/setup-node@v4	2026-09-12T00:17:04.9294895Z ##[group]Run actions/setup-node@v4
nm_conviction-set	Run actions/setup-node@v4	2026-09-12T00:17:04.9295168Z with:
nm_conviction-set	Run actions/setup-node@v4	2026-09-12T00:17:04.9295366Z   node-version: 22
nm_conviction-set	Run actions/setup-node@v4	2026-09-12T00:17:04.9295577Z   always-auth: false
nm_conviction-set	Run actions/setup-node@v4	2026-09-12T00:17:04.9295793Z   check-latest: false
nm_conviction-set	Run actions/setup-node@v4	2026-09-12T00:17:04.9298415Z   token: ***
nm_conviction-set	Run actions/setup-node@v4	2026-09-12T00:17:04.9298623Z ##[endgroup]
nm_conviction-set	Run actions/setup-node@v4	2026-09-12T00:17:05.1464854Z (node:2226) [DEP0040] DeprecationWarning: The `punycode` module is deprecated. Please use a userland alternative instead.
nm_conviction-set	Run actions/setup-node@v4	2026-09-12T00:17:05.1466392Z (Use `node --trace-deprecation ...` to show where the warning was created)
nm_conviction-set	Run actions/setup-node@v4	2026-09-12T00:17:05.1474715Z Found in cache @ /opt/hostedtoolcache/node/22.23.2/x64
nm_conviction-set	Run actions/setup-node@v4	2026-09-12T00:17:05.1475802Z ##[group]Environment details
nm_conviction-set	Run actions/setup-node@v4	2026-09-12T00:17:06.0573075Z node: v22.23.2
nm_conviction-set	Run actions/setup-node@v4	2026-09-12T00:17:06.0574093Z npm: 10.9.8
nm_conviction-set	Run actions/setup-node@v4	2026-09-12T00:17:06.0574583Z yarn: 1.22.22
nm_conviction-set	Run actions/setup-node@v4	2026-09-12T00:17:06.0576291Z ##[endgroup]
nm_conviction-set	Run npm ci --cache /tmp/npm-cache	﻿2026-09-12T00:17:06.1002095Z ##[group]Run npm ci --cache /tmp/npm-cache
nm_conviction-set	Run npm ci --cache /tmp/npm-cache	2026-09-12T00:17:06.1002480Z ^[[36;1mnpm ci --cache /tmp/npm-cache^[[0m
nm_conviction-set	Run npm ci --cache /tmp/npm-cache	2026-09-12T00:17:06.1051287Z shell: /usr/bin/bash -e {0}
nm_conviction-set	Run npm ci --cache /tmp/npm-cache	2026-09-12T00:17:06.1051558Z ##[endgroup]
nm_conviction-set	Run npm ci --cache /tmp/npm-cache	2026-09-12T00:17:26.7778050Z 
nm_conviction-set	Run npm ci --cache /tmp/npm-cache	2026-09-12T00:17:26.7786037Z added 492 packages, and audited 493 packages in 21s
nm_conviction-set	Run npm ci --cache /tmp/npm-cache	2026-09-12T00:17:26.7786439Z 
nm_conviction-set	Run npm ci --cache /tmp/npm-cache	2026-09-12T00:17:26.7786670Z 186 packages are looking for funding
nm_conviction-set	Run npm ci --cache /tmp/npm-cache	2026-09-12T00:17:26.7786991Z   run `npm fund` for details
nm_conviction-set	Run npm ci --cache /tmp/npm-cache	2026-09-12T00:17:26.9611645Z 
nm_conviction-set	Run npm ci --cache /tmp/npm-cache	2026-09-12T00:17:26.9612965Z 39 vulnerabilities (2 low, 29 moderate, 7 high, 1 critical)
nm_conviction-set	Run npm ci --cache /tmp/npm-cache	2026-09-12T00:17:26.9613919Z 
nm_conviction-set	Run npm ci --cache /tmp/npm-cache	2026-09-12T00:17:26.9614413Z To address issues that do not require attention, run:
nm_conviction-set	Run npm ci --cache /tmp/npm-cache	2026-09-12T00:17:26.9615009Z   npm audit fix
nm_conviction-set	Run npm ci --cache /tmp/npm-cache	2026-09-12T00:17:26.9615227Z 
nm_conviction-set	Run npm ci --cache /tmp/npm-cache	2026-09-12T00:17:26.9615439Z To address all issues, run:
nm_conviction-set	Run npm ci --cache /tmp/npm-cache	2026-09-12T00:17:26.9615902Z   npm audit fix --force
nm_conviction-set	Run npm ci --cache /tmp/npm-cache	2026-09-12T00:17:26.9616170Z 
nm_conviction-set	Run npm ci --cache /tmp/npm-cache	2026-09-12T00:17:26.9616381Z Run `npm audit` for details.
nm_conviction-set	Run actions/setup-python@v5	﻿2026-09-12T00:17:27.0630096Z Node 20 is being deprecated. This workflow is running with Node 24 by default. If you need to temporarily use Node 20, you can set the ACTIONS_ALLOW_USE_UNSECURE_NODE_VERSION=true environment variable. For more information see: https://github.blog/changelog/2025-09-19-deprecation-of-node-20-on-github-actions-runners/
nm_conviction-set	Run actions/setup-python@v5	2026-09-12T00:17:27.0631431Z ##[group]Run actions/setup-python@v5
nm_conviction-set	Run actions/setup-python@v5	2026-09-12T00:17:27.0631696Z with:
nm_conviction-set	Run actions/setup-python@v5	2026-09-12T00:17:27.0631892Z   python-version: 3.12
nm_conviction-set	Run actions/setup-python@v5	2026-09-12T00:17:27.0632118Z   check-latest: false
nm_conviction-set	Run actions/setup-python@v5	2026-09-12T00:17:27.0634984Z   token: ***
nm_conviction-set	Run actions/setup-python@v5	2026-09-12T00:17:27.0635447Z   update-environment: true
nm_conviction-set	Run actions/setup-python@v5	2026-09-12T00:17:27.0635698Z   allow-prereleases: false
nm_conviction-set	Run actions/setup-python@v5	2026-09-12T00:17:27.0635931Z   freethreaded: false
nm_conviction-set	Run actions/setup-python@v5	2026-09-12T00:17:27.0636145Z ##[endgroup]
nm_conviction-set	Run actions/setup-python@v5	2026-09-12T00:17:27.2013369Z ##[group]Installed versions
nm_conviction-set	Run actions/setup-python@v5	2026-09-12T00:17:27.2101317Z (node:2295) [DEP0040] DeprecationWarning: The `punycode` module is deprecated. Please use a userland alternative instead.
nm_conviction-set	Run actions/setup-python@v5	2026-09-12T00:17:27.2102279Z (Use `node --trace-deprecation ...` to show where the warning was created)
nm_conviction-set	Run actions/setup-python@v5	2026-09-12T00:17:27.2103265Z Successfully set up CPython (3.12.14)
nm_conviction-set	Run actions/setup-python@v5	2026-09-12T00:17:27.2104218Z ##[endgroup]
nm_conviction-set	Install the pinned encrypted-PDF reader	﻿2026-09-12T00:17:27.2319128Z ##[group]Run python -m pip install --disable-pip-version-check pikepdf==10.12.0
nm_conviction-set	Install the pinned encrypted-PDF reader	2026-09-12T00:17:27.2319746Z ^[[36;1mpython -m pip install --disable-pip-version-check pikepdf==10.12.0^[[0m
nm_conviction-set	Install the pinned encrypted-PDF reader	2026-09-12T00:17:27.2371844Z shell: /usr/bin/bash -e {0}
nm_conviction-set	Install the pinned encrypted-PDF reader	2026-09-12T00:17:27.2372238Z env:
nm_conviction-set	Install the pinned encrypted-PDF reader	2026-09-12T00:17:27.2372629Z   pythonLocation: /opt/hostedtoolcache/Python/3.12.14/x64
nm_conviction-set	Install the pinned encrypted-PDF reader	2026-09-12T00:17:27.2373121Z   PKG_CONFIG_PATH: /opt/hostedtoolcache/Python/3.12.14/x64/lib/pkgconfig
nm_conviction-set	Install the pinned encrypted-PDF reader	2026-09-12T00:17:27.2373715Z   Python_ROOT_DIR: /opt/hostedtoolcache/Python/3.12.14/x64
nm_conviction-set	Install the pinned encrypted-PDF reader	2026-09-12T00:17:27.2374108Z   Python2_ROOT_DIR: /opt/hostedtoolcache/Python/3.12.14/x64
nm_conviction-set	Install the pinned encrypted-PDF reader	2026-09-12T00:17:27.2374510Z   Python3_ROOT_DIR: /opt/hostedtoolcache/Python/3.12.14/x64
nm_conviction-set	Install the pinned encrypted-PDF reader	2026-09-12T00:17:27.2374904Z   LD_LIBRARY_PATH: /opt/hostedtoolcache/Python/3.12.14/x64/lib
nm_conviction-set	Install the pinned encrypted-PDF reader	2026-09-12T00:17:27.2375461Z ##[endgroup]
nm_conviction-set	Install the pinned encrypted-PDF reader	2026-09-12T00:17:29.5838864Z Collecting pikepdf==10.12.0
nm_conviction-set	Install the pinned encrypted-PDF reader	2026-09-12T00:17:29.6417171Z   Downloading pikepdf-10.12.0-cp312-cp312-manylinux_2_27_x86_64.manylinux_2_28_x86_64.whl.metadata (11 kB)
nm_conviction-set	Install the pinned encrypted-PDF reader	2026-09-12T00:17:29.8083751Z Collecting Pillow>=10.0.1 (from pikepdf==10.12.0)
nm_conviction-set	Install the pinned encrypted-PDF reader	2026-09-12T00:17:29.8121738Z   Downloading pillow-12.3.0-cp312-cp312-manylinux_2_27_x86_64.manylinux_2_28_x86_64.whl.metadata (9.1 kB)
nm_conviction-set	Install the pinned encrypted-PDF reader	2026-09-12T00:17:30.0386936Z Collecting lxml>=4.8 (from pikepdf==10.12.0)
nm_conviction-set	Install the pinned encrypted-PDF reader	2026-09-12T00:17:30.0425184Z   Downloading lxml-6.1.3-cp312-cp312-manylinux_2_26_x86_64.manylinux_2_28_x86_64.whl.metadata (3.3 kB)
nm_conviction-set	Install the pinned encrypted-PDF reader	2026-09-12T00:17:30.0614626Z Collecting packaging (from pikepdf==10.12.0)
nm_conviction-set	Install the pinned encrypted-PDF reader	2026-09-12T00:17:30.0662759Z   Downloading packaging-26.3-py3-none-any.whl.metadata (3.5 kB)
nm_conviction-set	Install the pinned encrypted-PDF reader	2026-09-12T00:17:30.0783030Z Downloading pikepdf-10.12.0-cp312-cp312-manylinux_2_27_x86_64.manylinux_2_28_x86_64.whl (2.3 MB)
nm_conviction-set	Install the pinned encrypted-PDF reader	2026-09-12T00:17:30.1130731Z    ━━━━━━━━━━━━━━━━━━━━━━━━━━━━━━━━━━━━━━━━ 2.3/2.3 MB 105.2 MB/s  0:00:00
nm_conviction-set	Install the pinned encrypted-PDF reader	2026-09-12T00:17:30.1167385Z Downloading lxml-6.1.3-cp312-cp312-manylinux_2_26_x86_64.manylinux_2_28_x86_64.whl (5.2 MB)
nm_conviction-set	Install the pinned encrypted-PDF reader	2026-09-12T00:17:30.1453580Z    ━━━━━━━━━━━━━━━━━━━━━━━━━━━━━━━━━━━━━━━━ 5.2/5.2 MB 191.0 MB/s  0:00:00
nm_conviction-set	Install the pinned encrypted-PDF reader	2026-09-12T00:17:30.1499672Z Downloading pillow-12.3.0-cp312-cp312-manylinux_2_27_x86_64.manylinux_2_28_x86_64.whl (6.9 MB)
nm_conviction-set	Install the pinned encrypted-PDF reader	2026-09-12T00:17:30.1755322Z    ━━━━━━━━━━━━━━━━━━━━━━━━━━━━━━━━━━━━━━━━ 6.9/6.9 MB 287.9 MB/s  0:00:00
nm_conviction-set	Install the pinned encrypted-PDF reader	2026-09-12T00:17:30.1798133Z Downloading packaging-26.3-py3-none-any.whl (129 kB)
nm_conviction-set	Install the pinned encrypted-PDF reader	2026-09-12T00:17:30.3340280Z Installing collected packages: Pillow, packaging, lxml, pikepdf
nm_conviction-set	Install the pinned encrypted-PDF reader	2026-09-12T00:17:30.9777227Z 
nm_conviction-set	Install the pinned encrypted-PDF reader	2026-09-12T00:17:30.9789498Z Successfully installed Pillow-12.3.0 lxml-6.1.3 packaging-26.3 pikepdf-10.12.0
nm_conviction-set	Provision the browser	﻿2026-09-12T00:17:31.0480199Z ##[group]Run set -euo pipefail
nm_conviction-set	Provision the browser	2026-09-12T00:17:31.0480546Z ^[[36;1mset -euo pipefail^[[0m
nm_conviction-set	Provision the browser	2026-09-12T00:17:31.0480910Z ^[[36;1mexport PLAYWRIGHT_BROWSERS_PATH="$HOME/.cache/ms-playwright"^[[0m
nm_conviction-set	Provision the browser	2026-09-12T00:17:31.0481365Z ^[[36;1mnpx --yes playwright install --with-deps chromium^[[0m
nm_conviction-set	Provision the browser	2026-09-12T00:17:31.0481833Z ^[[36;1mecho "PLAYWRIGHT_BROWSERS_PATH=$PLAYWRIGHT_BROWSERS_PATH" >> "$GITHUB_ENV"^[[0m
nm_conviction-set	Provision the browser	2026-09-12T00:17:31.0520385Z shell: /usr/bin/bash -e {0}
nm_conviction-set	Provision the browser	2026-09-12T00:17:31.0520648Z env:
nm_conviction-set	Provision the browser	2026-09-12T00:17:31.0520922Z   pythonLocation: /opt/hostedtoolcache/Python/3.12.14/x64
nm_conviction-set	Provision the browser	2026-09-12T00:17:31.0521374Z   PKG_CONFIG_PATH: /opt/hostedtoolcache/Python/3.12.14/x64/lib/pkgconfig
nm_conviction-set	Provision the browser	2026-09-12T00:17:31.0521816Z   Python_ROOT_DIR: /opt/hostedtoolcache/Python/3.12.14/x64
nm_conviction-set	Provision the browser	2026-09-12T00:17:31.0522370Z   Python2_ROOT_DIR: /opt/hostedtoolcache/Python/3.12.14/x64
nm_conviction-set	Provision the browser	2026-09-12T00:17:31.0522764Z   Python3_ROOT_DIR: /opt/hostedtoolcache/Python/3.12.14/x64
nm_conviction-set	Provision the browser	2026-09-12T00:17:31.0523147Z   LD_LIBRARY_PATH: /opt/hostedtoolcache/Python/3.12.14/x64/lib
nm_conviction-set	Provision the browser	2026-09-12T00:17:31.0523781Z ##[endgroup]
nm_conviction-set	Provision the browser	2026-09-12T00:17:31.8508841Z Installing dependencies...
nm_conviction-set	Provision the browser	2026-09-12T00:17:31.8572111Z Switching to root user to install dependencies...
nm_conviction-set	Provision the browser	2026-09-12T00:17:31.9952463Z Get:1 file:/etc/apt/apt-mirrors.txt Mirrorlist [144 B]
nm_conviction-set	Provision the browser	2026-09-12T00:17:32.0205257Z Get:6 https://packages.microsoft.com/ubuntu/24.04/prod noble InRelease [3600 B]
nm_conviction-set	Provision the browser	2026-09-12T00:17:32.0426376Z Hit:2 http://azure.archive.ubuntu.com/ubuntu noble InRelease
nm_conviction-set	Provision the browser	2026-09-12T00:17:32.0445070Z Get:3 http://azure.archive.ubuntu.com/ubuntu noble-updates InRelease [126 kB]
nm_conviction-set	Provision the browser	2026-09-12T00:17:32.0508819Z Get:4 http://azure.archive.ubuntu.com/ubuntu noble-backports InRelease [126 kB]
nm_conviction-set	Provision the browser	2026-09-12T00:17:32.0560111Z Get:5 http://azure.archive.ubuntu.com/ubuntu noble-security InRelease [126 kB]
nm_conviction-set	Provision the browser	2026-09-12T00:17:32.0615677Z Get:7 https://dl.google.com/linux/chrome-stable/deb stable InRelease [2548 B]
nm_conviction-set	Provision the browser	2026-09-12T00:17:32.1404411Z Get:8 https://packages.microsoft.com/ubuntu/24.04/prod noble/main arm64 Packages [414 kB]
nm_conviction-set	Provision the browser	2026-09-12T00:17:32.1523777Z Get:9 https://packages.microsoft.com/ubuntu/24.04/prod noble/main amd64 Packages [463 kB]
nm_conviction-set	Provision the browser	2026-09-12T00:17:32.2586675Z Get:10 http://azure.archive.ubuntu.com/ubuntu noble-updates/main amd64 Packages [1263 kB]
nm_conviction-set	Provision the browser	2026-09-12T00:17:32.2655423Z Get:11 http://azure.archive.ubuntu.com/ubuntu noble-updates/main Translation-en [292 kB]
nm_conviction-set	Provision the browser	2026-09-12T00:17:32.2674724Z Get:12 http://azure.archive.ubuntu.com/ubuntu noble-updates/main amd64 Components [180 kB]
nm_conviction-set	Provision the browser	2026-09-12T00:17:32.2714459Z Get:13 http://azure.archive.ubuntu.com/ubuntu noble-updates/universe amd64 Packages [1690 kB]
nm_conviction-set	Provision the browser	2026-09-12T00:17:32.2778970Z Get:14 http://azure.archive.ubuntu.com/ubuntu noble-updates/universe amd64 Components [387 kB]
nm_conviction-set	Provision the browser	2026-09-12T00:17:32.2802388Z Get:15 http://azure.archive.ubuntu.com/ubuntu noble-updates/restricted amd64 Packages [1544 kB]
nm_conviction-set	Provision the browser	2026-09-12T00:17:32.2901232Z Get:16 http://azure.archive.ubuntu.com/ubuntu noble-updates/restricted Translation-en [354 kB]
nm_conviction-set	Provision the browser	2026-09-12T00:17:32.2915004Z Get:17 http://azure.archive.ubuntu.com/ubuntu noble-updates/multiverse amd64 Components [940 B]
nm_conviction-set	Provision the browser	2026-09-12T00:17:32.3208246Z Get:18 http://azure.archive.ubuntu.com/ubuntu noble-backports/main amd64 Components [5748 B]
nm_conviction-set	Provision the browser	2026-09-12T00:17:32.3214888Z Get:19 http://azure.archive.ubuntu.com/ubuntu noble-backports/universe amd64 Components [12.6 kB]
nm_conviction-set	Provision the browser	2026-09-12T00:17:32.4129195Z Get:20 http://azure.archive.ubuntu.com/ubuntu noble-security/main amd64 Packages [1006 kB]
nm_conviction-set	Provision the browser	2026-09-12T00:17:32.4192981Z Get:21 http://azure.archive.ubuntu.com/ubuntu noble-security/main Translation-en [213 kB]
nm_conviction-set	Provision the browser	2026-09-12T00:17:32.4216500Z Get:22 http://azure.archive.ubuntu.com/ubuntu noble-security/main amd64 Components [46.5 kB]
nm_conviction-set	Provision the browser	2026-09-12T00:17:32.4226814Z Get:23 http://azure.archive.ubuntu.com/ubuntu noble-security/universe amd64 Packages [1206 kB]
nm_conviction-set	Provision the browser	2026-09-12T00:17:32.4300417Z Get:24 http://azure.archive.ubuntu.com/ubuntu noble-security/universe amd64 Components [76.3 kB]
nm_conviction-set	Provision the browser	2026-09-12T00:17:32.4316779Z Get:25 http://azure.archive.ubuntu.com/ubuntu noble-security/restricted amd64 Packages [1445 kB]
nm_conviction-set	Provision the browser	2026-09-12T00:17:32.4446202Z Get:26 http://azure.archive.ubuntu.com/ubuntu noble-security/restricted Translation-en [336 kB]
nm_conviction-set	Provision the browser	2026-09-12T00:17:32.4449460Z Get:27 https://dl.google.com/linux/chrome-stable/deb stable/main amd64 Packages [1413 B]
nm_conviction-set	Provision the browser	2026-09-12T00:17:39.3821972Z Fetched 11.3 MB in 1s (8579 kB/s)
nm_conviction-set	Provision the browser	2026-09-12T00:17:40.2212511Z Reading package lists...
nm_conviction-set	Provision the browser	2026-09-12T00:17:40.2465393Z Reading package lists...
nm_conviction-set	Provision the browser	2026-09-12T00:17:40.4087457Z Building dependency tree...
nm_conviction-set	Provision the browser	2026-09-12T00:17:40.4095013Z Reading state information...
nm_conviction-set	Provision the browser	2026-09-12T00:17:40.5445242Z libasound2t64 is already the newest version (1.2.11-1ubuntu0.3).
nm_conviction-set	Provision the browser	2026-09-12T00:17:40.5446667Z libasound2t64 set to manually installed.
nm_conviction-set	Provision the browser	2026-09-12T00:17:40.5448022Z libatk-bridge2.0-0t64 is already the newest version (2.52.0-1build1).
nm_conviction-set	Provision the browser	2026-09-12T00:17:40.5449814Z libatk-bridge2.0-0t64 set to manually installed.
nm_conviction-set	Provision the browser	2026-09-12T00:17:40.5450739Z libatk1.0-0t64 is already the newest version (2.52.0-1build1).
nm_conviction-set	Provision the browser	2026-09-12T00:17:40.5451762Z libatk1.0-0t64 set to manually installed.
nm_conviction-set	Provision the browser	2026-09-12T00:17:40.5452670Z libatspi2.0-0t64 is already the newest version (2.52.0-1build1).
nm_conviction-set	Provision the browser	2026-09-12T00:17:40.5453332Z libatspi2.0-0t64 set to manually installed.
nm_conviction-set	Provision the browser	2026-09-12T00:17:40.5454147Z libcairo2 is already the newest version (1.18.0-3build1).
nm_conviction-set	Provision the browser	2026-09-12T00:17:40.5454666Z libcairo2 set to manually installed.
nm_conviction-set	Provision the browser	2026-09-12T00:17:40.5455222Z libcups2t64 is already the newest version (2.4.7-1.2ubuntu7.14).
nm_conviction-set	Provision the browser	2026-09-12T00:17:40.5455771Z libcups2t64 set to manually installed.
nm_conviction-set	Provision the browser	2026-09-12T00:17:40.5456311Z libdbus-1-3 is already the newest version (1.14.10-4ubuntu4.1).
nm_conviction-set	Provision the browser	2026-09-12T00:17:40.5456837Z libdbus-1-3 set to manually installed.
nm_conviction-set	Provision the browser	2026-09-12T00:17:40.5457392Z libdrm2 is already the newest version (2.4.125-1ubuntu0.1~24.04.2).
nm_conviction-set	Provision the browser	2026-09-12T00:17:40.5457931Z libdrm2 set to manually installed.
nm_conviction-set	Provision the browser	2026-09-12T00:17:40.5458466Z libgbm1 is already the newest version (25.2.8-0ubuntu0.24.04.2).
nm_conviction-set	Provision the browser	2026-09-12T00:17:40.5458976Z libgbm1 set to manually installed.
nm_conviction-set	Provision the browser	2026-09-12T00:17:40.5459526Z libglib2.0-0t64 is already the newest version (2.80.0-6ubuntu3.8).
nm_conviction-set	Provision the browser	2026-09-12T00:17:40.5460096Z libglib2.0-0t64 set to manually installed.
nm_conviction-set	Provision the browser	2026-09-12T00:17:40.5460557Z libnspr4 is already the newest version (2:4.35-1.1build1).
nm_conviction-set	Provision the browser	2026-09-12T00:17:40.5460946Z libnspr4 set to manually installed.
nm_conviction-set	Provision the browser	2026-09-12T00:17:40.5461338Z libnss3 is already the newest version (2:3.98-1ubuntu0.2).
nm_conviction-set	Provision the browser	2026-09-12T00:17:40.5461705Z libnss3 set to manually installed.
nm_conviction-set	Provision the browser	2026-09-12T00:17:40.5462109Z libpango-1.0-0 is already the newest version (1.52.1+ds-1build1).
nm_conviction-set	Provision the browser	2026-09-12T00:17:40.5462537Z libpango-1.0-0 set to manually installed.
nm_conviction-set	Provision the browser	2026-09-12T00:17:40.5462949Z libx11-6 is already the newest version (2:1.8.7-1build1).
nm_conviction-set	Provision the browser	2026-09-12T00:17:40.5463322Z libx11-6 set to manually installed.
nm_conviction-set	Provision the browser	2026-09-12T00:17:40.5463848Z libxcb1 is already the newest version (1.15-1ubuntu2).
nm_conviction-set	Provision the browser	2026-09-12T00:17:40.5464216Z libxcb1 set to manually installed.
nm_conviction-set	Provision the browser	2026-09-12T00:17:40.5464627Z libxcomposite1 is already the newest version (1:0.4.5-1build3).
nm_conviction-set	Provision the browser	2026-09-12T00:17:40.5465048Z libxcomposite1 set to manually installed.
nm_conviction-set	Provision the browser	2026-09-12T00:17:40.5465465Z libxdamage1 is already the newest version (1:1.1.6-1build1).
nm_conviction-set	Provision the browser	2026-09-12T00:17:40.5465876Z libxdamage1 set to manually installed.
nm_conviction-set	Provision the browser	2026-09-12T00:17:40.5466270Z libxext6 is already the newest version (2:1.3.4-1build2).
nm_conviction-set	Provision the browser	2026-09-12T00:17:40.5466639Z libxext6 set to manually installed.
nm_conviction-set	Provision the browser	2026-09-12T00:17:40.5467025Z libxfixes3 is already the newest version (1:6.0.0-2build1).
nm_conviction-set	Provision the browser	2026-09-12T00:17:40.5467402Z libxfixes3 set to manually installed.
nm_conviction-set	Provision the browser	2026-09-12T00:17:40.5467834Z libxkbcommon0 is already the newest version (1.6.0-1build1).
nm_conviction-set	Provision the browser	2026-09-12T00:17:40.5468280Z libxkbcommon0 set to manually installed.
nm_conviction-set	Provision the browser	2026-09-12T00:17:40.5468676Z libxrandr2 is already the newest version (2:1.5.2-2build1).
nm_conviction-set	Provision the browser	2026-09-12T00:17:40.5469072Z libxrandr2 set to manually installed.
nm_conviction-set	Provision the browser	2026-09-12T00:17:40.5469468Z xvfb is already the newest version (2:21.1.12-1ubuntu1.6).
nm_conviction-set	Provision the browser	2026-09-12T00:17:40.5470007Z fonts-noto-color-emoji is already the newest version (2.047-0ubuntu0.24.04.1).
nm_conviction-set	Provision the browser	2026-09-12T00:17:40.5470808Z libfontconfig1 is already the newest version (2.15.0-1.1ubuntu2).
nm_conviction-set	Provision the browser	2026-09-12T00:17:40.5471228Z libfontconfig1 set to manually installed.
nm_conviction-set	Provision the browser	2026-09-12T00:17:40.5471666Z libfreetype6 is already the newest version (2.13.2+dfsg-1ubuntu0.1).
nm_conviction-set	Provision the browser	2026-09-12T00:17:40.5472092Z libfreetype6 set to manually installed.
nm_conviction-set	Provision the browser	2026-09-12T00:17:40.5472506Z fonts-liberation is already the newest version (1:2.1.5-3).
nm_conviction-set	Provision the browser	2026-09-12T00:17:40.5472913Z fonts-liberation set to manually installed.
nm_conviction-set	Provision the browser	2026-09-12T00:17:40.5473312Z The following additional packages will be installed:
nm_conviction-set	Provision the browser	2026-09-12T00:17:40.5473796Z   xfonts-encodings xfonts-utils
nm_conviction-set	Provision the browser	2026-09-12T00:17:40.5474075Z Recommended packages:
nm_conviction-set	Provision the browser	2026-09-12T00:17:40.5474344Z   fonts-ipafont-mincho fonts-tlwg-loma
nm_conviction-set	Provision the browser	2026-09-12T00:17:40.5879387Z The following NEW packages will be installed:
nm_conviction-set	Provision the browser	2026-09-12T00:17:40.5880216Z   fonts-freefont-ttf fonts-ipafont-gothic fonts-tlwg-loma-otf fonts-unifont
nm_conviction-set	Provision the browser	2026-09-12T00:17:40.5885750Z   fonts-wqy-zenhei xfonts-cyrillic xfonts-encodings xfonts-scalable
nm_conviction-set	Provision the browser	2026-09-12T00:17:40.5886384Z   xfonts-utils
nm_conviction-set	Provision the browser	2026-09-12T00:17:40.6104993Z 0 upgraded, 9 newly installed, 0 to remove and 50 not upgraded.
nm_conviction-set	Provision the browser	2026-09-12T00:17:40.6184424Z Need to get 21.1 MB of archives.
nm_conviction-set	Provision the browser	2026-09-12T00:17:40.6254277Z After this operation, 79.5 MB of additional disk space will be used.
nm_conviction-set	Provision the browser	2026-09-12T00:17:40.6286600Z Get:1 file:/etc/apt/apt-mirrors.txt Mirrorlist [144 B]
nm_conviction-set	Provision the browser	2026-09-12T00:17:40.6487128Z Get:2 http://azure.archive.ubuntu.com/ubuntu noble/universe amd64 fonts-ipafont-gothic all 00303-21ubuntu1 [3513 kB]
nm_conviction-set	Provision the browser	2026-09-12T00:17:40.6789727Z Get:3 http://azure.archive.ubuntu.com/ubuntu noble/main amd64 fonts-freefont-ttf all 20211204+svn4273-2 [5641 kB]
nm_conviction-set	Provision the browser	2026-09-12T00:17:40.7314611Z Get:4 http://azure.archive.ubuntu.com/ubuntu noble/universe amd64 fonts-tlwg-loma-otf all 1:0.7.3-1 [107 kB]
nm_conviction-set	Provision the browser	2026-09-12T00:17:40.7388514Z Get:5 http://azure.archive.ubuntu.com/ubuntu noble/universe amd64 fonts-unifont all 1:15.1.01-1build1 [2993 kB]
nm_conviction-set	Provision the browser	2026-09-12T00:17:40.7686090Z Get:6 http://azure.archive.ubuntu.com/ubuntu noble/universe amd64 fonts-wqy-zenhei all 0.9.45-8 [7472 kB]
nm_conviction-set	Provision the browser	2026-09-12T00:17:40.8218398Z Get:7 http://azure.archive.ubuntu.com/ubuntu noble/main amd64 xfonts-encodings all 1:1.0.5-0ubuntu2 [578 kB]
nm_conviction-set	Provision the browser	2026-09-12T00:17:40.8346086Z Get:8 http://azure.archive.ubuntu.com/ubuntu noble/main amd64 xfonts-utils amd64 1:7.7+6build3 [94.4 kB]
nm_conviction-set	Provision the browser	2026-09-12T00:17:40.8420280Z Get:9 http://azure.archive.ubuntu.com/ubuntu noble/universe amd64 xfonts-cyrillic all 1:1.0.5+nmu1 [384 kB]
nm_conviction-set	Provision the browser	2026-09-12T00:17:40.8527971Z Get:10 http://azure.archive.ubuntu.com/ubuntu noble/main amd64 xfonts-scalable all 1:1.0.3-1.3 [304 kB]
nm_conviction-set	Provision the browser	2026-09-12T00:17:41.1257855Z Fetched 21.1 MB in 0s (81.3 MB/s)
nm_conviction-set	Provision the browser	2026-09-12T00:17:41.1818510Z Selecting previously unselected package fonts-ipafont-gothic.
nm_conviction-set	Provision the browser	2026-09-12T00:17:41.2355333Z (Reading database ... 
nm_conviction-set	Provision the browser	2026-09-12T00:17:41.2356002Z (Reading database ... 5%
nm_conviction-set	Provision the browser	2026-09-12T00:17:41.2356395Z (Reading database ... 10%
nm_conviction-set	Provision the browser	2026-09-12T00:17:41.2356757Z (Reading database ... 15%
nm_conviction-set	Provision the browser	2026-09-12T00:17:41.2357110Z (Reading database ... 20%
nm_conviction-set	Provision the browser	2026-09-12T00:17:41.2357474Z (Reading database ... 25%
nm_conviction-set	Provision the browser	2026-09-12T00:17:41.2357821Z (Reading database ... 30%
nm_conviction-set	Provision the browser	2026-09-12T00:17:41.2358177Z (Reading database ... 35%
nm_conviction-set	Provision the browser	2026-09-12T00:17:41.2358520Z (Reading database ... 40%
nm_conviction-set	Provision the browser	2026-09-12T00:17:41.2358861Z (Reading database ... 45%
nm_conviction-set	Provision the browser	2026-09-12T00:17:41.2359207Z (Reading database ... 50%
nm_conviction-set	Provision the browser	2026-09-12T00:17:41.2765779Z (Reading database ... 55%
nm_conviction-set	Provision the browser	2026-09-12T00:17:41.6572870Z (Reading database ... 60%
nm_conviction-set	Provision the browser	2026-09-12T00:17:41.9622538Z (Reading database ... 65%
nm_conviction-set	Provision the browser	2026-09-12T00:17:42.2312496Z (Reading database ... 70%
nm_conviction-set	Provision the browser	2026-09-12T00:17:42.5428605Z (Reading database ... 75%
nm_conviction-set	Provision the browser	2026-09-12T00:17:43.0144775Z (Reading database ... 80%
nm_conviction-set	Provision the browser	2026-09-12T00:17:43.4942625Z (Reading database ... 85%
nm_conviction-set	Provision the browser	2026-09-12T00:17:44.0600075Z (Reading database ... 90%
nm_conviction-set	Provision the browser	2026-09-12T00:17:44.6461050Z (Reading database ... 95%
nm_conviction-set	Provision the browser	2026-09-12T00:17:44.6461647Z (Reading database ... 100%
nm_conviction-set	Provision the browser	2026-09-12T00:17:44.6462428Z (Reading database ... 201818 files and directories currently installed.)
nm_conviction-set	Provision the browser	2026-09-12T00:17:44.6507723Z Preparing to unpack .../0-fonts-ipafont-gothic_00303-21ubuntu1_all.deb ...
nm_conviction-set	Provision the browser	2026-09-12T00:17:44.6603129Z Unpacking fonts-ipafont-gothic (00303-21ubuntu1) ...
nm_conviction-set	Provision the browser	2026-09-12T00:17:44.8975809Z Selecting previously unselected package fonts-freefont-ttf.
nm_conviction-set	Provision the browser	2026-09-12T00:17:44.9106423Z Preparing to unpack .../1-fonts-freefont-ttf_20211204+svn4273-2_all.deb ...
nm_conviction-set	Provision the browser	2026-09-12T00:17:44.9114665Z Unpacking fonts-freefont-ttf (20211204+svn4273-2) ...
nm_conviction-set	Provision the browser	2026-09-12T00:17:44.9975123Z Selecting previously unselected package fonts-tlwg-loma-otf.
nm_conviction-set	Provision the browser	2026-09-12T00:17:45.0104761Z Preparing to unpack .../2-fonts-tlwg-loma-otf_1%3a0.7.3-1_all.deb ...
nm_conviction-set	Provision the browser	2026-09-12T00:17:45.0113722Z Unpacking fonts-tlwg-loma-otf (1:0.7.3-1) ...
nm_conviction-set	Provision the browser	2026-09-12T00:17:45.0366076Z Selecting previously unselected package fonts-unifont.
nm_conviction-set	Provision the browser	2026-09-12T00:17:45.0495279Z Preparing to unpack .../3-fonts-unifont_1%3a15.1.01-1build1_all.deb ...
nm_conviction-set	Provision the browser	2026-09-12T00:17:45.0502851Z Unpacking fonts-unifont (1:15.1.01-1build1) ...
nm_conviction-set	Provision the browser	2026-09-12T00:17:45.1597803Z Selecting previously unselected package fonts-wqy-zenhei.
nm_conviction-set	Provision the browser	2026-09-12T00:17:45.1729040Z Preparing to unpack .../4-fonts-wqy-zenhei_0.9.45-8_all.deb ...
nm_conviction-set	Provision the browser	2026-09-12T00:17:45.1841223Z Unpacking fonts-wqy-zenhei (0.9.45-8) ...
nm_conviction-set	Provision the browser	2026-09-12T00:17:45.6466012Z Selecting previously unselected package xfonts-encodings.
nm_conviction-set	Provision the browser	2026-09-12T00:17:45.6596218Z Preparing to unpack .../5-xfonts-encodings_1%3a1.0.5-0ubuntu2_all.deb ...
nm_conviction-set	Provision the browser	2026-09-12T00:17:45.6605460Z Unpacking xfonts-encodings (1:1.0.5-0ubuntu2) ...
nm_conviction-set	Provision the browser	2026-09-12T00:17:45.6904760Z Selecting previously unselected package xfonts-utils.
nm_conviction-set	Provision the browser	2026-09-12T00:17:45.7033690Z Preparing to unpack .../6-xfonts-utils_1%3a7.7+6build3_amd64.deb ...
nm_conviction-set	Provision the browser	2026-09-12T00:17:45.7041676Z Unpacking xfonts-utils (1:7.7+6build3) ...
nm_conviction-set	Provision the browser	2026-09-12T00:17:45.8087141Z Selecting previously unselected package xfonts-cyrillic.
nm_conviction-set	Provision the browser	2026-09-12T00:17:45.8216255Z Preparing to unpack .../7-xfonts-cyrillic_1%3a1.0.5+nmu1_all.deb ...
nm_conviction-set	Provision the browser	2026-09-12T00:17:45.8224192Z Unpacking xfonts-cyrillic (1:1.0.5+nmu1) ...
nm_conviction-set	Provision the browser	2026-09-12T00:17:45.8588399Z Selecting previously unselected package xfonts-scalable.
nm_conviction-set	Provision the browser	2026-09-12T00:17:45.8719226Z Preparing to unpack .../8-xfonts-scalable_1%3a1.0.3-1.3_all.deb ...
nm_conviction-set	Provision the browser	2026-09-12T00:17:45.8728345Z Unpacking xfonts-scalable (1:1.0.3-1.3) ...
nm_conviction-set	Provision the browser	2026-09-12T00:17:45.9149752Z Setting up fonts-wqy-zenhei (0.9.45-8) ...
nm_conviction-set	Provision the browser	2026-09-12T00:17:45.9279743Z Setting up fonts-freefont-ttf (20211204+svn4273-2) ...
nm_conviction-set	Provision the browser	2026-09-12T00:17:45.9303822Z Setting up fonts-tlwg-loma-otf (1:0.7.3-1) ...
nm_conviction-set	Provision the browser	2026-09-12T00:17:45.9327377Z Setting up xfonts-encodings (1:1.0.5-0ubuntu2) ...
nm_conviction-set	Provision the browser	2026-09-12T00:17:45.9349237Z Setting up fonts-ipafont-gothic (00303-21ubuntu1) ...
nm_conviction-set	Provision the browser	2026-09-12T00:17:45.9420987Z update-alternatives: using /usr/share/fonts/opentype/ipafont-gothic/ipag.ttf to provide /usr/share/fonts/truetype/fonts-japanese-gothic.ttf (fonts-japanese-gothic.ttf) in auto mode
nm_conviction-set	Provision the browser	2026-09-12T00:17:45.9497908Z Setting up fonts-unifont (1:15.1.01-1build1) ...
nm_conviction-set	Provision the browser	2026-09-12T00:17:45.9520002Z Setting up xfonts-utils (1:7.7+6build3) ...
nm_conviction-set	Provision the browser	2026-09-12T00:17:45.9565009Z Setting up xfonts-cyrillic (1:1.0.5+nmu1) ...
nm_conviction-set	Provision the browser	2026-09-12T00:17:45.9972252Z Setting up xfonts-scalable (1:1.0.3-1.3) ...
nm_conviction-set	Provision the browser	2026-09-12T00:17:46.0332923Z Processing triggers for man-db (2.12.0-4build2) ...
nm_conviction-set	Provision the browser	2026-09-12T00:17:46.0357196Z Not building database; man-db/auto-update is not 'true'.
nm_conviction-set	Provision the browser	2026-09-12T00:17:46.0374213Z Processing triggers for fontconfig (2.15.0-1.1ubuntu2) ...
nm_conviction-set	Provision the browser	2026-09-12T00:17:47.2475515Z 
nm_conviction-set	Provision the browser	2026-09-12T00:17:47.2476284Z Running kernel seems to be up-to-date.
nm_conviction-set	Provision the browser	2026-09-12T00:17:47.2476703Z 
nm_conviction-set	Provision the browser	2026-09-12T00:17:47.2476976Z No services need to be restarted.
nm_conviction-set	Provision the browser	2026-09-12T00:17:47.2477290Z 
nm_conviction-set	Provision the browser	2026-09-12T00:17:47.2477571Z No containers need to be restarted.
nm_conviction-set	Provision the browser	2026-09-12T00:17:47.2477892Z 
nm_conviction-set	Provision the browser	2026-09-12T00:17:47.2478222Z No user sessions are running outdated binaries.
nm_conviction-set	Provision the browser	2026-09-12T00:17:47.2478598Z 
nm_conviction-set	Provision the browser	2026-09-12T00:17:47.2479129Z No VM guests are running outdated hypervisor (qemu) binaries on this host.
nm_conviction-set	Provision the browser	2026-09-12T00:17:48.0813025Z Downloading Chrome for Testing 148.0.7778.96 (playwright chromium v1223) from https://cdn.playwright.dev/builds/cft/148.0.7778.96/linux64/chrome-linux64.zip
nm_conviction-set	Provision the browser	2026-09-12T00:17:49.0797788Z |                                                                                |   0% of 175.4 MiB
nm_conviction-set	Provision the browser	2026-09-12T00:17:49.2537759Z |■■■■■■■■                                                                        |  10% of 175.4 MiB
nm_conviction-set	Provision the browser	2026-09-12T00:17:49.3387371Z |■■■■■■■■■■■■■■■■                                                                |  20% of 175.4 MiB
nm_conviction-set	Provision the browser	2026-09-12T00:17:49.4209944Z |■■■■■■■■■■■■■■■■■■■■■■■■                                                        |  30% of 175.4 MiB
nm_conviction-set	Provision the browser	2026-09-12T00:17:49.4954710Z |■■■■■■■■■■■■■■■■■■■■■■■■■■■■■■■■                                                |  40% of 175.4 MiB
nm_conviction-set	Provision the browser	2026-09-12T00:17:49.5615197Z |■■■■■■■■■■■■■■■■■■■■■■■■■■■■■■■■■■■■■■■■                                        |  50% of 175.4 MiB
nm_conviction-set	Provision the browser	2026-09-12T00:17:49.6290664Z |■■■■■■■■■■■■■■■■■■■■■■■■■■■■■■■■■■■■■■■■■■■■■■■■                                |  60% of 175.4 MiB
nm_conviction-set	Provision the browser	2026-09-12T00:17:49.6892077Z |■■■■■■■■■■■■■■■■■■■■■■■■■■■■■■■■■■■■■■■■■■■■■■■■■■■■■■■■                        |  70% of 175.4 MiB
nm_conviction-set	Provision the browser	2026-09-12T00:17:49.7556512Z |■■■■■■■■■■■■■■■■■■■■■■■■■■■■■■■■■■■■■■■■■■■■■■■■■■■■■■■■■■■■■■■■                |  80% of 175.4 MiB
nm_conviction-set	Provision the browser	2026-09-12T00:17:49.8340670Z |■■■■■■■■■■■■■■■■■■■■■■■■■■■■■■■■■■■■■■■■■■■■■■■■■■■■■■■■■■■■■■■■■■■■■■■■        |  90% of 175.4 MiB
nm_conviction-set	Provision the browser	2026-09-12T00:17:49.9022028Z |■■■■■■■■■■■■■■■■■■■■■■■■■■■■■■■■■■■■■■■■■■■■■■■■■■■■■■■■■■■■■■■■■■■■■■■■■■■■■■■■| 100% of 175.4 MiB
nm_conviction-set	Provision the browser	2026-09-12T00:17:52.5851656Z Chrome for Testing 148.0.7778.96 (playwright chromium v1223) downloaded to /home/runner/.cache/ms-playwright/chromium-1223
nm_conviction-set	Provision the browser	2026-09-12T00:17:52.5855188Z Downloading FFmpeg (playwright ffmpeg v1011) from https://cdn.playwright.dev/dbazure/download/playwright/builds/ffmpeg/1011/ffmpeg-linux.zip
nm_conviction-set	Provision the browser	2026-09-12T00:17:53.5577351Z |                                                                                |   0% of 2.3 MiB
nm_conviction-set	Provision the browser	2026-09-12T00:17:53.5628464Z |■■■■■■■■                                                                        |  10% of 2.3 MiB
nm_conviction-set	Provision the browser	2026-09-12T00:17:53.5657019Z |■■■■■■■■■■■■■■■■                                                                |  20% of 2.3 MiB
nm_conviction-set	Provision the browser	2026-09-12T00:17:53.5674201Z |■■■■■■■■■■■■■■■■■■■■■■■■                                                        |  30% of 2.3 MiB
nm_conviction-set	Provision the browser	2026-09-12T00:17:53.5690010Z |■■■■■■■■■■■■■■■■■■■■■■■■■■■■■■■■                                                |  40% of 2.3 MiB
nm_conviction-set	Provision the browser	2026-09-12T00:17:53.5703710Z |■■■■■■■■■■■■■■■■■■■■■■■■■■■■■■■■■■■■■■■■                                        |  50% of 2.3 MiB
nm_conviction-set	Provision the browser	2026-09-12T00:17:53.5719029Z |■■■■■■■■■■■■■■■■■■■■■■■■■■■■■■■■■■■■■■■■■■■■■■■■                                |  60% of 2.3 MiB
nm_conviction-set	Provision the browser	2026-09-12T00:17:53.5735394Z |■■■■■■■■■■■■■■■■■■■■■■■■■■■■■■■■■■■■■■■■■■■■■■■■■■■■■■■■                        |  70% of 2.3 MiB
nm_conviction-set	Provision the browser	2026-09-12T00:17:53.5748321Z |■■■■■■■■■■■■■■■■■■■■■■■■■■■■■■■■■■■■■■■■■■■■■■■■■■■■■■■■■■■■■■■■                |  80% of 2.3 MiB
nm_conviction-set	Provision the browser	2026-09-12T00:17:53.5762510Z |■■■■■■■■■■■■■■■■■■■■■■■■■■■■■■■■■■■■■■■■■■■■■■■■■■■■■■■■■■■■■■■■■■■■■■■■        |  90% of 2.3 MiB
nm_conviction-set	Provision the browser	2026-09-12T00:17:53.5774321Z |■■■■■■■■■■■■■■■■■■■■■■■■■■■■■■■■■■■■■■■■■■■■■■■■■■■■■■■■■■■■■■■■■■■■■■■■■■■■■■■■| 100% of 2.3 MiB
nm_conviction-set	Provision the browser	2026-09-12T00:17:53.6387318Z FFmpeg (playwright ffmpeg v1011) downloaded to /home/runner/.cache/ms-playwright/ffmpeg-1011
nm_conviction-set	Provision the browser	2026-09-12T00:17:53.6390114Z Downloading Chrome Headless Shell 148.0.7778.96 (playwright chromium-headless-shell v1223) from https://cdn.playwright.dev/builds/cft/148.0.7778.96/linux64/chrome-headless-shell-linux64.zip
nm_conviction-set	Provision the browser	2026-09-12T00:17:54.6465003Z |                                                                                |   0% of 113.2 MiB
nm_conviction-set	Provision the browser	2026-09-12T00:17:54.7642598Z |■■■■■■■■                                                                        |  10% of 113.2 MiB
nm_conviction-set	Provision the browser	2026-09-12T00:17:54.8236653Z |■■■■■■■■■■■■■■■■                                                                |  20% of 113.2 MiB
nm_conviction-set	Provision the browser	2026-09-12T00:17:54.8759926Z |■■■■■■■■■■■■■■■■■■■■■■■■                                                        |  30% of 113.2 MiB
nm_conviction-set	Provision the browser	2026-09-12T00:17:54.9274716Z |■■■■■■■■■■■■■■■■■■■■■■■■■■■■■■■■                                                |  40% of 113.2 MiB
nm_conviction-set	Provision the browser	2026-09-12T00:17:54.9759854Z |■■■■■■■■■■■■■■■■■■■■■■■■■■■■■■■■■■■■■■■■                                        |  50% of 113.2 MiB
nm_conviction-set	Provision the browser	2026-09-12T00:17:55.0200413Z |■■■■■■■■■■■■■■■■■■■■■■■■■■■■■■■■■■■■■■■■■■■■■■■■                                |  60% of 113.2 MiB
nm_conviction-set	Provision the browser	2026-09-12T00:17:55.0616053Z |■■■■■■■■■■■■■■■■■■■■■■■■■■■■■■■■■■■■■■■■■■■■■■■■■■■■■■■■                        |  70% of 113.2 MiB
nm_conviction-set	Provision the browser	2026-09-12T00:17:55.1116564Z |■■■■■■■■■■■■■■■■■■■■■■■■■■■■■■■■■■■■■■■■■■■■■■■■■■■■■■■■■■■■■■■■                |  80% of 113.2 MiB
nm_conviction-set	Provision the browser	2026-09-12T00:17:55.1590366Z |■■■■■■■■■■■■■■■■■■■■■■■■■■■■■■■■■■■■■■■■■■■■■■■■■■■■■■■■■■■■■■■■■■■■■■■■        |  90% of 113.2 MiB
nm_conviction-set	Provision the browser	2026-09-12T00:17:55.2066749Z |■■■■■■■■■■■■■■■■■■■■■■■■■■■■■■■■■■■■■■■■■■■■■■■■■■■■■■■■■■■■■■■■■■■■■■■■■■■■■■■■| 100% of 113.2 MiB
nm_conviction-set	Provision the browser	2026-09-12T00:17:57.1677092Z Chrome Headless Shell 148.0.7778.96 (playwright chromium-headless-shell v1223) downloaded to /home/runner/.cache/ms-playwright/chromium_headless_shell-1223
nm_conviction-set	Render and measure nm_conviction-set	﻿2026-09-12T00:17:57.2050828Z ##[group]Run node scripts/rcap-raster-batch.mjs \
nm_conviction-set	Render and measure nm_conviction-set	2026-09-12T00:17:57.2051270Z ^[[36;1mnode scripts/rcap-raster-batch.mjs \^[[0m
nm_conviction-set	Render and measure nm_conviction-set	2026-09-12T00:17:57.2051612Z ^[[36;1m  --manifest "$MANIFEST_PATH" \^[[0m
nm_conviction-set	Render and measure nm_conviction-set	2026-09-12T00:17:57.2051904Z ^[[36;1m  --family "$FAMILY" \^[[0m
nm_conviction-set	Render and measure nm_conviction-set	2026-09-12T00:17:57.2052198Z ^[[36;1m  --commit "$COMMIT_SHA" \^[[0m
nm_conviction-set	Render and measure nm_conviction-set	2026-09-12T00:17:57.2052473Z ^[[36;1m  --scale "$REQUESTED_SCALE" \^[[0m
nm_conviction-set	Render and measure nm_conviction-set	2026-09-12T00:17:57.2052754Z ^[[36;1m  --run-id "$WORKFLOW_RUN_ID" \^[[0m
nm_conviction-set	Render and measure nm_conviction-set	2026-09-12T00:17:57.2053031Z ^[[36;1m  --out raster-out^[[0m
nm_conviction-set	Render and measure nm_conviction-set	2026-09-12T00:17:57.2090230Z shell: /usr/bin/bash -e {0}
nm_conviction-set	Render and measure nm_conviction-set	2026-09-12T00:17:57.2090503Z env:
nm_conviction-set	Render and measure nm_conviction-set	2026-09-12T00:17:57.2090783Z   pythonLocation: /opt/hostedtoolcache/Python/3.12.14/x64
nm_conviction-set	Render and measure nm_conviction-set	2026-09-12T00:17:57.2091252Z   PKG_CONFIG_PATH: /opt/hostedtoolcache/Python/3.12.14/x64/lib/pkgconfig
nm_conviction-set	Render and measure nm_conviction-set	2026-09-12T00:17:57.2091687Z   Python_ROOT_DIR: /opt/hostedtoolcache/Python/3.12.14/x64
nm_conviction-set	Render and measure nm_conviction-set	2026-09-12T00:17:57.2092089Z   Python2_ROOT_DIR: /opt/hostedtoolcache/Python/3.12.14/x64
nm_conviction-set	Render and measure nm_conviction-set	2026-09-12T00:17:57.2092504Z   Python3_ROOT_DIR: /opt/hostedtoolcache/Python/3.12.14/x64
nm_conviction-set	Render and measure nm_conviction-set	2026-09-12T00:17:57.2092950Z   LD_LIBRARY_PATH: /opt/hostedtoolcache/Python/3.12.14/x64/lib
nm_conviction-set	Render and measure nm_conviction-set	2026-09-12T00:17:57.2093602Z   PLAYWRIGHT_BROWSERS_PATH: /home/runner/.cache/ms-playwright
nm_conviction-set	Render and measure nm_conviction-set	2026-09-12T00:17:57.2094303Z   MANIFEST_PATH: data/rcap-grade-a/packet-factory-24h/seven-cleared-20260911/nm/conviction-retry/raster-manifest.json
nm_conviction-set	Render and measure nm_conviction-set	2026-09-12T00:17:57.2094871Z   FAMILY: nm_conviction-set
nm_conviction-set	Render and measure nm_conviction-set	2026-09-12T00:17:57.2095152Z   COMMIT_SHA: 918c8e041377f252910579d03c26505cce8a0335
nm_conviction-set	Render and measure nm_conviction-set	2026-09-12T00:17:57.2095462Z   REQUESTED_SCALE: 2.5
nm_conviction-set	Render and measure nm_conviction-set	2026-09-12T00:17:57.2095685Z   WORKFLOW_RUN_ID: 34660850664
nm_conviction-set	Render and measure nm_conviction-set	2026-09-12T00:17:57.2095925Z ##[endgroup]
nm_conviction-set	Render and measure nm_conviction-set	2026-09-12T00:26:59.0690304Z RCAP_RECEIPT_BEGIN family=nm_conviction-set run=34660850664 commit=918c8e041377f252910579d03c26505cce8a0335
nm_conviction-set	Render and measure nm_conviction-set	2026-09-12T00:26:59.0838365Z RCAP_RECEIPT_VERDICT {"schemaVersion":"rcap-raster-family-verdict/v1","familyId":"nm_conviction-set","verdict":"RASTER_PASS","packetCommitSha":"918c8e041377f252910579d03c26505cce8a0335","workflowRunId":"34660850664","requestedScale":2.5,"cssPxPerPt":1.3333333333333333,"browserExecutable":"/home/runner/.cache/ms-playwright/chromium-1223/chrome-linux64/chrome","resolvedBy":"PLAYWRIGHT_BROWSERS_PATH","operatingSystem":"Linux 6.17.0-1022-azure x64","nodeVersion":"v22.23.2","hashesBound":{"canonical":{"path":"data/rcap-all50/overlays/census-v1/nm/nm-conviction-set--official-pdf-fill/fixtures/canonical.pdf","pinned":"b943cf5b16d95882e1a096504438d792fdbdddcc82acab09e58076421978658a"},"boundary":{"path":"data/rcap-all50/overlays/census-v1/nm/nm-conviction-set--official-pdf-fill/fixtures/boundary.pdf","pinned":"8eb9f0f13fd2afc3077e7d99d50c9dad65ef36b2b53f9e6abf95c505b723a9f7"}},"documentsRendered":[{"role":"canonical","document":"canonical.pdf","path":"data/rcap-all50/overlays/census-v1/nm/nm-conviction-set--official-pdf-fill/fixtures/canonical.pdf","pinned":"b943cf5b16d95882e1a096504438d792fdbdddcc82acab09e58076421978658a"},{"role":"boundary","document":"boundary.pdf","path":"data/rcap-all50/overlays/census-v1/nm/nm-conviction-set--official-pdf-fill/fixtures/boundary.pdf","pinned":"8eb9f0f13fd2afc3077e7d99d50c9dad65ef36b2b53f9e6abf95c505b723a9f7"}],"documentsDigest":"a02ed8149843a7df0a7a1afd4c36d963df674a410747397dc5d4585f88697aa6","coversTheWholeFamily":true,"decryptionTransforms":[],"decryptionRule":"An encrypted source is hashed before any transform; Poppler and qpdf must independently agree on its page count; the temporary derivative is decrypted and serialized with explicit objects, then admitted only when geometry, decoded page content, fields/widgets, and XFA remain identical; only that temporary transport is passed to pdf-lib for calibrated rendering; the queued packet bytes are never modified.","pagesMeasured":48,"measurements":[{"kind":"canonical","document":"canonical.pdf","page":1,"png":"nm_conviction-set/canonical/page-001.png","bytes":449823,"pngSha256":"b89169f2617d9c5a07e1b5a875804eccce6c4985451d10d2282c364dff0fa401","pngWidth":2040,"pngHeight":2640,"paper":{"x0":204,"y0":3,"x1":2243,"y1":2642,"width":2040,"height":2640},"pxPerPt":3.3333333333333335,"expectedPxPerPt":3.333333333333333,"pageWidthPt":612,"pageHeightPt":792,"expectedPx":{"width":2039.9999999999998,"height":2639.9999999999995,"tolerancePx":6.666666666666666},"calibrationResidualPx":0,"inkFractionInsidePaper":0.044144942067736184,"nonblank":true,"croppedToThePage":true},{"kind":"canonical","document":"canonical.pdf","page":2,"png":"nm_conviction-set/canonical/page-002.png","bytes":491776,"pngSha256":"dc4e4ac2c9a9b19e86d43cbb84ea1203aec7aab202d39f2fad20e73177169cea","pngWidth":2040,"pngHeight":2640,"paper":{"x0":204,"y0":3,"x1":2243,"y1":2642,"width":2040,"height":2640},"pxPerPt":3.3333333333333335,"expectedPxPerPt":3.333333333333333,"pageWidthPt":612,"pageHeightPt":792,"expectedPx":{"width":2039.9999999999998,"height":2639.9999999999995,"tolerancePx":6.666666666666666},"calibrationResidualPx":0,"inkFractionInsidePaper":0.0495248440285205,"nonblank":true,"croppedToThePage":true},{"kind":"canonical","document":"canonical.pdf","page":3,"png":"nm_conviction-set/canonical/page-003.png","bytes":596791,"pngSha256":"cb5031b5b752695d18801dc2e754024d14b9ece6af58529d3bd9f503f1be18c3","pngWidth":2040,"pngHeight":2640,"paper":{"x0":204,"y0":3,"x1":2243,"y1":2642,"width":2040,"height":2640},"pxPerPt":3.3333333333333335,"expectedPxPerPt":3.333333333333333,"pageWidthPt":612,"pageHeightPt":792,"expectedPx":{"width":2039.9999999999998,"height":2639.9999999999995,"tolerancePx":6.666666666666666},"calibrationResidualPx":0,"inkFractionInsidePaper":0.056620617944147356,"nonblank":true,"croppedToThePage":true},{"kind":"canonical","document":"canonical.pdf","page":4,"png":"nm_conviction-set/canonical/page-004.png","bytes":497451,"pngSha256":"edce0c02631cf66cc06c694b0e7cf4e3155c3e126a887252c05b4b68bcb3ccbc","pngWidth":2040,"pngHeight":2640,"paper":{"x0":204,"y0":3,"x1":2243,"y1":2642,"width":2040,"height":2640},"pxPerPt":3.3333333333333335,"expectedPxPerPt":3.333333333333333,"pageWidthPt":612,"pageHeightPt":792,"expectedPx":{"width":2039.9999999999998,"height":2639.9999999999995,"tolerancePx":6.666666666666666},"calibrationResidualPx":0,"inkFractionInsidePaper":0.04969139928698752,"nonblank":true,"croppedToThePage":true},{"kind":"canonical","document":"canonical.pdf","page":5,"png":"nm_conviction-set/canonical/page-005.png","bytes":187707,"pngSha256":"7e278d5b88aeb3dd893abe550d61504da51360c670b0ff6eaef596c3336ada4b","pngWidth":2040,"pngHeight":2640,"paper":{"x0":204,"y0":3,"x1":2243,"y1":2642,"width":2040,"height":2640},"pxPerPt":3.3333333333333335,"expectedPxPerPt":3.333333333333333,"pageWidthPt":612,"pageHeightPt":792,"expectedPx":{"width":2039.9999999999998,"height":2639.9999999999995,"tolerancePx":6.666666666666666},"calibrationResidualPx":0,"inkFractionInsidePaper":0.01623050356506239,"nonblank":true,"croppedToThePage":true},{"kind":"canonical","document":"canonical.pdf","page":6,"png":"nm_conviction-set/canonical/page-006.png","bytes":449943,"pngSha256":"b8cf2f8d73f98c94d7c38683b77ba1c46cc4f1b34f126c8c71de0b90ed251a9c","pngWidth":2040,"pngHeight":2640,"paper":{"x0":204,"y0":3,"x1":2243,"y1":2642,"width":2040,"height":2640},"pxPerPt":3.3333333333333335,"expectedPxPerPt":3.333333333333333,"pageWidthPt":612,"pageHeightPt":792,"expectedPx":{"width":2039.9999999999998,"height":2639.9999999999995,"tolerancePx":6.666666666666666},"calibrationResidualPx":0,"inkFractionInsidePaper":0.04048499702911468,"nonblank":true,"croppedToThePage":true},{"kind":"canonical","document":"canonical.pdf","page":7,"png":"nm_conviction-set/canonical/page-007.png","bytes":172501,"pngSha256":"cb38a8faf31ff9105298e7de11c07218eed6c25bc1889ca745cd5757bc633ec1","pngWidth":2040,"pngHeight":2640,"paper":{"x0":204,"y0":3,"x1":2243,"y1":2642,"width":2040,"height":2640},"pxPerPt":3.3333333333333335,"expectedPxPerPt":3.333333333333333,"pageWidthPt":612,"pageHeightPt":792,"expectedPx":{"width":2039.9999999999998,"height":2639.9999999999995,"tolerancePx":6.666666666666666},"calibrationResidualPx":0,"inkFractionInsidePaper":0.014658533868092691,"nonblank":true,"croppedToThePage":true},{"kind":"canonical","document":"canonical.pdf","page":8,"png":"nm_conviction-set/canonical/page-008.png","bytes":451336,"pngSha256":"31d13c800bacc7b7aeba343ac820b3851af33bd438bb1bb4cf0684917f926efc","pngWidth":2040,"pngHeight":2640,"paper":{"x0":204,"y0":3,"x1":2243,"y1":2642,"width":2040,"height":2640},"pxPerPt":3.3333333333333335,"expectedPxPerPt":3.333333333333333,"pageWidthPt":612,"pageHeightPt":792,"expectedPx":{"width":2039.9999999999998,"height":2639.9999999999995,"tolerancePx":6.666666666666666},"calibrationResidualPx":0,"inkFractionInsidePaper":0.0400744578134284,"nonblank":true,"croppedToThePage":true},{"kind":"canonical","document":"canonical.pdf","page":9,"png":"nm_conviction-set/canonical/page-009.png","bytes":307824,"pngSha256":"38d129d60b63036955357ad2c9aec07b6cc0ea0adf9a3ec7a812b4672b8290d7","pngWidth":2040,"pngHeight":2640,"paper":{"x0":204,"y0":3,"x1":2243,"y1":2642,"width":2040,"height":2640},"pxPerPt":3.3333333333333335,"expectedPxPerPt":3.333333333333333,"pageWidthPt":612,"pageHeightPt":792,"expectedPx":{"width":2039.9999999999998,"height":2639.9999999999995,"tolerancePx":6.666666666666666},"calibrationResidualPx":0,"inkFractionInsidePaper":0.026189096850861557,"nonblank":true,"croppedToThePage":true},{"kind":"canonical","document":"canonical.pdf","page":10,"png":"nm_conviction-set/canonical/page-010.png","bytes":223353,"pngSha256":"2c118b2f5c620a9130beb95a9b8b372b9e803d23cce649fa8b239fb562501d29","pngWidth":2040,"pngHeight":2640,"paper":{"x0":204,"y0":3,"x1":2243,"y1":2642,"width":2040,"height":2640},"pxPerPt":3.3333333333333335,"expectedPxPerPt":3.333333333333333,"pageWidthPt":612,"pageHeightPt":792,"expectedPx":{"width":2039.9999999999998,"height":2639.9999999999995,"tolerancePx":6.666666666666666},"calibrationResidualPx":0,"inkFractionInsidePaper":0.020822378193701724,"nonblank":true,"croppedToThePage":true},{"kind":"canonical","document":"canonical.pdf","page":11,"png":"nm_conviction-set/canonical/page-011.png","bytes":365139,"pngSha256":"22036dfa98a05edf85d6b57f20cc6b91b0249bc4fc101f770514ca4502ba0f5e","pngWidth":2040,"pngHeight":2640,"paper":{"x0":204,"y0":3,"x1":2243,"y1":2642,"width":2040,"height":2640},"pxPerPt":3.3333333333333335,"expectedPxPerPt":3.333333333333333,"pageWidthPt":612,"pageHeightPt":792,"expectedPx":{"width":2039.9999999999998,"height":2639.9999999999995,"tolerancePx":6.666666666666666},"calibrationResidualPx":0,"inkFractionInsidePaper":0.03478034016636958,"nonblank":true,"croppedToThePage":true},{"kind":"canonical","document":"canonical.pdf","page":12,"png":"nm_conviction-set/canonical/page-012.png","bytes":258722,"pngSha256":"ea457f4e4cdb9bb66785f1949d57174557d50e5ddafe370ba6e3a2f6b6407615","pngWidth":2040,"pngHeight":2640,"paper":{"x0":204,"y0":3,"x1":2243,"y1":2642,"width":2040,"height":2640},"pxPerPt":3.3333333333333335,"expectedPxPerPt":3.333333333333333,"pageWidthPt":612,"pageHeightPt":792,"expectedPx":{"width":2039.9999999999998,"height":2639.9999999999995,"tolerancePx":6.666666666666666},"calibrationResidualPx":0,"inkFractionInsidePaper":0.026947972370766488,"nonblank":true,"croppedToThePage":true},{"kind":"canonical","document":"canonical.pdf","page":13,"png":"nm_conviction-set/canonical/page-013.png","bytes":246734,"pngSha256":"276d789a4460173b454497dee7bd7fea229af7f74f1b00caf964f8a249bc5afe","pngWidth":2040,"pngHeight":2640,"paper":{"x0":204,"y0":3,"x1":2243,"y1":2642,"width":2040,"height":2640},"pxPerPt":3.3333333333333335,"expectedPxPerPt":3.333333333333333,"pageWidthPt":612,"pageHeightPt":792,"expectedPx":{"width":2039.9999999999998,"height":2639.9999999999995,"tolerancePx":6.666666666666666},"calibrationResidualPx":0,"inkFractionInsidePaper":0.024758801247771835,"nonblank":true,"croppedToThePage":true},{"kind":"canonical","document":"canonical.pdf","page":14,"png":"nm_conviction-set/canonical/page-014.png","bytes":143074,"pngSha256":"8a4f4a75e0c7e67b8c80f9112f4d8014e21b2c230964c6ae43c2d7326eb116b6","pngWidth":2040,"pngHeight":2640,"paper":{"x0":204,"y0":3,"x1":2243,"y1":2642,"width":2040,"height":2640},"pxPerPt":3.3333333333333335,"expectedPxPerPt":3.333333333333333,"pageWidthPt":612,"pageHeightPt":792,"expectedPx":{"width":2039.9999999999998,"height":2639.9999999999995,"tolerancePx":6.666666666666666},"calibrationResidualPx":0,"inkFractionInsidePaper":0.0135873440285205,"nonblank":true,"croppedToThePage":true},{"kind":"canonical","document":"canonical.pdf","page":15,"png":"nm_conviction-set/canonical/page-015.png","bytes":166154,"pngSha256":"f8c98ad639e17e8eb572575b08d2aff29fa362589a91bc7c7df19894723111d1","pngWidth":2040,"pngHeight":2640,"paper":{"x0":204,"y0":3,"x1":2243,"y1":2642,"width":2040,"height":2640},"pxPerPt":3.3333333333333335,"expectedPxPerPt":3.333333333333333,"pageWidthPt":612,"pageHeightPt":792,"expectedPx":{"width":2039.9999999999998,"height":2639.9999999999995,"tolerancePx":6.666666666666666},"calibrationResidualPx":0,"inkFractionInsidePaper":0.01638387551990493,"nonblank":true,"croppedToThePage":true},{"kind":"canonical","document":"canonical.pdf","page":16,"png":"nm_conviction-set/canonical/page-016.png","bytes":431928,"pngSha256":"5237cad7ee5aafae925f05f6310d04cd16c82f9c932aaeee5f0420ecfe90826a","pngWidth":2040,"pngHeight":2640,"paper":{"x0":204,"y0":3,"x1":2243,"y1":2642,"width":2040,"height":2640},"pxPerPt":3.3333333333333335,"expectedPxPerPt":3.333333333333333,"pageWidthPt":612,"pageHeightPt":792,"expectedPx":{"width":2039.9999999999998,"height":2639.9999999999995,"tolerancePx":6.666666666666666},"calibrationResidualPx":0,"inkFractionInsidePaper":0.05538045900178253,"nonblank":true,"croppedToThePage":true},{"kind":"canonical","document":"canonical.pdf","page":17,"png":"nm_conviction-set/canonical/page-017.png","bytes":306107,"pngSha256":"167ff1010f925fa189d267d7b893e751fbf3f8329b9041c11f32ede6d9c15570","pngWidth":2040,"pngHeight":2640,"paper":{"x0":204,"y0":3,"x1":2243,"y1":2642,"width":2040,"height":2640},"pxPerPt":3.3333333333333335,"expectedPxPerPt":3.333333333333333,"pageWidthPt":612,"pageHeightPt":792,"expectedPx":{"width":2039.9999999999998,"height":2639.9999999999995,"tolerancePx":6.666666666666666},"calibrationResidualPx":0,"inkFractionInsidePaper":0.04287358882947118,"nonblank":true,"croppedToThePage":true},{"kind":"canonical","document":"canonical.pdf","page":18,"png":"nm_conviction-set/canonical/page-018.png","bytes":276042,"pngSha256":"03e5127ccb279a068257093f2590f92a83076fb24a7e2cc36188a4c298e4f16a","pngWidth":2040,"pngHeight":2640,"paper":{"x0":204,"y0":3,"x1":2243,"y1":2642,"width":2040,"height":2640},"pxPerPt":3.3333333333333335,"expectedPxPerPt":3.333333333333333,"pageWidthPt":612,"pageHeightPt":792,"expectedPx":{"width":2039.9999999999998,"height":2639.9999999999995,"tolerancePx":6.666666666666666},"calibrationResidualPx":0,"inkFractionInsidePaper":0.031290849673202614,"nonblank":true,"croppedToThePage":true},{"kind":"canonical","document":"canonical.pdf","page":19,"png":"nm_conviction-set/canonical/page-019.png","bytes":284058,"pngSha256":"9ca06d17338adc2906d6001ce03d6d8b840dbda403dd321d74fe1dc653f426fd","pngWidth":2040,"pngHeight":2640,"paper":{"x0":204,"y0":3,"x1":2243,"y1":2642,"width":2040,"height":2640},"pxPerPt":3.3333333333333335,"expectedPxPerPt":3.333333333333333,"pageWidthPt":612,"pageHeightPt":792,"expectedPx":{"width":2039.9999999999998,"height":2639.9999999999995,"tolerancePx":6.666666666666666},"calibrationResidualPx":0,"inkFractionInsidePaper":0.03273562834224599,"nonblank":true,"croppedToThePage":true},{"kind":"canonical","document":"canonical.pdf","page":20,"png":"nm_conviction-set/canonical/page-020.png","bytes":343470,"pngSha256":"c1437e035f7814e6a41bf2574a806e3d969a3c2936153df00a53cd3b1c893f0e","pngWidth":2040,"pngHeight":2640,"paper":{"x0":204,"y0":3,"x1":2243,"y1":2642,"width":2040,"height":2640},"pxPerPt":3.3333333333333335,"expectedPxPerPt":3.333333333333333,"pageWidthPt":612,"pageHeightPt":792,"expectedPx":{"width":2039.9999999999998,"height":2639.9999999999995,"tolerancePx":6.666666666666666},"calibrationResidualPx":0,"inkFractionInsidePaper":0.04063298425430779,"nonblank":true,"croppedToThePage":true},{"kind":"canonical","document":"canonical.pdf","page":21,"png":"nm_conviction-set/canonical/page-021.png","bytes":282122,"pngSha256":"54dd75719b3d54371bec7210fb9da0961a2ecf0a5e53737be8ca9076f2fa797d","pngWidth":2040,"pngHeight":2640,"paper":{"x0":204,"y0":3,"x1":2243,"y1":2642,"width":2040,"height":2640},"pxPerPt":3.3333333333333335,"expectedPxPerPt":3.333333333333333,"pageWidthPt":612,"pageHeightPt":792,"expectedPx":{"width":2039.9999999999998,"height":2639.9999999999995,"tolerancePx":6.666666666666666},"calibrationResidualPx":0,"inkFractionInsidePaper":0.035157085561497325,"nonblank":true,"croppedToThePage":true},{"kind":"canonical","document":"canonical.pdf","page":22,"png":"nm_conviction-set/canonical/page-022.png","bytes":266275,"pngSha256":"25cadfdd7ee8b25c1d5139d15ec448d3f891759b0d03cfcdae28987ec1245b2c","pngWidth":2040,"pngHeight":2640,"paper":{"x0":204,"y0":3,"x1":2243,"y1":2642,"width":2040,"height":2640},"pxPerPt":3.3333333333333335,"expectedPxPerPt":3.333333333333333,"pageWidthPt":612,"pageHeightPt":792,"expectedPx":{"width":2039.9999999999998,"height":2639.9999999999995,"tolerancePx":6.666666666666666},"calibrationResidualPx":0,"inkFractionInsidePaper":0.03037377450980392,"nonblank":true,"croppedToThePage":true},{"kind":"canonical","document":"canonical.pdf","page":23,"png":"nm_conviction-set/canonical/page-023.png","bytes":246327,"pngSha256":"cc73f098164dd010aaa642305ba52147a603f08d461d5c31052db6f3afb11afe","pngWidth":2040,"pngHeight":2640,"paper":{"x0":204,"y0":3,"x1":2243,"y1":2642,"width":2040,"height":2640},"pxPerPt":3.3333333333333335,"expectedPxPerPt":3.333333333333333,"pageWidthPt":612,"pageHeightPt":792,"expectedPx":{"width":2039.9999999999998,"height":2639.9999999999995,"tolerancePx":6.666666666666666},"calibrationResidualPx":0,"inkFractionInsidePaper":0.030764074569221627,"nonblank":true,"croppedToThePage":true},{"kind":"canonical","document":"canonical.pdf","page":24,"png":"nm_conviction-set/canonical/page-024.png","bytes":237250,"pngSha256":"444b16729a429715f179164a507b7bbd8b7fc1744082fd22f12ebeb5de39b84a","pngWidth":2040,"pngHeight":2640,"paper":{"x0":204,"y0":3,"x1":2243,"y1":2642,"width":2040,"height":2640},"pxPerPt":3.3333333333333335,"expectedPxPerPt":3.333333333333333,"pageWidthPt":612,"pageHeightPt":792,"expectedPx":{"width":2039.9999999999998,"height":2639.9999999999995,"tolerancePx":6.666666666666666},"calibrationResidualPx":0,"inkFractionInsidePaper":0.023424873737373737,"nonblank":true,"croppedToThePage":true},{"kind":"boundary","document":"boundary.pdf","page":1,"png":"nm_conviction-set/boundary/page-001.png","bytes":457586,"pngSha256":"a946c429fdf261e091df52e80eb29232d45a85e9aeadce089729a5a1047c5392","pngWidth":2040,"pngHeight":2640,"paper":{"x0":204,"y0":3,"x1":2243,"y1":2642,"width":2040,"height":2640},"pxPerPt":3.3333333333333335,"expectedPxPerPt":3.333333333333333,"pageWidthPt":612,"pageHeightPt":792,"expectedPx":{"width":2039.9999999999998,"height":2639.9999999999995,"tolerancePx":6.666666666666666},"calibrationResidualPx":0,"inkFractionInsidePaper":0.04509896761734997,"nonblank":true,"croppedToThePage":true},{"kind":"boundary","document":"boundary.pdf","page":2,"png":"nm_conviction-set/boundary/page-002.png","bytes":490766,"pngSha256":"58ab377184b74b23726a85ce9dafcf02bd8a9e62823c666491363ea61d8743f6","pngWidth":2040,"pngHeight":2640,"paper":{"x0":204,"y0":3,"x1":2243,"y1":2642,"width":2040,"height":2640},"pxPerPt":3.3333333333333335,"expectedPxPerPt":3.333333333333333,"pageWidthPt":612,"pageHeightPt":792,"expectedPx":{"width":2039.9999999999998,"height":2639.9999999999995,"tolerancePx":6.666666666666666},"calibrationResidualPx":0,"inkFractionInsidePaper":0.04948473707664884,"nonblank":true,"croppedToThePage":true},{"kind":"boundary","document":"boundary.pdf","page":3,"png":"nm_conviction-set/boundary/page-003.png","bytes":595283,"pngSha256":"556a3a1ab749455f8ac79e9e338f092be757ab5b51d3ae9d893d80dbf9ab361b","pngWidth":2040,"pngHeight":2640,"paper":{"x0":204,"y0":3,"x1":2243,"y1":2642,"width":2040,"height":2640},"pxPerPt":3.3333333333333335,"expectedPxPerPt":3.333333333333333,"pageWidthPt":612,"pageHeightPt":792,"expectedPx":{"width":2039.9999999999998,"height":2639.9999999999995,"tolerancePx":6.666666666666666},"calibrationResidualPx":0,"inkFractionInsidePaper":0.05665961081402258,"nonblank":true,"croppedToThePage":true},{"kind":"boundary","document":"boundary.pdf","page":4,"png":"nm_conviction-set/boundary/page-004.png","bytes":491995,"pngSha256":"9a295b984182c5541d382a10c741ea35340425e883bf90649f8cb7a6a5a97b11","pngWidth":2040,"pngHeight":2640,"paper":{"x0":204,"y0":3,"x1":2243,"y1":2642,"width":2040,"height":2640},"pxPerPt":3.3333333333333335,"expectedPxPerPt":3.333333333333333,"pageWidthPt":612,"pageHeightPt":792,"expectedPx":{"width":2039.9999999999998,"height":2639.9999999999995,"tolerancePx":6.666666666666666},"calibrationResidualPx":0,"inkFractionInsidePaper":0.049405080213903746,"nonblank":true,"croppedToThePage":true},{"kind":"boundary","document":"boundary.pdf","page":5,"png":"nm_conviction-set/boundary/page-005.png","bytes":187707,"pngSha256":"7e278d5b88aeb3dd893abe550d61504da51360c670b0ff6eaef596c3336ada4b","pngWidth":2040,"pngHeight":2640,"paper":{"x0":204,"y0":3,"x1":2243,"y1":2642,"width":2040,"height":2640},"pxPerPt":3.3333333333333335,"expectedPxPerPt":3.333333333333333,"pageWidthPt":612,"pageHeightPt":792,"expectedPx":{"width":2039.9999999999998,"height":2639.9999999999995,"tolerancePx":6.666666666666666},"calibrationResidualPx":0,"inkFractionInsidePaper":0.01623050356506239,"nonblank":true,"croppedToThePage":true},{"kind":"boundary","document":"boundary.pdf","page":6,"png":"nm_conviction-set/boundary/page-006.png","bytes":453962,"pngSha256":"998193a7948f5b87e5e427a925454bda083369bc873754c941b28002759422c0","pngWidth":2040,"pngHeight":2640,"paper":{"x0":204,"y0":3,"x1":2243,"y1":2642,"width":2040,"height":2640},"pxPerPt":3.3333333333333335,"expectedPxPerPt":3.333333333333333,"pageWidthPt":612,"pageHeightPt":792,"expectedPx":{"width":2039.9999999999998,"height":2639.9999999999995,"tolerancePx":6.666666666666666},"calibrationResidualPx":0,"inkFractionInsidePaper":0.040920231729055255,"nonblank":true,"croppedToThePage":true},{"kind":"boundary","document":"boundary.pdf","page":7,"png":"nm_conviction-set/boundary/page-007.png","bytes":172501,"pngSha256":"cb38a8faf31ff9105298e7de11c07218eed6c25bc1889ca745cd5757bc633ec1","pngWidth":2040,"pngHeight":2640,"paper":{"x0":204,"y0":3,"x1":2243,"y1":2642,"width":2040,"height":2640},"pxPerPt":3.3333333333333335,"expectedPxPerPt":3.333333333333333,"pageWidthPt":612,"pageHeightPt":792,"expectedPx":{"width":2039.9999999999998,"height":2639.9999999999995,"tolerancePx":6.666666666666666},"calibrationResidualPx":0,"inkFractionInsidePaper":0.014658533868092691,"nonblank":true,"croppedToThePage":true},{"kind":"boundary","document":"boundary.pdf","page":8,"png":"nm_conviction-set/boundary/page-008.png","bytes":455101,"pngSha256":"a50391177376c425eaff0f661575751d222afc182b67c738d9200387547ea34e","pngWidth":2040,"pngHeight":2640,"paper":{"x0":204,"y0":3,"x1":2243,"y1":2642,"width":2040,"height":2640},"pxPerPt":3.3333333333333335,"expectedPxPerPt":3.333333333333333,"pageWidthPt":612,"pageHeightPt":792,"expectedPx":{"width":2039.9999999999998,"height":2639.9999999999995,"tolerancePx":6.666666666666666},"calibrationResidualPx":0,"inkFractionInsidePaper":0.040509692513368986,"nonblank":true,"croppedToThePage":true},{"kind":"boundary","document":"boundary.pdf","page":9,"png":"nm_conviction-set/boundary/page-009.png","bytes":302526,"pngSha256":"2e3792f46160fbb5619ed56c93c7998a7ee64a10bd49e7cfde44db8c4c27f083","pngWidth":2040,"pngHeight":2640,"paper":{"x0":204,"y0":3,"x1":2243,"y1":2642,"width":2040,"height":2640},"pxPerPt":3.3333333333333335,"expectedPxPerPt":3.333333333333333,"pageWidthPt":612,"pageHeightPt":792,"expectedPx":{"width":2039.9999999999998,"height":2639.9999999999995,"tolerancePx":6.666666666666666},"calibrationResidualPx":0,"inkFractionInsidePaper":0.025902777777777778,"nonblank":true,"croppedToThePage":true},{"kind":"boundary","document":"boundary.pdf","page":10,"png":"nm_conviction-set/boundary/page-010.png","bytes":223353,"pngSha256":"2c118b2f5c620a9130beb95a9b8b372b9e803d23cce649fa8b239fb562501d29","pngWidth":2040,"pngHeight":2640,"paper":{"x0":204,"y0":3,"x1":2243,"y1":2642,"width":2040,"height":2640},"pxPerPt":3.3333333333333335,"expectedPxPerPt":3.333333333333333,"pageWidthPt":612,"pageHeightPt":792,"expectedPx":{"width":2039.9999999999998,"height":2639.9999999999995,"tolerancePx":6.666666666666666},"calibrationResidualPx":0,"inkFractionInsidePaper":0.020822378193701724,"nonblank":true,"croppedToThePage":true},{"kind":"boundary","document":"boundary.pdf","page":11,"png":"nm_conviction-set/boundary/page-011.png","bytes":370983,"pngSha256":"63a3b1fffa2cdeaca5c6bf8918551755885ca8880048a0e5b97ab91e1730515c","pngWidth":2040,"pngHeight":2640,"paper":{"x0":204,"y0":3,"x1":2243,"y1":2642,"width":2040,"height":2640},"pxPerPt":3.3333333333333335,"expectedPxPerPt":3.333333333333333,"pageWidthPt":612,"pageHeightPt":792,"expectedPx":{"width":2039.9999999999998,"height":2639.9999999999995,"tolerancePx":6.666666666666666},"calibrationResidualPx":0,"inkFractionInsidePaper":0.03531937017231135,"nonblank":true,"croppedToThePage":true},{"kind":"boundary","document":"boundary.pdf","page":12,"png":"nm_conviction-set/boundary/page-012.png","bytes":265654,"pngSha256":"26a1666a317473fb01f7f665891d2f3a4d548655a5875d0d775e16889d2da8ad","pngWidth":2040,"pngHeight":2640,"paper":{"x0":204,"y0":3,"x1":2243,"y1":2642,"width":2040,"height":2640},"pxPerPt":3.3333333333333335,"expectedPxPerPt":3.333333333333333,"pageWidthPt":612,"pageHeightPt":792,"expectedPx":{"width":2039.9999999999998,"height":2639.9999999999995,"tolerancePx":6.666666666666666},"calibrationResidualPx":0,"inkFractionInsidePaper":0.027820855614973262,"nonblank":true,"croppedToThePage":true},{"kind":"boundary","document":"boundary.pdf","page":13,"png":"nm_conviction-set/boundary/page-013.png","bytes":252839,"pngSha256":"2011da2f87ceaa627140c6f993a6e5de79a0028caa38038cbf9c59bc4d0ce70f","pngWidth":2040,"pngHeight":2640,"paper":{"x0":204,"y0":3,"x1":2243,"y1":2642,"width":2040,"height":2640},"pxPerPt":3.3333333333333335,"expectedPxPerPt":3.333333333333333,"pageWidthPt":612,"pageHeightPt":792,"expectedPx":{"width":2039.9999999999998,"height":2639.9999999999995,"tolerancePx":6.666666666666666},"calibrationResidualPx":0,"inkFractionInsidePaper":0.025392713903743317,"nonblank":true,"croppedToThePage":true},{"kind":"boundary","document":"boundary.pdf","page":14,"png":"nm_conviction-set/boundary/page-014.png","bytes":143074,"pngSha256":"8a4f4a75e0c7e67b8c80f9112f4d8014e21b2c230964c6ae43c2d7326eb116b6","pngWidth":2040,"pngHeight":2640,"paper":{"x0":204,"y0":3,"x1":2243,"y1":2642,"width":2040,"height":2640},"pxPerPt":3.3333333333333335,"expectedPxPerPt":3.333333333333333,"pageWidthPt":612,"pageHeightPt":792,"expectedPx":{"width":2039.9999999999998,"height":2639.9999999999995,"tolerancePx":6.666666666666666},"calibrationResidualPx":0,"inkFractionInsidePaper":0.0135873440285205,"nonblank":true,"croppedToThePage":true},{"kind":"boundary","document":"boundary.pdf","page":15,"png":"nm_conviction-set/boundary/page-015.png","bytes":166154,"pngSha256":"f8c98ad639e17e8eb572575b08d2aff29fa362589a91bc7c7df19894723111d1","pngWidth":2040,"pngHeight":2640,"paper":{"x0":204,"y0":3,"x1":2243,"y1":2642,"width":2040,"height":2640},"pxPerPt":3.3333333333333335,"expectedPxPerPt":3.333333333333333,"pageWidthPt":612,"pageHeightPt":792,"expectedPx":{"width":2039.9999999999998,"height":2639.9999999999995,"tolerancePx":6.666666666666666},"calibrationResidualPx":0,"inkFractionInsidePaper":0.01638387551990493,"nonblank":true,"croppedToThePage":true},{"kind":"boundary","document":"boundary.pdf","page":16,"png":"nm_conviction-set/boundary/page-016.png","bytes":436080,"pngSha256":"e9a40f43aea06c4772e49cdf3627e23e7efce605cd6c76e5d947cce484a7a433","pngWidth":2040,"pngHeight":2640,"paper":{"x0":204,"y0":3,"x1":2243,"y1":2642,"width":2040,"height":2640},"pxPerPt":3.3333333333333335,"expectedPxPerPt":3.333333333333333,"pageWidthPt":612,"pageHeightPt":792,"expectedPx":{"width":2039.9999999999998,"height":2639.9999999999995,"tolerancePx":6.666666666666666},"calibrationResidualPx":0,"inkFractionInsidePaper":0.05583407605466429,"nonblank":true,"croppedToThePage":true},{"kind":"boundary","document":"boundary.pdf","page":17,"png":"nm_conviction-set/boundary/page-017.png","bytes":306107,"pngSha256":"167ff1010f925fa189d267d7b893e751fbf3f8329b9041c11f32ede6d9c15570","pngWidth":2040,"pngHeight":2640,"paper":{"x0":204,"y0":3,"x1":2243,"y1":2642,"width":2040,"height":2640},"pxPerPt":3.3333333333333335,"expectedPxPerPt":3.333333333333333,"pageWidthPt":612,"pageHeightPt":792,"expectedPx":{"width":2039.9999999999998,"height":2639.9999999999995,"tolerancePx":6.666666666666666},"calibrationResidualPx":0,"inkFractionInsidePaper":0.04287358882947118,"nonblank":true,"croppedToThePage":true},{"kind":"boundary","document":"boundary.pdf","page":18,"png":"nm_conviction-set/boundary/page-018.png","bytes":276042,"pngSha256":"03e5127ccb279a068257093f2590f92a83076fb24a7e2cc36188a4c298e4f16a","pngWidth":2040,"pngHeight":2640,"paper":{"x0":204,"y0":3,"x1":2243,"y1":2642,"width":2040,"height":2640},"pxPerPt":3.3333333333333335,"expectedPxPerPt":3.333333333333333,"pageWidthPt":612,"pageHeightPt":792,"expectedPx":{"width":2039.9999999999998,"height":2639.9999999999995,"tolerancePx":6.666666666666666},"calibrationResidualPx":0,"inkFractionInsidePaper":0.031290849673202614,"nonblank":true,"croppedToThePage":true},{"kind":"boundary","document":"boundary.pdf","page":19,"png":"nm_conviction-set/boundary/page-019.png","bytes":284058,"pngSha256":"9ca06d17338adc2906d6001ce03d6d8b840dbda403dd321d74fe1dc653f426fd","pngWidth":2040,"pngHeight":2640,"paper":{"x0":204,"y0":3,"x1":2243,"y1":2642,"width":2040,"height":2640},"pxPerPt":3.3333333333333335,"expectedPxPerPt":3.333333333333333,"pageWidthPt":612,"pageHeightPt":792,"expectedPx":{"width":2039.9999999999998,"height":2639.9999999999995,"tolerancePx":6.666666666666666},"calibrationResidualPx":0,"inkFractionInsidePaper":0.03273562834224599,"nonblank":true,"croppedToThePage":true},{"kind":"boundary","document":"boundary.pdf","page":20,"png":"nm_conviction-set/boundary/page-020.png","bytes":347344,"pngSha256":"06b6cb1d9dd5cd72c973d57fba1286f12a6c8cddc4d5edbacc3cbd59630fc589","pngWidth":2040,"pngHeight":2640,"paper":{"x0":204,"y0":3,"x1":2243,"y1":2642,"width":2040,"height":2640},"pxPerPt":3.3333333333333335,"expectedPxPerPt":3.333333333333333,"pageWidthPt":612,"pageHeightPt":792,"expectedPx":{"width":2039.9999999999998,"height":2639.9999999999995,"tolerancePx":6.666666666666666},"calibrationResidualPx":0,"inkFractionInsidePaper":0.04098577688651218,"nonblank":true,"croppedToThePage":true},{"kind":"boundary","document":"boundary.pdf","page":21,"png":"nm_conviction-set/boundary/page-021.png","bytes":282122,"pngSha256":"54dd75719b3d54371bec7210fb9da0961a2ecf0a5e53737be8ca9076f2fa797d","pngWidth":2040,"pngHeight":2640,"paper":{"x0":204,"y0":3,"x1":2243,"y1":2642,"width":2040,"height":2640},"pxPerPt":3.3333333333333335,"expectedPxPerPt":3.333333333333333,"pageWidthPt":612,"pageHeightPt":792,"expectedPx":{"width":2039.9999999999998,"height":2639.9999999999995,"tolerancePx":6.666666666666666},"calibrationResidualPx":0,"inkFractionInsidePaper":0.035157085561497325,"nonblank":true,"croppedToThePage":true},{"kind":"boundary","document":"boundary.pdf","page":22,"png":"nm_conviction-set/boundary/page-022.png","bytes":268855,"pngSha256":"07eaa012b327e6a3c781d168d0c8e3641ae70abbaed6e445520019c32d7cb0d0","pngWidth":2040,"pngHeight":2640,"paper":{"x0":204,"y0":3,"x1":2243,"y1":2642,"width":2040,"height":2640},"pxPerPt":3.3333333333333335,"expectedPxPerPt":3.333333333333333,"pageWidthPt":612,"pageHeightPt":792,"expectedPx":{"width":2039.9999999999998,"height":2639.9999999999995,"tolerancePx":6.666666666666666},"calibrationResidualPx":0,"inkFractionInsidePaper":0.03087603980986334,"nonblank":true,"croppedToThePage":true},{"kind":"boundary","document":"boundary.pdf","page":23,"png":"nm_conviction-set/boundary/page-023.png","bytes":257317,"pngSha256":"8293cdd81b82c6768518df6a80e7c976ff1cde4ae14f96193d00ee48fec17da7","pngWidth":2040,"pngHeight":2640,"paper":{"x0":204,"y0":3,"x1":2243,"y1":2642,"width":2040,"height":2640},"pxPerPt":3.3333333333333335,"expectedPxPerPt":3.333333333333333,"pageWidthPt":612,"pageHeightPt":792,"expectedPx":{"width":2039.9999999999998,"height":2639.9999999999995,"tolerancePx":6.666666666666666},"calibrationResidualPx":0,"inkFractionInsidePaper":0.031810011883541295,"nonblank":true,"croppedToThePage":true},{"kind":"boundary","document":"boundary.pdf","page":24,"png":"nm_conviction-set/boundary/page-024.png","bytes":237250,"pngSha256":"444b16729a429715f179164a507b7bbd8b7fc1744082fd22f12ebeb5de39b84a","pngWidth":2040,"pngHeight":2640,"paper":{"x0":204,"y0":3,"x1":2243,"y1":2642,"width":2040,"height":2640},"pxPerPt":3.3333333333333335,"expectedPxPerPt":3.333333333333333,"pageWidthPt":612,"pageHeightPt":792,"expectedPx":{"width":2039.9999999999998,"height":2639.9999999999995,"tolerancePx":6.666666666666666},"calibrationResidualPx":0,"inkFractionInsidePaper":0.023424873737373737,"nonblank":true,"croppedToThePage":true}],"problems":[],"environmentProblems":[],"whatThisDoesNotDecide":"This is one gate. RASTER_PASS does not make a family PASS_COMPLETE, promotes nothing, and opens no commercial route.","packetPdfsModified":0,"bodiesCommitted":0,"commercialRoutesOpened":0,"productionTouched":false}
nm_conviction-set	Render and measure nm_conviction-set	2026-09-12T00:26:59.0992451Z RCAP_RECEIPT_INVENTORY [{"runId":"34660850664","familyId":"nm_conviction-set","member":"nm_conviction-set/canonical/page-001.png","bytes":449823,"sha256":"b89169f2617d9c5a07e1b5a875804eccce6c4985451d10d2282c364dff0fa401","pngWidth":2040,"pngHeight":2640},{"runId":"34660850664","familyId":"nm_conviction-set","member":"nm_conviction-set/canonical/page-002.png","bytes":491776,"sha256":"dc4e4ac2c9a9b19e86d43cbb84ea1203aec7aab202d39f2fad20e73177169cea","pngWidth":2040,"pngHeight":2640},{"runId":"34660850664","familyId":"nm_conviction-set","member":"nm_conviction-set/canonical/page-003.png","bytes":596791,"sha256":"cb5031b5b752695d18801dc2e754024d14b9ece6af58529d3bd9f503f1be18c3","pngWidth":2040,"pngHeight":2640},{"runId":"34660850664","familyId":"nm_conviction-set","member":"nm_conviction-set/canonical/page-004.png","bytes":497451,"sha256":"edce0c02631cf66cc06c694b0e7cf4e3155c3e126a887252c05b4b68bcb3ccbc","pngWidth":2040,"pngHeight":2640},{"runId":"34660850664","familyId":"nm_conviction-set","member":"nm_conviction-set/canonical/page-005.png","bytes":187707,"sha256":"7e278d5b88aeb3dd893abe550d61504da51360c670b0ff6eaef596c3336ada4b","pngWidth":2040,"pngHeight":2640},{"runId":"34660850664","familyId":"nm_conviction-set","member":"nm_conviction-set/canonical/page-006.png","bytes":449943,"sha256":"b8cf2f8d73f98c94d7c38683b77ba1c46cc4f1b34f126c8c71de0b90ed251a9c","pngWidth":2040,"pngHeight":2640},{"runId":"34660850664","familyId":"nm_conviction-set","member":"nm_conviction-set/canonical/page-007.png","bytes":172501,"sha256":"cb38a8faf31ff9105298e7de11c07218eed6c25bc1889ca745cd5757bc633ec1","pngWidth":2040,"pngHeight":2640},{"runId":"34660850664","familyId":"nm_conviction-set","member":"nm_conviction-set/canonical/page-008.png","bytes":451336,"sha256":"31d13c800bacc7b7aeba343ac820b3851af33bd438bb1bb4cf0684917f926efc","pngWidth":2040,"pngHeight":2640},{"runId":"34660850664","familyId":"nm_conviction-set","member":"nm_conviction-set/canonical/page-009.png","bytes":307824,"sha256":"38d129d60b63036955357ad2c9aec07b6cc0ea0adf9a3ec7a812b4672b8290d7","pngWidth":2040,"pngHeight":2640},{"runId":"34660850664","familyId":"nm_conviction-set","member":"nm_conviction-set/canonical/page-010.png","bytes":223353,"sha256":"2c118b2f5c620a9130beb95a9b8b372b9e803d23cce649fa8b239fb562501d29","pngWidth":2040,"pngHeight":2640},{"runId":"34660850664","familyId":"nm_conviction-set","member":"nm_conviction-set/canonical/page-011.png","bytes":365139,"sha256":"22036dfa98a05edf85d6b57f20cc6b91b0249bc4fc101f770514ca4502ba0f5e","pngWidth":2040,"pngHeight":2640},{"runId":"34660850664","familyId":"nm_conviction-set","member":"nm_conviction-set/canonical/page-012.png","bytes":258722,"sha256":"ea457f4e4cdb9bb66785f1949d57174557d50e5ddafe370ba6e3a2f6b6407615","pngWidth":2040,"pngHeight":2640},{"runId":"34660850664","familyId":"nm_conviction-set","member":"nm_conviction-set/canonical/page-013.png","bytes":246734,"sha256":"276d789a4460173b454497dee7bd7fea229af7f74f1b00caf964f8a249bc5afe","pngWidth":2040,"pngHeight":2640},{"runId":"34660850664","familyId":"nm_conviction-set","member":"nm_conviction-set/canonical/page-014.png","bytes":143074,"sha256":"8a4f4a75e0c7e67b8c80f9112f4d8014e21b2c230964c6ae43c2d7326eb116b6","pngWidth":2040,"pngHeight":2640},{"runId":"34660850664","familyId":"nm_conviction-set","member":"nm_conviction-set/canonical/page-015.png","bytes":166154,"sha256":"f8c98ad639e17e8eb572575b08d2aff29fa362589a91bc7c7df19894723111d1","pngWidth":2040,"pngHeight":2640},{"runId":"34660850664","familyId":"nm_conviction-set","member":"nm_conviction-set/canonical/page-016.png","bytes":431928,"sha256":"5237cad7ee5aafae925f05f6310d04cd16c82f9c932aaeee5f0420ecfe90826a","pngWidth":2040,"pngHeight":2640},{"runId":"34660850664","familyId":"nm_conviction-set","member":"nm_conviction-set/canonical/page-017.png","bytes":306107,"sha256":"167ff1010f925fa189d267d7b893e751fbf3f8329b9041c11f32ede6d9c15570","pngWidth":2040,"pngHeight":2640},{"runId":"34660850664","familyId":"nm_conviction-set","member":"nm_conviction-set/canonical/page-018.png","bytes":276042,"sha256":"03e5127ccb279a068257093f2590f92a83076fb24a7e2cc36188a4c298e4f16a","pngWidth":2040,"pngHeight":2640},{"runId":"34660850664","familyId":"nm_conviction-set","member":"nm_conviction-set/canonical/page-019.png","bytes":284058,"sha256":"9ca06d17338adc2906d6001ce03d6d8b840dbda403dd321d74fe1dc653f426fd","pngWidth":2040,"pngHeight":2640},{"runId":"34660850664","familyId":"nm_conviction-set","member":"nm_conviction-set/canonical/page-020.png","bytes":343470,"sha256":"c1437e035f7814e6a41bf2574a806e3d969a3c2936153df00a53cd3b1c893f0e","pngWidth":2040,"pngHeight":2640},{"runId":"34660850664","familyId":"nm_conviction-set","member":"nm_conviction-set/canonical/page-021.png","bytes":282122,"sha256":"54dd75719b3d54371bec7210fb9da0961a2ecf0a5e53737be8ca9076f2fa797d","pngWidth":2040,"pngHeight":2640},{"runId":"34660850664","familyId":"nm_conviction-set","member":"nm_conviction-set/canonical/page-022.png","bytes":266275,"sha256":"25cadfdd7ee8b25c1d5139d15ec448d3f891759b0d03cfcdae28987ec1245b2c","pngWidth":2040,"pngHeight":2640},{"runId":"34660850664","familyId":"nm_conviction-set","member":"nm_conviction-set/canonical/page-023.png","bytes":246327,"sha256":"cc73f098164dd010aaa642305ba52147a603f08d461d5c31052db6f3afb11afe","pngWidth":2040,"pngHeight":2640},{"runId":"34660850664","familyId":"nm_conviction-set","member":"nm_conviction-set/canonical/page-024.png","bytes":237250,"sha256":"444b16729a429715f179164a507b7bbd8b7fc1744082fd22f12ebeb5de39b84a","pngWidth":2040,"pngHeight":2640},{"runId":"34660850664","familyId":"nm_conviction-set","member":"nm_conviction-set/boundary/page-001.png","bytes":457586,"sha256":"a946c429fdf261e091df52e80eb29232d45a85e9aeadce089729a5a1047c5392","pngWidth":2040,"pngHeight":2640},{"runId":"34660850664","familyId":"nm_conviction-set","member":"nm_conviction-set/boundary/page-002.png","bytes":490766,"sha256":"58ab377184b74b23726a85ce9dafcf02bd8a9e62823c666491363ea61d8743f6","pngWidth":2040,"pngHeight":2640},{"runId":"34660850664","familyId":"nm_conviction-set","member":"nm_conviction-set/boundary/page-003.png","bytes":595283,"sha256":"556a3a1ab749455f8ac79e9e338f092be757ab5b51d3ae9d893d80dbf9ab361b","pngWidth":2040,"pngHeight":2640},{"runId":"34660850664","familyId":"nm_conviction-set","member":"nm_conviction-set/boundary/page-004.png","bytes":491995,"sha256":"9a295b984182c5541d382a10c741ea35340425e883bf90649f8cb7a6a5a97b11","pngWidth":2040,"pngHeight":2640},{"runId":"34660850664","familyId":"nm_conviction-set","member":"nm_conviction-set/boundary/page-005.png","bytes":187707,"sha256":"7e278d5b88aeb3dd893abe550d61504da51360c670b0ff6eaef596c3336ada4b","pngWidth":2040,"pngHeight":2640},{"runId":"34660850664","familyId":"nm_conviction-set","member":"nm_conviction-set/boundary/page-006.png","bytes":453962,"sha256":"998193a7948f5b87e5e427a925454bda083369bc873754c941b28002759422c0","pngWidth":2040,"pngHeight":2640},{"runId":"34660850664","familyId":"nm_conviction-set","member":"nm_conviction-set/boundary/page-007.png","bytes":172501,"sha256":"cb38a8faf31ff9105298e7de11c07218eed6c25bc1889ca745cd5757bc633ec1","pngWidth":2040,"pngHeight":2640},{"runId":"34660850664","familyId":"nm_conviction-set","member":"nm_conviction-set/boundary/page-008.png","bytes":455101,"sha256":"a50391177376c425eaff0f661575751d222afc182b67c738d9200387547ea34e","pngWidth":2040,"pngHeight":2640},{"runId":"34660850664","familyId":"nm_conviction-set","member":"nm_conviction-set/boundary/page-009.png","bytes":302526,"sha256":"2e3792f46160fbb5619ed56c93c7998a7ee64a10bd49e7cfde44db8c4c27f083","pngWidth":2040,"pngHeight":2640},{"runId":"34660850664","familyId":"nm_conviction-set","member":"nm_conviction-set/boundary/page-010.png","bytes":223353,"sha256":"2c118b2f5c620a9130beb95a9b8b372b9e803d23cce649fa8b239fb562501d29","pngWidth":2040,"pngHeight":2640},{"runId":"34660850664","familyId":"nm_conviction-set","member":"nm_conviction-set/boundary/page-011.png","bytes":370983,"sha256":"63a3b1fffa2cdeaca5c6bf8918551755885ca8880048a0e5b97ab91e1730515c","pngWidth":2040,"pngHeight":2640},{"runId":"34660850664","familyId":"nm_conviction-set","member":"nm_conviction-set/boundary/page-012.png","bytes":265654,"sha256":"26a1666a317473fb01f7f665891d2f3a4d548655a5875d0d775e16889d2da8ad","pngWidth":2040,"pngHeight":2640},{"runId":"34660850664","familyId":"nm_conviction-set","member":"nm_conviction-set/boundary/page-013.png","bytes":252839,"sha256":"2011da2f87ceaa627140c6f993a6e5de79a0028caa38038cbf9c59bc4d0ce70f","pngWidth":2040,"pngHeight":2640},{"runId":"34660850664","familyId":"nm_conviction-set","member":"nm_conviction-set/boundary/page-014.png","bytes":143074,"sha256":"8a4f4a75e0c7e67b8c80f9112f4d8014e21b2c230964c6ae43c2d7326eb116b6","pngWidth":2040,"pngHeight":2640},{"runId":"34660850664","familyId":"nm_conviction-set","member":"nm_conviction-set/boundary/page-015.png","bytes":166154,"sha256":"f8c98ad639e17e8eb572575b08d2aff29fa362589a91bc7c7df19894723111d1","pngWidth":2040,"pngHeight":2640},{"runId":"34660850664","familyId":"nm_conviction-set","member":"nm_conviction-set/boundary/page-016.png","bytes":436080,"sha256":"e9a40f43aea06c4772e49cdf3627e23e7efce605cd6c76e5d947cce484a7a433","pngWidth":2040,"pngHeight":2640},{"runId":"34660850664","familyId":"nm_conviction-set","member":"nm_conviction-set/boundary/page-017.png","bytes":306107,"sha256":"167ff1010f925fa189d267d7b893e751fbf3f8329b9041c11f32ede6d9c15570","pngWidth":2040,"pngHeight":2640},{"runId":"34660850664","familyId":"nm_conviction-set","member":"nm_conviction-set/boundary/page-018.png","bytes":276042,"sha256":"03e5127ccb279a068257093f2590f92a83076fb24a7e2cc36188a4c298e4f16a","pngWidth":2040,"pngHeight":2640},{"runId":"34660850664","familyId":"nm_conviction-set","member":"nm_conviction-set/boundary/page-019.png","bytes":284058,"sha256":"9ca06d17338adc2906d6001ce03d6d8b840dbda403dd321d74fe1dc653f426fd","pngWidth":2040,"pngHeight":2640},{"runId":"34660850664","familyId":"nm_conviction-set","member":"nm_conviction-set/boundary/page-020.png","bytes":347344,"sha256":"06b6cb1d9dd5cd72c973d57fba1286f12a6c8cddc4d5edbacc3cbd59630fc589","pngWidth":2040,"pngHeight":2640},{"runId":"34660850664","familyId":"nm_conviction-set","member":"nm_conviction-set/boundary/page-021.png","bytes":282122,"sha256":"54dd75719b3d54371bec7210fb9da0961a2ecf0a5e53737be8ca9076f2fa797d","pngWidth":2040,"pngHeight":2640},{"runId":"34660850664","familyId":"nm_conviction-set","member":"nm_conviction-set/boundary/page-022.png","bytes":268855,"sha256":"07eaa012b327e6a3c781d168d0c8e3641ae70abbaed6e445520019c32d7cb0d0","pngWidth":2040,"pngHeight":2640},{"runId":"34660850664","familyId":"nm_conviction-set","member":"nm_conviction-set/boundary/page-023.png","bytes":257317,"sha256":"8293cdd81b82c6768518df6a80e7c976ff1cde4ae14f96193d00ee48fec17da7","pngWidth":2040,"pngHeight":2640},{"runId":"34660850664","familyId":"nm_conviction-set","member":"nm_conviction-set/boundary/page-024.png","bytes":237250,"sha256":"444b16729a429715f179164a507b7bbd8b7fc1744082fd22f12ebeb5de39b84a","pngWidth":2040,"pngHeight":2640}]
nm_conviction-set	Render and measure nm_conviction-set	2026-09-12T00:26:59.1029782Z RCAP_RECEIPT_END family=nm_conviction-set run=34660850664 pages=48
nm_conviction-set	Render and measure nm_conviction-set	2026-09-12T00:26:59.1030836Z RASTER_PASS nm_conviction-set — 2 document(s), 48 page(s) measured, 0 problem(s)
nm_conviction-set	Print the verdict and the page digests to the log	﻿2026-09-12T00:26:59.1108330Z ##[group]Run set -uo pipefail
nm_conviction-set	Print the verdict and the page digests to the log	2026-09-12T00:26:59.1108685Z ^[[36;1mset -uo pipefail^[[0m
nm_conviction-set	Print the verdict and the page digests to the log	2026-09-12T00:26:59.1108962Z ^[[36;1mfor v in raster-out/*.verdict.json; do^[[0m
nm_conviction-set	Print the verdict and the page digests to the log	2026-09-12T00:26:59.1109266Z ^[[36;1m  [ -e "$v" ] || continue^[[0m
nm_conviction-set	Print the verdict and the page digests to the log	2026-09-12T00:26:59.1109572Z ^[[36;1m  echo "===== BEGIN VERDICT $(basename "$v") ====="^[[0m
nm_conviction-set	Print the verdict and the page digests to the log	2026-09-12T00:26:59.1109879Z ^[[36;1m  cat "$v"^[[0m
nm_conviction-set	Print the verdict and the page digests to the log	2026-09-12T00:26:59.1110126Z ^[[36;1m  echo "===== END VERDICT $(basename "$v") ====="^[[0m
nm_conviction-set	Print the verdict and the page digests to the log	2026-09-12T00:26:59.1110418Z ^[[36;1mdone^[[0m
nm_conviction-set	Print the verdict and the page digests to the log	2026-09-12T00:26:59.1110659Z ^[[36;1mecho "===== BEGIN PAGE DIGESTS ====="^[[0m
nm_conviction-set	Print the verdict and the page digests to the log	2026-09-12T00:26:59.1111103Z ^[[36;1mfind raster-out -type f -name '*.png' -print0 | sort -z | xargs -0 -r sha256sum^[[0m
nm_conviction-set	Print the verdict and the page digests to the log	2026-09-12T00:26:59.1111554Z ^[[36;1mecho "===== END PAGE DIGESTS ====="^[[0m
nm_conviction-set	Print the verdict and the page digests to the log	2026-09-12T00:26:59.1147951Z shell: /usr/bin/bash -e {0}
nm_conviction-set	Print the verdict and the page digests to the log	2026-09-12T00:26:59.1148202Z env:
nm_conviction-set	Print the verdict and the page digests to the log	2026-09-12T00:26:59.1148467Z   pythonLocation: /opt/hostedtoolcache/Python/3.12.14/x64
nm_conviction-set	Print the verdict and the page digests to the log	2026-09-12T00:26:59.1148919Z   PKG_CONFIG_PATH: /opt/hostedtoolcache/Python/3.12.14/x64/lib/pkgconfig
nm_conviction-set	Print the verdict and the page digests to the log	2026-09-12T00:26:59.1149421Z   Python_ROOT_DIR: /opt/hostedtoolcache/Python/3.12.14/x64
nm_conviction-set	Print the verdict and the page digests to the log	2026-09-12T00:26:59.1149806Z   Python2_ROOT_DIR: /opt/hostedtoolcache/Python/3.12.14/x64
nm_conviction-set	Print the verdict and the page digests to the log	2026-09-12T00:26:59.1150186Z   Python3_ROOT_DIR: /opt/hostedtoolcache/Python/3.12.14/x64
nm_conviction-set	Print the verdict and the page digests to the log	2026-09-12T00:26:59.1150564Z   LD_LIBRARY_PATH: /opt/hostedtoolcache/Python/3.12.14/x64/lib
nm_conviction-set	Print the verdict and the page digests to the log	2026-09-12T00:26:59.1150964Z   PLAYWRIGHT_BROWSERS_PATH: /home/runner/.cache/ms-playwright
nm_conviction-set	Print the verdict and the page digests to the log	2026-09-12T00:26:59.1151292Z ##[endgroup]
nm_conviction-set	Print the verdict and the page digests to the log	2026-09-12T00:26:59.1224123Z ===== BEGIN VERDICT nm_conviction-set.verdict.json =====
nm_conviction-set	Print the verdict and the page digests to the log	2026-09-12T00:26:59.1234349Z {
nm_conviction-set	Print the verdict and the page digests to the log	2026-09-12T00:26:59.1234866Z   "schemaVersion": "rcap-raster-family-verdict/v1",
nm_conviction-set	Print the verdict and the page digests to the log	2026-09-12T00:26:59.1235510Z   "familyId": "nm_conviction-set",
nm_conviction-set	Print the verdict and the page digests to the log	2026-09-12T00:26:59.1236035Z   "verdict": "RASTER_PASS",
nm_conviction-set	Print the verdict and the page digests to the log	2026-09-12T00:26:59.1236730Z   "packetCommitSha": "918c8e041377f252910579d03c26505cce8a0335",
nm_conviction-set	Print the verdict and the page digests to the log	2026-09-12T00:26:59.1237464Z   "workflowRunId": "34660850664",
nm_conviction-set	Print the verdict and the page digests to the log	2026-09-12T00:26:59.1237778Z   "requestedScale": 2.5,
nm_conviction-set	Print the verdict and the page digests to the log	2026-09-12T00:26:59.1238053Z   "cssPxPerPt": 1.3333333333333333,
nm_conviction-set	Print the verdict and the page digests to the log	2026-09-12T00:26:59.1238585Z   "browserExecutable": "/home/runner/.cache/ms-playwright/chromium-1223/chrome-linux64/chrome",
nm_conviction-set	Print the verdict and the page digests to the log	2026-09-12T00:26:59.1239124Z   "resolvedBy": "PLAYWRIGHT_BROWSERS_PATH",
nm_conviction-set	Print the verdict and the page digests to the log	2026-09-12T00:26:59.1239497Z   "operatingSystem": "Linux 6.17.0-1022-azure x64",
nm_conviction-set	Print the verdict and the page digests to the log	2026-09-12T00:26:59.1239821Z   "nodeVersion": "v22.23.2",
nm_conviction-set	Print the verdict and the page digests to the log	2026-09-12T00:26:59.1240070Z   "hashesBound": {
nm_conviction-set	Print the verdict and the page digests to the log	2026-09-12T00:26:59.1240309Z     "canonical": {
nm_conviction-set	Print the verdict and the page digests to the log	2026-09-12T00:26:59.1241060Z       "path": "data/rcap-all50/overlays/census-v1/nm/nm-conviction-set--official-pdf-fill/fixtures/canonical.pdf",
nm_conviction-set	Print the verdict and the page digests to the log	2026-09-12T00:26:59.1241851Z       "pinned": "b943cf5b16d95882e1a096504438d792fdbdddcc82acab09e58076421978658a"
nm_conviction-set	Print the verdict and the page digests to the log	2026-09-12T00:26:59.1242271Z     },
nm_conviction-set	Print the verdict and the page digests to the log	2026-09-12T00:26:59.1242466Z     "boundary": {
nm_conviction-set	Print the verdict and the page digests to the log	2026-09-12T00:26:59.1243026Z       "path": "data/rcap-all50/overlays/census-v1/nm/nm-conviction-set--official-pdf-fill/fixtures/boundary.pdf",
nm_conviction-set	Print the verdict and the page digests to the log	2026-09-12T00:26:59.1244169Z       "pinned": "8eb9f0f13fd2afc3077e7d99d50c9dad65ef36b2b53f9e6abf95c505b723a9f7"
nm_conviction-set	Print the verdict and the page digests to the log	2026-09-12T00:26:59.1244603Z     }
nm_conviction-set	Print the verdict and the page digests to the log	2026-09-12T00:26:59.1244787Z   },
nm_conviction-set	Print the verdict and the page digests to the log	2026-09-12T00:26:59.1244990Z   "documentsRendered": [
nm_conviction-set	Print the verdict and the page digests to the log	2026-09-12T00:26:59.1245225Z     {
nm_conviction-set	Print the verdict and the page digests to the log	2026-09-12T00:26:59.1245423Z       "role": "canonical",
nm_conviction-set	Print the verdict and the page digests to the log	2026-09-12T00:26:59.1245704Z       "document": "canonical.pdf",
nm_conviction-set	Print the verdict and the page digests to the log	2026-09-12T00:26:59.1246314Z       "path": "data/rcap-all50/overlays/census-v1/nm/nm-conviction-set--official-pdf-fill/fixtures/canonical.pdf",
nm_conviction-set	Print the verdict and the page digests to the log	2026-09-12T00:26:59.1247045Z       "pinned": "b943cf5b16d95882e1a096504438d792fdbdddcc82acab09e58076421978658a"
nm_conviction-set	Print the verdict and the page digests to the log	2026-09-12T00:26:59.1247435Z     },
nm_conviction-set	Print the verdict and the page digests to the log	2026-09-12T00:26:59.1247617Z     {
nm_conviction-set	Print the verdict and the page digests to the log	2026-09-12T00:26:59.1247818Z       "role": "boundary",
nm_conviction-set	Print the verdict and the page digests to the log	2026-09-12T00:26:59.1248079Z       "document": "boundary.pdf",
nm_conviction-set	Print the verdict and the page digests to the log	2026-09-12T00:26:59.1248930Z       "path": "data/rcap-all50/overlays/census-v1/nm/nm-conviction-set--official-pdf-fill/fixtures/boundary.pdf",
nm_conviction-set	Print the verdict and the page digests to the log	2026-09-12T00:26:59.1249811Z       "pinned": "8eb9f0f13fd2afc3077e7d99d50c9dad65ef36b2b53f9e6abf95c505b723a9f7"
nm_conviction-set	Print the verdict and the page digests to the log	2026-09-12T00:26:59.1251031Z     }
nm_conviction-set	Print the verdict and the page digests to the log	2026-09-12T00:26:59.1251349Z   ],
nm_conviction-set	Print the verdict and the page digests to the log	2026-09-12T00:26:59.1252092Z   "documentsDigest": "a02ed8149843a7df0a7a1afd4c36d963df674a410747397dc5d4585f88697aa6",
nm_conviction-set	Print the verdict and the page digests to the log	2026-09-12T00:26:59.1252921Z   "coversTheWholeFamily": true,
nm_conviction-set	Print the verdict and the page digests to the log	2026-09-12T00:26:59.1253618Z   "decryptionTransforms": [],
nm_conviction-set	Print the verdict and the page digests to the log	2026-09-12T00:26:59.1257055Z   "decryptionRule": "An encrypted source is hashed before any transform; Poppler and qpdf must independently agree on its page count; the temporary derivative is decrypted and serialized with explicit objects, then admitted only when geometry, decoded page content, fields/widgets, and XFA remain identical; only that temporary transport is passed to pdf-lib for calibrated rendering; the queued packet bytes are never modified.",
nm_conviction-set	Print the verdict and the page digests to the log	2026-09-12T00:26:59.1260003Z   "pagesMeasured": 48,
nm_conviction-set	Print the verdict and the page digests to the log	2026-09-12T00:26:59.1260410Z   "measurements": [
nm_conviction-set	Print the verdict and the page digests to the log	2026-09-12T00:26:59.1260758Z     {
nm_conviction-set	Print the verdict and the page digests to the log	2026-09-12T00:26:59.1261095Z       "kind": "canonical",
nm_conviction-set	Print the verdict and the page digests to the log	2026-09-12T00:26:59.1261603Z       "document": "canonical.pdf",
nm_conviction-set	Print the verdict and the page digests to the log	2026-09-12T00:26:59.1262068Z       "page": 1,
nm_conviction-set	Print the verdict and the page digests to the log	2026-09-12T00:26:59.1262686Z       "png": "nm_conviction-set/canonical/page-001.png",
nm_conviction-set	Print the verdict and the page digests to the log	2026-09-12T00:26:59.1263264Z       "bytes": 449823,
nm_conviction-set	Print the verdict and the page digests to the log	2026-09-12T00:26:59.1264283Z       "pngSha256": "b89169f2617d9c5a07e1b5a875804eccce6c4985451d10d2282c364dff0fa401",
nm_conviction-set	Print the verdict and the page digests to the log	2026-09-12T00:26:59.1265057Z       "pngWidth": 2040,
nm_conviction-set	Print the verdict and the page digests to the log	2026-09-12T00:26:59.1265494Z       "pngHeight": 2640,
nm_conviction-set	Print the verdict and the page digests to the log	2026-09-12T00:26:59.1265913Z       "paper": {
nm_conviction-set	Print the verdict and the page digests to the log	2026-09-12T00:26:59.1266503Z         "x0": 204,
nm_conviction-set	Print the verdict and the page digests to the log	2026-09-12T00:26:59.1266866Z         "y0": 3,
nm_conviction-set	Print the verdict and the page digests to the log	2026-09-12T00:26:59.1267203Z         "x1": 2243,
nm_conviction-set	Print the verdict and the page digests to the log	2026-09-12T00:26:59.1267550Z         "y1": 2642,
nm_conviction-set	Print the verdict and the page digests to the log	2026-09-12T00:26:59.1267918Z         "width": 2040,
nm_conviction-set	Print the verdict and the page digests to the log	2026-09-12T00:26:59.1268310Z         "height": 2640
nm_conviction-set	Print the verdict and the page digests to the log	2026-09-12T00:26:59.1268610Z       },
nm_conviction-set	Print the verdict and the page digests to the log	2026-09-12T00:26:59.1268831Z       "pxPerPt": 3.3333333333333335,
nm_conviction-set	Print the verdict and the page digests to the log	2026-09-12T00:26:59.1269143Z       "expectedPxPerPt": 3.333333333333333,
nm_conviction-set	Print the verdict and the page digests to the log	2026-09-12T00:26:59.1269428Z       "pageWidthPt": 612,
nm_conviction-set	Print the verdict and the page digests to the log	2026-09-12T00:26:59.1269678Z       "pageHeightPt": 792,
nm_conviction-set	Print the verdict and the page digests to the log	2026-09-12T00:26:59.1269911Z       "expectedPx": {
nm_conviction-set	Print the verdict and the page digests to the log	2026-09-12T00:26:59.1270161Z         "width": 2039.9999999999998,
nm_conviction-set	Print the verdict and the page digests to the log	2026-09-12T00:26:59.1270440Z         "height": 2639.9999999999995,
nm_conviction-set	Print the verdict and the page digests to the log	2026-09-12T00:26:59.1270739Z         "tolerancePx": 6.666666666666666
nm_conviction-set	Print the verdict and the page digests to the log	2026-09-12T00:26:59.1270992Z       },
nm_conviction-set	Print the verdict and the page digests to the log	2026-09-12T00:26:59.1271219Z       "calibrationResidualPx": 0,
nm_conviction-set	Print the verdict and the page digests to the log	2026-09-12T00:26:59.1271546Z       "inkFractionInsidePaper": 0.044144942067736184,
nm_conviction-set	Print the verdict and the page digests to the log	2026-09-12T00:26:59.1271861Z       "nonblank": true,
nm_conviction-set	Print the verdict and the page digests to the log	2026-09-12T00:26:59.1272120Z       "croppedToThePage": true
nm_conviction-set	Print the verdict and the page digests to the log	2026-09-12T00:26:59.1272360Z     },
nm_conviction-set	Print the verdict and the page digests to the log	2026-09-12T00:26:59.1272542Z     {
nm_conviction-set	Print the verdict and the page digests to the log	2026-09-12T00:26:59.1272733Z       "kind": "canonical",
nm_conviction-set	Print the verdict and the page digests to the log	2026-09-12T00:26:59.1272996Z       "document": "canonical.pdf",
nm_conviction-set	Print the verdict and the page digests to the log	2026-09-12T00:26:59.1273246Z       "page": 2,
nm_conviction-set	Print the verdict and the page digests to the log	2026-09-12T00:26:59.1273992Z       "png": "nm_conviction-set/canonical/page-002.png",
nm_conviction-set	Print the verdict and the page digests to the log	2026-09-12T00:26:59.1274577Z       "bytes": 491776,
nm_conviction-set	Print the verdict and the page digests to the log	2026-09-12T00:26:59.1275333Z       "pngSha256": "dc4e4ac2c9a9b19e86d43cbb84ea1203aec7aab202d39f2fad20e73177169cea",
nm_conviction-set	Print the verdict and the page digests to the log	2026-09-12T00:26:59.1275798Z       "pngWidth": 2040,
nm_conviction-set	Print the verdict and the page digests to the log	2026-09-12T00:26:59.1276177Z       "pngHeight": 2640,
nm_conviction-set	Print the verdict and the page digests to the log	2026-09-12T00:26:59.1276405Z       "paper": {
nm_conviction-set	Print the verdict and the page digests to the log	2026-09-12T00:26:59.1276607Z         "x0": 204,
nm_conviction-set	Print the verdict and the page digests to the log	2026-09-12T00:26:59.1276820Z         "y0": 3,
nm_conviction-set	Print the verdict and the page digests to the log	2026-09-12T00:26:59.1277009Z         "x1": 2243,
nm_conviction-set	Print the verdict and the page digests to the log	2026-09-12T00:26:59.1277202Z         "y1": 2642,
nm_conviction-set	Print the verdict and the page digests to the log	2026-09-12T00:26:59.1277399Z         "width": 2040,
nm_conviction-set	Print the verdict and the page digests to the log	2026-09-12T00:26:59.1277610Z         "height": 2640
nm_conviction-set	Print the verdict and the page digests to the log	2026-09-12T00:26:59.1277821Z       },
nm_conviction-set	Print the verdict and the page digests to the log	2026-09-12T00:26:59.1278037Z       "pxPerPt": 3.3333333333333335,
nm_conviction-set	Print the verdict and the page digests to the log	2026-09-12T00:26:59.1278346Z       "expectedPxPerPt": 3.333333333333333,
nm_conviction-set	Print the verdict and the page digests to the log	2026-09-12T00:26:59.1278642Z       "pageWidthPt": 612,
nm_conviction-set	Print the verdict and the page digests to the log	2026-09-12T00:26:59.1278887Z       "pageHeightPt": 792,
nm_conviction-set	Print the verdict and the page digests to the log	2026-09-12T00:26:59.1279123Z       "expectedPx": {
nm_conviction-set	Print the verdict and the page digests to the log	2026-09-12T00:26:59.1279375Z         "width": 2039.9999999999998,
nm_conviction-set	Print the verdict and the page digests to the log	2026-09-12T00:26:59.1279655Z         "height": 2639.9999999999995,
nm_conviction-set	Print the verdict and the page digests to the log	2026-09-12T00:26:59.1280140Z         "tolerancePx": 6.666666666666666
nm_conviction-set	Print the verdict and the page digests to the log	2026-09-12T00:26:59.1280393Z       },
nm_conviction-set	Print the verdict and the page digests to the log	2026-09-12T00:26:59.1280614Z       "calibrationResidualPx": 0,
nm_conviction-set	Print the verdict and the page digests to the log	2026-09-12T00:26:59.1280934Z       "inkFractionInsidePaper": 0.0495248440285205,
nm_conviction-set	Print the verdict and the page digests to the log	2026-09-12T00:26:59.1281247Z       "nonblank": true,
nm_conviction-set	Print the verdict and the page digests to the log	2026-09-12T00:26:59.1281495Z       "croppedToThePage": true
nm_conviction-set	Print the verdict and the page digests to the log	2026-09-12T00:26:59.1281734Z     },
nm_conviction-set	Print the verdict and the page digests to the log	2026-09-12T00:26:59.1281909Z     {
nm_conviction-set	Print the verdict and the page digests to the log	2026-09-12T00:26:59.1282097Z       "kind": "canonical",
nm_conviction-set	Print the verdict and the page digests to the log	2026-09-12T00:26:59.1282363Z       "document": "canonical.pdf",
nm_conviction-set	Print the verdict and the page digests to the log	2026-09-12T00:26:59.1282622Z       "page": 3,
nm_conviction-set	Print the verdict and the page digests to the log	2026-09-12T00:26:59.1282907Z       "png": "nm_conviction-set/canonical/page-003.png",
nm_conviction-set	Print the verdict and the page digests to the log	2026-09-12T00:26:59.1283216Z       "bytes": 596791,
nm_conviction-set	Print the verdict and the page digests to the log	2026-09-12T00:26:59.1283974Z       "pngSha256": "cb5031b5b752695d18801dc2e754024d14b9ece6af58529d3bd9f503f1be18c3",
nm_conviction-set	Print the verdict and the page digests to the log	2026-09-12T00:26:59.1284408Z       "pngWidth": 2040,
nm_conviction-set	Print the verdict and the page digests to the log	2026-09-12T00:26:59.1284642Z       "pngHeight": 2640,
nm_conviction-set	Print the verdict and the page digests to the log	2026-09-12T00:26:59.1284962Z       "paper": {
nm_conviction-set	Print the verdict and the page digests to the log	2026-09-12T00:26:59.1285274Z         "x0": 204,
nm_conviction-set	Print the verdict and the page digests to the log	2026-09-12T00:26:59.1285484Z         "y0": 3,
nm_conviction-set	Print the verdict and the page digests to the log	2026-09-12T00:26:59.1285677Z         "x1": 2243,
nm_conviction-set	Print the verdict and the page digests to the log	2026-09-12T00:26:59.1285870Z         "y1": 2642,
nm_conviction-set	Print the verdict and the page digests to the log	2026-09-12T00:26:59.1286064Z         "width": 2040,
nm_conviction-set	Print the verdict and the page digests to the log	2026-09-12T00:26:59.1286277Z         "height": 2640
nm_conviction-set	Print the verdict and the page digests to the log	2026-09-12T00:26:59.1286477Z       },
nm_conviction-set	Print the verdict and the page digests to the log	2026-09-12T00:26:59.1286695Z       "pxPerPt": 3.3333333333333335,
nm_conviction-set	Print the verdict and the page digests to the log	2026-09-12T00:26:59.1286991Z       "expectedPxPerPt": 3.333333333333333,
nm_conviction-set	Print the verdict and the page digests to the log	2026-09-12T00:26:59.1287269Z       "pageWidthPt": 612,
nm_conviction-set	Print the verdict and the page digests to the log	2026-09-12T00:26:59.1287503Z       "pageHeightPt": 792,
nm_conviction-set	Print the verdict and the page digests to the log	2026-09-12T00:26:59.1287914Z       "expectedPx": {
nm_conviction-set	Print the verdict and the page digests to the log	2026-09-12T00:26:59.1288153Z         "width": 2039.9999999999998,
nm_conviction-set	Print the verdict and the page digests to the log	2026-09-12T00:26:59.1288426Z         "height": 2639.9999999999995,
nm_conviction-set	Print the verdict and the page digests to the log	2026-09-12T00:26:59.1288715Z         "tolerancePx": 6.666666666666666
nm_conviction-set	Print the verdict and the page digests to the log	2026-09-12T00:26:59.1288964Z       },
nm_conviction-set	Print the verdict and the page digests to the log	2026-09-12T00:26:59.1289183Z       "calibrationResidualPx": 0,
nm_conviction-set	Print the verdict and the page digests to the log	2026-09-12T00:26:59.1289510Z       "inkFractionInsidePaper": 0.056620617944147356,
nm_conviction-set	Print the verdict and the page digests to the log	2026-09-12T00:26:59.1289811Z       "nonblank": true,
nm_conviction-set	Print the verdict and the page digests to the log	2026-09-12T00:26:59.1290062Z       "croppedToThePage": true
nm_conviction-set	Print the verdict and the page digests to the log	2026-09-12T00:26:59.1290295Z     },
nm_conviction-set	Print the verdict and the page digests to the log	2026-09-12T00:26:59.1290475Z     {
nm_conviction-set	Print the verdict and the page digests to the log	2026-09-12T00:26:59.1290666Z       "kind": "canonical",
nm_conviction-set	Print the verdict and the page digests to the log	2026-09-12T00:26:59.1290933Z       "document": "canonical.pdf",
nm_conviction-set	Print the verdict and the page digests to the log	2026-09-12T00:26:59.1291178Z       "page": 4,
nm_conviction-set	Print the verdict and the page digests to the log	2026-09-12T00:26:59.1291458Z       "png": "nm_conviction-set/canonical/page-004.png",
nm_conviction-set	Print the verdict and the page digests to the log	2026-09-12T00:26:59.1291760Z       "bytes": 497451,
nm_conviction-set	Print the verdict and the page digests to the log	2026-09-12T00:26:59.1292163Z       "pngSha256": "edce0c02631cf66cc06c694b0e7cf4e3155c3e126a887252c05b4b68bcb3ccbc",
nm_conviction-set	Print the verdict and the page digests to the log	2026-09-12T00:26:59.1292598Z       "pngWidth": 2040,
nm_conviction-set	Print the verdict and the page digests to the log	2026-09-12T00:26:59.1292823Z       "pngHeight": 2640,
nm_conviction-set	Print the verdict and the page digests to the log	2026-09-12T00:26:59.1293042Z       "paper": {
nm_conviction-set	Print the verdict and the page digests to the log	2026-09-12T00:26:59.1293240Z         "x0": 204,
nm_conviction-set	Print the verdict and the page digests to the log	2026-09-12T00:26:59.1293764Z         "y0": 3,
nm_conviction-set	Print the verdict and the page digests to the log	2026-09-12T00:26:59.1293994Z         "x1": 2243,
nm_conviction-set	Print the verdict and the page digests to the log	2026-09-12T00:26:59.1294194Z         "y1": 2642,
nm_conviction-set	Print the verdict and the page digests to the log	2026-09-12T00:26:59.1294397Z         "width": 2040,
nm_conviction-set	Print the verdict and the page digests to the log	2026-09-12T00:26:59.1294606Z         "height": 2640
nm_conviction-set	Print the verdict and the page digests to the log	2026-09-12T00:26:59.1294811Z       },
nm_conviction-set	Print the verdict and the page digests to the log	2026-09-12T00:26:59.1295026Z       "pxPerPt": 3.3333333333333335,
nm_conviction-set	Print the verdict and the page digests to the log	2026-09-12T00:26:59.1295322Z       "expectedPxPerPt": 3.333333333333333,
nm_conviction-set	Print the verdict and the page digests to the log	2026-09-12T00:26:59.1295605Z       "pageWidthPt": 612,
nm_conviction-set	Print the verdict and the page digests to the log	2026-09-12T00:26:59.1295845Z       "pageHeightPt": 792,
nm_conviction-set	Print the verdict and the page digests to the log	2026-09-12T00:26:59.1296073Z       "expectedPx": {
nm_conviction-set	Print the verdict and the page digests to the log	2026-09-12T00:26:59.1296312Z         "width": 2039.9999999999998,
nm_conviction-set	Print the verdict and the page digests to the log	2026-09-12T00:26:59.1296584Z         "height": 2639.9999999999995,
nm_conviction-set	Print the verdict and the page digests to the log	2026-09-12T00:26:59.1297036Z         "tolerancePx": 6.666666666666666
nm_conviction-set	Print the verdict and the page digests to the log	2026-09-12T00:26:59.1297324Z       },
nm_conviction-set	Print the verdict and the page digests to the log	2026-09-12T00:26:59.1297544Z       "calibrationResidualPx": 0,
nm_conviction-set	Print the verdict and the page digests to the log	2026-09-12T00:26:59.1297867Z       "inkFractionInsidePaper": 0.04969139928698752,
nm_conviction-set	Print the verdict and the page digests to the log	2026-09-12T00:26:59.1298166Z       "nonblank": true,
nm_conviction-set	Print the verdict and the page digests to the log	2026-09-12T00:26:59.1298411Z       "croppedToThePage": true
nm_conviction-set	Print the verdict and the page digests to the log	2026-09-12T00:26:59.1298644Z     },
nm_conviction-set	Print the verdict and the page digests to the log	2026-09-12T00:26:59.1298824Z     {
nm_conviction-set	Print the verdict and the page digests to the log	2026-09-12T00:26:59.1299009Z       "kind": "canonical",
nm_conviction-set	Print the verdict and the page digests to the log	2026-09-12T00:26:59.1299268Z       "document": "canonical.pdf",
nm_conviction-set	Print the verdict and the page digests to the log	2026-09-12T00:26:59.1299668Z       "page": 5,
nm_conviction-set	Print the verdict and the page digests to the log	2026-09-12T00:26:59.1299951Z       "png": "nm_conviction-set/canonical/page-005.png",
nm_conviction-set	Print the verdict and the page digests to the log	2026-09-12T00:26:59.1300253Z       "bytes": 187707,
nm_conviction-set	Print the verdict and the page digests to the log	2026-09-12T00:26:59.1300833Z       "pngSha256": "7e278d5b88aeb3dd893abe550d61504da51360c670b0ff6eaef596c3336ada4b",
nm_conviction-set	Print the verdict and the page digests to the log	2026-09-12T00:26:59.1301262Z       "pngWidth": 2040,
nm_conviction-set	Print the verdict and the page digests to the log	2026-09-12T00:26:59.1301484Z       "pngHeight": 2640,
nm_conviction-set	Print the verdict and the page digests to the log	2026-09-12T00:26:59.1301792Z       "paper": {
nm_conviction-set	Print the verdict and the page digests to the log	2026-09-12T00:26:59.1301998Z         "x0": 204,
nm_conviction-set	Print the verdict and the page digests to the log	2026-09-12T00:26:59.1302200Z         "y0": 3,
nm_conviction-set	Print the verdict and the page digests to the log	2026-09-12T00:26:59.1302390Z         "x1": 2243,
nm_conviction-set	Print the verdict and the page digests to the log	2026-09-12T00:26:59.1302585Z         "y1": 2642,
nm_conviction-set	Print the verdict and the page digests to the log	2026-09-12T00:26:59.1302780Z         "width": 2040,
nm_conviction-set	Print the verdict and the page digests to the log	2026-09-12T00:26:59.1302997Z         "height": 2640
nm_conviction-set	Print the verdict and the page digests to the log	2026-09-12T00:26:59.1303196Z       },
nm_conviction-set	Print the verdict and the page digests to the log	2026-09-12T00:26:59.1303667Z       "pxPerPt": 3.3333333333333335,
nm_conviction-set	Print the verdict and the page digests to the log	2026-09-12T00:26:59.1304102Z       "expectedPxPerPt": 3.333333333333333,
nm_conviction-set	Print the verdict and the page digests to the log	2026-09-12T00:26:59.1304403Z       "pageWidthPt": 612,
nm_conviction-set	Print the verdict and the page digests to the log	2026-09-12T00:26:59.1304642Z       "pageHeightPt": 792,
nm_conviction-set	Print the verdict and the page digests to the log	2026-09-12T00:26:59.1304899Z       "expectedPx": {
nm_conviction-set	Print the verdict and the page digests to the log	2026-09-12T00:26:59.1305281Z         "width": 2039.9999999999998,
nm_conviction-set	Print the verdict and the page digests to the log	2026-09-12T00:26:59.1305621Z         "height": 2639.9999999999995,
nm_conviction-set	Print the verdict and the page digests to the log	2026-09-12T00:26:59.1305912Z         "tolerancePx": 6.666666666666666
nm_conviction-set	Print the verdict and the page digests to the log	2026-09-12T00:26:59.1306167Z       },
nm_conviction-set	Print the verdict and the page digests to the log	2026-09-12T00:26:59.1306389Z       "calibrationResidualPx": 0,
nm_conviction-set	Print the verdict and the page digests to the log	2026-09-12T00:26:59.1306712Z       "inkFractionInsidePaper": 0.01623050356506239,
nm_conviction-set	Print the verdict and the page digests to the log	2026-09-12T00:26:59.1307023Z       "nonblank": true,
nm_conviction-set	Print the verdict and the page digests to the log	2026-09-12T00:26:59.1307437Z       "croppedToThePage": true
nm_conviction-set	Print the verdict and the page digests to the log	2026-09-12T00:26:59.1307672Z     },
nm_conviction-set	Print the verdict and the page digests to the log	2026-09-12T00:26:59.1307850Z     {
nm_conviction-set	Print the verdict and the page digests to the log	2026-09-12T00:26:59.1308039Z       "kind": "canonical",
nm_conviction-set	Print the verdict and the page digests to the log	2026-09-12T00:26:59.1308297Z       "document": "canonical.pdf",
nm_conviction-set	Print the verdict and the page digests to the log	2026-09-12T00:26:59.1308545Z       "page": 6,
nm_conviction-set	Print the verdict and the page digests to the log	2026-09-12T00:26:59.1308988Z       "png": "nm_conviction-set/canonical/page-006.png",
nm_conviction-set	Print the verdict and the page digests to the log	2026-09-12T00:26:59.1309318Z       "bytes": 449943,
nm_conviction-set	Print the verdict and the page digests to the log	2026-09-12T00:26:59.1309729Z       "pngSha256": "b8cf2f8d73f98c94d7c38683b77ba1c46cc4f1b34f126c8c71de0b90ed251a9c",
nm_conviction-set	Print the verdict and the page digests to the log	2026-09-12T00:26:59.1310159Z       "pngWidth": 2040,
nm_conviction-set	Print the verdict and the page digests to the log	2026-09-12T00:26:59.1310518Z       "pngHeight": 2640,
nm_conviction-set	Print the verdict and the page digests to the log	2026-09-12T00:26:59.1310752Z       "paper": {
nm_conviction-set	Print the verdict and the page digests to the log	2026-09-12T00:26:59.1310948Z         "x0": 204,
nm_conviction-set	Print the verdict and the page digests to the log	2026-09-12T00:26:59.1311147Z         "y0": 3,
nm_conviction-set	Print the verdict and the page digests to the log	2026-09-12T00:26:59.1311342Z         "x1": 2243,
nm_conviction-set	Print the verdict and the page digests to the log	2026-09-12T00:26:59.1328627Z         "y1": 2642,
nm_conviction-set	Print the verdict and the page digests to the log	2026-09-12T00:26:59.1328997Z         "width": 2040,
nm_conviction-set	Print the verdict and the page digests to the log	2026-09-12T00:26:59.1329247Z         "height": 2640
nm_conviction-set	Print the verdict and the page digests to the log	2026-09-12T00:26:59.1329463Z       },
nm_conviction-set	Print the verdict and the page digests to the log	2026-09-12T00:26:59.1329829Z       "pxPerPt": 3.3333333333333335,
nm_conviction-set	Print the verdict and the page digests to the log	2026-09-12T00:26:59.1330160Z       "expectedPxPerPt": 3.333333333333333,
nm_conviction-set	Print the verdict and the page digests to the log	2026-09-12T00:26:59.1330464Z       "pageWidthPt": 612,
nm_conviction-set	Print the verdict and the page digests to the log	2026-09-12T00:26:59.1330713Z       "pageHeightPt": 792,
nm_conviction-set	Print the verdict and the page digests to the log	2026-09-12T00:26:59.1331068Z       "expectedPx": {
nm_conviction-set	Print the verdict and the page digests to the log	2026-09-12T00:26:59.1331319Z         "width": 2039.9999999999998,
nm_conviction-set	Print the verdict and the page digests to the log	2026-09-12T00:26:59.1331597Z         "height": 2639.9999999999995,
nm_conviction-set	Print the verdict and the page digests to the log	2026-09-12T00:26:59.1331891Z         "tolerancePx": 6.666666666666666
nm_conviction-set	Print the verdict and the page digests to the log	2026-09-12T00:26:59.1332210Z       },
nm_conviction-set	Print the verdict and the page digests to the log	2026-09-12T00:26:59.1332531Z       "calibrationResidualPx": 0,
nm_conviction-set	Print the verdict and the page digests to the log	2026-09-12T00:26:59.1332877Z       "inkFractionInsidePaper": 0.04048499702911468,
nm_conviction-set	Print the verdict and the page digests to the log	2026-09-12T00:26:59.1333186Z       "nonblank": true,
nm_conviction-set	Print the verdict and the page digests to the log	2026-09-12T00:26:59.1333745Z       "croppedToThePage": true
nm_conviction-set	Print the verdict and the page digests to the log	2026-09-12T00:26:59.1334013Z     },
nm_conviction-set	Print the verdict and the page digests to the log	2026-09-12T00:26:59.1334190Z     {
nm_conviction-set	Print the verdict and the page digests to the log	2026-09-12T00:26:59.1334385Z       "kind": "canonical",
nm_conviction-set	Print the verdict and the page digests to the log	2026-09-12T00:26:59.1334651Z       "document": "canonical.pdf",
nm_conviction-set	Print the verdict and the page digests to the log	2026-09-12T00:26:59.1334911Z       "page": 7,
nm_conviction-set	Print the verdict and the page digests to the log	2026-09-12T00:26:59.1335212Z       "png": "nm_conviction-set/canonical/page-007.png",
nm_conviction-set	Print the verdict and the page digests to the log	2026-09-12T00:26:59.1335537Z       "bytes": 172501,
nm_conviction-set	Print the verdict and the page digests to the log	2026-09-12T00:26:59.1336020Z       "pngSha256": "cb38a8faf31ff9105298e7de11c07218eed6c25bc1889ca745cd5757bc633ec1",
nm_conviction-set	Print the verdict and the page digests to the log	2026-09-12T00:26:59.1336578Z       "pngWidth": 2040,
nm_conviction-set	Print the verdict and the page digests to the log	2026-09-12T00:26:59.1336812Z       "pngHeight": 2640,
nm_conviction-set	Print the verdict and the page digests to the log	2026-09-12T00:26:59.1337034Z       "paper": {
nm_conviction-set	Print the verdict and the page digests to the log	2026-09-12T00:26:59.1337236Z         "x0": 204,
nm_conviction-set	Print the verdict and the page digests to the log	2026-09-12T00:26:59.1337436Z         "y0": 3,
nm_conviction-set	Print the verdict and the page digests to the log	2026-09-12T00:26:59.1337811Z         "x1": 2243,
nm_conviction-set	Print the verdict and the page digests to the log	2026-09-12T00:26:59.1338006Z         "y1": 2642,
nm_conviction-set	Print the verdict and the page digests to the log	2026-09-12T00:26:59.1338202Z         "width": 2040,
nm_conviction-set	Print the verdict and the page digests to the log	2026-09-12T00:26:59.1338549Z         "height": 2640
nm_conviction-set	Print the verdict and the page digests to the log	2026-09-12T00:26:59.1338780Z       },
nm_conviction-set	Print the verdict and the page digests to the log	2026-09-12T00:26:59.1339003Z       "pxPerPt": 3.3333333333333335,
nm_conviction-set	Print the verdict and the page digests to the log	2026-09-12T00:26:59.1339302Z       "expectedPxPerPt": 3.333333333333333,
nm_conviction-set	Print the verdict and the page digests to the log	2026-09-12T00:26:59.1339590Z       "pageWidthPt": 612,
nm_conviction-set	Print the verdict and the page digests to the log	2026-09-12T00:26:59.1339825Z       "pageHeightPt": 792,
nm_conviction-set	Print the verdict and the page digests to the log	2026-09-12T00:26:59.1340057Z       "expectedPx": {
nm_conviction-set	Print the verdict and the page digests to the log	2026-09-12T00:26:59.1340299Z         "width": 2039.9999999999998,
nm_conviction-set	Print the verdict and the page digests to the log	2026-09-12T00:26:59.1340717Z         "height": 2639.9999999999995,
nm_conviction-set	Print the verdict and the page digests to the log	2026-09-12T00:26:59.1341009Z         "tolerancePx": 6.666666666666666
nm_conviction-set	Print the verdict and the page digests to the log	2026-09-12T00:26:59.1341258Z       },
nm_conviction-set	Print the verdict and the page digests to the log	2026-09-12T00:26:59.1341475Z       "calibrationResidualPx": 0,
nm_conviction-set	Print the verdict and the page digests to the log	2026-09-12T00:26:59.1341795Z       "inkFractionInsidePaper": 0.014658533868092691,
nm_conviction-set	Print the verdict and the page digests to the log	2026-09-12T00:26:59.1342096Z       "nonblank": true,
nm_conviction-set	Print the verdict and the page digests to the log	2026-09-12T00:26:59.1342351Z       "croppedToThePage": true
nm_conviction-set	Print the verdict and the page digests to the log	2026-09-12T00:26:59.1342590Z     },
nm_conviction-set	Print the verdict and the page digests to the log	2026-09-12T00:26:59.1342901Z     {
nm_conviction-set	Print the verdict and the page digests to the log	2026-09-12T00:26:59.1343104Z       "kind": "canonical",
nm_conviction-set	Print the verdict and the page digests to the log	2026-09-12T00:26:59.1343593Z       "document": "canonical.pdf",
nm_conviction-set	Print the verdict and the page digests to the log	2026-09-12T00:26:59.1343907Z       "page": 8,
nm_conviction-set	Print the verdict and the page digests to the log	2026-09-12T00:26:59.1344209Z       "png": "nm_conviction-set/canonical/page-008.png",
nm_conviction-set	Print the verdict and the page digests to the log	2026-09-12T00:26:59.1344521Z       "bytes": 451336,
nm_conviction-set	Print the verdict and the page digests to the log	2026-09-12T00:26:59.1344932Z       "pngSha256": "31d13c800bacc7b7aeba343ac820b3851af33bd438bb1bb4cf0684917f926efc",
nm_conviction-set	Print the verdict and the page digests to the log	2026-09-12T00:26:59.1345652Z       "pngWidth": 2040,
nm_conviction-set	Print the verdict and the page digests to the log	2026-09-12T00:26:59.1345932Z       "pngHeight": 2640,
nm_conviction-set	Print the verdict and the page digests to the log	2026-09-12T00:26:59.1346155Z       "paper": {
nm_conviction-set	Print the verdict and the page digests to the log	2026-09-12T00:26:59.1346360Z         "x0": 204,
nm_conviction-set	Print the verdict and the page digests to the log	2026-09-12T00:26:59.1346557Z         "y0": 3,
nm_conviction-set	Print the verdict and the page digests to the log	2026-09-12T00:26:59.1346746Z         "x1": 2243,
nm_conviction-set	Print the verdict and the page digests to the log	2026-09-12T00:26:59.1346942Z         "y1": 2642,
nm_conviction-set	Print the verdict and the page digests to the log	2026-09-12T00:26:59.1347141Z         "width": 2040,
nm_conviction-set	Print the verdict and the page digests to the log	2026-09-12T00:26:59.1347349Z         "height": 2640
nm_conviction-set	Print the verdict and the page digests to the log	2026-09-12T00:26:59.1347554Z       },
nm_conviction-set	Print the verdict and the page digests to the log	2026-09-12T00:26:59.1347912Z       "pxPerPt": 3.3333333333333335,
nm_conviction-set	Print the verdict and the page digests to the log	2026-09-12T00:26:59.1348217Z       "expectedPxPerPt": 3.333333333333333,
nm_conviction-set	Print the verdict and the page digests to the log	2026-09-12T00:26:59.1348500Z       "pageWidthPt": 612,
nm_conviction-set	Print the verdict and the page digests to the log	2026-09-12T00:26:59.1348733Z       "pageHeightPt": 792,
nm_conviction-set	Print the verdict and the page digests to the log	2026-09-12T00:26:59.1348961Z       "expectedPx": {
nm_conviction-set	Print the verdict and the page digests to the log	2026-09-12T00:26:59.1349200Z         "width": 2039.9999999999998,
nm_conviction-set	Print the verdict and the page digests to the log	2026-09-12T00:26:59.1349471Z         "height": 2639.9999999999995,
nm_conviction-set	Print the verdict and the page digests to the log	2026-09-12T00:26:59.1349826Z         "tolerancePx": 6.666666666666666
nm_conviction-set	Print the verdict and the page digests to the log	2026-09-12T00:26:59.1350150Z       },
nm_conviction-set	Print the verdict and the page digests to the log	2026-09-12T00:26:59.1350374Z       "calibrationResidualPx": 0,
nm_conviction-set	Print the verdict and the page digests to the log	2026-09-12T00:26:59.1350689Z       "inkFractionInsidePaper": 0.0400744578134284,
nm_conviction-set	Print the verdict and the page digests to the log	2026-09-12T00:26:59.1350995Z       "nonblank": true,
nm_conviction-set	Print the verdict and the page digests to the log	2026-09-12T00:26:59.1351239Z       "croppedToThePage": true
nm_conviction-set	Print the verdict and the page digests to the log	2026-09-12T00:26:59.1351472Z     },
nm_conviction-set	Print the verdict and the page digests to the log	2026-09-12T00:26:59.1351648Z     {
nm_conviction-set	Print the verdict and the page digests to the log	2026-09-12T00:26:59.1351974Z       "kind": "canonical",
nm_conviction-set	Print the verdict and the page digests to the log	2026-09-12T00:26:59.1352246Z       "document": "canonical.pdf",
nm_conviction-set	Print the verdict and the page digests to the log	2026-09-12T00:26:59.1352499Z       "page": 9,
nm_conviction-set	Print the verdict and the page digests to the log	2026-09-12T00:26:59.1352786Z       "png": "nm_conviction-set/canonical/page-009.png",
nm_conviction-set	Print the verdict and the page digests to the log	2026-09-12T00:26:59.1353091Z       "bytes": 307824,
nm_conviction-set	Print the verdict and the page digests to the log	2026-09-12T00:26:59.1353752Z       "pngSha256": "38d129d60b63036955357ad2c9aec07b6cc0ea0adf9a3ec7a812b4672b8290d7",
nm_conviction-set	Print the verdict and the page digests to the log	2026-09-12T00:26:59.1354335Z       "pngWidth": 2040,
nm_conviction-set	Print the verdict and the page digests to the log	2026-09-12T00:26:59.1354573Z       "pngHeight": 2640,
nm_conviction-set	Print the verdict and the page digests to the log	2026-09-12T00:26:59.1354787Z       "paper": {
nm_conviction-set	Print the verdict and the page digests to the log	2026-09-12T00:26:59.1354987Z         "x0": 204,
nm_conviction-set	Print the verdict and the page digests to the log	2026-09-12T00:26:59.1355184Z         "y0": 3,
nm_conviction-set	Print the verdict and the page digests to the log	2026-09-12T00:26:59.1355375Z         "x1": 2243,
nm_conviction-set	Print the verdict and the page digests to the log	2026-09-12T00:26:59.1355577Z         "y1": 2642,
nm_conviction-set	Print the verdict and the page digests to the log	2026-09-12T00:26:59.1355913Z         "width": 2040,
nm_conviction-set	Print the verdict and the page digests to the log	2026-09-12T00:26:59.1356146Z         "height": 2640
nm_conviction-set	Print the verdict and the page digests to the log	2026-09-12T00:26:59.1356345Z       },
nm_conviction-set	Print the verdict and the page digests to the log	2026-09-12T00:26:59.1356564Z       "pxPerPt": 3.3333333333333335,
nm_conviction-set	Print the verdict and the page digests to the log	2026-09-12T00:26:59.1356857Z       "expectedPxPerPt": 3.333333333333333,
nm_conviction-set	Print the verdict and the page digests to the log	2026-09-12T00:26:59.1357134Z       "pageWidthPt": 612,
nm_conviction-set	Print the verdict and the page digests to the log	2026-09-12T00:26:59.1357378Z       "pageHeightPt": 792,
nm_conviction-set	Print the verdict and the page digests to the log	2026-09-12T00:26:59.1357604Z       "expectedPx": {
nm_conviction-set	Print the verdict and the page digests to the log	2026-09-12T00:26:59.1357994Z         "width": 2039.9999999999998,
nm_conviction-set	Print the verdict and the page digests to the log	2026-09-12T00:26:59.1358262Z         "height": 2639.9999999999995,
nm_conviction-set	Print the verdict and the page digests to the log	2026-09-12T00:26:59.1358546Z         "tolerancePx": 6.666666666666666
nm_conviction-set	Print the verdict and the page digests to the log	2026-09-12T00:26:59.1358791Z       },
nm_conviction-set	Print the verdict and the page digests to the log	2026-09-12T00:26:59.1359012Z       "calibrationResidualPx": 0,
nm_conviction-set	Print the verdict and the page digests to the log	2026-09-12T00:26:59.1359496Z       "inkFractionInsidePaper": 0.026189096850861557,
nm_conviction-set	Print the verdict and the page digests to the log	2026-09-12T00:26:59.1359798Z       "nonblank": true,
nm_conviction-set	Print the verdict and the page digests to the log	2026-09-12T00:26:59.1360043Z       "croppedToThePage": true
nm_conviction-set	Print the verdict and the page digests to the log	2026-09-12T00:26:59.1360282Z     },
nm_conviction-set	Print the verdict and the page digests to the log	2026-09-12T00:26:59.1360459Z     {
nm_conviction-set	Print the verdict and the page digests to the log	2026-09-12T00:26:59.1360652Z       "kind": "canonical",
nm_conviction-set	Print the verdict and the page digests to the log	2026-09-12T00:26:59.1360911Z       "document": "canonical.pdf",
nm_conviction-set	Print the verdict and the page digests to the log	2026-09-12T00:26:59.1361160Z       "page": 10,
nm_conviction-set	Print the verdict and the page digests to the log	2026-09-12T00:26:59.1361442Z       "png": "nm_conviction-set/canonical/page-010.png",
nm_conviction-set	Print the verdict and the page digests to the log	2026-09-12T00:26:59.1361748Z       "bytes": 223353,
nm_conviction-set	Print the verdict and the page digests to the log	2026-09-12T00:26:59.1362149Z       "pngSha256": "2c118b2f5c620a9130beb95a9b8b372b9e803d23cce649fa8b239fb562501d29",
nm_conviction-set	Print the verdict and the page digests to the log	2026-09-12T00:26:59.1362572Z       "pngWidth": 2040,
nm_conviction-set	Print the verdict and the page digests to the log	2026-09-12T00:26:59.1362933Z       "pngHeight": 2640,
nm_conviction-set	Print the verdict and the page digests to the log	2026-09-12T00:26:59.1363161Z       "paper": {
nm_conviction-set	Print the verdict and the page digests to the log	2026-09-12T00:26:59.1363549Z         "x0": 204,
nm_conviction-set	Print the verdict and the page digests to the log	2026-09-12T00:26:59.1363773Z         "y0": 3,
nm_conviction-set	Print the verdict and the page digests to the log	2026-09-12T00:26:59.1363969Z         "x1": 2243,
nm_conviction-set	Print the verdict and the page digests to the log	2026-09-12T00:26:59.1364161Z         "y1": 2642,
nm_conviction-set	Print the verdict and the page digests to the log	2026-09-12T00:26:59.1364358Z         "width": 2040,
nm_conviction-set	Print the verdict and the page digests to the log	2026-09-12T00:26:59.1364567Z         "height": 2640
nm_conviction-set	Print the verdict and the page digests to the log	2026-09-12T00:26:59.1364770Z       },
nm_conviction-set	Print the verdict and the page digests to the log	2026-09-12T00:26:59.1364988Z       "pxPerPt": 3.3333333333333335,
nm_conviction-set	Print the verdict and the page digests to the log	2026-09-12T00:26:59.1365439Z       "expectedPxPerPt": 3.333333333333333,
nm_conviction-set	Print the verdict and the page digests to the log	2026-09-12T00:26:59.1365728Z       "pageWidthPt": 612,
nm_conviction-set	Print the verdict and the page digests to the log	2026-09-12T00:26:59.1365961Z       "pageHeightPt": 792,
nm_conviction-set	Print the verdict and the page digests to the log	2026-09-12T00:26:59.1366198Z       "expectedPx": {
nm_conviction-set	Print the verdict and the page digests to the log	2026-09-12T00:26:59.1366441Z         "width": 2039.9999999999998,
nm_conviction-set	Print the verdict and the page digests to the log	2026-09-12T00:26:59.1366716Z         "height": 2639.9999999999995,
nm_conviction-set	Print the verdict and the page digests to the log	2026-09-12T00:26:59.1367004Z         "tolerancePx": 6.666666666666666
nm_conviction-set	Print the verdict and the page digests to the log	2026-09-12T00:26:59.1367303Z       },
nm_conviction-set	Print the verdict and the page digests to the log	2026-09-12T00:26:59.1367643Z       "calibrationResidualPx": 0,
nm_conviction-set	Print the verdict and the page digests to the log	2026-09-12T00:26:59.1367973Z       "inkFractionInsidePaper": 0.020822378193701724,
nm_conviction-set	Print the verdict and the page digests to the log	2026-09-12T00:26:59.1368278Z       "nonblank": true,
nm_conviction-set	Print the verdict and the page digests to the log	2026-09-12T00:26:59.1368530Z       "croppedToThePage": true
nm_conviction-set	Print the verdict and the page digests to the log	2026-09-12T00:26:59.1368768Z     },
nm_conviction-set	Print the verdict and the page digests to the log	2026-09-12T00:26:59.1368942Z     {
nm_conviction-set	Print the verdict and the page digests to the log	2026-09-12T00:26:59.1369135Z       "kind": "canonical",
nm_conviction-set	Print the verdict and the page digests to the log	2026-09-12T00:26:59.1369395Z       "document": "canonical.pdf",
nm_conviction-set	Print the verdict and the page digests to the log	2026-09-12T00:26:59.1369644Z       "page": 11,
nm_conviction-set	Print the verdict and the page digests to the log	2026-09-12T00:26:59.1369928Z       "png": "nm_conviction-set/canonical/page-011.png",
nm_conviction-set	Print the verdict and the page digests to the log	2026-09-12T00:26:59.1370240Z       "bytes": 365139,
nm_conviction-set	Print the verdict and the page digests to the log	2026-09-12T00:26:59.1370639Z       "pngSha256": "22036dfa98a05edf85d6b57f20cc6b91b0249bc4fc101f770514ca4502ba0f5e",
nm_conviction-set	Print the verdict and the page digests to the log	2026-09-12T00:26:59.1371196Z       "pngWidth": 2040,
nm_conviction-set	Print the verdict and the page digests to the log	2026-09-12T00:26:59.1371430Z       "pngHeight": 2640,
nm_conviction-set	Print the verdict and the page digests to the log	2026-09-12T00:26:59.1371649Z       "paper": {
nm_conviction-set	Print the verdict and the page digests to the log	2026-09-12T00:26:59.1371852Z         "x0": 204,
nm_conviction-set	Print the verdict and the page digests to the log	2026-09-12T00:26:59.1372052Z         "y0": 3,
nm_conviction-set	Print the verdict and the page digests to the log	2026-09-12T00:26:59.1372243Z         "x1": 2243,
nm_conviction-set	Print the verdict and the page digests to the log	2026-09-12T00:26:59.1372444Z         "y1": 2642,
nm_conviction-set	Print the verdict and the page digests to the log	2026-09-12T00:26:59.1372790Z         "width": 2040,
nm_conviction-set	Print the verdict and the page digests to the log	2026-09-12T00:26:59.1373006Z         "height": 2640
nm_conviction-set	Print the verdict and the page digests to the log	2026-09-12T00:26:59.1373205Z       },
nm_conviction-set	Print the verdict and the page digests to the log	2026-09-12T00:26:59.1373676Z       "pxPerPt": 3.3333333333333335,
nm_conviction-set	Print the verdict and the page digests to the log	2026-09-12T00:26:59.1373984Z       "expectedPxPerPt": 3.333333333333333,
nm_conviction-set	Print the verdict and the page digests to the log	2026-09-12T00:26:59.1374265Z       "pageWidthPt": 612,
nm_conviction-set	Print the verdict and the page digests to the log	2026-09-12T00:26:59.1374501Z       "pageHeightPt": 792,
nm_conviction-set	Print the verdict and the page digests to the log	2026-09-12T00:26:59.1374734Z       "expectedPx": {
nm_conviction-set	Print the verdict and the page digests to the log	2026-09-12T00:26:59.1374972Z         "width": 2039.9999999999998,
nm_conviction-set	Print the verdict and the page digests to the log	2026-09-12T00:26:59.1375256Z         "height": 2639.9999999999995,
nm_conviction-set	Print the verdict and the page digests to the log	2026-09-12T00:26:59.1375539Z         "tolerancePx": 6.666666666666666
nm_conviction-set	Print the verdict and the page digests to the log	2026-09-12T00:26:59.1375786Z       },
nm_conviction-set	Print the verdict and the page digests to the log	2026-09-12T00:26:59.1376056Z       "calibrationResidualPx": 0,
nm_conviction-set	Print the verdict and the page digests to the log	2026-09-12T00:26:59.1376491Z       "inkFractionInsidePaper": 0.03478034016636958,
nm_conviction-set	Print the verdict and the page digests to the log	2026-09-12T00:26:59.1376791Z       "nonblank": true,
nm_conviction-set	Print the verdict and the page digests to the log	2026-09-12T00:26:59.1377045Z       "croppedToThePage": true
nm_conviction-set	Print the verdict and the page digests to the log	2026-09-12T00:26:59.1377484Z     },
nm_conviction-set	Print the verdict and the page digests to the log	2026-09-12T00:26:59.1377759Z     {
nm_conviction-set	Print the verdict and the page digests to the log	2026-09-12T00:26:59.1377954Z       "kind": "canonical",
nm_conviction-set	Print the verdict and the page digests to the log	2026-09-12T00:26:59.1378215Z       "document": "canonical.pdf",
nm_conviction-set	Print the verdict and the page digests to the log	2026-09-12T00:26:59.1378463Z       "page": 12,
nm_conviction-set	Print the verdict and the page digests to the log	2026-09-12T00:26:59.1378751Z       "png": "nm_conviction-set/canonical/page-012.png",
nm_conviction-set	Print the verdict and the page digests to the log	2026-09-12T00:26:59.1379056Z       "bytes": 258722,
nm_conviction-set	Print the verdict and the page digests to the log	2026-09-12T00:26:59.1379455Z       "pngSha256": "ea457f4e4cdb9bb66785f1949d57174557d50e5ddafe370ba6e3a2f6b6407615",
nm_conviction-set	Print the verdict and the page digests to the log	2026-09-12T00:26:59.1379876Z       "pngWidth": 2040,
nm_conviction-set	Print the verdict and the page digests to the log	2026-09-12T00:26:59.1380100Z       "pngHeight": 2640,
nm_conviction-set	Print the verdict and the page digests to the log	2026-09-12T00:26:59.1380317Z       "paper": {
nm_conviction-set	Print the verdict and the page digests to the log	2026-09-12T00:26:59.1380521Z         "x0": 204,
nm_conviction-set	Print the verdict and the page digests to the log	2026-09-12T00:26:59.1380719Z         "y0": 3,
nm_conviction-set	Print the verdict and the page digests to the log	2026-09-12T00:26:59.1381048Z         "x1": 2243,
nm_conviction-set	Print the verdict and the page digests to the log	2026-09-12T00:26:59.1381249Z         "y1": 2642,
nm_conviction-set	Print the verdict and the page digests to the log	2026-09-12T00:26:59.1381447Z         "width": 2040,
nm_conviction-set	Print the verdict and the page digests to the log	2026-09-12T00:26:59.1381658Z         "height": 2640
nm_conviction-set	Print the verdict and the page digests to the log	2026-09-12T00:26:59.1381866Z       },
nm_conviction-set	Print the verdict and the page digests to the log	2026-09-12T00:26:59.1382080Z       "pxPerPt": 3.3333333333333335,
nm_conviction-set	Print the verdict and the page digests to the log	2026-09-12T00:26:59.1382375Z       "expectedPxPerPt": 3.333333333333333,
nm_conviction-set	Print the verdict and the page digests to the log	2026-09-12T00:26:59.1382655Z       "pageWidthPt": 612,
nm_conviction-set	Print the verdict and the page digests to the log	2026-09-12T00:26:59.1382888Z       "pageHeightPt": 792,
nm_conviction-set	Print the verdict and the page digests to the log	2026-09-12T00:26:59.1383125Z       "expectedPx": {
nm_conviction-set	Print the verdict and the page digests to the log	2026-09-12T00:26:59.1383732Z         "width": 2039.9999999999998,
nm_conviction-set	Print the verdict and the page digests to the log	2026-09-12T00:26:59.1384031Z         "height": 2639.9999999999995,
nm_conviction-set	Print the verdict and the page digests to the log	2026-09-12T00:26:59.1384321Z         "tolerancePx": 6.666666666666666
nm_conviction-set	Print the verdict and the page digests to the log	2026-09-12T00:26:59.1384576Z       },
nm_conviction-set	Print the verdict and the page digests to the log	2026-09-12T00:26:59.1384802Z       "calibrationResidualPx": 0,
nm_conviction-set	Print the verdict and the page digests to the log	2026-09-12T00:26:59.1385443Z       "inkFractionInsidePaper": 0.026947972370766488,
nm_conviction-set	Print the verdict and the page digests to the log	2026-09-12T00:26:59.1385765Z       "nonblank": true,
nm_conviction-set	Print the verdict and the page digests to the log	2026-09-12T00:26:59.1386017Z       "croppedToThePage": true
nm_conviction-set	Print the verdict and the page digests to the log	2026-09-12T00:26:59.1386250Z     },
nm_conviction-set	Print the verdict and the page digests to the log	2026-09-12T00:26:59.1386426Z     {
nm_conviction-set	Print the verdict and the page digests to the log	2026-09-12T00:26:59.1386613Z       "kind": "canonical",
nm_conviction-set	Print the verdict and the page digests to the log	2026-09-12T00:26:59.1386880Z       "document": "canonical.pdf",
nm_conviction-set	Print the verdict and the page digests to the log	2026-09-12T00:26:59.1387141Z       "page": 13,
nm_conviction-set	Print the verdict and the page digests to the log	2026-09-12T00:26:59.1387429Z       "png": "nm_conviction-set/canonical/page-013.png",
nm_conviction-set	Print the verdict and the page digests to the log	2026-09-12T00:26:59.1387743Z       "bytes": 246734,
nm_conviction-set	Print the verdict and the page digests to the log	2026-09-12T00:26:59.1388299Z       "pngSha256": "276d789a4460173b454497dee7bd7fea229af7f74f1b00caf964f8a249bc5afe",
nm_conviction-set	Print the verdict and the page digests to the log	2026-09-12T00:26:59.1388725Z       "pngWidth": 2040,
nm_conviction-set	Print the verdict and the page digests to the log	2026-09-12T00:26:59.1388953Z       "pngHeight": 2640,
nm_conviction-set	Print the verdict and the page digests to the log	2026-09-12T00:26:59.1389173Z       "paper": {
nm_conviction-set	Print the verdict and the page digests to the log	2026-09-12T00:26:59.1389371Z         "x0": 204,
nm_conviction-set	Print the verdict and the page digests to the log	2026-09-12T00:26:59.1389569Z         "y0": 3,
nm_conviction-set	Print the verdict and the page digests to the log	2026-09-12T00:26:59.1389759Z         "x1": 2243,
nm_conviction-set	Print the verdict and the page digests to the log	2026-09-12T00:26:59.1390002Z         "y1": 2642,
nm_conviction-set	Print the verdict and the page digests to the log	2026-09-12T00:26:59.1390309Z         "width": 2040,
nm_conviction-set	Print the verdict and the page digests to the log	2026-09-12T00:26:59.1390522Z         "height": 2640
nm_conviction-set	Print the verdict and the page digests to the log	2026-09-12T00:26:59.1390735Z       },
nm_conviction-set	Print the verdict and the page digests to the log	2026-09-12T00:26:59.1391057Z       "pxPerPt": 3.3333333333333335,
nm_conviction-set	Print the verdict and the page digests to the log	2026-09-12T00:26:59.1391360Z       "expectedPxPerPt": 3.333333333333333,
nm_conviction-set	Print the verdict and the page digests to the log	2026-09-12T00:26:59.1391643Z       "pageWidthPt": 612,
nm_conviction-set	Print the verdict and the page digests to the log	2026-09-12T00:26:59.1391883Z       "pageHeightPt": 792,
nm_conviction-set	Print the verdict and the page digests to the log	2026-09-12T00:26:59.1392257Z       "expectedPx": {
nm_conviction-set	Print the verdict and the page digests to the log	2026-09-12T00:26:59.1392501Z         "width": 2039.9999999999998,
nm_conviction-set	Print the verdict and the page digests to the log	2026-09-12T00:26:59.1392779Z         "height": 2639.9999999999995,
nm_conviction-set	Print the verdict and the page digests to the log	2026-09-12T00:26:59.1393060Z         "tolerancePx": 6.666666666666666
nm_conviction-set	Print the verdict and the page digests to the log	2026-09-12T00:26:59.1393623Z       },
nm_conviction-set	Print the verdict and the page digests to the log	2026-09-12T00:26:59.1393870Z       "calibrationResidualPx": 0,
nm_conviction-set	Print the verdict and the page digests to the log	2026-09-12T00:26:59.1394202Z       "inkFractionInsidePaper": 0.024758801247771835,
nm_conviction-set	Print the verdict and the page digests to the log	2026-09-12T00:26:59.1394508Z       "nonblank": true,
nm_conviction-set	Print the verdict and the page digests to the log	2026-09-12T00:26:59.1394832Z       "croppedToThePage": true
nm_conviction-set	Print the verdict and the page digests to the log	2026-09-12T00:26:59.1395146Z     },
nm_conviction-set	Print the verdict and the page digests to the log	2026-09-12T00:26:59.1395330Z     {
nm_conviction-set	Print the verdict and the page digests to the log	2026-09-12T00:26:59.1395533Z       "kind": "canonical",
nm_conviction-set	Print the verdict and the page digests to the log	2026-09-12T00:26:59.1395791Z       "document": "canonical.pdf",
nm_conviction-set	Print the verdict and the page digests to the log	2026-09-12T00:26:59.1396040Z       "page": 14,
nm_conviction-set	Print the verdict and the page digests to the log	2026-09-12T00:26:59.1396321Z       "png": "nm_conviction-set/canonical/page-014.png",
nm_conviction-set	Print the verdict and the page digests to the log	2026-09-12T00:26:59.1396621Z       "bytes": 143074,
nm_conviction-set	Print the verdict and the page digests to the log	2026-09-12T00:26:59.1397019Z       "pngSha256": "8a4f4a75e0c7e67b8c80f9112f4d8014e21b2c230964c6ae43c2d7326eb116b6",
nm_conviction-set	Print the verdict and the page digests to the log	2026-09-12T00:26:59.1397435Z       "pngWidth": 2040,
nm_conviction-set	Print the verdict and the page digests to the log	2026-09-12T00:26:59.1397805Z       "pngHeight": 2640,
nm_conviction-set	Print the verdict and the page digests to the log	2026-09-12T00:26:59.1398127Z       "paper": {
nm_conviction-set	Print the verdict and the page digests to the log	2026-09-12T00:26:59.1398374Z         "x0": 204,
nm_conviction-set	Print the verdict and the page digests to the log	2026-09-12T00:26:59.1398568Z         "y0": 3,
nm_conviction-set	Print the verdict and the page digests to the log	2026-09-12T00:26:59.1398758Z         "x1": 2243,
nm_conviction-set	Print the verdict and the page digests to the log	2026-09-12T00:26:59.1398946Z         "y1": 2642,
nm_conviction-set	Print the verdict and the page digests to the log	2026-09-12T00:26:59.1399134Z         "width": 2040,
nm_conviction-set	Print the verdict and the page digests to the log	2026-09-12T00:26:59.1399337Z         "height": 2640
nm_conviction-set	Print the verdict and the page digests to the log	2026-09-12T00:26:59.1399531Z       },
nm_conviction-set	Print the verdict and the page digests to the log	2026-09-12T00:26:59.1399737Z       "pxPerPt": 3.3333333333333335,
nm_conviction-set	Print the verdict and the page digests to the log	2026-09-12T00:26:59.1400021Z       "expectedPxPerPt": 3.333333333333333,
nm_conviction-set	Print the verdict and the page digests to the log	2026-09-12T00:26:59.1400316Z       "pageWidthPt": 612,
nm_conviction-set	Print the verdict and the page digests to the log	2026-09-12T00:26:59.1400685Z       "pageHeightPt": 792,
nm_conviction-set	Print the verdict and the page digests to the log	2026-09-12T00:26:59.1400928Z       "expectedPx": {
nm_conviction-set	Print the verdict and the page digests to the log	2026-09-12T00:26:59.1401170Z         "width": 2039.9999999999998,
nm_conviction-set	Print the verdict and the page digests to the log	2026-09-12T00:26:59.1401443Z         "height": 2639.9999999999995,
nm_conviction-set	Print the verdict and the page digests to the log	2026-09-12T00:26:59.1401732Z         "tolerancePx": 6.666666666666666
nm_conviction-set	Print the verdict and the page digests to the log	2026-09-12T00:26:59.1401982Z       },
nm_conviction-set	Print the verdict and the page digests to the log	2026-09-12T00:26:59.1402201Z       "calibrationResidualPx": 0,
nm_conviction-set	Print the verdict and the page digests to the log	2026-09-12T00:26:59.1402625Z       "inkFractionInsidePaper": 0.0135873440285205,
nm_conviction-set	Print the verdict and the page digests to the log	2026-09-12T00:26:59.1402969Z       "nonblank": true,
nm_conviction-set	Print the verdict and the page digests to the log	2026-09-12T00:26:59.1403219Z       "croppedToThePage": true
nm_conviction-set	Print the verdict and the page digests to the log	2026-09-12T00:26:59.1403664Z     },
nm_conviction-set	Print the verdict and the page digests to the log	2026-09-12T00:26:59.1403846Z     {
nm_conviction-set	Print the verdict and the page digests to the log	2026-09-12T00:26:59.1404035Z       "kind": "canonical",
nm_conviction-set	Print the verdict and the page digests to the log	2026-09-12T00:26:59.1404293Z       "document": "canonical.pdf",
nm_conviction-set	Print the verdict and the page digests to the log	2026-09-12T00:26:59.1404542Z       "page": 15,
nm_conviction-set	Print the verdict and the page digests to the log	2026-09-12T00:26:59.1404882Z       "png": "nm_conviction-set/canonical/page-015.png",
nm_conviction-set	Print the verdict and the page digests to the log	2026-09-12T00:26:59.1405437Z       "bytes": 166154,
nm_conviction-set	Print the verdict and the page digests to the log	2026-09-12T00:26:59.1405864Z       "pngSha256": "f8c98ad639e17e8eb572575b08d2aff29fa362589a91bc7c7df19894723111d1",
nm_conviction-set	Print the verdict and the page digests to the log	2026-09-12T00:26:59.1406287Z       "pngWidth": 2040,
nm_conviction-set	Print the verdict and the page digests to the log	2026-09-12T00:26:59.1406514Z       "pngHeight": 2640,
nm_conviction-set	Print the verdict and the page digests to the log	2026-09-12T00:26:59.1406740Z       "paper": {
nm_conviction-set	Print the verdict and the page digests to the log	2026-09-12T00:26:59.1406941Z         "x0": 204,
nm_conviction-set	Print the verdict and the page digests to the log	2026-09-12T00:26:59.1407149Z         "y0": 3,
nm_conviction-set	Print the verdict and the page digests to the log	2026-09-12T00:26:59.1407343Z         "x1": 2243,
nm_conviction-set	Print the verdict and the page digests to the log	2026-09-12T00:26:59.1407631Z         "y1": 2642,
nm_conviction-set	Print the verdict and the page digests to the log	2026-09-12T00:26:59.1407901Z         "width": 2040,
nm_conviction-set	Print the verdict and the page digests to the log	2026-09-12T00:26:59.1408117Z         "height": 2640
nm_conviction-set	Print the verdict and the page digests to the log	2026-09-12T00:26:59.1408328Z       },
nm_conviction-set	Print the verdict and the page digests to the log	2026-09-12T00:26:59.1408547Z       "pxPerPt": 3.3333333333333335,
nm_conviction-set	Print the verdict and the page digests to the log	2026-09-12T00:26:59.1408852Z       "expectedPxPerPt": 3.333333333333333,
nm_conviction-set	Print the verdict and the page digests to the log	2026-09-12T00:26:59.1409137Z       "pageWidthPt": 612,
nm_conviction-set	Print the verdict and the page digests to the log	2026-09-12T00:26:59.1409374Z       "pageHeightPt": 792,
nm_conviction-set	Print the verdict and the page digests to the log	2026-09-12T00:26:59.1409606Z       "expectedPx": {
nm_conviction-set	Print the verdict and the page digests to the log	2026-09-12T00:26:59.1409979Z         "width": 2039.9999999999998,
nm_conviction-set	Print the verdict and the page digests to the log	2026-09-12T00:26:59.1410266Z         "height": 2639.9999999999995,
nm_conviction-set	Print the verdict and the page digests to the log	2026-09-12T00:26:59.1410559Z         "tolerancePx": 6.666666666666666
nm_conviction-set	Print the verdict and the page digests to the log	2026-09-12T00:26:59.1410808Z       },
nm_conviction-set	Print the verdict and the page digests to the log	2026-09-12T00:26:59.1411030Z       "calibrationResidualPx": 0,
nm_conviction-set	Print the verdict and the page digests to the log	2026-09-12T00:26:59.1411353Z       "inkFractionInsidePaper": 0.01638387551990493,
nm_conviction-set	Print the verdict and the page digests to the log	2026-09-12T00:26:59.1411652Z       "nonblank": true,
nm_conviction-set	Print the verdict and the page digests to the log	2026-09-12T00:26:59.1412042Z       "croppedToThePage": true
nm_conviction-set	Print the verdict and the page digests to the log	2026-09-12T00:26:59.1412285Z     },
nm_conviction-set	Print the verdict and the page digests to the log	2026-09-12T00:26:59.1412460Z     {
nm_conviction-set	Print the verdict and the page digests to the log	2026-09-12T00:26:59.1412654Z       "kind": "canonical",
nm_conviction-set	Print the verdict and the page digests to the log	2026-09-12T00:26:59.1412914Z       "document": "canonical.pdf",
nm_conviction-set	Print the verdict and the page digests to the log	2026-09-12T00:26:59.1413163Z       "page": 16,
nm_conviction-set	Print the verdict and the page digests to the log	2026-09-12T00:26:59.1413703Z       "png": "nm_conviction-set/canonical/page-016.png",
nm_conviction-set	Print the verdict and the page digests to the log	2026-09-12T00:26:59.1414159Z       "bytes": 431928,
nm_conviction-set	Print the verdict and the page digests to the log	2026-09-12T00:26:59.1414581Z       "pngSha256": "5237cad7ee5aafae925f05f6310d04cd16c82f9c932aaeee5f0420ecfe90826a",
nm_conviction-set	Print the verdict and the page digests to the log	2026-09-12T00:26:59.1415009Z       "pngWidth": 2040,
nm_conviction-set	Print the verdict and the page digests to the log	2026-09-12T00:26:59.1415229Z       "pngHeight": 2640,
nm_conviction-set	Print the verdict and the page digests to the log	2026-09-12T00:26:59.1415452Z       "paper": {
nm_conviction-set	Print the verdict and the page digests to the log	2026-09-12T00:26:59.1415657Z         "x0": 204,
nm_conviction-set	Print the verdict and the page digests to the log	2026-09-12T00:26:59.1415959Z         "y0": 3,
nm_conviction-set	Print the verdict and the page digests to the log	2026-09-12T00:26:59.1416192Z         "x1": 2243,
nm_conviction-set	Print the verdict and the page digests to the log	2026-09-12T00:26:59.1416398Z         "y1": 2642,
nm_conviction-set	Print the verdict and the page digests to the log	2026-09-12T00:26:59.1416595Z         "width": 2040,
nm_conviction-set	Print the verdict and the page digests to the log	2026-09-12T00:26:59.1416807Z         "height": 2640
nm_conviction-set	Print the verdict and the page digests to the log	2026-09-12T00:26:59.1417010Z       },
nm_conviction-set	Print the verdict and the page digests to the log	2026-09-12T00:26:59.1417226Z       "pxPerPt": 3.3333333333333335,
nm_conviction-set	Print the verdict and the page digests to the log	2026-09-12T00:26:59.1417523Z       "expectedPxPerPt": 3.333333333333333,
nm_conviction-set	Print the verdict and the page digests to the log	2026-09-12T00:26:59.1418164Z       "pageWidthPt": 612,
nm_conviction-set	Print the verdict and the page digests to the log	2026-09-12T00:26:59.1418405Z       "pageHeightPt": 792,
nm_conviction-set	Print the verdict and the page digests to the log	2026-09-12T00:26:59.1418638Z       "expectedPx": {
nm_conviction-set	Print the verdict and the page digests to the log	2026-09-12T00:26:59.1418882Z         "width": 2039.9999999999998,
nm_conviction-set	Print the verdict and the page digests to the log	2026-09-12T00:26:59.1419155Z         "height": 2639.9999999999995,
nm_conviction-set	Print the verdict and the page digests to the log	2026-09-12T00:26:59.1419438Z         "tolerancePx": 6.666666666666666
nm_conviction-set	Print the verdict and the page digests to the log	2026-09-12T00:26:59.1419690Z       },
nm_conviction-set	Print the verdict and the page digests to the log	2026-09-12T00:26:59.1420099Z       "calibrationResidualPx": 0,
nm_conviction-set	Print the verdict and the page digests to the log	2026-09-12T00:26:59.1420685Z       "inkFractionInsidePaper": 0.05538045900178253,
nm_conviction-set	Print the verdict and the page digests to the log	2026-09-12T00:26:59.1421233Z       "nonblank": true,
nm_conviction-set	Print the verdict and the page digests to the log	2026-09-12T00:26:59.1421671Z       "croppedToThePage": true
nm_conviction-set	Print the verdict and the page digests to the log	2026-09-12T00:26:59.1421991Z     },
nm_conviction-set	Print the verdict and the page digests to the log	2026-09-12T00:26:59.1422175Z     {
nm_conviction-set	Print the verdict and the page digests to the log	2026-09-12T00:26:59.1422365Z       "kind": "canonical",
nm_conviction-set	Print the verdict and the page digests to the log	2026-09-12T00:26:59.1422745Z       "document": "canonical.pdf",
nm_conviction-set	Print the verdict and the page digests to the log	2026-09-12T00:26:59.1423085Z       "page": 17,
nm_conviction-set	Print the verdict and the page digests to the log	2026-09-12T00:26:59.1423604Z       "png": "nm_conviction-set/canonical/page-017.png",
nm_conviction-set	Print the verdict and the page digests to the log	2026-09-12T00:26:59.1423938Z       "bytes": 306107,
nm_conviction-set	Print the verdict and the page digests to the log	2026-09-12T00:26:59.1424339Z       "pngSha256": "167ff1010f925fa189d267d7b893e751fbf3f8329b9041c11f32ede6d9c15570",
nm_conviction-set	Print the verdict and the page digests to the log	2026-09-12T00:26:59.1424757Z       "pngWidth": 2040,
nm_conviction-set	Print the verdict and the page digests to the log	2026-09-12T00:26:59.1425100Z       "pngHeight": 2640,
nm_conviction-set	Print the verdict and the page digests to the log	2026-09-12T00:26:59.1425800Z       "paper": {
nm_conviction-set	Print the verdict and the page digests to the log	2026-09-12T00:26:59.1426155Z         "x0": 204,
nm_conviction-set	Print the verdict and the page digests to the log	2026-09-12T00:26:59.1426510Z         "y0": 3,
nm_conviction-set	Print the verdict and the page digests to the log	2026-09-12T00:26:59.1426842Z         "x1": 2243,
nm_conviction-set	Print the verdict and the page digests to the log	2026-09-12T00:26:59.1427165Z         "y1": 2642,
nm_conviction-set	Print the verdict and the page digests to the log	2026-09-12T00:26:59.1427377Z         "width": 2040,
nm_conviction-set	Print the verdict and the page digests to the log	2026-09-12T00:26:59.1427764Z         "height": 2640
nm_conviction-set	Print the verdict and the page digests to the log	2026-09-12T00:26:59.1427968Z       },
nm_conviction-set	Print the verdict and the page digests to the log	2026-09-12T00:26:59.1428191Z       "pxPerPt": 3.3333333333333335,
nm_conviction-set	Print the verdict and the page digests to the log	2026-09-12T00:26:59.1428491Z       "expectedPxPerPt": 3.333333333333333,
nm_conviction-set	Print the verdict and the page digests to the log	2026-09-12T00:26:59.1428775Z       "pageWidthPt": 612,
nm_conviction-set	Print the verdict and the page digests to the log	2026-09-12T00:26:59.1429014Z       "pageHeightPt": 792,
nm_conviction-set	Print the verdict and the page digests to the log	2026-09-12T00:26:59.1429252Z       "expectedPx": {
nm_conviction-set	Print the verdict and the page digests to the log	2026-09-12T00:26:59.1429492Z         "width": 2039.9999999999998,
nm_conviction-set	Print the verdict and the page digests to the log	2026-09-12T00:26:59.1429798Z         "height": 2639.9999999999995,
nm_conviction-set	Print the verdict and the page digests to the log	2026-09-12T00:26:59.1430089Z         "tolerancePx": 6.666666666666666
nm_conviction-set	Print the verdict and the page digests to the log	2026-09-12T00:26:59.1430339Z       },
nm_conviction-set	Print the verdict and the page digests to the log	2026-09-12T00:26:59.1430560Z       "calibrationResidualPx": 0,
nm_conviction-set	Print the verdict and the page digests to the log	2026-09-12T00:26:59.1430887Z       "inkFractionInsidePaper": 0.04287358882947118,
nm_conviction-set	Print the verdict and the page digests to the log	2026-09-12T00:26:59.1431192Z       "nonblank": true,
nm_conviction-set	Print the verdict and the page digests to the log	2026-09-12T00:26:59.1431442Z       "croppedToThePage": true
nm_conviction-set	Print the verdict and the page digests to the log	2026-09-12T00:26:59.1431675Z     },
nm_conviction-set	Print the verdict and the page digests to the log	2026-09-12T00:26:59.1431853Z     {
nm_conviction-set	Print the verdict and the page digests to the log	2026-09-12T00:26:59.1432044Z       "kind": "canonical",
nm_conviction-set	Print the verdict and the page digests to the log	2026-09-12T00:26:59.1432317Z       "document": "canonical.pdf",
nm_conviction-set	Print the verdict and the page digests to the log	2026-09-12T00:26:59.1432570Z       "page": 18,
nm_conviction-set	Print the verdict and the page digests to the log	2026-09-12T00:26:59.1432859Z       "png": "nm_conviction-set/canonical/page-018.png",
nm_conviction-set	Print the verdict and the page digests to the log	2026-09-12T00:26:59.1433167Z       "bytes": 276042,
nm_conviction-set	Print the verdict and the page digests to the log	2026-09-12T00:26:59.1433856Z       "pngSha256": "03e5127ccb279a068257093f2590f92a83076fb24a7e2cc36188a4c298e4f16a",
nm_conviction-set	Print the verdict and the page digests to the log	2026-09-12T00:26:59.1434294Z       "pngWidth": 2040,
nm_conviction-set	Print the verdict and the page digests to the log	2026-09-12T00:26:59.1434524Z       "pngHeight": 2640,
nm_conviction-set	Print the verdict and the page digests to the log	2026-09-12T00:26:59.1434754Z       "paper": {
nm_conviction-set	Print the verdict and the page digests to the log	2026-09-12T00:26:59.1434958Z         "x0": 204,
nm_conviction-set	Print the verdict and the page digests to the log	2026-09-12T00:26:59.1435156Z         "y0": 3,
nm_conviction-set	Print the verdict and the page digests to the log	2026-09-12T00:26:59.1435347Z         "x1": 2243,
nm_conviction-set	Print the verdict and the page digests to the log	2026-09-12T00:26:59.1435548Z         "y1": 2642,
nm_conviction-set	Print the verdict and the page digests to the log	2026-09-12T00:26:59.1435749Z         "width": 2040,
nm_conviction-set	Print the verdict and the page digests to the log	2026-09-12T00:26:59.1435964Z         "height": 2640
nm_conviction-set	Print the verdict and the page digests to the log	2026-09-12T00:26:59.1436167Z       },
nm_conviction-set	Print the verdict and the page digests to the log	2026-09-12T00:26:59.1436386Z       "pxPerPt": 3.3333333333333335,
nm_conviction-set	Print the verdict and the page digests to the log	2026-09-12T00:26:59.1436684Z       "expectedPxPerPt": 3.333333333333333,
nm_conviction-set	Print the verdict and the page digests to the log	2026-09-12T00:26:59.1436980Z       "pageWidthPt": 612,
nm_conviction-set	Print the verdict and the page digests to the log	2026-09-12T00:26:59.1437219Z       "pageHeightPt": 792,
nm_conviction-set	Print the verdict and the page digests to the log	2026-09-12T00:26:59.1437453Z       "expectedPx": {
nm_conviction-set	Print the verdict and the page digests to the log	2026-09-12T00:26:59.1437691Z         "width": 2039.9999999999998,
nm_conviction-set	Print the verdict and the page digests to the log	2026-09-12T00:26:59.1437968Z         "height": 2639.9999999999995,
nm_conviction-set	Print the verdict and the page digests to the log	2026-09-12T00:26:59.1438254Z         "tolerancePx": 6.666666666666666
nm_conviction-set	Print the verdict and the page digests to the log	2026-09-12T00:26:59.1438511Z       },
nm_conviction-set	Print the verdict and the page digests to the log	2026-09-12T00:26:59.1438731Z       "calibrationResidualPx": 0,
nm_conviction-set	Print the verdict and the page digests to the log	2026-09-12T00:26:59.1439055Z       "inkFractionInsidePaper": 0.031290849673202614,
nm_conviction-set	Print the verdict and the page digests to the log	2026-09-12T00:26:59.1439504Z       "nonblank": true,
nm_conviction-set	Print the verdict and the page digests to the log	2026-09-12T00:26:59.1439754Z       "croppedToThePage": true
nm_conviction-set	Print the verdict and the page digests to the log	2026-09-12T00:26:59.1439991Z     },
nm_conviction-set	Print the verdict and the page digests to the log	2026-09-12T00:26:59.1440174Z     {
nm_conviction-set	Print the verdict and the page digests to the log	2026-09-12T00:26:59.1440368Z       "kind": "canonical",
nm_conviction-set	Print the verdict and the page digests to the log	2026-09-12T00:26:59.1440629Z       "document": "canonical.pdf",
nm_conviction-set	Print the verdict and the page digests to the log	2026-09-12T00:26:59.1440880Z       "page": 19,
nm_conviction-set	Print the verdict and the page digests to the log	2026-09-12T00:26:59.1441164Z       "png": "nm_conviction-set/canonical/page-019.png",
nm_conviction-set	Print the verdict and the page digests to the log	2026-09-12T00:26:59.1441475Z       "bytes": 284058,
nm_conviction-set	Print the verdict and the page digests to the log	2026-09-12T00:26:59.1441891Z       "pngSha256": "9ca06d17338adc2906d6001ce03d6d8b840dbda403dd321d74fe1dc653f426fd",
nm_conviction-set	Print the verdict and the page digests to the log	2026-09-12T00:26:59.1442315Z       "pngWidth": 2040,
nm_conviction-set	Print the verdict and the page digests to the log	2026-09-12T00:26:59.1442538Z       "pngHeight": 2640,
nm_conviction-set	Print the verdict and the page digests to the log	2026-09-12T00:26:59.1442756Z       "paper": {
nm_conviction-set	Print the verdict and the page digests to the log	2026-09-12T00:26:59.1442953Z         "x0": 204,
nm_conviction-set	Print the verdict and the page digests to the log	2026-09-12T00:26:59.1443151Z         "y0": 3,
nm_conviction-set	Print the verdict and the page digests to the log	2026-09-12T00:26:59.1443542Z         "x1": 2243,
nm_conviction-set	Print the verdict and the page digests to the log	2026-09-12T00:26:59.1443768Z         "y1": 2642,
nm_conviction-set	Print the verdict and the page digests to the log	2026-09-12T00:26:59.1443966Z         "width": 2040,
nm_conviction-set	Print the verdict and the page digests to the log	2026-09-12T00:26:59.1444183Z         "height": 2640
nm_conviction-set	Print the verdict and the page digests to the log	2026-09-12T00:26:59.1444388Z       },
nm_conviction-set	Print the verdict and the page digests to the log	2026-09-12T00:26:59.1444601Z       "pxPerPt": 3.3333333333333335,
nm_conviction-set	Print the verdict and the page digests to the log	2026-09-12T00:26:59.1444898Z       "expectedPxPerPt": 3.333333333333333,
nm_conviction-set	Print the verdict and the page digests to the log	2026-09-12T00:26:59.1445179Z       "pageWidthPt": 612,
nm_conviction-set	Print the verdict and the page digests to the log	2026-09-12T00:26:59.1445414Z       "pageHeightPt": 792,
nm_conviction-set	Print the verdict and the page digests to the log	2026-09-12T00:26:59.1445645Z       "expectedPx": {
nm_conviction-set	Print the verdict and the page digests to the log	2026-09-12T00:26:59.1445884Z         "width": 2039.9999999999998,
nm_conviction-set	Print the verdict and the page digests to the log	2026-09-12T00:26:59.1446155Z         "height": 2639.9999999999995,
nm_conviction-set	Print the verdict and the page digests to the log	2026-09-12T00:26:59.1446587Z         "tolerancePx": 6.666666666666666
nm_conviction-set	Print the verdict and the page digests to the log	2026-09-12T00:26:59.1446838Z       },
nm_conviction-set	Print the verdict and the page digests to the log	2026-09-12T00:26:59.1447057Z       "calibrationResidualPx": 0,
nm_conviction-set	Print the verdict and the page digests to the log	2026-09-12T00:26:59.1447375Z       "inkFractionInsidePaper": 0.03273562834224599,
nm_conviction-set	Print the verdict and the page digests to the log	2026-09-12T00:26:59.1447676Z       "nonblank": true,
nm_conviction-set	Print the verdict and the page digests to the log	2026-09-12T00:26:59.1447925Z       "croppedToThePage": true
nm_conviction-set	Print the verdict and the page digests to the log	2026-09-12T00:26:59.1448163Z     },
nm_conviction-set	Print the verdict and the page digests to the log	2026-09-12T00:26:59.1448337Z     {
nm_conviction-set	Print the verdict and the page digests to the log	2026-09-12T00:26:59.1448526Z       "kind": "canonical",
nm_conviction-set	Print the verdict and the page digests to the log	2026-09-12T00:26:59.1448789Z       "document": "canonical.pdf",
nm_conviction-set	Print the verdict and the page digests to the log	2026-09-12T00:26:59.1449039Z       "page": 20,
nm_conviction-set	Print the verdict and the page digests to the log	2026-09-12T00:26:59.1449318Z       "png": "nm_conviction-set/canonical/page-020.png",
nm_conviction-set	Print the verdict and the page digests to the log	2026-09-12T00:26:59.1449627Z       "bytes": 343470,
nm_conviction-set	Print the verdict and the page digests to the log	2026-09-12T00:26:59.1450021Z       "pngSha256": "c1437e035f7814e6a41bf2574a806e3d969a3c2936153df00a53cd3b1c893f0e",
nm_conviction-set	Print the verdict and the page digests to the log	2026-09-12T00:26:59.1450434Z       "pngWidth": 2040,
nm_conviction-set	Print the verdict and the page digests to the log	2026-09-12T00:26:59.1450656Z       "pngHeight": 2640,
nm_conviction-set	Print the verdict and the page digests to the log	2026-09-12T00:26:59.1450870Z       "paper": {
nm_conviction-set	Print the verdict and the page digests to the log	2026-09-12T00:26:59.1451072Z         "x0": 204,
nm_conviction-set	Print the verdict and the page digests to the log	2026-09-12T00:26:59.1451272Z         "y0": 3,
nm_conviction-set	Print the verdict and the page digests to the log	2026-09-12T00:26:59.1451464Z         "x1": 2243,
nm_conviction-set	Print the verdict and the page digests to the log	2026-09-12T00:26:59.1451660Z         "y1": 2642,
nm_conviction-set	Print the verdict and the page digests to the log	2026-09-12T00:26:59.1451856Z         "width": 2040,
nm_conviction-set	Print the verdict and the page digests to the log	2026-09-12T00:26:59.1452066Z         "height": 2640
nm_conviction-set	Print the verdict and the page digests to the log	2026-09-12T00:26:59.1452267Z       },
nm_conviction-set	Print the verdict and the page digests to the log	2026-09-12T00:26:59.1452485Z       "pxPerPt": 3.3333333333333335,
nm_conviction-set	Print the verdict and the page digests to the log	2026-09-12T00:26:59.1452778Z       "expectedPxPerPt": 3.333333333333333,
nm_conviction-set	Print the verdict and the page digests to the log	2026-09-12T00:26:59.1453055Z       "pageWidthPt": 612,
nm_conviction-set	Print the verdict and the page digests to the log	2026-09-12T00:26:59.1453296Z       "pageHeightPt": 792,
nm_conviction-set	Print the verdict and the page digests to the log	2026-09-12T00:26:59.1453830Z       "expectedPx": {
nm_conviction-set	Print the verdict and the page digests to the log	2026-09-12T00:26:59.1454081Z         "width": 2039.9999999999998,
nm_conviction-set	Print the verdict and the page digests to the log	2026-09-12T00:26:59.1454360Z         "height": 2639.9999999999995,
nm_conviction-set	Print the verdict and the page digests to the log	2026-09-12T00:26:59.1454641Z         "tolerancePx": 6.666666666666666
nm_conviction-set	Print the verdict and the page digests to the log	2026-09-12T00:26:59.1454888Z       },
nm_conviction-set	Print the verdict and the page digests to the log	2026-09-12T00:26:59.1455107Z       "calibrationResidualPx": 0,
nm_conviction-set	Print the verdict and the page digests to the log	2026-09-12T00:26:59.1455426Z       "inkFractionInsidePaper": 0.04063298425430779,
nm_conviction-set	Print the verdict and the page digests to the log	2026-09-12T00:26:59.1455736Z       "nonblank": true,
nm_conviction-set	Print the verdict and the page digests to the log	2026-09-12T00:26:59.1455983Z       "croppedToThePage": true
nm_conviction-set	Print the verdict and the page digests to the log	2026-09-12T00:26:59.1456215Z     },
nm_conviction-set	Print the verdict and the page digests to the log	2026-09-12T00:26:59.1456388Z     {
nm_conviction-set	Print the verdict and the page digests to the log	2026-09-12T00:26:59.1456575Z       "kind": "canonical",
nm_conviction-set	Print the verdict and the page digests to the log	2026-09-12T00:26:59.1456830Z       "document": "canonical.pdf",
nm_conviction-set	Print the verdict and the page digests to the log	2026-09-12T00:26:59.1457082Z       "page": 21,
nm_conviction-set	Print the verdict and the page digests to the log	2026-09-12T00:26:59.1457369Z       "png": "nm_conviction-set/canonical/page-021.png",
nm_conviction-set	Print the verdict and the page digests to the log	2026-09-12T00:26:59.1457670Z       "bytes": 282122,
nm_conviction-set	Print the verdict and the page digests to the log	2026-09-12T00:26:59.1458212Z       "pngSha256": "54dd75719b3d54371bec7210fb9da0961a2ecf0a5e53737be8ca9076f2fa797d",
nm_conviction-set	Print the verdict and the page digests to the log	2026-09-12T00:26:59.1458628Z       "pngWidth": 2040,
nm_conviction-set	Print the verdict and the page digests to the log	2026-09-12T00:26:59.1458846Z       "pngHeight": 2640,
nm_conviction-set	Print the verdict and the page digests to the log	2026-09-12T00:26:59.1459069Z       "paper": {
nm_conviction-set	Print the verdict and the page digests to the log	2026-09-12T00:26:59.1459264Z         "x0": 204,
nm_conviction-set	Print the verdict and the page digests to the log	2026-09-12T00:26:59.1459462Z         "y0": 3,
nm_conviction-set	Print the verdict and the page digests to the log	2026-09-12T00:26:59.1459652Z         "x1": 2243,
nm_conviction-set	Print the verdict and the page digests to the log	2026-09-12T00:26:59.1459845Z         "y1": 2642,
nm_conviction-set	Print the verdict and the page digests to the log	2026-09-12T00:26:59.1460041Z         "width": 2040,
nm_conviction-set	Print the verdict and the page digests to the log	2026-09-12T00:26:59.1460254Z         "height": 2640
nm_conviction-set	Print the verdict and the page digests to the log	2026-09-12T00:26:59.1460457Z       },
nm_conviction-set	Print the verdict and the page digests to the log	2026-09-12T00:26:59.1460674Z       "pxPerPt": 3.3333333333333335,
nm_conviction-set	Print the verdict and the page digests to the log	2026-09-12T00:26:59.1460964Z       "expectedPxPerPt": 3.333333333333333,
nm_conviction-set	Print the verdict and the page digests to the log	2026-09-12T00:26:59.1461240Z       "pageWidthPt": 612,
nm_conviction-set	Print the verdict and the page digests to the log	2026-09-12T00:26:59.1461475Z       "pageHeightPt": 792,
nm_conviction-set	Print the verdict and the page digests to the log	2026-09-12T00:26:59.1461711Z       "expectedPx": {
nm_conviction-set	Print the verdict and the page digests to the log	2026-09-12T00:26:59.1461949Z         "width": 2039.9999999999998,
nm_conviction-set	Print the verdict and the page digests to the log	2026-09-12T00:26:59.1462223Z         "height": 2639.9999999999995,
nm_conviction-set	Print the verdict and the page digests to the log	2026-09-12T00:26:59.1462509Z         "tolerancePx": 6.666666666666666
nm_conviction-set	Print the verdict and the page digests to the log	2026-09-12T00:26:59.1462758Z       },
nm_conviction-set	Print the verdict and the page digests to the log	2026-09-12T00:26:59.1462976Z       "calibrationResidualPx": 0,
nm_conviction-set	Print the verdict and the page digests to the log	2026-09-12T00:26:59.1463305Z       "inkFractionInsidePaper": 0.035157085561497325,
nm_conviction-set	Print the verdict and the page digests to the log	2026-09-12T00:26:59.1463840Z       "nonblank": true,
nm_conviction-set	Print the verdict and the page digests to the log	2026-09-12T00:26:59.1464090Z       "croppedToThePage": true
nm_conviction-set	Print the verdict and the page digests to the log	2026-09-12T00:26:59.1464322Z     },
nm_conviction-set	Print the verdict and the page digests to the log	2026-09-12T00:26:59.1464494Z     {
nm_conviction-set	Print the verdict and the page digests to the log	2026-09-12T00:26:59.1464681Z       "kind": "canonical",
nm_conviction-set	Print the verdict and the page digests to the log	2026-09-12T00:26:59.1464942Z       "document": "canonical.pdf",
nm_conviction-set	Print the verdict and the page digests to the log	2026-09-12T00:26:59.1465321Z       "page": 22,
nm_conviction-set	Print the verdict and the page digests to the log	2026-09-12T00:26:59.1465599Z       "png": "nm_conviction-set/canonical/page-022.png",
nm_conviction-set	Print the verdict and the page digests to the log	2026-09-12T00:26:59.1465899Z       "bytes": 266275,
nm_conviction-set	Print the verdict and the page digests to the log	2026-09-12T00:26:59.1466303Z       "pngSha256": "25cadfdd7ee8b25c1d5139d15ec448d3f891759b0d03cfcdae28987ec1245b2c",
nm_conviction-set	Print the verdict and the page digests to the log	2026-09-12T00:26:59.1466724Z       "pngWidth": 2040,
nm_conviction-set	Print the verdict and the page digests to the log	2026-09-12T00:26:59.1466948Z       "pngHeight": 2640,
nm_conviction-set	Print the verdict and the page digests to the log	2026-09-12T00:26:59.1467162Z       "paper": {
nm_conviction-set	Print the verdict and the page digests to the log	2026-09-12T00:26:59.1467361Z         "x0": 204,
nm_conviction-set	Print the verdict and the page digests to the log	2026-09-12T00:26:59.1467554Z         "y0": 3,
nm_conviction-set	Print the verdict and the page digests to the log	2026-09-12T00:26:59.1467742Z         "x1": 2243,
nm_conviction-set	Print the verdict and the page digests to the log	2026-09-12T00:26:59.1467935Z         "y1": 2642,
nm_conviction-set	Print the verdict and the page digests to the log	2026-09-12T00:26:59.1468136Z         "width": 2040,
nm_conviction-set	Print the verdict and the page digests to the log	2026-09-12T00:26:59.1468344Z         "height": 2640
nm_conviction-set	Print the verdict and the page digests to the log	2026-09-12T00:26:59.1468544Z       },
nm_conviction-set	Print the verdict and the page digests to the log	2026-09-12T00:26:59.1468753Z       "pxPerPt": 3.3333333333333335,
nm_conviction-set	Print the verdict and the page digests to the log	2026-09-12T00:26:59.1469040Z       "expectedPxPerPt": 3.333333333333333,
nm_conviction-set	Print the verdict and the page digests to the log	2026-09-12T00:26:59.1469315Z       "pageWidthPt": 612,
nm_conviction-set	Print the verdict and the page digests to the log	2026-09-12T00:26:59.1469560Z       "pageHeightPt": 792,
nm_conviction-set	Print the verdict and the page digests to the log	2026-09-12T00:26:59.1469788Z       "expectedPx": {
nm_conviction-set	Print the verdict and the page digests to the log	2026-09-12T00:26:59.1470019Z         "width": 2039.9999999999998,
nm_conviction-set	Print the verdict and the page digests to the log	2026-09-12T00:26:59.1470286Z         "height": 2639.9999999999995,
nm_conviction-set	Print the verdict and the page digests to the log	2026-09-12T00:26:59.1470562Z         "tolerancePx": 6.666666666666666
nm_conviction-set	Print the verdict and the page digests to the log	2026-09-12T00:26:59.1470806Z       },
nm_conviction-set	Print the verdict and the page digests to the log	2026-09-12T00:26:59.1471028Z       "calibrationResidualPx": 0,
nm_conviction-set	Print the verdict and the page digests to the log	2026-09-12T00:26:59.1471346Z       "inkFractionInsidePaper": 0.03037377450980392,
nm_conviction-set	Print the verdict and the page digests to the log	2026-09-12T00:26:59.1471651Z       "nonblank": true,
nm_conviction-set	Print the verdict and the page digests to the log	2026-09-12T00:26:59.1471895Z       "croppedToThePage": true
nm_conviction-set	Print the verdict and the page digests to the log	2026-09-12T00:26:59.1472124Z     },
nm_conviction-set	Print the verdict and the page digests to the log	2026-09-12T00:26:59.1472298Z     {
nm_conviction-set	Print the verdict and the page digests to the log	2026-09-12T00:26:59.1472489Z       "kind": "canonical",
nm_conviction-set	Print the verdict and the page digests to the log	2026-09-12T00:26:59.1472741Z       "document": "canonical.pdf",
nm_conviction-set	Print the verdict and the page digests to the log	2026-09-12T00:26:59.1472984Z       "page": 23,
nm_conviction-set	Print the verdict and the page digests to the log	2026-09-12T00:26:59.1473259Z       "png": "nm_conviction-set/canonical/page-023.png",
nm_conviction-set	Print the verdict and the page digests to the log	2026-09-12T00:26:59.1473803Z       "bytes": 246327,
nm_conviction-set	Print the verdict and the page digests to the log	2026-09-12T00:26:59.1474213Z       "pngSha256": "cc73f098164dd010aaa642305ba52147a603f08d461d5c31052db6f3afb11afe",
nm_conviction-set	Print the verdict and the page digests to the log	2026-09-12T00:26:59.1474642Z       "pngWidth": 2040,
nm_conviction-set	Print the verdict and the page digests to the log	2026-09-12T00:26:59.1474867Z       "pngHeight": 2640,
nm_conviction-set	Print the verdict and the page digests to the log	2026-09-12T00:26:59.1475085Z       "paper": {
nm_conviction-set	Print the verdict and the page digests to the log	2026-09-12T00:26:59.1475283Z         "x0": 204,
nm_conviction-set	Print the verdict and the page digests to the log	2026-09-12T00:26:59.1475476Z         "y0": 3,
nm_conviction-set	Print the verdict and the page digests to the log	2026-09-12T00:26:59.1475670Z         "x1": 2243,
nm_conviction-set	Print the verdict and the page digests to the log	2026-09-12T00:26:59.1475861Z         "y1": 2642,
nm_conviction-set	Print the verdict and the page digests to the log	2026-09-12T00:26:59.1476056Z         "width": 2040,
nm_conviction-set	Print the verdict and the page digests to the log	2026-09-12T00:26:59.1476263Z         "height": 2640
nm_conviction-set	Print the verdict and the page digests to the log	2026-09-12T00:26:59.1476597Z       },
nm_conviction-set	Print the verdict and the page digests to the log	2026-09-12T00:26:59.1476815Z       "pxPerPt": 3.3333333333333335,
nm_conviction-set	Print the verdict and the page digests to the log	2026-09-12T00:26:59.1477107Z       "expectedPxPerPt": 3.333333333333333,
nm_conviction-set	Print the verdict and the page digests to the log	2026-09-12T00:26:59.1477392Z       "pageWidthPt": 612,
nm_conviction-set	Print the verdict and the page digests to the log	2026-09-12T00:26:59.1477625Z       "pageHeightPt": 792,
nm_conviction-set	Print the verdict and the page digests to the log	2026-09-12T00:26:59.1477863Z       "expectedPx": {
nm_conviction-set	Print the verdict and the page digests to the log	2026-09-12T00:26:59.1478109Z         "width": 2039.9999999999998,
nm_conviction-set	Print the verdict and the page digests to the log	2026-09-12T00:26:59.1478392Z         "height": 2639.9999999999995,
nm_conviction-set	Print the verdict and the page digests to the log	2026-09-12T00:26:59.1478685Z         "tolerancePx": 6.666666666666666
nm_conviction-set	Print the verdict and the page digests to the log	2026-09-12T00:26:59.1478941Z       },
nm_conviction-set	Print the verdict and the page digests to the log	2026-09-12T00:26:59.1479161Z       "calibrationResidualPx": 0,
nm_conviction-set	Print the verdict and the page digests to the log	2026-09-12T00:26:59.1479487Z       "inkFractionInsidePaper": 0.030764074569221627,
nm_conviction-set	Print the verdict and the page digests to the log	2026-09-12T00:26:59.1479795Z       "nonblank": true,
nm_conviction-set	Print the verdict and the page digests to the log	2026-09-12T00:26:59.1480049Z       "croppedToThePage": true
nm_conviction-set	Print the verdict and the page digests to the log	2026-09-12T00:26:59.1480289Z     },
nm_conviction-set	Print the verdict and the page digests to the log	2026-09-12T00:26:59.1480464Z     {
nm_conviction-set	Print the verdict and the page digests to the log	2026-09-12T00:26:59.1480652Z       "kind": "canonical",
nm_conviction-set	Print the verdict and the page digests to the log	2026-09-12T00:26:59.1480912Z       "document": "canonical.pdf",
nm_conviction-set	Print the verdict and the page digests to the log	2026-09-12T00:26:59.1481163Z       "page": 24,
nm_conviction-set	Print the verdict and the page digests to the log	2026-09-12T00:26:59.1481446Z       "png": "nm_conviction-set/canonical/page-024.png",
nm_conviction-set	Print the verdict and the page digests to the log	2026-09-12T00:26:59.1481756Z       "bytes": 237250,
nm_conviction-set	Print the verdict and the page digests to the log	2026-09-12T00:26:59.1482149Z       "pngSha256": "444b16729a429715f179164a507b7bbd8b7fc1744082fd22f12ebeb5de39b84a",
nm_conviction-set	Print the verdict and the page digests to the log	2026-09-12T00:26:59.1482564Z       "pngWidth": 2040,
nm_conviction-set	Print the verdict and the page digests to the log	2026-09-12T00:26:59.1482784Z       "pngHeight": 2640,
nm_conviction-set	Print the verdict and the page digests to the log	2026-09-12T00:26:59.1483000Z       "paper": {
nm_conviction-set	Print the verdict and the page digests to the log	2026-09-12T00:26:59.1483201Z         "x0": 204,
nm_conviction-set	Print the verdict and the page digests to the log	2026-09-12T00:26:59.1483755Z         "y0": 3,
nm_conviction-set	Print the verdict and the page digests to the log	2026-09-12T00:26:59.1483956Z         "x1": 2243,
nm_conviction-set	Print the verdict and the page digests to the log	2026-09-12T00:26:59.1484154Z         "y1": 2642,
nm_conviction-set	Print the verdict and the page digests to the log	2026-09-12T00:26:59.1484354Z         "width": 2040,
nm_conviction-set	Print the verdict and the page digests to the log	2026-09-12T00:26:59.1484568Z         "height": 2640
nm_conviction-set	Print the verdict and the page digests to the log	2026-09-12T00:26:59.1484769Z       },
nm_conviction-set	Print the verdict and the page digests to the log	2026-09-12T00:26:59.1484995Z       "pxPerPt": 3.3333333333333335,
nm_conviction-set	Print the verdict and the page digests to the log	2026-09-12T00:26:59.1485296Z       "expectedPxPerPt": 3.333333333333333,
nm_conviction-set	Print the verdict and the page digests to the log	2026-09-12T00:26:59.1485578Z       "pageWidthPt": 612,
nm_conviction-set	Print the verdict and the page digests to the log	2026-09-12T00:26:59.1485815Z       "pageHeightPt": 792,
nm_conviction-set	Print the verdict and the page digests to the log	2026-09-12T00:26:59.1486049Z       "expectedPx": {
nm_conviction-set	Print the verdict and the page digests to the log	2026-09-12T00:26:59.1486284Z         "width": 2039.9999999999998,
nm_conviction-set	Print the verdict and the page digests to the log	2026-09-12T00:26:59.1486565Z         "height": 2639.9999999999995,
nm_conviction-set	Print the verdict and the page digests to the log	2026-09-12T00:26:59.1486846Z         "tolerancePx": 6.666666666666666
nm_conviction-set	Print the verdict and the page digests to the log	2026-09-12T00:26:59.1487097Z       },
nm_conviction-set	Print the verdict and the page digests to the log	2026-09-12T00:26:59.1487316Z       "calibrationResidualPx": 0,
nm_conviction-set	Print the verdict and the page digests to the log	2026-09-12T00:26:59.1487637Z       "inkFractionInsidePaper": 0.023424873737373737,
nm_conviction-set	Print the verdict and the page digests to the log	2026-09-12T00:26:59.1487944Z       "nonblank": true,
nm_conviction-set	Print the verdict and the page digests to the log	2026-09-12T00:26:59.1488202Z       "croppedToThePage": true
nm_conviction-set	Print the verdict and the page digests to the log	2026-09-12T00:26:59.1488436Z     },
nm_conviction-set	Print the verdict and the page digests to the log	2026-09-12T00:26:59.1488608Z     {
nm_conviction-set	Print the verdict and the page digests to the log	2026-09-12T00:26:59.1488795Z       "kind": "boundary",
nm_conviction-set	Print the verdict and the page digests to the log	2026-09-12T00:26:59.1489048Z       "document": "boundary.pdf",
nm_conviction-set	Print the verdict and the page digests to the log	2026-09-12T00:26:59.1489292Z       "page": 1,
nm_conviction-set	Print the verdict and the page digests to the log	2026-09-12T00:26:59.1489575Z       "png": "nm_conviction-set/boundary/page-001.png",
nm_conviction-set	Print the verdict and the page digests to the log	2026-09-12T00:26:59.1489874Z       "bytes": 457586,
nm_conviction-set	Print the verdict and the page digests to the log	2026-09-12T00:26:59.1490276Z       "pngSha256": "a946c429fdf261e091df52e80eb29232d45a85e9aeadce089729a5a1047c5392",
nm_conviction-set	Print the verdict and the page digests to the log	2026-09-12T00:26:59.1490701Z       "pngWidth": 2040,
nm_conviction-set	Print the verdict and the page digests to the log	2026-09-12T00:26:59.1490923Z       "pngHeight": 2640,
nm_conviction-set	Print the verdict and the page digests to the log	2026-09-12T00:26:59.1491147Z       "paper": {
nm_conviction-set	Print the verdict and the page digests to the log	2026-09-12T00:26:59.1491345Z         "x0": 204,
nm_conviction-set	Print the verdict and the page digests to the log	2026-09-12T00:26:59.1491537Z         "y0": 3,
nm_conviction-set	Print the verdict and the page digests to the log	2026-09-12T00:26:59.1491724Z         "x1": 2243,
nm_conviction-set	Print the verdict and the page digests to the log	2026-09-12T00:26:59.1491915Z         "y1": 2642,
nm_conviction-set	Print the verdict and the page digests to the log	2026-09-12T00:26:59.1492112Z         "width": 2040,
nm_conviction-set	Print the verdict and the page digests to the log	2026-09-12T00:26:59.1492319Z         "height": 2640
nm_conviction-set	Print the verdict and the page digests to the log	2026-09-12T00:26:59.1492523Z       },
nm_conviction-set	Print the verdict and the page digests to the log	2026-09-12T00:26:59.1492738Z       "pxPerPt": 3.3333333333333335,
nm_conviction-set	Print the verdict and the page digests to the log	2026-09-12T00:26:59.1493032Z       "expectedPxPerPt": 3.333333333333333,
nm_conviction-set	Print the verdict and the page digests to the log	2026-09-12T00:26:59.1493308Z       "pageWidthPt": 612,
nm_conviction-set	Print the verdict and the page digests to the log	2026-09-12T00:26:59.1493833Z       "pageHeightPt": 792,
nm_conviction-set	Print the verdict and the page digests to the log	2026-09-12T00:26:59.1494075Z       "expectedPx": {
nm_conviction-set	Print the verdict and the page digests to the log	2026-09-12T00:26:59.1494326Z         "width": 2039.9999999999998,
nm_conviction-set	Print the verdict and the page digests to the log	2026-09-12T00:26:59.1494606Z         "height": 2639.9999999999995,
nm_conviction-set	Print the verdict and the page digests to the log	2026-09-12T00:26:59.1494888Z         "tolerancePx": 6.666666666666666
nm_conviction-set	Print the verdict and the page digests to the log	2026-09-12T00:26:59.1495276Z       },
nm_conviction-set	Print the verdict and the page digests to the log	2026-09-12T00:26:59.1495495Z       "calibrationResidualPx": 0,
nm_conviction-set	Print the verdict and the page digests to the log	2026-09-12T00:26:59.1495830Z       "inkFractionInsidePaper": 0.04509896761734997,
nm_conviction-set	Print the verdict and the page digests to the log	2026-09-12T00:26:59.1496145Z       "nonblank": true,
nm_conviction-set	Print the verdict and the page digests to the log	2026-09-12T00:26:59.1496398Z       "croppedToThePage": true
nm_conviction-set	Print the verdict and the page digests to the log	2026-09-12T00:26:59.1496635Z     },
nm_conviction-set	Print the verdict and the page digests to the log	2026-09-12T00:26:59.1496815Z     {
nm_conviction-set	Print the verdict and the page digests to the log	2026-09-12T00:26:59.1497006Z       "kind": "boundary",
nm_conviction-set	Print the verdict and the page digests to the log	2026-09-12T00:26:59.1497265Z       "document": "boundary.pdf",
nm_conviction-set	Print the verdict and the page digests to the log	2026-09-12T00:26:59.1497518Z       "page": 2,
nm_conviction-set	Print the verdict and the page digests to the log	2026-09-12T00:26:59.1497813Z       "png": "nm_conviction-set/boundary/page-002.png",
nm_conviction-set	Print the verdict and the page digests to the log	2026-09-12T00:26:59.1498126Z       "bytes": 490766,
nm_conviction-set	Print the verdict and the page digests to the log	2026-09-12T00:26:59.1498530Z       "pngSha256": "58ab377184b74b23726a85ce9dafcf02bd8a9e62823c666491363ea61d8743f6",
nm_conviction-set	Print the verdict and the page digests to the log	2026-09-12T00:26:59.1498952Z       "pngWidth": 2040,
nm_conviction-set	Print the verdict and the page digests to the log	2026-09-12T00:26:59.1499179Z       "pngHeight": 2640,
nm_conviction-set	Print the verdict and the page digests to the log	2026-09-12T00:26:59.1499399Z       "paper": {
nm_conviction-set	Print the verdict and the page digests to the log	2026-09-12T00:26:59.1499597Z         "x0": 204,
nm_conviction-set	Print the verdict and the page digests to the log	2026-09-12T00:26:59.1499789Z         "y0": 3,
nm_conviction-set	Print the verdict and the page digests to the log	2026-09-12T00:26:59.1499981Z         "x1": 2243,
nm_conviction-set	Print the verdict and the page digests to the log	2026-09-12T00:26:59.1500176Z         "y1": 2642,
nm_conviction-set	Print the verdict and the page digests to the log	2026-09-12T00:26:59.1500377Z         "width": 2040,
nm_conviction-set	Print the verdict and the page digests to the log	2026-09-12T00:26:59.1500587Z         "height": 2640
nm_conviction-set	Print the verdict and the page digests to the log	2026-09-12T00:26:59.1500787Z       },
nm_conviction-set	Print the verdict and the page digests to the log	2026-09-12T00:26:59.1501005Z       "pxPerPt": 3.3333333333333335,
nm_conviction-set	Print the verdict and the page digests to the log	2026-09-12T00:26:59.1501299Z       "expectedPxPerPt": 3.333333333333333,
nm_conviction-set	Print the verdict and the page digests to the log	2026-09-12T00:26:59.1501582Z       "pageWidthPt": 612,
nm_conviction-set	Print the verdict and the page digests to the log	2026-09-12T00:26:59.1501826Z       "pageHeightPt": 792,
nm_conviction-set	Print the verdict and the page digests to the log	2026-09-12T00:26:59.1502186Z       "expectedPx": {
nm_conviction-set	Print the verdict and the page digests to the log	2026-09-12T00:26:59.1502427Z         "width": 2039.9999999999998,
nm_conviction-set	Print the verdict and the page digests to the log	2026-09-12T00:26:59.1502702Z         "height": 2639.9999999999995,
nm_conviction-set	Print the verdict and the page digests to the log	2026-09-12T00:26:59.1502985Z         "tolerancePx": 6.666666666666666
nm_conviction-set	Print the verdict and the page digests to the log	2026-09-12T00:26:59.1503233Z       },
nm_conviction-set	Print the verdict and the page digests to the log	2026-09-12T00:26:59.1503684Z       "calibrationResidualPx": 0,
nm_conviction-set	Print the verdict and the page digests to the log	2026-09-12T00:26:59.1504015Z       "inkFractionInsidePaper": 0.04948473707664884,
nm_conviction-set	Print the verdict and the page digests to the log	2026-09-12T00:26:59.1504494Z       "nonblank": true,
nm_conviction-set	Print the verdict and the page digests to the log	2026-09-12T00:26:59.1504868Z       "croppedToThePage": true
nm_conviction-set	Print the verdict and the page digests to the log	2026-09-12T00:26:59.1505231Z     },
nm_conviction-set	Print the verdict and the page digests to the log	2026-09-12T00:26:59.1505557Z     {
nm_conviction-set	Print the verdict and the page digests to the log	2026-09-12T00:26:59.1505844Z       "kind": "boundary",
nm_conviction-set	Print the verdict and the page digests to the log	2026-09-12T00:26:59.1506260Z       "document": "boundary.pdf",
nm_conviction-set	Print the verdict and the page digests to the log	2026-09-12T00:26:59.1520372Z       "page": 3,
nm_conviction-set	Print the verdict and the page digests to the log	2026-09-12T00:26:59.1520765Z       "png": "nm_conviction-set/boundary/page-003.png",
nm_conviction-set	Print the verdict and the page digests to the log	2026-09-12T00:26:59.1521088Z       "bytes": 595283,
nm_conviction-set	Print the verdict and the page digests to the log	2026-09-12T00:26:59.1521505Z       "pngSha256": "556a3a1ab749455f8ac79e9e338f092be757ab5b51d3ae9d893d80dbf9ab361b",
nm_conviction-set	Print the verdict and the page digests to the log	2026-09-12T00:26:59.1521961Z       "pngWidth": 2040,
nm_conviction-set	Print the verdict and the page digests to the log	2026-09-12T00:26:59.1522188Z       "pngHeight": 2640,
nm_conviction-set	Print the verdict and the page digests to the log	2026-09-12T00:26:59.1522410Z       "paper": {
nm_conviction-set	Print the verdict and the page digests to the log	2026-09-12T00:26:59.1522604Z         "x0": 204,
nm_conviction-set	Print the verdict and the page digests to the log	2026-09-12T00:26:59.1522793Z         "y0": 3,
nm_conviction-set	Print the verdict and the page digests to the log	2026-09-12T00:26:59.1522976Z         "x1": 2243,
nm_conviction-set	Print the verdict and the page digests to the log	2026-09-12T00:26:59.1523166Z         "y1": 2642,
nm_conviction-set	Print the verdict and the page digests to the log	2026-09-12T00:26:59.1523610Z         "width": 2040,
nm_conviction-set	Print the verdict and the page digests to the log	2026-09-12T00:26:59.1523836Z         "height": 2640
nm_conviction-set	Print the verdict and the page digests to the log	2026-09-12T00:26:59.1524039Z       },
nm_conviction-set	Print the verdict and the page digests to the log	2026-09-12T00:26:59.1524263Z       "pxPerPt": 3.3333333333333335,
nm_conviction-set	Print the verdict and the page digests to the log	2026-09-12T00:26:59.1524563Z       "expectedPxPerPt": 3.333333333333333,
nm_conviction-set	Print the verdict and the page digests to the log	2026-09-12T00:26:59.1524953Z       "pageWidthPt": 612,
nm_conviction-set	Print the verdict and the page digests to the log	2026-09-12T00:26:59.1525189Z       "pageHeightPt": 792,
nm_conviction-set	Print the verdict and the page digests to the log	2026-09-12T00:26:59.1525417Z       "expectedPx": {
nm_conviction-set	Print the verdict and the page digests to the log	2026-09-12T00:26:59.1525655Z         "width": 2039.9999999999998,
nm_conviction-set	Print the verdict and the page digests to the log	2026-09-12T00:26:59.1525926Z         "height": 2639.9999999999995,
nm_conviction-set	Print the verdict and the page digests to the log	2026-09-12T00:26:59.1526202Z         "tolerancePx": 6.666666666666666
nm_conviction-set	Print the verdict and the page digests to the log	2026-09-12T00:26:59.1526450Z       },
nm_conviction-set	Print the verdict and the page digests to the log	2026-09-12T00:26:59.1526670Z       "calibrationResidualPx": 0,
nm_conviction-set	Print the verdict and the page digests to the log	2026-09-12T00:26:59.1526990Z       "inkFractionInsidePaper": 0.05665961081402258,
nm_conviction-set	Print the verdict and the page digests to the log	2026-09-12T00:26:59.1527293Z       "nonblank": true,
nm_conviction-set	Print the verdict and the page digests to the log	2026-09-12T00:26:59.1527536Z       "croppedToThePage": true
nm_conviction-set	Print the verdict and the page digests to the log	2026-09-12T00:26:59.1527905Z     },
nm_conviction-set	Print the verdict and the page digests to the log	2026-09-12T00:26:59.1528101Z     {
nm_conviction-set	Print the verdict and the page digests to the log	2026-09-12T00:26:59.1528288Z       "kind": "boundary",
nm_conviction-set	Print the verdict and the page digests to the log	2026-09-12T00:26:59.1528544Z       "document": "boundary.pdf",
nm_conviction-set	Print the verdict and the page digests to the log	2026-09-12T00:26:59.1528783Z       "page": 4,
nm_conviction-set	Print the verdict and the page digests to the log	2026-09-12T00:26:59.1529257Z       "png": "nm_conviction-set/boundary/page-004.png",
nm_conviction-set	Print the verdict and the page digests to the log	2026-09-12T00:26:59.1529554Z       "bytes": 491995,
nm_conviction-set	Print the verdict and the page digests to the log	2026-09-12T00:26:59.1529977Z       "pngSha256": "9a295b984182c5541d382a10c741ea35340425e883bf90649f8cb7a6a5a97b11",
nm_conviction-set	Print the verdict and the page digests to the log	2026-09-12T00:26:59.1530389Z       "pngWidth": 2040,
nm_conviction-set	Print the verdict and the page digests to the log	2026-09-12T00:26:59.1530602Z       "pngHeight": 2640,
nm_conviction-set	Print the verdict and the page digests to the log	2026-09-12T00:26:59.1530815Z       "paper": {
nm_conviction-set	Print the verdict and the page digests to the log	2026-09-12T00:26:59.1531007Z         "x0": 204,
nm_conviction-set	Print the verdict and the page digests to the log	2026-09-12T00:26:59.1531200Z         "y0": 3,
nm_conviction-set	Print the verdict and the page digests to the log	2026-09-12T00:26:59.1531394Z         "x1": 2243,
nm_conviction-set	Print the verdict and the page digests to the log	2026-09-12T00:26:59.1531593Z         "y1": 2642,
nm_conviction-set	Print the verdict and the page digests to the log	2026-09-12T00:26:59.1531790Z         "width": 2040,
nm_conviction-set	Print the verdict and the page digests to the log	2026-09-12T00:26:59.1531997Z         "height": 2640
nm_conviction-set	Print the verdict and the page digests to the log	2026-09-12T00:26:59.1532196Z       },
nm_conviction-set	Print the verdict and the page digests to the log	2026-09-12T00:26:59.1532408Z       "pxPerPt": 3.3333333333333335,
nm_conviction-set	Print the verdict and the page digests to the log	2026-09-12T00:26:59.1532706Z       "expectedPxPerPt": 3.333333333333333,
nm_conviction-set	Print the verdict and the page digests to the log	2026-09-12T00:26:59.1532982Z       "pageWidthPt": 612,
nm_conviction-set	Print the verdict and the page digests to the log	2026-09-12T00:26:59.1533216Z       "pageHeightPt": 792,
nm_conviction-set	Print the verdict and the page digests to the log	2026-09-12T00:26:59.1533776Z       "expectedPx": {
nm_conviction-set	Print the verdict and the page digests to the log	2026-09-12T00:26:59.1534037Z         "width": 2039.9999999999998,
nm_conviction-set	Print the verdict and the page digests to the log	2026-09-12T00:26:59.1534317Z         "height": 2639.9999999999995,
nm_conviction-set	Print the verdict and the page digests to the log	2026-09-12T00:26:59.1534610Z         "tolerancePx": 6.666666666666666
nm_conviction-set	Print the verdict and the page digests to the log	2026-09-12T00:26:59.1534858Z       },
nm_conviction-set	Print the verdict and the page digests to the log	2026-09-12T00:26:59.1535079Z       "calibrationResidualPx": 0,
nm_conviction-set	Print the verdict and the page digests to the log	2026-09-12T00:26:59.1535404Z       "inkFractionInsidePaper": 0.049405080213903746,
nm_conviction-set	Print the verdict and the page digests to the log	2026-09-12T00:26:59.1535705Z       "nonblank": true,
nm_conviction-set	Print the verdict and the page digests to the log	2026-09-12T00:26:59.1535958Z       "croppedToThePage": true
nm_conviction-set	Print the verdict and the page digests to the log	2026-09-12T00:26:59.1536341Z     },
nm_conviction-set	Print the verdict and the page digests to the log	2026-09-12T00:26:59.1536517Z     {
nm_conviction-set	Print the verdict and the page digests to the log	2026-09-12T00:26:59.1536703Z       "kind": "boundary",
nm_conviction-set	Print the verdict and the page digests to the log	2026-09-12T00:26:59.1536957Z       "document": "boundary.pdf",
nm_conviction-set	Print the verdict and the page digests to the log	2026-09-12T00:26:59.1537197Z       "page": 5,
nm_conviction-set	Print the verdict and the page digests to the log	2026-09-12T00:26:59.1537476Z       "png": "nm_conviction-set/boundary/page-005.png",
nm_conviction-set	Print the verdict and the page digests to the log	2026-09-12T00:26:59.1537782Z       "bytes": 187707,
nm_conviction-set	Print the verdict and the page digests to the log	2026-09-12T00:26:59.1538188Z       "pngSha256": "7e278d5b88aeb3dd893abe550d61504da51360c670b0ff6eaef596c3336ada4b",
nm_conviction-set	Print the verdict and the page digests to the log	2026-09-12T00:26:59.1538612Z       "pngWidth": 2040,
nm_conviction-set	Print the verdict and the page digests to the log	2026-09-12T00:26:59.1538832Z       "pngHeight": 2640,
nm_conviction-set	Print the verdict and the page digests to the log	2026-09-12T00:26:59.1539050Z       "paper": {
nm_conviction-set	Print the verdict and the page digests to the log	2026-09-12T00:26:59.1539244Z         "x0": 204,
nm_conviction-set	Print the verdict and the page digests to the log	2026-09-12T00:26:59.1539443Z         "y0": 3,
nm_conviction-set	Print the verdict and the page digests to the log	2026-09-12T00:26:59.1539629Z         "x1": 2243,
nm_conviction-set	Print the verdict and the page digests to the log	2026-09-12T00:26:59.1539825Z         "y1": 2642,
nm_conviction-set	Print the verdict and the page digests to the log	2026-09-12T00:26:59.1540021Z         "width": 2040,
nm_conviction-set	Print the verdict and the page digests to the log	2026-09-12T00:26:59.1540228Z         "height": 2640
nm_conviction-set	Print the verdict and the page digests to the log	2026-09-12T00:26:59.1540427Z       },
nm_conviction-set	Print the verdict and the page digests to the log	2026-09-12T00:26:59.1540644Z       "pxPerPt": 3.3333333333333335,
nm_conviction-set	Print the verdict and the page digests to the log	2026-09-12T00:26:59.1540944Z       "expectedPxPerPt": 3.333333333333333,
nm_conviction-set	Print the verdict and the page digests to the log	2026-09-12T00:26:59.1541223Z       "pageWidthPt": 612,
nm_conviction-set	Print the verdict and the page digests to the log	2026-09-12T00:26:59.1541454Z       "pageHeightPt": 792,
nm_conviction-set	Print the verdict and the page digests to the log	2026-09-12T00:26:59.1541682Z       "expectedPx": {
nm_conviction-set	Print the verdict and the page digests to the log	2026-09-12T00:26:59.1541916Z         "width": 2039.9999999999998,
nm_conviction-set	Print the verdict and the page digests to the log	2026-09-12T00:26:59.1542197Z         "height": 2639.9999999999995,
nm_conviction-set	Print the verdict and the page digests to the log	2026-09-12T00:26:59.1542478Z         "tolerancePx": 6.666666666666666
nm_conviction-set	Print the verdict and the page digests to the log	2026-09-12T00:26:59.1542725Z       },
nm_conviction-set	Print the verdict and the page digests to the log	2026-09-12T00:26:59.1542945Z       "calibrationResidualPx": 0,
nm_conviction-set	Print the verdict and the page digests to the log	2026-09-12T00:26:59.1543262Z       "inkFractionInsidePaper": 0.01623050356506239,
nm_conviction-set	Print the verdict and the page digests to the log	2026-09-12T00:26:59.1543953Z       "nonblank": true,
nm_conviction-set	Print the verdict and the page digests to the log	2026-09-12T00:26:59.1544222Z       "croppedToThePage": true
nm_conviction-set	Print the verdict and the page digests to the log	2026-09-12T00:26:59.1544455Z     },
nm_conviction-set	Print the verdict and the page digests to the log	2026-09-12T00:26:59.1544631Z     {
nm_conviction-set	Print the verdict and the page digests to the log	2026-09-12T00:26:59.1544819Z       "kind": "boundary",
nm_conviction-set	Print the verdict and the page digests to the log	2026-09-12T00:26:59.1545118Z       "document": "boundary.pdf",
nm_conviction-set	Print the verdict and the page digests to the log	2026-09-12T00:26:59.1545356Z       "page": 6,
nm_conviction-set	Print the verdict and the page digests to the log	2026-09-12T00:26:59.1545635Z       "png": "nm_conviction-set/boundary/page-006.png",
nm_conviction-set	Print the verdict and the page digests to the log	2026-09-12T00:26:59.1545939Z       "bytes": 453962,
nm_conviction-set	Print the verdict and the page digests to the log	2026-09-12T00:26:59.1546326Z       "pngSha256": "998193a7948f5b87e5e427a925454bda083369bc873754c941b28002759422c0",
nm_conviction-set	Print the verdict and the page digests to the log	2026-09-12T00:26:59.1546726Z       "pngWidth": 2040,
nm_conviction-set	Print the verdict and the page digests to the log	2026-09-12T00:26:59.1546941Z       "pngHeight": 2640,
nm_conviction-set	Print the verdict and the page digests to the log	2026-09-12T00:26:59.1547162Z       "paper": {
nm_conviction-set	Print the verdict and the page digests to the log	2026-09-12T00:26:59.1547356Z         "x0": 204,
nm_conviction-set	Print the verdict and the page digests to the log	2026-09-12T00:26:59.1547556Z         "y0": 3,
nm_conviction-set	Print the verdict and the page digests to the log	2026-09-12T00:26:59.1547752Z         "x1": 2243,
nm_conviction-set	Print the verdict and the page digests to the log	2026-09-12T00:26:59.1548246Z         "y1": 2642,
nm_conviction-set	Print the verdict and the page digests to the log	2026-09-12T00:26:59.1548443Z         "width": 2040,
nm_conviction-set	Print the verdict and the page digests to the log	2026-09-12T00:26:59.1548652Z         "height": 2640
nm_conviction-set	Print the verdict and the page digests to the log	2026-09-12T00:26:59.1548852Z       },
nm_conviction-set	Print the verdict and the page digests to the log	2026-09-12T00:26:59.1549060Z       "pxPerPt": 3.3333333333333335,
nm_conviction-set	Print the verdict and the page digests to the log	2026-09-12T00:26:59.1549349Z       "expectedPxPerPt": 3.333333333333333,
nm_conviction-set	Print the verdict and the page digests to the log	2026-09-12T00:26:59.1549625Z       "pageWidthPt": 612,
nm_conviction-set	Print the verdict and the page digests to the log	2026-09-12T00:26:59.1549853Z       "pageHeightPt": 792,
nm_conviction-set	Print the verdict and the page digests to the log	2026-09-12T00:26:59.1550086Z       "expectedPx": {
nm_conviction-set	Print the verdict and the page digests to the log	2026-09-12T00:26:59.1550321Z         "width": 2039.9999999999998,
nm_conviction-set	Print the verdict and the page digests to the log	2026-09-12T00:26:59.1550592Z         "height": 2639.9999999999995,
nm_conviction-set	Print the verdict and the page digests to the log	2026-09-12T00:26:59.1550891Z         "tolerancePx": 6.666666666666666
nm_conviction-set	Print the verdict and the page digests to the log	2026-09-12T00:26:59.1551136Z       },
nm_conviction-set	Print the verdict and the page digests to the log	2026-09-12T00:26:59.1551352Z       "calibrationResidualPx": 0,
nm_conviction-set	Print the verdict and the page digests to the log	2026-09-12T00:26:59.1551673Z       "inkFractionInsidePaper": 0.040920231729055255,
nm_conviction-set	Print the verdict and the page digests to the log	2026-09-12T00:26:59.1551966Z       "nonblank": true,
nm_conviction-set	Print the verdict and the page digests to the log	2026-09-12T00:26:59.1552210Z       "croppedToThePage": true
nm_conviction-set	Print the verdict and the page digests to the log	2026-09-12T00:26:59.1552445Z     },
nm_conviction-set	Print the verdict and the page digests to the log	2026-09-12T00:26:59.1552624Z     {
nm_conviction-set	Print the verdict and the page digests to the log	2026-09-12T00:26:59.1552810Z       "kind": "boundary",
nm_conviction-set	Print the verdict and the page digests to the log	2026-09-12T00:26:59.1553061Z       "document": "boundary.pdf",
nm_conviction-set	Print the verdict and the page digests to the log	2026-09-12T00:26:59.1553298Z       "page": 7,
nm_conviction-set	Print the verdict and the page digests to the log	2026-09-12T00:26:59.1553871Z       "png": "nm_conviction-set/boundary/page-007.png",
nm_conviction-set	Print the verdict and the page digests to the log	2026-09-12T00:26:59.1554177Z       "bytes": 172501,
nm_conviction-set	Print the verdict and the page digests to the log	2026-09-12T00:26:59.1554576Z       "pngSha256": "cb38a8faf31ff9105298e7de11c07218eed6c25bc1889ca745cd5757bc633ec1",
nm_conviction-set	Print the verdict and the page digests to the log	2026-09-12T00:26:59.1554993Z       "pngWidth": 2040,
nm_conviction-set	Print the verdict and the page digests to the log	2026-09-12T00:26:59.1555352Z       "pngHeight": 2640,
nm_conviction-set	Print the verdict and the page digests to the log	2026-09-12T00:26:59.1555565Z       "paper": {
nm_conviction-set	Print the verdict and the page digests to the log	2026-09-12T00:26:59.1555759Z         "x0": 204,
nm_conviction-set	Print the verdict and the page digests to the log	2026-09-12T00:26:59.1555954Z         "y0": 3,
nm_conviction-set	Print the verdict and the page digests to the log	2026-09-12T00:26:59.1556140Z         "x1": 2243,
nm_conviction-set	Print the verdict and the page digests to the log	2026-09-12T00:26:59.1556332Z         "y1": 2642,
nm_conviction-set	Print the verdict and the page digests to the log	2026-09-12T00:26:59.1556534Z         "width": 2040,
nm_conviction-set	Print the verdict and the page digests to the log	2026-09-12T00:26:59.1556743Z         "height": 2640
nm_conviction-set	Print the verdict and the page digests to the log	2026-09-12T00:26:59.1556940Z       },
nm_conviction-set	Print the verdict and the page digests to the log	2026-09-12T00:26:59.1557153Z       "pxPerPt": 3.3333333333333335,
nm_conviction-set	Print the verdict and the page digests to the log	2026-09-12T00:26:59.1557443Z       "expectedPxPerPt": 3.333333333333333,
nm_conviction-set	Print the verdict and the page digests to the log	2026-09-12T00:26:59.1557716Z       "pageWidthPt": 612,
nm_conviction-set	Print the verdict and the page digests to the log	2026-09-12T00:26:59.1557952Z       "pageHeightPt": 792,
nm_conviction-set	Print the verdict and the page digests to the log	2026-09-12T00:26:59.1558180Z       "expectedPx": {
nm_conviction-set	Print the verdict and the page digests to the log	2026-09-12T00:26:59.1558412Z         "width": 2039.9999999999998,
nm_conviction-set	Print the verdict and the page digests to the log	2026-09-12T00:26:59.1558678Z         "height": 2639.9999999999995,
nm_conviction-set	Print the verdict and the page digests to the log	2026-09-12T00:26:59.1558949Z         "tolerancePx": 6.666666666666666
nm_conviction-set	Print the verdict and the page digests to the log	2026-09-12T00:26:59.1559193Z       },
nm_conviction-set	Print the verdict and the page digests to the log	2026-09-12T00:26:59.1559414Z       "calibrationResidualPx": 0,
nm_conviction-set	Print the verdict and the page digests to the log	2026-09-12T00:26:59.1559736Z       "inkFractionInsidePaper": 0.014658533868092691,
nm_conviction-set	Print the verdict and the page digests to the log	2026-09-12T00:26:59.1560037Z       "nonblank": true,
nm_conviction-set	Print the verdict and the page digests to the log	2026-09-12T00:26:59.1560279Z       "croppedToThePage": true
nm_conviction-set	Print the verdict and the page digests to the log	2026-09-12T00:26:59.1560506Z     },
nm_conviction-set	Print the verdict and the page digests to the log	2026-09-12T00:26:59.1560678Z     {
nm_conviction-set	Print the verdict and the page digests to the log	2026-09-12T00:26:59.1560866Z       "kind": "boundary",
nm_conviction-set	Print the verdict and the page digests to the log	2026-09-12T00:26:59.1561111Z       "document": "boundary.pdf",
nm_conviction-set	Print the verdict and the page digests to the log	2026-09-12T00:26:59.1561349Z       "page": 8,
nm_conviction-set	Print the verdict and the page digests to the log	2026-09-12T00:26:59.1561622Z       "png": "nm_conviction-set/boundary/page-008.png",
nm_conviction-set	Print the verdict and the page digests to the log	2026-09-12T00:26:59.1561923Z       "bytes": 455101,
nm_conviction-set	Print the verdict and the page digests to the log	2026-09-12T00:26:59.1562306Z       "pngSha256": "a50391177376c425eaff0f661575751d222afc182b67c738d9200387547ea34e",
nm_conviction-set	Print the verdict and the page digests to the log	2026-09-12T00:26:59.1562711Z       "pngWidth": 2040,
nm_conviction-set	Print the verdict and the page digests to the log	2026-09-12T00:26:59.1562932Z       "pngHeight": 2640,
nm_conviction-set	Print the verdict and the page digests to the log	2026-09-12T00:26:59.1563146Z       "paper": {
nm_conviction-set	Print the verdict and the page digests to the log	2026-09-12T00:26:59.1563526Z         "x0": 204,
nm_conviction-set	Print the verdict and the page digests to the log	2026-09-12T00:26:59.1563747Z         "y0": 3,
nm_conviction-set	Print the verdict and the page digests to the log	2026-09-12T00:26:59.1563942Z         "x1": 2243,
nm_conviction-set	Print the verdict and the page digests to the log	2026-09-12T00:26:59.1564131Z         "y1": 2642,
nm_conviction-set	Print the verdict and the page digests to the log	2026-09-12T00:26:59.1564332Z         "width": 2040,
nm_conviction-set	Print the verdict and the page digests to the log	2026-09-12T00:26:59.1564538Z         "height": 2640
nm_conviction-set	Print the verdict and the page digests to the log	2026-09-12T00:26:59.1564738Z       },
nm_conviction-set	Print the verdict and the page digests to the log	2026-09-12T00:26:59.1564945Z       "pxPerPt": 3.3333333333333335,
nm_conviction-set	Print the verdict and the page digests to the log	2026-09-12T00:26:59.1565235Z       "expectedPxPerPt": 3.333333333333333,
nm_conviction-set	Print the verdict and the page digests to the log	2026-09-12T00:26:59.1565514Z       "pageWidthPt": 612,
nm_conviction-set	Print the verdict and the page digests to the log	2026-09-12T00:26:59.1565747Z       "pageHeightPt": 792,
nm_conviction-set	Print the verdict and the page digests to the log	2026-09-12T00:26:59.1565973Z       "expectedPx": {
nm_conviction-set	Print the verdict and the page digests to the log	2026-09-12T00:26:59.1566206Z         "width": 2039.9999999999998,
nm_conviction-set	Print the verdict and the page digests to the log	2026-09-12T00:26:59.1566603Z         "height": 2639.9999999999995,
nm_conviction-set	Print the verdict and the page digests to the log	2026-09-12T00:26:59.1566888Z         "tolerancePx": 6.666666666666666
nm_conviction-set	Print the verdict and the page digests to the log	2026-09-12T00:26:59.1567131Z       },
nm_conviction-set	Print the verdict and the page digests to the log	2026-09-12T00:26:59.1567344Z       "calibrationResidualPx": 0,
nm_conviction-set	Print the verdict and the page digests to the log	2026-09-12T00:26:59.1567662Z       "inkFractionInsidePaper": 0.040509692513368986,
nm_conviction-set	Print the verdict and the page digests to the log	2026-09-12T00:26:59.1567952Z       "nonblank": true,
nm_conviction-set	Print the verdict and the page digests to the log	2026-09-12T00:26:59.1568194Z       "croppedToThePage": true
nm_conviction-set	Print the verdict and the page digests to the log	2026-09-12T00:26:59.1568426Z     },
nm_conviction-set	Print the verdict and the page digests to the log	2026-09-12T00:26:59.1568599Z     {
nm_conviction-set	Print the verdict and the page digests to the log	2026-09-12T00:26:59.1568785Z       "kind": "boundary",
nm_conviction-set	Print the verdict and the page digests to the log	2026-09-12T00:26:59.1569033Z       "document": "boundary.pdf",
nm_conviction-set	Print the verdict and the page digests to the log	2026-09-12T00:26:59.1569269Z       "page": 9,
nm_conviction-set	Print the verdict and the page digests to the log	2026-09-12T00:26:59.1569539Z       "png": "nm_conviction-set/boundary/page-009.png",
nm_conviction-set	Print the verdict and the page digests to the log	2026-09-12T00:26:59.1569837Z       "bytes": 302526,
nm_conviction-set	Print the verdict and the page digests to the log	2026-09-12T00:26:59.1570230Z       "pngSha256": "2e3792f46160fbb5619ed56c93c7998a7ee64a10bd49e7cfde44db8c4c27f083",
nm_conviction-set	Print the verdict and the page digests to the log	2026-09-12T00:26:59.1570640Z       "pngWidth": 2040,
nm_conviction-set	Print the verdict and the page digests to the log	2026-09-12T00:26:59.1570855Z       "pngHeight": 2640,
nm_conviction-set	Print the verdict and the page digests to the log	2026-09-12T00:26:59.1571072Z       "paper": {
nm_conviction-set	Print the verdict and the page digests to the log	2026-09-12T00:26:59.1571266Z         "x0": 204,
nm_conviction-set	Print the verdict and the page digests to the log	2026-09-12T00:26:59.1571463Z         "y0": 3,
nm_conviction-set	Print the verdict and the page digests to the log	2026-09-12T00:26:59.1571652Z         "x1": 2243,
nm_conviction-set	Print the verdict and the page digests to the log	2026-09-12T00:26:59.1571842Z         "y1": 2642,
nm_conviction-set	Print the verdict and the page digests to the log	2026-09-12T00:26:59.1572036Z         "width": 2040,
nm_conviction-set	Print the verdict and the page digests to the log	2026-09-12T00:26:59.1572240Z         "height": 2640
nm_conviction-set	Print the verdict and the page digests to the log	2026-09-12T00:26:59.1572437Z       },
nm_conviction-set	Print the verdict and the page digests to the log	2026-09-12T00:26:59.1572650Z       "pxPerPt": 3.3333333333333335,
nm_conviction-set	Print the verdict and the page digests to the log	2026-09-12T00:26:59.1572935Z       "expectedPxPerPt": 3.333333333333333,
nm_conviction-set	Print the verdict and the page digests to the log	2026-09-12T00:26:59.1573328Z       "pageWidthPt": 612,
nm_conviction-set	Print the verdict and the page digests to the log	2026-09-12T00:26:59.1573800Z       "pageHeightPt": 792,
nm_conviction-set	Print the verdict and the page digests to the log	2026-09-12T00:26:59.1574026Z       "expectedPx": {
nm_conviction-set	Print the verdict and the page digests to the log	2026-09-12T00:26:59.1574260Z         "width": 2039.9999999999998,
nm_conviction-set	Print the verdict and the page digests to the log	2026-09-12T00:26:59.1574530Z         "height": 2639.9999999999995,
nm_conviction-set	Print the verdict and the page digests to the log	2026-09-12T00:26:59.1574803Z         "tolerancePx": 6.666666666666666
nm_conviction-set	Print the verdict and the page digests to the log	2026-09-12T00:26:59.1575048Z       },
nm_conviction-set	Print the verdict and the page digests to the log	2026-09-12T00:26:59.1575263Z       "calibrationResidualPx": 0,
nm_conviction-set	Print the verdict and the page digests to the log	2026-09-12T00:26:59.1575581Z       "inkFractionInsidePaper": 0.025902777777777778,
nm_conviction-set	Print the verdict and the page digests to the log	2026-09-12T00:26:59.1575875Z       "nonblank": true,
nm_conviction-set	Print the verdict and the page digests to the log	2026-09-12T00:26:59.1576122Z       "croppedToThePage": true
nm_conviction-set	Print the verdict and the page digests to the log	2026-09-12T00:26:59.1576348Z     },
nm_conviction-set	Print the verdict and the page digests to the log	2026-09-12T00:26:59.1576528Z     {
nm_conviction-set	Print the verdict and the page digests to the log	2026-09-12T00:26:59.1576707Z       "kind": "boundary",
nm_conviction-set	Print the verdict and the page digests to the log	2026-09-12T00:26:59.1576951Z       "document": "boundary.pdf",
nm_conviction-set	Print the verdict and the page digests to the log	2026-09-12T00:26:59.1577189Z       "page": 10,
nm_conviction-set	Print the verdict and the page digests to the log	2026-09-12T00:26:59.1577471Z       "png": "nm_conviction-set/boundary/page-010.png",
nm_conviction-set	Print the verdict and the page digests to the log	2026-09-12T00:26:59.1577765Z       "bytes": 223353,
nm_conviction-set	Print the verdict and the page digests to the log	2026-09-12T00:26:59.1578039Z       "pngSha256": "2c118b2f5c620a9130beb95a9b8b372b9e803d23cce649fa8b239fb562501d29",
nm_conviction-set	Print the verdict and the page digests to the log	2026-09-12T00:26:59.1578135Z       "pngWidth": 2040,
nm_conviction-set	Print the verdict and the page digests to the log	2026-09-12T00:26:59.1578231Z       "pngHeight": 2640,
nm_conviction-set	Print the verdict and the page digests to the log	2026-09-12T00:26:59.1578314Z       "paper": {
nm_conviction-set	Print the verdict and the page digests to the log	2026-09-12T00:26:59.1578400Z         "x0": 204,
nm_conviction-set	Print the verdict and the page digests to the log	2026-09-12T00:26:59.1578484Z         "y0": 3,
nm_conviction-set	Print the verdict and the page digests to the log	2026-09-12T00:26:59.1578564Z         "x1": 2243,
nm_conviction-set	Print the verdict and the page digests to the log	2026-09-12T00:26:59.1578650Z         "y1": 2642,
nm_conviction-set	Print the verdict and the page digests to the log	2026-09-12T00:26:59.1578743Z         "width": 2040,
nm_conviction-set	Print the verdict and the page digests to the log	2026-09-12T00:26:59.1578828Z         "height": 2640
nm_conviction-set	Print the verdict and the page digests to the log	2026-09-12T00:26:59.1578909Z       },
nm_conviction-set	Print the verdict and the page digests to the log	2026-09-12T00:26:59.1579023Z       "pxPerPt": 3.3333333333333335,
nm_conviction-set	Print the verdict and the page digests to the log	2026-09-12T00:26:59.1579156Z       "expectedPxPerPt": 3.333333333333333,
nm_conviction-set	Print the verdict and the page digests to the log	2026-09-12T00:26:59.1579254Z       "pageWidthPt": 612,
nm_conviction-set	Print the verdict and the page digests to the log	2026-09-12T00:26:59.1579347Z       "pageHeightPt": 792,
nm_conviction-set	Print the verdict and the page digests to the log	2026-09-12T00:26:59.1579439Z       "expectedPx": {
nm_conviction-set	Print the verdict and the page digests to the log	2026-09-12T00:26:59.1579550Z         "width": 2039.9999999999998,
nm_conviction-set	Print the verdict and the page digests to the log	2026-09-12T00:26:59.1579659Z         "height": 2639.9999999999995,
nm_conviction-set	Print the verdict and the page digests to the log	2026-09-12T00:26:59.1579785Z         "tolerancePx": 6.666666666666666
nm_conviction-set	Print the verdict and the page digests to the log	2026-09-12T00:26:59.1579867Z       },
nm_conviction-set	Print the verdict and the page digests to the log	2026-09-12T00:26:59.1579986Z       "calibrationResidualPx": 0,
nm_conviction-set	Print the verdict and the page digests to the log	2026-09-12T00:26:59.1580143Z       "inkFractionInsidePaper": 0.020822378193701724,
nm_conviction-set	Print the verdict and the page digests to the log	2026-09-12T00:26:59.1580232Z       "nonblank": true,
nm_conviction-set	Print the verdict and the page digests to the log	2026-09-12T00:26:59.1580350Z       "croppedToThePage": true
nm_conviction-set	Print the verdict and the page digests to the log	2026-09-12T00:26:59.1580431Z     },
nm_conviction-set	Print the verdict and the page digests to the log	2026-09-12T00:26:59.1580508Z     {
nm_conviction-set	Print the verdict and the page digests to the log	2026-09-12T00:26:59.1580729Z       "kind": "boundary",
nm_conviction-set	Print the verdict and the page digests to the log	2026-09-12T00:26:59.1580849Z       "document": "boundary.pdf",
nm_conviction-set	Print the verdict and the page digests to the log	2026-09-12T00:26:59.1580932Z       "page": 11,
nm_conviction-set	Print the verdict and the page digests to the log	2026-09-12T00:26:59.1581094Z       "png": "nm_conviction-set/boundary/page-011.png",
nm_conviction-set	Print the verdict and the page digests to the log	2026-09-12T00:26:59.1581183Z       "bytes": 370983,
nm_conviction-set	Print the verdict and the page digests to the log	2026-09-12T00:26:59.1581456Z       "pngSha256": "63a3b1fffa2cdeaca5c6bf8918551755885ca8880048a0e5b97ab91e1730515c",
nm_conviction-set	Print the verdict and the page digests to the log	2026-09-12T00:26:59.1581550Z       "pngWidth": 2040,
nm_conviction-set	Print the verdict and the page digests to the log	2026-09-12T00:26:59.1581645Z       "pngHeight": 2640,
nm_conviction-set	Print the verdict and the page digests to the log	2026-09-12T00:26:59.1581727Z       "paper": {
nm_conviction-set	Print the verdict and the page digests to the log	2026-09-12T00:26:59.1581816Z         "x0": 204,
nm_conviction-set	Print the verdict and the page digests to the log	2026-09-12T00:26:59.1581896Z         "y0": 3,
nm_conviction-set	Print the verdict and the page digests to the log	2026-09-12T00:26:59.1581982Z         "x1": 2243,
nm_conviction-set	Print the verdict and the page digests to the log	2026-09-12T00:26:59.1582066Z         "y1": 2642,
nm_conviction-set	Print the verdict and the page digests to the log	2026-09-12T00:26:59.1582150Z         "width": 2040,
nm_conviction-set	Print the verdict and the page digests to the log	2026-09-12T00:26:59.1582240Z         "height": 2640
nm_conviction-set	Print the verdict and the page digests to the log	2026-09-12T00:26:59.1582323Z       },
nm_conviction-set	Print the verdict and the page digests to the log	2026-09-12T00:26:59.1582433Z       "pxPerPt": 3.3333333333333335,
nm_conviction-set	Print the verdict and the page digests to the log	2026-09-12T00:26:59.1582564Z       "expectedPxPerPt": 3.333333333333333,
nm_conviction-set	Print the verdict and the page digests to the log	2026-09-12T00:26:59.1582660Z       "pageWidthPt": 612,
nm_conviction-set	Print the verdict and the page digests to the log	2026-09-12T00:26:59.1582757Z       "pageHeightPt": 792,
nm_conviction-set	Print the verdict and the page digests to the log	2026-09-12T00:26:59.1582849Z       "expectedPx": {
nm_conviction-set	Print the verdict and the page digests to the log	2026-09-12T00:26:59.1582956Z         "width": 2039.9999999999998,
nm_conviction-set	Print the verdict and the page digests to the log	2026-09-12T00:26:59.1583072Z         "height": 2639.9999999999995,
nm_conviction-set	Print the verdict and the page digests to the log	2026-09-12T00:26:59.1583194Z         "tolerancePx": 6.666666666666666
nm_conviction-set	Print the verdict and the page digests to the log	2026-09-12T00:26:59.1583269Z       },
nm_conviction-set	Print the verdict and the page digests to the log	2026-09-12T00:26:59.1583618Z       "calibrationResidualPx": 0,
nm_conviction-set	Print the verdict and the page digests to the log	2026-09-12T00:26:59.1583809Z       "inkFractionInsidePaper": 0.03531937017231135,
nm_conviction-set	Print the verdict and the page digests to the log	2026-09-12T00:26:59.1584036Z       "nonblank": true,
nm_conviction-set	Print the verdict and the page digests to the log	2026-09-12T00:26:59.1584159Z       "croppedToThePage": true
nm_conviction-set	Print the verdict and the page digests to the log	2026-09-12T00:26:59.1584243Z     },
nm_conviction-set	Print the verdict and the page digests to the log	2026-09-12T00:26:59.1584318Z     {
nm_conviction-set	Print the verdict and the page digests to the log	2026-09-12T00:26:59.1584411Z       "kind": "boundary",
nm_conviction-set	Print the verdict and the page digests to the log	2026-09-12T00:26:59.1584527Z       "document": "boundary.pdf",
nm_conviction-set	Print the verdict and the page digests to the log	2026-09-12T00:26:59.1584614Z       "page": 12,
nm_conviction-set	Print the verdict and the page digests to the log	2026-09-12T00:26:59.1584785Z       "png": "nm_conviction-set/boundary/page-012.png",
nm_conviction-set	Print the verdict and the page digests to the log	2026-09-12T00:26:59.1584872Z       "bytes": 265654,
nm_conviction-set	Print the verdict and the page digests to the log	2026-09-12T00:26:59.1585144Z       "pngSha256": "26a1666a317473fb01f7f665891d2f3a4d548655a5875d0d775e16889d2da8ad",
nm_conviction-set	Print the verdict and the page digests to the log	2026-09-12T00:26:59.1585238Z       "pngWidth": 2040,
nm_conviction-set	Print the verdict and the page digests to the log	2026-09-12T00:26:59.1585326Z       "pngHeight": 2640,
nm_conviction-set	Print the verdict and the page digests to the log	2026-09-12T00:26:59.1585412Z       "paper": {
nm_conviction-set	Print the verdict and the page digests to the log	2026-09-12T00:26:59.1585499Z         "x0": 204,
nm_conviction-set	Print the verdict and the page digests to the log	2026-09-12T00:26:59.1585578Z         "y0": 3,
nm_conviction-set	Print the verdict and the page digests to the log	2026-09-12T00:26:59.1585664Z         "x1": 2243,
nm_conviction-set	Print the verdict and the page digests to the log	2026-09-12T00:26:59.1585743Z         "y1": 2642,
nm_conviction-set	Print the verdict and the page digests to the log	2026-09-12T00:26:59.1585833Z         "width": 2040,
nm_conviction-set	Print the verdict and the page digests to the log	2026-09-12T00:26:59.1585928Z         "height": 2640
nm_conviction-set	Print the verdict and the page digests to the log	2026-09-12T00:26:59.1586005Z       },
nm_conviction-set	Print the verdict and the page digests to the log	2026-09-12T00:26:59.1586124Z       "pxPerPt": 3.3333333333333335,
nm_conviction-set	Print the verdict and the page digests to the log	2026-09-12T00:26:59.1586255Z       "expectedPxPerPt": 3.333333333333333,
nm_conviction-set	Print the verdict and the page digests to the log	2026-09-12T00:26:59.1586347Z       "pageWidthPt": 612,
nm_conviction-set	Print the verdict and the page digests to the log	2026-09-12T00:26:59.1586447Z       "pageHeightPt": 792,
nm_conviction-set	Print the verdict and the page digests to the log	2026-09-12T00:26:59.1586538Z       "expectedPx": {
nm_conviction-set	Print the verdict and the page digests to the log	2026-09-12T00:26:59.1586646Z         "width": 2039.9999999999998,
nm_conviction-set	Print the verdict and the page digests to the log	2026-09-12T00:26:59.1586771Z         "height": 2639.9999999999995,
nm_conviction-set	Print the verdict and the page digests to the log	2026-09-12T00:26:59.1586892Z         "tolerancePx": 6.666666666666666
nm_conviction-set	Print the verdict and the page digests to the log	2026-09-12T00:26:59.1586972Z       },
nm_conviction-set	Print the verdict and the page digests to the log	2026-09-12T00:26:59.1587095Z       "calibrationResidualPx": 0,
nm_conviction-set	Print the verdict and the page digests to the log	2026-09-12T00:26:59.1587250Z       "inkFractionInsidePaper": 0.027820855614973262,
nm_conviction-set	Print the verdict and the page digests to the log	2026-09-12T00:26:59.1587344Z       "nonblank": true,
nm_conviction-set	Print the verdict and the page digests to the log	2026-09-12T00:26:59.1587462Z       "croppedToThePage": true
nm_conviction-set	Print the verdict and the page digests to the log	2026-09-12T00:26:59.1587536Z     },
nm_conviction-set	Print the verdict and the page digests to the log	2026-09-12T00:26:59.1587617Z     {
nm_conviction-set	Print the verdict and the page digests to the log	2026-09-12T00:26:59.1587712Z       "kind": "boundary",
nm_conviction-set	Print the verdict and the page digests to the log	2026-09-12T00:26:59.1587830Z       "document": "boundary.pdf",
nm_conviction-set	Print the verdict and the page digests to the log	2026-09-12T00:26:59.1587918Z       "page": 13,
nm_conviction-set	Print the verdict and the page digests to the log	2026-09-12T00:26:59.1588078Z       "png": "nm_conviction-set/boundary/page-013.png",
nm_conviction-set	Print the verdict and the page digests to the log	2026-09-12T00:26:59.1588170Z       "bytes": 252839,
nm_conviction-set	Print the verdict and the page digests to the log	2026-09-12T00:26:59.1588445Z       "pngSha256": "2011da2f87ceaa627140c6f993a6e5de79a0028caa38038cbf9c59bc4d0ce70f",
nm_conviction-set	Print the verdict and the page digests to the log	2026-09-12T00:26:59.1588533Z       "pngWidth": 2040,
nm_conviction-set	Print the verdict and the page digests to the log	2026-09-12T00:26:59.1588627Z       "pngHeight": 2640,
nm_conviction-set	Print the verdict and the page digests to the log	2026-09-12T00:26:59.1588712Z       "paper": {
nm_conviction-set	Print the verdict and the page digests to the log	2026-09-12T00:26:59.1588916Z         "x0": 204,
nm_conviction-set	Print the verdict and the page digests to the log	2026-09-12T00:26:59.1589001Z         "y0": 3,
nm_conviction-set	Print the verdict and the page digests to the log	2026-09-12T00:26:59.1589088Z         "x1": 2243,
nm_conviction-set	Print the verdict and the page digests to the log	2026-09-12T00:26:59.1589166Z         "y1": 2642,
nm_conviction-set	Print the verdict and the page digests to the log	2026-09-12T00:26:59.1589254Z         "width": 2040,
nm_conviction-set	Print the verdict and the page digests to the log	2026-09-12T00:26:59.1589338Z         "height": 2640
nm_conviction-set	Print the verdict and the page digests to the log	2026-09-12T00:26:59.1589420Z       },
nm_conviction-set	Print the verdict and the page digests to the log	2026-09-12T00:26:59.1589535Z       "pxPerPt": 3.3333333333333335,
nm_conviction-set	Print the verdict and the page digests to the log	2026-09-12T00:26:59.1589658Z       "expectedPxPerPt": 3.333333333333333,
nm_conviction-set	Print the verdict and the page digests to the log	2026-09-12T00:26:59.1589756Z       "pageWidthPt": 612,
nm_conviction-set	Print the verdict and the page digests to the log	2026-09-12T00:26:59.1589857Z       "pageHeightPt": 792,
nm_conviction-set	Print the verdict and the page digests to the log	2026-09-12T00:26:59.1589946Z       "expectedPx": {
nm_conviction-set	Print the verdict and the page digests to the log	2026-09-12T00:26:59.1590060Z         "width": 2039.9999999999998,
nm_conviction-set	Print the verdict and the page digests to the log	2026-09-12T00:26:59.1590175Z         "height": 2639.9999999999995,
nm_conviction-set	Print the verdict and the page digests to the log	2026-09-12T00:26:59.1590290Z         "tolerancePx": 6.666666666666666
nm_conviction-set	Print the verdict and the page digests to the log	2026-09-12T00:26:59.1590371Z       },
nm_conviction-set	Print the verdict and the page digests to the log	2026-09-12T00:26:59.1590494Z       "calibrationResidualPx": 0,
nm_conviction-set	Print the verdict and the page digests to the log	2026-09-12T00:26:59.1590647Z       "inkFractionInsidePaper": 0.025392713903743317,
nm_conviction-set	Print the verdict and the page digests to the log	2026-09-12T00:26:59.1590743Z       "nonblank": true,
nm_conviction-set	Print the verdict and the page digests to the log	2026-09-12T00:26:59.1590857Z       "croppedToThePage": true
nm_conviction-set	Print the verdict and the page digests to the log	2026-09-12T00:26:59.1590938Z     },
nm_conviction-set	Print the verdict and the page digests to the log	2026-09-12T00:26:59.1591020Z     {
nm_conviction-set	Print the verdict and the page digests to the log	2026-09-12T00:26:59.1591108Z       "kind": "boundary",
nm_conviction-set	Print the verdict and the page digests to the log	2026-09-12T00:26:59.1591226Z       "document": "boundary.pdf",
nm_conviction-set	Print the verdict and the page digests to the log	2026-09-12T00:26:59.1591316Z       "page": 14,
nm_conviction-set	Print the verdict and the page digests to the log	2026-09-12T00:26:59.1591471Z       "png": "nm_conviction-set/boundary/page-014.png",
nm_conviction-set	Print the verdict and the page digests to the log	2026-09-12T00:26:59.1591562Z       "bytes": 143074,
nm_conviction-set	Print the verdict and the page digests to the log	2026-09-12T00:26:59.1591835Z       "pngSha256": "8a4f4a75e0c7e67b8c80f9112f4d8014e21b2c230964c6ae43c2d7326eb116b6",
nm_conviction-set	Print the verdict and the page digests to the log	2026-09-12T00:26:59.1592013Z       "pngWidth": 2040,
nm_conviction-set	Print the verdict and the page digests to the log	2026-09-12T00:26:59.1592107Z       "pngHeight": 2640,
nm_conviction-set	Print the verdict and the page digests to the log	2026-09-12T00:26:59.1592187Z       "paper": {
nm_conviction-set	Print the verdict and the page digests to the log	2026-09-12T00:26:59.1592272Z         "x0": 204,
nm_conviction-set	Print the verdict and the page digests to the log	2026-09-12T00:26:59.1592356Z         "y0": 3,
nm_conviction-set	Print the verdict and the page digests to the log	2026-09-12T00:26:59.1592439Z         "x1": 2243,
nm_conviction-set	Print the verdict and the page digests to the log	2026-09-12T00:26:59.1592523Z         "y1": 2642,
nm_conviction-set	Print the verdict and the page digests to the log	2026-09-12T00:26:59.1592612Z         "width": 2040,
nm_conviction-set	Print the verdict and the page digests to the log	2026-09-12T00:26:59.1592700Z         "height": 2640
nm_conviction-set	Print the verdict and the page digests to the log	2026-09-12T00:26:59.1592780Z       },
nm_conviction-set	Print the verdict and the page digests to the log	2026-09-12T00:26:59.1592898Z       "pxPerPt": 3.3333333333333335,
nm_conviction-set	Print the verdict and the page digests to the log	2026-09-12T00:26:59.1593020Z       "expectedPxPerPt": 3.333333333333333,
nm_conviction-set	Print the verdict and the page digests to the log	2026-09-12T00:26:59.1593117Z       "pageWidthPt": 612,
nm_conviction-set	Print the verdict and the page digests to the log	2026-09-12T00:26:59.1593209Z       "pageHeightPt": 792,
nm_conviction-set	Print the verdict and the page digests to the log	2026-09-12T00:26:59.1593300Z       "expectedPx": {
nm_conviction-set	Print the verdict and the page digests to the log	2026-09-12T00:26:59.1593658Z         "width": 2039.9999999999998,
nm_conviction-set	Print the verdict and the page digests to the log	2026-09-12T00:26:59.1593778Z         "height": 2639.9999999999995,
nm_conviction-set	Print the verdict and the page digests to the log	2026-09-12T00:26:59.1593902Z         "tolerancePx": 6.666666666666666
nm_conviction-set	Print the verdict and the page digests to the log	2026-09-12T00:26:59.1593988Z       },
nm_conviction-set	Print the verdict and the page digests to the log	2026-09-12T00:26:59.1594109Z       "calibrationResidualPx": 0,
nm_conviction-set	Print the verdict and the page digests to the log	2026-09-12T00:26:59.1594266Z       "inkFractionInsidePaper": 0.0135873440285205,
nm_conviction-set	Print the verdict and the page digests to the log	2026-09-12T00:26:59.1594362Z       "nonblank": true,
nm_conviction-set	Print the verdict and the page digests to the log	2026-09-12T00:26:59.1594477Z       "croppedToThePage": true
nm_conviction-set	Print the verdict and the page digests to the log	2026-09-12T00:26:59.1594557Z     },
nm_conviction-set	Print the verdict and the page digests to the log	2026-09-12T00:26:59.1594632Z     {
nm_conviction-set	Print the verdict and the page digests to the log	2026-09-12T00:26:59.1594727Z       "kind": "boundary",
nm_conviction-set	Print the verdict and the page digests to the log	2026-09-12T00:26:59.1594846Z       "document": "boundary.pdf",
nm_conviction-set	Print the verdict and the page digests to the log	2026-09-12T00:26:59.1594934Z       "page": 15,
nm_conviction-set	Print the verdict and the page digests to the log	2026-09-12T00:26:59.1595101Z       "png": "nm_conviction-set/boundary/page-015.png",
nm_conviction-set	Print the verdict and the page digests to the log	2026-09-12T00:26:59.1595191Z       "bytes": 166154,
nm_conviction-set	Print the verdict and the page digests to the log	2026-09-12T00:26:59.1595461Z       "pngSha256": "f8c98ad639e17e8eb572575b08d2aff29fa362589a91bc7c7df19894723111d1",
nm_conviction-set	Print the verdict and the page digests to the log	2026-09-12T00:26:59.1595557Z       "pngWidth": 2040,
nm_conviction-set	Print the verdict and the page digests to the log	2026-09-12T00:26:59.1595654Z       "pngHeight": 2640,
nm_conviction-set	Print the verdict and the page digests to the log	2026-09-12T00:26:59.1595736Z       "paper": {
nm_conviction-set	Print the verdict and the page digests to the log	2026-09-12T00:26:59.1595822Z         "x0": 204,
nm_conviction-set	Print the verdict and the page digests to the log	2026-09-12T00:26:59.1595909Z         "y0": 3,
nm_conviction-set	Print the verdict and the page digests to the log	2026-09-12T00:26:59.1595990Z         "x1": 2243,
nm_conviction-set	Print the verdict and the page digests to the log	2026-09-12T00:26:59.1596074Z         "y1": 2642,
nm_conviction-set	Print the verdict and the page digests to the log	2026-09-12T00:26:59.1596159Z         "width": 2040,
nm_conviction-set	Print the verdict and the page digests to the log	2026-09-12T00:26:59.1596252Z         "height": 2640
nm_conviction-set	Print the verdict and the page digests to the log	2026-09-12T00:26:59.1596335Z       },
nm_conviction-set	Print the verdict and the page digests to the log	2026-09-12T00:26:59.1596445Z       "pxPerPt": 3.3333333333333335,
nm_conviction-set	Print the verdict and the page digests to the log	2026-09-12T00:26:59.1596574Z       "expectedPxPerPt": 3.333333333333333,
nm_conviction-set	Print the verdict and the page digests to the log	2026-09-12T00:26:59.1596671Z       "pageWidthPt": 612,
nm_conviction-set	Print the verdict and the page digests to the log	2026-09-12T00:26:59.1596892Z       "pageHeightPt": 792,
nm_conviction-set	Print the verdict and the page digests to the log	2026-09-12T00:26:59.1596985Z       "expectedPx": {
nm_conviction-set	Print the verdict and the page digests to the log	2026-09-12T00:26:59.1597092Z         "width": 2039.9999999999998,
nm_conviction-set	Print the verdict and the page digests to the log	2026-09-12T00:26:59.1597209Z         "height": 2639.9999999999995,
nm_conviction-set	Print the verdict and the page digests to the log	2026-09-12T00:26:59.1597328Z         "tolerancePx": 6.666666666666666
nm_conviction-set	Print the verdict and the page digests to the log	2026-09-12T00:26:59.1597403Z       },
nm_conviction-set	Print the verdict and the page digests to the log	2026-09-12T00:26:59.1597528Z       "calibrationResidualPx": 0,
nm_conviction-set	Print the verdict and the page digests to the log	2026-09-12T00:26:59.1597684Z       "inkFractionInsidePaper": 0.01638387551990493,
nm_conviction-set	Print the verdict and the page digests to the log	2026-09-12T00:26:59.1597771Z       "nonblank": true,
nm_conviction-set	Print the verdict and the page digests to the log	2026-09-12T00:26:59.1597896Z       "croppedToThePage": true
nm_conviction-set	Print the verdict and the page digests to the log	2026-09-12T00:26:59.1597976Z     },
nm_conviction-set	Print the verdict and the page digests to the log	2026-09-12T00:26:59.1598052Z     {
nm_conviction-set	Print the verdict and the page digests to the log	2026-09-12T00:26:59.1598145Z       "kind": "boundary",
nm_conviction-set	Print the verdict and the page digests to the log	2026-09-12T00:26:59.1598262Z       "document": "boundary.pdf",
nm_conviction-set	Print the verdict and the page digests to the log	2026-09-12T00:26:59.1598344Z       "page": 16,
nm_conviction-set	Print the verdict and the page digests to the log	2026-09-12T00:26:59.1598504Z       "png": "nm_conviction-set/boundary/page-016.png",
nm_conviction-set	Print the verdict and the page digests to the log	2026-09-12T00:26:59.1598589Z       "bytes": 436080,
nm_conviction-set	Print the verdict and the page digests to the log	2026-09-12T00:26:59.1598869Z       "pngSha256": "e9a40f43aea06c4772e49cdf3627e23e7efce605cd6c76e5d947cce484a7a433",
nm_conviction-set	Print the verdict and the page digests to the log	2026-09-12T00:26:59.1598966Z       "pngWidth": 2040,
nm_conviction-set	Print the verdict and the page digests to the log	2026-09-12T00:26:59.1599055Z       "pngHeight": 2640,
nm_conviction-set	Print the verdict and the page digests to the log	2026-09-12T00:26:59.1599144Z       "paper": {
nm_conviction-set	Print the verdict and the page digests to the log	2026-09-12T00:26:59.1599230Z         "x0": 204,
nm_conviction-set	Print the verdict and the page digests to the log	2026-09-12T00:26:59.1599310Z         "y0": 3,
nm_conviction-set	Print the verdict and the page digests to the log	2026-09-12T00:26:59.1599394Z         "x1": 2243,
nm_conviction-set	Print the verdict and the page digests to the log	2026-09-12T00:26:59.1599479Z         "y1": 2642,
nm_conviction-set	Print the verdict and the page digests to the log	2026-09-12T00:26:59.1599563Z         "width": 2040,
nm_conviction-set	Print the verdict and the page digests to the log	2026-09-12T00:26:59.1599652Z         "height": 2640
nm_conviction-set	Print the verdict and the page digests to the log	2026-09-12T00:26:59.1599856Z       },
nm_conviction-set	Print the verdict and the page digests to the log	2026-09-12T00:26:59.1599972Z       "pxPerPt": 3.3333333333333335,
nm_conviction-set	Print the verdict and the page digests to the log	2026-09-12T00:26:59.1600099Z       "expectedPxPerPt": 3.333333333333333,
nm_conviction-set	Print the verdict and the page digests to the log	2026-09-12T00:26:59.1600190Z       "pageWidthPt": 612,
nm_conviction-set	Print the verdict and the page digests to the log	2026-09-12T00:26:59.1600288Z       "pageHeightPt": 792,
nm_conviction-set	Print the verdict and the page digests to the log	2026-09-12T00:26:59.1600380Z       "expectedPx": {
nm_conviction-set	Print the verdict and the page digests to the log	2026-09-12T00:26:59.1600486Z         "width": 2039.9999999999998,
nm_conviction-set	Print the verdict and the page digests to the log	2026-09-12T00:26:59.1600600Z         "height": 2639.9999999999995,
nm_conviction-set	Print the verdict and the page digests to the log	2026-09-12T00:26:59.1600720Z         "tolerancePx": 6.666666666666666
nm_conviction-set	Print the verdict and the page digests to the log	2026-09-12T00:26:59.1600798Z       },
nm_conviction-set	Print the verdict and the page digests to the log	2026-09-12T00:26:59.1600928Z       "calibrationResidualPx": 0,
nm_conviction-set	Print the verdict and the page digests to the log	2026-09-12T00:26:59.1601085Z       "inkFractionInsidePaper": 0.05583407605466429,
nm_conviction-set	Print the verdict and the page digests to the log	2026-09-12T00:26:59.1601184Z       "nonblank": true,
nm_conviction-set	Print the verdict and the page digests to the log	2026-09-12T00:26:59.1601307Z       "croppedToThePage": true
nm_conviction-set	Print the verdict and the page digests to the log	2026-09-12T00:26:59.1601383Z     },
nm_conviction-set	Print the verdict and the page digests to the log	2026-09-12T00:26:59.1601464Z     {
nm_conviction-set	Print the verdict and the page digests to the log	2026-09-12T00:26:59.1601557Z       "kind": "boundary",
nm_conviction-set	Print the verdict and the page digests to the log	2026-09-12T00:26:59.1601671Z       "document": "boundary.pdf",
nm_conviction-set	Print the verdict and the page digests to the log	2026-09-12T00:26:59.1601763Z       "page": 17,
nm_conviction-set	Print the verdict and the page digests to the log	2026-09-12T00:26:59.1601930Z       "png": "nm_conviction-set/boundary/page-017.png",
nm_conviction-set	Print the verdict and the page digests to the log	2026-09-12T00:26:59.1602015Z       "bytes": 306107,
nm_conviction-set	Print the verdict and the page digests to the log	2026-09-12T00:26:59.1602298Z       "pngSha256": "167ff1010f925fa189d267d7b893e751fbf3f8329b9041c11f32ede6d9c15570",
nm_conviction-set	Print the verdict and the page digests to the log	2026-09-12T00:26:59.1602393Z       "pngWidth": 2040,
nm_conviction-set	Print the verdict and the page digests to the log	2026-09-12T00:26:59.1602484Z       "pngHeight": 2640,
nm_conviction-set	Print the verdict and the page digests to the log	2026-09-12T00:26:59.1602575Z       "paper": {
nm_conviction-set	Print the verdict and the page digests to the log	2026-09-12T00:26:59.1602656Z         "x0": 204,
nm_conviction-set	Print the verdict and the page digests to the log	2026-09-12T00:26:59.1602743Z         "y0": 3,
nm_conviction-set	Print the verdict and the page digests to the log	2026-09-12T00:26:59.1602828Z         "x1": 2243,
nm_conviction-set	Print the verdict and the page digests to the log	2026-09-12T00:26:59.1602908Z         "y1": 2642,
nm_conviction-set	Print the verdict and the page digests to the log	2026-09-12T00:26:59.1602999Z         "width": 2040,
nm_conviction-set	Print the verdict and the page digests to the log	2026-09-12T00:26:59.1603087Z         "height": 2640
nm_conviction-set	Print the verdict and the page digests to the log	2026-09-12T00:26:59.1603164Z       },
nm_conviction-set	Print the verdict and the page digests to the log	2026-09-12T00:26:59.1603289Z       "pxPerPt": 3.3333333333333335,
nm_conviction-set	Print the verdict and the page digests to the log	2026-09-12T00:26:59.1603622Z       "expectedPxPerPt": 3.333333333333333,
nm_conviction-set	Print the verdict and the page digests to the log	2026-09-12T00:26:59.1603726Z       "pageWidthPt": 612,
nm_conviction-set	Print the verdict and the page digests to the log	2026-09-12T00:26:59.1603827Z       "pageHeightPt": 792,
nm_conviction-set	Print the verdict and the page digests to the log	2026-09-12T00:26:59.1603920Z       "expectedPx": {
nm_conviction-set	Print the verdict and the page digests to the log	2026-09-12T00:26:59.1604034Z         "width": 2039.9999999999998,
nm_conviction-set	Print the verdict and the page digests to the log	2026-09-12T00:26:59.1604151Z         "height": 2639.9999999999995,
nm_conviction-set	Print the verdict and the page digests to the log	2026-09-12T00:26:59.1604271Z         "tolerancePx": 6.666666666666666
nm_conviction-set	Print the verdict and the page digests to the log	2026-09-12T00:26:59.1604354Z       },
nm_conviction-set	Print the verdict and the page digests to the log	2026-09-12T00:26:59.1604480Z       "calibrationResidualPx": 0,
nm_conviction-set	Print the verdict and the page digests to the log	2026-09-12T00:26:59.1604633Z       "inkFractionInsidePaper": 0.04287358882947118,
nm_conviction-set	Print the verdict and the page digests to the log	2026-09-12T00:26:59.1604727Z       "nonblank": true,
nm_conviction-set	Print the verdict and the page digests to the log	2026-09-12T00:26:59.1604974Z       "croppedToThePage": true
nm_conviction-set	Print the verdict and the page digests to the log	2026-09-12T00:26:59.1605051Z     },
nm_conviction-set	Print the verdict and the page digests to the log	2026-09-12T00:26:59.1605131Z     {
nm_conviction-set	Print the verdict and the page digests to the log	2026-09-12T00:26:59.1605218Z       "kind": "boundary",
nm_conviction-set	Print the verdict and the page digests to the log	2026-09-12T00:26:59.1605337Z       "document": "boundary.pdf",
nm_conviction-set	Print the verdict and the page digests to the log	2026-09-12T00:26:59.1605424Z       "page": 18,
nm_conviction-set	Print the verdict and the page digests to the log	2026-09-12T00:26:59.1605586Z       "png": "nm_conviction-set/boundary/page-018.png",
nm_conviction-set	Print the verdict and the page digests to the log	2026-09-12T00:26:59.1605677Z       "bytes": 276042,
nm_conviction-set	Print the verdict and the page digests to the log	2026-09-12T00:26:59.1605948Z       "pngSha256": "03e5127ccb279a068257093f2590f92a83076fb24a7e2cc36188a4c298e4f16a",
nm_conviction-set	Print the verdict and the page digests to the log	2026-09-12T00:26:59.1606042Z       "pngWidth": 2040,
nm_conviction-set	Print the verdict and the page digests to the log	2026-09-12T00:26:59.1606138Z       "pngHeight": 2640,
nm_conviction-set	Print the verdict and the page digests to the log	2026-09-12T00:26:59.1606225Z       "paper": {
nm_conviction-set	Print the verdict and the page digests to the log	2026-09-12T00:26:59.1606305Z         "x0": 204,
nm_conviction-set	Print the verdict and the page digests to the log	2026-09-12T00:26:59.1606391Z         "y0": 3,
nm_conviction-set	Print the verdict and the page digests to the log	2026-09-12T00:26:59.1606473Z         "x1": 2243,
nm_conviction-set	Print the verdict and the page digests to the log	2026-09-12T00:26:59.1606567Z         "y1": 2642,
nm_conviction-set	Print the verdict and the page digests to the log	2026-09-12T00:26:59.1606656Z         "width": 2040,
nm_conviction-set	Print the verdict and the page digests to the log	2026-09-12T00:26:59.1606740Z         "height": 2640
nm_conviction-set	Print the verdict and the page digests to the log	2026-09-12T00:26:59.1606821Z       },
nm_conviction-set	Print the verdict and the page digests to the log	2026-09-12T00:26:59.1606940Z       "pxPerPt": 3.3333333333333335,
nm_conviction-set	Print the verdict and the page digests to the log	2026-09-12T00:26:59.1607068Z       "expectedPxPerPt": 3.333333333333333,
nm_conviction-set	Print the verdict and the page digests to the log	2026-09-12T00:26:59.1607164Z       "pageWidthPt": 612,
nm_conviction-set	Print the verdict and the page digests to the log	2026-09-12T00:26:59.1607262Z       "pageHeightPt": 792,
nm_conviction-set	Print the verdict and the page digests to the log	2026-09-12T00:26:59.1607350Z       "expectedPx": {
nm_conviction-set	Print the verdict and the page digests to the log	2026-09-12T00:26:59.1607464Z         "width": 2039.9999999999998,
nm_conviction-set	Print the verdict and the page digests to the log	2026-09-12T00:26:59.1607577Z         "height": 2639.9999999999995,
nm_conviction-set	Print the verdict and the page digests to the log	2026-09-12T00:26:59.1607699Z         "tolerancePx": 6.666666666666666
nm_conviction-set	Print the verdict and the page digests to the log	2026-09-12T00:26:59.1607909Z       },
nm_conviction-set	Print the verdict and the page digests to the log	2026-09-12T00:26:59.1608031Z       "calibrationResidualPx": 0,
nm_conviction-set	Print the verdict and the page digests to the log	2026-09-12T00:26:59.1608193Z       "inkFractionInsidePaper": 0.031290849673202614,
nm_conviction-set	Print the verdict and the page digests to the log	2026-09-12T00:26:59.1608287Z       "nonblank": true,
nm_conviction-set	Print the verdict and the page digests to the log	2026-09-12T00:26:59.1608401Z       "croppedToThePage": true
nm_conviction-set	Print the verdict and the page digests to the log	2026-09-12T00:26:59.1608482Z     },
nm_conviction-set	Print the verdict and the page digests to the log	2026-09-12T00:26:59.1608563Z     {
nm_conviction-set	Print the verdict and the page digests to the log	2026-09-12T00:26:59.1608652Z       "kind": "boundary",
nm_conviction-set	Print the verdict and the page digests to the log	2026-09-12T00:26:59.1608772Z       "document": "boundary.pdf",
nm_conviction-set	Print the verdict and the page digests to the log	2026-09-12T00:26:59.1608855Z       "page": 19,
nm_conviction-set	Print the verdict and the page digests to the log	2026-09-12T00:26:59.1609025Z       "png": "nm_conviction-set/boundary/page-019.png",
nm_conviction-set	Print the verdict and the page digests to the log	2026-09-12T00:26:59.1609116Z       "bytes": 284058,
nm_conviction-set	Print the verdict and the page digests to the log	2026-09-12T00:26:59.1609389Z       "pngSha256": "9ca06d17338adc2906d6001ce03d6d8b840dbda403dd321d74fe1dc653f426fd",
nm_conviction-set	Print the verdict and the page digests to the log	2026-09-12T00:26:59.1609484Z       "pngWidth": 2040,
nm_conviction-set	Print the verdict and the page digests to the log	2026-09-12T00:26:59.1609578Z       "pngHeight": 2640,
nm_conviction-set	Print the verdict and the page digests to the log	2026-09-12T00:26:59.1609660Z       "paper": {
nm_conviction-set	Print the verdict and the page digests to the log	2026-09-12T00:26:59.1609746Z         "x0": 204,
nm_conviction-set	Print the verdict and the page digests to the log	2026-09-12T00:26:59.1609834Z         "y0": 3,
nm_conviction-set	Print the verdict and the page digests to the log	2026-09-12T00:26:59.1609916Z         "x1": 2243,
nm_conviction-set	Print the verdict and the page digests to the log	2026-09-12T00:26:59.1610001Z         "y1": 2642,
nm_conviction-set	Print the verdict and the page digests to the log	2026-09-12T00:26:59.1610086Z         "width": 2040,
nm_conviction-set	Print the verdict and the page digests to the log	2026-09-12T00:26:59.1610174Z         "height": 2640
nm_conviction-set	Print the verdict and the page digests to the log	2026-09-12T00:26:59.1610255Z       },
nm_conviction-set	Print the verdict and the page digests to the log	2026-09-12T00:26:59.1610366Z       "pxPerPt": 3.3333333333333335,
nm_conviction-set	Print the verdict and the page digests to the log	2026-09-12T00:26:59.1610498Z       "expectedPxPerPt": 3.333333333333333,
nm_conviction-set	Print the verdict and the page digests to the log	2026-09-12T00:26:59.1610594Z       "pageWidthPt": 612,
nm_conviction-set	Print the verdict and the page digests to the log	2026-09-12T00:26:59.1610686Z       "pageHeightPt": 792,
nm_conviction-set	Print the verdict and the page digests to the log	2026-09-12T00:26:59.1610783Z       "expectedPx": {
nm_conviction-set	Print the verdict and the page digests to the log	2026-09-12T00:26:59.1610894Z         "width": 2039.9999999999998,
nm_conviction-set	Print the verdict and the page digests to the log	2026-09-12T00:26:59.1611005Z         "height": 2639.9999999999995,
nm_conviction-set	Print the verdict and the page digests to the log	2026-09-12T00:26:59.1611126Z         "tolerancePx": 6.666666666666666
nm_conviction-set	Print the verdict and the page digests to the log	2026-09-12T00:26:59.1611207Z       },
nm_conviction-set	Print the verdict and the page digests to the log	2026-09-12T00:26:59.1611326Z       "calibrationResidualPx": 0,
nm_conviction-set	Print the verdict and the page digests to the log	2026-09-12T00:26:59.1611480Z       "inkFractionInsidePaper": 0.03273562834224599,
nm_conviction-set	Print the verdict and the page digests to the log	2026-09-12T00:26:59.1611568Z       "nonblank": true,
nm_conviction-set	Print the verdict and the page digests to the log	2026-09-12T00:26:59.1611685Z       "croppedToThePage": true
nm_conviction-set	Print the verdict and the page digests to the log	2026-09-12T00:26:59.1611766Z     },
nm_conviction-set	Print the verdict and the page digests to the log	2026-09-12T00:26:59.1611842Z     {
nm_conviction-set	Print the verdict and the page digests to the log	2026-09-12T00:26:59.1611935Z       "kind": "boundary",
nm_conviction-set	Print the verdict and the page digests to the log	2026-09-12T00:26:59.1612052Z       "document": "boundary.pdf",
nm_conviction-set	Print the verdict and the page digests to the log	2026-09-12T00:26:59.1612134Z       "page": 20,
nm_conviction-set	Print the verdict and the page digests to the log	2026-09-12T00:26:59.1612296Z       "png": "nm_conviction-set/boundary/page-020.png",
nm_conviction-set	Print the verdict and the page digests to the log	2026-09-12T00:26:59.1612386Z       "bytes": 347344,
nm_conviction-set	Print the verdict and the page digests to the log	2026-09-12T00:26:59.1612664Z       "pngSha256": "06b6cb1d9dd5cd72c973d57fba1286f12a6c8cddc4d5edbacc3cbd59630fc589",
nm_conviction-set	Print the verdict and the page digests to the log	2026-09-12T00:26:59.1612847Z       "pngWidth": 2040,
nm_conviction-set	Print the verdict and the page digests to the log	2026-09-12T00:26:59.1612936Z       "pngHeight": 2640,
nm_conviction-set	Print the verdict and the page digests to the log	2026-09-12T00:26:59.1613023Z       "paper": {
nm_conviction-set	Print the verdict and the page digests to the log	2026-09-12T00:26:59.1613108Z         "x0": 204,
nm_conviction-set	Print the verdict and the page digests to the log	2026-09-12T00:26:59.1613187Z         "y0": 3,
nm_conviction-set	Print the verdict and the page digests to the log	2026-09-12T00:26:59.1613272Z         "x1": 2243,
nm_conviction-set	Print the verdict and the page digests to the log	2026-09-12T00:26:59.1613579Z         "y1": 2642,
nm_conviction-set	Print the verdict and the page digests to the log	2026-09-12T00:26:59.1613675Z         "width": 2040,
nm_conviction-set	Print the verdict and the page digests to the log	2026-09-12T00:26:59.1613766Z         "height": 2640
nm_conviction-set	Print the verdict and the page digests to the log	2026-09-12T00:26:59.1613846Z       },
nm_conviction-set	Print the verdict and the page digests to the log	2026-09-12T00:26:59.1613957Z       "pxPerPt": 3.3333333333333335,
nm_conviction-set	Print the verdict and the page digests to the log	2026-09-12T00:26:59.1614092Z       "expectedPxPerPt": 3.333333333333333,
nm_conviction-set	Print the verdict and the page digests to the log	2026-09-12T00:26:59.1614183Z       "pageWidthPt": 612,
nm_conviction-set	Print the verdict and the page digests to the log	2026-09-12T00:26:59.1614280Z       "pageHeightPt": 792,
nm_conviction-set	Print the verdict and the page digests to the log	2026-09-12T00:26:59.1614372Z       "expectedPx": {
nm_conviction-set	Print the verdict and the page digests to the log	2026-09-12T00:26:59.1614480Z         "width": 2039.9999999999998,
nm_conviction-set	Print the verdict and the page digests to the log	2026-09-12T00:26:59.1614597Z         "height": 2639.9999999999995,
nm_conviction-set	Print the verdict and the page digests to the log	2026-09-12T00:26:59.1614721Z         "tolerancePx": 6.666666666666666
nm_conviction-set	Print the verdict and the page digests to the log	2026-09-12T00:26:59.1614797Z       },
nm_conviction-set	Print the verdict and the page digests to the log	2026-09-12T00:26:59.1614924Z       "calibrationResidualPx": 0,
nm_conviction-set	Print the verdict and the page digests to the log	2026-09-12T00:26:59.1615079Z       "inkFractionInsidePaper": 0.04098577688651218,
nm_conviction-set	Print the verdict and the page digests to the log	2026-09-12T00:26:59.1615169Z       "nonblank": true,
nm_conviction-set	Print the verdict and the page digests to the log	2026-09-12T00:26:59.1615289Z       "croppedToThePage": true
nm_conviction-set	Print the verdict and the page digests to the log	2026-09-12T00:26:59.1615365Z     },
nm_conviction-set	Print the verdict and the page digests to the log	2026-09-12T00:26:59.1615444Z     {
nm_conviction-set	Print the verdict and the page digests to the log	2026-09-12T00:26:59.1615535Z       "kind": "boundary",
nm_conviction-set	Print the verdict and the page digests to the log	2026-09-12T00:26:59.1615647Z       "document": "boundary.pdf",
nm_conviction-set	Print the verdict and the page digests to the log	2026-09-12T00:26:59.1615735Z       "page": 21,
nm_conviction-set	Print the verdict and the page digests to the log	2026-09-12T00:26:59.1615898Z       "png": "nm_conviction-set/boundary/page-021.png",
nm_conviction-set	Print the verdict and the page digests to the log	2026-09-12T00:26:59.1616112Z       "bytes": 282122,
nm_conviction-set	Print the verdict and the page digests to the log	2026-09-12T00:26:59.1616391Z       "pngSha256": "54dd75719b3d54371bec7210fb9da0961a2ecf0a5e53737be8ca9076f2fa797d",
nm_conviction-set	Print the verdict and the page digests to the log	2026-09-12T00:26:59.1616484Z       "pngWidth": 2040,
nm_conviction-set	Print the verdict and the page digests to the log	2026-09-12T00:26:59.1616581Z       "pngHeight": 2640,
nm_conviction-set	Print the verdict and the page digests to the log	2026-09-12T00:26:59.1616672Z       "paper": {
nm_conviction-set	Print the verdict and the page digests to the log	2026-09-12T00:26:59.1616758Z         "x0": 204,
nm_conviction-set	Print the verdict and the page digests to the log	2026-09-12T00:26:59.1616837Z         "y0": 3,
nm_conviction-set	Print the verdict and the page digests to the log	2026-09-12T00:26:59.1616922Z         "x1": 2243,
nm_conviction-set	Print the verdict and the page digests to the log	2026-09-12T00:26:59.1617006Z         "y1": 2642,
nm_conviction-set	Print the verdict and the page digests to the log	2026-09-12T00:26:59.1617095Z         "width": 2040,
nm_conviction-set	Print the verdict and the page digests to the log	2026-09-12T00:26:59.1617186Z         "height": 2640
nm_conviction-set	Print the verdict and the page digests to the log	2026-09-12T00:26:59.1617262Z       },
nm_conviction-set	Print the verdict and the page digests to the log	2026-09-12T00:26:59.1617380Z       "pxPerPt": 3.3333333333333335,
nm_conviction-set	Print the verdict and the page digests to the log	2026-09-12T00:26:59.1617510Z       "expectedPxPerPt": 3.333333333333333,
nm_conviction-set	Print the verdict and the page digests to the log	2026-09-12T00:26:59.1617601Z       "pageWidthPt": 612,
nm_conviction-set	Print the verdict and the page digests to the log	2026-09-12T00:26:59.1617702Z       "pageHeightPt": 792,
nm_conviction-set	Print the verdict and the page digests to the log	2026-09-12T00:26:59.1617800Z       "expectedPx": {
nm_conviction-set	Print the verdict and the page digests to the log	2026-09-12T00:26:59.1617911Z         "width": 2039.9999999999998,
nm_conviction-set	Print the verdict and the page digests to the log	2026-09-12T00:26:59.1618026Z         "height": 2639.9999999999995,
nm_conviction-set	Print the verdict and the page digests to the log	2026-09-12T00:26:59.1618144Z         "tolerancePx": 6.666666666666666
nm_conviction-set	Print the verdict and the page digests to the log	2026-09-12T00:26:59.1618225Z       },
nm_conviction-set	Print the verdict and the page digests to the log	2026-09-12T00:26:59.1618351Z       "calibrationResidualPx": 0,
nm_conviction-set	Print the verdict and the page digests to the log	2026-09-12T00:26:59.1618506Z       "inkFractionInsidePaper": 0.035157085561497325,
nm_conviction-set	Print the verdict and the page digests to the log	2026-09-12T00:26:59.1618600Z       "nonblank": true,
nm_conviction-set	Print the verdict and the page digests to the log	2026-09-12T00:26:59.1618718Z       "croppedToThePage": true
nm_conviction-set	Print the verdict and the page digests to the log	2026-09-12T00:26:59.1618798Z     },
nm_conviction-set	Print the verdict and the page digests to the log	2026-09-12T00:26:59.1618878Z     {
nm_conviction-set	Print the verdict and the page digests to the log	2026-09-12T00:26:59.1618975Z       "kind": "boundary",
nm_conviction-set	Print the verdict and the page digests to the log	2026-09-12T00:26:59.1619089Z       "document": "boundary.pdf",
nm_conviction-set	Print the verdict and the page digests to the log	2026-09-12T00:26:59.1619179Z       "page": 22,
nm_conviction-set	Print the verdict and the page digests to the log	2026-09-12T00:26:59.1619335Z       "png": "nm_conviction-set/boundary/page-022.png",
nm_conviction-set	Print the verdict and the page digests to the log	2026-09-12T00:26:59.1619426Z       "bytes": 268855,
nm_conviction-set	Print the verdict and the page digests to the log	2026-09-12T00:26:59.1619702Z       "pngSha256": "07eaa012b327e6a3c781d168d0c8e3641ae70abbaed6e445520019c32d7cb0d0",
nm_conviction-set	Print the verdict and the page digests to the log	2026-09-12T00:26:59.1619792Z       "pngWidth": 2040,
nm_conviction-set	Print the verdict and the page digests to the log	2026-09-12T00:26:59.1619889Z       "pngHeight": 2640,
nm_conviction-set	Print the verdict and the page digests to the log	2026-09-12T00:26:59.1619975Z       "paper": {
nm_conviction-set	Print the verdict and the page digests to the log	2026-09-12T00:26:59.1620056Z         "x0": 204,
nm_conviction-set	Print the verdict and the page digests to the log	2026-09-12T00:26:59.1620140Z         "y0": 3,
nm_conviction-set	Print the verdict and the page digests to the log	2026-09-12T00:26:59.1620226Z         "x1": 2243,
nm_conviction-set	Print the verdict and the page digests to the log	2026-09-12T00:26:59.1620308Z         "y1": 2642,
nm_conviction-set	Print the verdict and the page digests to the log	2026-09-12T00:26:59.1620398Z         "width": 2040,
nm_conviction-set	Print the verdict and the page digests to the log	2026-09-12T00:26:59.1620482Z         "height": 2640
nm_conviction-set	Print the verdict and the page digests to the log	2026-09-12T00:26:59.1620563Z       },
nm_conviction-set	Print the verdict and the page digests to the log	2026-09-12T00:26:59.1620676Z       "pxPerPt": 3.3333333333333335,
nm_conviction-set	Print the verdict and the page digests to the log	2026-09-12T00:26:59.1620919Z       "expectedPxPerPt": 3.333333333333333,
nm_conviction-set	Print the verdict and the page digests to the log	2026-09-12T00:26:59.1621016Z       "pageWidthPt": 612,
nm_conviction-set	Print the verdict and the page digests to the log	2026-09-12T00:26:59.1621112Z       "pageHeightPt": 792,
nm_conviction-set	Print the verdict and the page digests to the log	2026-09-12T00:26:59.1621198Z       "expectedPx": {
nm_conviction-set	Print the verdict and the page digests to the log	2026-09-12T00:26:59.1621310Z         "width": 2039.9999999999998,
nm_conviction-set	Print the verdict and the page digests to the log	2026-09-12T00:26:59.1621426Z         "height": 2639.9999999999995,
nm_conviction-set	Print the verdict and the page digests to the log	2026-09-12T00:26:59.1621542Z         "tolerancePx": 6.666666666666666
nm_conviction-set	Print the verdict and the page digests to the log	2026-09-12T00:26:59.1621623Z       },
nm_conviction-set	Print the verdict and the page digests to the log	2026-09-12T00:26:59.1621742Z       "calibrationResidualPx": 0,
nm_conviction-set	Print the verdict and the page digests to the log	2026-09-12T00:26:59.1621901Z       "inkFractionInsidePaper": 0.03087603980986334,
nm_conviction-set	Print the verdict and the page digests to the log	2026-09-12T00:26:59.1621995Z       "nonblank": true,
nm_conviction-set	Print the verdict and the page digests to the log	2026-09-12T00:26:59.1622110Z       "croppedToThePage": true
nm_conviction-set	Print the verdict and the page digests to the log	2026-09-12T00:26:59.1622193Z     },
nm_conviction-set	Print the verdict and the page digests to the log	2026-09-12T00:26:59.1622272Z     {
nm_conviction-set	Print the verdict and the page digests to the log	2026-09-12T00:26:59.1622360Z       "kind": "boundary",
nm_conviction-set	Print the verdict and the page digests to the log	2026-09-12T00:26:59.1622478Z       "document": "boundary.pdf",
nm_conviction-set	Print the verdict and the page digests to the log	2026-09-12T00:26:59.1622568Z       "page": 23,
nm_conviction-set	Print the verdict and the page digests to the log	2026-09-12T00:26:59.1622723Z       "png": "nm_conviction-set/boundary/page-023.png",
nm_conviction-set	Print the verdict and the page digests to the log	2026-09-12T00:26:59.1622816Z       "bytes": 257317,
nm_conviction-set	Print the verdict and the page digests to the log	2026-09-12T00:26:59.1623088Z       "pngSha256": "8293cdd81b82c6768518df6a80e7c976ff1cde4ae14f96193d00ee48fec17da7",
nm_conviction-set	Print the verdict and the page digests to the log	2026-09-12T00:26:59.1623178Z       "pngWidth": 2040,
nm_conviction-set	Print the verdict and the page digests to the log	2026-09-12T00:26:59.1623270Z       "pngHeight": 2640,
nm_conviction-set	Print the verdict and the page digests to the log	2026-09-12T00:26:59.1623647Z       "paper": {
nm_conviction-set	Print the verdict and the page digests to the log	2026-09-12T00:26:59.1623787Z         "x0": 204,
nm_conviction-set	Print the verdict and the page digests to the log	2026-09-12T00:26:59.1623877Z         "y0": 3,
nm_conviction-set	Print the verdict and the page digests to the log	2026-09-12T00:26:59.1623957Z         "x1": 2243,
nm_conviction-set	Print the verdict and the page digests to the log	2026-09-12T00:26:59.1624042Z         "y1": 2642,
nm_conviction-set	Print the verdict and the page digests to the log	2026-09-12T00:26:59.1624264Z         "width": 2040,
nm_conviction-set	Print the verdict and the page digests to the log	2026-09-12T00:26:59.1624349Z         "height": 2640
nm_conviction-set	Print the verdict and the page digests to the log	2026-09-12T00:26:59.1624430Z       },
nm_conviction-set	Print the verdict and the page digests to the log	2026-09-12T00:26:59.1624541Z       "pxPerPt": 3.3333333333333335,
nm_conviction-set	Print the verdict and the page digests to the log	2026-09-12T00:26:59.1624672Z       "expectedPxPerPt": 3.333333333333333,
nm_conviction-set	Print the verdict and the page digests to the log	2026-09-12T00:26:59.1624769Z       "pageWidthPt": 612,
nm_conviction-set	Print the verdict and the page digests to the log	2026-09-12T00:26:59.1624863Z       "pageHeightPt": 792,
nm_conviction-set	Print the verdict and the page digests to the log	2026-09-12T00:26:59.1624955Z       "expectedPx": {
nm_conviction-set	Print the verdict and the page digests to the log	2026-09-12T00:26:59.1625073Z         "width": 2039.9999999999998,
nm_conviction-set	Print the verdict and the page digests to the log	2026-09-12T00:26:59.1625187Z         "height": 2639.9999999999995,
nm_conviction-set	Print the verdict and the page digests to the log	2026-09-12T00:26:59.1625311Z         "tolerancePx": 6.666666666666666
nm_conviction-set	Print the verdict and the page digests to the log	2026-09-12T00:26:59.1625390Z       },
nm_conviction-set	Print the verdict and the page digests to the log	2026-09-12T00:26:59.1625509Z       "calibrationResidualPx": 0,
nm_conviction-set	Print the verdict and the page digests to the log	2026-09-12T00:26:59.1625667Z       "inkFractionInsidePaper": 0.031810011883541295,
nm_conviction-set	Print the verdict and the page digests to the log	2026-09-12T00:26:59.1625760Z       "nonblank": true,
nm_conviction-set	Print the verdict and the page digests to the log	2026-09-12T00:26:59.1625873Z       "croppedToThePage": true
nm_conviction-set	Print the verdict and the page digests to the log	2026-09-12T00:26:59.1625953Z     },
nm_conviction-set	Print the verdict and the page digests to the log	2026-09-12T00:26:59.1626035Z     {
nm_conviction-set	Print the verdict and the page digests to the log	2026-09-12T00:26:59.1626129Z       "kind": "boundary",
nm_conviction-set	Print the verdict and the page digests to the log	2026-09-12T00:26:59.1626247Z       "document": "boundary.pdf",
nm_conviction-set	Print the verdict and the page digests to the log	2026-09-12T00:26:59.1626330Z       "page": 24,
nm_conviction-set	Print the verdict and the page digests to the log	2026-09-12T00:26:59.1626492Z       "png": "nm_conviction-set/boundary/page-024.png",
nm_conviction-set	Print the verdict and the page digests to the log	2026-09-12T00:26:59.1626581Z       "bytes": 237250,
nm_conviction-set	Print the verdict and the page digests to the log	2026-09-12T00:26:59.1626841Z       "pngSha256": "444b16729a429715f179164a507b7bbd8b7fc1744082fd22f12ebeb5de39b84a",
nm_conviction-set	Print the verdict and the page digests to the log	2026-09-12T00:26:59.1626936Z       "pngWidth": 2040,
nm_conviction-set	Print the verdict and the page digests to the log	2026-09-12T00:26:59.1627032Z       "pngHeight": 2640,
nm_conviction-set	Print the verdict and the page digests to the log	2026-09-12T00:26:59.1627114Z       "paper": {
nm_conviction-set	Print the verdict and the page digests to the log	2026-09-12T00:26:59.1627204Z         "x0": 204,
nm_conviction-set	Print the verdict and the page digests to the log	2026-09-12T00:26:59.1627283Z         "y0": 3,
nm_conviction-set	Print the verdict and the page digests to the log	2026-09-12T00:26:59.1627374Z         "x1": 2243,
nm_conviction-set	Print the verdict and the page digests to the log	2026-09-12T00:26:59.1627459Z         "y1": 2642,
nm_conviction-set	Print the verdict and the page digests to the log	2026-09-12T00:26:59.1627543Z         "width": 2040,
nm_conviction-set	Print the verdict and the page digests to the log	2026-09-12T00:26:59.1627632Z         "height": 2640
nm_conviction-set	Print the verdict and the page digests to the log	2026-09-12T00:26:59.1627713Z       },
nm_conviction-set	Print the verdict and the page digests to the log	2026-09-12T00:26:59.1627824Z       "pxPerPt": 3.3333333333333335,
nm_conviction-set	Print the verdict and the page digests to the log	2026-09-12T00:26:59.1627953Z       "expectedPxPerPt": 3.333333333333333,
nm_conviction-set	Print the verdict and the page digests to the log	2026-09-12T00:26:59.1628057Z       "pageWidthPt": 612,
nm_conviction-set	Print the verdict and the page digests to the log	2026-09-12T00:26:59.1628148Z       "pageHeightPt": 792,
nm_conviction-set	Print the verdict and the page digests to the log	2026-09-12T00:26:59.1628240Z       "expectedPx": {
nm_conviction-set	Print the verdict and the page digests to the log	2026-09-12T00:26:59.1628347Z         "width": 2039.9999999999998,
nm_conviction-set	Print the verdict and the page digests to the log	2026-09-12T00:26:59.1628468Z         "height": 2639.9999999999995,
nm_conviction-set	Print the verdict and the page digests to the log	2026-09-12T00:26:59.1628588Z         "tolerancePx": 6.666666666666666
nm_conviction-set	Print the verdict and the page digests to the log	2026-09-12T00:26:59.1628664Z       },
nm_conviction-set	Print the verdict and the page digests to the log	2026-09-12T00:26:59.1628787Z       "calibrationResidualPx": 0,
nm_conviction-set	Print the verdict and the page digests to the log	2026-09-12T00:26:59.1629114Z       "inkFractionInsidePaper": 0.023424873737373737,
nm_conviction-set	Print the verdict and the page digests to the log	2026-09-12T00:26:59.1629204Z       "nonblank": true,
nm_conviction-set	Print the verdict and the page digests to the log	2026-09-12T00:26:59.1629322Z       "croppedToThePage": true
nm_conviction-set	Print the verdict and the page digests to the log	2026-09-12T00:26:59.1629405Z     }
nm_conviction-set	Print the verdict and the page digests to the log	2026-09-12T00:26:59.1629484Z   ],
nm_conviction-set	Print the verdict and the page digests to the log	2026-09-12T00:26:59.1629574Z   "problems": [],
nm_conviction-set	Print the verdict and the page digests to the log	2026-09-12T00:26:59.1629677Z   "environmentProblems": [],
nm_conviction-set	Print the verdict and the page digests to the log	2026-09-12T00:26:59.1630204Z   "whatThisDoesNotDecide": "This is one gate. RASTER_PASS does not make a family PASS_COMPLETE, promotes nothing, and opens no commercial route.",
nm_conviction-set	Print the verdict and the page digests to the log	2026-09-12T00:26:59.1630313Z   "packetPdfsModified": 0,
nm_conviction-set	Print the verdict and the page digests to the log	2026-09-12T00:26:59.1630405Z   "bodiesCommitted": 0,
nm_conviction-set	Print the verdict and the page digests to the log	2026-09-12T00:26:59.1630527Z   "commercialRoutesOpened": 0,
nm_conviction-set	Print the verdict and the page digests to the log	2026-09-12T00:26:59.1630631Z   "productionTouched": false
nm_conviction-set	Print the verdict and the page digests to the log	2026-09-12T00:26:59.1630712Z }
nm_conviction-set	Print the verdict and the page digests to the log	2026-09-12T00:26:59.1630958Z ===== END VERDICT nm_conviction-set.verdict.json =====
nm_conviction-set	Print the verdict and the page digests to the log	2026-09-12T00:26:59.1631093Z ===== BEGIN PAGE DIGESTS =====
nm_conviction-set	Print the verdict and the page digests to the log	2026-09-12T00:26:59.1631606Z a946c429fdf261e091df52e80eb29232d45a85e9aeadce089729a5a1047c5392  raster-out/nm_conviction-set/boundary/page-001.png
nm_conviction-set	Print the verdict and the page digests to the log	2026-09-12T00:26:59.1632100Z 58ab377184b74b23726a85ce9dafcf02bd8a9e62823c666491363ea61d8743f6  raster-out/nm_conviction-set/boundary/page-002.png
nm_conviction-set	Print the verdict and the page digests to the log	2026-09-12T00:26:59.1632584Z 556a3a1ab749455f8ac79e9e338f092be757ab5b51d3ae9d893d80dbf9ab361b  raster-out/nm_conviction-set/boundary/page-003.png
nm_conviction-set	Print the verdict and the page digests to the log	2026-09-12T00:26:59.1633049Z 9a295b984182c5541d382a10c741ea35340425e883bf90649f8cb7a6a5a97b11  raster-out/nm_conviction-set/boundary/page-004.png
nm_conviction-set	Print the verdict and the page digests to the log	2026-09-12T00:26:59.1633905Z 7e278d5b88aeb3dd893abe550d61504da51360c670b0ff6eaef596c3336ada4b  raster-out/nm_conviction-set/boundary/page-005.png
nm_conviction-set	Print the verdict and the page digests to the log	2026-09-12T00:26:59.1634397Z 998193a7948f5b87e5e427a925454bda083369bc873754c941b28002759422c0  raster-out/nm_conviction-set/boundary/page-006.png
nm_conviction-set	Print the verdict and the page digests to the log	2026-09-12T00:26:59.1634893Z cb38a8faf31ff9105298e7de11c07218eed6c25bc1889ca745cd5757bc633ec1  raster-out/nm_conviction-set/boundary/page-007.png
nm_conviction-set	Print the verdict and the page digests to the log	2026-09-12T00:26:59.1635366Z a50391177376c425eaff0f661575751d222afc182b67c738d9200387547ea34e  raster-out/nm_conviction-set/boundary/page-008.png
nm_conviction-set	Print the verdict and the page digests to the log	2026-09-12T00:26:59.1635852Z 2e3792f46160fbb5619ed56c93c7998a7ee64a10bd49e7cfde44db8c4c27f083  raster-out/nm_conviction-set/boundary/page-009.png
nm_conviction-set	Print the verdict and the page digests to the log	2026-09-12T00:26:59.1636325Z 2c118b2f5c620a9130beb95a9b8b372b9e803d23cce649fa8b239fb562501d29  raster-out/nm_conviction-set/boundary/page-010.png
nm_conviction-set	Print the verdict and the page digests to the log	2026-09-12T00:26:59.1636806Z 63a3b1fffa2cdeaca5c6bf8918551755885ca8880048a0e5b97ab91e1730515c  raster-out/nm_conviction-set/boundary/page-011.png
nm_conviction-set	Print the verdict and the page digests to the log	2026-09-12T00:26:59.1637278Z 26a1666a317473fb01f7f665891d2f3a4d548655a5875d0d775e16889d2da8ad  raster-out/nm_conviction-set/boundary/page-012.png
nm_conviction-set	Print the verdict and the page digests to the log	2026-09-12T00:26:59.1637754Z 2011da2f87ceaa627140c6f993a6e5de79a0028caa38038cbf9c59bc4d0ce70f  raster-out/nm_conviction-set/boundary/page-013.png
nm_conviction-set	Print the verdict and the page digests to the log	2026-09-12T00:26:59.1638230Z 8a4f4a75e0c7e67b8c80f9112f4d8014e21b2c230964c6ae43c2d7326eb116b6  raster-out/nm_conviction-set/boundary/page-014.png
nm_conviction-set	Print the verdict and the page digests to the log	2026-09-12T00:26:59.1638703Z f8c98ad639e17e8eb572575b08d2aff29fa362589a91bc7c7df19894723111d1  raster-out/nm_conviction-set/boundary/page-015.png
nm_conviction-set	Print the verdict and the page digests to the log	2026-09-12T00:26:59.1639188Z e9a40f43aea06c4772e49cdf3627e23e7efce605cd6c76e5d947cce484a7a433  raster-out/nm_conviction-set/boundary/page-016.png
nm_conviction-set	Print the verdict and the page digests to the log	2026-09-12T00:26:59.1639655Z 167ff1010f925fa189d267d7b893e751fbf3f8329b9041c11f32ede6d9c15570  raster-out/nm_conviction-set/boundary/page-017.png
nm_conviction-set	Print the verdict and the page digests to the log	2026-09-12T00:26:59.1640126Z 03e5127ccb279a068257093f2590f92a83076fb24a7e2cc36188a4c298e4f16a  raster-out/nm_conviction-set/boundary/page-018.png
nm_conviction-set	Print the verdict and the page digests to the log	2026-09-12T00:26:59.1640609Z 9ca06d17338adc2906d6001ce03d6d8b840dbda403dd321d74fe1dc653f426fd  raster-out/nm_conviction-set/boundary/page-019.png
nm_conviction-set	Print the verdict and the page digests to the log	2026-09-12T00:26:59.1641090Z 06b6cb1d9dd5cd72c973d57fba1286f12a6c8cddc4d5edbacc3cbd59630fc589  raster-out/nm_conviction-set/boundary/page-020.png
nm_conviction-set	Print the verdict and the page digests to the log	2026-09-12T00:26:59.1641566Z 54dd75719b3d54371bec7210fb9da0961a2ecf0a5e53737be8ca9076f2fa797d  raster-out/nm_conviction-set/boundary/page-021.png
nm_conviction-set	Print the verdict and the page digests to the log	2026-09-12T00:26:59.1642044Z 07eaa012b327e6a3c781d168d0c8e3641ae70abbaed6e445520019c32d7cb0d0  raster-out/nm_conviction-set/boundary/page-022.png
nm_conviction-set	Print the verdict and the page digests to the log	2026-09-12T00:26:59.1642651Z 8293cdd81b82c6768518df6a80e7c976ff1cde4ae14f96193d00ee48fec17da7  raster-out/nm_conviction-set/boundary/page-023.png
nm_conviction-set	Print the verdict and the page digests to the log	2026-09-12T00:26:59.1643124Z 444b16729a429715f179164a507b7bbd8b7fc1744082fd22f12ebeb5de39b84a  raster-out/nm_conviction-set/boundary/page-024.png
nm_conviction-set	Print the verdict and the page digests to the log	2026-09-12T00:26:59.1643922Z d7ea77f366624837a77eaa043cb030886deb8535f7706e57ecc368fe9214f235  raster-out/nm_conviction-set/boundary/page-calibration.png
nm_conviction-set	Print the verdict and the page digests to the log	2026-09-12T00:26:59.1644424Z b89169f2617d9c5a07e1b5a875804eccce6c4985451d10d2282c364dff0fa401  raster-out/nm_conviction-set/canonical/page-001.png
nm_conviction-set	Print the verdict and the page digests to the log	2026-09-12T00:26:59.1644921Z dc4e4ac2c9a9b19e86d43cbb84ea1203aec7aab202d39f2fad20e73177169cea  raster-out/nm_conviction-set/canonical/page-002.png
nm_conviction-set	Print the verdict and the page digests to the log	2026-09-12T00:26:59.1645404Z cb5031b5b752695d18801dc2e754024d14b9ece6af58529d3bd9f503f1be18c3  raster-out/nm_conviction-set/canonical/page-003.png
nm_conviction-set	Print the verdict and the page digests to the log	2026-09-12T00:26:59.1645885Z edce0c02631cf66cc06c694b0e7cf4e3155c3e126a887252c05b4b68bcb3ccbc  raster-out/nm_conviction-set/canonical/page-004.png
nm_conviction-set	Print the verdict and the page digests to the log	2026-09-12T00:26:59.1646377Z 7e278d5b88aeb3dd893abe550d61504da51360c670b0ff6eaef596c3336ada4b  raster-out/nm_conviction-set/canonical/page-005.png
nm_conviction-set	Print the verdict and the page digests to the log	2026-09-12T00:26:59.1646872Z b8cf2f8d73f98c94d7c38683b77ba1c46cc4f1b34f126c8c71de0b90ed251a9c  raster-out/nm_conviction-set/canonical/page-006.png
nm_conviction-set	Print the verdict and the page digests to the log	2026-09-12T00:26:59.1647350Z cb38a8faf31ff9105298e7de11c07218eed6c25bc1889ca745cd5757bc633ec1  raster-out/nm_conviction-set/canonical/page-007.png
nm_conviction-set	Print the verdict and the page digests to the log	2026-09-12T00:26:59.1647973Z 31d13c800bacc7b7aeba343ac820b3851af33bd438bb1bb4cf0684917f926efc  raster-out/nm_conviction-set/canonical/page-008.png
nm_conviction-set	Print the verdict and the page digests to the log	2026-09-12T00:26:59.1648462Z 38d129d60b63036955357ad2c9aec07b6cc0ea0adf9a3ec7a812b4672b8290d7  raster-out/nm_conviction-set/canonical/page-009.png
nm_conviction-set	Print the verdict and the page digests to the log	2026-09-12T00:26:59.1648940Z 2c118b2f5c620a9130beb95a9b8b372b9e803d23cce649fa8b239fb562501d29  raster-out/nm_conviction-set/canonical/page-010.png
nm_conviction-set	Print the verdict and the page digests to the log	2026-09-12T00:26:59.1649422Z 22036dfa98a05edf85d6b57f20cc6b91b0249bc4fc101f770514ca4502ba0f5e  raster-out/nm_conviction-set/canonical/page-011.png
nm_conviction-set	Print the verdict and the page digests to the log	2026-09-12T00:26:59.1649917Z ea457f4e4cdb9bb66785f1949d57174557d50e5ddafe370ba6e3a2f6b6407615  raster-out/nm_conviction-set/canonical/page-012.png
nm_conviction-set	Print the verdict and the page digests to the log	2026-09-12T00:26:59.1650392Z 276d789a4460173b454497dee7bd7fea229af7f74f1b00caf964f8a249bc5afe  raster-out/nm_conviction-set/canonical/page-013.png
nm_conviction-set	Print the verdict and the page digests to the log	2026-09-12T00:26:59.1650873Z 8a4f4a75e0c7e67b8c80f9112f4d8014e21b2c230964c6ae43c2d7326eb116b6  raster-out/nm_conviction-set/canonical/page-014.png
nm_conviction-set	Print the verdict and the page digests to the log	2026-09-12T00:26:59.1651358Z f8c98ad639e17e8eb572575b08d2aff29fa362589a91bc7c7df19894723111d1  raster-out/nm_conviction-set/canonical/page-015.png
nm_conviction-set	Print the verdict and the page digests to the log	2026-09-12T00:26:59.1651844Z 5237cad7ee5aafae925f05f6310d04cd16c82f9c932aaeee5f0420ecfe90826a  raster-out/nm_conviction-set/canonical/page-016.png
nm_conviction-set	Print the verdict and the page digests to the log	2026-09-12T00:26:59.1652326Z 167ff1010f925fa189d267d7b893e751fbf3f8329b9041c11f32ede6d9c15570  raster-out/nm_conviction-set/canonical/page-017.png
nm_conviction-set	Print the verdict and the page digests to the log	2026-09-12T00:26:59.1652799Z 03e5127ccb279a068257093f2590f92a83076fb24a7e2cc36188a4c298e4f16a  raster-out/nm_conviction-set/canonical/page-018.png
nm_conviction-set	Print the verdict and the page digests to the log	2026-09-12T00:26:59.1653282Z 9ca06d17338adc2906d6001ce03d6d8b840dbda403dd321d74fe1dc653f426fd  raster-out/nm_conviction-set/canonical/page-019.png
nm_conviction-set	Print the verdict and the page digests to the log	2026-09-12T00:26:59.1654009Z c1437e035f7814e6a41bf2574a806e3d969a3c2936153df00a53cd3b1c893f0e  raster-out/nm_conviction-set/canonical/page-020.png
nm_conviction-set	Print the verdict and the page digests to the log	2026-09-12T00:26:59.1654499Z 54dd75719b3d54371bec7210fb9da0961a2ecf0a5e53737be8ca9076f2fa797d  raster-out/nm_conviction-set/canonical/page-021.png
nm_conviction-set	Print the verdict and the page digests to the log	2026-09-12T00:26:59.1654992Z 25cadfdd7ee8b25c1d5139d15ec448d3f891759b0d03cfcdae28987ec1245b2c  raster-out/nm_conviction-set/canonical/page-022.png
nm_conviction-set	Print the verdict and the page digests to the log	2026-09-12T00:26:59.1655472Z cc73f098164dd010aaa642305ba52147a603f08d461d5c31052db6f3afb11afe  raster-out/nm_conviction-set/canonical/page-023.png
nm_conviction-set	Print the verdict and the page digests to the log	2026-09-12T00:26:59.1655952Z 444b16729a429715f179164a507b7bbd8b7fc1744082fd22f12ebeb5de39b84a  raster-out/nm_conviction-set/canonical/page-024.png
nm_conviction-set	Print the verdict and the page digests to the log	2026-09-12T00:26:59.1656477Z d7ea77f366624837a77eaa043cb030886deb8535f7706e57ecc368fe9214f235  raster-out/nm_conviction-set/canonical/page-calibration.png
nm_conviction-set	Print the verdict and the page digests to the log	2026-09-12T00:26:59.1656724Z ===== END PAGE DIGESTS =====
nm_conviction-set	Refuse a modified packet byte	﻿2026-09-12T00:26:59.1734096Z ##[group]Run set -euo pipefail
nm_conviction-set	Refuse a modified packet byte	2026-09-12T00:26:59.1734268Z ^[[36;1mset -euo pipefail^[[0m
nm_conviction-set	Refuse a modified packet byte	2026-09-12T00:26:59.1734487Z ^[[36;1m# The render writes only under raster-out/. If a tracked file moved,^[[0m
nm_conviction-set	Refuse a modified packet byte	2026-09-12T00:26:59.1734604Z ^[[36;1m# something wrote where it must not.^[[0m
nm_conviction-set	Refuse a modified packet byte	2026-09-12T00:26:59.1734755Z ^[[36;1mgit diff --quiet && git diff --cached --quiet \^[[0m
nm_conviction-set	Refuse a modified packet byte	2026-09-12T00:26:59.1735042Z ^[[36;1m  || { echo "REFUSED: the render modified tracked files"; git status --porcelain; exit 1; }^[[0m
nm_conviction-set	Refuse a modified packet byte	2026-09-12T00:26:59.1770825Z shell: /usr/bin/bash -e {0}
nm_conviction-set	Refuse a modified packet byte	2026-09-12T00:26:59.1770912Z env:
nm_conviction-set	Refuse a modified packet byte	2026-09-12T00:26:59.1771082Z   pythonLocation: /opt/hostedtoolcache/Python/3.12.14/x64
nm_conviction-set	Refuse a modified packet byte	2026-09-12T00:26:59.1771282Z   PKG_CONFIG_PATH: /opt/hostedtoolcache/Python/3.12.14/x64/lib/pkgconfig
nm_conviction-set	Refuse a modified packet byte	2026-09-12T00:26:59.1771438Z   Python_ROOT_DIR: /opt/hostedtoolcache/Python/3.12.14/x64
nm_conviction-set	Refuse a modified packet byte	2026-09-12T00:26:59.1771586Z   Python2_ROOT_DIR: /opt/hostedtoolcache/Python/3.12.14/x64
nm_conviction-set	Refuse a modified packet byte	2026-09-12T00:26:59.1771729Z   Python3_ROOT_DIR: /opt/hostedtoolcache/Python/3.12.14/x64
nm_conviction-set	Refuse a modified packet byte	2026-09-12T00:26:59.1771915Z   LD_LIBRARY_PATH: /opt/hostedtoolcache/Python/3.12.14/x64/lib
nm_conviction-set	Refuse a modified packet byte	2026-09-12T00:26:59.1772081Z   PLAYWRIGHT_BROWSERS_PATH: /home/runner/.cache/ms-playwright
nm_conviction-set	Refuse a modified packet byte	2026-09-12T00:26:59.1772158Z ##[endgroup]
nm_conviction-set	Artifact-safe label for this family	﻿2026-09-12T00:26:59.9469621Z ##[group]Run printf 'FAMILY_SLUG=%s\n' "$(printf '%s' "$FAMILY" | tr -c 'A-Za-z0-9._-' '_')" >> "$GITHUB_ENV"
nm_conviction-set	Artifact-safe label for this family	2026-09-12T00:26:59.9470726Z ^[[36;1mprintf 'FAMILY_SLUG=%s\n' "$(printf '%s' "$FAMILY" | tr -c 'A-Za-z0-9._-' '_')" >> "$GITHUB_ENV"^[[0m
nm_conviction-set	Artifact-safe label for this family	2026-09-12T00:26:59.9508116Z shell: /usr/bin/bash -e {0}
nm_conviction-set	Artifact-safe label for this family	2026-09-12T00:26:59.9508363Z env:
nm_conviction-set	Artifact-safe label for this family	2026-09-12T00:26:59.9508625Z   pythonLocation: /opt/hostedtoolcache/Python/3.12.14/x64
nm_conviction-set	Artifact-safe label for this family	2026-09-12T00:26:59.9509069Z   PKG_CONFIG_PATH: /opt/hostedtoolcache/Python/3.12.14/x64/lib/pkgconfig
nm_conviction-set	Artifact-safe label for this family	2026-09-12T00:26:59.9509495Z   Python_ROOT_DIR: /opt/hostedtoolcache/Python/3.12.14/x64
nm_conviction-set	Artifact-safe label for this family	2026-09-12T00:26:59.9509879Z   Python2_ROOT_DIR: /opt/hostedtoolcache/Python/3.12.14/x64
nm_conviction-set	Artifact-safe label for this family	2026-09-12T00:26:59.9510262Z   Python3_ROOT_DIR: /opt/hostedtoolcache/Python/3.12.14/x64
nm_conviction-set	Artifact-safe label for this family	2026-09-12T00:26:59.9510641Z   LD_LIBRARY_PATH: /opt/hostedtoolcache/Python/3.12.14/x64/lib
nm_conviction-set	Artifact-safe label for this family	2026-09-12T00:26:59.9511051Z   PLAYWRIGHT_BROWSERS_PATH: /home/runner/.cache/ms-playwright
nm_conviction-set	Artifact-safe label for this family	2026-09-12T00:26:59.9511408Z   FAMILY: nm_conviction-set
nm_conviction-set	Artifact-safe label for this family	2026-09-12T00:26:59.9511673Z ##[endgroup]
nm_conviction-set	Run actions/upload-artifact@v4	﻿2026-09-12T00:26:59.9752201Z Node 20 is being deprecated. This workflow is running with Node 24 by default. If you need to temporarily use Node 20, you can set the ACTIONS_ALLOW_USE_UNSECURE_NODE_VERSION=true environment variable. For more information see: https://github.blog/changelog/2025-09-19-deprecation-of-node-20-on-github-actions-runners/
nm_conviction-set	Run actions/upload-artifact@v4	2026-09-12T00:26:59.9753792Z ##[group]Run actions/upload-artifact@v4
nm_conviction-set	Run actions/upload-artifact@v4	2026-09-12T00:26:59.9754061Z with:
nm_conviction-set	Run actions/upload-artifact@v4	2026-09-12T00:26:59.9754283Z   name: rcap-raster-nm_conviction-set-34660850664
nm_conviction-set	Run actions/upload-artifact@v4	2026-09-12T00:26:59.9754574Z   path: raster-out/
nm_conviction-set	Run actions/upload-artifact@v4	2026-09-12T00:26:59.9754782Z   if-no-files-found: error
nm_conviction-set	Run actions/upload-artifact@v4	2026-09-12T00:26:59.9755001Z   retention-days: 14
nm_conviction-set	Run actions/upload-artifact@v4	2026-09-12T00:26:59.9755203Z   compression-level: 6
nm_conviction-set	Run actions/upload-artifact@v4	2026-09-12T00:26:59.9755418Z   overwrite: false
nm_conviction-set	Run actions/upload-artifact@v4	2026-09-12T00:26:59.9755628Z   include-hidden-files: false
nm_conviction-set	Run actions/upload-artifact@v4	2026-09-12T00:26:59.9755851Z env:
nm_conviction-set	Run actions/upload-artifact@v4	2026-09-12T00:26:59.9756093Z   pythonLocation: /opt/hostedtoolcache/Python/3.12.14/x64
nm_conviction-set	Run actions/upload-artifact@v4	2026-09-12T00:26:59.9756525Z   PKG_CONFIG_PATH: /opt/hostedtoolcache/Python/3.12.14/x64/lib/pkgconfig
nm_conviction-set	Run actions/upload-artifact@v4	2026-09-12T00:26:59.9756983Z   Python_ROOT_DIR: /opt/hostedtoolcache/Python/3.12.14/x64
nm_conviction-set	Run actions/upload-artifact@v4	2026-09-12T00:26:59.9757362Z   Python2_ROOT_DIR: /opt/hostedtoolcache/Python/3.12.14/x64
nm_conviction-set	Run actions/upload-artifact@v4	2026-09-12T00:26:59.9757737Z   Python3_ROOT_DIR: /opt/hostedtoolcache/Python/3.12.14/x64
nm_conviction-set	Run actions/upload-artifact@v4	2026-09-12T00:26:59.9758114Z   LD_LIBRARY_PATH: /opt/hostedtoolcache/Python/3.12.14/x64/lib
nm_conviction-set	Run actions/upload-artifact@v4	2026-09-12T00:26:59.9758517Z   PLAYWRIGHT_BROWSERS_PATH: /home/runner/.cache/ms-playwright
nm_conviction-set	Run actions/upload-artifact@v4	2026-09-12T00:26:59.9758862Z   FAMILY_SLUG: nm_conviction-set
nm_conviction-set	Run actions/upload-artifact@v4	2026-09-12T00:26:59.9759104Z ##[endgroup]
nm_conviction-set	Run actions/upload-artifact@v4	2026-09-12T00:27:00.1441986Z (node:10552) [DEP0040] DeprecationWarning: The `punycode` module is deprecated. Please use a userland alternative instead.
nm_conviction-set	Run actions/upload-artifact@v4	2026-09-12T00:27:00.1443817Z (Use `node --trace-deprecation ...` to show where the warning was created)
nm_conviction-set	Run actions/upload-artifact@v4	2026-09-12T00:27:00.1635943Z With the provided path, there will be 56 files uploaded
nm_conviction-set	Run actions/upload-artifact@v4	2026-09-12T00:27:00.1637611Z Artifact name is valid!
nm_conviction-set	Run actions/upload-artifact@v4	2026-09-12T00:27:00.1638429Z Root directory input is valid!
nm_conviction-set	Run actions/upload-artifact@v4	2026-09-12T00:27:00.3637503Z Beginning upload of artifact content to blob storage
nm_conviction-set	Run actions/upload-artifact@v4	2026-09-12T00:27:00.6924688Z (node:10552) [DEP0169] DeprecationWarning: `url.parse()` behavior is not standardized and prone to errors that have security implications. Use the WHATWG URL API instead. CVEs are not issued for `url.parse()` vulnerabilities.
nm_conviction-set	Run actions/upload-artifact@v4	2026-09-12T00:27:00.9560449Z Uploaded bytes 8388608
nm_conviction-set	Run actions/upload-artifact@v4	2026-09-12T00:27:01.1018849Z Uploaded bytes 14192084
nm_conviction-set	Run actions/upload-artifact@v4	2026-09-12T00:27:01.1189183Z Finished uploading artifact content to blob storage!
nm_conviction-set	Run actions/upload-artifact@v4	2026-09-12T00:27:01.1190664Z SHA256 digest of uploaded artifact zip is 3f6252f74ad77d07fcfbd66b0e754de0002945d63a02c650ea0e5b3bd3100ef2
nm_conviction-set	Run actions/upload-artifact@v4	2026-09-12T00:27:01.1192680Z Finalizing artifact upload
nm_conviction-set	Run actions/upload-artifact@v4	2026-09-12T00:27:01.3230994Z Artifact rcap-raster-nm_conviction-set-34660850664.zip successfully finalized. Artifact ID 10287497306
nm_conviction-set	Run actions/upload-artifact@v4	2026-09-12T00:27:01.3232343Z Artifact rcap-raster-nm_conviction-set-34660850664 has been successfully uploaded! Final size is 14192084 bytes. Artifact ID is 10287497306
nm_conviction-set	Run actions/upload-artifact@v4	2026-09-12T00:27:01.3238036Z Artifact download URL: https://github.com/Roger-LegalEase/legalease-partner-dashboard-clean/actions/runs/34660850664/artifacts/10287497306
nm_conviction-set	Post Run actions/setup-python@v5	﻿2026-09-12T00:27:01.3609851Z Node 20 is being deprecated. This workflow is running with Node 24 by default. If you need to temporarily use Node 20, you can set the ACTIONS_ALLOW_USE_UNSECURE_NODE_VERSION=true environment variable. For more information see: https://github.blog/changelog/2025-09-19-deprecation-of-node-20-on-github-actions-runners/
nm_conviction-set	Post Run actions/setup-python@v5	2026-09-12T00:27:01.3611110Z Post job cleanup.
nm_conviction-set	Post Run actions/setup-python@v5	2026-09-12T00:27:01.4806222Z (node:10566) [DEP0040] DeprecationWarning: The `punycode` module is deprecated. Please use a userland alternative instead.
nm_conviction-set	Post Run actions/setup-python@v5	2026-09-12T00:27:01.4807440Z (Use `node --trace-deprecation ...` to show where the warning was created)
nm_conviction-set	Post Run actions/setup-node@v4	﻿2026-09-12T00:27:01.5196186Z Node 20 is being deprecated. This workflow is running with Node 24 by default. If you need to temporarily use Node 20, you can set the ACTIONS_ALLOW_USE_UNSECURE_NODE_VERSION=true environment variable. For more information see: https://github.blog/changelog/2025-09-19-deprecation-of-node-20-on-github-actions-runners/
nm_conviction-set	Post Run actions/setup-node@v4	2026-09-12T00:27:01.5197507Z Post job cleanup.
nm_conviction-set	Post Run actions/setup-node@v4	2026-09-12T00:27:01.6460854Z (node:10574) [DEP0040] DeprecationWarning: The `punycode` module is deprecated. Please use a userland alternative instead.
nm_conviction-set	Post Run actions/setup-node@v4	2026-09-12T00:27:01.6461865Z (Use `node --trace-deprecation ...` to show where the warning was created)
nm_conviction-set	Post Run actions/checkout@v4	﻿2026-09-12T00:27:01.7061932Z Node 20 is being deprecated. This workflow is running with Node 24 by default. If you need to temporarily use Node 20, you can set the ACTIONS_ALLOW_USE_UNSECURE_NODE_VERSION=true environment variable. For more information see: https://github.blog/changelog/2025-09-19-deprecation-of-node-20-on-github-actions-runners/
nm_conviction-set	Post Run actions/checkout@v4	2026-09-12T00:27:01.7063247Z Post job cleanup.
nm_conviction-set	Post Run actions/checkout@v4	2026-09-12T00:27:01.8074667Z [command]/usr/bin/git version
nm_conviction-set	Post Run actions/checkout@v4	2026-09-12T00:27:01.8141721Z git version 2.55.0
nm_conviction-set	Post Run actions/checkout@v4	2026-09-12T00:27:01.8197310Z Temporarily overriding HOME='/home/runner/work/_temp/10cd0db0-8d5f-47c8-afeb-b51e2adc75f9' before making global git config changes
nm_conviction-set	Post Run actions/checkout@v4	2026-09-12T00:27:01.8200534Z Adding repository directory to the temporary git global config as a safe directory
nm_conviction-set	Post Run actions/checkout@v4	2026-09-12T00:27:01.8204730Z [command]/usr/bin/git config --global --add safe.directory /home/runner/work/legalease-partner-dashboard-clean/legalease-partner-dashboard-clean
nm_conviction-set	Post Run actions/checkout@v4	2026-09-12T00:27:01.8252754Z [command]/usr/bin/git config --local --name-only --get-regexp core\.sshCommand
nm_conviction-set	Post Run actions/checkout@v4	2026-09-12T00:27:01.8297871Z [command]/usr/bin/git submodule foreach --recursive sh -c "git config --local --name-only --get-regexp 'core\.sshCommand' && git config --local --unset-all 'core.sshCommand' || :"
nm_conviction-set	Post Run actions/checkout@v4	2026-09-12T00:27:01.8630569Z [command]/usr/bin/git config --local --name-only --get-regexp http\.https\:\/\/github\.com\/\.extraheader
nm_conviction-set	Post Run actions/checkout@v4	2026-09-12T00:27:01.8664440Z http.https://github.com/.extraheader
nm_conviction-set	Post Run actions/checkout@v4	2026-09-12T00:27:01.8681666Z [command]/usr/bin/git config --local --unset-all http.https://github.com/.extraheader
nm_conviction-set	Post Run actions/checkout@v4	2026-09-12T00:27:01.8723279Z [command]/usr/bin/git submodule foreach --recursive sh -c "git config --local --name-only --get-regexp 'http\.https\:\/\/github\.com\/\.extraheader' && git config --local --unset-all 'http.https://github.com/.extraheader' || :"
nm_conviction-set	Post Run actions/checkout@v4	2026-09-12T00:27:01.9054033Z [command]/usr/bin/git config --local --name-only --get-regexp ^includeIf\.gitdir:
nm_conviction-set	Post Run actions/checkout@v4	2026-09-12T00:27:01.9099088Z [command]/usr/bin/git submodule foreach --recursive git config --local --show-origin --name-only --get-regexp remote.origin.url
nm_conviction-set	Complete job	﻿2026-09-12T00:27:01.9609210Z Cleaning up orphan processes
nm_conviction-set	Complete job	2026-09-12T00:27:01.9924470Z ##[warning]Node.js 20 is deprecated. The following actions target Node.js 20 but are being forced to run on Node.js 24: actions/checkout@v4, actions/setup-node@v4, actions/setup-python@v5, actions/upload-artifact@v4. For more information see: https://github.blog/changelog/2025-09-19-deprecation-of-node-20-on-github-actions-runners/
