ky_protective_order_record_expungement-set	Set up job	﻿2026-09-13T04:23:39.9950001Z Current runner version: '2.337.0'
ky_protective_order_record_expungement-set	Set up job	2026-09-13T04:23:39.9975567Z ##[group]Runner Image Provisioner
ky_protective_order_record_expungement-set	Set up job	2026-09-13T04:23:39.9976484Z Hosted Compute Agent
ky_protective_order_record_expungement-set	Set up job	2026-09-13T04:23:39.9977052Z Version: 20260828.587
ky_protective_order_record_expungement-set	Set up job	2026-09-13T04:23:39.9977660Z Commit: abac92662cab4cc7352de4f9f9d2e2419aad9c29
ky_protective_order_record_expungement-set	Set up job	2026-09-13T04:23:39.9978325Z Build Date: 2026-08-28T16:44:25Z
ky_protective_order_record_expungement-set	Set up job	2026-09-13T04:23:39.9978932Z Worker ID: {0762d7c7-e879-4dd1-b001-2d22f38bbb8e}
ky_protective_order_record_expungement-set	Set up job	2026-09-13T04:23:39.9979624Z Azure Region: westus3
ky_protective_order_record_expungement-set	Set up job	2026-09-13T04:23:39.9980130Z ##[endgroup]
ky_protective_order_record_expungement-set	Set up job	2026-09-13T04:23:39.9981672Z ##[group]Operating System
ky_protective_order_record_expungement-set	Set up job	2026-09-13T04:23:39.9982504Z Ubuntu
ky_protective_order_record_expungement-set	Set up job	2026-09-13T04:23:39.9982975Z 24.04.5
ky_protective_order_record_expungement-set	Set up job	2026-09-13T04:23:39.9983533Z LTS
ky_protective_order_record_expungement-set	Set up job	2026-09-13T04:23:39.9984028Z ##[endgroup]
ky_protective_order_record_expungement-set	Set up job	2026-09-13T04:23:39.9984492Z ##[group]Runner Image
ky_protective_order_record_expungement-set	Set up job	2026-09-13T04:23:39.9985429Z Image: ubuntu-24.04
ky_protective_order_record_expungement-set	Set up job	2026-09-13T04:23:39.9985976Z Version: 20260907.300.1
ky_protective_order_record_expungement-set	Set up job	2026-09-13T04:23:39.9986934Z Included Software: https://github.com/actions/runner-images/blob/ubuntu24/20260907.300/images/ubuntu/Ubuntu2404-Readme.md
ky_protective_order_record_expungement-set	Set up job	2026-09-13T04:23:39.9988565Z Image Release: https://github.com/actions/runner-images/releases/tag/ubuntu24%2F20260907.300
ky_protective_order_record_expungement-set	Set up job	2026-09-13T04:23:39.9989454Z ##[endgroup]
ky_protective_order_record_expungement-set	Set up job	2026-09-13T04:23:39.9990528Z ##[group]GITHUB_TOKEN Permissions
ky_protective_order_record_expungement-set	Set up job	2026-09-13T04:23:39.9993099Z Actions: read
ky_protective_order_record_expungement-set	Set up job	2026-09-13T04:23:39.9993677Z Contents: read
ky_protective_order_record_expungement-set	Set up job	2026-09-13T04:23:39.9994231Z Metadata: read
ky_protective_order_record_expungement-set	Set up job	2026-09-13T04:23:39.9994756Z ##[endgroup]
ky_protective_order_record_expungement-set	Set up job	2026-09-13T04:23:39.9996859Z Secret source: Actions
ky_protective_order_record_expungement-set	Set up job	2026-09-13T04:23:39.9997858Z Cache mode: write
ky_protective_order_record_expungement-set	Set up job	2026-09-13T04:23:39.9998527Z Prepare workflow directory
ky_protective_order_record_expungement-set	Set up job	2026-09-13T04:23:40.0369019Z Prepare all required actions
ky_protective_order_record_expungement-set	Set up job	2026-09-13T04:23:40.0417900Z Getting action download info
ky_protective_order_record_expungement-set	Set up job	2026-09-13T04:23:40.3584031Z Download action repository 'actions/checkout@v4' (SHA:11d5960a326750d5838078e36cf38b85af677262)
ky_protective_order_record_expungement-set	Set up job	2026-09-13T04:23:40.4407397Z Download action repository 'actions/setup-node@v4' (SHA:49933ea5288caeca8642d1e84afbd3f7d6820020)
ky_protective_order_record_expungement-set	Set up job	2026-09-13T04:23:40.5131480Z Download action repository 'actions/setup-python@v5' (SHA:a26af69be951a213d495a4c3e4e4022e16d87065)
ky_protective_order_record_expungement-set	Set up job	2026-09-13T04:23:40.5806114Z Download action repository 'actions/upload-artifact@v4' (SHA:ea165f8d65b6e75b540449e92b4886f43607fa02)
ky_protective_order_record_expungement-set	Set up job	2026-09-13T04:23:40.7740868Z Complete job name: ky_protective_order_record_expungement-set
ky_protective_order_record_expungement-set	Run actions/checkout@v4	﻿2026-09-13T04:23:40.8472434Z Node 20 is being deprecated. This workflow is running with Node 24 by default. If you need to temporarily use Node 20, you can set the ACTIONS_ALLOW_USE_UNSECURE_NODE_VERSION=true environment variable. For more information see: https://github.blog/changelog/2025-09-19-deprecation-of-node-20-on-github-actions-runners/
ky_protective_order_record_expungement-set	Run actions/checkout@v4	2026-09-13T04:23:40.8480764Z ##[group]Run actions/checkout@v4
ky_protective_order_record_expungement-set	Run actions/checkout@v4	2026-09-13T04:23:40.8481423Z with:
ky_protective_order_record_expungement-set	Run actions/checkout@v4	2026-09-13T04:23:40.8481838Z   ref: 3c1bef26523ab9d60971c4d0e25fc86e1f651a18
ky_protective_order_record_expungement-set	Run actions/checkout@v4	2026-09-13T04:23:40.8482695Z   repository: Roger-LegalEase/legalease-partner-dashboard-clean
ky_protective_order_record_expungement-set	Run actions/checkout@v4	2026-09-13T04:23:40.8486497Z   token: ***
ky_protective_order_record_expungement-set	Run actions/checkout@v4	2026-09-13T04:23:40.8486875Z   ssh-strict: true
ky_protective_order_record_expungement-set	Run actions/checkout@v4	2026-09-13T04:23:40.8487249Z   ssh-user: git
ky_protective_order_record_expungement-set	Run actions/checkout@v4	2026-09-13T04:23:40.8487643Z   persist-credentials: true
ky_protective_order_record_expungement-set	Run actions/checkout@v4	2026-09-13T04:23:40.8488093Z   clean: true
ky_protective_order_record_expungement-set	Run actions/checkout@v4	2026-09-13T04:23:40.8488486Z   sparse-checkout-cone-mode: true
ky_protective_order_record_expungement-set	Run actions/checkout@v4	2026-09-13T04:23:40.8488935Z   fetch-depth: 1
ky_protective_order_record_expungement-set	Run actions/checkout@v4	2026-09-13T04:23:40.8489312Z   fetch-tags: false
ky_protective_order_record_expungement-set	Run actions/checkout@v4	2026-09-13T04:23:40.8489691Z   show-progress: true
ky_protective_order_record_expungement-set	Run actions/checkout@v4	2026-09-13T04:23:40.8490110Z   lfs: false
ky_protective_order_record_expungement-set	Run actions/checkout@v4	2026-09-13T04:23:40.8490470Z   submodules: false
ky_protective_order_record_expungement-set	Run actions/checkout@v4	2026-09-13T04:23:40.8490854Z   set-safe-directory: true
ky_protective_order_record_expungement-set	Run actions/checkout@v4	2026-09-13T04:23:40.8491297Z   allow-unsafe-pr-checkout: false
ky_protective_order_record_expungement-set	Run actions/checkout@v4	2026-09-13T04:23:40.8491965Z ##[endgroup]
ky_protective_order_record_expungement-set	Run actions/checkout@v4	2026-09-13T04:23:40.9489705Z Syncing repository: Roger-LegalEase/legalease-partner-dashboard-clean
ky_protective_order_record_expungement-set	Run actions/checkout@v4	2026-09-13T04:23:40.9494422Z ##[group]Getting Git version info
ky_protective_order_record_expungement-set	Run actions/checkout@v4	2026-09-13T04:23:40.9496661Z Working directory is '/home/runner/work/legalease-partner-dashboard-clean/legalease-partner-dashboard-clean'
ky_protective_order_record_expungement-set	Run actions/checkout@v4	2026-09-13T04:23:40.9500492Z [command]/usr/bin/git version
ky_protective_order_record_expungement-set	Run actions/checkout@v4	2026-09-13T04:23:40.9520084Z git version 2.55.0
ky_protective_order_record_expungement-set	Run actions/checkout@v4	2026-09-13T04:23:40.9539800Z ##[endgroup]
ky_protective_order_record_expungement-set	Run actions/checkout@v4	2026-09-13T04:23:40.9554105Z Temporarily overriding HOME='/home/runner/work/_temp/7eae9892-4917-4c42-8582-9eb41487cb0c' before making global git config changes
ky_protective_order_record_expungement-set	Run actions/checkout@v4	2026-09-13T04:23:40.9556951Z Adding repository directory to the temporary git global config as a safe directory
ky_protective_order_record_expungement-set	Run actions/checkout@v4	2026-09-13T04:23:40.9559992Z [command]/usr/bin/git config --global --add safe.directory /home/runner/work/legalease-partner-dashboard-clean/legalease-partner-dashboard-clean
ky_protective_order_record_expungement-set	Run actions/checkout@v4	2026-09-13T04:23:40.9605694Z Deleting the contents of '/home/runner/work/legalease-partner-dashboard-clean/legalease-partner-dashboard-clean'
ky_protective_order_record_expungement-set	Run actions/checkout@v4	2026-09-13T04:23:40.9609682Z ##[group]Initializing the repository
ky_protective_order_record_expungement-set	Run actions/checkout@v4	2026-09-13T04:23:40.9614696Z [command]/usr/bin/git init /home/runner/work/legalease-partner-dashboard-clean/legalease-partner-dashboard-clean
ky_protective_order_record_expungement-set	Run actions/checkout@v4	2026-09-13T04:23:40.9737082Z hint: Using 'master' as the name for the initial branch. This default branch name
ky_protective_order_record_expungement-set	Run actions/checkout@v4	2026-09-13T04:23:40.9739194Z hint: will change to "main" in Git 3.0. To configure the initial branch name
ky_protective_order_record_expungement-set	Run actions/checkout@v4	2026-09-13T04:23:40.9740537Z hint: to use in all of your new repositories, which will suppress this warning,
ky_protective_order_record_expungement-set	Run actions/checkout@v4	2026-09-13T04:23:40.9741491Z hint: call:
ky_protective_order_record_expungement-set	Run actions/checkout@v4	2026-09-13T04:23:40.9742164Z hint:
ky_protective_order_record_expungement-set	Run actions/checkout@v4	2026-09-13T04:23:40.9743236Z hint: 	git config --global init.defaultBranch <name>
ky_protective_order_record_expungement-set	Run actions/checkout@v4	2026-09-13T04:23:40.9744691Z hint:
ky_protective_order_record_expungement-set	Run actions/checkout@v4	2026-09-13T04:23:40.9745801Z hint: Names commonly chosen instead of 'master' are 'main', 'trunk' and
ky_protective_order_record_expungement-set	Run actions/checkout@v4	2026-09-13T04:23:40.9747302Z hint: 'development'. The just-created branch can be renamed via this command:
ky_protective_order_record_expungement-set	Run actions/checkout@v4	2026-09-13T04:23:40.9748620Z hint:
ky_protective_order_record_expungement-set	Run actions/checkout@v4	2026-09-13T04:23:40.9749436Z hint: 	git branch -m <name>
ky_protective_order_record_expungement-set	Run actions/checkout@v4	2026-09-13T04:23:40.9750379Z hint:
ky_protective_order_record_expungement-set	Run actions/checkout@v4	2026-09-13T04:23:40.9751670Z hint: Disable this message with "git config set advice.defaultBranchName false"
ky_protective_order_record_expungement-set	Run actions/checkout@v4	2026-09-13T04:23:40.9754381Z Initialized empty Git repository in /home/runner/work/legalease-partner-dashboard-clean/legalease-partner-dashboard-clean/.git/
ky_protective_order_record_expungement-set	Run actions/checkout@v4	2026-09-13T04:23:40.9761105Z [command]/usr/bin/git remote add origin https://github.com/Roger-LegalEase/legalease-partner-dashboard-clean
ky_protective_order_record_expungement-set	Run actions/checkout@v4	2026-09-13T04:23:40.9838035Z ##[endgroup]
ky_protective_order_record_expungement-set	Run actions/checkout@v4	2026-09-13T04:23:40.9839449Z ##[group]Disabling automatic garbage collection
ky_protective_order_record_expungement-set	Run actions/checkout@v4	2026-09-13T04:23:40.9842145Z [command]/usr/bin/git config --local gc.auto 0
ky_protective_order_record_expungement-set	Run actions/checkout@v4	2026-09-13T04:23:40.9869403Z ##[endgroup]
ky_protective_order_record_expungement-set	Run actions/checkout@v4	2026-09-13T04:23:40.9870652Z ##[group]Setting up auth
ky_protective_order_record_expungement-set	Run actions/checkout@v4	2026-09-13T04:23:40.9877224Z [command]/usr/bin/git config --local --name-only --get-regexp core\.sshCommand
ky_protective_order_record_expungement-set	Run actions/checkout@v4	2026-09-13T04:23:40.9905609Z [command]/usr/bin/git submodule foreach --recursive sh -c "git config --local --name-only --get-regexp 'core\.sshCommand' && git config --local --unset-all 'core.sshCommand' || :"
ky_protective_order_record_expungement-set	Run actions/checkout@v4	2026-09-13T04:23:41.0236189Z [command]/usr/bin/git config --local --name-only --get-regexp http\.https\:\/\/github\.com\/\.extraheader
ky_protective_order_record_expungement-set	Run actions/checkout@v4	2026-09-13T04:23:41.0270895Z [command]/usr/bin/git submodule foreach --recursive sh -c "git config --local --name-only --get-regexp 'http\.https\:\/\/github\.com\/\.extraheader' && git config --local --unset-all 'http.https://github.com/.extraheader' || :"
ky_protective_order_record_expungement-set	Run actions/checkout@v4	2026-09-13T04:23:41.0478618Z [command]/usr/bin/git config --local --name-only --get-regexp ^includeIf\.gitdir:
ky_protective_order_record_expungement-set	Run actions/checkout@v4	2026-09-13T04:23:41.0504824Z [command]/usr/bin/git submodule foreach --recursive git config --local --show-origin --name-only --get-regexp remote.origin.url
ky_protective_order_record_expungement-set	Run actions/checkout@v4	2026-09-13T04:23:41.0712156Z [command]/usr/bin/git config --local http.https://github.com/.extraheader AUTHORIZATION: basic ***
ky_protective_order_record_expungement-set	Run actions/checkout@v4	2026-09-13T04:23:41.0745635Z ##[endgroup]
ky_protective_order_record_expungement-set	Run actions/checkout@v4	2026-09-13T04:23:41.0747262Z ##[group]Fetching the repository
ky_protective_order_record_expungement-set	Run actions/checkout@v4	2026-09-13T04:23:41.0756931Z [command]/usr/bin/git -c protocol.version=2 fetch --no-tags --prune --no-recurse-submodules --depth=1 origin 3c1bef26523ab9d60971c4d0e25fc86e1f651a18
ky_protective_order_record_expungement-set	Run actions/checkout@v4	2026-09-13T04:24:47.0917124Z From https://github.com/Roger-LegalEase/legalease-partner-dashboard-clean
ky_protective_order_record_expungement-set	Run actions/checkout@v4	2026-09-13T04:24:47.0918251Z  * branch              3c1bef26523ab9d60971c4d0e25fc86e1f651a18 -> FETCH_HEAD
ky_protective_order_record_expungement-set	Run actions/checkout@v4	2026-09-13T04:24:47.0920650Z ##[endgroup]
ky_protective_order_record_expungement-set	Run actions/checkout@v4	2026-09-13T04:24:47.0921242Z ##[group]Determining the checkout info
ky_protective_order_record_expungement-set	Run actions/checkout@v4	2026-09-13T04:24:47.0923726Z ##[endgroup]
ky_protective_order_record_expungement-set	Run actions/checkout@v4	2026-09-13T04:24:47.0929872Z [command]/usr/bin/git sparse-checkout disable
ky_protective_order_record_expungement-set	Run actions/checkout@v4	2026-09-13T04:24:47.0970059Z [command]/usr/bin/git config --local --unset-all extensions.worktreeConfig
ky_protective_order_record_expungement-set	Run actions/checkout@v4	2026-09-13T04:24:47.1000675Z ##[group]Checking out the ref
ky_protective_order_record_expungement-set	Run actions/checkout@v4	2026-09-13T04:24:47.1016502Z [command]/usr/bin/git checkout --progress --force 3c1bef26523ab9d60971c4d0e25fc86e1f651a18
ky_protective_order_record_expungement-set	Run actions/checkout@v4	2026-09-13T04:24:48.1733959Z Updating files:  13% (3490/25907)
ky_protective_order_record_expungement-set	Run actions/checkout@v4	2026-09-13T04:24:48.2591109Z Updating files:  14% (3627/25907)
ky_protective_order_record_expungement-set	Run actions/checkout@v4	2026-09-13T04:24:48.3288686Z Updating files:  15% (3887/25907)
ky_protective_order_record_expungement-set	Run actions/checkout@v4	2026-09-13T04:24:48.3969327Z Updating files:  16% (4146/25907)
ky_protective_order_record_expungement-set	Run actions/checkout@v4	2026-09-13T04:24:48.5179371Z Updating files:  17% (4405/25907)
ky_protective_order_record_expungement-set	Run actions/checkout@v4	2026-09-13T04:24:48.6735159Z Updating files:  18% (4664/25907)
ky_protective_order_record_expungement-set	Run actions/checkout@v4	2026-09-13T04:24:48.8068714Z Updating files:  19% (4923/25907)
ky_protective_order_record_expungement-set	Run actions/checkout@v4	2026-09-13T04:24:48.9958627Z Updating files:  20% (5182/25907)
ky_protective_order_record_expungement-set	Run actions/checkout@v4	2026-09-13T04:24:49.0682364Z Updating files:  21% (5441/25907)
ky_protective_order_record_expungement-set	Run actions/checkout@v4	2026-09-13T04:24:49.1338476Z Updating files:  22% (5700/25907)
ky_protective_order_record_expungement-set	Run actions/checkout@v4	2026-09-13T04:24:49.1366487Z Updating files:  22% (5955/25907)
ky_protective_order_record_expungement-set	Run actions/checkout@v4	2026-09-13T04:24:49.2148011Z Updating files:  23% (5959/25907)
ky_protective_order_record_expungement-set	Run actions/checkout@v4	2026-09-13T04:24:49.2999967Z Updating files:  24% (6218/25907)
ky_protective_order_record_expungement-set	Run actions/checkout@v4	2026-09-13T04:24:49.4025840Z Updating files:  25% (6477/25907)
ky_protective_order_record_expungement-set	Run actions/checkout@v4	2026-09-13T04:24:49.5930087Z Updating files:  26% (6736/25907)
ky_protective_order_record_expungement-set	Run actions/checkout@v4	2026-09-13T04:24:49.7427774Z Updating files:  27% (6995/25907)
ky_protective_order_record_expungement-set	Run actions/checkout@v4	2026-09-13T04:24:49.8864353Z Updating files:  28% (7254/25907)
ky_protective_order_record_expungement-set	Run actions/checkout@v4	2026-09-13T04:24:50.0110002Z Updating files:  29% (7514/25907)
ky_protective_order_record_expungement-set	Run actions/checkout@v4	2026-09-13T04:24:50.0562041Z Updating files:  30% (7773/25907)
ky_protective_order_record_expungement-set	Run actions/checkout@v4	2026-09-13T04:24:50.1366751Z Updating files:  31% (8032/25907)
ky_protective_order_record_expungement-set	Run actions/checkout@v4	2026-09-13T04:24:50.1485501Z Updating files:  31% (8257/25907)
ky_protective_order_record_expungement-set	Run actions/checkout@v4	2026-09-13T04:24:50.2275128Z Updating files:  32% (8291/25907)
ky_protective_order_record_expungement-set	Run actions/checkout@v4	2026-09-13T04:24:50.2735515Z Updating files:  33% (8550/25907)
ky_protective_order_record_expungement-set	Run actions/checkout@v4	2026-09-13T04:24:50.3115541Z Updating files:  34% (8809/25907)
ky_protective_order_record_expungement-set	Run actions/checkout@v4	2026-09-13T04:24:50.4084255Z Updating files:  35% (9068/25907)
ky_protective_order_record_expungement-set	Run actions/checkout@v4	2026-09-13T04:24:50.4378332Z Updating files:  36% (9327/25907)
ky_protective_order_record_expungement-set	Run actions/checkout@v4	2026-09-13T04:24:50.4618930Z Updating files:  37% (9586/25907)
ky_protective_order_record_expungement-set	Run actions/checkout@v4	2026-09-13T04:24:50.4959273Z Updating files:  38% (9845/25907)
ky_protective_order_record_expungement-set	Run actions/checkout@v4	2026-09-13T04:24:50.5174160Z Updating files:  39% (10104/25907)
ky_protective_order_record_expungement-set	Run actions/checkout@v4	2026-09-13T04:24:50.5299357Z Updating files:  40% (10363/25907)
ky_protective_order_record_expungement-set	Run actions/checkout@v4	2026-09-13T04:24:50.5617008Z Updating files:  41% (10622/25907)
ky_protective_order_record_expungement-set	Run actions/checkout@v4	2026-09-13T04:24:50.5941801Z Updating files:  42% (10881/25907)
ky_protective_order_record_expungement-set	Run actions/checkout@v4	2026-09-13T04:24:50.7224180Z Updating files:  43% (11141/25907)
ky_protective_order_record_expungement-set	Run actions/checkout@v4	2026-09-13T04:24:50.9492031Z Updating files:  44% (11400/25907)
ky_protective_order_record_expungement-set	Run actions/checkout@v4	2026-09-13T04:24:50.9753599Z Updating files:  45% (11659/25907)
ky_protective_order_record_expungement-set	Run actions/checkout@v4	2026-09-13T04:24:50.9914348Z Updating files:  46% (11918/25907)
ky_protective_order_record_expungement-set	Run actions/checkout@v4	2026-09-13T04:24:51.0033762Z Updating files:  47% (12177/25907)
ky_protective_order_record_expungement-set	Run actions/checkout@v4	2026-09-13T04:24:51.0171644Z Updating files:  48% (12436/25907)
ky_protective_order_record_expungement-set	Run actions/checkout@v4	2026-09-13T04:24:51.0670704Z Updating files:  49% (12695/25907)
ky_protective_order_record_expungement-set	Run actions/checkout@v4	2026-09-13T04:24:51.1340868Z Updating files:  50% (12954/25907)
ky_protective_order_record_expungement-set	Run actions/checkout@v4	2026-09-13T04:24:51.1605645Z Updating files:  50% (13162/25907)
ky_protective_order_record_expungement-set	Run actions/checkout@v4	2026-09-13T04:24:51.1904442Z Updating files:  51% (13213/25907)
ky_protective_order_record_expungement-set	Run actions/checkout@v4	2026-09-13T04:24:51.2387878Z Updating files:  52% (13472/25907)
ky_protective_order_record_expungement-set	Run actions/checkout@v4	2026-09-13T04:24:51.3009283Z Updating files:  53% (13731/25907)
ky_protective_order_record_expungement-set	Run actions/checkout@v4	2026-09-13T04:24:51.3213743Z Updating files:  54% (13990/25907)
ky_protective_order_record_expungement-set	Run actions/checkout@v4	2026-09-13T04:24:51.3622564Z Updating files:  55% (14249/25907)
ky_protective_order_record_expungement-set	Run actions/checkout@v4	2026-09-13T04:24:51.4317862Z Updating files:  56% (14508/25907)
ky_protective_order_record_expungement-set	Run actions/checkout@v4	2026-09-13T04:24:51.5361707Z Updating files:  57% (14767/25907)
ky_protective_order_record_expungement-set	Run actions/checkout@v4	2026-09-13T04:24:51.5855421Z Updating files:  58% (15027/25907)
ky_protective_order_record_expungement-set	Run actions/checkout@v4	2026-09-13T04:24:51.6204177Z Updating files:  59% (15286/25907)
ky_protective_order_record_expungement-set	Run actions/checkout@v4	2026-09-13T04:24:51.6744721Z Updating files:  60% (15545/25907)
ky_protective_order_record_expungement-set	Run actions/checkout@v4	2026-09-13T04:24:51.9048524Z Updating files:  61% (15804/25907)
ky_protective_order_record_expungement-set	Run actions/checkout@v4	2026-09-13T04:24:52.1344686Z Updating files:  62% (16063/25907)
ky_protective_order_record_expungement-set	Run actions/checkout@v4	2026-09-13T04:24:52.2837361Z Updating files:  62% (16222/25907)
ky_protective_order_record_expungement-set	Run actions/checkout@v4	2026-09-13T04:24:52.6266072Z Updating files:  63% (16322/25907)
ky_protective_order_record_expungement-set	Run actions/checkout@v4	2026-09-13T04:24:52.7205100Z Updating files:  64% (16581/25907)
ky_protective_order_record_expungement-set	Run actions/checkout@v4	2026-09-13T04:24:52.7744541Z Updating files:  65% (16840/25907)
ky_protective_order_record_expungement-set	Run actions/checkout@v4	2026-09-13T04:24:52.8947294Z Updating files:  66% (17099/25907)
ky_protective_order_record_expungement-set	Run actions/checkout@v4	2026-09-13T04:24:52.9806814Z Updating files:  67% (17358/25907)
ky_protective_order_record_expungement-set	Run actions/checkout@v4	2026-09-13T04:24:53.0986869Z Updating files:  68% (17617/25907)
ky_protective_order_record_expungement-set	Run actions/checkout@v4	2026-09-13T04:24:53.1338305Z Updating files:  69% (17876/25907)
ky_protective_order_record_expungement-set	Run actions/checkout@v4	2026-09-13T04:24:53.1399220Z Updating files:  69% (18071/25907)
ky_protective_order_record_expungement-set	Run actions/checkout@v4	2026-09-13T04:24:53.1636412Z Updating files:  70% (18135/25907)
ky_protective_order_record_expungement-set	Run actions/checkout@v4	2026-09-13T04:24:53.2983047Z Updating files:  71% (18394/25907)
ky_protective_order_record_expungement-set	Run actions/checkout@v4	2026-09-13T04:24:53.3678261Z Updating files:  72% (18654/25907)
ky_protective_order_record_expungement-set	Run actions/checkout@v4	2026-09-13T04:24:53.5353693Z Updating files:  73% (18913/25907)
ky_protective_order_record_expungement-set	Run actions/checkout@v4	2026-09-13T04:24:53.5867627Z Updating files:  74% (19172/25907)
ky_protective_order_record_expungement-set	Run actions/checkout@v4	2026-09-13T04:24:53.7705336Z Updating files:  75% (19431/25907)
ky_protective_order_record_expungement-set	Run actions/checkout@v4	2026-09-13T04:24:53.8864628Z Updating files:  76% (19690/25907)
ky_protective_order_record_expungement-set	Run actions/checkout@v4	2026-09-13T04:24:53.9056303Z Updating files:  77% (19949/25907)
ky_protective_order_record_expungement-set	Run actions/checkout@v4	2026-09-13T04:24:53.9211255Z Updating files:  78% (20208/25907)
ky_protective_order_record_expungement-set	Run actions/checkout@v4	2026-09-13T04:24:53.9283154Z Updating files:  79% (20467/25907)
ky_protective_order_record_expungement-set	Run actions/checkout@v4	2026-09-13T04:24:54.0507041Z Updating files:  80% (20726/25907)
ky_protective_order_record_expungement-set	Run actions/checkout@v4	2026-09-13T04:24:54.1338580Z Updating files:  81% (20985/25907)
ky_protective_order_record_expungement-set	Run actions/checkout@v4	2026-09-13T04:24:54.1946997Z Updating files:  81% (21109/25907)
ky_protective_order_record_expungement-set	Run actions/checkout@v4	2026-09-13T04:24:54.3470434Z Updating files:  82% (21244/25907)
ky_protective_order_record_expungement-set	Run actions/checkout@v4	2026-09-13T04:24:54.4030730Z Updating files:  83% (21503/25907)
ky_protective_order_record_expungement-set	Run actions/checkout@v4	2026-09-13T04:24:54.4270806Z Updating files:  84% (21762/25907)
ky_protective_order_record_expungement-set	Run actions/checkout@v4	2026-09-13T04:24:54.4484059Z Updating files:  85% (22021/25907)
ky_protective_order_record_expungement-set	Run actions/checkout@v4	2026-09-13T04:24:54.4660739Z Updating files:  86% (22281/25907)
ky_protective_order_record_expungement-set	Run actions/checkout@v4	2026-09-13T04:24:54.4839090Z Updating files:  87% (22540/25907)
ky_protective_order_record_expungement-set	Run actions/checkout@v4	2026-09-13T04:24:54.5051767Z Updating files:  88% (22799/25907)
ky_protective_order_record_expungement-set	Run actions/checkout@v4	2026-09-13T04:24:54.5208500Z Updating files:  89% (23058/25907)
ky_protective_order_record_expungement-set	Run actions/checkout@v4	2026-09-13T04:24:54.5385480Z Updating files:  90% (23317/25907)
ky_protective_order_record_expungement-set	Run actions/checkout@v4	2026-09-13T04:24:54.5767529Z Updating files:  91% (23576/25907)
ky_protective_order_record_expungement-set	Run actions/checkout@v4	2026-09-13T04:24:54.5851262Z Updating files:  92% (23835/25907)
ky_protective_order_record_expungement-set	Run actions/checkout@v4	2026-09-13T04:24:54.5988916Z Updating files:  93% (24094/25907)
ky_protective_order_record_expungement-set	Run actions/checkout@v4	2026-09-13T04:24:54.8005471Z Updating files:  94% (24353/25907)
ky_protective_order_record_expungement-set	Run actions/checkout@v4	2026-09-13T04:24:54.9098049Z Updating files:  95% (24612/25907)
ky_protective_order_record_expungement-set	Run actions/checkout@v4	2026-09-13T04:24:54.9673055Z Updating files:  96% (24871/25907)
ky_protective_order_record_expungement-set	Run actions/checkout@v4	2026-09-13T04:24:55.0233128Z Updating files:  97% (25130/25907)
ky_protective_order_record_expungement-set	Run actions/checkout@v4	2026-09-13T04:24:55.0911261Z Updating files:  98% (25389/25907)
ky_protective_order_record_expungement-set	Run actions/checkout@v4	2026-09-13T04:24:55.1340453Z Updating files:  99% (25648/25907)
ky_protective_order_record_expungement-set	Run actions/checkout@v4	2026-09-13T04:24:55.1384953Z Updating files:  99% (25863/25907)
ky_protective_order_record_expungement-set	Run actions/checkout@v4	2026-09-13T04:24:55.1385629Z Updating files: 100% (25907/25907)
ky_protective_order_record_expungement-set	Run actions/checkout@v4	2026-09-13T04:24:55.1385977Z Updating files: 100% (25907/25907), done.
ky_protective_order_record_expungement-set	Run actions/checkout@v4	2026-09-13T04:24:55.1730439Z Note: switching to '3c1bef26523ab9d60971c4d0e25fc86e1f651a18'.
ky_protective_order_record_expungement-set	Run actions/checkout@v4	2026-09-13T04:24:55.1730983Z 
ky_protective_order_record_expungement-set	Run actions/checkout@v4	2026-09-13T04:24:55.1731317Z You are in 'detached HEAD' state. You can look around, make experimental
ky_protective_order_record_expungement-set	Run actions/checkout@v4	2026-09-13T04:24:55.1732108Z changes and commit them, and you can discard any commits you make in this
ky_protective_order_record_expungement-set	Run actions/checkout@v4	2026-09-13T04:24:55.1732952Z state without impacting any branches by switching back to a branch.
ky_protective_order_record_expungement-set	Run actions/checkout@v4	2026-09-13T04:24:55.1733213Z 
ky_protective_order_record_expungement-set	Run actions/checkout@v4	2026-09-13T04:24:55.1733388Z If you want to create a new branch to retain commits you create, you may
ky_protective_order_record_expungement-set	Run actions/checkout@v4	2026-09-13T04:24:55.1733822Z do so (now or later) by using -c with the switch command. Example:
ky_protective_order_record_expungement-set	Run actions/checkout@v4	2026-09-13T04:24:55.1734068Z 
ky_protective_order_record_expungement-set	Run actions/checkout@v4	2026-09-13T04:24:55.1734176Z   git switch -c <new-branch-name>
ky_protective_order_record_expungement-set	Run actions/checkout@v4	2026-09-13T04:24:55.1734382Z 
ky_protective_order_record_expungement-set	Run actions/checkout@v4	2026-09-13T04:24:55.1734487Z Or undo this operation with:
ky_protective_order_record_expungement-set	Run actions/checkout@v4	2026-09-13T04:24:55.1734638Z 
ky_protective_order_record_expungement-set	Run actions/checkout@v4	2026-09-13T04:24:55.1734725Z   git switch -
ky_protective_order_record_expungement-set	Run actions/checkout@v4	2026-09-13T04:24:55.1734841Z 
ky_protective_order_record_expungement-set	Run actions/checkout@v4	2026-09-13T04:24:55.1735045Z Turn off this advice by setting config variable advice.detachedHead to false
ky_protective_order_record_expungement-set	Run actions/checkout@v4	2026-09-13T04:24:55.1735337Z 
ky_protective_order_record_expungement-set	Run actions/checkout@v4	2026-09-13T04:24:55.1735528Z HEAD is now at 3c1bef26 Freeze current KY adopted-service raster candidate
ky_protective_order_record_expungement-set	Run actions/checkout@v4	2026-09-13T04:24:55.1880156Z ##[endgroup]
ky_protective_order_record_expungement-set	Run actions/checkout@v4	2026-09-13T04:24:55.1929372Z [command]/usr/bin/git log -1 --format=%H
ky_protective_order_record_expungement-set	Run actions/checkout@v4	2026-09-13T04:24:55.1954858Z 3c1bef26523ab9d60971c4d0e25fc86e1f651a18
ky_protective_order_record_expungement-set	Refuse a movable ref and prove the checkout is the pinned commit	﻿2026-09-13T04:24:55.2136691Z ##[group]Run set -euo pipefail
ky_protective_order_record_expungement-set	Refuse a movable ref and prove the checkout is the pinned commit	2026-09-13T04:24:55.2137101Z ^[[36;1mset -euo pipefail^[[0m
ky_protective_order_record_expungement-set	Refuse a movable ref and prove the checkout is the pinned commit	2026-09-13T04:24:55.2137464Z ^[[36;1m# actions/checkout accepts a branch or tag here despite the input^[[0m
ky_protective_order_record_expungement-set	Refuse a movable ref and prove the checkout is the pinned commit	2026-09-13T04:24:55.2137951Z ^[[36;1m# description. Three jobs resolve this ref independently, so a branch^[[0m
ky_protective_order_record_expungement-set	Refuse a movable ref and prove the checkout is the pinned commit	2026-09-13T04:24:55.2138525Z ^[[36;1m# that moves mid-run would have them inspect different commits while^[[0m
ky_protective_order_record_expungement-set	Refuse a movable ref and prove the checkout is the pinned commit	2026-09-13T04:24:55.2139127Z ^[[36;1m# every receipt recorded the literal branch name as the pin. An^[[0m
ky_protective_order_record_expungement-set	Refuse a movable ref and prove the checkout is the pinned commit	2026-09-13T04:24:55.2139584Z ^[[36;1m# immutable 40-hex commit, verified against the checked-out HEAD, is^[[0m
ky_protective_order_record_expungement-set	Refuse a movable ref and prove the checkout is the pinned commit	2026-09-13T04:24:55.2140004Z ^[[36;1m# the only input that makes a receipt findable again.^[[0m
ky_protective_order_record_expungement-set	Refuse a movable ref and prove the checkout is the pinned commit	2026-09-13T04:24:55.2140333Z ^[[36;1mcase "$REF" in^[[0m
ky_protective_order_record_expungement-set	Refuse a movable ref and prove the checkout is the pinned commit	2026-09-13T04:24:55.2140759Z ^[[36;1m  *[!0-9a-f]* | "") echo "REFUSED: commit_sha must be a full 40-character commit hash, got '$REF'"; exit 1;;^[[0m
ky_protective_order_record_expungement-set	Refuse a movable ref and prove the checkout is the pinned commit	2026-09-13T04:24:55.2141204Z ^[[36;1mesac^[[0m
ky_protective_order_record_expungement-set	Refuse a movable ref and prove the checkout is the pinned commit	2026-09-13T04:24:55.2141581Z ^[[36;1m[ "${#REF}" -eq 40 ] || { echo "REFUSED: commit_sha must be 40 hex characters, got ${#REF}"; exit 1; }^[[0m
ky_protective_order_record_expungement-set	Refuse a movable ref and prove the checkout is the pinned commit	2026-09-13T04:24:55.2142061Z ^[[36;1mHEAD_SHA="$(git rev-parse HEAD)"^[[0m
ky_protective_order_record_expungement-set	Refuse a movable ref and prove the checkout is the pinned commit	2026-09-13T04:24:55.2142700Z ^[[36;1m[ "$HEAD_SHA" = "$REF" ] || { echo "REFUSED: checked out $HEAD_SHA but the pin says $REF"; exit 1; }^[[0m
ky_protective_order_record_expungement-set	Refuse a movable ref and prove the checkout is the pinned commit	2026-09-13T04:24:55.2143152Z ^[[36;1mecho "pinned commit confirmed: $HEAD_SHA"^[[0m
ky_protective_order_record_expungement-set	Refuse a movable ref and prove the checkout is the pinned commit	2026-09-13T04:24:55.2168546Z shell: /usr/bin/bash -e {0}
ky_protective_order_record_expungement-set	Refuse a movable ref and prove the checkout is the pinned commit	2026-09-13T04:24:55.2168828Z env:
ky_protective_order_record_expungement-set	Refuse a movable ref and prove the checkout is the pinned commit	2026-09-13T04:24:55.2169061Z   REF: 3c1bef26523ab9d60971c4d0e25fc86e1f651a18
ky_protective_order_record_expungement-set	Refuse a movable ref and prove the checkout is the pinned commit	2026-09-13T04:24:55.2169351Z ##[endgroup]
ky_protective_order_record_expungement-set	Refuse a movable ref and prove the checkout is the pinned commit	2026-09-13T04:24:55.2247364Z pinned commit confirmed: 3c1bef26523ab9d60971c4d0e25fc86e1f651a18
ky_protective_order_record_expungement-set	Run actions/setup-node@v4	﻿2026-09-13T04:24:55.2334368Z Node 20 is being deprecated. This workflow is running with Node 24 by default. If you need to temporarily use Node 20, you can set the ACTIONS_ALLOW_USE_UNSECURE_NODE_VERSION=true environment variable. For more information see: https://github.blog/changelog/2025-09-19-deprecation-of-node-20-on-github-actions-runners/
ky_protective_order_record_expungement-set	Run actions/setup-node@v4	2026-09-13T04:24:55.2335890Z ##[group]Run actions/setup-node@v4
ky_protective_order_record_expungement-set	Run actions/setup-node@v4	2026-09-13T04:24:55.2336154Z with:
ky_protective_order_record_expungement-set	Run actions/setup-node@v4	2026-09-13T04:24:55.2336382Z   node-version: 22
ky_protective_order_record_expungement-set	Run actions/setup-node@v4	2026-09-13T04:24:55.2336595Z   always-auth: false
ky_protective_order_record_expungement-set	Run actions/setup-node@v4	2026-09-13T04:24:55.2336813Z   check-latest: false
ky_protective_order_record_expungement-set	Run actions/setup-node@v4	2026-09-13T04:24:55.2339304Z   token: ***
ky_protective_order_record_expungement-set	Run actions/setup-node@v4	2026-09-13T04:24:55.2339510Z ##[endgroup]
ky_protective_order_record_expungement-set	Run actions/setup-node@v4	2026-09-13T04:24:55.3750007Z Found in cache @ /opt/hostedtoolcache/node/22.23.2/x64
ky_protective_order_record_expungement-set	Run actions/setup-node@v4	2026-09-13T04:24:55.3754489Z (node:2203) [DEP0040] DeprecationWarning: The `punycode` module is deprecated. Please use a userland alternative instead.
ky_protective_order_record_expungement-set	Run actions/setup-node@v4	2026-09-13T04:24:55.3755126Z (Use `node --trace-deprecation ...` to show where the warning was created)
ky_protective_order_record_expungement-set	Run actions/setup-node@v4	2026-09-13T04:24:55.3757491Z ##[group]Environment details
ky_protective_order_record_expungement-set	Run actions/setup-node@v4	2026-09-13T04:24:55.7310965Z node: v22.23.2
ky_protective_order_record_expungement-set	Run actions/setup-node@v4	2026-09-13T04:24:55.7311573Z npm: 10.9.8
ky_protective_order_record_expungement-set	Run actions/setup-node@v4	2026-09-13T04:24:55.7311940Z yarn: 1.22.22
ky_protective_order_record_expungement-set	Run actions/setup-node@v4	2026-09-13T04:24:55.7313255Z ##[endgroup]
ky_protective_order_record_expungement-set	Run npm ci --cache /tmp/npm-cache	﻿2026-09-13T04:24:55.7419877Z ##[group]Run npm ci --cache /tmp/npm-cache
ky_protective_order_record_expungement-set	Run npm ci --cache /tmp/npm-cache	2026-09-13T04:24:55.7420222Z ^[[36;1mnpm ci --cache /tmp/npm-cache^[[0m
ky_protective_order_record_expungement-set	Run npm ci --cache /tmp/npm-cache	2026-09-13T04:24:55.7449925Z shell: /usr/bin/bash -e {0}
ky_protective_order_record_expungement-set	Run npm ci --cache /tmp/npm-cache	2026-09-13T04:24:55.7450199Z ##[endgroup]
ky_protective_order_record_expungement-set	Run npm ci --cache /tmp/npm-cache	2026-09-13T04:25:13.3047709Z 
ky_protective_order_record_expungement-set	Run npm ci --cache /tmp/npm-cache	2026-09-13T04:25:13.3054919Z added 492 packages, and audited 493 packages in 18s
ky_protective_order_record_expungement-set	Run npm ci --cache /tmp/npm-cache	2026-09-13T04:25:13.3055232Z 
ky_protective_order_record_expungement-set	Run npm ci --cache /tmp/npm-cache	2026-09-13T04:25:13.3055452Z 186 packages are looking for funding
ky_protective_order_record_expungement-set	Run npm ci --cache /tmp/npm-cache	2026-09-13T04:25:13.3055766Z   run `npm fund` for details
ky_protective_order_record_expungement-set	Run npm ci --cache /tmp/npm-cache	2026-09-13T04:25:13.4728862Z 
ky_protective_order_record_expungement-set	Run npm ci --cache /tmp/npm-cache	2026-09-13T04:25:13.4729899Z 39 vulnerabilities (2 low, 29 moderate, 7 high, 1 critical)
ky_protective_order_record_expungement-set	Run npm ci --cache /tmp/npm-cache	2026-09-13T04:25:13.4730276Z 
ky_protective_order_record_expungement-set	Run npm ci --cache /tmp/npm-cache	2026-09-13T04:25:13.4730540Z To address issues that do not require attention, run:
ky_protective_order_record_expungement-set	Run npm ci --cache /tmp/npm-cache	2026-09-13T04:25:13.4730948Z   npm audit fix
ky_protective_order_record_expungement-set	Run npm ci --cache /tmp/npm-cache	2026-09-13T04:25:13.4731102Z 
ky_protective_order_record_expungement-set	Run npm ci --cache /tmp/npm-cache	2026-09-13T04:25:13.4731242Z To address all issues, run:
ky_protective_order_record_expungement-set	Run npm ci --cache /tmp/npm-cache	2026-09-13T04:25:13.4731552Z   npm audit fix --force
ky_protective_order_record_expungement-set	Run npm ci --cache /tmp/npm-cache	2026-09-13T04:25:13.4731725Z 
ky_protective_order_record_expungement-set	Run npm ci --cache /tmp/npm-cache	2026-09-13T04:25:13.4731873Z Run `npm audit` for details.
ky_protective_order_record_expungement-set	Run actions/setup-python@v5	﻿2026-09-13T04:25:13.5221261Z Node 20 is being deprecated. This workflow is running with Node 24 by default. If you need to temporarily use Node 20, you can set the ACTIONS_ALLOW_USE_UNSECURE_NODE_VERSION=true environment variable. For more information see: https://github.blog/changelog/2025-09-19-deprecation-of-node-20-on-github-actions-runners/
ky_protective_order_record_expungement-set	Run actions/setup-python@v5	2026-09-13T04:25:13.5222591Z ##[group]Run actions/setup-python@v5
ky_protective_order_record_expungement-set	Run actions/setup-python@v5	2026-09-13T04:25:13.5222847Z with:
ky_protective_order_record_expungement-set	Run actions/setup-python@v5	2026-09-13T04:25:13.5223063Z   python-version: 3.12
ky_protective_order_record_expungement-set	Run actions/setup-python@v5	2026-09-13T04:25:13.5223413Z   check-latest: false
ky_protective_order_record_expungement-set	Run actions/setup-python@v5	2026-09-13T04:25:13.5226745Z   token: ***
ky_protective_order_record_expungement-set	Run actions/setup-python@v5	2026-09-13T04:25:13.5226969Z   update-environment: true
ky_protective_order_record_expungement-set	Run actions/setup-python@v5	2026-09-13T04:25:13.5227210Z   allow-prereleases: false
ky_protective_order_record_expungement-set	Run actions/setup-python@v5	2026-09-13T04:25:13.5227486Z   freethreaded: false
ky_protective_order_record_expungement-set	Run actions/setup-python@v5	2026-09-13T04:25:13.5227787Z ##[endgroup]
ky_protective_order_record_expungement-set	Run actions/setup-python@v5	2026-09-13T04:25:13.6536881Z ##[group]Installed versions
ky_protective_order_record_expungement-set	Run actions/setup-python@v5	2026-09-13T04:25:13.6616527Z (node:2273) [DEP0040] DeprecationWarning: The `punycode` module is deprecated. Please use a userland alternative instead.
ky_protective_order_record_expungement-set	Run actions/setup-python@v5	2026-09-13T04:25:13.6617295Z (Use `node --trace-deprecation ...` to show where the warning was created)
ky_protective_order_record_expungement-set	Run actions/setup-python@v5	2026-09-13T04:25:13.6618021Z Successfully set up CPython (3.12.14)
ky_protective_order_record_expungement-set	Run actions/setup-python@v5	2026-09-13T04:25:13.6618774Z ##[endgroup]
ky_protective_order_record_expungement-set	Install the pinned encrypted-PDF reader	﻿2026-09-13T04:25:13.6808864Z ##[group]Run python -m pip install --disable-pip-version-check pikepdf==10.12.0
ky_protective_order_record_expungement-set	Install the pinned encrypted-PDF reader	2026-09-13T04:25:13.6809815Z ^[[36;1mpython -m pip install --disable-pip-version-check pikepdf==10.12.0^[[0m
ky_protective_order_record_expungement-set	Install the pinned encrypted-PDF reader	2026-09-13T04:25:13.6845299Z shell: /usr/bin/bash -e {0}
ky_protective_order_record_expungement-set	Install the pinned encrypted-PDF reader	2026-09-13T04:25:13.6845586Z env:
ky_protective_order_record_expungement-set	Install the pinned encrypted-PDF reader	2026-09-13T04:25:13.6845855Z   pythonLocation: /opt/hostedtoolcache/Python/3.12.14/x64
ky_protective_order_record_expungement-set	Install the pinned encrypted-PDF reader	2026-09-13T04:25:13.6846277Z   PKG_CONFIG_PATH: /opt/hostedtoolcache/Python/3.12.14/x64/lib/pkgconfig
ky_protective_order_record_expungement-set	Install the pinned encrypted-PDF reader	2026-09-13T04:25:13.6846687Z   Python_ROOT_DIR: /opt/hostedtoolcache/Python/3.12.14/x64
ky_protective_order_record_expungement-set	Install the pinned encrypted-PDF reader	2026-09-13T04:25:13.6847058Z   Python2_ROOT_DIR: /opt/hostedtoolcache/Python/3.12.14/x64
ky_protective_order_record_expungement-set	Install the pinned encrypted-PDF reader	2026-09-13T04:25:13.6847422Z   Python3_ROOT_DIR: /opt/hostedtoolcache/Python/3.12.14/x64
ky_protective_order_record_expungement-set	Install the pinned encrypted-PDF reader	2026-09-13T04:25:13.6847788Z   LD_LIBRARY_PATH: /opt/hostedtoolcache/Python/3.12.14/x64/lib
ky_protective_order_record_expungement-set	Install the pinned encrypted-PDF reader	2026-09-13T04:25:13.6848097Z ##[endgroup]
ky_protective_order_record_expungement-set	Install the pinned encrypted-PDF reader	2026-09-13T04:25:14.6212069Z Collecting pikepdf==10.12.0
ky_protective_order_record_expungement-set	Install the pinned encrypted-PDF reader	2026-09-13T04:25:14.6763149Z   Downloading pikepdf-10.12.0-cp312-cp312-manylinux_2_27_x86_64.manylinux_2_28_x86_64.whl.metadata (11 kB)
ky_protective_order_record_expungement-set	Install the pinned encrypted-PDF reader	2026-09-13T04:25:14.8119573Z Collecting Pillow>=10.0.1 (from pikepdf==10.12.0)
ky_protective_order_record_expungement-set	Install the pinned encrypted-PDF reader	2026-09-13T04:25:14.8154500Z   Downloading pillow-12.3.0-cp312-cp312-manylinux_2_27_x86_64.manylinux_2_28_x86_64.whl.metadata (9.1 kB)
ky_protective_order_record_expungement-set	Install the pinned encrypted-PDF reader	2026-09-13T04:25:15.0076651Z Collecting lxml>=4.8 (from pikepdf==10.12.0)
ky_protective_order_record_expungement-set	Install the pinned encrypted-PDF reader	2026-09-13T04:25:15.0111556Z   Downloading lxml-6.1.3-cp312-cp312-manylinux_2_26_x86_64.manylinux_2_28_x86_64.whl.metadata (3.3 kB)
ky_protective_order_record_expungement-set	Install the pinned encrypted-PDF reader	2026-09-13T04:25:15.0262801Z Collecting packaging (from pikepdf==10.12.0)
ky_protective_order_record_expungement-set	Install the pinned encrypted-PDF reader	2026-09-13T04:25:15.0297620Z   Downloading packaging-26.3-py3-none-any.whl.metadata (3.5 kB)
ky_protective_order_record_expungement-set	Install the pinned encrypted-PDF reader	2026-09-13T04:25:15.0384169Z Downloading pikepdf-10.12.0-cp312-cp312-manylinux_2_27_x86_64.manylinux_2_28_x86_64.whl (2.3 MB)
ky_protective_order_record_expungement-set	Install the pinned encrypted-PDF reader	2026-09-13T04:25:15.0883117Z    ━━━━━━━━━━━━━━━━━━━━━━━━━━━━━━━━━━━━━━━━ 2.3/2.3 MB 61.5 MB/s  0:00:00
ky_protective_order_record_expungement-set	Install the pinned encrypted-PDF reader	2026-09-13T04:25:15.0918865Z Downloading lxml-6.1.3-cp312-cp312-manylinux_2_26_x86_64.manylinux_2_28_x86_64.whl (5.2 MB)
ky_protective_order_record_expungement-set	Install the pinned encrypted-PDF reader	2026-09-13T04:25:15.1317384Z    ━━━━━━━━━━━━━━━━━━━━━━━━━━━━━━━━━━━━━━━━ 5.2/5.2 MB 138.5 MB/s  0:00:00
ky_protective_order_record_expungement-set	Install the pinned encrypted-PDF reader	2026-09-13T04:25:15.1354546Z Downloading pillow-12.3.0-cp312-cp312-manylinux_2_27_x86_64.manylinux_2_28_x86_64.whl (6.9 MB)
ky_protective_order_record_expungement-set	Install the pinned encrypted-PDF reader	2026-09-13T04:25:15.1651097Z    ━━━━━━━━━━━━━━━━━━━━━━━━━━━━━━━━━━━━━━━━ 6.9/6.9 MB 243.9 MB/s  0:00:00
ky_protective_order_record_expungement-set	Install the pinned encrypted-PDF reader	2026-09-13T04:25:15.1690710Z Downloading packaging-26.3-py3-none-any.whl (129 kB)
ky_protective_order_record_expungement-set	Install the pinned encrypted-PDF reader	2026-09-13T04:25:15.2332980Z Installing collected packages: Pillow, packaging, lxml, pikepdf
ky_protective_order_record_expungement-set	Install the pinned encrypted-PDF reader	2026-09-13T04:25:15.8285302Z 
ky_protective_order_record_expungement-set	Install the pinned encrypted-PDF reader	2026-09-13T04:25:15.8296863Z Successfully installed Pillow-12.3.0 lxml-6.1.3 packaging-26.3 pikepdf-10.12.0
ky_protective_order_record_expungement-set	Provision the browser	﻿2026-09-13T04:25:15.8977310Z ##[group]Run set -euo pipefail
ky_protective_order_record_expungement-set	Provision the browser	2026-09-13T04:25:15.8977690Z ^[[36;1mset -euo pipefail^[[0m
ky_protective_order_record_expungement-set	Provision the browser	2026-09-13T04:25:15.8978101Z ^[[36;1mexport PLAYWRIGHT_BROWSERS_PATH="$HOME/.cache/ms-playwright"^[[0m
ky_protective_order_record_expungement-set	Provision the browser	2026-09-13T04:25:15.8978603Z ^[[36;1mnpx --yes playwright install --with-deps chromium^[[0m
ky_protective_order_record_expungement-set	Provision the browser	2026-09-13T04:25:15.8979129Z ^[[36;1mecho "PLAYWRIGHT_BROWSERS_PATH=$PLAYWRIGHT_BROWSERS_PATH" >> "$GITHUB_ENV"^[[0m
ky_protective_order_record_expungement-set	Provision the browser	2026-09-13T04:25:15.9005295Z shell: /usr/bin/bash -e {0}
ky_protective_order_record_expungement-set	Provision the browser	2026-09-13T04:25:15.9005606Z env:
ky_protective_order_record_expungement-set	Provision the browser	2026-09-13T04:25:15.9005929Z   pythonLocation: /opt/hostedtoolcache/Python/3.12.14/x64
ky_protective_order_record_expungement-set	Provision the browser	2026-09-13T04:25:15.9006430Z   PKG_CONFIG_PATH: /opt/hostedtoolcache/Python/3.12.14/x64/lib/pkgconfig
ky_protective_order_record_expungement-set	Provision the browser	2026-09-13T04:25:15.9007062Z   Python_ROOT_DIR: /opt/hostedtoolcache/Python/3.12.14/x64
ky_protective_order_record_expungement-set	Provision the browser	2026-09-13T04:25:15.9007510Z   Python2_ROOT_DIR: /opt/hostedtoolcache/Python/3.12.14/x64
ky_protective_order_record_expungement-set	Provision the browser	2026-09-13T04:25:15.9007948Z   Python3_ROOT_DIR: /opt/hostedtoolcache/Python/3.12.14/x64
ky_protective_order_record_expungement-set	Provision the browser	2026-09-13T04:25:15.9008396Z   LD_LIBRARY_PATH: /opt/hostedtoolcache/Python/3.12.14/x64/lib
ky_protective_order_record_expungement-set	Provision the browser	2026-09-13T04:25:15.9008830Z ##[endgroup]
ky_protective_order_record_expungement-set	Provision the browser	2026-09-13T04:25:16.6076254Z Installing dependencies...
ky_protective_order_record_expungement-set	Provision the browser	2026-09-13T04:25:16.6133587Z Switching to root user to install dependencies...
ky_protective_order_record_expungement-set	Provision the browser	2026-09-13T04:25:16.7205702Z Get:1 file:/etc/apt/apt-mirrors.txt Mirrorlist [144 B]
ky_protective_order_record_expungement-set	Provision the browser	2026-09-13T04:25:16.7493671Z Get:6 https://packages.microsoft.com/ubuntu/24.04/prod noble InRelease [3600 B]
ky_protective_order_record_expungement-set	Provision the browser	2026-09-13T04:25:16.7632724Z Hit:2 http://azure.archive.ubuntu.com/ubuntu noble InRelease
ky_protective_order_record_expungement-set	Provision the browser	2026-09-13T04:25:16.7635835Z Get:3 http://azure.archive.ubuntu.com/ubuntu noble-updates InRelease [126 kB]
ky_protective_order_record_expungement-set	Provision the browser	2026-09-13T04:25:16.7711106Z Get:4 http://azure.archive.ubuntu.com/ubuntu noble-backports InRelease [126 kB]
ky_protective_order_record_expungement-set	Provision the browser	2026-09-13T04:25:16.7722913Z Get:5 http://azure.archive.ubuntu.com/ubuntu noble-security InRelease [126 kB]
ky_protective_order_record_expungement-set	Provision the browser	2026-09-13T04:25:16.8194154Z Get:7 https://packages.microsoft.com/ubuntu/24.04/prod noble/main amd64 Packages [463 kB]
ky_protective_order_record_expungement-set	Provision the browser	2026-09-13T04:25:16.8213725Z Get:8 https://dl.google.com/linux/chrome-stable/deb stable InRelease [2548 B]
ky_protective_order_record_expungement-set	Provision the browser	2026-09-13T04:25:16.8331693Z Get:9 https://packages.microsoft.com/ubuntu/24.04/prod noble/main arm64 Packages [414 kB]
ky_protective_order_record_expungement-set	Provision the browser	2026-09-13T04:25:16.9158615Z Get:10 http://azure.archive.ubuntu.com/ubuntu noble-updates/main amd64 Packages [1263 kB]
ky_protective_order_record_expungement-set	Provision the browser	2026-09-13T04:25:16.9226050Z Get:11 http://azure.archive.ubuntu.com/ubuntu noble-updates/main Translation-en [292 kB]
ky_protective_order_record_expungement-set	Provision the browser	2026-09-13T04:25:16.9244444Z Get:12 http://azure.archive.ubuntu.com/ubuntu noble-updates/main amd64 Components [180 kB]
ky_protective_order_record_expungement-set	Provision the browser	2026-09-13T04:25:16.9259065Z Get:13 http://azure.archive.ubuntu.com/ubuntu noble-updates/universe amd64 Packages [1690 kB]
ky_protective_order_record_expungement-set	Provision the browser	2026-09-13T04:25:16.9339130Z Get:14 http://azure.archive.ubuntu.com/ubuntu noble-updates/universe amd64 Components [388 kB]
ky_protective_order_record_expungement-set	Provision the browser	2026-09-13T04:25:16.9364828Z Get:15 http://azure.archive.ubuntu.com/ubuntu noble-updates/restricted amd64 Packages [1544 kB]
ky_protective_order_record_expungement-set	Provision the browser	2026-09-13T04:25:16.9473040Z Get:16 http://azure.archive.ubuntu.com/ubuntu noble-updates/restricted Translation-en [354 kB]
ky_protective_order_record_expungement-set	Provision the browser	2026-09-13T04:25:16.9473897Z Get:17 http://azure.archive.ubuntu.com/ubuntu noble-updates/multiverse amd64 Components [940 B]
ky_protective_order_record_expungement-set	Provision the browser	2026-09-13T04:25:16.9674174Z Get:18 http://azure.archive.ubuntu.com/ubuntu noble-backports/main amd64 Components [5748 B]
ky_protective_order_record_expungement-set	Provision the browser	2026-09-13T04:25:16.9691179Z Get:19 http://azure.archive.ubuntu.com/ubuntu noble-backports/universe amd64 Components [12.6 kB]
ky_protective_order_record_expungement-set	Provision the browser	2026-09-13T04:25:17.0537447Z Get:20 http://azure.archive.ubuntu.com/ubuntu noble-security/main amd64 Packages [1006 kB]
ky_protective_order_record_expungement-set	Provision the browser	2026-09-13T04:25:17.0586119Z Get:21 http://azure.archive.ubuntu.com/ubuntu noble-security/main Translation-en [213 kB]
ky_protective_order_record_expungement-set	Provision the browser	2026-09-13T04:25:17.0601732Z Get:22 http://azure.archive.ubuntu.com/ubuntu noble-security/main amd64 Components [46.4 kB]
ky_protective_order_record_expungement-set	Provision the browser	2026-09-13T04:25:17.0611947Z Get:23 http://azure.archive.ubuntu.com/ubuntu noble-security/universe amd64 Packages [1206 kB]
ky_protective_order_record_expungement-set	Provision the browser	2026-09-13T04:25:17.0668212Z Get:24 http://azure.archive.ubuntu.com/ubuntu noble-security/universe amd64 Components [76.3 kB]
ky_protective_order_record_expungement-set	Provision the browser	2026-09-13T04:25:17.0679626Z Get:25 http://azure.archive.ubuntu.com/ubuntu noble-security/restricted amd64 Packages [1445 kB]
ky_protective_order_record_expungement-set	Provision the browser	2026-09-13T04:25:17.0741237Z Get:26 http://azure.archive.ubuntu.com/ubuntu noble-security/restricted Translation-en [336 kB]
ky_protective_order_record_expungement-set	Provision the browser	2026-09-13T04:25:17.0852120Z Get:27 https://dl.google.com/linux/chrome-stable/deb stable/main amd64 Packages [1409 B]
ky_protective_order_record_expungement-set	Provision the browser	2026-09-13T04:25:21.3063458Z Fetched 11.3 MB in 1s (8940 kB/s)
ky_protective_order_record_expungement-set	Provision the browser	2026-09-13T04:25:22.1760329Z Reading package lists...
ky_protective_order_record_expungement-set	Provision the browser	2026-09-13T04:25:22.2007879Z Reading package lists...
ky_protective_order_record_expungement-set	Provision the browser	2026-09-13T04:25:22.3955431Z Building dependency tree...
ky_protective_order_record_expungement-set	Provision the browser	2026-09-13T04:25:22.3962015Z Reading state information...
ky_protective_order_record_expungement-set	Provision the browser	2026-09-13T04:25:22.5497164Z libasound2t64 is already the newest version (1.2.11-1ubuntu0.3).
ky_protective_order_record_expungement-set	Provision the browser	2026-09-13T04:25:22.5498368Z libasound2t64 set to manually installed.
ky_protective_order_record_expungement-set	Provision the browser	2026-09-13T04:25:22.5499012Z libatk-bridge2.0-0t64 is already the newest version (2.52.0-1build1).
ky_protective_order_record_expungement-set	Provision the browser	2026-09-13T04:25:22.5499677Z libatk-bridge2.0-0t64 set to manually installed.
ky_protective_order_record_expungement-set	Provision the browser	2026-09-13T04:25:22.5500275Z libatk1.0-0t64 is already the newest version (2.52.0-1build1).
ky_protective_order_record_expungement-set	Provision the browser	2026-09-13T04:25:22.5500833Z libatk1.0-0t64 set to manually installed.
ky_protective_order_record_expungement-set	Provision the browser	2026-09-13T04:25:22.5501644Z libatspi2.0-0t64 is already the newest version (2.52.0-1build1).
ky_protective_order_record_expungement-set	Provision the browser	2026-09-13T04:25:22.5502053Z libatspi2.0-0t64 set to manually installed.
ky_protective_order_record_expungement-set	Provision the browser	2026-09-13T04:25:22.5502694Z libcairo2 is already the newest version (1.18.0-3build1).
ky_protective_order_record_expungement-set	Provision the browser	2026-09-13T04:25:22.5503061Z libcairo2 set to manually installed.
ky_protective_order_record_expungement-set	Provision the browser	2026-09-13T04:25:22.5503454Z libcups2t64 is already the newest version (2.4.7-1.2ubuntu7.14).
ky_protective_order_record_expungement-set	Provision the browser	2026-09-13T04:25:22.5503837Z libcups2t64 set to manually installed.
ky_protective_order_record_expungement-set	Provision the browser	2026-09-13T04:25:22.5504229Z libdbus-1-3 is already the newest version (1.14.10-4ubuntu4.1).
ky_protective_order_record_expungement-set	Provision the browser	2026-09-13T04:25:22.5504607Z libdbus-1-3 set to manually installed.
ky_protective_order_record_expungement-set	Provision the browser	2026-09-13T04:25:22.5505056Z libdrm2 is already the newest version (2.4.125-1ubuntu0.1~24.04.2).
ky_protective_order_record_expungement-set	Provision the browser	2026-09-13T04:25:22.5505690Z libdrm2 set to manually installed.
ky_protective_order_record_expungement-set	Provision the browser	2026-09-13T04:25:22.5506217Z libgbm1 is already the newest version (25.2.8-0ubuntu0.24.04.2).
ky_protective_order_record_expungement-set	Provision the browser	2026-09-13T04:25:22.5506590Z libgbm1 set to manually installed.
ky_protective_order_record_expungement-set	Provision the browser	2026-09-13T04:25:22.5506986Z libglib2.0-0t64 is already the newest version (2.80.0-6ubuntu3.8).
ky_protective_order_record_expungement-set	Provision the browser	2026-09-13T04:25:22.5507379Z libglib2.0-0t64 set to manually installed.
ky_protective_order_record_expungement-set	Provision the browser	2026-09-13T04:25:22.5507777Z libnspr4 is already the newest version (2:4.35-1.1build1).
ky_protective_order_record_expungement-set	Provision the browser	2026-09-13T04:25:22.5508145Z libnspr4 set to manually installed.
ky_protective_order_record_expungement-set	Provision the browser	2026-09-13T04:25:22.5508508Z libnss3 is already the newest version (2:3.98-1ubuntu0.2).
ky_protective_order_record_expungement-set	Provision the browser	2026-09-13T04:25:22.5508853Z libnss3 set to manually installed.
ky_protective_order_record_expungement-set	Provision the browser	2026-09-13T04:25:22.5509231Z libpango-1.0-0 is already the newest version (1.52.1+ds-1build1).
ky_protective_order_record_expungement-set	Provision the browser	2026-09-13T04:25:22.5509617Z libpango-1.0-0 set to manually installed.
ky_protective_order_record_expungement-set	Provision the browser	2026-09-13T04:25:22.5509998Z libx11-6 is already the newest version (2:1.8.7-1build1).
ky_protective_order_record_expungement-set	Provision the browser	2026-09-13T04:25:22.5510355Z libx11-6 set to manually installed.
ky_protective_order_record_expungement-set	Provision the browser	2026-09-13T04:25:22.5510701Z libxcb1 is already the newest version (1.15-1ubuntu2).
ky_protective_order_record_expungement-set	Provision the browser	2026-09-13T04:25:22.5511037Z libxcb1 set to manually installed.
ky_protective_order_record_expungement-set	Provision the browser	2026-09-13T04:25:22.5511420Z libxcomposite1 is already the newest version (1:0.4.5-1build3).
ky_protective_order_record_expungement-set	Provision the browser	2026-09-13T04:25:22.5511815Z libxcomposite1 set to manually installed.
ky_protective_order_record_expungement-set	Provision the browser	2026-09-13T04:25:22.5512312Z libxdamage1 is already the newest version (1:1.1.6-1build1).
ky_protective_order_record_expungement-set	Provision the browser	2026-09-13T04:25:22.5512722Z libxdamage1 set to manually installed.
ky_protective_order_record_expungement-set	Provision the browser	2026-09-13T04:25:22.5513094Z libxext6 is already the newest version (2:1.3.4-1build2).
ky_protective_order_record_expungement-set	Provision the browser	2026-09-13T04:25:22.5513445Z libxext6 set to manually installed.
ky_protective_order_record_expungement-set	Provision the browser	2026-09-13T04:25:22.5513811Z libxfixes3 is already the newest version (1:6.0.0-2build1).
ky_protective_order_record_expungement-set	Provision the browser	2026-09-13T04:25:22.5514185Z libxfixes3 set to manually installed.
ky_protective_order_record_expungement-set	Provision the browser	2026-09-13T04:25:22.5514559Z libxkbcommon0 is already the newest version (1.6.0-1build1).
ky_protective_order_record_expungement-set	Provision the browser	2026-09-13T04:25:22.5514933Z libxkbcommon0 set to manually installed.
ky_protective_order_record_expungement-set	Provision the browser	2026-09-13T04:25:22.5515325Z libxrandr2 is already the newest version (2:1.5.2-2build1).
ky_protective_order_record_expungement-set	Provision the browser	2026-09-13T04:25:22.5515685Z libxrandr2 set to manually installed.
ky_protective_order_record_expungement-set	Provision the browser	2026-09-13T04:25:22.5516052Z xvfb is already the newest version (2:21.1.12-1ubuntu1.6).
ky_protective_order_record_expungement-set	Provision the browser	2026-09-13T04:25:22.5516563Z fonts-noto-color-emoji is already the newest version (2.047-0ubuntu0.24.04.1).
ky_protective_order_record_expungement-set	Provision the browser	2026-09-13T04:25:22.5517362Z libfontconfig1 is already the newest version (2.15.0-1.1ubuntu2).
ky_protective_order_record_expungement-set	Provision the browser	2026-09-13T04:25:22.5517757Z libfontconfig1 set to manually installed.
ky_protective_order_record_expungement-set	Provision the browser	2026-09-13T04:25:22.5518175Z libfreetype6 is already the newest version (2.13.2+dfsg-1ubuntu0.1).
ky_protective_order_record_expungement-set	Provision the browser	2026-09-13T04:25:22.5518578Z libfreetype6 set to manually installed.
ky_protective_order_record_expungement-set	Provision the browser	2026-09-13T04:25:22.5518972Z fonts-liberation is already the newest version (1:2.1.5-3).
ky_protective_order_record_expungement-set	Provision the browser	2026-09-13T04:25:22.5519351Z fonts-liberation set to manually installed.
ky_protective_order_record_expungement-set	Provision the browser	2026-09-13T04:25:22.5519727Z The following additional packages will be installed:
ky_protective_order_record_expungement-set	Provision the browser	2026-09-13T04:25:22.5520065Z   xfonts-encodings xfonts-utils
ky_protective_order_record_expungement-set	Provision the browser	2026-09-13T04:25:22.5520439Z Recommended packages:
ky_protective_order_record_expungement-set	Provision the browser	2026-09-13T04:25:22.5520709Z   fonts-ipafont-mincho fonts-tlwg-loma
ky_protective_order_record_expungement-set	Provision the browser	2026-09-13T04:25:22.5705784Z The following NEW packages will be installed:
ky_protective_order_record_expungement-set	Provision the browser	2026-09-13T04:25:22.5706726Z   fonts-freefont-ttf fonts-ipafont-gothic fonts-tlwg-loma-otf fonts-unifont
ky_protective_order_record_expungement-set	Provision the browser	2026-09-13T04:25:22.5722759Z   fonts-wqy-zenhei xfonts-cyrillic xfonts-encodings xfonts-scalable
ky_protective_order_record_expungement-set	Provision the browser	2026-09-13T04:25:22.5723497Z   xfonts-utils
ky_protective_order_record_expungement-set	Provision the browser	2026-09-13T04:25:22.5887249Z 0 upgraded, 9 newly installed, 0 to remove and 50 not upgraded.
ky_protective_order_record_expungement-set	Provision the browser	2026-09-13T04:25:22.5887999Z Need to get 21.1 MB of archives.
ky_protective_order_record_expungement-set	Provision the browser	2026-09-13T04:25:22.5888686Z After this operation, 79.5 MB of additional disk space will be used.
ky_protective_order_record_expungement-set	Provision the browser	2026-09-13T04:25:22.5889491Z Get:1 file:/etc/apt/apt-mirrors.txt Mirrorlist [144 B]
ky_protective_order_record_expungement-set	Provision the browser	2026-09-13T04:25:22.7755974Z Get:2 http://azure.archive.ubuntu.com/ubuntu noble/universe amd64 fonts-ipafont-gothic all 00303-21ubuntu1 [3513 kB]
ky_protective_order_record_expungement-set	Provision the browser	2026-09-13T04:25:22.9521961Z Get:3 http://azure.archive.ubuntu.com/ubuntu noble/main amd64 fonts-freefont-ttf all 20211204+svn4273-2 [5641 kB]
ky_protective_order_record_expungement-set	Provision the browser	2026-09-13T04:25:23.0625748Z Get:4 http://azure.archive.ubuntu.com/ubuntu noble/universe amd64 fonts-tlwg-loma-otf all 1:0.7.3-1 [107 kB]
ky_protective_order_record_expungement-set	Provision the browser	2026-09-13T04:25:23.1087993Z Get:5 http://azure.archive.ubuntu.com/ubuntu noble/universe amd64 fonts-unifont all 1:15.1.01-1build1 [2993 kB]
ky_protective_order_record_expungement-set	Provision the browser	2026-09-13T04:25:23.1954572Z Get:6 http://azure.archive.ubuntu.com/ubuntu noble/universe amd64 fonts-wqy-zenhei all 0.9.45-8 [7472 kB]
ky_protective_order_record_expungement-set	Provision the browser	2026-09-13T04:25:23.3463505Z Get:7 http://azure.archive.ubuntu.com/ubuntu noble/main amd64 xfonts-encodings all 1:1.0.5-0ubuntu2 [578 kB]
ky_protective_order_record_expungement-set	Provision the browser	2026-09-13T04:25:23.3990687Z Get:8 http://azure.archive.ubuntu.com/ubuntu noble/main amd64 xfonts-utils amd64 1:7.7+6build3 [94.4 kB]
ky_protective_order_record_expungement-set	Provision the browser	2026-09-13T04:25:23.4450232Z Get:9 http://azure.archive.ubuntu.com/ubuntu noble/universe amd64 xfonts-cyrillic all 1:1.0.5+nmu1 [384 kB]
ky_protective_order_record_expungement-set	Provision the browser	2026-09-13T04:25:23.4950350Z Get:10 http://azure.archive.ubuntu.com/ubuntu noble/main amd64 xfonts-scalable all 1:1.0.3-1.3 [304 kB]
ky_protective_order_record_expungement-set	Provision the browser	2026-09-13T04:25:23.7356717Z Fetched 21.1 MB in 1s (23.0 MB/s)
ky_protective_order_record_expungement-set	Provision the browser	2026-09-13T04:25:23.7560328Z Selecting previously unselected package fonts-ipafont-gothic.
ky_protective_order_record_expungement-set	Provision the browser	2026-09-13T04:25:23.7776763Z (Reading database ... 
ky_protective_order_record_expungement-set	Provision the browser	2026-09-13T04:25:23.7777479Z (Reading database ... 5%
ky_protective_order_record_expungement-set	Provision the browser	2026-09-13T04:25:23.7778029Z (Reading database ... 10%
ky_protective_order_record_expungement-set	Provision the browser	2026-09-13T04:25:23.7778595Z (Reading database ... 15%
ky_protective_order_record_expungement-set	Provision the browser	2026-09-13T04:25:23.7778929Z (Reading database ... 20%
ky_protective_order_record_expungement-set	Provision the browser	2026-09-13T04:25:23.7779200Z (Reading database ... 25%
ky_protective_order_record_expungement-set	Provision the browser	2026-09-13T04:25:23.7779436Z (Reading database ... 30%
ky_protective_order_record_expungement-set	Provision the browser	2026-09-13T04:25:23.7779667Z (Reading database ... 35%
ky_protective_order_record_expungement-set	Provision the browser	2026-09-13T04:25:23.7779897Z (Reading database ... 40%
ky_protective_order_record_expungement-set	Provision the browser	2026-09-13T04:25:23.7780127Z (Reading database ... 45%
ky_protective_order_record_expungement-set	Provision the browser	2026-09-13T04:25:23.7780389Z (Reading database ... 50%
ky_protective_order_record_expungement-set	Provision the browser	2026-09-13T04:25:23.7810735Z (Reading database ... 55%
ky_protective_order_record_expungement-set	Provision the browser	2026-09-13T04:25:23.8735557Z (Reading database ... 60%
ky_protective_order_record_expungement-set	Provision the browser	2026-09-13T04:25:24.0259997Z (Reading database ... 65%
ky_protective_order_record_expungement-set	Provision the browser	2026-09-13T04:25:24.2158593Z (Reading database ... 70%
ky_protective_order_record_expungement-set	Provision the browser	2026-09-13T04:25:24.3241843Z (Reading database ... 75%
ky_protective_order_record_expungement-set	Provision the browser	2026-09-13T04:25:24.4785997Z (Reading database ... 80%
ky_protective_order_record_expungement-set	Provision the browser	2026-09-13T04:25:24.6218006Z (Reading database ... 85%
ky_protective_order_record_expungement-set	Provision the browser	2026-09-13T04:25:24.7262690Z (Reading database ... 90%
ky_protective_order_record_expungement-set	Provision the browser	2026-09-13T04:25:24.8286698Z (Reading database ... 95%
ky_protective_order_record_expungement-set	Provision the browser	2026-09-13T04:25:24.8287388Z (Reading database ... 100%
ky_protective_order_record_expungement-set	Provision the browser	2026-09-13T04:25:24.8288266Z (Reading database ... 201818 files and directories currently installed.)
ky_protective_order_record_expungement-set	Provision the browser	2026-09-13T04:25:24.8329927Z Preparing to unpack .../0-fonts-ipafont-gothic_00303-21ubuntu1_all.deb ...
ky_protective_order_record_expungement-set	Provision the browser	2026-09-13T04:25:24.8437098Z Unpacking fonts-ipafont-gothic (00303-21ubuntu1) ...
ky_protective_order_record_expungement-set	Provision the browser	2026-09-13T04:25:25.0738030Z Selecting previously unselected package fonts-freefont-ttf.
ky_protective_order_record_expungement-set	Provision the browser	2026-09-13T04:25:25.0850446Z Preparing to unpack .../1-fonts-freefont-ttf_20211204+svn4273-2_all.deb ...
ky_protective_order_record_expungement-set	Provision the browser	2026-09-13T04:25:25.0860768Z Unpacking fonts-freefont-ttf (20211204+svn4273-2) ...
ky_protective_order_record_expungement-set	Provision the browser	2026-09-13T04:25:25.1590205Z Selecting previously unselected package fonts-tlwg-loma-otf.
ky_protective_order_record_expungement-set	Provision the browser	2026-09-13T04:25:25.1698740Z Preparing to unpack .../2-fonts-tlwg-loma-otf_1%3a0.7.3-1_all.deb ...
ky_protective_order_record_expungement-set	Provision the browser	2026-09-13T04:25:25.1710699Z Unpacking fonts-tlwg-loma-otf (1:0.7.3-1) ...
ky_protective_order_record_expungement-set	Provision the browser	2026-09-13T04:25:25.1870006Z Selecting previously unselected package fonts-unifont.
ky_protective_order_record_expungement-set	Provision the browser	2026-09-13T04:25:25.1981124Z Preparing to unpack .../3-fonts-unifont_1%3a15.1.01-1build1_all.deb ...
ky_protective_order_record_expungement-set	Provision the browser	2026-09-13T04:25:25.1990965Z Unpacking fonts-unifont (1:15.1.01-1build1) ...
ky_protective_order_record_expungement-set	Provision the browser	2026-09-13T04:25:25.2923243Z Selecting previously unselected package fonts-wqy-zenhei.
ky_protective_order_record_expungement-set	Provision the browser	2026-09-13T04:25:25.3033020Z Preparing to unpack .../4-fonts-wqy-zenhei_0.9.45-8_all.deb ...
ky_protective_order_record_expungement-set	Provision the browser	2026-09-13T04:25:25.3112818Z Unpacking fonts-wqy-zenhei (0.9.45-8) ...
ky_protective_order_record_expungement-set	Provision the browser	2026-09-13T04:25:25.7818026Z Selecting previously unselected package xfonts-encodings.
ky_protective_order_record_expungement-set	Provision the browser	2026-09-13T04:25:25.7928331Z Preparing to unpack .../5-xfonts-encodings_1%3a1.0.5-0ubuntu2_all.deb ...
ky_protective_order_record_expungement-set	Provision the browser	2026-09-13T04:25:25.7934510Z Unpacking xfonts-encodings (1:1.0.5-0ubuntu2) ...
ky_protective_order_record_expungement-set	Provision the browser	2026-09-13T04:25:25.8144608Z Selecting previously unselected package xfonts-utils.
ky_protective_order_record_expungement-set	Provision the browser	2026-09-13T04:25:25.8253695Z Preparing to unpack .../6-xfonts-utils_1%3a7.7+6build3_amd64.deb ...
ky_protective_order_record_expungement-set	Provision the browser	2026-09-13T04:25:25.8259654Z Unpacking xfonts-utils (1:7.7+6build3) ...
ky_protective_order_record_expungement-set	Provision the browser	2026-09-13T04:25:25.8531574Z Selecting previously unselected package xfonts-cyrillic.
ky_protective_order_record_expungement-set	Provision the browser	2026-09-13T04:25:25.8643193Z Preparing to unpack .../7-xfonts-cyrillic_1%3a1.0.5+nmu1_all.deb ...
ky_protective_order_record_expungement-set	Provision the browser	2026-09-13T04:25:25.8652159Z Unpacking xfonts-cyrillic (1:1.0.5+nmu1) ...
ky_protective_order_record_expungement-set	Provision the browser	2026-09-13T04:25:26.0217779Z Selecting previously unselected package xfonts-scalable.
ky_protective_order_record_expungement-set	Provision the browser	2026-09-13T04:25:26.0329260Z Preparing to unpack .../8-xfonts-scalable_1%3a1.0.3-1.3_all.deb ...
ky_protective_order_record_expungement-set	Provision the browser	2026-09-13T04:25:26.0338416Z Unpacking xfonts-scalable (1:1.0.3-1.3) ...
ky_protective_order_record_expungement-set	Provision the browser	2026-09-13T04:25:26.0669555Z Setting up fonts-wqy-zenhei (0.9.45-8) ...
ky_protective_order_record_expungement-set	Provision the browser	2026-09-13T04:25:26.0773565Z Setting up fonts-freefont-ttf (20211204+svn4273-2) ...
ky_protective_order_record_expungement-set	Provision the browser	2026-09-13T04:25:26.0789445Z Setting up fonts-tlwg-loma-otf (1:0.7.3-1) ...
ky_protective_order_record_expungement-set	Provision the browser	2026-09-13T04:25:26.0805853Z Setting up xfonts-encodings (1:1.0.5-0ubuntu2) ...
ky_protective_order_record_expungement-set	Provision the browser	2026-09-13T04:25:26.0821190Z Setting up fonts-ipafont-gothic (00303-21ubuntu1) ...
ky_protective_order_record_expungement-set	Provision the browser	2026-09-13T04:25:26.0873239Z update-alternatives: using /usr/share/fonts/opentype/ipafont-gothic/ipag.ttf to provide /usr/share/fonts/truetype/fonts-japanese-gothic.ttf (fonts-japanese-gothic.ttf) in auto mode
ky_protective_order_record_expungement-set	Provision the browser	2026-09-13T04:25:26.0887133Z Setting up fonts-unifont (1:15.1.01-1build1) ...
ky_protective_order_record_expungement-set	Provision the browser	2026-09-13T04:25:26.0903490Z Setting up xfonts-utils (1:7.7+6build3) ...
ky_protective_order_record_expungement-set	Provision the browser	2026-09-13T04:25:26.0938179Z Setting up xfonts-cyrillic (1:1.0.5+nmu1) ...
ky_protective_order_record_expungement-set	Provision the browser	2026-09-13T04:25:26.1179534Z Setting up xfonts-scalable (1:1.0.3-1.3) ...
ky_protective_order_record_expungement-set	Provision the browser	2026-09-13T04:25:26.1396876Z Processing triggers for man-db (2.12.0-4build2) ...
ky_protective_order_record_expungement-set	Provision the browser	2026-09-13T04:25:26.1414751Z Not building database; man-db/auto-update is not 'true'.
ky_protective_order_record_expungement-set	Provision the browser	2026-09-13T04:25:26.1426671Z Processing triggers for fontconfig (2.15.0-1.1ubuntu2) ...
ky_protective_order_record_expungement-set	Provision the browser	2026-09-13T04:25:26.7522805Z 
ky_protective_order_record_expungement-set	Provision the browser	2026-09-13T04:25:26.7523501Z Running kernel seems to be up-to-date.
ky_protective_order_record_expungement-set	Provision the browser	2026-09-13T04:25:26.7523819Z 
ky_protective_order_record_expungement-set	Provision the browser	2026-09-13T04:25:26.7523971Z No services need to be restarted.
ky_protective_order_record_expungement-set	Provision the browser	2026-09-13T04:25:26.7524139Z 
ky_protective_order_record_expungement-set	Provision the browser	2026-09-13T04:25:26.7524289Z No containers need to be restarted.
ky_protective_order_record_expungement-set	Provision the browser	2026-09-13T04:25:26.7524461Z 
ky_protective_order_record_expungement-set	Provision the browser	2026-09-13T04:25:26.7524661Z No user sessions are running outdated binaries.
ky_protective_order_record_expungement-set	Provision the browser	2026-09-13T04:25:26.7524870Z 
ky_protective_order_record_expungement-set	Provision the browser	2026-09-13T04:25:26.7525130Z No VM guests are running outdated hypervisor (qemu) binaries on this host.
ky_protective_order_record_expungement-set	Provision the browser	2026-09-13T04:25:27.6826552Z Downloading Chrome for Testing 148.0.7778.96 (playwright chromium v1223) from https://cdn.playwright.dev/builds/cft/148.0.7778.96/linux64/chrome-linux64.zip
ky_protective_order_record_expungement-set	Provision the browser	2026-09-13T04:25:28.7102972Z |                                                                                |   0% of 175.4 MiB
ky_protective_order_record_expungement-set	Provision the browser	2026-09-13T04:25:28.8931665Z |■■■■■■■■                                                                        |  10% of 175.4 MiB
ky_protective_order_record_expungement-set	Provision the browser	2026-09-13T04:25:28.9737266Z |■■■■■■■■■■■■■■■■                                                                |  20% of 175.4 MiB
ky_protective_order_record_expungement-set	Provision the browser	2026-09-13T04:25:29.0663482Z |■■■■■■■■■■■■■■■■■■■■■■■■                                                        |  30% of 175.4 MiB
ky_protective_order_record_expungement-set	Provision the browser	2026-09-13T04:25:29.1376514Z |■■■■■■■■■■■■■■■■■■■■■■■■■■■■■■■■                                                |  40% of 175.4 MiB
ky_protective_order_record_expungement-set	Provision the browser	2026-09-13T04:25:29.3296229Z |■■■■■■■■■■■■■■■■■■■■■■■■■■■■■■■■■■■■■■■■                                        |  50% of 175.4 MiB
ky_protective_order_record_expungement-set	Provision the browser	2026-09-13T04:25:29.4366575Z |■■■■■■■■■■■■■■■■■■■■■■■■■■■■■■■■■■■■■■■■■■■■■■■■                                |  60% of 175.4 MiB
ky_protective_order_record_expungement-set	Provision the browser	2026-09-13T04:25:29.5403525Z |■■■■■■■■■■■■■■■■■■■■■■■■■■■■■■■■■■■■■■■■■■■■■■■■■■■■■■■■                        |  70% of 175.4 MiB
ky_protective_order_record_expungement-set	Provision the browser	2026-09-13T04:25:29.6383828Z |■■■■■■■■■■■■■■■■■■■■■■■■■■■■■■■■■■■■■■■■■■■■■■■■■■■■■■■■■■■■■■■■                |  80% of 175.4 MiB
ky_protective_order_record_expungement-set	Provision the browser	2026-09-13T04:25:29.7680660Z |■■■■■■■■■■■■■■■■■■■■■■■■■■■■■■■■■■■■■■■■■■■■■■■■■■■■■■■■■■■■■■■■■■■■■■■■        |  90% of 175.4 MiB
ky_protective_order_record_expungement-set	Provision the browser	2026-09-13T04:25:29.8541205Z |■■■■■■■■■■■■■■■■■■■■■■■■■■■■■■■■■■■■■■■■■■■■■■■■■■■■■■■■■■■■■■■■■■■■■■■■■■■■■■■■| 100% of 175.4 MiB
ky_protective_order_record_expungement-set	Provision the browser	2026-09-13T04:25:32.2776284Z Chrome for Testing 148.0.7778.96 (playwright chromium v1223) downloaded to /home/runner/.cache/ms-playwright/chromium-1223
ky_protective_order_record_expungement-set	Provision the browser	2026-09-13T04:25:32.2779287Z Downloading FFmpeg (playwright ffmpeg v1011) from https://cdn.playwright.dev/dbazure/download/playwright/builds/ffmpeg/1011/ffmpeg-linux.zip
ky_protective_order_record_expungement-set	Provision the browser	2026-09-13T04:25:33.2473200Z |                                                                                |   0% of 2.3 MiB
ky_protective_order_record_expungement-set	Provision the browser	2026-09-13T04:25:33.2505316Z |■■■■■■■■                                                                        |  10% of 2.3 MiB
ky_protective_order_record_expungement-set	Provision the browser	2026-09-13T04:25:33.2527430Z |■■■■■■■■■■■■■■■■                                                                |  20% of 2.3 MiB
ky_protective_order_record_expungement-set	Provision the browser	2026-09-13T04:25:33.2547012Z |■■■■■■■■■■■■■■■■■■■■■■■■                                                        |  30% of 2.3 MiB
ky_protective_order_record_expungement-set	Provision the browser	2026-09-13T04:25:33.2564916Z |■■■■■■■■■■■■■■■■■■■■■■■■■■■■■■■■                                                |  40% of 2.3 MiB
ky_protective_order_record_expungement-set	Provision the browser	2026-09-13T04:25:33.2575770Z |■■■■■■■■■■■■■■■■■■■■■■■■■■■■■■■■■■■■■■■■                                        |  50% of 2.3 MiB
ky_protective_order_record_expungement-set	Provision the browser	2026-09-13T04:25:33.2588593Z |■■■■■■■■■■■■■■■■■■■■■■■■■■■■■■■■■■■■■■■■■■■■■■■■                                |  60% of 2.3 MiB
ky_protective_order_record_expungement-set	Provision the browser	2026-09-13T04:25:33.2599757Z |■■■■■■■■■■■■■■■■■■■■■■■■■■■■■■■■■■■■■■■■■■■■■■■■■■■■■■■■                        |  70% of 2.3 MiB
ky_protective_order_record_expungement-set	Provision the browser	2026-09-13T04:25:33.2610654Z |■■■■■■■■■■■■■■■■■■■■■■■■■■■■■■■■■■■■■■■■■■■■■■■■■■■■■■■■■■■■■■■■                |  80% of 2.3 MiB
ky_protective_order_record_expungement-set	Provision the browser	2026-09-13T04:25:33.2629061Z |■■■■■■■■■■■■■■■■■■■■■■■■■■■■■■■■■■■■■■■■■■■■■■■■■■■■■■■■■■■■■■■■■■■■■■■■        |  90% of 2.3 MiB
ky_protective_order_record_expungement-set	Provision the browser	2026-09-13T04:25:33.2637892Z |■■■■■■■■■■■■■■■■■■■■■■■■■■■■■■■■■■■■■■■■■■■■■■■■■■■■■■■■■■■■■■■■■■■■■■■■■■■■■■■■| 100% of 2.3 MiB
ky_protective_order_record_expungement-set	Provision the browser	2026-09-13T04:25:33.3168576Z FFmpeg (playwright ffmpeg v1011) downloaded to /home/runner/.cache/ms-playwright/ffmpeg-1011
ky_protective_order_record_expungement-set	Provision the browser	2026-09-13T04:25:33.3171529Z Downloading Chrome Headless Shell 148.0.7778.96 (playwright chromium-headless-shell v1223) from https://cdn.playwright.dev/builds/cft/148.0.7778.96/linux64/chrome-headless-shell-linux64.zip
ky_protective_order_record_expungement-set	Provision the browser	2026-09-13T04:25:34.3468926Z |                                                                                |   0% of 113.2 MiB
ky_protective_order_record_expungement-set	Provision the browser	2026-09-13T04:25:34.4974240Z |■■■■■■■■                                                                        |  10% of 113.2 MiB
ky_protective_order_record_expungement-set	Provision the browser	2026-09-13T04:25:34.5556377Z |■■■■■■■■■■■■■■■■                                                                |  20% of 113.2 MiB
ky_protective_order_record_expungement-set	Provision the browser	2026-09-13T04:25:34.6317174Z |■■■■■■■■■■■■■■■■■■■■■■■■                                                        |  30% of 113.2 MiB
ky_protective_order_record_expungement-set	Provision the browser	2026-09-13T04:25:34.6832036Z |■■■■■■■■■■■■■■■■■■■■■■■■■■■■■■■■                                                |  40% of 113.2 MiB
ky_protective_order_record_expungement-set	Provision the browser	2026-09-13T04:25:34.7556377Z |■■■■■■■■■■■■■■■■■■■■■■■■■■■■■■■■■■■■■■■■                                        |  50% of 113.2 MiB
ky_protective_order_record_expungement-set	Provision the browser	2026-09-13T04:25:34.8118151Z |■■■■■■■■■■■■■■■■■■■■■■■■■■■■■■■■■■■■■■■■■■■■■■■■                                |  60% of 113.2 MiB
ky_protective_order_record_expungement-set	Provision the browser	2026-09-13T04:25:34.8680079Z |■■■■■■■■■■■■■■■■■■■■■■■■■■■■■■■■■■■■■■■■■■■■■■■■■■■■■■■■                        |  70% of 113.2 MiB
ky_protective_order_record_expungement-set	Provision the browser	2026-09-13T04:25:34.9358452Z |■■■■■■■■■■■■■■■■■■■■■■■■■■■■■■■■■■■■■■■■■■■■■■■■■■■■■■■■■■■■■■■■                |  80% of 113.2 MiB
ky_protective_order_record_expungement-set	Provision the browser	2026-09-13T04:25:34.9972038Z |■■■■■■■■■■■■■■■■■■■■■■■■■■■■■■■■■■■■■■■■■■■■■■■■■■■■■■■■■■■■■■■■■■■■■■■■        |  90% of 113.2 MiB
ky_protective_order_record_expungement-set	Provision the browser	2026-09-13T04:25:35.0605010Z |■■■■■■■■■■■■■■■■■■■■■■■■■■■■■■■■■■■■■■■■■■■■■■■■■■■■■■■■■■■■■■■■■■■■■■■■■■■■■■■■| 100% of 113.2 MiB
ky_protective_order_record_expungement-set	Provision the browser	2026-09-13T04:25:36.8191867Z Chrome Headless Shell 148.0.7778.96 (playwright chromium-headless-shell v1223) downloaded to /home/runner/.cache/ms-playwright/chromium_headless_shell-1223
ky_protective_order_record_expungement-set	Render and measure ky_protective_order_record_expungement-set	﻿2026-09-13T04:25:36.8380445Z ##[group]Run node scripts/rcap-raster-batch.mjs \
ky_protective_order_record_expungement-set	Render and measure ky_protective_order_record_expungement-set	2026-09-13T04:25:36.8380841Z ^[[36;1mnode scripts/rcap-raster-batch.mjs \^[[0m
ky_protective_order_record_expungement-set	Render and measure ky_protective_order_record_expungement-set	2026-09-13T04:25:36.8381159Z ^[[36;1m  --manifest "$MANIFEST_PATH" \^[[0m
ky_protective_order_record_expungement-set	Render and measure ky_protective_order_record_expungement-set	2026-09-13T04:25:36.8381435Z ^[[36;1m  --family "$FAMILY" \^[[0m
ky_protective_order_record_expungement-set	Render and measure ky_protective_order_record_expungement-set	2026-09-13T04:25:36.8381690Z ^[[36;1m  --commit "$COMMIT_SHA" \^[[0m
ky_protective_order_record_expungement-set	Render and measure ky_protective_order_record_expungement-set	2026-09-13T04:25:36.8381949Z ^[[36;1m  --scale "$REQUESTED_SCALE" \^[[0m
ky_protective_order_record_expungement-set	Render and measure ky_protective_order_record_expungement-set	2026-09-13T04:25:36.8382676Z ^[[36;1m  --run-id "$WORKFLOW_RUN_ID" \^[[0m
ky_protective_order_record_expungement-set	Render and measure ky_protective_order_record_expungement-set	2026-09-13T04:25:36.8382984Z ^[[36;1m  --out raster-out^[[0m
ky_protective_order_record_expungement-set	Render and measure ky_protective_order_record_expungement-set	2026-09-13T04:25:36.8405602Z shell: /usr/bin/bash -e {0}
ky_protective_order_record_expungement-set	Render and measure ky_protective_order_record_expungement-set	2026-09-13T04:25:36.8405903Z env:
ky_protective_order_record_expungement-set	Render and measure ky_protective_order_record_expungement-set	2026-09-13T04:25:36.8406173Z   pythonLocation: /opt/hostedtoolcache/Python/3.12.14/x64
ky_protective_order_record_expungement-set	Render and measure ky_protective_order_record_expungement-set	2026-09-13T04:25:36.8406589Z   PKG_CONFIG_PATH: /opt/hostedtoolcache/Python/3.12.14/x64/lib/pkgconfig
ky_protective_order_record_expungement-set	Render and measure ky_protective_order_record_expungement-set	2026-09-13T04:25:36.8406994Z   Python_ROOT_DIR: /opt/hostedtoolcache/Python/3.12.14/x64
ky_protective_order_record_expungement-set	Render and measure ky_protective_order_record_expungement-set	2026-09-13T04:25:36.8407377Z   Python2_ROOT_DIR: /opt/hostedtoolcache/Python/3.12.14/x64
ky_protective_order_record_expungement-set	Render and measure ky_protective_order_record_expungement-set	2026-09-13T04:25:36.8407743Z   Python3_ROOT_DIR: /opt/hostedtoolcache/Python/3.12.14/x64
ky_protective_order_record_expungement-set	Render and measure ky_protective_order_record_expungement-set	2026-09-13T04:25:36.8408167Z   LD_LIBRARY_PATH: /opt/hostedtoolcache/Python/3.12.14/x64/lib
ky_protective_order_record_expungement-set	Render and measure ky_protective_order_record_expungement-set	2026-09-13T04:25:36.8408556Z   PLAYWRIGHT_BROWSERS_PATH: /home/runner/.cache/ms-playwright
ky_protective_order_record_expungement-set	Render and measure ky_protective_order_record_expungement-set	2026-09-13T04:25:36.8409117Z   MANIFEST_PATH: data/rcap-grade-a/packet-factory-24h/pf08/ky-adopted-service-raster-manifest-20260913.json
ky_protective_order_record_expungement-set	Render and measure ky_protective_order_record_expungement-set	2026-09-13T04:25:36.8409655Z   FAMILY: ky_protective_order_record_expungement-set
ky_protective_order_record_expungement-set	Render and measure ky_protective_order_record_expungement-set	2026-09-13T04:25:36.8409986Z   COMMIT_SHA: 3c1bef26523ab9d60971c4d0e25fc86e1f651a18
ky_protective_order_record_expungement-set	Render and measure ky_protective_order_record_expungement-set	2026-09-13T04:25:36.8410285Z   REQUESTED_SCALE: 2.5
ky_protective_order_record_expungement-set	Render and measure ky_protective_order_record_expungement-set	2026-09-13T04:25:36.8410630Z   WORKFLOW_RUN_ID: 34737617513
ky_protective_order_record_expungement-set	Render and measure ky_protective_order_record_expungement-set	2026-09-13T04:25:36.8413456Z   GH_TOKEN: ***
ky_protective_order_record_expungement-set	Render and measure ky_protective_order_record_expungement-set	2026-09-13T04:25:36.8413665Z ##[endgroup]
ky_protective_order_record_expungement-set	Render and measure ky_protective_order_record_expungement-set	2026-09-13T04:25:59.9227460Z RCAP_RECEIPT_BEGIN family=ky_protective_order_record_expungement-set run=34737617513 commit=3c1bef26523ab9d60971c4d0e25fc86e1f651a18
ky_protective_order_record_expungement-set	Render and measure ky_protective_order_record_expungement-set	2026-09-13T04:25:59.9257020Z RCAP_RECEIPT_VERDICT {"schemaVersion":"rcap-raster-family-verdict/v1","familyId":"ky_protective_order_record_expungement-set","verdict":"RASTER_PASS","packetCommitSha":"3c1bef26523ab9d60971c4d0e25fc86e1f651a18","workflowRunId":"34737617513","requestedScale":2.5,"cssPxPerPt":1.3333333333333333,"browserExecutable":"/home/runner/.cache/ms-playwright/chromium-1223/chrome-linux64/chrome","resolvedBy":"PLAYWRIGHT_BROWSERS_PATH","operatingSystem":"Linux 6.17.0-1022-azure x64","nodeVersion":"v22.23.2","hashesBound":{"canonical":{"path":"data/rcap-all50/overlays/census-v1/ky/ky-protective-order-record-expungement-set--official-pdf-fill/fixtures/canonical.pdf","pinned":"dd797c6d4783f58979d964d0d483a9270261a1832177fe9b0a0150e2ef04d63e"},"boundary":{"path":"data/rcap-all50/overlays/census-v1/ky/ky-protective-order-record-expungement-set--official-pdf-fill/fixtures/boundary.pdf","pinned":"b219565f8e930db532f7613a3302e8433b4a933c32c679aab3eb1edb7df6a97d"}},"documentsRendered":[{"role":"canonical","document":"canonical.pdf","path":"data/rcap-all50/overlays/census-v1/ky/ky-protective-order-record-expungement-set--official-pdf-fill/fixtures/canonical.pdf","pinned":"dd797c6d4783f58979d964d0d483a9270261a1832177fe9b0a0150e2ef04d63e"},{"role":"boundary","document":"boundary.pdf","path":"data/rcap-all50/overlays/census-v1/ky/ky-protective-order-record-expungement-set--official-pdf-fill/fixtures/boundary.pdf","pinned":"b219565f8e930db532f7613a3302e8433b4a933c32c679aab3eb1edb7df6a97d"}],"documentsDigest":"bc5ddb142cf4823481e2f4b50d7b837a3494adbca8815c2a25ae31edb7ba942f","coversTheWholeFamily":true,"decryptionTransforms":[],"decryptionRule":"An encrypted source is hashed before any transform; Poppler and qpdf must independently agree on its page count; the temporary derivative is decrypted and serialized with explicit objects, then admitted only when geometry, decoded page content, fields/widgets, and XFA remain identical; only that temporary transport is passed to pdf-lib for calibrated rendering; the queued packet bytes are never modified.","pagesMeasured":2,"measurements":[{"kind":"canonical","document":"canonical.pdf","page":1,"png":"ky_protective_order_record_expungement-set/canonical/page-001.png","bytes":439563,"pngSha256":"b76f6f04b6ea95f07883505c186ae10c4073155c69dcd8a2fbc5e745a2e141a1","pngWidth":2040,"pngHeight":2640,"paper":{"x0":204,"y0":3,"x1":2243,"y1":2642,"width":2040,"height":2640},"pxPerPt":3.3333333333333335,"expectedPxPerPt":3.333333333333333,"pageWidthPt":612,"pageHeightPt":792,"expectedPx":{"width":2039.9999999999998,"height":2639.9999999999995,"tolerancePx":6.666666666666666},"calibrationResidualPx":0,"inkFractionInsidePaper":0.053900215389185976,"nonblank":true,"croppedToThePage":true},{"kind":"boundary","document":"boundary.pdf","page":1,"png":"ky_protective_order_record_expungement-set/boundary/page-001.png","bytes":450926,"pngSha256":"21c57d7d0ba26e502c9db89e7b4204cce4b5648d744a17e8c6c81b91c46db00f","pngWidth":2040,"pngHeight":2640,"paper":{"x0":204,"y0":3,"x1":2243,"y1":2642,"width":2040,"height":2640},"pxPerPt":3.3333333333333335,"expectedPxPerPt":3.333333333333333,"pageWidthPt":612,"pageHeightPt":792,"expectedPx":{"width":2039.9999999999998,"height":2639.9999999999995,"tolerancePx":6.666666666666666},"calibrationResidualPx":0,"inkFractionInsidePaper":0.05572192513368984,"nonblank":true,"croppedToThePage":true}],"problems":[],"environmentProblems":[],"whatThisDoesNotDecide":"This is one gate. RASTER_PASS does not make a family PASS_COMPLETE, promotes nothing, and opens no commercial route.","packetPdfsModified":0,"bodiesCommitted":0,"commercialRoutesOpened":0,"productionTouched":false}
ky_protective_order_record_expungement-set	Render and measure ky_protective_order_record_expungement-set	2026-09-13T04:25:59.9282804Z RCAP_RECEIPT_INVENTORY [{"runId":"34737617513","familyId":"ky_protective_order_record_expungement-set","member":"ky_protective_order_record_expungement-set/canonical/page-001.png","bytes":439563,"sha256":"b76f6f04b6ea95f07883505c186ae10c4073155c69dcd8a2fbc5e745a2e141a1","pngWidth":2040,"pngHeight":2640},{"runId":"34737617513","familyId":"ky_protective_order_record_expungement-set","member":"ky_protective_order_record_expungement-set/boundary/page-001.png","bytes":450926,"sha256":"21c57d7d0ba26e502c9db89e7b4204cce4b5648d744a17e8c6c81b91c46db00f","pngWidth":2040,"pngHeight":2640}]
ky_protective_order_record_expungement-set	Render and measure ky_protective_order_record_expungement-set	2026-09-13T04:25:59.9287159Z RCAP_RECEIPT_END family=ky_protective_order_record_expungement-set run=34737617513 pages=2
ky_protective_order_record_expungement-set	Render and measure ky_protective_order_record_expungement-set	2026-09-13T04:25:59.9288802Z RASTER_PASS ky_protective_order_record_expungement-set — 2 document(s), 2 page(s) measured, 0 problem(s)
ky_protective_order_record_expungement-set	Print the verdict and the page digests to the log	﻿2026-09-13T04:25:59.9385446Z ##[group]Run set -uo pipefail
ky_protective_order_record_expungement-set	Print the verdict and the page digests to the log	2026-09-13T04:25:59.9385789Z ^[[36;1mset -uo pipefail^[[0m
ky_protective_order_record_expungement-set	Print the verdict and the page digests to the log	2026-09-13T04:25:59.9386062Z ^[[36;1mfor v in raster-out/*.verdict.json; do^[[0m
ky_protective_order_record_expungement-set	Print the verdict and the page digests to the log	2026-09-13T04:25:59.9386364Z ^[[36;1m  [ -e "$v" ] || continue^[[0m
ky_protective_order_record_expungement-set	Print the verdict and the page digests to the log	2026-09-13T04:25:59.9386686Z ^[[36;1m  echo "===== BEGIN VERDICT $(basename "$v") ====="^[[0m
ky_protective_order_record_expungement-set	Print the verdict and the page digests to the log	2026-09-13T04:25:59.9386998Z ^[[36;1m  cat "$v"^[[0m
ky_protective_order_record_expungement-set	Print the verdict and the page digests to the log	2026-09-13T04:25:59.9387247Z ^[[36;1m  echo "===== END VERDICT $(basename "$v") ====="^[[0m
ky_protective_order_record_expungement-set	Print the verdict and the page digests to the log	2026-09-13T04:25:59.9387539Z ^[[36;1mdone^[[0m
ky_protective_order_record_expungement-set	Print the verdict and the page digests to the log	2026-09-13T04:25:59.9387777Z ^[[36;1mecho "===== BEGIN PAGE DIGESTS ====="^[[0m
ky_protective_order_record_expungement-set	Print the verdict and the page digests to the log	2026-09-13T04:25:59.9388204Z ^[[36;1mfind raster-out -type f -name '*.png' -print0 | sort -z | xargs -0 -r sha256sum^[[0m
ky_protective_order_record_expungement-set	Print the verdict and the page digests to the log	2026-09-13T04:25:59.9388626Z ^[[36;1mecho "===== END PAGE DIGESTS ====="^[[0m
ky_protective_order_record_expungement-set	Print the verdict and the page digests to the log	2026-09-13T04:25:59.9411003Z shell: /usr/bin/bash -e {0}
ky_protective_order_record_expungement-set	Print the verdict and the page digests to the log	2026-09-13T04:25:59.9411283Z env:
ky_protective_order_record_expungement-set	Print the verdict and the page digests to the log	2026-09-13T04:25:59.9411560Z   pythonLocation: /opt/hostedtoolcache/Python/3.12.14/x64
ky_protective_order_record_expungement-set	Print the verdict and the page digests to the log	2026-09-13T04:25:59.9411985Z   PKG_CONFIG_PATH: /opt/hostedtoolcache/Python/3.12.14/x64/lib/pkgconfig
ky_protective_order_record_expungement-set	Print the verdict and the page digests to the log	2026-09-13T04:25:59.9412674Z   Python_ROOT_DIR: /opt/hostedtoolcache/Python/3.12.14/x64
ky_protective_order_record_expungement-set	Print the verdict and the page digests to the log	2026-09-13T04:25:59.9413055Z   Python2_ROOT_DIR: /opt/hostedtoolcache/Python/3.12.14/x64
ky_protective_order_record_expungement-set	Print the verdict and the page digests to the log	2026-09-13T04:25:59.9413448Z   Python3_ROOT_DIR: /opt/hostedtoolcache/Python/3.12.14/x64
ky_protective_order_record_expungement-set	Print the verdict and the page digests to the log	2026-09-13T04:25:59.9413832Z   LD_LIBRARY_PATH: /opt/hostedtoolcache/Python/3.12.14/x64/lib
ky_protective_order_record_expungement-set	Print the verdict and the page digests to the log	2026-09-13T04:25:59.9414240Z   PLAYWRIGHT_BROWSERS_PATH: /home/runner/.cache/ms-playwright
ky_protective_order_record_expungement-set	Print the verdict and the page digests to the log	2026-09-13T04:25:59.9414578Z ##[endgroup]
ky_protective_order_record_expungement-set	Print the verdict and the page digests to the log	2026-09-13T04:25:59.9469759Z ===== BEGIN VERDICT ky_protective_order_record_expungement-set.verdict.json =====
ky_protective_order_record_expungement-set	Print the verdict and the page digests to the log	2026-09-13T04:25:59.9477267Z {
ky_protective_order_record_expungement-set	Print the verdict and the page digests to the log	2026-09-13T04:25:59.9477892Z   "schemaVersion": "rcap-raster-family-verdict/v1",
ky_protective_order_record_expungement-set	Print the verdict and the page digests to the log	2026-09-13T04:25:59.9478637Z   "familyId": "ky_protective_order_record_expungement-set",
ky_protective_order_record_expungement-set	Print the verdict and the page digests to the log	2026-09-13T04:25:59.9479223Z   "verdict": "RASTER_PASS",
ky_protective_order_record_expungement-set	Print the verdict and the page digests to the log	2026-09-13T04:25:59.9479751Z   "packetCommitSha": "3c1bef26523ab9d60971c4d0e25fc86e1f651a18",
ky_protective_order_record_expungement-set	Print the verdict and the page digests to the log	2026-09-13T04:25:59.9480122Z   "workflowRunId": "34737617513",
ky_protective_order_record_expungement-set	Print the verdict and the page digests to the log	2026-09-13T04:25:59.9480416Z   "requestedScale": 2.5,
ky_protective_order_record_expungement-set	Print the verdict and the page digests to the log	2026-09-13T04:25:59.9480674Z   "cssPxPerPt": 1.3333333333333333,
ky_protective_order_record_expungement-set	Print the verdict and the page digests to the log	2026-09-13T04:25:59.9481153Z   "browserExecutable": "/home/runner/.cache/ms-playwright/chromium-1223/chrome-linux64/chrome",
ky_protective_order_record_expungement-set	Print the verdict and the page digests to the log	2026-09-13T04:25:59.9481647Z   "resolvedBy": "PLAYWRIGHT_BROWSERS_PATH",
ky_protective_order_record_expungement-set	Print the verdict and the page digests to the log	2026-09-13T04:25:59.9482000Z   "operatingSystem": "Linux 6.17.0-1022-azure x64",
ky_protective_order_record_expungement-set	Print the verdict and the page digests to the log	2026-09-13T04:25:59.9482510Z   "nodeVersion": "v22.23.2",
ky_protective_order_record_expungement-set	Print the verdict and the page digests to the log	2026-09-13T04:25:59.9482838Z   "hashesBound": {
ky_protective_order_record_expungement-set	Print the verdict and the page digests to the log	2026-09-13T04:25:59.9483051Z     "canonical": {
ky_protective_order_record_expungement-set	Print the verdict and the page digests to the log	2026-09-13T04:25:59.9483690Z       "path": "data/rcap-all50/overlays/census-v1/ky/ky-protective-order-record-expungement-set--official-pdf-fill/fixtures/canonical.pdf",
ky_protective_order_record_expungement-set	Print the verdict and the page digests to the log	2026-09-13T04:25:59.9484468Z       "pinned": "dd797c6d4783f58979d964d0d483a9270261a1832177fe9b0a0150e2ef04d63e"
ky_protective_order_record_expungement-set	Print the verdict and the page digests to the log	2026-09-13T04:25:59.9484841Z     },
ky_protective_order_record_expungement-set	Print the verdict and the page digests to the log	2026-09-13T04:25:59.9485035Z     "boundary": {
ky_protective_order_record_expungement-set	Print the verdict and the page digests to the log	2026-09-13T04:25:59.9485640Z       "path": "data/rcap-all50/overlays/census-v1/ky/ky-protective-order-record-expungement-set--official-pdf-fill/fixtures/boundary.pdf",
ky_protective_order_record_expungement-set	Print the verdict and the page digests to the log	2026-09-13T04:25:59.9486408Z       "pinned": "b219565f8e930db532f7613a3302e8433b4a933c32c679aab3eb1edb7df6a97d"
ky_protective_order_record_expungement-set	Print the verdict and the page digests to the log	2026-09-13T04:25:59.9486777Z     }
ky_protective_order_record_expungement-set	Print the verdict and the page digests to the log	2026-09-13T04:25:59.9487150Z   },
ky_protective_order_record_expungement-set	Print the verdict and the page digests to the log	2026-09-13T04:25:59.9487356Z   "documentsRendered": [
ky_protective_order_record_expungement-set	Print the verdict and the page digests to the log	2026-09-13T04:25:59.9487578Z     {
ky_protective_order_record_expungement-set	Print the verdict and the page digests to the log	2026-09-13T04:25:59.9487772Z       "role": "canonical",
ky_protective_order_record_expungement-set	Print the verdict and the page digests to the log	2026-09-13T04:25:59.9488028Z       "document": "canonical.pdf",
ky_protective_order_record_expungement-set	Print the verdict and the page digests to the log	2026-09-13T04:25:59.9488674Z       "path": "data/rcap-all50/overlays/census-v1/ky/ky-protective-order-record-expungement-set--official-pdf-fill/fixtures/canonical.pdf",
ky_protective_order_record_expungement-set	Print the verdict and the page digests to the log	2026-09-13T04:25:59.9489420Z       "pinned": "dd797c6d4783f58979d964d0d483a9270261a1832177fe9b0a0150e2ef04d63e"
ky_protective_order_record_expungement-set	Print the verdict and the page digests to the log	2026-09-13T04:25:59.9489794Z     },
ky_protective_order_record_expungement-set	Print the verdict and the page digests to the log	2026-09-13T04:25:59.9489968Z     {
ky_protective_order_record_expungement-set	Print the verdict and the page digests to the log	2026-09-13T04:25:59.9490156Z       "role": "boundary",
ky_protective_order_record_expungement-set	Print the verdict and the page digests to the log	2026-09-13T04:25:59.9490403Z       "document": "boundary.pdf",
ky_protective_order_record_expungement-set	Print the verdict and the page digests to the log	2026-09-13T04:25:59.9491042Z       "path": "data/rcap-all50/overlays/census-v1/ky/ky-protective-order-record-expungement-set--official-pdf-fill/fixtures/boundary.pdf",
ky_protective_order_record_expungement-set	Print the verdict and the page digests to the log	2026-09-13T04:25:59.9491912Z       "pinned": "b219565f8e930db532f7613a3302e8433b4a933c32c679aab3eb1edb7df6a97d"
ky_protective_order_record_expungement-set	Print the verdict and the page digests to the log	2026-09-13T04:25:59.9492438Z     }
ky_protective_order_record_expungement-set	Print the verdict and the page digests to the log	2026-09-13T04:25:59.9492675Z   ],
ky_protective_order_record_expungement-set	Print the verdict and the page digests to the log	2026-09-13T04:25:59.9493071Z   "documentsDigest": "bc5ddb142cf4823481e2f4b50d7b837a3494adbca8815c2a25ae31edb7ba942f",
ky_protective_order_record_expungement-set	Print the verdict and the page digests to the log	2026-09-13T04:25:59.9493524Z   "coversTheWholeFamily": true,
ky_protective_order_record_expungement-set	Print the verdict and the page digests to the log	2026-09-13T04:25:59.9493801Z   "decryptionTransforms": [],
ky_protective_order_record_expungement-set	Print the verdict and the page digests to the log	2026-09-13T04:25:59.9495404Z   "decryptionRule": "An encrypted source is hashed before any transform; Poppler and qpdf must independently agree on its page count; the temporary derivative is decrypted and serialized with explicit objects, then admitted only when geometry, decoded page content, fields/widgets, and XFA remain identical; only that temporary transport is passed to pdf-lib for calibrated rendering; the queued packet bytes are never modified.",
ky_protective_order_record_expungement-set	Print the verdict and the page digests to the log	2026-09-13T04:25:59.9496859Z   "pagesMeasured": 2,
ky_protective_order_record_expungement-set	Print the verdict and the page digests to the log	2026-09-13T04:25:59.9497087Z   "measurements": [
ky_protective_order_record_expungement-set	Print the verdict and the page digests to the log	2026-09-13T04:25:59.9497296Z     {
ky_protective_order_record_expungement-set	Print the verdict and the page digests to the log	2026-09-13T04:25:59.9497487Z       "kind": "canonical",
ky_protective_order_record_expungement-set	Print the verdict and the page digests to the log	2026-09-13T04:25:59.9497742Z       "document": "canonical.pdf",
ky_protective_order_record_expungement-set	Print the verdict and the page digests to the log	2026-09-13T04:25:59.9497992Z       "page": 1,
ky_protective_order_record_expungement-set	Print the verdict and the page digests to the log	2026-09-13T04:25:59.9498360Z       "png": "ky_protective_order_record_expungement-set/canonical/page-001.png",
ky_protective_order_record_expungement-set	Print the verdict and the page digests to the log	2026-09-13T04:25:59.9498742Z       "bytes": 439563,
ky_protective_order_record_expungement-set	Print the verdict and the page digests to the log	2026-09-13T04:25:59.9499143Z       "pngSha256": "b76f6f04b6ea95f07883505c186ae10c4073155c69dcd8a2fbc5e745a2e141a1",
ky_protective_order_record_expungement-set	Print the verdict and the page digests to the log	2026-09-13T04:25:59.9499550Z       "pngWidth": 2040,
ky_protective_order_record_expungement-set	Print the verdict and the page digests to the log	2026-09-13T04:25:59.9499822Z       "pngHeight": 2640,
ky_protective_order_record_expungement-set	Print the verdict and the page digests to the log	2026-09-13T04:25:59.9500046Z       "paper": {
ky_protective_order_record_expungement-set	Print the verdict and the page digests to the log	2026-09-13T04:25:59.9500248Z         "x0": 204,
ky_protective_order_record_expungement-set	Print the verdict and the page digests to the log	2026-09-13T04:25:59.9500450Z         "y0": 3,
ky_protective_order_record_expungement-set	Print the verdict and the page digests to the log	2026-09-13T04:25:59.9500655Z         "x1": 2243,
ky_protective_order_record_expungement-set	Print the verdict and the page digests to the log	2026-09-13T04:25:59.9500908Z         "y1": 2642,
ky_protective_order_record_expungement-set	Print the verdict and the page digests to the log	2026-09-13T04:25:59.9501172Z         "width": 2040,
ky_protective_order_record_expungement-set	Print the verdict and the page digests to the log	2026-09-13T04:25:59.9501444Z         "height": 2640
ky_protective_order_record_expungement-set	Print the verdict and the page digests to the log	2026-09-13T04:25:59.9501651Z       },
ky_protective_order_record_expungement-set	Print the verdict and the page digests to the log	2026-09-13T04:25:59.9501873Z       "pxPerPt": 3.3333333333333335,
ky_protective_order_record_expungement-set	Print the verdict and the page digests to the log	2026-09-13T04:25:59.9502171Z       "expectedPxPerPt": 3.333333333333333,
ky_protective_order_record_expungement-set	Print the verdict and the page digests to the log	2026-09-13T04:25:59.9502752Z       "pageWidthPt": 612,
ky_protective_order_record_expungement-set	Print the verdict and the page digests to the log	2026-09-13T04:25:59.9502992Z       "pageHeightPt": 792,
ky_protective_order_record_expungement-set	Print the verdict and the page digests to the log	2026-09-13T04:25:59.9503235Z       "expectedPx": {
ky_protective_order_record_expungement-set	Print the verdict and the page digests to the log	2026-09-13T04:25:59.9503478Z         "width": 2039.9999999999998,
ky_protective_order_record_expungement-set	Print the verdict and the page digests to the log	2026-09-13T04:25:59.9503747Z         "height": 2639.9999999999995,
ky_protective_order_record_expungement-set	Print the verdict and the page digests to the log	2026-09-13T04:25:59.9504037Z         "tolerancePx": 6.666666666666666
ky_protective_order_record_expungement-set	Print the verdict and the page digests to the log	2026-09-13T04:25:59.9504283Z       },
ky_protective_order_record_expungement-set	Print the verdict and the page digests to the log	2026-09-13T04:25:59.9504498Z       "calibrationResidualPx": 0,
ky_protective_order_record_expungement-set	Print the verdict and the page digests to the log	2026-09-13T04:25:59.9504808Z       "inkFractionInsidePaper": 0.053900215389185976,
ky_protective_order_record_expungement-set	Print the verdict and the page digests to the log	2026-09-13T04:25:59.9505100Z       "nonblank": true,
ky_protective_order_record_expungement-set	Print the verdict and the page digests to the log	2026-09-13T04:25:59.9505354Z       "croppedToThePage": true
ky_protective_order_record_expungement-set	Print the verdict and the page digests to the log	2026-09-13T04:25:59.9505594Z     },
ky_protective_order_record_expungement-set	Print the verdict and the page digests to the log	2026-09-13T04:25:59.9505768Z     {
ky_protective_order_record_expungement-set	Print the verdict and the page digests to the log	2026-09-13T04:25:59.9505956Z       "kind": "boundary",
ky_protective_order_record_expungement-set	Print the verdict and the page digests to the log	2026-09-13T04:25:59.9506211Z       "document": "boundary.pdf",
ky_protective_order_record_expungement-set	Print the verdict and the page digests to the log	2026-09-13T04:25:59.9506452Z       "page": 1,
ky_protective_order_record_expungement-set	Print the verdict and the page digests to the log	2026-09-13T04:25:59.9506820Z       "png": "ky_protective_order_record_expungement-set/boundary/page-001.png",
ky_protective_order_record_expungement-set	Print the verdict and the page digests to the log	2026-09-13T04:25:59.9507192Z       "bytes": 450926,
ky_protective_order_record_expungement-set	Print the verdict and the page digests to the log	2026-09-13T04:25:59.9507584Z       "pngSha256": "21c57d7d0ba26e502c9db89e7b4204cce4b5648d744a17e8c6c81b91c46db00f",
ky_protective_order_record_expungement-set	Print the verdict and the page digests to the log	2026-09-13T04:25:59.9508133Z       "pngWidth": 2040,
ky_protective_order_record_expungement-set	Print the verdict and the page digests to the log	2026-09-13T04:25:59.9508365Z       "pngHeight": 2640,
ky_protective_order_record_expungement-set	Print the verdict and the page digests to the log	2026-09-13T04:25:59.9508613Z       "paper": {
ky_protective_order_record_expungement-set	Print the verdict and the page digests to the log	2026-09-13T04:25:59.9508851Z         "x0": 204,
ky_protective_order_record_expungement-set	Print the verdict and the page digests to the log	2026-09-13T04:25:59.9509049Z         "y0": 3,
ky_protective_order_record_expungement-set	Print the verdict and the page digests to the log	2026-09-13T04:25:59.9509245Z         "x1": 2243,
ky_protective_order_record_expungement-set	Print the verdict and the page digests to the log	2026-09-13T04:25:59.9509453Z         "y1": 2642,
ky_protective_order_record_expungement-set	Print the verdict and the page digests to the log	2026-09-13T04:25:59.9509679Z         "width": 2040,
ky_protective_order_record_expungement-set	Print the verdict and the page digests to the log	2026-09-13T04:25:59.9509888Z         "height": 2640
ky_protective_order_record_expungement-set	Print the verdict and the page digests to the log	2026-09-13T04:25:59.9510216Z       },
ky_protective_order_record_expungement-set	Print the verdict and the page digests to the log	2026-09-13T04:25:59.9510538Z       "pxPerPt": 3.3333333333333335,
ky_protective_order_record_expungement-set	Print the verdict and the page digests to the log	2026-09-13T04:25:59.9511162Z       "expectedPxPerPt": 3.333333333333333,
ky_protective_order_record_expungement-set	Print the verdict and the page digests to the log	2026-09-13T04:25:59.9511523Z       "pageWidthPt": 612,
ky_protective_order_record_expungement-set	Print the verdict and the page digests to the log	2026-09-13T04:25:59.9511764Z       "pageHeightPt": 792,
ky_protective_order_record_expungement-set	Print the verdict and the page digests to the log	2026-09-13T04:25:59.9512142Z       "expectedPx": {
ky_protective_order_record_expungement-set	Print the verdict and the page digests to the log	2026-09-13T04:25:59.9512802Z         "width": 2039.9999999999998,
ky_protective_order_record_expungement-set	Print the verdict and the page digests to the log	2026-09-13T04:25:59.9513256Z         "height": 2639.9999999999995,
ky_protective_order_record_expungement-set	Print the verdict and the page digests to the log	2026-09-13T04:25:59.9513733Z         "tolerancePx": 6.666666666666666
ky_protective_order_record_expungement-set	Print the verdict and the page digests to the log	2026-09-13T04:25:59.9514312Z       },
ky_protective_order_record_expungement-set	Print the verdict and the page digests to the log	2026-09-13T04:25:59.9514681Z       "calibrationResidualPx": 0,
ky_protective_order_record_expungement-set	Print the verdict and the page digests to the log	2026-09-13T04:25:59.9515162Z       "inkFractionInsidePaper": 0.05572192513368984,
ky_protective_order_record_expungement-set	Print the verdict and the page digests to the log	2026-09-13T04:25:59.9515598Z       "nonblank": true,
ky_protective_order_record_expungement-set	Print the verdict and the page digests to the log	2026-09-13T04:25:59.9516157Z       "croppedToThePage": true
ky_protective_order_record_expungement-set	Print the verdict and the page digests to the log	2026-09-13T04:25:59.9516539Z     }
ky_protective_order_record_expungement-set	Print the verdict and the page digests to the log	2026-09-13T04:25:59.9516831Z   ],
ky_protective_order_record_expungement-set	Print the verdict and the page digests to the log	2026-09-13T04:25:59.9517128Z   "problems": [],
ky_protective_order_record_expungement-set	Print the verdict and the page digests to the log	2026-09-13T04:25:59.9517487Z   "environmentProblems": [],
ky_protective_order_record_expungement-set	Print the verdict and the page digests to the log	2026-09-13T04:25:59.9518570Z   "whatThisDoesNotDecide": "This is one gate. RASTER_PASS does not make a family PASS_COMPLETE, promotes nothing, and opens no commercial route.",
ky_protective_order_record_expungement-set	Print the verdict and the page digests to the log	2026-09-13T04:25:59.9519587Z   "packetPdfsModified": 0,
ky_protective_order_record_expungement-set	Print the verdict and the page digests to the log	2026-09-13T04:25:59.9519984Z   "bodiesCommitted": 0,
ky_protective_order_record_expungement-set	Print the verdict and the page digests to the log	2026-09-13T04:25:59.9520421Z   "commercialRoutesOpened": 0,
ky_protective_order_record_expungement-set	Print the verdict and the page digests to the log	2026-09-13T04:25:59.9520871Z   "productionTouched": false
ky_protective_order_record_expungement-set	Print the verdict and the page digests to the log	2026-09-13T04:25:59.9521255Z }
ky_protective_order_record_expungement-set	Print the verdict and the page digests to the log	2026-09-13T04:25:59.9521917Z ===== END VERDICT ky_protective_order_record_expungement-set.verdict.json =====
ky_protective_order_record_expungement-set	Print the verdict and the page digests to the log	2026-09-13T04:25:59.9522911Z ===== BEGIN PAGE DIGESTS =====
ky_protective_order_record_expungement-set	Print the verdict and the page digests to the log	2026-09-13T04:25:59.9550868Z 21c57d7d0ba26e502c9db89e7b4204cce4b5648d744a17e8c6c81b91c46db00f  raster-out/ky_protective_order_record_expungement-set/boundary/page-001.png
ky_protective_order_record_expungement-set	Print the verdict and the page digests to the log	2026-09-13T04:25:59.9554880Z 7860e3479cc9c4860be3e7b6d46ba5a0bc230609ff5cc2135b567d267214bcc1  raster-out/ky_protective_order_record_expungement-set/boundary/page-calibration.png
ky_protective_order_record_expungement-set	Print the verdict and the page digests to the log	2026-09-13T04:25:59.9558807Z b76f6f04b6ea95f07883505c186ae10c4073155c69dcd8a2fbc5e745a2e141a1  raster-out/ky_protective_order_record_expungement-set/canonical/page-001.png
ky_protective_order_record_expungement-set	Print the verdict and the page digests to the log	2026-09-13T04:25:59.9563036Z 17001bbfadcefd675a2368fed99e9a5df477c42876f7a8e7e4f18d9a631acd4d  raster-out/ky_protective_order_record_expungement-set/canonical/page-calibration.png
ky_protective_order_record_expungement-set	Print the verdict and the page digests to the log	2026-09-13T04:25:59.9566210Z ===== END PAGE DIGESTS =====
ky_protective_order_record_expungement-set	Refuse a modified packet byte	﻿2026-09-13T04:25:59.9590601Z ##[group]Run set -euo pipefail
ky_protective_order_record_expungement-set	Refuse a modified packet byte	2026-09-13T04:25:59.9590911Z ^[[36;1mset -euo pipefail^[[0m
ky_protective_order_record_expungement-set	Refuse a modified packet byte	2026-09-13T04:25:59.9591256Z ^[[36;1m# The render writes only under raster-out/. If a tracked file moved,^[[0m
ky_protective_order_record_expungement-set	Refuse a modified packet byte	2026-09-13T04:25:59.9591655Z ^[[36;1m# something wrote where it must not.^[[0m
ky_protective_order_record_expungement-set	Refuse a modified packet byte	2026-09-13T04:25:59.9591990Z ^[[36;1mgit diff --quiet && git diff --cached --quiet \^[[0m
ky_protective_order_record_expungement-set	Refuse a modified packet byte	2026-09-13T04:25:59.9592762Z ^[[36;1m  || { echo "REFUSED: the render modified tracked files"; git status --porcelain; exit 1; }^[[0m
ky_protective_order_record_expungement-set	Refuse a modified packet byte	2026-09-13T04:25:59.9614347Z shell: /usr/bin/bash -e {0}
ky_protective_order_record_expungement-set	Refuse a modified packet byte	2026-09-13T04:25:59.9614615Z env:
ky_protective_order_record_expungement-set	Refuse a modified packet byte	2026-09-13T04:25:59.9614892Z   pythonLocation: /opt/hostedtoolcache/Python/3.12.14/x64
ky_protective_order_record_expungement-set	Refuse a modified packet byte	2026-09-13T04:25:59.9615334Z   PKG_CONFIG_PATH: /opt/hostedtoolcache/Python/3.12.14/x64/lib/pkgconfig
ky_protective_order_record_expungement-set	Refuse a modified packet byte	2026-09-13T04:25:59.9615750Z   Python_ROOT_DIR: /opt/hostedtoolcache/Python/3.12.14/x64
ky_protective_order_record_expungement-set	Refuse a modified packet byte	2026-09-13T04:25:59.9616120Z   Python2_ROOT_DIR: /opt/hostedtoolcache/Python/3.12.14/x64
ky_protective_order_record_expungement-set	Refuse a modified packet byte	2026-09-13T04:25:59.9616488Z   Python3_ROOT_DIR: /opt/hostedtoolcache/Python/3.12.14/x64
ky_protective_order_record_expungement-set	Refuse a modified packet byte	2026-09-13T04:25:59.9616913Z   LD_LIBRARY_PATH: /opt/hostedtoolcache/Python/3.12.14/x64/lib
ky_protective_order_record_expungement-set	Refuse a modified packet byte	2026-09-13T04:25:59.9617303Z   PLAYWRIGHT_BROWSERS_PATH: /home/runner/.cache/ms-playwright
ky_protective_order_record_expungement-set	Refuse a modified packet byte	2026-09-13T04:25:59.9617747Z ##[endgroup]
ky_protective_order_record_expungement-set	Artifact-safe label for this family	﻿2026-09-13T04:26:00.1968576Z ##[group]Run printf 'FAMILY_SLUG=%s\n' "$(printf '%s' "$FAMILY" | tr -c 'A-Za-z0-9._-' '_')" >> "$GITHUB_ENV"
ky_protective_order_record_expungement-set	Artifact-safe label for this family	2026-09-13T04:26:00.1969759Z ^[[36;1mprintf 'FAMILY_SLUG=%s\n' "$(printf '%s' "$FAMILY" | tr -c 'A-Za-z0-9._-' '_')" >> "$GITHUB_ENV"^[[0m
ky_protective_order_record_expungement-set	Artifact-safe label for this family	2026-09-13T04:26:00.2003313Z shell: /usr/bin/bash -e {0}
ky_protective_order_record_expungement-set	Artifact-safe label for this family	2026-09-13T04:26:00.2003781Z env:
ky_protective_order_record_expungement-set	Artifact-safe label for this family	2026-09-13T04:26:00.2004260Z   pythonLocation: /opt/hostedtoolcache/Python/3.12.14/x64
ky_protective_order_record_expungement-set	Artifact-safe label for this family	2026-09-13T04:26:00.2005138Z   PKG_CONFIG_PATH: /opt/hostedtoolcache/Python/3.12.14/x64/lib/pkgconfig
ky_protective_order_record_expungement-set	Artifact-safe label for this family	2026-09-13T04:26:00.2005954Z   Python_ROOT_DIR: /opt/hostedtoolcache/Python/3.12.14/x64
ky_protective_order_record_expungement-set	Artifact-safe label for this family	2026-09-13T04:26:00.2006685Z   Python2_ROOT_DIR: /opt/hostedtoolcache/Python/3.12.14/x64
ky_protective_order_record_expungement-set	Artifact-safe label for this family	2026-09-13T04:26:00.2007420Z   Python3_ROOT_DIR: /opt/hostedtoolcache/Python/3.12.14/x64
ky_protective_order_record_expungement-set	Artifact-safe label for this family	2026-09-13T04:26:00.2008158Z   LD_LIBRARY_PATH: /opt/hostedtoolcache/Python/3.12.14/x64/lib
ky_protective_order_record_expungement-set	Artifact-safe label for this family	2026-09-13T04:26:00.2008929Z   PLAYWRIGHT_BROWSERS_PATH: /home/runner/.cache/ms-playwright
ky_protective_order_record_expungement-set	Artifact-safe label for this family	2026-09-13T04:26:00.2009672Z   FAMILY: ky_protective_order_record_expungement-set
ky_protective_order_record_expungement-set	Artifact-safe label for this family	2026-09-13T04:26:00.2010318Z ##[endgroup]
ky_protective_order_record_expungement-set	Run actions/upload-artifact@v4	﻿2026-09-13T04:26:00.2151947Z Node 20 is being deprecated. This workflow is running with Node 24 by default. If you need to temporarily use Node 20, you can set the ACTIONS_ALLOW_USE_UNSECURE_NODE_VERSION=true environment variable. For more information see: https://github.blog/changelog/2025-09-19-deprecation-of-node-20-on-github-actions-runners/
ky_protective_order_record_expungement-set	Run actions/upload-artifact@v4	2026-09-13T04:26:00.2153392Z ##[group]Run actions/upload-artifact@v4
ky_protective_order_record_expungement-set	Run actions/upload-artifact@v4	2026-09-13T04:26:00.2153666Z with:
ky_protective_order_record_expungement-set	Run actions/upload-artifact@v4	2026-09-13T04:26:00.2153962Z   name: rcap-raster-ky_protective_order_record_expungement-set-34737617513
ky_protective_order_record_expungement-set	Run actions/upload-artifact@v4	2026-09-13T04:26:00.2154335Z   path: raster-out/
ky_protective_order_record_expungement-set	Run actions/upload-artifact@v4	2026-09-13T04:26:00.2154552Z   if-no-files-found: error
ky_protective_order_record_expungement-set	Run actions/upload-artifact@v4	2026-09-13T04:26:00.2154784Z   retention-days: 14
ky_protective_order_record_expungement-set	Run actions/upload-artifact@v4	2026-09-13T04:26:00.2155003Z   compression-level: 6
ky_protective_order_record_expungement-set	Run actions/upload-artifact@v4	2026-09-13T04:26:00.2155219Z   overwrite: false
ky_protective_order_record_expungement-set	Run actions/upload-artifact@v4	2026-09-13T04:26:00.2155436Z   include-hidden-files: false
ky_protective_order_record_expungement-set	Run actions/upload-artifact@v4	2026-09-13T04:26:00.2155680Z env:
ky_protective_order_record_expungement-set	Run actions/upload-artifact@v4	2026-09-13T04:26:00.2155931Z   pythonLocation: /opt/hostedtoolcache/Python/3.12.14/x64
ky_protective_order_record_expungement-set	Run actions/upload-artifact@v4	2026-09-13T04:26:00.2156353Z   PKG_CONFIG_PATH: /opt/hostedtoolcache/Python/3.12.14/x64/lib/pkgconfig
ky_protective_order_record_expungement-set	Run actions/upload-artifact@v4	2026-09-13T04:26:00.2156805Z   Python_ROOT_DIR: /opt/hostedtoolcache/Python/3.12.14/x64
ky_protective_order_record_expungement-set	Run actions/upload-artifact@v4	2026-09-13T04:26:00.2157175Z   Python2_ROOT_DIR: /opt/hostedtoolcache/Python/3.12.14/x64
ky_protective_order_record_expungement-set	Run actions/upload-artifact@v4	2026-09-13T04:26:00.2157535Z   Python3_ROOT_DIR: /opt/hostedtoolcache/Python/3.12.14/x64
ky_protective_order_record_expungement-set	Run actions/upload-artifact@v4	2026-09-13T04:26:00.2157904Z   LD_LIBRARY_PATH: /opt/hostedtoolcache/Python/3.12.14/x64/lib
ky_protective_order_record_expungement-set	Run actions/upload-artifact@v4	2026-09-13T04:26:00.2158290Z   PLAYWRIGHT_BROWSERS_PATH: /home/runner/.cache/ms-playwright
ky_protective_order_record_expungement-set	Run actions/upload-artifact@v4	2026-09-13T04:26:00.2158677Z   FAMILY_SLUG: ky_protective_order_record_expungement-set
ky_protective_order_record_expungement-set	Run actions/upload-artifact@v4	2026-09-13T04:26:00.2158978Z ##[endgroup]
ky_protective_order_record_expungement-set	Run actions/upload-artifact@v4	2026-09-13T04:26:00.3783838Z (node:3338) [DEP0040] DeprecationWarning: The `punycode` module is deprecated. Please use a userland alternative instead.
ky_protective_order_record_expungement-set	Run actions/upload-artifact@v4	2026-09-13T04:26:00.3785209Z (Use `node --trace-deprecation ...` to show where the warning was created)
ky_protective_order_record_expungement-set	Run actions/upload-artifact@v4	2026-09-13T04:26:00.3870696Z With the provided path, there will be 10 files uploaded
ky_protective_order_record_expungement-set	Run actions/upload-artifact@v4	2026-09-13T04:26:00.3875835Z Artifact name is valid!
ky_protective_order_record_expungement-set	Run actions/upload-artifact@v4	2026-09-13T04:26:00.3876619Z Root directory input is valid!
ky_protective_order_record_expungement-set	Run actions/upload-artifact@v4	2026-09-13T04:26:00.7279307Z Beginning upload of artifact content to blob storage
ky_protective_order_record_expungement-set	Run actions/upload-artifact@v4	2026-09-13T04:26:00.8367051Z (node:3338) [DEP0169] DeprecationWarning: `url.parse()` behavior is not standardized and prone to errors that have security implications. Use the WHATWG URL API instead. CVEs are not issued for `url.parse()` vulnerabilities.
ky_protective_order_record_expungement-set	Run actions/upload-artifact@v4	2026-09-13T04:26:01.3847546Z Uploaded bytes 2333588
ky_protective_order_record_expungement-set	Run actions/upload-artifact@v4	2026-09-13T04:26:01.4473705Z Finished uploading artifact content to blob storage!
ky_protective_order_record_expungement-set	Run actions/upload-artifact@v4	2026-09-13T04:26:01.4476063Z SHA256 digest of uploaded artifact zip is 1a9d1e559c35e0815c338efe3fc7e9814b6085ae0f84547e6234506c6a1b45d6
ky_protective_order_record_expungement-set	Run actions/upload-artifact@v4	2026-09-13T04:26:01.4478068Z Finalizing artifact upload
ky_protective_order_record_expungement-set	Run actions/upload-artifact@v4	2026-09-13T04:26:01.6679707Z Artifact rcap-raster-ky_protective_order_record_expungement-set-34737617513.zip successfully finalized. Artifact ID 10311920765
ky_protective_order_record_expungement-set	Run actions/upload-artifact@v4	2026-09-13T04:26:01.6681440Z Artifact rcap-raster-ky_protective_order_record_expungement-set-34737617513 has been successfully uploaded! Final size is 2333588 bytes. Artifact ID is 10311920765
ky_protective_order_record_expungement-set	Run actions/upload-artifact@v4	2026-09-13T04:26:01.6688143Z Artifact download URL: https://github.com/Roger-LegalEase/legalease-partner-dashboard-clean/actions/runs/34737617513/artifacts/10311920765
ky_protective_order_record_expungement-set	Post Run actions/setup-python@v5	﻿2026-09-13T04:26:01.6837516Z Node 20 is being deprecated. This workflow is running with Node 24 by default. If you need to temporarily use Node 20, you can set the ACTIONS_ALLOW_USE_UNSECURE_NODE_VERSION=true environment variable. For more information see: https://github.blog/changelog/2025-09-19-deprecation-of-node-20-on-github-actions-runners/
ky_protective_order_record_expungement-set	Post Run actions/setup-python@v5	2026-09-13T04:26:01.6838673Z Post job cleanup.
ky_protective_order_record_expungement-set	Post Run actions/setup-python@v5	2026-09-13T04:26:01.8059459Z (node:3352) [DEP0040] DeprecationWarning: The `punycode` module is deprecated. Please use a userland alternative instead.
ky_protective_order_record_expungement-set	Post Run actions/setup-python@v5	2026-09-13T04:26:01.8060265Z (Use `node --trace-deprecation ...` to show where the warning was created)
ky_protective_order_record_expungement-set	Post Run actions/setup-node@v4	﻿2026-09-13T04:26:01.8216937Z Node 20 is being deprecated. This workflow is running with Node 24 by default. If you need to temporarily use Node 20, you can set the ACTIONS_ALLOW_USE_UNSECURE_NODE_VERSION=true environment variable. For more information see: https://github.blog/changelog/2025-09-19-deprecation-of-node-20-on-github-actions-runners/
ky_protective_order_record_expungement-set	Post Run actions/setup-node@v4	2026-09-13T04:26:01.8219430Z Post job cleanup.
ky_protective_order_record_expungement-set	Post Run actions/setup-node@v4	2026-09-13T04:26:01.9513510Z (node:3360) [DEP0040] DeprecationWarning: The `punycode` module is deprecated. Please use a userland alternative instead.
ky_protective_order_record_expungement-set	Post Run actions/setup-node@v4	2026-09-13T04:26:01.9514304Z (Use `node --trace-deprecation ...` to show where the warning was created)
ky_protective_order_record_expungement-set	Post Run actions/checkout@v4	﻿2026-09-13T04:26:01.9718646Z Node 20 is being deprecated. This workflow is running with Node 24 by default. If you need to temporarily use Node 20, you can set the ACTIONS_ALLOW_USE_UNSECURE_NODE_VERSION=true environment variable. For more information see: https://github.blog/changelog/2025-09-19-deprecation-of-node-20-on-github-actions-runners/
ky_protective_order_record_expungement-set	Post Run actions/checkout@v4	2026-09-13T04:26:01.9721127Z Post job cleanup.
ky_protective_order_record_expungement-set	Post Run actions/checkout@v4	2026-09-13T04:26:02.0638280Z [command]/usr/bin/git version
ky_protective_order_record_expungement-set	Post Run actions/checkout@v4	2026-09-13T04:26:02.0679160Z git version 2.55.0
ky_protective_order_record_expungement-set	Post Run actions/checkout@v4	2026-09-13T04:26:02.0717125Z Temporarily overriding HOME='/home/runner/work/_temp/9072bf01-659e-492c-8bea-dd8034f2a270' before making global git config changes
ky_protective_order_record_expungement-set	Post Run actions/checkout@v4	2026-09-13T04:26:02.0718866Z Adding repository directory to the temporary git global config as a safe directory
ky_protective_order_record_expungement-set	Post Run actions/checkout@v4	2026-09-13T04:26:02.0723711Z [command]/usr/bin/git config --global --add safe.directory /home/runner/work/legalease-partner-dashboard-clean/legalease-partner-dashboard-clean
ky_protective_order_record_expungement-set	Post Run actions/checkout@v4	2026-09-13T04:26:02.0763506Z [command]/usr/bin/git config --local --name-only --get-regexp core\.sshCommand
ky_protective_order_record_expungement-set	Post Run actions/checkout@v4	2026-09-13T04:26:02.0798643Z [command]/usr/bin/git submodule foreach --recursive sh -c "git config --local --name-only --get-regexp 'core\.sshCommand' && git config --local --unset-all 'core.sshCommand' || :"
ky_protective_order_record_expungement-set	Post Run actions/checkout@v4	2026-09-13T04:26:02.1039673Z [command]/usr/bin/git config --local --name-only --get-regexp http\.https\:\/\/github\.com\/\.extraheader
ky_protective_order_record_expungement-set	Post Run actions/checkout@v4	2026-09-13T04:26:02.1063276Z http.https://github.com/.extraheader
ky_protective_order_record_expungement-set	Post Run actions/checkout@v4	2026-09-13T04:26:02.1077628Z [command]/usr/bin/git config --local --unset-all http.https://github.com/.extraheader
ky_protective_order_record_expungement-set	Post Run actions/checkout@v4	2026-09-13T04:26:02.1114483Z [command]/usr/bin/git submodule foreach --recursive sh -c "git config --local --name-only --get-regexp 'http\.https\:\/\/github\.com\/\.extraheader' && git config --local --unset-all 'http.https://github.com/.extraheader' || :"
ky_protective_order_record_expungement-set	Post Run actions/checkout@v4	2026-09-13T04:26:02.1359885Z [command]/usr/bin/git config --local --name-only --get-regexp ^includeIf\.gitdir:
ky_protective_order_record_expungement-set	Post Run actions/checkout@v4	2026-09-13T04:26:02.1397442Z [command]/usr/bin/git submodule foreach --recursive git config --local --show-origin --name-only --get-regexp remote.origin.url
ky_protective_order_record_expungement-set	Complete job	﻿2026-09-13T04:26:02.1813446Z Cleaning up orphan processes
ky_protective_order_record_expungement-set	Complete job	2026-09-13T04:26:02.2059252Z ##[warning]Node.js 20 is deprecated. The following actions target Node.js 20 but are being forced to run on Node.js 24: actions/checkout@v4, actions/setup-node@v4, actions/setup-python@v5, actions/upload-artifact@v4. For more information see: https://github.blog/changelog/2025-09-19-deprecation-of-node-20-on-github-actions-runners/
