co_motion_seal_nonconviction-set	Set up job	﻿2026-09-12T00:02:29.2173244Z Current runner version: '2.337.0'
co_motion_seal_nonconviction-set	Set up job	2026-09-12T00:02:29.2214293Z ##[group]Runner Image Provisioner
co_motion_seal_nonconviction-set	Set up job	2026-09-12T00:02:29.2215786Z Hosted Compute Agent
co_motion_seal_nonconviction-set	Set up job	2026-09-12T00:02:29.2216850Z Version: 20260828.587
co_motion_seal_nonconviction-set	Set up job	2026-09-12T00:02:29.2217865Z Commit: abac92662cab4cc7352de4f9f9d2e2419aad9c29
co_motion_seal_nonconviction-set	Set up job	2026-09-12T00:02:29.2219150Z Build Date: 2026-08-28T16:44:25Z
co_motion_seal_nonconviction-set	Set up job	2026-09-12T00:02:29.2220347Z Worker ID: {2478804c-ad9e-4fe7-8b1d-1813515561e7}
co_motion_seal_nonconviction-set	Set up job	2026-09-12T00:02:29.2221847Z Azure Region: eastus
co_motion_seal_nonconviction-set	Set up job	2026-09-12T00:02:29.2223447Z ##[endgroup]
co_motion_seal_nonconviction-set	Set up job	2026-09-12T00:02:29.2225920Z ##[group]Operating System
co_motion_seal_nonconviction-set	Set up job	2026-09-12T00:02:29.2226937Z Ubuntu
co_motion_seal_nonconviction-set	Set up job	2026-09-12T00:02:29.2227851Z 24.04.5
co_motion_seal_nonconviction-set	Set up job	2026-09-12T00:02:29.2228717Z LTS
co_motion_seal_nonconviction-set	Set up job	2026-09-12T00:02:29.2229715Z ##[endgroup]
co_motion_seal_nonconviction-set	Set up job	2026-09-12T00:02:29.2230651Z ##[group]Runner Image
co_motion_seal_nonconviction-set	Set up job	2026-09-12T00:02:29.2231859Z Image: ubuntu-24.04
co_motion_seal_nonconviction-set	Set up job	2026-09-12T00:02:29.2232898Z Version: 20260907.300.1
co_motion_seal_nonconviction-set	Set up job	2026-09-12T00:02:29.2234757Z Included Software: https://github.com/actions/runner-images/blob/ubuntu24/20260907.300/images/ubuntu/Ubuntu2404-Readme.md
co_motion_seal_nonconviction-set	Set up job	2026-09-12T00:02:29.2237818Z Image Release: https://github.com/actions/runner-images/releases/tag/ubuntu24%2F20260907.300
co_motion_seal_nonconviction-set	Set up job	2026-09-12T00:02:29.2239559Z ##[endgroup]
co_motion_seal_nonconviction-set	Set up job	2026-09-12T00:02:29.2241647Z ##[group]GITHUB_TOKEN Permissions
co_motion_seal_nonconviction-set	Set up job	2026-09-12T00:02:29.2245049Z Contents: read
co_motion_seal_nonconviction-set	Set up job	2026-09-12T00:02:29.2246025Z Metadata: read
co_motion_seal_nonconviction-set	Set up job	2026-09-12T00:02:29.2246887Z ##[endgroup]
co_motion_seal_nonconviction-set	Set up job	2026-09-12T00:02:29.2250206Z Secret source: Actions
co_motion_seal_nonconviction-set	Set up job	2026-09-12T00:02:29.2252015Z Cache mode: write
co_motion_seal_nonconviction-set	Set up job	2026-09-12T00:02:29.2253547Z Prepare workflow directory
co_motion_seal_nonconviction-set	Set up job	2026-09-12T00:02:29.2738894Z Prepare all required actions
co_motion_seal_nonconviction-set	Set up job	2026-09-12T00:02:29.2811285Z Getting action download info
co_motion_seal_nonconviction-set	Set up job	2026-09-12T00:02:29.4886511Z Download action repository 'actions/checkout@v4' (SHA:11d5960a326750d5838078e36cf38b85af677262)
co_motion_seal_nonconviction-set	Set up job	2026-09-12T00:02:29.6023795Z Download action repository 'actions/setup-node@v4' (SHA:49933ea5288caeca8642d1e84afbd3f7d6820020)
co_motion_seal_nonconviction-set	Set up job	2026-09-12T00:02:29.6923734Z Download action repository 'actions/setup-python@v5' (SHA:a26af69be951a213d495a4c3e4e4022e16d87065)
co_motion_seal_nonconviction-set	Set up job	2026-09-12T00:02:29.7741525Z Download action repository 'actions/upload-artifact@v4' (SHA:ea165f8d65b6e75b540449e92b4886f43607fa02)
co_motion_seal_nonconviction-set	Set up job	2026-09-12T00:02:30.0076488Z Complete job name: co_motion_seal_nonconviction-set
co_motion_seal_nonconviction-set	Run actions/checkout@v4	﻿2026-09-12T00:02:30.0846764Z Node 20 is being deprecated. This workflow is running with Node 24 by default. If you need to temporarily use Node 20, you can set the ACTIONS_ALLOW_USE_UNSECURE_NODE_VERSION=true environment variable. For more information see: https://github.blog/changelog/2025-09-19-deprecation-of-node-20-on-github-actions-runners/
co_motion_seal_nonconviction-set	Run actions/checkout@v4	2026-09-12T00:02:30.0856025Z ##[group]Run actions/checkout@v4
co_motion_seal_nonconviction-set	Run actions/checkout@v4	2026-09-12T00:02:30.0856796Z with:
co_motion_seal_nonconviction-set	Run actions/checkout@v4	2026-09-12T00:02:30.0857270Z   ref: dd9c56c41826105b8f3bc98d24c38d1f8263b020
co_motion_seal_nonconviction-set	Run actions/checkout@v4	2026-09-12T00:02:30.0858007Z   repository: Roger-LegalEase/legalease-partner-dashboard-clean
co_motion_seal_nonconviction-set	Run actions/checkout@v4	2026-09-12T00:02:30.0862430Z   token: ***
co_motion_seal_nonconviction-set	Run actions/checkout@v4	2026-09-12T00:02:30.0862854Z   ssh-strict: true
co_motion_seal_nonconviction-set	Run actions/checkout@v4	2026-09-12T00:02:30.0863279Z   ssh-user: git
co_motion_seal_nonconviction-set	Run actions/checkout@v4	2026-09-12T00:02:30.0863715Z   persist-credentials: true
co_motion_seal_nonconviction-set	Run actions/checkout@v4	2026-09-12T00:02:30.0864221Z   clean: true
co_motion_seal_nonconviction-set	Run actions/checkout@v4	2026-09-12T00:02:30.0864653Z   sparse-checkout-cone-mode: true
co_motion_seal_nonconviction-set	Run actions/checkout@v4	2026-09-12T00:02:30.0865158Z   fetch-depth: 1
co_motion_seal_nonconviction-set	Run actions/checkout@v4	2026-09-12T00:02:30.0865571Z   fetch-tags: false
co_motion_seal_nonconviction-set	Run actions/checkout@v4	2026-09-12T00:02:30.0866001Z   show-progress: true
co_motion_seal_nonconviction-set	Run actions/checkout@v4	2026-09-12T00:02:30.0866476Z   lfs: false
co_motion_seal_nonconviction-set	Run actions/checkout@v4	2026-09-12T00:02:30.0866882Z   submodules: false
co_motion_seal_nonconviction-set	Run actions/checkout@v4	2026-09-12T00:02:30.0867319Z   set-safe-directory: true
co_motion_seal_nonconviction-set	Run actions/checkout@v4	2026-09-12T00:02:30.0867819Z   allow-unsafe-pr-checkout: false
co_motion_seal_nonconviction-set	Run actions/checkout@v4	2026-09-12T00:02:30.0868620Z ##[endgroup]
co_motion_seal_nonconviction-set	Run actions/checkout@v4	2026-09-12T00:02:30.1944605Z Syncing repository: Roger-LegalEase/legalease-partner-dashboard-clean
co_motion_seal_nonconviction-set	Run actions/checkout@v4	2026-09-12T00:02:30.1947765Z ##[group]Getting Git version info
co_motion_seal_nonconviction-set	Run actions/checkout@v4	2026-09-12T00:02:30.1949610Z Working directory is '/home/runner/work/legalease-partner-dashboard-clean/legalease-partner-dashboard-clean'
co_motion_seal_nonconviction-set	Run actions/checkout@v4	2026-09-12T00:02:30.1952314Z [command]/usr/bin/git version
co_motion_seal_nonconviction-set	Run actions/checkout@v4	2026-09-12T00:02:30.2072738Z git version 2.55.0
co_motion_seal_nonconviction-set	Run actions/checkout@v4	2026-09-12T00:02:30.2092828Z ##[endgroup]
co_motion_seal_nonconviction-set	Run actions/checkout@v4	2026-09-12T00:02:30.2118868Z Temporarily overriding HOME='/home/runner/work/_temp/40ded1d3-7d70-414d-a3c2-4246ce15545f' before making global git config changes
co_motion_seal_nonconviction-set	Run actions/checkout@v4	2026-09-12T00:02:30.2122047Z Adding repository directory to the temporary git global config as a safe directory
co_motion_seal_nonconviction-set	Run actions/checkout@v4	2026-09-12T00:02:30.2126619Z [command]/usr/bin/git config --global --add safe.directory /home/runner/work/legalease-partner-dashboard-clean/legalease-partner-dashboard-clean
co_motion_seal_nonconviction-set	Run actions/checkout@v4	2026-09-12T00:02:30.2212190Z Deleting the contents of '/home/runner/work/legalease-partner-dashboard-clean/legalease-partner-dashboard-clean'
co_motion_seal_nonconviction-set	Run actions/checkout@v4	2026-09-12T00:02:30.2218872Z ##[group]Initializing the repository
co_motion_seal_nonconviction-set	Run actions/checkout@v4	2026-09-12T00:02:30.2239287Z [command]/usr/bin/git init /home/runner/work/legalease-partner-dashboard-clean/legalease-partner-dashboard-clean
co_motion_seal_nonconviction-set	Run actions/checkout@v4	2026-09-12T00:02:30.2419012Z hint: Using 'master' as the name for the initial branch. This default branch name
co_motion_seal_nonconviction-set	Run actions/checkout@v4	2026-09-12T00:02:30.2420927Z hint: will change to "main" in Git 3.0. To configure the initial branch name
co_motion_seal_nonconviction-set	Run actions/checkout@v4	2026-09-12T00:02:30.2425665Z hint: to use in all of your new repositories, which will suppress this warning,
co_motion_seal_nonconviction-set	Run actions/checkout@v4	2026-09-12T00:02:30.2428192Z hint: call:
co_motion_seal_nonconviction-set	Run actions/checkout@v4	2026-09-12T00:02:30.2429074Z hint:
co_motion_seal_nonconviction-set	Run actions/checkout@v4	2026-09-12T00:02:30.2429996Z hint: 	git config --global init.defaultBranch <name>
co_motion_seal_nonconviction-set	Run actions/checkout@v4	2026-09-12T00:02:30.2431375Z hint:
co_motion_seal_nonconviction-set	Run actions/checkout@v4	2026-09-12T00:02:30.2432513Z hint: Names commonly chosen instead of 'master' are 'main', 'trunk' and
co_motion_seal_nonconviction-set	Run actions/checkout@v4	2026-09-12T00:02:30.2434272Z hint: 'development'. The just-created branch can be renamed via this command:
co_motion_seal_nonconviction-set	Run actions/checkout@v4	2026-09-12T00:02:30.2435633Z hint:
co_motion_seal_nonconviction-set	Run actions/checkout@v4	2026-09-12T00:02:30.2437168Z hint: 	git branch -m <name>
co_motion_seal_nonconviction-set	Run actions/checkout@v4	2026-09-12T00:02:30.2438092Z hint:
co_motion_seal_nonconviction-set	Run actions/checkout@v4	2026-09-12T00:02:30.2439330Z hint: Disable this message with "git config set advice.defaultBranchName false"
co_motion_seal_nonconviction-set	Run actions/checkout@v4	2026-09-12T00:02:30.2442071Z Initialized empty Git repository in /home/runner/work/legalease-partner-dashboard-clean/legalease-partner-dashboard-clean/.git/
co_motion_seal_nonconviction-set	Run actions/checkout@v4	2026-09-12T00:02:30.2445455Z [command]/usr/bin/git remote add origin https://github.com/Roger-LegalEase/legalease-partner-dashboard-clean
co_motion_seal_nonconviction-set	Run actions/checkout@v4	2026-09-12T00:02:30.2524570Z ##[endgroup]
co_motion_seal_nonconviction-set	Run actions/checkout@v4	2026-09-12T00:02:30.2525935Z ##[group]Disabling automatic garbage collection
co_motion_seal_nonconviction-set	Run actions/checkout@v4	2026-09-12T00:02:30.2527130Z [command]/usr/bin/git config --local gc.auto 0
co_motion_seal_nonconviction-set	Run actions/checkout@v4	2026-09-12T00:02:30.2569958Z ##[endgroup]
co_motion_seal_nonconviction-set	Run actions/checkout@v4	2026-09-12T00:02:30.2571728Z ##[group]Setting up auth
co_motion_seal_nonconviction-set	Run actions/checkout@v4	2026-09-12T00:02:30.2581795Z [command]/usr/bin/git config --local --name-only --get-regexp core\.sshCommand
co_motion_seal_nonconviction-set	Run actions/checkout@v4	2026-09-12T00:02:30.2659266Z [command]/usr/bin/git submodule foreach --recursive sh -c "git config --local --name-only --get-regexp 'core\.sshCommand' && git config --local --unset-all 'core.sshCommand' || :"
co_motion_seal_nonconviction-set	Run actions/checkout@v4	2026-09-12T00:02:30.3075945Z [command]/usr/bin/git config --local --name-only --get-regexp http\.https\:\/\/github\.com\/\.extraheader
co_motion_seal_nonconviction-set	Run actions/checkout@v4	2026-09-12T00:02:30.3120108Z [command]/usr/bin/git submodule foreach --recursive sh -c "git config --local --name-only --get-regexp 'http\.https\:\/\/github\.com\/\.extraheader' && git config --local --unset-all 'http.https://github.com/.extraheader' || :"
co_motion_seal_nonconviction-set	Run actions/checkout@v4	2026-09-12T00:02:30.3382023Z [command]/usr/bin/git config --local --name-only --get-regexp ^includeIf\.gitdir:
co_motion_seal_nonconviction-set	Run actions/checkout@v4	2026-09-12T00:02:30.3422546Z [command]/usr/bin/git submodule foreach --recursive git config --local --show-origin --name-only --get-regexp remote.origin.url
co_motion_seal_nonconviction-set	Run actions/checkout@v4	2026-09-12T00:02:30.3663682Z [command]/usr/bin/git config --local http.https://github.com/.extraheader AUTHORIZATION: basic ***
co_motion_seal_nonconviction-set	Run actions/checkout@v4	2026-09-12T00:02:30.3706369Z ##[endgroup]
co_motion_seal_nonconviction-set	Run actions/checkout@v4	2026-09-12T00:02:30.3708045Z ##[group]Fetching the repository
co_motion_seal_nonconviction-set	Run actions/checkout@v4	2026-09-12T00:02:30.3718546Z [command]/usr/bin/git -c protocol.version=2 fetch --no-tags --prune --no-recurse-submodules --depth=1 origin dd9c56c41826105b8f3bc98d24c38d1f8263b020
co_motion_seal_nonconviction-set	Run actions/checkout@v4	2026-09-12T00:03:23.9001030Z From https://github.com/Roger-LegalEase/legalease-partner-dashboard-clean
co_motion_seal_nonconviction-set	Run actions/checkout@v4	2026-09-12T00:03:23.9009607Z  * branch              dd9c56c41826105b8f3bc98d24c38d1f8263b020 -> FETCH_HEAD
co_motion_seal_nonconviction-set	Run actions/checkout@v4	2026-09-12T00:03:23.9012218Z ##[endgroup]
co_motion_seal_nonconviction-set	Run actions/checkout@v4	2026-09-12T00:03:23.9013115Z ##[group]Determining the checkout info
co_motion_seal_nonconviction-set	Run actions/checkout@v4	2026-09-12T00:03:23.9014020Z ##[endgroup]
co_motion_seal_nonconviction-set	Run actions/checkout@v4	2026-09-12T00:03:23.9016229Z [command]/usr/bin/git sparse-checkout disable
co_motion_seal_nonconviction-set	Run actions/checkout@v4	2026-09-12T00:03:23.9081440Z [command]/usr/bin/git config --local --unset-all extensions.worktreeConfig
co_motion_seal_nonconviction-set	Run actions/checkout@v4	2026-09-12T00:03:23.9118211Z ##[group]Checking out the ref
co_motion_seal_nonconviction-set	Run actions/checkout@v4	2026-09-12T00:03:23.9123686Z [command]/usr/bin/git checkout --progress --force dd9c56c41826105b8f3bc98d24c38d1f8263b020
co_motion_seal_nonconviction-set	Run actions/checkout@v4	2026-09-12T00:03:24.9751384Z Updating files:  12% (3061/23703)
co_motion_seal_nonconviction-set	Run actions/checkout@v4	2026-09-12T00:03:25.0266374Z Updating files:  13% (3082/23703)
co_motion_seal_nonconviction-set	Run actions/checkout@v4	2026-09-12T00:03:25.0915812Z Updating files:  14% (3319/23703)
co_motion_seal_nonconviction-set	Run actions/checkout@v4	2026-09-12T00:03:25.1755372Z Updating files:  15% (3556/23703)
co_motion_seal_nonconviction-set	Run actions/checkout@v4	2026-09-12T00:03:25.2412513Z Updating files:  16% (3793/23703)
co_motion_seal_nonconviction-set	Run actions/checkout@v4	2026-09-12T00:03:25.3159846Z Updating files:  17% (4030/23703)
co_motion_seal_nonconviction-set	Run actions/checkout@v4	2026-09-12T00:03:25.4270043Z Updating files:  18% (4267/23703)
co_motion_seal_nonconviction-set	Run actions/checkout@v4	2026-09-12T00:03:25.5797317Z Updating files:  19% (4504/23703)
co_motion_seal_nonconviction-set	Run actions/checkout@v4	2026-09-12T00:03:25.6980624Z Updating files:  20% (4741/23703)
co_motion_seal_nonconviction-set	Run actions/checkout@v4	2026-09-12T00:03:25.8517073Z Updating files:  21% (4978/23703)
co_motion_seal_nonconviction-set	Run actions/checkout@v4	2026-09-12T00:03:25.9572643Z Updating files:  22% (5215/23703)
co_motion_seal_nonconviction-set	Run actions/checkout@v4	2026-09-12T00:03:25.9722510Z Updating files:  23% (5452/23703)
co_motion_seal_nonconviction-set	Run actions/checkout@v4	2026-09-12T00:03:26.0095171Z Updating files:  23% (5560/23703)
co_motion_seal_nonconviction-set	Run actions/checkout@v4	2026-09-12T00:03:26.0855252Z Updating files:  24% (5689/23703)
co_motion_seal_nonconviction-set	Run actions/checkout@v4	2026-09-12T00:03:26.1644258Z Updating files:  25% (5926/23703)
co_motion_seal_nonconviction-set	Run actions/checkout@v4	2026-09-12T00:03:26.2648851Z Updating files:  26% (6163/23703)
co_motion_seal_nonconviction-set	Run actions/checkout@v4	2026-09-12T00:03:26.3420487Z Updating files:  27% (6400/23703)
co_motion_seal_nonconviction-set	Run actions/checkout@v4	2026-09-12T00:03:26.5624611Z Updating files:  28% (6637/23703)
co_motion_seal_nonconviction-set	Run actions/checkout@v4	2026-09-12T00:03:26.6892025Z Updating files:  29% (6874/23703)
co_motion_seal_nonconviction-set	Run actions/checkout@v4	2026-09-12T00:03:26.8170494Z Updating files:  30% (7111/23703)
co_motion_seal_nonconviction-set	Run actions/checkout@v4	2026-09-12T00:03:26.9264168Z Updating files:  31% (7348/23703)
co_motion_seal_nonconviction-set	Run actions/checkout@v4	2026-09-12T00:03:26.9722701Z Updating files:  32% (7585/23703)
co_motion_seal_nonconviction-set	Run actions/checkout@v4	2026-09-12T00:03:26.9729847Z Updating files:  32% (7817/23703)
co_motion_seal_nonconviction-set	Run actions/checkout@v4	2026-09-12T00:03:27.0499811Z Updating files:  33% (7822/23703)
co_motion_seal_nonconviction-set	Run actions/checkout@v4	2026-09-12T00:03:27.1351923Z Updating files:  34% (8060/23703)
co_motion_seal_nonconviction-set	Run actions/checkout@v4	2026-09-12T00:03:27.1721487Z Updating files:  35% (8297/23703)
co_motion_seal_nonconviction-set	Run actions/checkout@v4	2026-09-12T00:03:27.2065666Z Updating files:  36% (8534/23703)
co_motion_seal_nonconviction-set	Run actions/checkout@v4	2026-09-12T00:03:27.2656568Z Updating files:  37% (8771/23703)
co_motion_seal_nonconviction-set	Run actions/checkout@v4	2026-09-12T00:03:27.3536618Z Updating files:  38% (9008/23703)
co_motion_seal_nonconviction-set	Run actions/checkout@v4	2026-09-12T00:03:27.3849285Z Updating files:  39% (9245/23703)
co_motion_seal_nonconviction-set	Run actions/checkout@v4	2026-09-12T00:03:27.4203295Z Updating files:  40% (9482/23703)
co_motion_seal_nonconviction-set	Run actions/checkout@v4	2026-09-12T00:03:27.4522859Z Updating files:  41% (9719/23703)
co_motion_seal_nonconviction-set	Run actions/checkout@v4	2026-09-12T00:03:27.4708460Z Updating files:  42% (9956/23703)
co_motion_seal_nonconviction-set	Run actions/checkout@v4	2026-09-12T00:03:27.4876764Z Updating files:  43% (10193/23703)
co_motion_seal_nonconviction-set	Run actions/checkout@v4	2026-09-12T00:03:27.5190811Z Updating files:  44% (10430/23703)
co_motion_seal_nonconviction-set	Run actions/checkout@v4	2026-09-12T00:03:27.5598832Z Updating files:  45% (10667/23703)
co_motion_seal_nonconviction-set	Run actions/checkout@v4	2026-09-12T00:03:27.5766139Z Updating files:  46% (10904/23703)
co_motion_seal_nonconviction-set	Run actions/checkout@v4	2026-09-12T00:03:27.8996003Z Updating files:  47% (11141/23703)
co_motion_seal_nonconviction-set	Run actions/checkout@v4	2026-09-12T00:03:27.9140226Z Updating files:  48% (11378/23703)
co_motion_seal_nonconviction-set	Run actions/checkout@v4	2026-09-12T00:03:27.9492260Z Updating files:  49% (11615/23703)
co_motion_seal_nonconviction-set	Run actions/checkout@v4	2026-09-12T00:03:27.9685652Z Updating files:  50% (11852/23703)
co_motion_seal_nonconviction-set	Run actions/checkout@v4	2026-09-12T00:03:27.9721625Z Updating files:  51% (12089/23703)
co_motion_seal_nonconviction-set	Run actions/checkout@v4	2026-09-12T00:03:27.9844309Z Updating files:  51% (12161/23703)
co_motion_seal_nonconviction-set	Run actions/checkout@v4	2026-09-12T00:03:28.0017176Z Updating files:  52% (12326/23703)
co_motion_seal_nonconviction-set	Run actions/checkout@v4	2026-09-12T00:03:28.0624136Z Updating files:  53% (12563/23703)
co_motion_seal_nonconviction-set	Run actions/checkout@v4	2026-09-12T00:03:28.1563273Z Updating files:  54% (12800/23703)
co_motion_seal_nonconviction-set	Run actions/checkout@v4	2026-09-12T00:03:28.1889532Z Updating files:  55% (13037/23703)
co_motion_seal_nonconviction-set	Run actions/checkout@v4	2026-09-12T00:03:28.2406617Z Updating files:  56% (13274/23703)
co_motion_seal_nonconviction-set	Run actions/checkout@v4	2026-09-12T00:03:28.2686392Z Updating files:  57% (13511/23703)
co_motion_seal_nonconviction-set	Run actions/checkout@v4	2026-09-12T00:03:28.3212180Z Updating files:  58% (13748/23703)
co_motion_seal_nonconviction-set	Run actions/checkout@v4	2026-09-12T00:03:28.3508907Z Updating files:  59% (13985/23703)
co_motion_seal_nonconviction-set	Run actions/checkout@v4	2026-09-12T00:03:28.4240560Z Updating files:  60% (14222/23703)
co_motion_seal_nonconviction-set	Run actions/checkout@v4	2026-09-12T00:03:28.5382248Z Updating files:  61% (14459/23703)
co_motion_seal_nonconviction-set	Run actions/checkout@v4	2026-09-12T00:03:28.5772581Z Updating files:  62% (14696/23703)
co_motion_seal_nonconviction-set	Run actions/checkout@v4	2026-09-12T00:03:28.6255419Z Updating files:  63% (14933/23703)
co_motion_seal_nonconviction-set	Run actions/checkout@v4	2026-09-12T00:03:28.7725159Z Updating files:  64% (15170/23703)
co_motion_seal_nonconviction-set	Run actions/checkout@v4	2026-09-12T00:03:28.9724311Z Updating files:  65% (15407/23703)
co_motion_seal_nonconviction-set	Run actions/checkout@v4	2026-09-12T00:03:29.1024409Z Updating files:  65% (15547/23703)
co_motion_seal_nonconviction-set	Run actions/checkout@v4	2026-09-12T00:03:29.4112828Z Updating files:  66% (15644/23703)
co_motion_seal_nonconviction-set	Run actions/checkout@v4	2026-09-12T00:03:29.4411565Z Updating files:  67% (15882/23703)
co_motion_seal_nonconviction-set	Run actions/checkout@v4	2026-09-12T00:03:29.4969466Z Updating files:  68% (16119/23703)
co_motion_seal_nonconviction-set	Run actions/checkout@v4	2026-09-12T00:03:29.6357088Z Updating files:  69% (16356/23703)
co_motion_seal_nonconviction-set	Run actions/checkout@v4	2026-09-12T00:03:29.7011242Z Updating files:  70% (16593/23703)
co_motion_seal_nonconviction-set	Run actions/checkout@v4	2026-09-12T00:03:29.7282198Z Updating files:  71% (16830/23703)
co_motion_seal_nonconviction-set	Run actions/checkout@v4	2026-09-12T00:03:29.7828313Z Updating files:  72% (17067/23703)
co_motion_seal_nonconviction-set	Run actions/checkout@v4	2026-09-12T00:03:29.8937466Z Updating files:  73% (17304/23703)
co_motion_seal_nonconviction-set	Run actions/checkout@v4	2026-09-12T00:03:29.9724739Z Updating files:  74% (17541/23703)
co_motion_seal_nonconviction-set	Run actions/checkout@v4	2026-09-12T00:03:30.0838899Z Updating files:  74% (17558/23703)
co_motion_seal_nonconviction-set	Run actions/checkout@v4	2026-09-12T00:03:30.1078022Z Updating files:  75% (17778/23703)
co_motion_seal_nonconviction-set	Run actions/checkout@v4	2026-09-12T00:03:30.1276056Z Updating files:  76% (18015/23703)
co_motion_seal_nonconviction-set	Run actions/checkout@v4	2026-09-12T00:03:30.1370528Z Updating files:  77% (18252/23703)
co_motion_seal_nonconviction-set	Run actions/checkout@v4	2026-09-12T00:03:30.1526574Z Updating files:  78% (18489/23703)
co_motion_seal_nonconviction-set	Run actions/checkout@v4	2026-09-12T00:03:30.3085280Z Updating files:  79% (18726/23703)
co_motion_seal_nonconviction-set	Run actions/checkout@v4	2026-09-12T00:03:30.4420188Z Updating files:  80% (18963/23703)
co_motion_seal_nonconviction-set	Run actions/checkout@v4	2026-09-12T00:03:30.5448111Z Updating files:  81% (19200/23703)
co_motion_seal_nonconviction-set	Run actions/checkout@v4	2026-09-12T00:03:30.5948840Z Updating files:  82% (19437/23703)
co_motion_seal_nonconviction-set	Run actions/checkout@v4	2026-09-12T00:03:30.6195092Z Updating files:  83% (19674/23703)
co_motion_seal_nonconviction-set	Run actions/checkout@v4	2026-09-12T00:03:30.6442592Z Updating files:  84% (19911/23703)
co_motion_seal_nonconviction-set	Run actions/checkout@v4	2026-09-12T00:03:30.6643152Z Updating files:  85% (20148/23703)
co_motion_seal_nonconviction-set	Run actions/checkout@v4	2026-09-12T00:03:30.6849397Z Updating files:  86% (20385/23703)
co_motion_seal_nonconviction-set	Run actions/checkout@v4	2026-09-12T00:03:30.7083926Z Updating files:  87% (20622/23703)
co_motion_seal_nonconviction-set	Run actions/checkout@v4	2026-09-12T00:03:30.7301527Z Updating files:  88% (20859/23703)
co_motion_seal_nonconviction-set	Run actions/checkout@v4	2026-09-12T00:03:30.7533293Z Updating files:  89% (21096/23703)
co_motion_seal_nonconviction-set	Run actions/checkout@v4	2026-09-12T00:03:30.7886526Z Updating files:  90% (21333/23703)
co_motion_seal_nonconviction-set	Run actions/checkout@v4	2026-09-12T00:03:30.8063139Z Updating files:  91% (21570/23703)
co_motion_seal_nonconviction-set	Run actions/checkout@v4	2026-09-12T00:03:30.8185567Z Updating files:  92% (21807/23703)
co_motion_seal_nonconviction-set	Run actions/checkout@v4	2026-09-12T00:03:30.8920963Z Updating files:  93% (22044/23703)
co_motion_seal_nonconviction-set	Run actions/checkout@v4	2026-09-12T00:03:30.9729681Z Updating files:  94% (22281/23703)
co_motion_seal_nonconviction-set	Run actions/checkout@v4	2026-09-12T00:03:31.1155883Z Updating files:  94% (22363/23703)
co_motion_seal_nonconviction-set	Run actions/checkout@v4	2026-09-12T00:03:31.1596377Z Updating files:  95% (22518/23703)
co_motion_seal_nonconviction-set	Run actions/checkout@v4	2026-09-12T00:03:31.2145558Z Updating files:  96% (22755/23703)
co_motion_seal_nonconviction-set	Run actions/checkout@v4	2026-09-12T00:03:31.2794314Z Updating files:  97% (22992/23703)
co_motion_seal_nonconviction-set	Run actions/checkout@v4	2026-09-12T00:03:31.3371067Z Updating files:  98% (23229/23703)
co_motion_seal_nonconviction-set	Run actions/checkout@v4	2026-09-12T00:03:31.3836995Z Updating files:  99% (23466/23703)
co_motion_seal_nonconviction-set	Run actions/checkout@v4	2026-09-12T00:03:31.3838131Z Updating files: 100% (23703/23703)
co_motion_seal_nonconviction-set	Run actions/checkout@v4	2026-09-12T00:03:31.3838627Z Updating files: 100% (23703/23703), done.
co_motion_seal_nonconviction-set	Run actions/checkout@v4	2026-09-12T00:03:31.4147563Z Note: switching to 'dd9c56c41826105b8f3bc98d24c38d1f8263b020'.
co_motion_seal_nonconviction-set	Run actions/checkout@v4	2026-09-12T00:03:31.4148128Z 
co_motion_seal_nonconviction-set	Run actions/checkout@v4	2026-09-12T00:03:31.4148451Z You are in 'detached HEAD' state. You can look around, make experimental
co_motion_seal_nonconviction-set	Run actions/checkout@v4	2026-09-12T00:03:31.4149241Z changes and commit them, and you can discard any commits you make in this
co_motion_seal_nonconviction-set	Run actions/checkout@v4	2026-09-12T00:03:31.4150005Z state without impacting any branches by switching back to a branch.
co_motion_seal_nonconviction-set	Run actions/checkout@v4	2026-09-12T00:03:31.4150451Z 
co_motion_seal_nonconviction-set	Run actions/checkout@v4	2026-09-12T00:03:31.4150749Z If you want to create a new branch to retain commits you create, you may
co_motion_seal_nonconviction-set	Run actions/checkout@v4	2026-09-12T00:03:31.4151831Z do so (now or later) by using -c with the switch command. Example:
co_motion_seal_nonconviction-set	Run actions/checkout@v4	2026-09-12T00:03:31.4152262Z 
co_motion_seal_nonconviction-set	Run actions/checkout@v4	2026-09-12T00:03:31.4152428Z   git switch -c <new-branch-name>
co_motion_seal_nonconviction-set	Run actions/checkout@v4	2026-09-12T00:03:31.4152704Z 
co_motion_seal_nonconviction-set	Run actions/checkout@v4	2026-09-12T00:03:31.4152890Z Or undo this operation with:
co_motion_seal_nonconviction-set	Run actions/checkout@v4	2026-09-12T00:03:31.4153148Z 
co_motion_seal_nonconviction-set	Run actions/checkout@v4	2026-09-12T00:03:31.4153279Z   git switch -
co_motion_seal_nonconviction-set	Run actions/checkout@v4	2026-09-12T00:03:31.4153472Z 
co_motion_seal_nonconviction-set	Run actions/checkout@v4	2026-09-12T00:03:31.4153813Z Turn off this advice by setting config variable advice.detachedHead to false
co_motion_seal_nonconviction-set	Run actions/checkout@v4	2026-09-12T00:03:31.4154327Z 
co_motion_seal_nonconviction-set	Run actions/checkout@v4	2026-09-12T00:03:31.4154751Z HEAD is now at dd9c56c4 fix: rebuild Colorado sealing packets with complete current form sets
co_motion_seal_nonconviction-set	Run actions/checkout@v4	2026-09-12T00:03:31.4367740Z ##[endgroup]
co_motion_seal_nonconviction-set	Run actions/checkout@v4	2026-09-12T00:03:31.4427600Z [command]/usr/bin/git log -1 --format=%H
co_motion_seal_nonconviction-set	Run actions/checkout@v4	2026-09-12T00:03:31.4459434Z dd9c56c41826105b8f3bc98d24c38d1f8263b020
co_motion_seal_nonconviction-set	Refuse a movable ref and prove the checkout is the pinned commit	﻿2026-09-12T00:03:31.4684392Z ##[group]Run set -euo pipefail
co_motion_seal_nonconviction-set	Refuse a movable ref and prove the checkout is the pinned commit	2026-09-12T00:03:31.4684803Z ^[[36;1mset -euo pipefail^[[0m
co_motion_seal_nonconviction-set	Refuse a movable ref and prove the checkout is the pinned commit	2026-09-12T00:03:31.4685176Z ^[[36;1m# actions/checkout accepts a branch or tag here despite the input^[[0m
co_motion_seal_nonconviction-set	Refuse a movable ref and prove the checkout is the pinned commit	2026-09-12T00:03:31.4685705Z ^[[36;1m# description. Three jobs resolve this ref independently, so a branch^[[0m
co_motion_seal_nonconviction-set	Refuse a movable ref and prove the checkout is the pinned commit	2026-09-12T00:03:31.4686216Z ^[[36;1m# that moves mid-run would have them inspect different commits while^[[0m
co_motion_seal_nonconviction-set	Refuse a movable ref and prove the checkout is the pinned commit	2026-09-12T00:03:31.4686883Z ^[[36;1m# every receipt recorded the literal branch name as the pin. An^[[0m
co_motion_seal_nonconviction-set	Refuse a movable ref and prove the checkout is the pinned commit	2026-09-12T00:03:31.4687397Z ^[[36;1m# immutable 40-hex commit, verified against the checked-out HEAD, is^[[0m
co_motion_seal_nonconviction-set	Refuse a movable ref and prove the checkout is the pinned commit	2026-09-12T00:03:31.4687849Z ^[[36;1m# the only input that makes a receipt findable again.^[[0m
co_motion_seal_nonconviction-set	Refuse a movable ref and prove the checkout is the pinned commit	2026-09-12T00:03:31.4688174Z ^[[36;1mcase "$REF" in^[[0m
co_motion_seal_nonconviction-set	Refuse a movable ref and prove the checkout is the pinned commit	2026-09-12T00:03:31.4688620Z ^[[36;1m  *[!0-9a-f]* | "") echo "REFUSED: commit_sha must be a full 40-character commit hash, got '$REF'"; exit 1;;^[[0m
co_motion_seal_nonconviction-set	Refuse a movable ref and prove the checkout is the pinned commit	2026-09-12T00:03:31.4689095Z ^[[36;1mesac^[[0m
co_motion_seal_nonconviction-set	Refuse a movable ref and prove the checkout is the pinned commit	2026-09-12T00:03:31.4689482Z ^[[36;1m[ "${#REF}" -eq 40 ] || { echo "REFUSED: commit_sha must be 40 hex characters, got ${#REF}"; exit 1; }^[[0m
co_motion_seal_nonconviction-set	Refuse a movable ref and prove the checkout is the pinned commit	2026-09-12T00:03:31.4690014Z ^[[36;1mHEAD_SHA="$(git rev-parse HEAD)"^[[0m
co_motion_seal_nonconviction-set	Refuse a movable ref and prove the checkout is the pinned commit	2026-09-12T00:03:31.4690472Z ^[[36;1m[ "$HEAD_SHA" = "$REF" ] || { echo "REFUSED: checked out $HEAD_SHA but the pin says $REF"; exit 1; }^[[0m
co_motion_seal_nonconviction-set	Refuse a movable ref and prove the checkout is the pinned commit	2026-09-12T00:03:31.4690955Z ^[[36;1mecho "pinned commit confirmed: $HEAD_SHA"^[[0m
co_motion_seal_nonconviction-set	Refuse a movable ref and prove the checkout is the pinned commit	2026-09-12T00:03:31.4732846Z shell: /usr/bin/bash -e {0}
co_motion_seal_nonconviction-set	Refuse a movable ref and prove the checkout is the pinned commit	2026-09-12T00:03:31.4733281Z env:
co_motion_seal_nonconviction-set	Refuse a movable ref and prove the checkout is the pinned commit	2026-09-12T00:03:31.4733633Z   REF: dd9c56c41826105b8f3bc98d24c38d1f8263b020
co_motion_seal_nonconviction-set	Refuse a movable ref and prove the checkout is the pinned commit	2026-09-12T00:03:31.4734084Z ##[endgroup]
co_motion_seal_nonconviction-set	Refuse a movable ref and prove the checkout is the pinned commit	2026-09-12T00:03:31.4834657Z pinned commit confirmed: dd9c56c41826105b8f3bc98d24c38d1f8263b020
co_motion_seal_nonconviction-set	Run actions/setup-node@v4	﻿2026-09-12T00:03:31.4939304Z Node 20 is being deprecated. This workflow is running with Node 24 by default. If you need to temporarily use Node 20, you can set the ACTIONS_ALLOW_USE_UNSECURE_NODE_VERSION=true environment variable. For more information see: https://github.blog/changelog/2025-09-19-deprecation-of-node-20-on-github-actions-runners/
co_motion_seal_nonconviction-set	Run actions/setup-node@v4	2026-09-12T00:03:31.4940985Z ##[group]Run actions/setup-node@v4
co_motion_seal_nonconviction-set	Run actions/setup-node@v4	2026-09-12T00:03:31.4941510Z with:
co_motion_seal_nonconviction-set	Run actions/setup-node@v4	2026-09-12T00:03:31.4941710Z   node-version: 22
co_motion_seal_nonconviction-set	Run actions/setup-node@v4	2026-09-12T00:03:31.4941927Z   always-auth: false
co_motion_seal_nonconviction-set	Run actions/setup-node@v4	2026-09-12T00:03:31.4942151Z   check-latest: false
co_motion_seal_nonconviction-set	Run actions/setup-node@v4	2026-09-12T00:03:31.4944897Z   token: ***
co_motion_seal_nonconviction-set	Run actions/setup-node@v4	2026-09-12T00:03:31.4945109Z ##[endgroup]
co_motion_seal_nonconviction-set	Run actions/setup-node@v4	2026-09-12T00:03:31.6434840Z Found in cache @ /opt/hostedtoolcache/node/22.23.2/x64
co_motion_seal_nonconviction-set	Run actions/setup-node@v4	2026-09-12T00:03:31.6439285Z (node:2280) [DEP0040] DeprecationWarning: The `punycode` module is deprecated. Please use a userland alternative instead.
co_motion_seal_nonconviction-set	Run actions/setup-node@v4	2026-09-12T00:03:31.6440384Z (Use `node --trace-deprecation ...` to show where the warning was created)
co_motion_seal_nonconviction-set	Run actions/setup-node@v4	2026-09-12T00:03:31.6443148Z ##[group]Environment details
co_motion_seal_nonconviction-set	Run actions/setup-node@v4	2026-09-12T00:03:32.3469892Z node: v22.23.2
co_motion_seal_nonconviction-set	Run actions/setup-node@v4	2026-09-12T00:03:32.3470231Z npm: 10.9.8
co_motion_seal_nonconviction-set	Run actions/setup-node@v4	2026-09-12T00:03:32.3470435Z yarn: 1.22.22
co_motion_seal_nonconviction-set	Run actions/setup-node@v4	2026-09-12T00:03:32.3472482Z ##[endgroup]
co_motion_seal_nonconviction-set	Run npm ci --cache /tmp/npm-cache	﻿2026-09-12T00:03:32.3593989Z ##[group]Run npm ci --cache /tmp/npm-cache
co_motion_seal_nonconviction-set	Run npm ci --cache /tmp/npm-cache	2026-09-12T00:03:32.3594352Z ^[[36;1mnpm ci --cache /tmp/npm-cache^[[0m
co_motion_seal_nonconviction-set	Run npm ci --cache /tmp/npm-cache	2026-09-12T00:03:32.3642346Z shell: /usr/bin/bash -e {0}
co_motion_seal_nonconviction-set	Run npm ci --cache /tmp/npm-cache	2026-09-12T00:03:32.3642619Z ##[endgroup]
co_motion_seal_nonconviction-set	Run npm ci --cache /tmp/npm-cache	2026-09-12T00:03:53.3825737Z 
co_motion_seal_nonconviction-set	Run npm ci --cache /tmp/npm-cache	2026-09-12T00:03:53.3832311Z added 492 packages, and audited 493 packages in 21s
co_motion_seal_nonconviction-set	Run npm ci --cache /tmp/npm-cache	2026-09-12T00:03:53.3832780Z 
co_motion_seal_nonconviction-set	Run npm ci --cache /tmp/npm-cache	2026-09-12T00:03:53.3833012Z 186 packages are looking for funding
co_motion_seal_nonconviction-set	Run npm ci --cache /tmp/npm-cache	2026-09-12T00:03:53.3833334Z   run `npm fund` for details
co_motion_seal_nonconviction-set	Run npm ci --cache /tmp/npm-cache	2026-09-12T00:03:53.5675298Z 
co_motion_seal_nonconviction-set	Run npm ci --cache /tmp/npm-cache	2026-09-12T00:03:53.5676394Z 39 vulnerabilities (2 low, 29 moderate, 7 high, 1 critical)
co_motion_seal_nonconviction-set	Run npm ci --cache /tmp/npm-cache	2026-09-12T00:03:53.5676890Z 
co_motion_seal_nonconviction-set	Run npm ci --cache /tmp/npm-cache	2026-09-12T00:03:53.5677286Z To address issues that do not require attention, run:
co_motion_seal_nonconviction-set	Run npm ci --cache /tmp/npm-cache	2026-09-12T00:03:53.5677860Z   npm audit fix
co_motion_seal_nonconviction-set	Run npm ci --cache /tmp/npm-cache	2026-09-12T00:03:53.5678084Z 
co_motion_seal_nonconviction-set	Run npm ci --cache /tmp/npm-cache	2026-09-12T00:03:53.5678286Z To address all issues, run:
co_motion_seal_nonconviction-set	Run npm ci --cache /tmp/npm-cache	2026-09-12T00:03:53.5678740Z   npm audit fix --force
co_motion_seal_nonconviction-set	Run npm ci --cache /tmp/npm-cache	2026-09-12T00:03:53.5678994Z 
co_motion_seal_nonconviction-set	Run npm ci --cache /tmp/npm-cache	2026-09-12T00:03:53.5679201Z Run `npm audit` for details.
co_motion_seal_nonconviction-set	Run actions/setup-python@v5	﻿2026-09-12T00:03:53.6482048Z Node 20 is being deprecated. This workflow is running with Node 24 by default. If you need to temporarily use Node 20, you can set the ACTIONS_ALLOW_USE_UNSECURE_NODE_VERSION=true environment variable. For more information see: https://github.blog/changelog/2025-09-19-deprecation-of-node-20-on-github-actions-runners/
co_motion_seal_nonconviction-set	Run actions/setup-python@v5	2026-09-12T00:03:53.6483407Z ##[group]Run actions/setup-python@v5
co_motion_seal_nonconviction-set	Run actions/setup-python@v5	2026-09-12T00:03:53.6483689Z with:
co_motion_seal_nonconviction-set	Run actions/setup-python@v5	2026-09-12T00:03:53.6483890Z   python-version: 3.12
co_motion_seal_nonconviction-set	Run actions/setup-python@v5	2026-09-12T00:03:53.6484128Z   check-latest: false
co_motion_seal_nonconviction-set	Run actions/setup-python@v5	2026-09-12T00:03:53.6487053Z   token: ***
co_motion_seal_nonconviction-set	Run actions/setup-python@v5	2026-09-12T00:03:53.6487288Z   update-environment: true
co_motion_seal_nonconviction-set	Run actions/setup-python@v5	2026-09-12T00:03:53.6487537Z   allow-prereleases: false
co_motion_seal_nonconviction-set	Run actions/setup-python@v5	2026-09-12T00:03:53.6487769Z   freethreaded: false
co_motion_seal_nonconviction-set	Run actions/setup-python@v5	2026-09-12T00:03:53.6487984Z ##[endgroup]
co_motion_seal_nonconviction-set	Run actions/setup-python@v5	2026-09-12T00:03:53.7811466Z ##[group]Installed versions
co_motion_seal_nonconviction-set	Run actions/setup-python@v5	2026-09-12T00:03:53.7936718Z (node:2347) [DEP0040] DeprecationWarning: The `punycode` module is deprecated. Please use a userland alternative instead.
co_motion_seal_nonconviction-set	Run actions/setup-python@v5	2026-09-12T00:03:53.7938300Z (Use `node --trace-deprecation ...` to show where the warning was created)
co_motion_seal_nonconviction-set	Run actions/setup-python@v5	2026-09-12T00:03:53.7939314Z Successfully set up CPython (3.12.14)
co_motion_seal_nonconviction-set	Run actions/setup-python@v5	2026-09-12T00:03:53.7940070Z ##[endgroup]
co_motion_seal_nonconviction-set	Install the pinned encrypted-PDF reader	﻿2026-09-12T00:03:53.8095101Z ##[group]Run python -m pip install --disable-pip-version-check pikepdf==10.12.0
co_motion_seal_nonconviction-set	Install the pinned encrypted-PDF reader	2026-09-12T00:03:53.8096049Z ^[[36;1mpython -m pip install --disable-pip-version-check pikepdf==10.12.0^[[0m
co_motion_seal_nonconviction-set	Install the pinned encrypted-PDF reader	2026-09-12T00:03:53.8157159Z shell: /usr/bin/bash -e {0}
co_motion_seal_nonconviction-set	Install the pinned encrypted-PDF reader	2026-09-12T00:03:53.8157568Z env:
co_motion_seal_nonconviction-set	Install the pinned encrypted-PDF reader	2026-09-12T00:03:53.8158000Z   pythonLocation: /opt/hostedtoolcache/Python/3.12.14/x64
co_motion_seal_nonconviction-set	Install the pinned encrypted-PDF reader	2026-09-12T00:03:53.8158761Z   PKG_CONFIG_PATH: /opt/hostedtoolcache/Python/3.12.14/x64/lib/pkgconfig
co_motion_seal_nonconviction-set	Install the pinned encrypted-PDF reader	2026-09-12T00:03:53.8159496Z   Python_ROOT_DIR: /opt/hostedtoolcache/Python/3.12.14/x64
co_motion_seal_nonconviction-set	Install the pinned encrypted-PDF reader	2026-09-12T00:03:53.8160141Z   Python2_ROOT_DIR: /opt/hostedtoolcache/Python/3.12.14/x64
co_motion_seal_nonconviction-set	Install the pinned encrypted-PDF reader	2026-09-12T00:03:53.8160787Z   Python3_ROOT_DIR: /opt/hostedtoolcache/Python/3.12.14/x64
co_motion_seal_nonconviction-set	Install the pinned encrypted-PDF reader	2026-09-12T00:03:53.8161621Z   LD_LIBRARY_PATH: /opt/hostedtoolcache/Python/3.12.14/x64/lib
co_motion_seal_nonconviction-set	Install the pinned encrypted-PDF reader	2026-09-12T00:03:53.8162172Z ##[endgroup]
co_motion_seal_nonconviction-set	Install the pinned encrypted-PDF reader	2026-09-12T00:03:57.3215683Z Collecting pikepdf==10.12.0
co_motion_seal_nonconviction-set	Install the pinned encrypted-PDF reader	2026-09-12T00:03:57.3778287Z   Downloading pikepdf-10.12.0-cp312-cp312-manylinux_2_27_x86_64.manylinux_2_28_x86_64.whl.metadata (11 kB)
co_motion_seal_nonconviction-set	Install the pinned encrypted-PDF reader	2026-09-12T00:03:57.5369628Z Collecting Pillow>=10.0.1 (from pikepdf==10.12.0)
co_motion_seal_nonconviction-set	Install the pinned encrypted-PDF reader	2026-09-12T00:03:57.5449503Z   Downloading pillow-12.3.0-cp312-cp312-manylinux_2_27_x86_64.manylinux_2_28_x86_64.whl.metadata (9.1 kB)
co_motion_seal_nonconviction-set	Install the pinned encrypted-PDF reader	2026-09-12T00:03:57.7699671Z Collecting lxml>=4.8 (from pikepdf==10.12.0)
co_motion_seal_nonconviction-set	Install the pinned encrypted-PDF reader	2026-09-12T00:03:57.7745791Z   Downloading lxml-6.1.3-cp312-cp312-manylinux_2_26_x86_64.manylinux_2_28_x86_64.whl.metadata (3.3 kB)
co_motion_seal_nonconviction-set	Install the pinned encrypted-PDF reader	2026-09-12T00:03:57.7916636Z Collecting packaging (from pikepdf==10.12.0)
co_motion_seal_nonconviction-set	Install the pinned encrypted-PDF reader	2026-09-12T00:03:57.7955424Z   Downloading packaging-26.3-py3-none-any.whl.metadata (3.5 kB)
co_motion_seal_nonconviction-set	Install the pinned encrypted-PDF reader	2026-09-12T00:03:57.8089417Z Downloading pikepdf-10.12.0-cp312-cp312-manylinux_2_27_x86_64.manylinux_2_28_x86_64.whl (2.3 MB)
co_motion_seal_nonconviction-set	Install the pinned encrypted-PDF reader	2026-09-12T00:03:57.8395892Z    ━━━━━━━━━━━━━━━━━━━━━━━━━━━━━━━━━━━━━━━━ 2.3/2.3 MB 151.0 MB/s  0:00:00
co_motion_seal_nonconviction-set	Install the pinned encrypted-PDF reader	2026-09-12T00:03:57.8434428Z Downloading lxml-6.1.3-cp312-cp312-manylinux_2_26_x86_64.manylinux_2_28_x86_64.whl (5.2 MB)
co_motion_seal_nonconviction-set	Install the pinned encrypted-PDF reader	2026-09-12T00:03:57.8637730Z    ━━━━━━━━━━━━━━━━━━━━━━━━━━━━━━━━━━━━━━━━ 5.2/5.2 MB 278.4 MB/s  0:00:00
co_motion_seal_nonconviction-set	Install the pinned encrypted-PDF reader	2026-09-12T00:03:57.8680430Z Downloading pillow-12.3.0-cp312-cp312-manylinux_2_27_x86_64.manylinux_2_28_x86_64.whl (6.9 MB)
co_motion_seal_nonconviction-set	Install the pinned encrypted-PDF reader	2026-09-12T00:03:57.8934047Z    ━━━━━━━━━━━━━━━━━━━━━━━━━━━━━━━━━━━━━━━━ 6.9/6.9 MB 293.2 MB/s  0:00:00
co_motion_seal_nonconviction-set	Install the pinned encrypted-PDF reader	2026-09-12T00:03:57.8999748Z Downloading packaging-26.3-py3-none-any.whl (129 kB)
co_motion_seal_nonconviction-set	Install the pinned encrypted-PDF reader	2026-09-12T00:03:58.0818750Z Installing collected packages: Pillow, packaging, lxml, pikepdf
co_motion_seal_nonconviction-set	Install the pinned encrypted-PDF reader	2026-09-12T00:03:58.7402587Z 
co_motion_seal_nonconviction-set	Install the pinned encrypted-PDF reader	2026-09-12T00:03:58.7414818Z Successfully installed Pillow-12.3.0 lxml-6.1.3 packaging-26.3 pikepdf-10.12.0
co_motion_seal_nonconviction-set	Provision the browser	﻿2026-09-12T00:03:58.8197814Z ##[group]Run set -euo pipefail
co_motion_seal_nonconviction-set	Provision the browser	2026-09-12T00:03:58.8198160Z ^[[36;1mset -euo pipefail^[[0m
co_motion_seal_nonconviction-set	Provision the browser	2026-09-12T00:03:58.8198531Z ^[[36;1mexport PLAYWRIGHT_BROWSERS_PATH="$HOME/.cache/ms-playwright"^[[0m
co_motion_seal_nonconviction-set	Provision the browser	2026-09-12T00:03:58.8199013Z ^[[36;1mnpx --yes playwright install --with-deps chromium^[[0m
co_motion_seal_nonconviction-set	Provision the browser	2026-09-12T00:03:58.8199513Z ^[[36;1mecho "PLAYWRIGHT_BROWSERS_PATH=$PLAYWRIGHT_BROWSERS_PATH" >> "$GITHUB_ENV"^[[0m
co_motion_seal_nonconviction-set	Provision the browser	2026-09-12T00:03:58.8237584Z shell: /usr/bin/bash -e {0}
co_motion_seal_nonconviction-set	Provision the browser	2026-09-12T00:03:58.8237849Z env:
co_motion_seal_nonconviction-set	Provision the browser	2026-09-12T00:03:58.8238125Z   pythonLocation: /opt/hostedtoolcache/Python/3.12.14/x64
co_motion_seal_nonconviction-set	Provision the browser	2026-09-12T00:03:58.8238592Z   PKG_CONFIG_PATH: /opt/hostedtoolcache/Python/3.12.14/x64/lib/pkgconfig
co_motion_seal_nonconviction-set	Provision the browser	2026-09-12T00:03:58.8239057Z   Python_ROOT_DIR: /opt/hostedtoolcache/Python/3.12.14/x64
co_motion_seal_nonconviction-set	Provision the browser	2026-09-12T00:03:58.8239639Z   Python2_ROOT_DIR: /opt/hostedtoolcache/Python/3.12.14/x64
co_motion_seal_nonconviction-set	Provision the browser	2026-09-12T00:03:58.8240043Z   Python3_ROOT_DIR: /opt/hostedtoolcache/Python/3.12.14/x64
co_motion_seal_nonconviction-set	Provision the browser	2026-09-12T00:03:58.8240454Z   LD_LIBRARY_PATH: /opt/hostedtoolcache/Python/3.12.14/x64/lib
co_motion_seal_nonconviction-set	Provision the browser	2026-09-12T00:03:58.8240841Z ##[endgroup]
co_motion_seal_nonconviction-set	Provision the browser	2026-09-12T00:03:59.6362566Z Installing dependencies...
co_motion_seal_nonconviction-set	Provision the browser	2026-09-12T00:03:59.6435222Z Switching to root user to install dependencies...
co_motion_seal_nonconviction-set	Provision the browser	2026-09-12T00:03:59.7582410Z Get:1 file:/etc/apt/apt-mirrors.txt Mirrorlist [144 B]
co_motion_seal_nonconviction-set	Provision the browser	2026-09-12T00:03:59.8103968Z Hit:2 http://azure.archive.ubuntu.com/ubuntu noble InRelease
co_motion_seal_nonconviction-set	Provision the browser	2026-09-12T00:03:59.8122721Z Get:3 http://azure.archive.ubuntu.com/ubuntu noble-updates InRelease [126 kB]
co_motion_seal_nonconviction-set	Provision the browser	2026-09-12T00:03:59.8140043Z Get:6 https://dl.google.com/linux/chrome-stable/deb stable InRelease [2548 B]
co_motion_seal_nonconviction-set	Provision the browser	2026-09-12T00:03:59.8162425Z Get:4 http://azure.archive.ubuntu.com/ubuntu noble-backports InRelease [126 kB]
co_motion_seal_nonconviction-set	Provision the browser	2026-09-12T00:03:59.8185099Z Get:7 https://packages.microsoft.com/ubuntu/24.04/prod noble InRelease [3600 B]
co_motion_seal_nonconviction-set	Provision the browser	2026-09-12T00:03:59.8204116Z Get:5 http://azure.archive.ubuntu.com/ubuntu noble-security InRelease [126 kB]
co_motion_seal_nonconviction-set	Provision the browser	2026-09-12T00:03:59.9380052Z Get:8 http://azure.archive.ubuntu.com/ubuntu noble-updates/main amd64 Packages [1263 kB]
co_motion_seal_nonconviction-set	Provision the browser	2026-09-12T00:03:59.9543874Z Get:9 http://azure.archive.ubuntu.com/ubuntu noble-updates/main Translation-en [292 kB]
co_motion_seal_nonconviction-set	Provision the browser	2026-09-12T00:03:59.9567054Z Get:10 http://azure.archive.ubuntu.com/ubuntu noble-updates/main amd64 Components [180 kB]
co_motion_seal_nonconviction-set	Provision the browser	2026-09-12T00:03:59.9622329Z Get:11 http://azure.archive.ubuntu.com/ubuntu noble-updates/universe amd64 Packages [1690 kB]
co_motion_seal_nonconviction-set	Provision the browser	2026-09-12T00:03:59.9700891Z Get:12 http://azure.archive.ubuntu.com/ubuntu noble-updates/universe amd64 Components [387 kB]
co_motion_seal_nonconviction-set	Provision the browser	2026-09-12T00:03:59.9712646Z Get:13 http://azure.archive.ubuntu.com/ubuntu noble-updates/restricted amd64 Packages [1544 kB]
co_motion_seal_nonconviction-set	Provision the browser	2026-09-12T00:03:59.9812970Z Get:14 http://azure.archive.ubuntu.com/ubuntu noble-updates/restricted Translation-en [354 kB]
co_motion_seal_nonconviction-set	Provision the browser	2026-09-12T00:03:59.9818669Z Get:15 http://azure.archive.ubuntu.com/ubuntu noble-updates/multiverse amd64 Components [940 B]
co_motion_seal_nonconviction-set	Provision the browser	2026-09-12T00:04:00.0153052Z Get:16 https://dl.google.com/linux/chrome-stable/deb stable/main amd64 Packages [1413 B]
co_motion_seal_nonconviction-set	Provision the browser	2026-09-12T00:04:00.0481932Z Get:17 http://azure.archive.ubuntu.com/ubuntu noble-backports/main amd64 Components [5748 B]
co_motion_seal_nonconviction-set	Provision the browser	2026-09-12T00:04:00.0493130Z Get:18 http://azure.archive.ubuntu.com/ubuntu noble-backports/universe amd64 Components [12.6 kB]
co_motion_seal_nonconviction-set	Provision the browser	2026-09-12T00:04:00.0980832Z Get:19 https://packages.microsoft.com/ubuntu/24.04/prod noble/main amd64 Packages [463 kB]
co_motion_seal_nonconviction-set	Provision the browser	2026-09-12T00:04:00.1053273Z Get:20 https://packages.microsoft.com/ubuntu/24.04/prod noble/main arm64 Packages [414 kB]
co_motion_seal_nonconviction-set	Provision the browser	2026-09-12T00:04:00.2081894Z Get:21 http://azure.archive.ubuntu.com/ubuntu noble-security/main amd64 Packages [1006 kB]
co_motion_seal_nonconviction-set	Provision the browser	2026-09-12T00:04:00.2134395Z Get:22 http://azure.archive.ubuntu.com/ubuntu noble-security/main Translation-en [213 kB]
co_motion_seal_nonconviction-set	Provision the browser	2026-09-12T00:04:00.2149948Z Get:23 http://azure.archive.ubuntu.com/ubuntu noble-security/main amd64 Components [46.5 kB]
co_motion_seal_nonconviction-set	Provision the browser	2026-09-12T00:04:00.2163730Z Get:24 http://azure.archive.ubuntu.com/ubuntu noble-security/universe amd64 Packages [1206 kB]
co_motion_seal_nonconviction-set	Provision the browser	2026-09-12T00:04:00.2226380Z Get:25 http://azure.archive.ubuntu.com/ubuntu noble-security/universe amd64 Components [76.3 kB]
co_motion_seal_nonconviction-set	Provision the browser	2026-09-12T00:04:00.2239063Z Get:26 http://azure.archive.ubuntu.com/ubuntu noble-security/restricted amd64 Packages [1445 kB]
co_motion_seal_nonconviction-set	Provision the browser	2026-09-12T00:04:00.2322386Z Get:27 http://azure.archive.ubuntu.com/ubuntu noble-security/restricted Translation-en [336 kB]
co_motion_seal_nonconviction-set	Provision the browser	2026-09-12T00:04:04.3637553Z Fetched 11.3 MB in 1s (8736 kB/s)
co_motion_seal_nonconviction-set	Provision the browser	2026-09-12T00:04:05.2114804Z Reading package lists...
co_motion_seal_nonconviction-set	Provision the browser	2026-09-12T00:04:05.2355173Z Reading package lists...
co_motion_seal_nonconviction-set	Provision the browser	2026-09-12T00:04:05.4280216Z Building dependency tree...
co_motion_seal_nonconviction-set	Provision the browser	2026-09-12T00:04:05.4287967Z Reading state information...
co_motion_seal_nonconviction-set	Provision the browser	2026-09-12T00:04:05.5789930Z libasound2t64 is already the newest version (1.2.11-1ubuntu0.3).
co_motion_seal_nonconviction-set	Provision the browser	2026-09-12T00:04:05.5791483Z libasound2t64 set to manually installed.
co_motion_seal_nonconviction-set	Provision the browser	2026-09-12T00:04:05.5793380Z libatk-bridge2.0-0t64 is already the newest version (2.52.0-1build1).
co_motion_seal_nonconviction-set	Provision the browser	2026-09-12T00:04:05.5794544Z libatk-bridge2.0-0t64 set to manually installed.
co_motion_seal_nonconviction-set	Provision the browser	2026-09-12T00:04:05.5795689Z libatk1.0-0t64 is already the newest version (2.52.0-1build1).
co_motion_seal_nonconviction-set	Provision the browser	2026-09-12T00:04:05.5796790Z libatk1.0-0t64 set to manually installed.
co_motion_seal_nonconviction-set	Provision the browser	2026-09-12T00:04:05.5797937Z libatspi2.0-0t64 is already the newest version (2.52.0-1build1).
co_motion_seal_nonconviction-set	Provision the browser	2026-09-12T00:04:05.5799092Z libatspi2.0-0t64 set to manually installed.
co_motion_seal_nonconviction-set	Provision the browser	2026-09-12T00:04:05.5799776Z libcairo2 is already the newest version (1.18.0-3build1).
co_motion_seal_nonconviction-set	Provision the browser	2026-09-12T00:04:05.5800397Z libcairo2 set to manually installed.
co_motion_seal_nonconviction-set	Provision the browser	2026-09-12T00:04:05.5801379Z libcups2t64 is already the newest version (2.4.7-1.2ubuntu7.14).
co_motion_seal_nonconviction-set	Provision the browser	2026-09-12T00:04:05.5802550Z libcups2t64 set to manually installed.
co_motion_seal_nonconviction-set	Provision the browser	2026-09-12T00:04:05.5803219Z libdbus-1-3 is already the newest version (1.14.10-4ubuntu4.1).
co_motion_seal_nonconviction-set	Provision the browser	2026-09-12T00:04:05.5803742Z libdbus-1-3 set to manually installed.
co_motion_seal_nonconviction-set	Provision the browser	2026-09-12T00:04:05.5804316Z libdrm2 is already the newest version (2.4.125-1ubuntu0.1~24.04.2).
co_motion_seal_nonconviction-set	Provision the browser	2026-09-12T00:04:05.5804861Z libdrm2 set to manually installed.
co_motion_seal_nonconviction-set	Provision the browser	2026-09-12T00:04:05.5805382Z libgbm1 is already the newest version (25.2.8-0ubuntu0.24.04.2).
co_motion_seal_nonconviction-set	Provision the browser	2026-09-12T00:04:05.5805893Z libgbm1 set to manually installed.
co_motion_seal_nonconviction-set	Provision the browser	2026-09-12T00:04:05.5806432Z libglib2.0-0t64 is already the newest version (2.80.0-6ubuntu3.8).
co_motion_seal_nonconviction-set	Provision the browser	2026-09-12T00:04:05.5806973Z libglib2.0-0t64 set to manually installed.
co_motion_seal_nonconviction-set	Provision the browser	2026-09-12T00:04:05.5807523Z libnspr4 is already the newest version (2:4.35-1.1build1).
co_motion_seal_nonconviction-set	Provision the browser	2026-09-12T00:04:05.5808043Z libnspr4 set to manually installed.
co_motion_seal_nonconviction-set	Provision the browser	2026-09-12T00:04:05.5808516Z libnss3 is already the newest version (2:3.98-1ubuntu0.2).
co_motion_seal_nonconviction-set	Provision the browser	2026-09-12T00:04:05.5808911Z libnss3 set to manually installed.
co_motion_seal_nonconviction-set	Provision the browser	2026-09-12T00:04:05.5809328Z libpango-1.0-0 is already the newest version (1.52.1+ds-1build1).
co_motion_seal_nonconviction-set	Provision the browser	2026-09-12T00:04:05.5809747Z libpango-1.0-0 set to manually installed.
co_motion_seal_nonconviction-set	Provision the browser	2026-09-12T00:04:05.5810153Z libx11-6 is already the newest version (2:1.8.7-1build1).
co_motion_seal_nonconviction-set	Provision the browser	2026-09-12T00:04:05.5810535Z libx11-6 set to manually installed.
co_motion_seal_nonconviction-set	Provision the browser	2026-09-12T00:04:05.5810900Z libxcb1 is already the newest version (1.15-1ubuntu2).
co_motion_seal_nonconviction-set	Provision the browser	2026-09-12T00:04:05.5811546Z libxcb1 set to manually installed.
co_motion_seal_nonconviction-set	Provision the browser	2026-09-12T00:04:05.5811974Z libxcomposite1 is already the newest version (1:0.4.5-1build3).
co_motion_seal_nonconviction-set	Provision the browser	2026-09-12T00:04:05.5812415Z libxcomposite1 set to manually installed.
co_motion_seal_nonconviction-set	Provision the browser	2026-09-12T00:04:05.5812841Z libxdamage1 is already the newest version (1:1.1.6-1build1).
co_motion_seal_nonconviction-set	Provision the browser	2026-09-12T00:04:05.5813236Z libxdamage1 set to manually installed.
co_motion_seal_nonconviction-set	Provision the browser	2026-09-12T00:04:05.5813637Z libxext6 is already the newest version (2:1.3.4-1build2).
co_motion_seal_nonconviction-set	Provision the browser	2026-09-12T00:04:05.5814007Z libxext6 set to manually installed.
co_motion_seal_nonconviction-set	Provision the browser	2026-09-12T00:04:05.5814395Z libxfixes3 is already the newest version (1:6.0.0-2build1).
co_motion_seal_nonconviction-set	Provision the browser	2026-09-12T00:04:05.5814943Z libxfixes3 set to manually installed.
co_motion_seal_nonconviction-set	Provision the browser	2026-09-12T00:04:05.5815349Z libxkbcommon0 is already the newest version (1.6.0-1build1).
co_motion_seal_nonconviction-set	Provision the browser	2026-09-12T00:04:05.5815748Z libxkbcommon0 set to manually installed.
co_motion_seal_nonconviction-set	Provision the browser	2026-09-12T00:04:05.5816163Z libxrandr2 is already the newest version (2:1.5.2-2build1).
co_motion_seal_nonconviction-set	Provision the browser	2026-09-12T00:04:05.5816553Z libxrandr2 set to manually installed.
co_motion_seal_nonconviction-set	Provision the browser	2026-09-12T00:04:05.5816942Z xvfb is already the newest version (2:21.1.12-1ubuntu1.6).
co_motion_seal_nonconviction-set	Provision the browser	2026-09-12T00:04:05.5817480Z fonts-noto-color-emoji is already the newest version (2.047-0ubuntu0.24.04.1).
co_motion_seal_nonconviction-set	Provision the browser	2026-09-12T00:04:05.5818304Z libfontconfig1 is already the newest version (2.15.0-1.1ubuntu2).
co_motion_seal_nonconviction-set	Provision the browser	2026-09-12T00:04:05.5818723Z libfontconfig1 set to manually installed.
co_motion_seal_nonconviction-set	Provision the browser	2026-09-12T00:04:05.5819170Z libfreetype6 is already the newest version (2.13.2+dfsg-1ubuntu0.1).
co_motion_seal_nonconviction-set	Provision the browser	2026-09-12T00:04:05.5819594Z libfreetype6 set to manually installed.
co_motion_seal_nonconviction-set	Provision the browser	2026-09-12T00:04:05.5820308Z fonts-liberation is already the newest version (1:2.1.5-3).
co_motion_seal_nonconviction-set	Provision the browser	2026-09-12T00:04:05.5821009Z fonts-liberation set to manually installed.
co_motion_seal_nonconviction-set	Provision the browser	2026-09-12T00:04:05.5821973Z The following additional packages will be installed:
co_motion_seal_nonconviction-set	Provision the browser	2026-09-12T00:04:05.5822615Z   xfonts-encodings xfonts-utils
co_motion_seal_nonconviction-set	Provision the browser	2026-09-12T00:04:05.5823097Z Recommended packages:
co_motion_seal_nonconviction-set	Provision the browser	2026-09-12T00:04:05.5823790Z   fonts-ipafont-mincho fonts-tlwg-loma
co_motion_seal_nonconviction-set	Provision the browser	2026-09-12T00:04:05.6043961Z The following NEW packages will be installed:
co_motion_seal_nonconviction-set	Provision the browser	2026-09-12T00:04:05.6045078Z   fonts-freefont-ttf fonts-ipafont-gothic fonts-tlwg-loma-otf fonts-unifont
co_motion_seal_nonconviction-set	Provision the browser	2026-09-12T00:04:05.6056788Z   fonts-wqy-zenhei xfonts-cyrillic xfonts-encodings xfonts-scalable
co_motion_seal_nonconviction-set	Provision the browser	2026-09-12T00:04:05.6057589Z   xfonts-utils
co_motion_seal_nonconviction-set	Provision the browser	2026-09-12T00:04:05.6243716Z 0 upgraded, 9 newly installed, 0 to remove and 50 not upgraded.
co_motion_seal_nonconviction-set	Provision the browser	2026-09-12T00:04:05.6244221Z Need to get 21.1 MB of archives.
co_motion_seal_nonconviction-set	Provision the browser	2026-09-12T00:04:05.6244681Z After this operation, 79.5 MB of additional disk space will be used.
co_motion_seal_nonconviction-set	Provision the browser	2026-09-12T00:04:05.6245218Z Get:1 file:/etc/apt/apt-mirrors.txt Mirrorlist [144 B]
co_motion_seal_nonconviction-set	Provision the browser	2026-09-12T00:04:05.7327750Z Get:2 http://azure.archive.ubuntu.com/ubuntu noble/universe amd64 fonts-ipafont-gothic all 00303-21ubuntu1 [3513 kB]
co_motion_seal_nonconviction-set	Provision the browser	2026-09-12T00:04:05.8068758Z Get:3 http://azure.archive.ubuntu.com/ubuntu noble/main amd64 fonts-freefont-ttf all 20211204+svn4273-2 [5641 kB]
co_motion_seal_nonconviction-set	Provision the browser	2026-09-12T00:04:05.9592466Z Get:4 http://azure.archive.ubuntu.com/ubuntu noble/universe amd64 fonts-tlwg-loma-otf all 1:0.7.3-1 [107 kB]
co_motion_seal_nonconviction-set	Provision the browser	2026-09-12T00:04:05.9687466Z Get:5 http://azure.archive.ubuntu.com/ubuntu noble/universe amd64 fonts-unifont all 1:15.1.01-1build1 [2993 kB]
co_motion_seal_nonconviction-set	Provision the browser	2026-09-12T00:04:06.0559586Z Get:6 http://azure.archive.ubuntu.com/ubuntu noble/universe amd64 fonts-wqy-zenhei all 0.9.45-8 [7472 kB]
co_motion_seal_nonconviction-set	Provision the browser	2026-09-12T00:04:06.2162787Z Get:7 http://azure.archive.ubuntu.com/ubuntu noble/main amd64 xfonts-encodings all 1:1.0.5-0ubuntu2 [578 kB]
co_motion_seal_nonconviction-set	Provision the browser	2026-09-12T00:04:06.2326854Z Get:8 http://azure.archive.ubuntu.com/ubuntu noble/main amd64 xfonts-utils amd64 1:7.7+6build3 [94.4 kB]
co_motion_seal_nonconviction-set	Provision the browser	2026-09-12T00:04:06.2396630Z Get:9 http://azure.archive.ubuntu.com/ubuntu noble/universe amd64 xfonts-cyrillic all 1:1.0.5+nmu1 [384 kB]
co_motion_seal_nonconviction-set	Provision the browser	2026-09-12T00:04:06.2501724Z Get:10 http://azure.archive.ubuntu.com/ubuntu noble/main amd64 xfonts-scalable all 1:1.0.3-1.3 [304 kB]
co_motion_seal_nonconviction-set	Provision the browser	2026-09-12T00:04:06.4949100Z Fetched 21.1 MB in 1s (33.0 MB/s)
co_motion_seal_nonconviction-set	Provision the browser	2026-09-12T00:04:06.5195148Z Selecting previously unselected package fonts-ipafont-gothic.
co_motion_seal_nonconviction-set	Provision the browser	2026-09-12T00:04:06.5529806Z (Reading database ... 
co_motion_seal_nonconviction-set	Provision the browser	2026-09-12T00:04:06.5530486Z (Reading database ... 5%
co_motion_seal_nonconviction-set	Provision the browser	2026-09-12T00:04:06.5531473Z (Reading database ... 10%
co_motion_seal_nonconviction-set	Provision the browser	2026-09-12T00:04:06.5532370Z (Reading database ... 15%
co_motion_seal_nonconviction-set	Provision the browser	2026-09-12T00:04:06.5533039Z (Reading database ... 20%
co_motion_seal_nonconviction-set	Provision the browser	2026-09-12T00:04:06.5533866Z (Reading database ... 25%
co_motion_seal_nonconviction-set	Provision the browser	2026-09-12T00:04:06.5534431Z (Reading database ... 30%
co_motion_seal_nonconviction-set	Provision the browser	2026-09-12T00:04:06.5534925Z (Reading database ... 35%
co_motion_seal_nonconviction-set	Provision the browser	2026-09-12T00:04:06.5535369Z (Reading database ... 40%
co_motion_seal_nonconviction-set	Provision the browser	2026-09-12T00:04:06.5535812Z (Reading database ... 45%
co_motion_seal_nonconviction-set	Provision the browser	2026-09-12T00:04:06.5536246Z (Reading database ... 50%
co_motion_seal_nonconviction-set	Provision the browser	2026-09-12T00:04:06.5583751Z (Reading database ... 55%
co_motion_seal_nonconviction-set	Provision the browser	2026-09-12T00:04:06.6857135Z (Reading database ... 60%
co_motion_seal_nonconviction-set	Provision the browser	2026-09-12T00:04:06.8725217Z (Reading database ... 65%
co_motion_seal_nonconviction-set	Provision the browser	2026-09-12T00:04:07.0451899Z (Reading database ... 70%
co_motion_seal_nonconviction-set	Provision the browser	2026-09-12T00:04:07.2144256Z (Reading database ... 75%
co_motion_seal_nonconviction-set	Provision the browser	2026-09-12T00:04:07.4029114Z (Reading database ... 80%
co_motion_seal_nonconviction-set	Provision the browser	2026-09-12T00:04:07.6273323Z (Reading database ... 85%
co_motion_seal_nonconviction-set	Provision the browser	2026-09-12T00:04:07.8322759Z (Reading database ... 90%
co_motion_seal_nonconviction-set	Provision the browser	2026-09-12T00:04:08.0311295Z (Reading database ... 95%
co_motion_seal_nonconviction-set	Provision the browser	2026-09-12T00:04:08.0312065Z (Reading database ... 100%
co_motion_seal_nonconviction-set	Provision the browser	2026-09-12T00:04:08.0312755Z (Reading database ... 201818 files and directories currently installed.)
co_motion_seal_nonconviction-set	Provision the browser	2026-09-12T00:04:08.0355268Z Preparing to unpack .../0-fonts-ipafont-gothic_00303-21ubuntu1_all.deb ...
co_motion_seal_nonconviction-set	Provision the browser	2026-09-12T00:04:08.0452231Z Unpacking fonts-ipafont-gothic (00303-21ubuntu1) ...
co_motion_seal_nonconviction-set	Provision the browser	2026-09-12T00:04:08.2773461Z Selecting previously unselected package fonts-freefont-ttf.
co_motion_seal_nonconviction-set	Provision the browser	2026-09-12T00:04:08.2903691Z Preparing to unpack .../1-fonts-freefont-ttf_20211204+svn4273-2_all.deb ...
co_motion_seal_nonconviction-set	Provision the browser	2026-09-12T00:04:08.2912395Z Unpacking fonts-freefont-ttf (20211204+svn4273-2) ...
co_motion_seal_nonconviction-set	Provision the browser	2026-09-12T00:04:08.3762706Z Selecting previously unselected package fonts-tlwg-loma-otf.
co_motion_seal_nonconviction-set	Provision the browser	2026-09-12T00:04:08.3890968Z Preparing to unpack .../2-fonts-tlwg-loma-otf_1%3a0.7.3-1_all.deb ...
co_motion_seal_nonconviction-set	Provision the browser	2026-09-12T00:04:08.3900022Z Unpacking fonts-tlwg-loma-otf (1:0.7.3-1) ...
co_motion_seal_nonconviction-set	Provision the browser	2026-09-12T00:04:08.4126299Z Selecting previously unselected package fonts-unifont.
co_motion_seal_nonconviction-set	Provision the browser	2026-09-12T00:04:08.4256185Z Preparing to unpack .../3-fonts-unifont_1%3a15.1.01-1build1_all.deb ...
co_motion_seal_nonconviction-set	Provision the browser	2026-09-12T00:04:08.4264860Z Unpacking fonts-unifont (1:15.1.01-1build1) ...
co_motion_seal_nonconviction-set	Provision the browser	2026-09-12T00:04:08.5352132Z Selecting previously unselected package fonts-wqy-zenhei.
co_motion_seal_nonconviction-set	Provision the browser	2026-09-12T00:04:08.5480452Z Preparing to unpack .../4-fonts-wqy-zenhei_0.9.45-8_all.deb ...
co_motion_seal_nonconviction-set	Provision the browser	2026-09-12T00:04:08.5589027Z Unpacking fonts-wqy-zenhei (0.9.45-8) ...
co_motion_seal_nonconviction-set	Provision the browser	2026-09-12T00:04:09.0417008Z Selecting previously unselected package xfonts-encodings.
co_motion_seal_nonconviction-set	Provision the browser	2026-09-12T00:04:09.0552295Z Preparing to unpack .../5-xfonts-encodings_1%3a1.0.5-0ubuntu2_all.deb ...
co_motion_seal_nonconviction-set	Provision the browser	2026-09-12T00:04:09.0562908Z Unpacking xfonts-encodings (1:1.0.5-0ubuntu2) ...
co_motion_seal_nonconviction-set	Provision the browser	2026-09-12T00:04:09.0883820Z Selecting previously unselected package xfonts-utils.
co_motion_seal_nonconviction-set	Provision the browser	2026-09-12T00:04:09.1016017Z Preparing to unpack .../6-xfonts-utils_1%3a7.7+6build3_amd64.deb ...
co_motion_seal_nonconviction-set	Provision the browser	2026-09-12T00:04:09.1025168Z Unpacking xfonts-utils (1:7.7+6build3) ...
co_motion_seal_nonconviction-set	Provision the browser	2026-09-12T00:04:09.2358828Z Selecting previously unselected package xfonts-cyrillic.
co_motion_seal_nonconviction-set	Provision the browser	2026-09-12T00:04:09.2495361Z Preparing to unpack .../7-xfonts-cyrillic_1%3a1.0.5+nmu1_all.deb ...
co_motion_seal_nonconviction-set	Provision the browser	2026-09-12T00:04:09.2506007Z Unpacking xfonts-cyrillic (1:1.0.5+nmu1) ...
co_motion_seal_nonconviction-set	Provision the browser	2026-09-12T00:04:09.2884259Z Selecting previously unselected package xfonts-scalable.
co_motion_seal_nonconviction-set	Provision the browser	2026-09-12T00:04:09.3019588Z Preparing to unpack .../8-xfonts-scalable_1%3a1.0.3-1.3_all.deb ...
co_motion_seal_nonconviction-set	Provision the browser	2026-09-12T00:04:09.3029925Z Unpacking xfonts-scalable (1:1.0.3-1.3) ...
co_motion_seal_nonconviction-set	Provision the browser	2026-09-12T00:04:09.3485046Z Setting up fonts-wqy-zenhei (0.9.45-8) ...
co_motion_seal_nonconviction-set	Provision the browser	2026-09-12T00:04:09.3640393Z Setting up fonts-freefont-ttf (20211204+svn4273-2) ...
co_motion_seal_nonconviction-set	Provision the browser	2026-09-12T00:04:09.3660726Z Setting up fonts-tlwg-loma-otf (1:0.7.3-1) ...
co_motion_seal_nonconviction-set	Provision the browser	2026-09-12T00:04:09.3683804Z Setting up xfonts-encodings (1:1.0.5-0ubuntu2) ...
co_motion_seal_nonconviction-set	Provision the browser	2026-09-12T00:04:09.3705524Z Setting up fonts-ipafont-gothic (00303-21ubuntu1) ...
co_motion_seal_nonconviction-set	Provision the browser	2026-09-12T00:04:09.3782586Z update-alternatives: using /usr/share/fonts/opentype/ipafont-gothic/ipag.ttf to provide /usr/share/fonts/truetype/fonts-japanese-gothic.ttf (fonts-japanese-gothic.ttf) in auto mode
co_motion_seal_nonconviction-set	Provision the browser	2026-09-12T00:04:09.3803478Z Setting up fonts-unifont (1:15.1.01-1build1) ...
co_motion_seal_nonconviction-set	Provision the browser	2026-09-12T00:04:09.3825915Z Setting up xfonts-utils (1:7.7+6build3) ...
co_motion_seal_nonconviction-set	Provision the browser	2026-09-12T00:04:09.3875646Z Setting up xfonts-cyrillic (1:1.0.5+nmu1) ...
co_motion_seal_nonconviction-set	Provision the browser	2026-09-12T00:04:09.4197810Z Setting up xfonts-scalable (1:1.0.3-1.3) ...
co_motion_seal_nonconviction-set	Provision the browser	2026-09-12T00:04:09.4504402Z Processing triggers for man-db (2.12.0-4build2) ...
co_motion_seal_nonconviction-set	Provision the browser	2026-09-12T00:04:09.4532318Z Not building database; man-db/auto-update is not 'true'.
co_motion_seal_nonconviction-set	Provision the browser	2026-09-12T00:04:09.4549674Z Processing triggers for fontconfig (2.15.0-1.1ubuntu2) ...
co_motion_seal_nonconviction-set	Provision the browser	2026-09-12T00:04:10.2576092Z 
co_motion_seal_nonconviction-set	Provision the browser	2026-09-12T00:04:10.2577054Z Running kernel seems to be up-to-date.
co_motion_seal_nonconviction-set	Provision the browser	2026-09-12T00:04:10.2577686Z 
co_motion_seal_nonconviction-set	Provision the browser	2026-09-12T00:04:10.2578103Z No services need to be restarted.
co_motion_seal_nonconviction-set	Provision the browser	2026-09-12T00:04:10.2578440Z 
co_motion_seal_nonconviction-set	Provision the browser	2026-09-12T00:04:10.2578703Z No containers need to be restarted.
co_motion_seal_nonconviction-set	Provision the browser	2026-09-12T00:04:10.2579029Z 
co_motion_seal_nonconviction-set	Provision the browser	2026-09-12T00:04:10.2579367Z No user sessions are running outdated binaries.
co_motion_seal_nonconviction-set	Provision the browser	2026-09-12T00:04:10.2579793Z 
co_motion_seal_nonconviction-set	Provision the browser	2026-09-12T00:04:10.2580315Z No VM guests are running outdated hypervisor (qemu) binaries on this host.
co_motion_seal_nonconviction-set	Provision the browser	2026-09-12T00:04:11.4872449Z Downloading Chrome for Testing 148.0.7778.96 (playwright chromium v1223) from https://cdn.playwright.dev/builds/cft/148.0.7778.96/linux64/chrome-linux64.zip
co_motion_seal_nonconviction-set	Provision the browser	2026-09-12T00:04:12.4896688Z |                                                                                |   0% of 175.4 MiB
co_motion_seal_nonconviction-set	Provision the browser	2026-09-12T00:04:12.6926019Z |■■■■■■■■                                                                        |  10% of 175.4 MiB
co_motion_seal_nonconviction-set	Provision the browser	2026-09-12T00:04:12.8008893Z |■■■■■■■■■■■■■■■■                                                                |  20% of 175.4 MiB
co_motion_seal_nonconviction-set	Provision the browser	2026-09-12T00:04:12.8662945Z |■■■■■■■■■■■■■■■■■■■■■■■■                                                        |  30% of 175.4 MiB
co_motion_seal_nonconviction-set	Provision the browser	2026-09-12T00:04:12.9342552Z |■■■■■■■■■■■■■■■■■■■■■■■■■■■■■■■■                                                |  40% of 175.4 MiB
co_motion_seal_nonconviction-set	Provision the browser	2026-09-12T00:04:13.0013963Z |■■■■■■■■■■■■■■■■■■■■■■■■■■■■■■■■■■■■■■■■                                        |  50% of 175.4 MiB
co_motion_seal_nonconviction-set	Provision the browser	2026-09-12T00:04:13.0643034Z |■■■■■■■■■■■■■■■■■■■■■■■■■■■■■■■■■■■■■■■■■■■■■■■■                                |  60% of 175.4 MiB
co_motion_seal_nonconviction-set	Provision the browser	2026-09-12T00:04:13.1275002Z |■■■■■■■■■■■■■■■■■■■■■■■■■■■■■■■■■■■■■■■■■■■■■■■■■■■■■■■■                        |  70% of 175.4 MiB
co_motion_seal_nonconviction-set	Provision the browser	2026-09-12T00:04:13.1992675Z |■■■■■■■■■■■■■■■■■■■■■■■■■■■■■■■■■■■■■■■■■■■■■■■■■■■■■■■■■■■■■■■■                |  80% of 175.4 MiB
co_motion_seal_nonconviction-set	Provision the browser	2026-09-12T00:04:13.2696255Z |■■■■■■■■■■■■■■■■■■■■■■■■■■■■■■■■■■■■■■■■■■■■■■■■■■■■■■■■■■■■■■■■■■■■■■■■        |  90% of 175.4 MiB
co_motion_seal_nonconviction-set	Provision the browser	2026-09-12T00:04:13.3383539Z |■■■■■■■■■■■■■■■■■■■■■■■■■■■■■■■■■■■■■■■■■■■■■■■■■■■■■■■■■■■■■■■■■■■■■■■■■■■■■■■■| 100% of 175.4 MiB
co_motion_seal_nonconviction-set	Provision the browser	2026-09-12T00:04:16.0429833Z Chrome for Testing 148.0.7778.96 (playwright chromium v1223) downloaded to /home/runner/.cache/ms-playwright/chromium-1223
co_motion_seal_nonconviction-set	Provision the browser	2026-09-12T00:04:16.0433241Z Downloading FFmpeg (playwright ffmpeg v1011) from https://cdn.playwright.dev/dbazure/download/playwright/builds/ffmpeg/1011/ffmpeg-linux.zip
co_motion_seal_nonconviction-set	Provision the browser	2026-09-12T00:04:17.0249201Z |                                                                                |   0% of 2.3 MiB
co_motion_seal_nonconviction-set	Provision the browser	2026-09-12T00:04:17.0289200Z |■■■■■■■■                                                                        |  10% of 2.3 MiB
co_motion_seal_nonconviction-set	Provision the browser	2026-09-12T00:04:17.0321083Z |■■■■■■■■■■■■■■■■                                                                |  20% of 2.3 MiB
co_motion_seal_nonconviction-set	Provision the browser	2026-09-12T00:04:17.0348328Z |■■■■■■■■■■■■■■■■■■■■■■■■                                                        |  30% of 2.3 MiB
co_motion_seal_nonconviction-set	Provision the browser	2026-09-12T00:04:17.0361709Z |■■■■■■■■■■■■■■■■■■■■■■■■■■■■■■■■                                                |  40% of 2.3 MiB
co_motion_seal_nonconviction-set	Provision the browser	2026-09-12T00:04:17.0387368Z |■■■■■■■■■■■■■■■■■■■■■■■■■■■■■■■■■■■■■■■■                                        |  50% of 2.3 MiB
co_motion_seal_nonconviction-set	Provision the browser	2026-09-12T00:04:17.0403363Z |■■■■■■■■■■■■■■■■■■■■■■■■■■■■■■■■■■■■■■■■■■■■■■■■                                |  60% of 2.3 MiB
co_motion_seal_nonconviction-set	Provision the browser	2026-09-12T00:04:17.0422421Z |■■■■■■■■■■■■■■■■■■■■■■■■■■■■■■■■■■■■■■■■■■■■■■■■■■■■■■■■                        |  70% of 2.3 MiB
co_motion_seal_nonconviction-set	Provision the browser	2026-09-12T00:04:17.0438984Z |■■■■■■■■■■■■■■■■■■■■■■■■■■■■■■■■■■■■■■■■■■■■■■■■■■■■■■■■■■■■■■■■                |  80% of 2.3 MiB
co_motion_seal_nonconviction-set	Provision the browser	2026-09-12T00:04:17.0455455Z |■■■■■■■■■■■■■■■■■■■■■■■■■■■■■■■■■■■■■■■■■■■■■■■■■■■■■■■■■■■■■■■■■■■■■■■■        |  90% of 2.3 MiB
co_motion_seal_nonconviction-set	Provision the browser	2026-09-12T00:04:17.0466547Z |■■■■■■■■■■■■■■■■■■■■■■■■■■■■■■■■■■■■■■■■■■■■■■■■■■■■■■■■■■■■■■■■■■■■■■■■■■■■■■■■| 100% of 2.3 MiB
co_motion_seal_nonconviction-set	Provision the browser	2026-09-12T00:04:17.1100892Z FFmpeg (playwright ffmpeg v1011) downloaded to /home/runner/.cache/ms-playwright/ffmpeg-1011
co_motion_seal_nonconviction-set	Provision the browser	2026-09-12T00:04:17.1104565Z Downloading Chrome Headless Shell 148.0.7778.96 (playwright chromium-headless-shell v1223) from https://cdn.playwright.dev/builds/cft/148.0.7778.96/linux64/chrome-headless-shell-linux64.zip
co_motion_seal_nonconviction-set	Provision the browser	2026-09-12T00:04:18.0976100Z |                                                                                |   0% of 113.2 MiB
co_motion_seal_nonconviction-set	Provision the browser	2026-09-12T00:04:18.2393407Z |■■■■■■■■                                                                        |  10% of 113.2 MiB
co_motion_seal_nonconviction-set	Provision the browser	2026-09-12T00:04:18.3052343Z |■■■■■■■■■■■■■■■■                                                                |  20% of 113.2 MiB
co_motion_seal_nonconviction-set	Provision the browser	2026-09-12T00:04:18.3572887Z |■■■■■■■■■■■■■■■■■■■■■■■■                                                        |  30% of 113.2 MiB
co_motion_seal_nonconviction-set	Provision the browser	2026-09-12T00:04:18.4192626Z |■■■■■■■■■■■■■■■■■■■■■■■■■■■■■■■■                                                |  40% of 113.2 MiB
co_motion_seal_nonconviction-set	Provision the browser	2026-09-12T00:04:18.4942792Z |■■■■■■■■■■■■■■■■■■■■■■■■■■■■■■■■■■■■■■■■                                        |  50% of 113.2 MiB
co_motion_seal_nonconviction-set	Provision the browser	2026-09-12T00:04:18.5760608Z |■■■■■■■■■■■■■■■■■■■■■■■■■■■■■■■■■■■■■■■■■■■■■■■■                                |  60% of 113.2 MiB
co_motion_seal_nonconviction-set	Provision the browser	2026-09-12T00:04:18.6444288Z |■■■■■■■■■■■■■■■■■■■■■■■■■■■■■■■■■■■■■■■■■■■■■■■■■■■■■■■■                        |  70% of 113.2 MiB
co_motion_seal_nonconviction-set	Provision the browser	2026-09-12T00:04:18.7316231Z |■■■■■■■■■■■■■■■■■■■■■■■■■■■■■■■■■■■■■■■■■■■■■■■■■■■■■■■■■■■■■■■■                |  80% of 113.2 MiB
co_motion_seal_nonconviction-set	Provision the browser	2026-09-12T00:04:18.7921509Z |■■■■■■■■■■■■■■■■■■■■■■■■■■■■■■■■■■■■■■■■■■■■■■■■■■■■■■■■■■■■■■■■■■■■■■■■        |  90% of 113.2 MiB
co_motion_seal_nonconviction-set	Provision the browser	2026-09-12T00:04:18.8692797Z |■■■■■■■■■■■■■■■■■■■■■■■■■■■■■■■■■■■■■■■■■■■■■■■■■■■■■■■■■■■■■■■■■■■■■■■■■■■■■■■■| 100% of 113.2 MiB
co_motion_seal_nonconviction-set	Provision the browser	2026-09-12T00:04:20.8086820Z Chrome Headless Shell 148.0.7778.96 (playwright chromium-headless-shell v1223) downloaded to /home/runner/.cache/ms-playwright/chromium_headless_shell-1223
co_motion_seal_nonconviction-set	Render and measure co_motion_seal_nonconviction-set	﻿2026-09-12T00:04:20.8380535Z ##[group]Run node scripts/rcap-raster-batch.mjs \
co_motion_seal_nonconviction-set	Render and measure co_motion_seal_nonconviction-set	2026-09-12T00:04:20.8380966Z ^[[36;1mnode scripts/rcap-raster-batch.mjs \^[[0m
co_motion_seal_nonconviction-set	Render and measure co_motion_seal_nonconviction-set	2026-09-12T00:04:20.8381611Z ^[[36;1m  --manifest "$MANIFEST_PATH" \^[[0m
co_motion_seal_nonconviction-set	Render and measure co_motion_seal_nonconviction-set	2026-09-12T00:04:20.8381904Z ^[[36;1m  --family "$FAMILY" \^[[0m
co_motion_seal_nonconviction-set	Render and measure co_motion_seal_nonconviction-set	2026-09-12T00:04:20.8382166Z ^[[36;1m  --commit "$COMMIT_SHA" \^[[0m
co_motion_seal_nonconviction-set	Render and measure co_motion_seal_nonconviction-set	2026-09-12T00:04:20.8382435Z ^[[36;1m  --scale "$REQUESTED_SCALE" \^[[0m
co_motion_seal_nonconviction-set	Render and measure co_motion_seal_nonconviction-set	2026-09-12T00:04:20.8382713Z ^[[36;1m  --run-id "$WORKFLOW_RUN_ID" \^[[0m
co_motion_seal_nonconviction-set	Render and measure co_motion_seal_nonconviction-set	2026-09-12T00:04:20.8382989Z ^[[36;1m  --out raster-out^[[0m
co_motion_seal_nonconviction-set	Render and measure co_motion_seal_nonconviction-set	2026-09-12T00:04:20.8420215Z shell: /usr/bin/bash -e {0}
co_motion_seal_nonconviction-set	Render and measure co_motion_seal_nonconviction-set	2026-09-12T00:04:20.8420486Z env:
co_motion_seal_nonconviction-set	Render and measure co_motion_seal_nonconviction-set	2026-09-12T00:04:20.8420783Z   pythonLocation: /opt/hostedtoolcache/Python/3.12.14/x64
co_motion_seal_nonconviction-set	Render and measure co_motion_seal_nonconviction-set	2026-09-12T00:04:20.8421615Z   PKG_CONFIG_PATH: /opt/hostedtoolcache/Python/3.12.14/x64/lib/pkgconfig
co_motion_seal_nonconviction-set	Render and measure co_motion_seal_nonconviction-set	2026-09-12T00:04:20.8422061Z   Python_ROOT_DIR: /opt/hostedtoolcache/Python/3.12.14/x64
co_motion_seal_nonconviction-set	Render and measure co_motion_seal_nonconviction-set	2026-09-12T00:04:20.8422460Z   Python2_ROOT_DIR: /opt/hostedtoolcache/Python/3.12.14/x64
co_motion_seal_nonconviction-set	Render and measure co_motion_seal_nonconviction-set	2026-09-12T00:04:20.8422853Z   Python3_ROOT_DIR: /opt/hostedtoolcache/Python/3.12.14/x64
co_motion_seal_nonconviction-set	Render and measure co_motion_seal_nonconviction-set	2026-09-12T00:04:20.8423293Z   LD_LIBRARY_PATH: /opt/hostedtoolcache/Python/3.12.14/x64/lib
co_motion_seal_nonconviction-set	Render and measure co_motion_seal_nonconviction-set	2026-09-12T00:04:20.8423730Z   PLAYWRIGHT_BROWSERS_PATH: /home/runner/.cache/ms-playwright
co_motion_seal_nonconviction-set	Render and measure co_motion_seal_nonconviction-set	2026-09-12T00:04:20.8424309Z   MANIFEST_PATH: data/rcap-grade-a/packet-factory-24h/seven-cleared-20260911/co/raster-manifest.json
co_motion_seal_nonconviction-set	Render and measure co_motion_seal_nonconviction-set	2026-09-12T00:04:20.8424835Z   FAMILY: co_motion_seal_nonconviction-set
co_motion_seal_nonconviction-set	Render and measure co_motion_seal_nonconviction-set	2026-09-12T00:04:20.8425166Z   COMMIT_SHA: dd9c56c41826105b8f3bc98d24c38d1f8263b020
co_motion_seal_nonconviction-set	Render and measure co_motion_seal_nonconviction-set	2026-09-12T00:04:20.8425472Z   REQUESTED_SCALE: 2.5
co_motion_seal_nonconviction-set	Render and measure co_motion_seal_nonconviction-set	2026-09-12T00:04:20.8425695Z   WORKFLOW_RUN_ID: 34660023738
co_motion_seal_nonconviction-set	Render and measure co_motion_seal_nonconviction-set	2026-09-12T00:04:20.8426134Z ##[endgroup]
co_motion_seal_nonconviction-set	Render and measure co_motion_seal_nonconviction-set	2026-09-12T00:07:02.9325599Z RCAP_RECEIPT_BEGIN family=co_motion_seal_nonconviction-set run=34660023738 commit=dd9c56c41826105b8f3bc98d24c38d1f8263b020
co_motion_seal_nonconviction-set	Render and measure co_motion_seal_nonconviction-set	2026-09-12T00:07:02.9396648Z RCAP_RECEIPT_VERDICT {"schemaVersion":"rcap-raster-family-verdict/v1","familyId":"co_motion_seal_nonconviction-set","verdict":"RASTER_PASS","packetCommitSha":"dd9c56c41826105b8f3bc98d24c38d1f8263b020","workflowRunId":"34660023738","requestedScale":2.5,"cssPxPerPt":1.3333333333333333,"browserExecutable":"/home/runner/.cache/ms-playwright/chromium-1223/chrome-linux64/chrome","resolvedBy":"PLAYWRIGHT_BROWSERS_PATH","operatingSystem":"Linux 6.17.0-1022-azure x64","nodeVersion":"v22.23.2","hashesBound":{"canonical":{"path":"data/rcap-all50/overlays/census-v1/co/co-motion-seal-nonconviction-set--official-pdf-fill/fixtures/canonical.pdf","pinned":"cbd731d4c78fac6cf5c01d2fb06774faf317bcff04cef4bb1e9c29bdbeedae02"},"boundary":{"path":"data/rcap-all50/overlays/census-v1/co/co-motion-seal-nonconviction-set--official-pdf-fill/fixtures/boundary.pdf","pinned":"7f6c83e22ae24418a09334e03db673aa474bde9442ff0992055a7886dc147496"}},"documentsRendered":[{"role":"canonical","document":"canonical.pdf","path":"data/rcap-all50/overlays/census-v1/co/co-motion-seal-nonconviction-set--official-pdf-fill/fixtures/canonical.pdf","pinned":"cbd731d4c78fac6cf5c01d2fb06774faf317bcff04cef4bb1e9c29bdbeedae02"},{"role":"boundary","document":"boundary.pdf","path":"data/rcap-all50/overlays/census-v1/co/co-motion-seal-nonconviction-set--official-pdf-fill/fixtures/boundary.pdf","pinned":"7f6c83e22ae24418a09334e03db673aa474bde9442ff0992055a7886dc147496"}],"documentsDigest":"6b105ae28f529e2daafa2eb396db7e771410464a71dba22f8b0ab2b1b15eae40","coversTheWholeFamily":true,"decryptionTransforms":[],"decryptionRule":"An encrypted source is hashed before any transform; Poppler and qpdf must independently agree on its page count; only the temporary decrypted derivative is passed to pdf-lib for calibrated rendering; the queued packet bytes are never modified.","pagesMeasured":14,"measurements":[{"kind":"canonical","document":"canonical.pdf","page":1,"png":"co_motion_seal_nonconviction-set/canonical/page-001.png","bytes":409597,"pngSha256":"ec45180d074a90679b171370e9153bcacb3c7b9a2afcaa56d0cdfd444334c013","pngWidth":2040,"pngHeight":2640,"paper":{"x0":204,"y0":3,"x1":2243,"y1":2642,"width":2040,"height":2640},"pxPerPt":3.3333333333333335,"expectedPxPerPt":3.333333333333333,"pageWidthPt":612,"pageHeightPt":792,"expectedPx":{"width":2039.9999999999998,"height":2639.9999999999995,"tolerancePx":6.666666666666666},"calibrationResidualPx":0,"inkFractionInsidePaper":0.05667706476530006,"nonblank":true,"croppedToThePage":true},{"kind":"canonical","document":"canonical.pdf","page":2,"png":"co_motion_seal_nonconviction-set/canonical/page-002.png","bytes":350858,"pngSha256":"a67af41aa5f9e74bec100246288f11f2bfc92425c5e9ab42bdc4e1a851c78881","pngWidth":2040,"pngHeight":2640,"paper":{"x0":204,"y0":3,"x1":2243,"y1":2642,"width":2040,"height":2640},"pxPerPt":3.3333333333333335,"expectedPxPerPt":3.333333333333333,"pageWidthPt":612,"pageHeightPt":792,"expectedPx":{"width":2039.9999999999998,"height":2639.9999999999995,"tolerancePx":6.666666666666666},"calibrationResidualPx":0,"inkFractionInsidePaper":0.038503973559120615,"nonblank":true,"croppedToThePage":true},{"kind":"canonical","document":"canonical.pdf","page":3,"png":"co_motion_seal_nonconviction-set/canonical/page-003.png","bytes":130448,"pngSha256":"ce276bc53f02531d393ec6189ca351251aed31ce74713286fdd1f19f830b212b","pngWidth":2040,"pngHeight":2640,"paper":{"x0":204,"y0":3,"x1":2243,"y1":2642,"width":2040,"height":2640},"pxPerPt":3.3333333333333335,"expectedPxPerPt":3.333333333333333,"pageWidthPt":612,"pageHeightPt":792,"expectedPx":{"width":2039.9999999999998,"height":2639.9999999999995,"tolerancePx":6.666666666666666},"calibrationResidualPx":0,"inkFractionInsidePaper":0.011209521687462864,"nonblank":true,"croppedToThePage":true},{"kind":"canonical","document":"canonical.pdf","page":4,"png":"co_motion_seal_nonconviction-set/canonical/page-004.png","bytes":228236,"pngSha256":"bd27938978b45056ebd09ef03e2ded39adf60ed99d5e790e692eaddc965aee2c","pngWidth":2040,"pngHeight":2640,"paper":{"x0":204,"y0":3,"x1":2243,"y1":2642,"width":2040,"height":2640},"pxPerPt":3.3333333333333335,"expectedPxPerPt":3.333333333333333,"pageWidthPt":612,"pageHeightPt":792,"expectedPx":{"width":2039.9999999999998,"height":2639.9999999999995,"tolerancePx":6.666666666666666},"calibrationResidualPx":0,"inkFractionInsidePaper":0.03646854575163399,"nonblank":true,"croppedToThePage":true},{"kind":"canonical","document":"canonical.pdf","page":5,"png":"co_motion_seal_nonconviction-set/canonical/page-005.png","bytes":255746,"pngSha256":"7bb7d9f7b62036e90c60327808c43fff7601b435b4e6e998da1fab45f6b41ec1","pngWidth":2040,"pngHeight":2640,"paper":{"x0":204,"y0":3,"x1":2243,"y1":2642,"width":2040,"height":2640},"pxPerPt":3.3333333333333335,"expectedPxPerPt":3.333333333333333,"pageWidthPt":612,"pageHeightPt":792,"expectedPx":{"width":2039.9999999999998,"height":2639.9999999999995,"tolerancePx":6.666666666666666},"calibrationResidualPx":0,"inkFractionInsidePaper":0.04005050505050505,"nonblank":true,"croppedToThePage":true},{"kind":"canonical","document":"canonical.pdf","page":6,"png":"co_motion_seal_nonconviction-set/canonical/page-006.png","bytes":294581,"pngSha256":"1571e4c22b8deb297b95c4f7a606b58ee3aab50dfbe96963ba526acaba1a062d","pngWidth":2040,"pngHeight":2640,"paper":{"x0":204,"y0":3,"x1":2243,"y1":2642,"width":2040,"height":2640},"pxPerPt":3.3333333333333335,"expectedPxPerPt":3.333333333333333,"pageWidthPt":612,"pageHeightPt":792,"expectedPx":{"width":2039.9999999999998,"height":2639.9999999999995,"tolerancePx":6.666666666666666},"calibrationResidualPx":0,"inkFractionInsidePaper":0.0459820632798574,"nonblank":true,"croppedToThePage":true},{"kind":"canonical","document":"canonical.pdf","page":7,"png":"co_motion_seal_nonconviction-set/canonical/page-007.png","bytes":186461,"pngSha256":"a610a29e26635600c4f6c667ebd956ecd853db0f960ce90027be733e8b2c6137","pngWidth":2040,"pngHeight":2640,"paper":{"x0":204,"y0":3,"x1":2243,"y1":2642,"width":2040,"height":2640},"pxPerPt":3.3333333333333335,"expectedPxPerPt":3.333333333333333,"pageWidthPt":612,"pageHeightPt":792,"expectedPx":{"width":2039.9999999999998,"height":2639.9999999999995,"tolerancePx":6.666666666666666},"calibrationResidualPx":0,"inkFractionInsidePaper":0.02129437759952466,"nonblank":true,"croppedToThePage":true},{"kind":"boundary","document":"boundary.pdf","page":1,"png":"co_motion_seal_nonconviction-set/boundary/page-001.png","bytes":420601,"pngSha256":"56abd922f664f8f4c49311d5c158c5857d02949fecf1ebb1ae7f22ce0575854c","pngWidth":2040,"pngHeight":2640,"paper":{"x0":204,"y0":3,"x1":2243,"y1":2642,"width":2040,"height":2640},"pxPerPt":3.3333333333333335,"expectedPxPerPt":3.333333333333333,"pageWidthPt":612,"pageHeightPt":792,"expectedPx":{"width":2039.9999999999998,"height":2639.9999999999995,"tolerancePx":6.666666666666666},"calibrationResidualPx":0,"inkFractionInsidePaper":0.05796345811051693,"nonblank":true,"croppedToThePage":true},{"kind":"boundary","document":"boundary.pdf","page":2,"png":"co_motion_seal_nonconviction-set/boundary/page-002.png","bytes":350858,"pngSha256":"a67af41aa5f9e74bec100246288f11f2bfc92425c5e9ab42bdc4e1a851c78881","pngWidth":2040,"pngHeight":2640,"paper":{"x0":204,"y0":3,"x1":2243,"y1":2642,"width":2040,"height":2640},"pxPerPt":3.3333333333333335,"expectedPxPerPt":3.333333333333333,"pageWidthPt":612,"pageHeightPt":792,"expectedPx":{"width":2039.9999999999998,"height":2639.9999999999995,"tolerancePx":6.666666666666666},"calibrationResidualPx":0,"inkFractionInsidePaper":0.038503973559120615,"nonblank":true,"croppedToThePage":true},{"kind":"boundary","document":"boundary.pdf","page":3,"png":"co_motion_seal_nonconviction-set/boundary/page-003.png","bytes":130448,"pngSha256":"ce276bc53f02531d393ec6189ca351251aed31ce74713286fdd1f19f830b212b","pngWidth":2040,"pngHeight":2640,"paper":{"x0":204,"y0":3,"x1":2243,"y1":2642,"width":2040,"height":2640},"pxPerPt":3.3333333333333335,"expectedPxPerPt":3.333333333333333,"pageWidthPt":612,"pageHeightPt":792,"expectedPx":{"width":2039.9999999999998,"height":2639.9999999999995,"tolerancePx":6.666666666666666},"calibrationResidualPx":0,"inkFractionInsidePaper":0.011209521687462864,"nonblank":true,"croppedToThePage":true},{"kind":"boundary","document":"boundary.pdf","page":4,"png":"co_motion_seal_nonconviction-set/boundary/page-004.png","bytes":233483,"pngSha256":"17d5965fbfdd988745c9c96b961dc94848f9b7eed0fed61e2b996a9703e3a1f2","pngWidth":2040,"pngHeight":2640,"paper":{"x0":204,"y0":3,"x1":2243,"y1":2642,"width":2040,"height":2640},"pxPerPt":3.3333333333333335,"expectedPxPerPt":3.333333333333333,"pageWidthPt":612,"pageHeightPt":792,"expectedPx":{"width":2039.9999999999998,"height":2639.9999999999995,"tolerancePx":6.666666666666666},"calibrationResidualPx":0,"inkFractionInsidePaper":0.037030414438502676,"nonblank":true,"croppedToThePage":true},{"kind":"boundary","document":"boundary.pdf","page":5,"png":"co_motion_seal_nonconviction-set/boundary/page-005.png","bytes":261396,"pngSha256":"1a6f9f9d44d93334b0880b2cdbea2daeccf047623868e6a9546222111bfceb5a","pngWidth":2040,"pngHeight":2640,"paper":{"x0":204,"y0":3,"x1":2243,"y1":2642,"width":2040,"height":2640},"pxPerPt":3.3333333333333335,"expectedPxPerPt":3.333333333333333,"pageWidthPt":612,"pageHeightPt":792,"expectedPx":{"width":2039.9999999999998,"height":2639.9999999999995,"tolerancePx":6.666666666666666},"calibrationResidualPx":0,"inkFractionInsidePaper":0.04058340760546643,"nonblank":true,"croppedToThePage":true},{"kind":"boundary","document":"boundary.pdf","page":6,"png":"co_motion_seal_nonconviction-set/boundary/page-006.png","bytes":304384,"pngSha256":"850431bed5cd06da0aefbeb235eae69dd879a31166797b118661cd62818f1a77","pngWidth":2040,"pngHeight":2640,"paper":{"x0":204,"y0":3,"x1":2243,"y1":2642,"width":2040,"height":2640},"pxPerPt":3.3333333333333335,"expectedPxPerPt":3.333333333333333,"pageWidthPt":612,"pageHeightPt":792,"expectedPx":{"width":2039.9999999999998,"height":2639.9999999999995,"tolerancePx":6.666666666666666},"calibrationResidualPx":0,"inkFractionInsidePaper":0.047144050802139036,"nonblank":true,"croppedToThePage":true},{"kind":"boundary","document":"boundary.pdf","page":7,"png":"co_motion_seal_nonconviction-set/boundary/page-007.png","bytes":186461,"pngSha256":"a610a29e26635600c4f6c667ebd956ecd853db0f960ce90027be733e8b2c6137","pngWidth":2040,"pngHeight":2640,"paper":{"x0":204,"y0":3,"x1":2243,"y1":2642,"width":2040,"height":2640},"pxPerPt":3.3333333333333335,"expectedPxPerPt":3.333333333333333,"pageWidthPt":612,"pageHeightPt":792,"expectedPx":{"width":2039.9999999999998,"height":2639.9999999999995,"tolerancePx":6.666666666666666},"calibrationResidualPx":0,"inkFractionInsidePaper":0.02129437759952466,"nonblank":true,"croppedToThePage":true}],"problems":[],"environmentProblems":[],"whatThisDoesNotDecide":"This is one gate. RASTER_PASS does not make a family PASS_COMPLETE, promotes nothing, and opens no commercial route.","packetPdfsModified":0,"bodiesCommitted":0,"commercialRoutesOpened":0,"productionTouched":false}
co_motion_seal_nonconviction-set	Render and measure co_motion_seal_nonconviction-set	2026-09-12T00:07:02.9488507Z RCAP_RECEIPT_INVENTORY [{"runId":"34660023738","familyId":"co_motion_seal_nonconviction-set","member":"co_motion_seal_nonconviction-set/canonical/page-001.png","bytes":409597,"sha256":"ec45180d074a90679b171370e9153bcacb3c7b9a2afcaa56d0cdfd444334c013","pngWidth":2040,"pngHeight":2640},{"runId":"34660023738","familyId":"co_motion_seal_nonconviction-set","member":"co_motion_seal_nonconviction-set/canonical/page-002.png","bytes":350858,"sha256":"a67af41aa5f9e74bec100246288f11f2bfc92425c5e9ab42bdc4e1a851c78881","pngWidth":2040,"pngHeight":2640},{"runId":"34660023738","familyId":"co_motion_seal_nonconviction-set","member":"co_motion_seal_nonconviction-set/canonical/page-003.png","bytes":130448,"sha256":"ce276bc53f02531d393ec6189ca351251aed31ce74713286fdd1f19f830b212b","pngWidth":2040,"pngHeight":2640},{"runId":"34660023738","familyId":"co_motion_seal_nonconviction-set","member":"co_motion_seal_nonconviction-set/canonical/page-004.png","bytes":228236,"sha256":"bd27938978b45056ebd09ef03e2ded39adf60ed99d5e790e692eaddc965aee2c","pngWidth":2040,"pngHeight":2640},{"runId":"34660023738","familyId":"co_motion_seal_nonconviction-set","member":"co_motion_seal_nonconviction-set/canonical/page-005.png","bytes":255746,"sha256":"7bb7d9f7b62036e90c60327808c43fff7601b435b4e6e998da1fab45f6b41ec1","pngWidth":2040,"pngHeight":2640},{"runId":"34660023738","familyId":"co_motion_seal_nonconviction-set","member":"co_motion_seal_nonconviction-set/canonical/page-006.png","bytes":294581,"sha256":"1571e4c22b8deb297b95c4f7a606b58ee3aab50dfbe96963ba526acaba1a062d","pngWidth":2040,"pngHeight":2640},{"runId":"34660023738","familyId":"co_motion_seal_nonconviction-set","member":"co_motion_seal_nonconviction-set/canonical/page-007.png","bytes":186461,"sha256":"a610a29e26635600c4f6c667ebd956ecd853db0f960ce90027be733e8b2c6137","pngWidth":2040,"pngHeight":2640},{"runId":"34660023738","familyId":"co_motion_seal_nonconviction-set","member":"co_motion_seal_nonconviction-set/boundary/page-001.png","bytes":420601,"sha256":"56abd922f664f8f4c49311d5c158c5857d02949fecf1ebb1ae7f22ce0575854c","pngWidth":2040,"pngHeight":2640},{"runId":"34660023738","familyId":"co_motion_seal_nonconviction-set","member":"co_motion_seal_nonconviction-set/boundary/page-002.png","bytes":350858,"sha256":"a67af41aa5f9e74bec100246288f11f2bfc92425c5e9ab42bdc4e1a851c78881","pngWidth":2040,"pngHeight":2640},{"runId":"34660023738","familyId":"co_motion_seal_nonconviction-set","member":"co_motion_seal_nonconviction-set/boundary/page-003.png","bytes":130448,"sha256":"ce276bc53f02531d393ec6189ca351251aed31ce74713286fdd1f19f830b212b","pngWidth":2040,"pngHeight":2640},{"runId":"34660023738","familyId":"co_motion_seal_nonconviction-set","member":"co_motion_seal_nonconviction-set/boundary/page-004.png","bytes":233483,"sha256":"17d5965fbfdd988745c9c96b961dc94848f9b7eed0fed61e2b996a9703e3a1f2","pngWidth":2040,"pngHeight":2640},{"runId":"34660023738","familyId":"co_motion_seal_nonconviction-set","member":"co_motion_seal_nonconviction-set/boundary/page-005.png","bytes":261396,"sha256":"1a6f9f9d44d93334b0880b2cdbea2daeccf047623868e6a9546222111bfceb5a","pngWidth":2040,"pngHeight":2640},{"runId":"34660023738","familyId":"co_motion_seal_nonconviction-set","member":"co_motion_seal_nonconviction-set/boundary/page-006.png","bytes":304384,"sha256":"850431bed5cd06da0aefbeb235eae69dd879a31166797b118661cd62818f1a77","pngWidth":2040,"pngHeight":2640},{"runId":"34660023738","familyId":"co_motion_seal_nonconviction-set","member":"co_motion_seal_nonconviction-set/boundary/page-007.png","bytes":186461,"sha256":"a610a29e26635600c4f6c667ebd956ecd853db0f960ce90027be733e8b2c6137","pngWidth":2040,"pngHeight":2640}]
co_motion_seal_nonconviction-set	Render and measure co_motion_seal_nonconviction-set	2026-09-12T00:07:02.9511893Z RCAP_RECEIPT_END family=co_motion_seal_nonconviction-set run=34660023738 pages=14
co_motion_seal_nonconviction-set	Render and measure co_motion_seal_nonconviction-set	2026-09-12T00:07:02.9513447Z RASTER_PASS co_motion_seal_nonconviction-set — 2 document(s), 14 page(s) measured, 0 problem(s)
co_motion_seal_nonconviction-set	Print the verdict and the page digests to the log	﻿2026-09-12T00:07:02.9594771Z ##[group]Run set -uo pipefail
co_motion_seal_nonconviction-set	Print the verdict and the page digests to the log	2026-09-12T00:07:02.9595188Z ^[[36;1mset -uo pipefail^[[0m
co_motion_seal_nonconviction-set	Print the verdict and the page digests to the log	2026-09-12T00:07:02.9595498Z ^[[36;1mfor v in raster-out/*.verdict.json; do^[[0m
co_motion_seal_nonconviction-set	Print the verdict and the page digests to the log	2026-09-12T00:07:02.9595849Z ^[[36;1m  [ -e "$v" ] || continue^[[0m
co_motion_seal_nonconviction-set	Print the verdict and the page digests to the log	2026-09-12T00:07:02.9596184Z ^[[36;1m  echo "===== BEGIN VERDICT $(basename "$v") ====="^[[0m
co_motion_seal_nonconviction-set	Print the verdict and the page digests to the log	2026-09-12T00:07:02.9596536Z ^[[36;1m  cat "$v"^[[0m
co_motion_seal_nonconviction-set	Print the verdict and the page digests to the log	2026-09-12T00:07:02.9596821Z ^[[36;1m  echo "===== END VERDICT $(basename "$v") ====="^[[0m
co_motion_seal_nonconviction-set	Print the verdict and the page digests to the log	2026-09-12T00:07:02.9597151Z ^[[36;1mdone^[[0m
co_motion_seal_nonconviction-set	Print the verdict and the page digests to the log	2026-09-12T00:07:02.9597394Z ^[[36;1mecho "===== BEGIN PAGE DIGESTS ====="^[[0m
co_motion_seal_nonconviction-set	Print the verdict and the page digests to the log	2026-09-12T00:07:02.9597889Z ^[[36;1mfind raster-out -type f -name '*.png' -print0 | sort -z | xargs -0 -r sha256sum^[[0m
co_motion_seal_nonconviction-set	Print the verdict and the page digests to the log	2026-09-12T00:07:02.9598383Z ^[[36;1mecho "===== END PAGE DIGESTS ====="^[[0m
co_motion_seal_nonconviction-set	Print the verdict and the page digests to the log	2026-09-12T00:07:02.9634916Z shell: /usr/bin/bash -e {0}
co_motion_seal_nonconviction-set	Print the verdict and the page digests to the log	2026-09-12T00:07:02.9635209Z env:
co_motion_seal_nonconviction-set	Print the verdict and the page digests to the log	2026-09-12T00:07:02.9635518Z   pythonLocation: /opt/hostedtoolcache/Python/3.12.14/x64
co_motion_seal_nonconviction-set	Print the verdict and the page digests to the log	2026-09-12T00:07:02.9636048Z   PKG_CONFIG_PATH: /opt/hostedtoolcache/Python/3.12.14/x64/lib/pkgconfig
co_motion_seal_nonconviction-set	Print the verdict and the page digests to the log	2026-09-12T00:07:02.9636626Z   Python_ROOT_DIR: /opt/hostedtoolcache/Python/3.12.14/x64
co_motion_seal_nonconviction-set	Print the verdict and the page digests to the log	2026-09-12T00:07:02.9637291Z   Python2_ROOT_DIR: /opt/hostedtoolcache/Python/3.12.14/x64
co_motion_seal_nonconviction-set	Print the verdict and the page digests to the log	2026-09-12T00:07:02.9637791Z   Python3_ROOT_DIR: /opt/hostedtoolcache/Python/3.12.14/x64
co_motion_seal_nonconviction-set	Print the verdict and the page digests to the log	2026-09-12T00:07:02.9638295Z   LD_LIBRARY_PATH: /opt/hostedtoolcache/Python/3.12.14/x64/lib
co_motion_seal_nonconviction-set	Print the verdict and the page digests to the log	2026-09-12T00:07:02.9638818Z   PLAYWRIGHT_BROWSERS_PATH: /home/runner/.cache/ms-playwright
co_motion_seal_nonconviction-set	Print the verdict and the page digests to the log	2026-09-12T00:07:02.9639253Z ##[endgroup]
co_motion_seal_nonconviction-set	Print the verdict and the page digests to the log	2026-09-12T00:07:02.9719485Z ===== BEGIN VERDICT co_motion_seal_nonconviction-set.verdict.json =====
co_motion_seal_nonconviction-set	Print the verdict and the page digests to the log	2026-09-12T00:07:02.9729960Z {
co_motion_seal_nonconviction-set	Print the verdict and the page digests to the log	2026-09-12T00:07:02.9730674Z   "schemaVersion": "rcap-raster-family-verdict/v1",
co_motion_seal_nonconviction-set	Print the verdict and the page digests to the log	2026-09-12T00:07:02.9731746Z   "familyId": "co_motion_seal_nonconviction-set",
co_motion_seal_nonconviction-set	Print the verdict and the page digests to the log	2026-09-12T00:07:02.9732418Z   "verdict": "RASTER_PASS",
co_motion_seal_nonconviction-set	Print the verdict and the page digests to the log	2026-09-12T00:07:02.9733192Z   "packetCommitSha": "dd9c56c41826105b8f3bc98d24c38d1f8263b020",
co_motion_seal_nonconviction-set	Print the verdict and the page digests to the log	2026-09-12T00:07:02.9734042Z   "workflowRunId": "34660023738",
co_motion_seal_nonconviction-set	Print the verdict and the page digests to the log	2026-09-12T00:07:02.9734593Z   "requestedScale": 2.5,
co_motion_seal_nonconviction-set	Print the verdict and the page digests to the log	2026-09-12T00:07:02.9735136Z   "cssPxPerPt": 1.3333333333333333,
co_motion_seal_nonconviction-set	Print the verdict and the page digests to the log	2026-09-12T00:07:02.9736185Z   "browserExecutable": "/home/runner/.cache/ms-playwright/chromium-1223/chrome-linux64/chrome",
co_motion_seal_nonconviction-set	Print the verdict and the page digests to the log	2026-09-12T00:07:02.9737246Z   "resolvedBy": "PLAYWRIGHT_BROWSERS_PATH",
co_motion_seal_nonconviction-set	Print the verdict and the page digests to the log	2026-09-12T00:07:02.9737964Z   "operatingSystem": "Linux 6.17.0-1022-azure x64",
co_motion_seal_nonconviction-set	Print the verdict and the page digests to the log	2026-09-12T00:07:02.9738593Z   "nodeVersion": "v22.23.2",
co_motion_seal_nonconviction-set	Print the verdict and the page digests to the log	2026-09-12T00:07:02.9739083Z   "hashesBound": {
co_motion_seal_nonconviction-set	Print the verdict and the page digests to the log	2026-09-12T00:07:02.9739499Z     "canonical": {
co_motion_seal_nonconviction-set	Print the verdict and the page digests to the log	2026-09-12T00:07:02.9740408Z       "path": "data/rcap-all50/overlays/census-v1/co/co-motion-seal-nonconviction-set--official-pdf-fill/fixtures/canonical.pdf",
co_motion_seal_nonconviction-set	Print the verdict and the page digests to the log	2026-09-12T00:07:02.9741852Z       "pinned": "cbd731d4c78fac6cf5c01d2fb06774faf317bcff04cef4bb1e9c29bdbeedae02"
co_motion_seal_nonconviction-set	Print the verdict and the page digests to the log	2026-09-12T00:07:02.9742408Z     },
co_motion_seal_nonconviction-set	Print the verdict and the page digests to the log	2026-09-12T00:07:02.9742649Z     "boundary": {
co_motion_seal_nonconviction-set	Print the verdict and the page digests to the log	2026-09-12T00:07:02.9743571Z       "path": "data/rcap-all50/overlays/census-v1/co/co-motion-seal-nonconviction-set--official-pdf-fill/fixtures/boundary.pdf",
co_motion_seal_nonconviction-set	Print the verdict and the page digests to the log	2026-09-12T00:07:02.9744907Z       "pinned": "7f6c83e22ae24418a09334e03db673aa474bde9442ff0992055a7886dc147496"
co_motion_seal_nonconviction-set	Print the verdict and the page digests to the log	2026-09-12T00:07:02.9745772Z     }
co_motion_seal_nonconviction-set	Print the verdict and the page digests to the log	2026-09-12T00:07:02.9746152Z   },
co_motion_seal_nonconviction-set	Print the verdict and the page digests to the log	2026-09-12T00:07:02.9746703Z   "documentsRendered": [
co_motion_seal_nonconviction-set	Print the verdict and the page digests to the log	2026-09-12T00:07:02.9747165Z     {
co_motion_seal_nonconviction-set	Print the verdict and the page digests to the log	2026-09-12T00:07:02.9747556Z       "role": "canonical",
co_motion_seal_nonconviction-set	Print the verdict and the page digests to the log	2026-09-12T00:07:02.9748151Z       "document": "canonical.pdf",
co_motion_seal_nonconviction-set	Print the verdict and the page digests to the log	2026-09-12T00:07:02.9749328Z       "path": "data/rcap-all50/overlays/census-v1/co/co-motion-seal-nonconviction-set--official-pdf-fill/fixtures/canonical.pdf",
co_motion_seal_nonconviction-set	Print the verdict and the page digests to the log	2026-09-12T00:07:02.9750718Z       "pinned": "cbd731d4c78fac6cf5c01d2fb06774faf317bcff04cef4bb1e9c29bdbeedae02"
co_motion_seal_nonconviction-set	Print the verdict and the page digests to the log	2026-09-12T00:07:02.9751751Z     },
co_motion_seal_nonconviction-set	Print the verdict and the page digests to the log	2026-09-12T00:07:02.9752062Z     {
co_motion_seal_nonconviction-set	Print the verdict and the page digests to the log	2026-09-12T00:07:02.9752382Z       "role": "boundary",
co_motion_seal_nonconviction-set	Print the verdict and the page digests to the log	2026-09-12T00:07:02.9752852Z       "document": "boundary.pdf",
co_motion_seal_nonconviction-set	Print the verdict and the page digests to the log	2026-09-12T00:07:02.9753922Z       "path": "data/rcap-all50/overlays/census-v1/co/co-motion-seal-nonconviction-set--official-pdf-fill/fixtures/boundary.pdf",
co_motion_seal_nonconviction-set	Print the verdict and the page digests to the log	2026-09-12T00:07:02.9755297Z       "pinned": "7f6c83e22ae24418a09334e03db673aa474bde9442ff0992055a7886dc147496"
co_motion_seal_nonconviction-set	Print the verdict and the page digests to the log	2026-09-12T00:07:02.9755734Z     }
co_motion_seal_nonconviction-set	Print the verdict and the page digests to the log	2026-09-12T00:07:02.9755918Z   ],
co_motion_seal_nonconviction-set	Print the verdict and the page digests to the log	2026-09-12T00:07:02.9756348Z   "documentsDigest": "6b105ae28f529e2daafa2eb396db7e771410464a71dba22f8b0ab2b1b15eae40",
co_motion_seal_nonconviction-set	Print the verdict and the page digests to the log	2026-09-12T00:07:02.9756864Z   "coversTheWholeFamily": true,
co_motion_seal_nonconviction-set	Print the verdict and the page digests to the log	2026-09-12T00:07:02.9757153Z   "decryptionTransforms": [],
co_motion_seal_nonconviction-set	Print the verdict and the page digests to the log	2026-09-12T00:07:02.9758321Z   "decryptionRule": "An encrypted source is hashed before any transform; Poppler and qpdf must independently agree on its page count; only the temporary decrypted derivative is passed to pdf-lib for calibrated rendering; the queued packet bytes are never modified.",
co_motion_seal_nonconviction-set	Print the verdict and the page digests to the log	2026-09-12T00:07:02.9759546Z   "pagesMeasured": 14,
co_motion_seal_nonconviction-set	Print the verdict and the page digests to the log	2026-09-12T00:07:02.9759941Z   "measurements": [
co_motion_seal_nonconviction-set	Print the verdict and the page digests to the log	2026-09-12T00:07:02.9760290Z     {
co_motion_seal_nonconviction-set	Print the verdict and the page digests to the log	2026-09-12T00:07:02.9760622Z       "kind": "canonical",
co_motion_seal_nonconviction-set	Print the verdict and the page digests to the log	2026-09-12T00:07:02.9761377Z       "document": "canonical.pdf",
co_motion_seal_nonconviction-set	Print the verdict and the page digests to the log	2026-09-12T00:07:02.9761931Z       "page": 1,
co_motion_seal_nonconviction-set	Print the verdict and the page digests to the log	2026-09-12T00:07:02.9762355Z       "png": "co_motion_seal_nonconviction-set/canonical/page-001.png",
co_motion_seal_nonconviction-set	Print the verdict and the page digests to the log	2026-09-12T00:07:02.9762969Z       "bytes": 409597,
co_motion_seal_nonconviction-set	Print the verdict and the page digests to the log	2026-09-12T00:07:02.9763389Z       "pngSha256": "ec45180d074a90679b171370e9153bcacb3c7b9a2afcaa56d0cdfd444334c013",
co_motion_seal_nonconviction-set	Print the verdict and the page digests to the log	2026-09-12T00:07:02.9763820Z       "pngWidth": 2040,
co_motion_seal_nonconviction-set	Print the verdict and the page digests to the log	2026-09-12T00:07:02.9764048Z       "pngHeight": 2640,
co_motion_seal_nonconviction-set	Print the verdict and the page digests to the log	2026-09-12T00:07:02.9764277Z       "paper": {
co_motion_seal_nonconviction-set	Print the verdict and the page digests to the log	2026-09-12T00:07:02.9764477Z         "x0": 204,
co_motion_seal_nonconviction-set	Print the verdict and the page digests to the log	2026-09-12T00:07:02.9764800Z         "y0": 3,
co_motion_seal_nonconviction-set	Print the verdict and the page digests to the log	2026-09-12T00:07:02.9765154Z         "x1": 2243,
co_motion_seal_nonconviction-set	Print the verdict and the page digests to the log	2026-09-12T00:07:02.9765507Z         "y1": 2642,
co_motion_seal_nonconviction-set	Print the verdict and the page digests to the log	2026-09-12T00:07:02.9765949Z         "width": 2040,
co_motion_seal_nonconviction-set	Print the verdict and the page digests to the log	2026-09-12T00:07:02.9766385Z         "height": 2640
co_motion_seal_nonconviction-set	Print the verdict and the page digests to the log	2026-09-12T00:07:02.9766788Z       },
co_motion_seal_nonconviction-set	Print the verdict and the page digests to the log	2026-09-12T00:07:02.9767190Z       "pxPerPt": 3.3333333333333335,
co_motion_seal_nonconviction-set	Print the verdict and the page digests to the log	2026-09-12T00:07:02.9767734Z       "expectedPxPerPt": 3.333333333333333,
co_motion_seal_nonconviction-set	Print the verdict and the page digests to the log	2026-09-12T00:07:02.9768246Z       "pageWidthPt": 612,
co_motion_seal_nonconviction-set	Print the verdict and the page digests to the log	2026-09-12T00:07:02.9768667Z       "pageHeightPt": 792,
co_motion_seal_nonconviction-set	Print the verdict and the page digests to the log	2026-09-12T00:07:02.9769104Z       "expectedPx": {
co_motion_seal_nonconviction-set	Print the verdict and the page digests to the log	2026-09-12T00:07:02.9769552Z         "width": 2039.9999999999998,
co_motion_seal_nonconviction-set	Print the verdict and the page digests to the log	2026-09-12T00:07:02.9770056Z         "height": 2639.9999999999995,
co_motion_seal_nonconviction-set	Print the verdict and the page digests to the log	2026-09-12T00:07:02.9770581Z         "tolerancePx": 6.666666666666666
co_motion_seal_nonconviction-set	Print the verdict and the page digests to the log	2026-09-12T00:07:02.9771050Z       },
co_motion_seal_nonconviction-set	Print the verdict and the page digests to the log	2026-09-12T00:07:02.9771721Z       "calibrationResidualPx": 0,
co_motion_seal_nonconviction-set	Print the verdict and the page digests to the log	2026-09-12T00:07:02.9772313Z       "inkFractionInsidePaper": 0.05667706476530006,
co_motion_seal_nonconviction-set	Print the verdict and the page digests to the log	2026-09-12T00:07:02.9772862Z       "nonblank": true,
co_motion_seal_nonconviction-set	Print the verdict and the page digests to the log	2026-09-12T00:07:02.9773317Z       "croppedToThePage": true
co_motion_seal_nonconviction-set	Print the verdict and the page digests to the log	2026-09-12T00:07:02.9773741Z     },
co_motion_seal_nonconviction-set	Print the verdict and the page digests to the log	2026-09-12T00:07:02.9774059Z     {
co_motion_seal_nonconviction-set	Print the verdict and the page digests to the log	2026-09-12T00:07:02.9774408Z       "kind": "canonical",
co_motion_seal_nonconviction-set	Print the verdict and the page digests to the log	2026-09-12T00:07:02.9774788Z       "document": "canonical.pdf",
co_motion_seal_nonconviction-set	Print the verdict and the page digests to the log	2026-09-12T00:07:02.9775048Z       "page": 2,
co_motion_seal_nonconviction-set	Print the verdict and the page digests to the log	2026-09-12T00:07:02.9775385Z       "png": "co_motion_seal_nonconviction-set/canonical/page-002.png",
co_motion_seal_nonconviction-set	Print the verdict and the page digests to the log	2026-09-12T00:07:02.9775739Z       "bytes": 350858,
co_motion_seal_nonconviction-set	Print the verdict and the page digests to the log	2026-09-12T00:07:02.9776163Z       "pngSha256": "a67af41aa5f9e74bec100246288f11f2bfc92425c5e9ab42bdc4e1a851c78881",
co_motion_seal_nonconviction-set	Print the verdict and the page digests to the log	2026-09-12T00:07:02.9776615Z       "pngWidth": 2040,
co_motion_seal_nonconviction-set	Print the verdict and the page digests to the log	2026-09-12T00:07:02.9776845Z       "pngHeight": 2640,
co_motion_seal_nonconviction-set	Print the verdict and the page digests to the log	2026-09-12T00:07:02.9777080Z       "paper": {
co_motion_seal_nonconviction-set	Print the verdict and the page digests to the log	2026-09-12T00:07:02.9777287Z         "x0": 204,
co_motion_seal_nonconviction-set	Print the verdict and the page digests to the log	2026-09-12T00:07:02.9777483Z         "y0": 3,
co_motion_seal_nonconviction-set	Print the verdict and the page digests to the log	2026-09-12T00:07:02.9777684Z         "x1": 2243,
co_motion_seal_nonconviction-set	Print the verdict and the page digests to the log	2026-09-12T00:07:02.9777878Z         "y1": 2642,
co_motion_seal_nonconviction-set	Print the verdict and the page digests to the log	2026-09-12T00:07:02.9778077Z         "width": 2040,
co_motion_seal_nonconviction-set	Print the verdict and the page digests to the log	2026-09-12T00:07:02.9778289Z         "height": 2640
co_motion_seal_nonconviction-set	Print the verdict and the page digests to the log	2026-09-12T00:07:02.9778489Z       },
co_motion_seal_nonconviction-set	Print the verdict and the page digests to the log	2026-09-12T00:07:02.9778715Z       "pxPerPt": 3.3333333333333335,
co_motion_seal_nonconviction-set	Print the verdict and the page digests to the log	2026-09-12T00:07:02.9779022Z       "expectedPxPerPt": 3.333333333333333,
co_motion_seal_nonconviction-set	Print the verdict and the page digests to the log	2026-09-12T00:07:02.9779303Z       "pageWidthPt": 612,
co_motion_seal_nonconviction-set	Print the verdict and the page digests to the log	2026-09-12T00:07:02.9779542Z       "pageHeightPt": 792,
co_motion_seal_nonconviction-set	Print the verdict and the page digests to the log	2026-09-12T00:07:02.9779776Z       "expectedPx": {
co_motion_seal_nonconviction-set	Print the verdict and the page digests to the log	2026-09-12T00:07:02.9780021Z         "width": 2039.9999999999998,
co_motion_seal_nonconviction-set	Print the verdict and the page digests to the log	2026-09-12T00:07:02.9780328Z         "height": 2639.9999999999995,
co_motion_seal_nonconviction-set	Print the verdict and the page digests to the log	2026-09-12T00:07:02.9780615Z         "tolerancePx": 6.666666666666666
co_motion_seal_nonconviction-set	Print the verdict and the page digests to the log	2026-09-12T00:07:02.9781354Z       },
co_motion_seal_nonconviction-set	Print the verdict and the page digests to the log	2026-09-12T00:07:02.9781644Z       "calibrationResidualPx": 0,
co_motion_seal_nonconviction-set	Print the verdict and the page digests to the log	2026-09-12T00:07:02.9781973Z       "inkFractionInsidePaper": 0.038503973559120615,
co_motion_seal_nonconviction-set	Print the verdict and the page digests to the log	2026-09-12T00:07:02.9782285Z       "nonblank": true,
co_motion_seal_nonconviction-set	Print the verdict and the page digests to the log	2026-09-12T00:07:02.9782634Z       "croppedToThePage": true
co_motion_seal_nonconviction-set	Print the verdict and the page digests to the log	2026-09-12T00:07:02.9782900Z     },
co_motion_seal_nonconviction-set	Print the verdict and the page digests to the log	2026-09-12T00:07:02.9783078Z     {
co_motion_seal_nonconviction-set	Print the verdict and the page digests to the log	2026-09-12T00:07:02.9783266Z       "kind": "canonical",
co_motion_seal_nonconviction-set	Print the verdict and the page digests to the log	2026-09-12T00:07:02.9783529Z       "document": "canonical.pdf",
co_motion_seal_nonconviction-set	Print the verdict and the page digests to the log	2026-09-12T00:07:02.9783780Z       "page": 3,
co_motion_seal_nonconviction-set	Print the verdict and the page digests to the log	2026-09-12T00:07:02.9784112Z       "png": "co_motion_seal_nonconviction-set/canonical/page-003.png",
co_motion_seal_nonconviction-set	Print the verdict and the page digests to the log	2026-09-12T00:07:02.9784468Z       "bytes": 130448,
co_motion_seal_nonconviction-set	Print the verdict and the page digests to the log	2026-09-12T00:07:02.9784873Z       "pngSha256": "ce276bc53f02531d393ec6189ca351251aed31ce74713286fdd1f19f830b212b",
co_motion_seal_nonconviction-set	Print the verdict and the page digests to the log	2026-09-12T00:07:02.9785292Z       "pngWidth": 2040,
co_motion_seal_nonconviction-set	Print the verdict and the page digests to the log	2026-09-12T00:07:02.9785513Z       "pngHeight": 2640,
co_motion_seal_nonconviction-set	Print the verdict and the page digests to the log	2026-09-12T00:07:02.9785979Z       "paper": {
co_motion_seal_nonconviction-set	Print the verdict and the page digests to the log	2026-09-12T00:07:02.9786198Z         "x0": 204,
co_motion_seal_nonconviction-set	Print the verdict and the page digests to the log	2026-09-12T00:07:02.9786413Z         "y0": 3,
co_motion_seal_nonconviction-set	Print the verdict and the page digests to the log	2026-09-12T00:07:02.9786605Z         "x1": 2243,
co_motion_seal_nonconviction-set	Print the verdict and the page digests to the log	2026-09-12T00:07:02.9786827Z         "y1": 2642,
co_motion_seal_nonconviction-set	Print the verdict and the page digests to the log	2026-09-12T00:07:02.9787216Z         "width": 2040,
co_motion_seal_nonconviction-set	Print the verdict and the page digests to the log	2026-09-12T00:07:02.9787435Z         "height": 2640
co_motion_seal_nonconviction-set	Print the verdict and the page digests to the log	2026-09-12T00:07:02.9787641Z       },
co_motion_seal_nonconviction-set	Print the verdict and the page digests to the log	2026-09-12T00:07:02.9787860Z       "pxPerPt": 3.3333333333333335,
co_motion_seal_nonconviction-set	Print the verdict and the page digests to the log	2026-09-12T00:07:02.9788163Z       "expectedPxPerPt": 3.333333333333333,
co_motion_seal_nonconviction-set	Print the verdict and the page digests to the log	2026-09-12T00:07:02.9788445Z       "pageWidthPt": 612,
co_motion_seal_nonconviction-set	Print the verdict and the page digests to the log	2026-09-12T00:07:02.9788687Z       "pageHeightPt": 792,
co_motion_seal_nonconviction-set	Print the verdict and the page digests to the log	2026-09-12T00:07:02.9788927Z       "expectedPx": {
co_motion_seal_nonconviction-set	Print the verdict and the page digests to the log	2026-09-12T00:07:02.9789166Z         "width": 2039.9999999999998,
co_motion_seal_nonconviction-set	Print the verdict and the page digests to the log	2026-09-12T00:07:02.9789446Z         "height": 2639.9999999999995,
co_motion_seal_nonconviction-set	Print the verdict and the page digests to the log	2026-09-12T00:07:02.9789730Z         "tolerancePx": 6.666666666666666
co_motion_seal_nonconviction-set	Print the verdict and the page digests to the log	2026-09-12T00:07:02.9789982Z       },
co_motion_seal_nonconviction-set	Print the verdict and the page digests to the log	2026-09-12T00:07:02.9790203Z       "calibrationResidualPx": 0,
co_motion_seal_nonconviction-set	Print the verdict and the page digests to the log	2026-09-12T00:07:02.9790533Z       "inkFractionInsidePaper": 0.011209521687462864,
co_motion_seal_nonconviction-set	Print the verdict and the page digests to the log	2026-09-12T00:07:02.9790834Z       "nonblank": true,
co_motion_seal_nonconviction-set	Print the verdict and the page digests to the log	2026-09-12T00:07:02.9791363Z       "croppedToThePage": true
co_motion_seal_nonconviction-set	Print the verdict and the page digests to the log	2026-09-12T00:07:02.9791683Z     },
co_motion_seal_nonconviction-set	Print the verdict and the page digests to the log	2026-09-12T00:07:02.9791863Z     {
co_motion_seal_nonconviction-set	Print the verdict and the page digests to the log	2026-09-12T00:07:02.9792061Z       "kind": "canonical",
co_motion_seal_nonconviction-set	Print the verdict and the page digests to the log	2026-09-12T00:07:02.9792325Z       "document": "canonical.pdf",
co_motion_seal_nonconviction-set	Print the verdict and the page digests to the log	2026-09-12T00:07:02.9792572Z       "page": 4,
co_motion_seal_nonconviction-set	Print the verdict and the page digests to the log	2026-09-12T00:07:02.9792907Z       "png": "co_motion_seal_nonconviction-set/canonical/page-004.png",
co_motion_seal_nonconviction-set	Print the verdict and the page digests to the log	2026-09-12T00:07:02.9793258Z       "bytes": 228236,
co_motion_seal_nonconviction-set	Print the verdict and the page digests to the log	2026-09-12T00:07:02.9793661Z       "pngSha256": "bd27938978b45056ebd09ef03e2ded39adf60ed99d5e790e692eaddc965aee2c",
co_motion_seal_nonconviction-set	Print the verdict and the page digests to the log	2026-09-12T00:07:02.9794084Z       "pngWidth": 2040,
co_motion_seal_nonconviction-set	Print the verdict and the page digests to the log	2026-09-12T00:07:02.9794303Z       "pngHeight": 2640,
co_motion_seal_nonconviction-set	Print the verdict and the page digests to the log	2026-09-12T00:07:02.9794524Z       "paper": {
co_motion_seal_nonconviction-set	Print the verdict and the page digests to the log	2026-09-12T00:07:02.9794721Z         "x0": 204,
co_motion_seal_nonconviction-set	Print the verdict and the page digests to the log	2026-09-12T00:07:02.9794915Z         "y0": 3,
co_motion_seal_nonconviction-set	Print the verdict and the page digests to the log	2026-09-12T00:07:02.9795105Z         "x1": 2243,
co_motion_seal_nonconviction-set	Print the verdict and the page digests to the log	2026-09-12T00:07:02.9795307Z         "y1": 2642,
co_motion_seal_nonconviction-set	Print the verdict and the page digests to the log	2026-09-12T00:07:02.9795504Z         "width": 2040,
co_motion_seal_nonconviction-set	Print the verdict and the page digests to the log	2026-09-12T00:07:02.9795712Z         "height": 2640
co_motion_seal_nonconviction-set	Print the verdict and the page digests to the log	2026-09-12T00:07:02.9795918Z       },
co_motion_seal_nonconviction-set	Print the verdict and the page digests to the log	2026-09-12T00:07:02.9796134Z       "pxPerPt": 3.3333333333333335,
co_motion_seal_nonconviction-set	Print the verdict and the page digests to the log	2026-09-12T00:07:02.9796429Z       "expectedPxPerPt": 3.333333333333333,
co_motion_seal_nonconviction-set	Print the verdict and the page digests to the log	2026-09-12T00:07:02.9796716Z       "pageWidthPt": 612,
co_motion_seal_nonconviction-set	Print the verdict and the page digests to the log	2026-09-12T00:07:02.9796950Z       "pageHeightPt": 792,
co_motion_seal_nonconviction-set	Print the verdict and the page digests to the log	2026-09-12T00:07:02.9797179Z       "expectedPx": {
co_motion_seal_nonconviction-set	Print the verdict and the page digests to the log	2026-09-12T00:07:02.9797427Z         "width": 2039.9999999999998,
co_motion_seal_nonconviction-set	Print the verdict and the page digests to the log	2026-09-12T00:07:02.9797813Z         "height": 2639.9999999999995,
co_motion_seal_nonconviction-set	Print the verdict and the page digests to the log	2026-09-12T00:07:02.9798312Z         "tolerancePx": 6.666666666666666
co_motion_seal_nonconviction-set	Print the verdict and the page digests to the log	2026-09-12T00:07:02.9798756Z       },
co_motion_seal_nonconviction-set	Print the verdict and the page digests to the log	2026-09-12T00:07:02.9799132Z       "calibrationResidualPx": 0,
co_motion_seal_nonconviction-set	Print the verdict and the page digests to the log	2026-09-12T00:07:02.9799562Z       "inkFractionInsidePaper": 0.03646854575163399,
co_motion_seal_nonconviction-set	Print the verdict and the page digests to the log	2026-09-12T00:07:02.9799865Z       "nonblank": true,
co_motion_seal_nonconviction-set	Print the verdict and the page digests to the log	2026-09-12T00:07:02.9800114Z       "croppedToThePage": true
co_motion_seal_nonconviction-set	Print the verdict and the page digests to the log	2026-09-12T00:07:02.9800344Z     },
co_motion_seal_nonconviction-set	Print the verdict and the page digests to the log	2026-09-12T00:07:02.9800660Z     {
co_motion_seal_nonconviction-set	Print the verdict and the page digests to the log	2026-09-12T00:07:02.9801003Z       "kind": "canonical",
co_motion_seal_nonconviction-set	Print the verdict and the page digests to the log	2026-09-12T00:07:02.9801538Z       "document": "canonical.pdf",
co_motion_seal_nonconviction-set	Print the verdict and the page digests to the log	2026-09-12T00:07:02.9802176Z       "page": 5,
co_motion_seal_nonconviction-set	Print the verdict and the page digests to the log	2026-09-12T00:07:02.9802563Z       "png": "co_motion_seal_nonconviction-set/canonical/page-005.png",
co_motion_seal_nonconviction-set	Print the verdict and the page digests to the log	2026-09-12T00:07:02.9802933Z       "bytes": 255746,
co_motion_seal_nonconviction-set	Print the verdict and the page digests to the log	2026-09-12T00:07:02.9803340Z       "pngSha256": "7bb7d9f7b62036e90c60327808c43fff7601b435b4e6e998da1fab45f6b41ec1",
co_motion_seal_nonconviction-set	Print the verdict and the page digests to the log	2026-09-12T00:07:02.9803882Z       "pngWidth": 2040,
co_motion_seal_nonconviction-set	Print the verdict and the page digests to the log	2026-09-12T00:07:02.9804260Z       "pngHeight": 2640,
co_motion_seal_nonconviction-set	Print the verdict and the page digests to the log	2026-09-12T00:07:02.9804491Z       "paper": {
co_motion_seal_nonconviction-set	Print the verdict and the page digests to the log	2026-09-12T00:07:02.9804687Z         "x0": 204,
co_motion_seal_nonconviction-set	Print the verdict and the page digests to the log	2026-09-12T00:07:02.9804889Z         "y0": 3,
co_motion_seal_nonconviction-set	Print the verdict and the page digests to the log	2026-09-12T00:07:02.9805087Z         "x1": 2243,
co_motion_seal_nonconviction-set	Print the verdict and the page digests to the log	2026-09-12T00:07:02.9805285Z         "y1": 2642,
co_motion_seal_nonconviction-set	Print the verdict and the page digests to the log	2026-09-12T00:07:02.9805483Z         "width": 2040,
co_motion_seal_nonconviction-set	Print the verdict and the page digests to the log	2026-09-12T00:07:02.9805692Z         "height": 2640
co_motion_seal_nonconviction-set	Print the verdict and the page digests to the log	2026-09-12T00:07:02.9806049Z       },
co_motion_seal_nonconviction-set	Print the verdict and the page digests to the log	2026-09-12T00:07:02.9806377Z       "pxPerPt": 3.3333333333333335,
co_motion_seal_nonconviction-set	Print the verdict and the page digests to the log	2026-09-12T00:07:02.9806684Z       "expectedPxPerPt": 3.333333333333333,
co_motion_seal_nonconviction-set	Print the verdict and the page digests to the log	2026-09-12T00:07:02.9806968Z       "pageWidthPt": 612,
co_motion_seal_nonconviction-set	Print the verdict and the page digests to the log	2026-09-12T00:07:02.9807210Z       "pageHeightPt": 792,
co_motion_seal_nonconviction-set	Print the verdict and the page digests to the log	2026-09-12T00:07:02.9807452Z       "expectedPx": {
co_motion_seal_nonconviction-set	Print the verdict and the page digests to the log	2026-09-12T00:07:02.9807691Z         "width": 2039.9999999999998,
co_motion_seal_nonconviction-set	Print the verdict and the page digests to the log	2026-09-12T00:07:02.9808428Z         "height": 2639.9999999999995,
co_motion_seal_nonconviction-set	Print the verdict and the page digests to the log	2026-09-12T00:07:02.9808864Z         "tolerancePx": 6.666666666666666
co_motion_seal_nonconviction-set	Print the verdict and the page digests to the log	2026-09-12T00:07:02.9809126Z       },
co_motion_seal_nonconviction-set	Print the verdict and the page digests to the log	2026-09-12T00:07:02.9809350Z       "calibrationResidualPx": 0,
co_motion_seal_nonconviction-set	Print the verdict and the page digests to the log	2026-09-12T00:07:02.9809747Z       "inkFractionInsidePaper": 0.04005050505050505,
co_motion_seal_nonconviction-set	Print the verdict and the page digests to the log	2026-09-12T00:07:02.9810239Z       "nonblank": true,
co_motion_seal_nonconviction-set	Print the verdict and the page digests to the log	2026-09-12T00:07:02.9810495Z       "croppedToThePage": true
co_motion_seal_nonconviction-set	Print the verdict and the page digests to the log	2026-09-12T00:07:02.9810733Z     },
co_motion_seal_nonconviction-set	Print the verdict and the page digests to the log	2026-09-12T00:07:02.9810910Z     {
co_motion_seal_nonconviction-set	Print the verdict and the page digests to the log	2026-09-12T00:07:02.9811337Z       "kind": "canonical",
co_motion_seal_nonconviction-set	Print the verdict and the page digests to the log	2026-09-12T00:07:02.9811609Z       "document": "canonical.pdf",
co_motion_seal_nonconviction-set	Print the verdict and the page digests to the log	2026-09-12T00:07:02.9812083Z       "page": 6,
co_motion_seal_nonconviction-set	Print the verdict and the page digests to the log	2026-09-12T00:07:02.9812476Z       "png": "co_motion_seal_nonconviction-set/canonical/page-006.png",
co_motion_seal_nonconviction-set	Print the verdict and the page digests to the log	2026-09-12T00:07:02.9812842Z       "bytes": 294581,
co_motion_seal_nonconviction-set	Print the verdict and the page digests to the log	2026-09-12T00:07:02.9813250Z       "pngSha256": "1571e4c22b8deb297b95c4f7a606b58ee3aab50dfbe96963ba526acaba1a062d",
co_motion_seal_nonconviction-set	Print the verdict and the page digests to the log	2026-09-12T00:07:02.9813685Z       "pngWidth": 2040,
co_motion_seal_nonconviction-set	Print the verdict and the page digests to the log	2026-09-12T00:07:02.9813912Z       "pngHeight": 2640,
co_motion_seal_nonconviction-set	Print the verdict and the page digests to the log	2026-09-12T00:07:02.9814136Z       "paper": {
co_motion_seal_nonconviction-set	Print the verdict and the page digests to the log	2026-09-12T00:07:02.9814339Z         "x0": 204,
co_motion_seal_nonconviction-set	Print the verdict and the page digests to the log	2026-09-12T00:07:02.9814533Z         "y0": 3,
co_motion_seal_nonconviction-set	Print the verdict and the page digests to the log	2026-09-12T00:07:02.9814722Z         "x1": 2243,
co_motion_seal_nonconviction-set	Print the verdict and the page digests to the log	2026-09-12T00:07:02.9815112Z         "y1": 2642,
co_motion_seal_nonconviction-set	Print the verdict and the page digests to the log	2026-09-12T00:07:02.9815391Z         "width": 2040,
co_motion_seal_nonconviction-set	Print the verdict and the page digests to the log	2026-09-12T00:07:02.9815606Z         "height": 2640
co_motion_seal_nonconviction-set	Print the verdict and the page digests to the log	2026-09-12T00:07:02.9815809Z       },
co_motion_seal_nonconviction-set	Print the verdict and the page digests to the log	2026-09-12T00:07:02.9816034Z       "pxPerPt": 3.3333333333333335,
co_motion_seal_nonconviction-set	Print the verdict and the page digests to the log	2026-09-12T00:07:02.9816330Z       "expectedPxPerPt": 3.333333333333333,
co_motion_seal_nonconviction-set	Print the verdict and the page digests to the log	2026-09-12T00:07:02.9816608Z       "pageWidthPt": 612,
co_motion_seal_nonconviction-set	Print the verdict and the page digests to the log	2026-09-12T00:07:02.9816841Z       "pageHeightPt": 792,
co_motion_seal_nonconviction-set	Print the verdict and the page digests to the log	2026-09-12T00:07:02.9817067Z       "expectedPx": {
co_motion_seal_nonconviction-set	Print the verdict and the page digests to the log	2026-09-12T00:07:02.9817309Z         "width": 2039.9999999999998,
co_motion_seal_nonconviction-set	Print the verdict and the page digests to the log	2026-09-12T00:07:02.9817739Z         "height": 2639.9999999999995,
co_motion_seal_nonconviction-set	Print the verdict and the page digests to the log	2026-09-12T00:07:02.9818146Z         "tolerancePx": 6.666666666666666
co_motion_seal_nonconviction-set	Print the verdict and the page digests to the log	2026-09-12T00:07:02.9818407Z       },
co_motion_seal_nonconviction-set	Print the verdict and the page digests to the log	2026-09-12T00:07:02.9818691Z       "calibrationResidualPx": 0,
co_motion_seal_nonconviction-set	Print the verdict and the page digests to the log	2026-09-12T00:07:02.9819409Z       "inkFractionInsidePaper": 0.0459820632798574,
co_motion_seal_nonconviction-set	Print the verdict and the page digests to the log	2026-09-12T00:07:02.9819891Z       "nonblank": true,
co_motion_seal_nonconviction-set	Print the verdict and the page digests to the log	2026-09-12T00:07:02.9820152Z       "croppedToThePage": true
co_motion_seal_nonconviction-set	Print the verdict and the page digests to the log	2026-09-12T00:07:02.9820385Z     },
co_motion_seal_nonconviction-set	Print the verdict and the page digests to the log	2026-09-12T00:07:02.9820728Z     {
co_motion_seal_nonconviction-set	Print the verdict and the page digests to the log	2026-09-12T00:07:02.9821270Z       "kind": "canonical",
co_motion_seal_nonconviction-set	Print the verdict and the page digests to the log	2026-09-12T00:07:02.9821623Z       "document": "canonical.pdf",
co_motion_seal_nonconviction-set	Print the verdict and the page digests to the log	2026-09-12T00:07:02.9821884Z       "page": 7,
co_motion_seal_nonconviction-set	Print the verdict and the page digests to the log	2026-09-12T00:07:02.9822222Z       "png": "co_motion_seal_nonconviction-set/canonical/page-007.png",
co_motion_seal_nonconviction-set	Print the verdict and the page digests to the log	2026-09-12T00:07:02.9822582Z       "bytes": 186461,
co_motion_seal_nonconviction-set	Print the verdict and the page digests to the log	2026-09-12T00:07:02.9823269Z       "pngSha256": "a610a29e26635600c4f6c667ebd956ecd853db0f960ce90027be733e8b2c6137",
co_motion_seal_nonconviction-set	Print the verdict and the page digests to the log	2026-09-12T00:07:02.9823709Z       "pngWidth": 2040,
co_motion_seal_nonconviction-set	Print the verdict and the page digests to the log	2026-09-12T00:07:02.9823937Z       "pngHeight": 2640,
co_motion_seal_nonconviction-set	Print the verdict and the page digests to the log	2026-09-12T00:07:02.9824162Z       "paper": {
co_motion_seal_nonconviction-set	Print the verdict and the page digests to the log	2026-09-12T00:07:02.9824358Z         "x0": 204,
co_motion_seal_nonconviction-set	Print the verdict and the page digests to the log	2026-09-12T00:07:02.9824741Z         "y0": 3,
co_motion_seal_nonconviction-set	Print the verdict and the page digests to the log	2026-09-12T00:07:02.9824931Z         "x1": 2243,
co_motion_seal_nonconviction-set	Print the verdict and the page digests to the log	2026-09-12T00:07:02.9825292Z         "y1": 2642,
co_motion_seal_nonconviction-set	Print the verdict and the page digests to the log	2026-09-12T00:07:02.9825626Z         "width": 2040,
co_motion_seal_nonconviction-set	Print the verdict and the page digests to the log	2026-09-12T00:07:02.9825850Z         "height": 2640
co_motion_seal_nonconviction-set	Print the verdict and the page digests to the log	2026-09-12T00:07:02.9826053Z       },
co_motion_seal_nonconviction-set	Print the verdict and the page digests to the log	2026-09-12T00:07:02.9826272Z       "pxPerPt": 3.3333333333333335,
co_motion_seal_nonconviction-set	Print the verdict and the page digests to the log	2026-09-12T00:07:02.9826651Z       "expectedPxPerPt": 3.333333333333333,
co_motion_seal_nonconviction-set	Print the verdict and the page digests to the log	2026-09-12T00:07:02.9827115Z       "pageWidthPt": 612,
co_motion_seal_nonconviction-set	Print the verdict and the page digests to the log	2026-09-12T00:07:02.9827357Z       "pageHeightPt": 792,
co_motion_seal_nonconviction-set	Print the verdict and the page digests to the log	2026-09-12T00:07:02.9827595Z       "expectedPx": {
co_motion_seal_nonconviction-set	Print the verdict and the page digests to the log	2026-09-12T00:07:02.9827834Z         "width": 2039.9999999999998,
co_motion_seal_nonconviction-set	Print the verdict and the page digests to the log	2026-09-12T00:07:02.9828224Z         "height": 2639.9999999999995,
co_motion_seal_nonconviction-set	Print the verdict and the page digests to the log	2026-09-12T00:07:02.9828656Z         "tolerancePx": 6.666666666666666
co_motion_seal_nonconviction-set	Print the verdict and the page digests to the log	2026-09-12T00:07:02.9828913Z       },
co_motion_seal_nonconviction-set	Print the verdict and the page digests to the log	2026-09-12T00:07:02.9829133Z       "calibrationResidualPx": 0,
co_motion_seal_nonconviction-set	Print the verdict and the page digests to the log	2026-09-12T00:07:02.9829465Z       "inkFractionInsidePaper": 0.02129437759952466,
co_motion_seal_nonconviction-set	Print the verdict and the page digests to the log	2026-09-12T00:07:02.9829777Z       "nonblank": true,
co_motion_seal_nonconviction-set	Print the verdict and the page digests to the log	2026-09-12T00:07:02.9830090Z       "croppedToThePage": true
co_motion_seal_nonconviction-set	Print the verdict and the page digests to the log	2026-09-12T00:07:02.9830503Z     },
co_motion_seal_nonconviction-set	Print the verdict and the page digests to the log	2026-09-12T00:07:02.9830807Z     {
co_motion_seal_nonconviction-set	Print the verdict and the page digests to the log	2026-09-12T00:07:02.9831566Z       "kind": "boundary",
co_motion_seal_nonconviction-set	Print the verdict and the page digests to the log	2026-09-12T00:07:02.9832022Z       "document": "boundary.pdf",
co_motion_seal_nonconviction-set	Print the verdict and the page digests to the log	2026-09-12T00:07:02.9832426Z       "page": 1,
co_motion_seal_nonconviction-set	Print the verdict and the page digests to the log	2026-09-12T00:07:02.9832766Z       "png": "co_motion_seal_nonconviction-set/boundary/page-001.png",
co_motion_seal_nonconviction-set	Print the verdict and the page digests to the log	2026-09-12T00:07:02.9833236Z       "bytes": 420601,
co_motion_seal_nonconviction-set	Print the verdict and the page digests to the log	2026-09-12T00:07:02.9833904Z       "pngSha256": "56abd922f664f8f4c49311d5c158c5857d02949fecf1ebb1ae7f22ce0575854c",
co_motion_seal_nonconviction-set	Print the verdict and the page digests to the log	2026-09-12T00:07:02.9834355Z       "pngWidth": 2040,
co_motion_seal_nonconviction-set	Print the verdict and the page digests to the log	2026-09-12T00:07:02.9834586Z       "pngHeight": 2640,
co_motion_seal_nonconviction-set	Print the verdict and the page digests to the log	2026-09-12T00:07:02.9834806Z       "paper": {
co_motion_seal_nonconviction-set	Print the verdict and the page digests to the log	2026-09-12T00:07:02.9835006Z         "x0": 204,
co_motion_seal_nonconviction-set	Print the verdict and the page digests to the log	2026-09-12T00:07:02.9835201Z         "y0": 3,
co_motion_seal_nonconviction-set	Print the verdict and the page digests to the log	2026-09-12T00:07:02.9835723Z         "x1": 2243,
co_motion_seal_nonconviction-set	Print the verdict and the page digests to the log	2026-09-12T00:07:02.9836097Z         "y1": 2642,
co_motion_seal_nonconviction-set	Print the verdict and the page digests to the log	2026-09-12T00:07:02.9836451Z         "width": 2040,
co_motion_seal_nonconviction-set	Print the verdict and the page digests to the log	2026-09-12T00:07:02.9836805Z         "height": 2640
co_motion_seal_nonconviction-set	Print the verdict and the page digests to the log	2026-09-12T00:07:02.9837166Z       },
co_motion_seal_nonconviction-set	Print the verdict and the page digests to the log	2026-09-12T00:07:02.9837524Z       "pxPerPt": 3.3333333333333335,
co_motion_seal_nonconviction-set	Print the verdict and the page digests to the log	2026-09-12T00:07:02.9837839Z       "expectedPxPerPt": 3.333333333333333,
co_motion_seal_nonconviction-set	Print the verdict and the page digests to the log	2026-09-12T00:07:02.9838125Z       "pageWidthPt": 612,
co_motion_seal_nonconviction-set	Print the verdict and the page digests to the log	2026-09-12T00:07:02.9838367Z       "pageHeightPt": 792,
co_motion_seal_nonconviction-set	Print the verdict and the page digests to the log	2026-09-12T00:07:02.9838601Z       "expectedPx": {
co_motion_seal_nonconviction-set	Print the verdict and the page digests to the log	2026-09-12T00:07:02.9838845Z         "width": 2039.9999999999998,
co_motion_seal_nonconviction-set	Print the verdict and the page digests to the log	2026-09-12T00:07:02.9839126Z         "height": 2639.9999999999995,
co_motion_seal_nonconviction-set	Print the verdict and the page digests to the log	2026-09-12T00:07:02.9839418Z         "tolerancePx": 6.666666666666666
co_motion_seal_nonconviction-set	Print the verdict and the page digests to the log	2026-09-12T00:07:02.9839668Z       },
co_motion_seal_nonconviction-set	Print the verdict and the page digests to the log	2026-09-12T00:07:02.9839891Z       "calibrationResidualPx": 0,
co_motion_seal_nonconviction-set	Print the verdict and the page digests to the log	2026-09-12T00:07:02.9840215Z       "inkFractionInsidePaper": 0.05796345811051693,
co_motion_seal_nonconviction-set	Print the verdict and the page digests to the log	2026-09-12T00:07:02.9840520Z       "nonblank": true,
co_motion_seal_nonconviction-set	Print the verdict and the page digests to the log	2026-09-12T00:07:02.9840772Z       "croppedToThePage": true
co_motion_seal_nonconviction-set	Print the verdict and the page digests to the log	2026-09-12T00:07:02.9841011Z     },
co_motion_seal_nonconviction-set	Print the verdict and the page digests to the log	2026-09-12T00:07:02.9841549Z     {
co_motion_seal_nonconviction-set	Print the verdict and the page digests to the log	2026-09-12T00:07:02.9841765Z       "kind": "boundary",
co_motion_seal_nonconviction-set	Print the verdict and the page digests to the log	2026-09-12T00:07:02.9842032Z       "document": "boundary.pdf",
co_motion_seal_nonconviction-set	Print the verdict and the page digests to the log	2026-09-12T00:07:02.9842288Z       "page": 2,
co_motion_seal_nonconviction-set	Print the verdict and the page digests to the log	2026-09-12T00:07:02.9842628Z       "png": "co_motion_seal_nonconviction-set/boundary/page-002.png",
co_motion_seal_nonconviction-set	Print the verdict and the page digests to the log	2026-09-12T00:07:02.9842999Z       "bytes": 350858,
co_motion_seal_nonconviction-set	Print the verdict and the page digests to the log	2026-09-12T00:07:02.9843420Z       "pngSha256": "a67af41aa5f9e74bec100246288f11f2bfc92425c5e9ab42bdc4e1a851c78881",
co_motion_seal_nonconviction-set	Print the verdict and the page digests to the log	2026-09-12T00:07:02.9843851Z       "pngWidth": 2040,
co_motion_seal_nonconviction-set	Print the verdict and the page digests to the log	2026-09-12T00:07:02.9844078Z       "pngHeight": 2640,
co_motion_seal_nonconviction-set	Print the verdict and the page digests to the log	2026-09-12T00:07:02.9844302Z       "paper": {
co_motion_seal_nonconviction-set	Print the verdict and the page digests to the log	2026-09-12T00:07:02.9844509Z         "x0": 204,
co_motion_seal_nonconviction-set	Print the verdict and the page digests to the log	2026-09-12T00:07:02.9844704Z         "y0": 3,
co_motion_seal_nonconviction-set	Print the verdict and the page digests to the log	2026-09-12T00:07:02.9844895Z         "x1": 2243,
co_motion_seal_nonconviction-set	Print the verdict and the page digests to the log	2026-09-12T00:07:02.9845090Z         "y1": 2642,
co_motion_seal_nonconviction-set	Print the verdict and the page digests to the log	2026-09-12T00:07:02.9845287Z         "width": 2040,
co_motion_seal_nonconviction-set	Print the verdict and the page digests to the log	2026-09-12T00:07:02.9845500Z         "height": 2640
co_motion_seal_nonconviction-set	Print the verdict and the page digests to the log	2026-09-12T00:07:02.9845703Z       },
co_motion_seal_nonconviction-set	Print the verdict and the page digests to the log	2026-09-12T00:07:02.9845927Z       "pxPerPt": 3.3333333333333335,
co_motion_seal_nonconviction-set	Print the verdict and the page digests to the log	2026-09-12T00:07:02.9846224Z       "expectedPxPerPt": 3.333333333333333,
co_motion_seal_nonconviction-set	Print the verdict and the page digests to the log	2026-09-12T00:07:02.9846505Z       "pageWidthPt": 612,
co_motion_seal_nonconviction-set	Print the verdict and the page digests to the log	2026-09-12T00:07:02.9846738Z       "pageHeightPt": 792,
co_motion_seal_nonconviction-set	Print the verdict and the page digests to the log	2026-09-12T00:07:02.9847159Z       "expectedPx": {
co_motion_seal_nonconviction-set	Print the verdict and the page digests to the log	2026-09-12T00:07:02.9847407Z         "width": 2039.9999999999998,
co_motion_seal_nonconviction-set	Print the verdict and the page digests to the log	2026-09-12T00:07:02.9847684Z         "height": 2639.9999999999995,
co_motion_seal_nonconviction-set	Print the verdict and the page digests to the log	2026-09-12T00:07:02.9847964Z         "tolerancePx": 6.666666666666666
co_motion_seal_nonconviction-set	Print the verdict and the page digests to the log	2026-09-12T00:07:02.9848214Z       },
co_motion_seal_nonconviction-set	Print the verdict and the page digests to the log	2026-09-12T00:07:02.9848437Z       "calibrationResidualPx": 0,
co_motion_seal_nonconviction-set	Print the verdict and the page digests to the log	2026-09-12T00:07:02.9848758Z       "inkFractionInsidePaper": 0.038503973559120615,
co_motion_seal_nonconviction-set	Print the verdict and the page digests to the log	2026-09-12T00:07:02.9849068Z       "nonblank": true,
co_motion_seal_nonconviction-set	Print the verdict and the page digests to the log	2026-09-12T00:07:02.9849316Z       "croppedToThePage": true
co_motion_seal_nonconviction-set	Print the verdict and the page digests to the log	2026-09-12T00:07:02.9849548Z     },
co_motion_seal_nonconviction-set	Print the verdict and the page digests to the log	2026-09-12T00:07:02.9849721Z     {
co_motion_seal_nonconviction-set	Print the verdict and the page digests to the log	2026-09-12T00:07:02.9849910Z       "kind": "boundary",
co_motion_seal_nonconviction-set	Print the verdict and the page digests to the log	2026-09-12T00:07:02.9850165Z       "document": "boundary.pdf",
co_motion_seal_nonconviction-set	Print the verdict and the page digests to the log	2026-09-12T00:07:02.9850411Z       "page": 3,
co_motion_seal_nonconviction-set	Print the verdict and the page digests to the log	2026-09-12T00:07:02.9850737Z       "png": "co_motion_seal_nonconviction-set/boundary/page-003.png",
co_motion_seal_nonconviction-set	Print the verdict and the page digests to the log	2026-09-12T00:07:02.9851356Z       "bytes": 130448,
co_motion_seal_nonconviction-set	Print the verdict and the page digests to the log	2026-09-12T00:07:02.9851803Z       "pngSha256": "ce276bc53f02531d393ec6189ca351251aed31ce74713286fdd1f19f830b212b",
co_motion_seal_nonconviction-set	Print the verdict and the page digests to the log	2026-09-12T00:07:02.9852241Z       "pngWidth": 2040,
co_motion_seal_nonconviction-set	Print the verdict and the page digests to the log	2026-09-12T00:07:02.9852467Z       "pngHeight": 2640,
co_motion_seal_nonconviction-set	Print the verdict and the page digests to the log	2026-09-12T00:07:02.9852856Z       "paper": {
co_motion_seal_nonconviction-set	Print the verdict and the page digests to the log	2026-09-12T00:07:02.9853052Z         "x0": 204,
co_motion_seal_nonconviction-set	Print the verdict and the page digests to the log	2026-09-12T00:07:02.9853249Z         "y0": 3,
co_motion_seal_nonconviction-set	Print the verdict and the page digests to the log	2026-09-12T00:07:02.9853439Z         "x1": 2243,
co_motion_seal_nonconviction-set	Print the verdict and the page digests to the log	2026-09-12T00:07:02.9853633Z         "y1": 2642,
co_motion_seal_nonconviction-set	Print the verdict and the page digests to the log	2026-09-12T00:07:02.9853832Z         "width": 2040,
co_motion_seal_nonconviction-set	Print the verdict and the page digests to the log	2026-09-12T00:07:02.9854046Z         "height": 2640
co_motion_seal_nonconviction-set	Print the verdict and the page digests to the log	2026-09-12T00:07:02.9854248Z       },
co_motion_seal_nonconviction-set	Print the verdict and the page digests to the log	2026-09-12T00:07:02.9854472Z       "pxPerPt": 3.3333333333333335,
co_motion_seal_nonconviction-set	Print the verdict and the page digests to the log	2026-09-12T00:07:02.9854770Z       "expectedPxPerPt": 3.333333333333333,
co_motion_seal_nonconviction-set	Print the verdict and the page digests to the log	2026-09-12T00:07:02.9855051Z       "pageWidthPt": 612,
co_motion_seal_nonconviction-set	Print the verdict and the page digests to the log	2026-09-12T00:07:02.9855288Z       "pageHeightPt": 792,
co_motion_seal_nonconviction-set	Print the verdict and the page digests to the log	2026-09-12T00:07:02.9855531Z       "expectedPx": {
co_motion_seal_nonconviction-set	Print the verdict and the page digests to the log	2026-09-12T00:07:02.9855769Z         "width": 2039.9999999999998,
co_motion_seal_nonconviction-set	Print the verdict and the page digests to the log	2026-09-12T00:07:02.9856043Z         "height": 2639.9999999999995,
co_motion_seal_nonconviction-set	Print the verdict and the page digests to the log	2026-09-12T00:07:02.9856328Z         "tolerancePx": 6.666666666666666
co_motion_seal_nonconviction-set	Print the verdict and the page digests to the log	2026-09-12T00:07:02.9856587Z       },
co_motion_seal_nonconviction-set	Print the verdict and the page digests to the log	2026-09-12T00:07:02.9856809Z       "calibrationResidualPx": 0,
co_motion_seal_nonconviction-set	Print the verdict and the page digests to the log	2026-09-12T00:07:02.9857144Z       "inkFractionInsidePaper": 0.011209521687462864,
co_motion_seal_nonconviction-set	Print the verdict and the page digests to the log	2026-09-12T00:07:02.9857453Z       "nonblank": true,
co_motion_seal_nonconviction-set	Print the verdict and the page digests to the log	2026-09-12T00:07:02.9857708Z       "croppedToThePage": true
co_motion_seal_nonconviction-set	Print the verdict and the page digests to the log	2026-09-12T00:07:02.9857945Z     },
co_motion_seal_nonconviction-set	Print the verdict and the page digests to the log	2026-09-12T00:07:02.9858120Z     {
co_motion_seal_nonconviction-set	Print the verdict and the page digests to the log	2026-09-12T00:07:02.9858307Z       "kind": "boundary",
co_motion_seal_nonconviction-set	Print the verdict and the page digests to the log	2026-09-12T00:07:02.9858567Z       "document": "boundary.pdf",
co_motion_seal_nonconviction-set	Print the verdict and the page digests to the log	2026-09-12T00:07:02.9858811Z       "page": 4,
co_motion_seal_nonconviction-set	Print the verdict and the page digests to the log	2026-09-12T00:07:02.9859139Z       "png": "co_motion_seal_nonconviction-set/boundary/page-004.png",
co_motion_seal_nonconviction-set	Print the verdict and the page digests to the log	2026-09-12T00:07:02.9859494Z       "bytes": 233483,
co_motion_seal_nonconviction-set	Print the verdict and the page digests to the log	2026-09-12T00:07:02.9859939Z       "pngSha256": "17d5965fbfdd988745c9c96b961dc94848f9b7eed0fed61e2b996a9703e3a1f2",
co_motion_seal_nonconviction-set	Print the verdict and the page digests to the log	2026-09-12T00:07:02.9860375Z       "pngWidth": 2040,
co_motion_seal_nonconviction-set	Print the verdict and the page digests to the log	2026-09-12T00:07:02.9860598Z       "pngHeight": 2640,
co_motion_seal_nonconviction-set	Print the verdict and the page digests to the log	2026-09-12T00:07:02.9860819Z       "paper": {
co_motion_seal_nonconviction-set	Print the verdict and the page digests to the log	2026-09-12T00:07:02.9861016Z         "x0": 204,
co_motion_seal_nonconviction-set	Print the verdict and the page digests to the log	2026-09-12T00:07:02.9861543Z         "y0": 3,
co_motion_seal_nonconviction-set	Print the verdict and the page digests to the log	2026-09-12T00:07:02.9861750Z         "x1": 2243,
co_motion_seal_nonconviction-set	Print the verdict and the page digests to the log	2026-09-12T00:07:02.9861952Z         "y1": 2642,
co_motion_seal_nonconviction-set	Print the verdict and the page digests to the log	2026-09-12T00:07:02.9862156Z         "width": 2040,
co_motion_seal_nonconviction-set	Print the verdict and the page digests to the log	2026-09-12T00:07:02.9862371Z         "height": 2640
co_motion_seal_nonconviction-set	Print the verdict and the page digests to the log	2026-09-12T00:07:02.9862576Z       },
co_motion_seal_nonconviction-set	Print the verdict and the page digests to the log	2026-09-12T00:07:02.9862797Z       "pxPerPt": 3.3333333333333335,
co_motion_seal_nonconviction-set	Print the verdict and the page digests to the log	2026-09-12T00:07:02.9863096Z       "expectedPxPerPt": 3.333333333333333,
co_motion_seal_nonconviction-set	Print the verdict and the page digests to the log	2026-09-12T00:07:02.9863379Z       "pageWidthPt": 612,
co_motion_seal_nonconviction-set	Print the verdict and the page digests to the log	2026-09-12T00:07:02.9863618Z       "pageHeightPt": 792,
co_motion_seal_nonconviction-set	Print the verdict and the page digests to the log	2026-09-12T00:07:02.9863856Z       "expectedPx": {
co_motion_seal_nonconviction-set	Print the verdict and the page digests to the log	2026-09-12T00:07:02.9864096Z         "width": 2039.9999999999998,
co_motion_seal_nonconviction-set	Print the verdict and the page digests to the log	2026-09-12T00:07:02.9864373Z         "height": 2639.9999999999995,
co_motion_seal_nonconviction-set	Print the verdict and the page digests to the log	2026-09-12T00:07:02.9864654Z         "tolerancePx": 6.666666666666666
co_motion_seal_nonconviction-set	Print the verdict and the page digests to the log	2026-09-12T00:07:02.9864913Z       },
co_motion_seal_nonconviction-set	Print the verdict and the page digests to the log	2026-09-12T00:07:02.9865134Z       "calibrationResidualPx": 0,
co_motion_seal_nonconviction-set	Print the verdict and the page digests to the log	2026-09-12T00:07:02.9865459Z       "inkFractionInsidePaper": 0.037030414438502676,
co_motion_seal_nonconviction-set	Print the verdict and the page digests to the log	2026-09-12T00:07:02.9865764Z       "nonblank": true,
co_motion_seal_nonconviction-set	Print the verdict and the page digests to the log	2026-09-12T00:07:02.9866185Z       "croppedToThePage": true
co_motion_seal_nonconviction-set	Print the verdict and the page digests to the log	2026-09-12T00:07:02.9866426Z     },
co_motion_seal_nonconviction-set	Print the verdict and the page digests to the log	2026-09-12T00:07:02.9866611Z     {
co_motion_seal_nonconviction-set	Print the verdict and the page digests to the log	2026-09-12T00:07:02.9866808Z       "kind": "boundary",
co_motion_seal_nonconviction-set	Print the verdict and the page digests to the log	2026-09-12T00:07:02.9867064Z       "document": "boundary.pdf",
co_motion_seal_nonconviction-set	Print the verdict and the page digests to the log	2026-09-12T00:07:02.9867309Z       "page": 5,
co_motion_seal_nonconviction-set	Print the verdict and the page digests to the log	2026-09-12T00:07:02.9867634Z       "png": "co_motion_seal_nonconviction-set/boundary/page-005.png",
co_motion_seal_nonconviction-set	Print the verdict and the page digests to the log	2026-09-12T00:07:02.9867989Z       "bytes": 261396,
co_motion_seal_nonconviction-set	Print the verdict and the page digests to the log	2026-09-12T00:07:02.9868406Z       "pngSha256": "1a6f9f9d44d93334b0880b2cdbea2daeccf047623868e6a9546222111bfceb5a",
co_motion_seal_nonconviction-set	Print the verdict and the page digests to the log	2026-09-12T00:07:02.9868825Z       "pngWidth": 2040,
co_motion_seal_nonconviction-set	Print the verdict and the page digests to the log	2026-09-12T00:07:02.9869051Z       "pngHeight": 2640,
co_motion_seal_nonconviction-set	Print the verdict and the page digests to the log	2026-09-12T00:07:02.9869278Z       "paper": {
co_motion_seal_nonconviction-set	Print the verdict and the page digests to the log	2026-09-12T00:07:02.9869477Z         "x0": 204,
co_motion_seal_nonconviction-set	Print the verdict and the page digests to the log	2026-09-12T00:07:02.9869671Z         "y0": 3,
co_motion_seal_nonconviction-set	Print the verdict and the page digests to the log	2026-09-12T00:07:02.9869868Z         "x1": 2243,
co_motion_seal_nonconviction-set	Print the verdict and the page digests to the log	2026-09-12T00:07:02.9870067Z         "y1": 2642,
co_motion_seal_nonconviction-set	Print the verdict and the page digests to the log	2026-09-12T00:07:02.9870268Z         "width": 2040,
co_motion_seal_nonconviction-set	Print the verdict and the page digests to the log	2026-09-12T00:07:02.9870481Z         "height": 2640
co_motion_seal_nonconviction-set	Print the verdict and the page digests to the log	2026-09-12T00:07:02.9870689Z       },
co_motion_seal_nonconviction-set	Print the verdict and the page digests to the log	2026-09-12T00:07:02.9870902Z       "pxPerPt": 3.3333333333333335,
co_motion_seal_nonconviction-set	Print the verdict and the page digests to the log	2026-09-12T00:07:02.9871498Z       "expectedPxPerPt": 3.333333333333333,
co_motion_seal_nonconviction-set	Print the verdict and the page digests to the log	2026-09-12T00:07:02.9871939Z       "pageWidthPt": 612,
co_motion_seal_nonconviction-set	Print the verdict and the page digests to the log	2026-09-12T00:07:02.9872176Z       "pageHeightPt": 792,
co_motion_seal_nonconviction-set	Print the verdict and the page digests to the log	2026-09-12T00:07:02.9872408Z       "expectedPx": {
co_motion_seal_nonconviction-set	Print the verdict and the page digests to the log	2026-09-12T00:07:02.9872649Z         "width": 2039.9999999999998,
co_motion_seal_nonconviction-set	Print the verdict and the page digests to the log	2026-09-12T00:07:02.9872923Z         "height": 2639.9999999999995,
co_motion_seal_nonconviction-set	Print the verdict and the page digests to the log	2026-09-12T00:07:02.9873215Z         "tolerancePx": 6.666666666666666
co_motion_seal_nonconviction-set	Print the verdict and the page digests to the log	2026-09-12T00:07:02.9873463Z       },
co_motion_seal_nonconviction-set	Print the verdict and the page digests to the log	2026-09-12T00:07:02.9873681Z       "calibrationResidualPx": 0,
co_motion_seal_nonconviction-set	Print the verdict and the page digests to the log	2026-09-12T00:07:02.9874003Z       "inkFractionInsidePaper": 0.04058340760546643,
co_motion_seal_nonconviction-set	Print the verdict and the page digests to the log	2026-09-12T00:07:02.9874302Z       "nonblank": true,
co_motion_seal_nonconviction-set	Print the verdict and the page digests to the log	2026-09-12T00:07:02.9874552Z       "croppedToThePage": true
co_motion_seal_nonconviction-set	Print the verdict and the page digests to the log	2026-09-12T00:07:02.9874794Z     },
co_motion_seal_nonconviction-set	Print the verdict and the page digests to the log	2026-09-12T00:07:02.9874973Z     {
co_motion_seal_nonconviction-set	Print the verdict and the page digests to the log	2026-09-12T00:07:02.9875167Z       "kind": "boundary",
co_motion_seal_nonconviction-set	Print the verdict and the page digests to the log	2026-09-12T00:07:02.9875427Z       "document": "boundary.pdf",
co_motion_seal_nonconviction-set	Print the verdict and the page digests to the log	2026-09-12T00:07:02.9875677Z       "page": 6,
co_motion_seal_nonconviction-set	Print the verdict and the page digests to the log	2026-09-12T00:07:02.9875999Z       "png": "co_motion_seal_nonconviction-set/boundary/page-006.png",
co_motion_seal_nonconviction-set	Print the verdict and the page digests to the log	2026-09-12T00:07:02.9876364Z       "bytes": 304384,
co_motion_seal_nonconviction-set	Print the verdict and the page digests to the log	2026-09-12T00:07:02.9876770Z       "pngSha256": "850431bed5cd06da0aefbeb235eae69dd879a31166797b118661cd62818f1a77",
co_motion_seal_nonconviction-set	Print the verdict and the page digests to the log	2026-09-12T00:07:02.9877189Z       "pngWidth": 2040,
co_motion_seal_nonconviction-set	Print the verdict and the page digests to the log	2026-09-12T00:07:02.9877416Z       "pngHeight": 2640,
co_motion_seal_nonconviction-set	Print the verdict and the page digests to the log	2026-09-12T00:07:02.9877637Z       "paper": {
co_motion_seal_nonconviction-set	Print the verdict and the page digests to the log	2026-09-12T00:07:02.9877843Z         "x0": 204,
co_motion_seal_nonconviction-set	Print the verdict and the page digests to the log	2026-09-12T00:07:02.9878048Z         "y0": 3,
co_motion_seal_nonconviction-set	Print the verdict and the page digests to the log	2026-09-12T00:07:02.9878241Z         "x1": 2243,
co_motion_seal_nonconviction-set	Print the verdict and the page digests to the log	2026-09-12T00:07:02.9878442Z         "y1": 2642,
co_motion_seal_nonconviction-set	Print the verdict and the page digests to the log	2026-09-12T00:07:02.9878640Z         "width": 2040,
co_motion_seal_nonconviction-set	Print the verdict and the page digests to the log	2026-09-12T00:07:02.9878854Z         "height": 2640
co_motion_seal_nonconviction-set	Print the verdict and the page digests to the log	2026-09-12T00:07:02.9879058Z       },
co_motion_seal_nonconviction-set	Print the verdict and the page digests to the log	2026-09-12T00:07:02.9879280Z       "pxPerPt": 3.3333333333333335,
co_motion_seal_nonconviction-set	Print the verdict and the page digests to the log	2026-09-12T00:07:02.9879576Z       "expectedPxPerPt": 3.333333333333333,
co_motion_seal_nonconviction-set	Print the verdict and the page digests to the log	2026-09-12T00:07:02.9879855Z       "pageWidthPt": 612,
co_motion_seal_nonconviction-set	Print the verdict and the page digests to the log	2026-09-12T00:07:02.9880090Z       "pageHeightPt": 792,
co_motion_seal_nonconviction-set	Print the verdict and the page digests to the log	2026-09-12T00:07:02.9880329Z       "expectedPx": {
co_motion_seal_nonconviction-set	Print the verdict and the page digests to the log	2026-09-12T00:07:02.9880569Z         "width": 2039.9999999999998,
co_motion_seal_nonconviction-set	Print the verdict and the page digests to the log	2026-09-12T00:07:02.9880854Z         "height": 2639.9999999999995,
co_motion_seal_nonconviction-set	Print the verdict and the page digests to the log	2026-09-12T00:07:02.9881431Z         "tolerancePx": 6.666666666666666
co_motion_seal_nonconviction-set	Print the verdict and the page digests to the log	2026-09-12T00:07:02.9881700Z       },
co_motion_seal_nonconviction-set	Print the verdict and the page digests to the log	2026-09-12T00:07:02.9881925Z       "calibrationResidualPx": 0,
co_motion_seal_nonconviction-set	Print the verdict and the page digests to the log	2026-09-12T00:07:02.9882256Z       "inkFractionInsidePaper": 0.047144050802139036,
co_motion_seal_nonconviction-set	Print the verdict and the page digests to the log	2026-09-12T00:07:02.9882565Z       "nonblank": true,
co_motion_seal_nonconviction-set	Print the verdict and the page digests to the log	2026-09-12T00:07:02.9882819Z       "croppedToThePage": true
co_motion_seal_nonconviction-set	Print the verdict and the page digests to the log	2026-09-12T00:07:02.9883054Z     },
co_motion_seal_nonconviction-set	Print the verdict and the page digests to the log	2026-09-12T00:07:02.9883232Z     {
co_motion_seal_nonconviction-set	Print the verdict and the page digests to the log	2026-09-12T00:07:02.9883421Z       "kind": "boundary",
co_motion_seal_nonconviction-set	Print the verdict and the page digests to the log	2026-09-12T00:07:02.9883681Z       "document": "boundary.pdf",
co_motion_seal_nonconviction-set	Print the verdict and the page digests to the log	2026-09-12T00:07:02.9883933Z       "page": 7,
co_motion_seal_nonconviction-set	Print the verdict and the page digests to the log	2026-09-12T00:07:02.9884260Z       "png": "co_motion_seal_nonconviction-set/boundary/page-007.png",
co_motion_seal_nonconviction-set	Print the verdict and the page digests to the log	2026-09-12T00:07:02.9884615Z       "bytes": 186461,
co_motion_seal_nonconviction-set	Print the verdict and the page digests to the log	2026-09-12T00:07:02.9885028Z       "pngSha256": "a610a29e26635600c4f6c667ebd956ecd853db0f960ce90027be733e8b2c6137",
co_motion_seal_nonconviction-set	Print the verdict and the page digests to the log	2026-09-12T00:07:02.9885615Z       "pngWidth": 2040,
co_motion_seal_nonconviction-set	Print the verdict and the page digests to the log	2026-09-12T00:07:02.9885842Z       "pngHeight": 2640,
co_motion_seal_nonconviction-set	Print the verdict and the page digests to the log	2026-09-12T00:07:02.9886079Z       "paper": {
co_motion_seal_nonconviction-set	Print the verdict and the page digests to the log	2026-09-12T00:07:02.9886282Z         "x0": 204,
co_motion_seal_nonconviction-set	Print the verdict and the page digests to the log	2026-09-12T00:07:02.9886477Z         "y0": 3,
co_motion_seal_nonconviction-set	Print the verdict and the page digests to the log	2026-09-12T00:07:02.9886669Z         "x1": 2243,
co_motion_seal_nonconviction-set	Print the verdict and the page digests to the log	2026-09-12T00:07:02.9886870Z         "y1": 2642,
co_motion_seal_nonconviction-set	Print the verdict and the page digests to the log	2026-09-12T00:07:02.9887070Z         "width": 2040,
co_motion_seal_nonconviction-set	Print the verdict and the page digests to the log	2026-09-12T00:07:02.9887285Z         "height": 2640
co_motion_seal_nonconviction-set	Print the verdict and the page digests to the log	2026-09-12T00:07:02.9887492Z       },
co_motion_seal_nonconviction-set	Print the verdict and the page digests to the log	2026-09-12T00:07:02.9887712Z       "pxPerPt": 3.3333333333333335,
co_motion_seal_nonconviction-set	Print the verdict and the page digests to the log	2026-09-12T00:07:02.9888014Z       "expectedPxPerPt": 3.333333333333333,
co_motion_seal_nonconviction-set	Print the verdict and the page digests to the log	2026-09-12T00:07:02.9888303Z       "pageWidthPt": 612,
co_motion_seal_nonconviction-set	Print the verdict and the page digests to the log	2026-09-12T00:07:02.9888544Z       "pageHeightPt": 792,
co_motion_seal_nonconviction-set	Print the verdict and the page digests to the log	2026-09-12T00:07:02.9888786Z       "expectedPx": {
co_motion_seal_nonconviction-set	Print the verdict and the page digests to the log	2026-09-12T00:07:02.9889026Z         "width": 2039.9999999999998,
co_motion_seal_nonconviction-set	Print the verdict and the page digests to the log	2026-09-12T00:07:02.9889304Z         "height": 2639.9999999999995,
co_motion_seal_nonconviction-set	Print the verdict and the page digests to the log	2026-09-12T00:07:02.9889594Z         "tolerancePx": 6.666666666666666
co_motion_seal_nonconviction-set	Print the verdict and the page digests to the log	2026-09-12T00:07:02.9889851Z       },
co_motion_seal_nonconviction-set	Print the verdict and the page digests to the log	2026-09-12T00:07:02.9890069Z       "calibrationResidualPx": 0,
co_motion_seal_nonconviction-set	Print the verdict and the page digests to the log	2026-09-12T00:07:02.9890395Z       "inkFractionInsidePaper": 0.02129437759952466,
co_motion_seal_nonconviction-set	Print the verdict and the page digests to the log	2026-09-12T00:07:02.9890833Z       "nonblank": true,
co_motion_seal_nonconviction-set	Print the verdict and the page digests to the log	2026-09-12T00:07:02.9891308Z       "croppedToThePage": true
co_motion_seal_nonconviction-set	Print the verdict and the page digests to the log	2026-09-12T00:07:02.9891561Z     }
co_motion_seal_nonconviction-set	Print the verdict and the page digests to the log	2026-09-12T00:07:02.9891739Z   ],
co_motion_seal_nonconviction-set	Print the verdict and the page digests to the log	2026-09-12T00:07:02.9891922Z   "problems": [],
co_motion_seal_nonconviction-set	Print the verdict and the page digests to the log	2026-09-12T00:07:02.9892147Z   "environmentProblems": [],
co_motion_seal_nonconviction-set	Print the verdict and the page digests to the log	2026-09-12T00:07:02.9892822Z   "whatThisDoesNotDecide": "This is one gate. RASTER_PASS does not make a family PASS_COMPLETE, promotes nothing, and opens no commercial route.",
co_motion_seal_nonconviction-set	Print the verdict and the page digests to the log	2026-09-12T00:07:02.9893448Z   "packetPdfsModified": 0,
co_motion_seal_nonconviction-set	Print the verdict and the page digests to the log	2026-09-12T00:07:02.9893689Z   "bodiesCommitted": 0,
co_motion_seal_nonconviction-set	Print the verdict and the page digests to the log	2026-09-12T00:07:02.9893941Z   "commercialRoutesOpened": 0,
co_motion_seal_nonconviction-set	Print the verdict and the page digests to the log	2026-09-12T00:07:02.9894208Z   "productionTouched": false
co_motion_seal_nonconviction-set	Print the verdict and the page digests to the log	2026-09-12T00:07:02.9894441Z }
co_motion_seal_nonconviction-set	Print the verdict and the page digests to the log	2026-09-12T00:07:02.9894813Z ===== END VERDICT co_motion_seal_nonconviction-set.verdict.json =====
co_motion_seal_nonconviction-set	Print the verdict and the page digests to the log	2026-09-12T00:07:02.9895236Z ===== BEGIN PAGE DIGESTS =====
co_motion_seal_nonconviction-set	Print the verdict and the page digests to the log	2026-09-12T00:07:02.9896009Z 56abd922f664f8f4c49311d5c158c5857d02949fecf1ebb1ae7f22ce0575854c  raster-out/co_motion_seal_nonconviction-set/boundary/page-001.png
co_motion_seal_nonconviction-set	Print the verdict and the page digests to the log	2026-09-12T00:07:02.9897097Z a67af41aa5f9e74bec100246288f11f2bfc92425c5e9ab42bdc4e1a851c78881  raster-out/co_motion_seal_nonconviction-set/boundary/page-002.png
co_motion_seal_nonconviction-set	Print the verdict and the page digests to the log	2026-09-12T00:07:02.9898151Z ce276bc53f02531d393ec6189ca351251aed31ce74713286fdd1f19f830b212b  raster-out/co_motion_seal_nonconviction-set/boundary/page-003.png
co_motion_seal_nonconviction-set	Print the verdict and the page digests to the log	2026-09-12T00:07:02.9899194Z 17d5965fbfdd988745c9c96b961dc94848f9b7eed0fed61e2b996a9703e3a1f2  raster-out/co_motion_seal_nonconviction-set/boundary/page-004.png
co_motion_seal_nonconviction-set	Print the verdict and the page digests to the log	2026-09-12T00:07:02.9900233Z 1a6f9f9d44d93334b0880b2cdbea2daeccf047623868e6a9546222111bfceb5a  raster-out/co_motion_seal_nonconviction-set/boundary/page-005.png
co_motion_seal_nonconviction-set	Print the verdict and the page digests to the log	2026-09-12T00:07:02.9901558Z 850431bed5cd06da0aefbeb235eae69dd879a31166797b118661cd62818f1a77  raster-out/co_motion_seal_nonconviction-set/boundary/page-006.png
co_motion_seal_nonconviction-set	Print the verdict and the page digests to the log	2026-09-12T00:07:02.9902637Z a610a29e26635600c4f6c667ebd956ecd853db0f960ce90027be733e8b2c6137  raster-out/co_motion_seal_nonconviction-set/boundary/page-007.png
co_motion_seal_nonconviction-set	Print the verdict and the page digests to the log	2026-09-12T00:07:02.9903727Z 247026a5af2c9502435ae5c31a072a4f8fd24f49a9434e5f0d73366b0e01adc4  raster-out/co_motion_seal_nonconviction-set/boundary/page-calibration.png
co_motion_seal_nonconviction-set	Print the verdict and the page digests to the log	2026-09-12T00:07:02.9904822Z ec45180d074a90679b171370e9153bcacb3c7b9a2afcaa56d0cdfd444334c013  raster-out/co_motion_seal_nonconviction-set/canonical/page-001.png
co_motion_seal_nonconviction-set	Print the verdict and the page digests to the log	2026-09-12T00:07:02.9905885Z a67af41aa5f9e74bec100246288f11f2bfc92425c5e9ab42bdc4e1a851c78881  raster-out/co_motion_seal_nonconviction-set/canonical/page-002.png
co_motion_seal_nonconviction-set	Print the verdict and the page digests to the log	2026-09-12T00:07:02.9906943Z ce276bc53f02531d393ec6189ca351251aed31ce74713286fdd1f19f830b212b  raster-out/co_motion_seal_nonconviction-set/canonical/page-003.png
co_motion_seal_nonconviction-set	Print the verdict and the page digests to the log	2026-09-12T00:07:02.9907994Z bd27938978b45056ebd09ef03e2ded39adf60ed99d5e790e692eaddc965aee2c  raster-out/co_motion_seal_nonconviction-set/canonical/page-004.png
co_motion_seal_nonconviction-set	Print the verdict and the page digests to the log	2026-09-12T00:07:02.9909039Z 7bb7d9f7b62036e90c60327808c43fff7601b435b4e6e998da1fab45f6b41ec1  raster-out/co_motion_seal_nonconviction-set/canonical/page-005.png
co_motion_seal_nonconviction-set	Print the verdict and the page digests to the log	2026-09-12T00:07:02.9910257Z 1571e4c22b8deb297b95c4f7a606b58ee3aab50dfbe96963ba526acaba1a062d  raster-out/co_motion_seal_nonconviction-set/canonical/page-006.png
co_motion_seal_nonconviction-set	Print the verdict and the page digests to the log	2026-09-12T00:07:02.9911592Z a610a29e26635600c4f6c667ebd956ecd853db0f960ce90027be733e8b2c6137  raster-out/co_motion_seal_nonconviction-set/canonical/page-007.png
co_motion_seal_nonconviction-set	Print the verdict and the page digests to the log	2026-09-12T00:07:02.9912726Z 247026a5af2c9502435ae5c31a072a4f8fd24f49a9434e5f0d73366b0e01adc4  raster-out/co_motion_seal_nonconviction-set/canonical/page-calibration.png
co_motion_seal_nonconviction-set	Print the verdict and the page digests to the log	2026-09-12T00:07:02.9913381Z ===== END PAGE DIGESTS =====
co_motion_seal_nonconviction-set	Refuse a modified packet byte	﻿2026-09-12T00:07:02.9942505Z ##[group]Run set -euo pipefail
co_motion_seal_nonconviction-set	Refuse a modified packet byte	2026-09-12T00:07:02.9942852Z ^[[36;1mset -euo pipefail^[[0m
co_motion_seal_nonconviction-set	Refuse a modified packet byte	2026-09-12T00:07:02.9943213Z ^[[36;1m# The render writes only under raster-out/. If a tracked file moved,^[[0m
co_motion_seal_nonconviction-set	Refuse a modified packet byte	2026-09-12T00:07:02.9943626Z ^[[36;1m# something wrote where it must not.^[[0m
co_motion_seal_nonconviction-set	Refuse a modified packet byte	2026-09-12T00:07:02.9943970Z ^[[36;1mgit diff --quiet && git diff --cached --quiet \^[[0m
co_motion_seal_nonconviction-set	Refuse a modified packet byte	2026-09-12T00:07:02.9944474Z ^[[36;1m  || { echo "REFUSED: the render modified tracked files"; git status --porcelain; exit 1; }^[[0m
co_motion_seal_nonconviction-set	Refuse a modified packet byte	2026-09-12T00:07:02.9982339Z shell: /usr/bin/bash -e {0}
co_motion_seal_nonconviction-set	Refuse a modified packet byte	2026-09-12T00:07:02.9982610Z env:
co_motion_seal_nonconviction-set	Refuse a modified packet byte	2026-09-12T00:07:02.9982889Z   pythonLocation: /opt/hostedtoolcache/Python/3.12.14/x64
co_motion_seal_nonconviction-set	Refuse a modified packet byte	2026-09-12T00:07:02.9983358Z   PKG_CONFIG_PATH: /opt/hostedtoolcache/Python/3.12.14/x64/lib/pkgconfig
co_motion_seal_nonconviction-set	Refuse a modified packet byte	2026-09-12T00:07:02.9983820Z   Python_ROOT_DIR: /opt/hostedtoolcache/Python/3.12.14/x64
co_motion_seal_nonconviction-set	Refuse a modified packet byte	2026-09-12T00:07:02.9984212Z   Python2_ROOT_DIR: /opt/hostedtoolcache/Python/3.12.14/x64
co_motion_seal_nonconviction-set	Refuse a modified packet byte	2026-09-12T00:07:02.9984605Z   Python3_ROOT_DIR: /opt/hostedtoolcache/Python/3.12.14/x64
co_motion_seal_nonconviction-set	Refuse a modified packet byte	2026-09-12T00:07:02.9985062Z   LD_LIBRARY_PATH: /opt/hostedtoolcache/Python/3.12.14/x64/lib
co_motion_seal_nonconviction-set	Refuse a modified packet byte	2026-09-12T00:07:02.9985477Z   PLAYWRIGHT_BROWSERS_PATH: /home/runner/.cache/ms-playwright
co_motion_seal_nonconviction-set	Refuse a modified packet byte	2026-09-12T00:07:02.9985816Z ##[endgroup]
co_motion_seal_nonconviction-set	Artifact-safe label for this family	﻿2026-09-12T00:07:03.4869420Z ##[group]Run printf 'FAMILY_SLUG=%s\n' "$(printf '%s' "$FAMILY" | tr -c 'A-Za-z0-9._-' '_')" >> "$GITHUB_ENV"
co_motion_seal_nonconviction-set	Artifact-safe label for this family	2026-09-12T00:07:03.4870672Z ^[[36;1mprintf 'FAMILY_SLUG=%s\n' "$(printf '%s' "$FAMILY" | tr -c 'A-Za-z0-9._-' '_')" >> "$GITHUB_ENV"^[[0m
co_motion_seal_nonconviction-set	Artifact-safe label for this family	2026-09-12T00:07:03.4930972Z shell: /usr/bin/bash -e {0}
co_motion_seal_nonconviction-set	Artifact-safe label for this family	2026-09-12T00:07:03.4931733Z env:
co_motion_seal_nonconviction-set	Artifact-safe label for this family	2026-09-12T00:07:03.4932198Z   pythonLocation: /opt/hostedtoolcache/Python/3.12.14/x64
co_motion_seal_nonconviction-set	Artifact-safe label for this family	2026-09-12T00:07:03.4933002Z   PKG_CONFIG_PATH: /opt/hostedtoolcache/Python/3.12.14/x64/lib/pkgconfig
co_motion_seal_nonconviction-set	Artifact-safe label for this family	2026-09-12T00:07:03.4933803Z   Python_ROOT_DIR: /opt/hostedtoolcache/Python/3.12.14/x64
co_motion_seal_nonconviction-set	Artifact-safe label for this family	2026-09-12T00:07:03.4934522Z   Python2_ROOT_DIR: /opt/hostedtoolcache/Python/3.12.14/x64
co_motion_seal_nonconviction-set	Artifact-safe label for this family	2026-09-12T00:07:03.4935240Z   Python3_ROOT_DIR: /opt/hostedtoolcache/Python/3.12.14/x64
co_motion_seal_nonconviction-set	Artifact-safe label for this family	2026-09-12T00:07:03.4935947Z   LD_LIBRARY_PATH: /opt/hostedtoolcache/Python/3.12.14/x64/lib
co_motion_seal_nonconviction-set	Artifact-safe label for this family	2026-09-12T00:07:03.4936524Z   PLAYWRIGHT_BROWSERS_PATH: /home/runner/.cache/ms-playwright
co_motion_seal_nonconviction-set	Artifact-safe label for this family	2026-09-12T00:07:03.4936900Z   FAMILY: co_motion_seal_nonconviction-set
co_motion_seal_nonconviction-set	Artifact-safe label for this family	2026-09-12T00:07:03.4937255Z ##[endgroup]
co_motion_seal_nonconviction-set	Run actions/upload-artifact@v4	﻿2026-09-12T00:07:03.5083406Z Node 20 is being deprecated. This workflow is running with Node 24 by default. If you need to temporarily use Node 20, you can set the ACTIONS_ALLOW_USE_UNSECURE_NODE_VERSION=true environment variable. For more information see: https://github.blog/changelog/2025-09-19-deprecation-of-node-20-on-github-actions-runners/
co_motion_seal_nonconviction-set	Run actions/upload-artifact@v4	2026-09-12T00:07:03.5084734Z ##[group]Run actions/upload-artifact@v4
co_motion_seal_nonconviction-set	Run actions/upload-artifact@v4	2026-09-12T00:07:03.5085003Z with:
co_motion_seal_nonconviction-set	Run actions/upload-artifact@v4	2026-09-12T00:07:03.5085288Z   name: rcap-raster-co_motion_seal_nonconviction-set-34660023738
co_motion_seal_nonconviction-set	Run actions/upload-artifact@v4	2026-09-12T00:07:03.5085642Z   path: raster-out/
co_motion_seal_nonconviction-set	Run actions/upload-artifact@v4	2026-09-12T00:07:03.5085867Z   if-no-files-found: error
co_motion_seal_nonconviction-set	Run actions/upload-artifact@v4	2026-09-12T00:07:03.5086105Z   retention-days: 14
co_motion_seal_nonconviction-set	Run actions/upload-artifact@v4	2026-09-12T00:07:03.5086326Z   compression-level: 6
co_motion_seal_nonconviction-set	Run actions/upload-artifact@v4	2026-09-12T00:07:03.5086544Z   overwrite: false
co_motion_seal_nonconviction-set	Run actions/upload-artifact@v4	2026-09-12T00:07:03.5086764Z   include-hidden-files: false
co_motion_seal_nonconviction-set	Run actions/upload-artifact@v4	2026-09-12T00:07:03.5087002Z env:
co_motion_seal_nonconviction-set	Run actions/upload-artifact@v4	2026-09-12T00:07:03.5087260Z   pythonLocation: /opt/hostedtoolcache/Python/3.12.14/x64
co_motion_seal_nonconviction-set	Run actions/upload-artifact@v4	2026-09-12T00:07:03.5087711Z   PKG_CONFIG_PATH: /opt/hostedtoolcache/Python/3.12.14/x64/lib/pkgconfig
co_motion_seal_nonconviction-set	Run actions/upload-artifact@v4	2026-09-12T00:07:03.5088237Z   Python_ROOT_DIR: /opt/hostedtoolcache/Python/3.12.14/x64
co_motion_seal_nonconviction-set	Run actions/upload-artifact@v4	2026-09-12T00:07:03.5088737Z   Python2_ROOT_DIR: /opt/hostedtoolcache/Python/3.12.14/x64
co_motion_seal_nonconviction-set	Run actions/upload-artifact@v4	2026-09-12T00:07:03.5089365Z   Python3_ROOT_DIR: /opt/hostedtoolcache/Python/3.12.14/x64
co_motion_seal_nonconviction-set	Run actions/upload-artifact@v4	2026-09-12T00:07:03.5089854Z   LD_LIBRARY_PATH: /opt/hostedtoolcache/Python/3.12.14/x64/lib
co_motion_seal_nonconviction-set	Run actions/upload-artifact@v4	2026-09-12T00:07:03.5090340Z   PLAYWRIGHT_BROWSERS_PATH: /home/runner/.cache/ms-playwright
co_motion_seal_nonconviction-set	Run actions/upload-artifact@v4	2026-09-12T00:07:03.5090923Z   FAMILY_SLUG: co_motion_seal_nonconviction-set
co_motion_seal_nonconviction-set	Run actions/upload-artifact@v4	2026-09-12T00:07:03.5091621Z ##[endgroup]
co_motion_seal_nonconviction-set	Run actions/upload-artifact@v4	2026-09-12T00:07:03.6840492Z (node:5315) [DEP0040] DeprecationWarning: The `punycode` module is deprecated. Please use a userland alternative instead.
co_motion_seal_nonconviction-set	Run actions/upload-artifact@v4	2026-09-12T00:07:03.6842725Z (Use `node --trace-deprecation ...` to show where the warning was created)
co_motion_seal_nonconviction-set	Run actions/upload-artifact@v4	2026-09-12T00:07:03.6962832Z With the provided path, there will be 22 files uploaded
co_motion_seal_nonconviction-set	Run actions/upload-artifact@v4	2026-09-12T00:07:03.6969130Z Artifact name is valid!
co_motion_seal_nonconviction-set	Run actions/upload-artifact@v4	2026-09-12T00:07:03.6969940Z Root directory input is valid!
co_motion_seal_nonconviction-set	Run actions/upload-artifact@v4	2026-09-12T00:07:03.8991005Z Beginning upload of artifact content to blob storage
co_motion_seal_nonconviction-set	Run actions/upload-artifact@v4	2026-09-12T00:07:04.0846886Z (node:5315) [DEP0169] DeprecationWarning: `url.parse()` behavior is not standardized and prone to errors that have security implications. Use the WHATWG URL API instead. CVEs are not issued for `url.parse()` vulnerabilities.
co_motion_seal_nonconviction-set	Run actions/upload-artifact@v4	2026-09-12T00:07:04.3307553Z Uploaded bytes 3864792
co_motion_seal_nonconviction-set	Run actions/upload-artifact@v4	2026-09-12T00:07:04.3518777Z Finished uploading artifact content to blob storage!
co_motion_seal_nonconviction-set	Run actions/upload-artifact@v4	2026-09-12T00:07:04.3520287Z SHA256 digest of uploaded artifact zip is 78e05f564ce69a1f0da39a17cf46650550f2034adfbac8fc7944ee8f78cf70da
co_motion_seal_nonconviction-set	Run actions/upload-artifact@v4	2026-09-12T00:07:04.3522741Z Finalizing artifact upload
co_motion_seal_nonconviction-set	Run actions/upload-artifact@v4	2026-09-12T00:07:04.5468819Z Artifact rcap-raster-co_motion_seal_nonconviction-set-34660023738.zip successfully finalized. Artifact ID 10287810230
co_motion_seal_nonconviction-set	Run actions/upload-artifact@v4	2026-09-12T00:07:04.5471749Z Artifact rcap-raster-co_motion_seal_nonconviction-set-34660023738 has been successfully uploaded! Final size is 3864792 bytes. Artifact ID is 10287810230
co_motion_seal_nonconviction-set	Run actions/upload-artifact@v4	2026-09-12T00:07:04.5478360Z Artifact download URL: https://github.com/Roger-LegalEase/legalease-partner-dashboard-clean/actions/runs/34660023738/artifacts/10287810230
co_motion_seal_nonconviction-set	Post Run actions/setup-python@v5	﻿2026-09-12T00:07:04.5687486Z Node 20 is being deprecated. This workflow is running with Node 24 by default. If you need to temporarily use Node 20, you can set the ACTIONS_ALLOW_USE_UNSECURE_NODE_VERSION=true environment variable. For more information see: https://github.blog/changelog/2025-09-19-deprecation-of-node-20-on-github-actions-runners/
co_motion_seal_nonconviction-set	Post Run actions/setup-python@v5	2026-09-12T00:07:04.5688764Z Post job cleanup.
co_motion_seal_nonconviction-set	Post Run actions/setup-python@v5	2026-09-12T00:07:04.6953214Z (node:5327) [DEP0040] DeprecationWarning: The `punycode` module is deprecated. Please use a userland alternative instead.
co_motion_seal_nonconviction-set	Post Run actions/setup-python@v5	2026-09-12T00:07:04.6954746Z (Use `node --trace-deprecation ...` to show where the warning was created)
co_motion_seal_nonconviction-set	Post Run actions/setup-node@v4	﻿2026-09-12T00:07:04.7116900Z Node 20 is being deprecated. This workflow is running with Node 24 by default. If you need to temporarily use Node 20, you can set the ACTIONS_ALLOW_USE_UNSECURE_NODE_VERSION=true environment variable. For more information see: https://github.blog/changelog/2025-09-19-deprecation-of-node-20-on-github-actions-runners/
co_motion_seal_nonconviction-set	Post Run actions/setup-node@v4	2026-09-12T00:07:04.7119091Z Post job cleanup.
co_motion_seal_nonconviction-set	Post Run actions/setup-node@v4	2026-09-12T00:07:04.8503367Z (node:5335) [DEP0040] DeprecationWarning: The `punycode` module is deprecated. Please use a userland alternative instead.
co_motion_seal_nonconviction-set	Post Run actions/setup-node@v4	2026-09-12T00:07:04.8505049Z (Use `node --trace-deprecation ...` to show where the warning was created)
co_motion_seal_nonconviction-set	Post Run actions/checkout@v4	﻿2026-09-12T00:07:04.8750715Z Node 20 is being deprecated. This workflow is running with Node 24 by default. If you need to temporarily use Node 20, you can set the ACTIONS_ALLOW_USE_UNSECURE_NODE_VERSION=true environment variable. For more information see: https://github.blog/changelog/2025-09-19-deprecation-of-node-20-on-github-actions-runners/
co_motion_seal_nonconviction-set	Post Run actions/checkout@v4	2026-09-12T00:07:04.8753079Z Post job cleanup.
co_motion_seal_nonconviction-set	Post Run actions/checkout@v4	2026-09-12T00:07:04.9838461Z [command]/usr/bin/git version
co_motion_seal_nonconviction-set	Post Run actions/checkout@v4	2026-09-12T00:07:04.9889304Z git version 2.55.0
co_motion_seal_nonconviction-set	Post Run actions/checkout@v4	2026-09-12T00:07:04.9935918Z Temporarily overriding HOME='/home/runner/work/_temp/9334711a-68a4-4221-a0fe-6cdbdc698295' before making global git config changes
co_motion_seal_nonconviction-set	Post Run actions/checkout@v4	2026-09-12T00:07:04.9937185Z Adding repository directory to the temporary git global config as a safe directory
co_motion_seal_nonconviction-set	Post Run actions/checkout@v4	2026-09-12T00:07:04.9944242Z [command]/usr/bin/git config --global --add safe.directory /home/runner/work/legalease-partner-dashboard-clean/legalease-partner-dashboard-clean
co_motion_seal_nonconviction-set	Post Run actions/checkout@v4	2026-09-12T00:07:04.9992639Z [command]/usr/bin/git config --local --name-only --get-regexp core\.sshCommand
co_motion_seal_nonconviction-set	Post Run actions/checkout@v4	2026-09-12T00:07:05.0037692Z [command]/usr/bin/git submodule foreach --recursive sh -c "git config --local --name-only --get-regexp 'core\.sshCommand' && git config --local --unset-all 'core.sshCommand' || :"
co_motion_seal_nonconviction-set	Post Run actions/checkout@v4	2026-09-12T00:07:05.0351440Z [command]/usr/bin/git config --local --name-only --get-regexp http\.https\:\/\/github\.com\/\.extraheader
co_motion_seal_nonconviction-set	Post Run actions/checkout@v4	2026-09-12T00:07:05.0391868Z http.https://github.com/.extraheader
co_motion_seal_nonconviction-set	Post Run actions/checkout@v4	2026-09-12T00:07:05.0394810Z [command]/usr/bin/git config --local --unset-all http.https://github.com/.extraheader
co_motion_seal_nonconviction-set	Post Run actions/checkout@v4	2026-09-12T00:07:05.0444901Z [command]/usr/bin/git submodule foreach --recursive sh -c "git config --local --name-only --get-regexp 'http\.https\:\/\/github\.com\/\.extraheader' && git config --local --unset-all 'http.https://github.com/.extraheader' || :"
co_motion_seal_nonconviction-set	Post Run actions/checkout@v4	2026-09-12T00:07:05.0769605Z [command]/usr/bin/git config --local --name-only --get-regexp ^includeIf\.gitdir:
co_motion_seal_nonconviction-set	Post Run actions/checkout@v4	2026-09-12T00:07:05.0818134Z [command]/usr/bin/git submodule foreach --recursive git config --local --show-origin --name-only --get-regexp remote.origin.url
co_motion_seal_nonconviction-set	Complete job	﻿2026-09-12T00:07:05.1255610Z Cleaning up orphan processes
co_motion_seal_nonconviction-set	Complete job	2026-09-12T00:07:05.1606074Z ##[warning]Node.js 20 is deprecated. The following actions target Node.js 20 but are being forced to run on Node.js 24: actions/checkout@v4, actions/setup-node@v4, actions/setup-python@v5, actions/upload-artifact@v4. For more information see: https://github.blog/changelog/2025-09-19-deprecation-of-node-20-on-github-actions-runners/
