az_record_sealing_dismissal_not_guilty-set	Set up job	﻿2026-09-11T10:29:03.0648557Z Current runner version: '2.337.0'
az_record_sealing_dismissal_not_guilty-set	Set up job	2026-09-11T10:29:03.0674577Z ##[group]Runner Image Provisioner
az_record_sealing_dismissal_not_guilty-set	Set up job	2026-09-11T10:29:03.0675679Z Hosted Compute Agent
az_record_sealing_dismissal_not_guilty-set	Set up job	2026-09-11T10:29:03.0676301Z Version: 20260828.587
az_record_sealing_dismissal_not_guilty-set	Set up job	2026-09-11T10:29:03.0676918Z Commit: abac92662cab4cc7352de4f9f9d2e2419aad9c29
az_record_sealing_dismissal_not_guilty-set	Set up job	2026-09-11T10:29:03.0677708Z Build Date: 2026-08-28T16:44:25Z
az_record_sealing_dismissal_not_guilty-set	Set up job	2026-09-11T10:29:03.0678394Z Worker ID: {3f69d53a-26a9-456a-8dac-4bd0e8b3c0fa}
az_record_sealing_dismissal_not_guilty-set	Set up job	2026-09-11T10:29:03.0679181Z Azure Region: westus2
az_record_sealing_dismissal_not_guilty-set	Set up job	2026-09-11T10:29:03.0679779Z ##[endgroup]
az_record_sealing_dismissal_not_guilty-set	Set up job	2026-09-11T10:29:03.0681340Z ##[group]Operating System
az_record_sealing_dismissal_not_guilty-set	Set up job	2026-09-11T10:29:03.0682076Z Ubuntu
az_record_sealing_dismissal_not_guilty-set	Set up job	2026-09-11T10:29:03.0682589Z 24.04.5
az_record_sealing_dismissal_not_guilty-set	Set up job	2026-09-11T10:29:03.0683120Z LTS
az_record_sealing_dismissal_not_guilty-set	Set up job	2026-09-11T10:29:03.0683673Z ##[endgroup]
az_record_sealing_dismissal_not_guilty-set	Set up job	2026-09-11T10:29:03.0684214Z ##[group]Runner Image
az_record_sealing_dismissal_not_guilty-set	Set up job	2026-09-11T10:29:03.0685081Z Image: ubuntu-24.04
az_record_sealing_dismissal_not_guilty-set	Set up job	2026-09-11T10:29:03.0685649Z Version: 20260907.300.1
az_record_sealing_dismissal_not_guilty-set	Set up job	2026-09-11T10:29:03.0686801Z Included Software: https://github.com/actions/runner-images/blob/ubuntu24/20260907.300/images/ubuntu/Ubuntu2404-Readme.md
az_record_sealing_dismissal_not_guilty-set	Set up job	2026-09-11T10:29:03.0688622Z Image Release: https://github.com/actions/runner-images/releases/tag/ubuntu24%2F20260907.300
az_record_sealing_dismissal_not_guilty-set	Set up job	2026-09-11T10:29:03.0689977Z ##[endgroup]
az_record_sealing_dismissal_not_guilty-set	Set up job	2026-09-11T10:29:03.0691090Z ##[group]GITHUB_TOKEN Permissions
az_record_sealing_dismissal_not_guilty-set	Set up job	2026-09-11T10:29:03.0693205Z Contents: read
az_record_sealing_dismissal_not_guilty-set	Set up job	2026-09-11T10:29:03.0693852Z Metadata: read
az_record_sealing_dismissal_not_guilty-set	Set up job	2026-09-11T10:29:03.0694665Z ##[endgroup]
az_record_sealing_dismissal_not_guilty-set	Set up job	2026-09-11T10:29:03.0696729Z Secret source: Actions
az_record_sealing_dismissal_not_guilty-set	Set up job	2026-09-11T10:29:03.0697632Z Cache mode: write
az_record_sealing_dismissal_not_guilty-set	Set up job	2026-09-11T10:29:03.0698620Z Prepare workflow directory
az_record_sealing_dismissal_not_guilty-set	Set up job	2026-09-11T10:29:03.1028736Z Prepare all required actions
az_record_sealing_dismissal_not_guilty-set	Set up job	2026-09-11T10:29:03.1078675Z Getting action download info
az_record_sealing_dismissal_not_guilty-set	Set up job	2026-09-11T10:29:03.4645328Z Download action repository 'actions/checkout@v4' (SHA:11d5960a326750d5838078e36cf38b85af677262)
az_record_sealing_dismissal_not_guilty-set	Set up job	2026-09-11T10:29:03.5815909Z Download action repository 'actions/setup-node@v4' (SHA:49933ea5288caeca8642d1e84afbd3f7d6820020)
az_record_sealing_dismissal_not_guilty-set	Set up job	2026-09-11T10:29:03.6682280Z Download action repository 'actions/upload-artifact@v4' (SHA:ea165f8d65b6e75b540449e92b4886f43607fa02)
az_record_sealing_dismissal_not_guilty-set	Set up job	2026-09-11T10:29:03.8999834Z Complete job name: az_record_sealing_dismissal_not_guilty-set
az_record_sealing_dismissal_not_guilty-set	Run actions/checkout@v4	﻿2026-09-11T10:29:03.9725844Z Node 20 is being deprecated. This workflow is running with Node 24 by default. If you need to temporarily use Node 20, you can set the ACTIONS_ALLOW_USE_UNSECURE_NODE_VERSION=true environment variable. For more information see: https://github.blog/changelog/2025-09-19-deprecation-of-node-20-on-github-actions-runners/
az_record_sealing_dismissal_not_guilty-set	Run actions/checkout@v4	2026-09-11T10:29:03.9735047Z ##[group]Run actions/checkout@v4
az_record_sealing_dismissal_not_guilty-set	Run actions/checkout@v4	2026-09-11T10:29:03.9735802Z with:
az_record_sealing_dismissal_not_guilty-set	Run actions/checkout@v4	2026-09-11T10:29:03.9736282Z   ref: a83c8edf48e7f328b81270f9093dbed7f62e2fb3
az_record_sealing_dismissal_not_guilty-set	Run actions/checkout@v4	2026-09-11T10:29:03.9737048Z   repository: Roger-LegalEase/legalease-partner-dashboard-clean
az_record_sealing_dismissal_not_guilty-set	Run actions/checkout@v4	2026-09-11T10:29:03.9740875Z   token: ***
az_record_sealing_dismissal_not_guilty-set	Run actions/checkout@v4	2026-09-11T10:29:03.9741307Z   ssh-strict: true
az_record_sealing_dismissal_not_guilty-set	Run actions/checkout@v4	2026-09-11T10:29:03.9741745Z   ssh-user: git
az_record_sealing_dismissal_not_guilty-set	Run actions/checkout@v4	2026-09-11T10:29:03.9742188Z   persist-credentials: true
az_record_sealing_dismissal_not_guilty-set	Run actions/checkout@v4	2026-09-11T10:29:03.9742673Z   clean: true
az_record_sealing_dismissal_not_guilty-set	Run actions/checkout@v4	2026-09-11T10:29:03.9743123Z   sparse-checkout-cone-mode: true
az_record_sealing_dismissal_not_guilty-set	Run actions/checkout@v4	2026-09-11T10:29:03.9743650Z   fetch-depth: 1
az_record_sealing_dismissal_not_guilty-set	Run actions/checkout@v4	2026-09-11T10:29:03.9744101Z   fetch-tags: false
az_record_sealing_dismissal_not_guilty-set	Run actions/checkout@v4	2026-09-11T10:29:03.9744727Z   show-progress: true
az_record_sealing_dismissal_not_guilty-set	Run actions/checkout@v4	2026-09-11T10:29:03.9745215Z   lfs: false
az_record_sealing_dismissal_not_guilty-set	Run actions/checkout@v4	2026-09-11T10:29:03.9745626Z   submodules: false
az_record_sealing_dismissal_not_guilty-set	Run actions/checkout@v4	2026-09-11T10:29:03.9746122Z   set-safe-directory: true
az_record_sealing_dismissal_not_guilty-set	Run actions/checkout@v4	2026-09-11T10:29:03.9746638Z   allow-unsafe-pr-checkout: false
az_record_sealing_dismissal_not_guilty-set	Run actions/checkout@v4	2026-09-11T10:29:03.9747439Z ##[endgroup]
az_record_sealing_dismissal_not_guilty-set	Run actions/checkout@v4	2026-09-11T10:29:04.0775680Z Syncing repository: Roger-LegalEase/legalease-partner-dashboard-clean
az_record_sealing_dismissal_not_guilty-set	Run actions/checkout@v4	2026-09-11T10:29:04.0778784Z ##[group]Getting Git version info
az_record_sealing_dismissal_not_guilty-set	Run actions/checkout@v4	2026-09-11T10:29:04.0780577Z Working directory is '/home/runner/work/legalease-partner-dashboard-clean/legalease-partner-dashboard-clean'
az_record_sealing_dismissal_not_guilty-set	Run actions/checkout@v4	2026-09-11T10:29:04.0782987Z [command]/usr/bin/git version
az_record_sealing_dismissal_not_guilty-set	Run actions/checkout@v4	2026-09-11T10:29:04.0883945Z git version 2.55.0
az_record_sealing_dismissal_not_guilty-set	Run actions/checkout@v4	2026-09-11T10:29:04.0908021Z ##[endgroup]
az_record_sealing_dismissal_not_guilty-set	Run actions/checkout@v4	2026-09-11T10:29:04.0921809Z Temporarily overriding HOME='/home/runner/work/_temp/4ae94ec6-27fc-4af4-997d-f48f422464e5' before making global git config changes
az_record_sealing_dismissal_not_guilty-set	Run actions/checkout@v4	2026-09-11T10:29:04.0924542Z Adding repository directory to the temporary git global config as a safe directory
az_record_sealing_dismissal_not_guilty-set	Run actions/checkout@v4	2026-09-11T10:29:04.0928150Z [command]/usr/bin/git config --global --add safe.directory /home/runner/work/legalease-partner-dashboard-clean/legalease-partner-dashboard-clean
az_record_sealing_dismissal_not_guilty-set	Run actions/checkout@v4	2026-09-11T10:29:04.0983385Z Deleting the contents of '/home/runner/work/legalease-partner-dashboard-clean/legalease-partner-dashboard-clean'
az_record_sealing_dismissal_not_guilty-set	Run actions/checkout@v4	2026-09-11T10:29:04.0986948Z ##[group]Initializing the repository
az_record_sealing_dismissal_not_guilty-set	Run actions/checkout@v4	2026-09-11T10:29:04.0992305Z [command]/usr/bin/git init /home/runner/work/legalease-partner-dashboard-clean/legalease-partner-dashboard-clean
az_record_sealing_dismissal_not_guilty-set	Run actions/checkout@v4	2026-09-11T10:29:04.1114783Z hint: Using 'master' as the name for the initial branch. This default branch name
az_record_sealing_dismissal_not_guilty-set	Run actions/checkout@v4	2026-09-11T10:29:04.1116736Z hint: will change to "main" in Git 3.0. To configure the initial branch name
az_record_sealing_dismissal_not_guilty-set	Run actions/checkout@v4	2026-09-11T10:29:04.1117736Z hint: to use in all of your new repositories, which will suppress this warning,
az_record_sealing_dismissal_not_guilty-set	Run actions/checkout@v4	2026-09-11T10:29:04.1118489Z hint: call:
az_record_sealing_dismissal_not_guilty-set	Run actions/checkout@v4	2026-09-11T10:29:04.1118904Z hint:
az_record_sealing_dismissal_not_guilty-set	Run actions/checkout@v4	2026-09-11T10:29:04.1119446Z hint: 	git config --global init.defaultBranch <name>
az_record_sealing_dismissal_not_guilty-set	Run actions/checkout@v4	2026-09-11T10:29:04.1120480Z hint:
az_record_sealing_dismissal_not_guilty-set	Run actions/checkout@v4	2026-09-11T10:29:04.1121255Z hint: Names commonly chosen instead of 'master' are 'main', 'trunk' and
az_record_sealing_dismissal_not_guilty-set	Run actions/checkout@v4	2026-09-11T10:29:04.1122478Z hint: 'development'. The just-created branch can be renamed via this command:
az_record_sealing_dismissal_not_guilty-set	Run actions/checkout@v4	2026-09-11T10:29:04.1123230Z hint:
az_record_sealing_dismissal_not_guilty-set	Run actions/checkout@v4	2026-09-11T10:29:04.1123663Z hint: 	git branch -m <name>
az_record_sealing_dismissal_not_guilty-set	Run actions/checkout@v4	2026-09-11T10:29:04.1124155Z hint:
az_record_sealing_dismissal_not_guilty-set	Run actions/checkout@v4	2026-09-11T10:29:04.1125122Z hint: Disable this message with "git config set advice.defaultBranchName false"
az_record_sealing_dismissal_not_guilty-set	Run actions/checkout@v4	2026-09-11T10:29:04.1131198Z Initialized empty Git repository in /home/runner/work/legalease-partner-dashboard-clean/legalease-partner-dashboard-clean/.git/
az_record_sealing_dismissal_not_guilty-set	Run actions/checkout@v4	2026-09-11T10:29:04.1142061Z [command]/usr/bin/git remote add origin https://github.com/Roger-LegalEase/legalease-partner-dashboard-clean
az_record_sealing_dismissal_not_guilty-set	Run actions/checkout@v4	2026-09-11T10:29:04.1194872Z ##[endgroup]
az_record_sealing_dismissal_not_guilty-set	Run actions/checkout@v4	2026-09-11T10:29:04.1196503Z ##[group]Disabling automatic garbage collection
az_record_sealing_dismissal_not_guilty-set	Run actions/checkout@v4	2026-09-11T10:29:04.1226659Z [command]/usr/bin/git config --local gc.auto 0
az_record_sealing_dismissal_not_guilty-set	Run actions/checkout@v4	2026-09-11T10:29:04.1274251Z ##[endgroup]
az_record_sealing_dismissal_not_guilty-set	Run actions/checkout@v4	2026-09-11T10:29:04.1275955Z ##[group]Setting up auth
az_record_sealing_dismissal_not_guilty-set	Run actions/checkout@v4	2026-09-11T10:29:04.1284666Z [command]/usr/bin/git config --local --name-only --get-regexp core\.sshCommand
az_record_sealing_dismissal_not_guilty-set	Run actions/checkout@v4	2026-09-11T10:29:04.1334515Z [command]/usr/bin/git submodule foreach --recursive sh -c "git config --local --name-only --get-regexp 'core\.sshCommand' && git config --local --unset-all 'core.sshCommand' || :"
az_record_sealing_dismissal_not_guilty-set	Run actions/checkout@v4	2026-09-11T10:29:04.1817616Z [command]/usr/bin/git config --local --name-only --get-regexp http\.https\:\/\/github\.com\/\.extraheader
az_record_sealing_dismissal_not_guilty-set	Run actions/checkout@v4	2026-09-11T10:29:04.1857068Z [command]/usr/bin/git submodule foreach --recursive sh -c "git config --local --name-only --get-regexp 'http\.https\:\/\/github\.com\/\.extraheader' && git config --local --unset-all 'http.https://github.com/.extraheader' || :"
az_record_sealing_dismissal_not_guilty-set	Run actions/checkout@v4	2026-09-11T10:29:04.2097075Z [command]/usr/bin/git config --local --name-only --get-regexp ^includeIf\.gitdir:
az_record_sealing_dismissal_not_guilty-set	Run actions/checkout@v4	2026-09-11T10:29:04.2132607Z [command]/usr/bin/git submodule foreach --recursive git config --local --show-origin --name-only --get-regexp remote.origin.url
az_record_sealing_dismissal_not_guilty-set	Run actions/checkout@v4	2026-09-11T10:29:04.2358304Z [command]/usr/bin/git config --local http.https://github.com/.extraheader AUTHORIZATION: basic ***
az_record_sealing_dismissal_not_guilty-set	Run actions/checkout@v4	2026-09-11T10:29:04.2397055Z ##[endgroup]
az_record_sealing_dismissal_not_guilty-set	Run actions/checkout@v4	2026-09-11T10:29:04.2398562Z ##[group]Fetching the repository
az_record_sealing_dismissal_not_guilty-set	Run actions/checkout@v4	2026-09-11T10:29:04.2408213Z [command]/usr/bin/git -c protocol.version=2 fetch --no-tags --prune --no-recurse-submodules --depth=1 origin a83c8edf48e7f328b81270f9093dbed7f62e2fb3
az_record_sealing_dismissal_not_guilty-set	Run actions/checkout@v4	2026-09-11T10:30:00.7974119Z From https://github.com/Roger-LegalEase/legalease-partner-dashboard-clean
az_record_sealing_dismissal_not_guilty-set	Run actions/checkout@v4	2026-09-11T10:30:00.7975731Z  * branch              a83c8edf48e7f328b81270f9093dbed7f62e2fb3 -> FETCH_HEAD
az_record_sealing_dismissal_not_guilty-set	Run actions/checkout@v4	2026-09-11T10:30:00.7980974Z ##[endgroup]
az_record_sealing_dismissal_not_guilty-set	Run actions/checkout@v4	2026-09-11T10:30:00.7982113Z ##[group]Determining the checkout info
az_record_sealing_dismissal_not_guilty-set	Run actions/checkout@v4	2026-09-11T10:30:00.7983215Z ##[endgroup]
az_record_sealing_dismissal_not_guilty-set	Run actions/checkout@v4	2026-09-11T10:30:00.7989714Z [command]/usr/bin/git sparse-checkout disable
az_record_sealing_dismissal_not_guilty-set	Run actions/checkout@v4	2026-09-11T10:30:00.8045067Z [command]/usr/bin/git config --local --unset-all extensions.worktreeConfig
az_record_sealing_dismissal_not_guilty-set	Run actions/checkout@v4	2026-09-11T10:30:00.8077808Z ##[group]Checking out the ref
az_record_sealing_dismissal_not_guilty-set	Run actions/checkout@v4	2026-09-11T10:30:00.8082086Z [command]/usr/bin/git checkout --progress --force a83c8edf48e7f328b81270f9093dbed7f62e2fb3
az_record_sealing_dismissal_not_guilty-set	Run actions/checkout@v4	2026-09-11T10:30:01.8760874Z Updating files:  15% (3343/21750)
az_record_sealing_dismissal_not_guilty-set	Run actions/checkout@v4	2026-09-11T10:30:01.9509051Z Updating files:  16% (3480/21750)
az_record_sealing_dismissal_not_guilty-set	Run actions/checkout@v4	2026-09-11T10:30:02.0112760Z Updating files:  17% (3698/21750)
az_record_sealing_dismissal_not_guilty-set	Run actions/checkout@v4	2026-09-11T10:30:02.0754066Z Updating files:  18% (3915/21750)
az_record_sealing_dismissal_not_guilty-set	Run actions/checkout@v4	2026-09-11T10:30:02.1752588Z Updating files:  19% (4133/21750)
az_record_sealing_dismissal_not_guilty-set	Run actions/checkout@v4	2026-09-11T10:30:02.3186913Z Updating files:  20% (4350/21750)
az_record_sealing_dismissal_not_guilty-set	Run actions/checkout@v4	2026-09-11T10:30:02.4302396Z Updating files:  21% (4568/21750)
az_record_sealing_dismissal_not_guilty-set	Run actions/checkout@v4	2026-09-11T10:30:02.5366581Z Updating files:  22% (4785/21750)
az_record_sealing_dismissal_not_guilty-set	Run actions/checkout@v4	2026-09-11T10:30:02.6847652Z Updating files:  23% (5003/21750)
az_record_sealing_dismissal_not_guilty-set	Run actions/checkout@v4	2026-09-11T10:30:02.7495881Z Updating files:  24% (5220/21750)
az_record_sealing_dismissal_not_guilty-set	Run actions/checkout@v4	2026-09-11T10:30:02.8155190Z Updating files:  25% (5438/21750)
az_record_sealing_dismissal_not_guilty-set	Run actions/checkout@v4	2026-09-11T10:30:02.8372413Z Updating files:  26% (5655/21750)
az_record_sealing_dismissal_not_guilty-set	Run actions/checkout@v4	2026-09-11T10:30:02.8821317Z Updating files:  26% (5698/21750)
az_record_sealing_dismissal_not_guilty-set	Run actions/checkout@v4	2026-09-11T10:30:02.9540541Z Updating files:  27% (5873/21750)
az_record_sealing_dismissal_not_guilty-set	Run actions/checkout@v4	2026-09-11T10:30:03.0556469Z Updating files:  28% (6090/21750)
az_record_sealing_dismissal_not_guilty-set	Run actions/checkout@v4	2026-09-11T10:30:03.1529446Z Updating files:  29% (6308/21750)
az_record_sealing_dismissal_not_guilty-set	Run actions/checkout@v4	2026-09-11T10:30:03.3415650Z Updating files:  30% (6525/21750)
az_record_sealing_dismissal_not_guilty-set	Run actions/checkout@v4	2026-09-11T10:30:03.4525089Z Updating files:  31% (6743/21750)
az_record_sealing_dismissal_not_guilty-set	Run actions/checkout@v4	2026-09-11T10:30:03.5651606Z Updating files:  32% (6960/21750)
az_record_sealing_dismissal_not_guilty-set	Run actions/checkout@v4	2026-09-11T10:30:03.6766162Z Updating files:  33% (7178/21750)
az_record_sealing_dismissal_not_guilty-set	Run actions/checkout@v4	2026-09-11T10:30:03.7164907Z Updating files:  34% (7395/21750)
az_record_sealing_dismissal_not_guilty-set	Run actions/checkout@v4	2026-09-11T10:30:03.7747819Z Updating files:  35% (7613/21750)
az_record_sealing_dismissal_not_guilty-set	Run actions/checkout@v4	2026-09-11T10:30:03.8390021Z Updating files:  36% (7830/21750)
az_record_sealing_dismissal_not_guilty-set	Run actions/checkout@v4	2026-09-11T10:30:03.8657871Z Updating files:  36% (7981/21750)
az_record_sealing_dismissal_not_guilty-set	Run actions/checkout@v4	2026-09-11T10:30:03.9074734Z Updating files:  37% (8048/21750)
az_record_sealing_dismissal_not_guilty-set	Run actions/checkout@v4	2026-09-11T10:30:03.9516493Z Updating files:  38% (8265/21750)
az_record_sealing_dismissal_not_guilty-set	Run actions/checkout@v4	2026-09-11T10:30:03.9879713Z Updating files:  39% (8483/21750)
az_record_sealing_dismissal_not_guilty-set	Run actions/checkout@v4	2026-09-11T10:30:04.0369728Z Updating files:  40% (8700/21750)
az_record_sealing_dismissal_not_guilty-set	Run actions/checkout@v4	2026-09-11T10:30:04.1102066Z Updating files:  41% (8918/21750)
az_record_sealing_dismissal_not_guilty-set	Run actions/checkout@v4	2026-09-11T10:30:04.1394812Z Updating files:  42% (9135/21750)
az_record_sealing_dismissal_not_guilty-set	Run actions/checkout@v4	2026-09-11T10:30:04.1710740Z Updating files:  43% (9353/21750)
az_record_sealing_dismissal_not_guilty-set	Run actions/checkout@v4	2026-09-11T10:30:04.1992978Z Updating files:  44% (9570/21750)
az_record_sealing_dismissal_not_guilty-set	Run actions/checkout@v4	2026-09-11T10:30:04.2173607Z Updating files:  45% (9788/21750)
az_record_sealing_dismissal_not_guilty-set	Run actions/checkout@v4	2026-09-11T10:30:04.2321437Z Updating files:  46% (10005/21750)
az_record_sealing_dismissal_not_guilty-set	Run actions/checkout@v4	2026-09-11T10:30:04.2549755Z Updating files:  47% (10223/21750)
az_record_sealing_dismissal_not_guilty-set	Run actions/checkout@v4	2026-09-11T10:30:04.2952259Z Updating files:  48% (10440/21750)
az_record_sealing_dismissal_not_guilty-set	Run actions/checkout@v4	2026-09-11T10:30:04.3120326Z Updating files:  49% (10658/21750)
az_record_sealing_dismissal_not_guilty-set	Run actions/checkout@v4	2026-09-11T10:30:04.4365705Z Updating files:  50% (10875/21750)
az_record_sealing_dismissal_not_guilty-set	Run actions/checkout@v4	2026-09-11T10:30:04.6492455Z Updating files:  51% (11093/21750)
az_record_sealing_dismissal_not_guilty-set	Run actions/checkout@v4	2026-09-11T10:30:04.6617826Z Updating files:  52% (11310/21750)
az_record_sealing_dismissal_not_guilty-set	Run actions/checkout@v4	2026-09-11T10:30:04.6921149Z Updating files:  53% (11528/21750)
az_record_sealing_dismissal_not_guilty-set	Run actions/checkout@v4	2026-09-11T10:30:04.7082727Z Updating files:  54% (11745/21750)
az_record_sealing_dismissal_not_guilty-set	Run actions/checkout@v4	2026-09-11T10:30:04.7233737Z Updating files:  55% (11963/21750)
az_record_sealing_dismissal_not_guilty-set	Run actions/checkout@v4	2026-09-11T10:30:04.7395918Z Updating files:  56% (12180/21750)
az_record_sealing_dismissal_not_guilty-set	Run actions/checkout@v4	2026-09-11T10:30:04.7871397Z Updating files:  57% (12398/21750)
az_record_sealing_dismissal_not_guilty-set	Run actions/checkout@v4	2026-09-11T10:30:04.8399002Z Updating files:  58% (12615/21750)
az_record_sealing_dismissal_not_guilty-set	Run actions/checkout@v4	2026-09-11T10:30:04.8790423Z Updating files:  58% (12808/21750)
az_record_sealing_dismissal_not_guilty-set	Run actions/checkout@v4	2026-09-11T10:30:04.9022834Z Updating files:  59% (12833/21750)
az_record_sealing_dismissal_not_guilty-set	Run actions/checkout@v4	2026-09-11T10:30:04.9442134Z Updating files:  60% (13050/21750)
az_record_sealing_dismissal_not_guilty-set	Run actions/checkout@v4	2026-09-11T10:30:04.9697379Z Updating files:  61% (13268/21750)
az_record_sealing_dismissal_not_guilty-set	Run actions/checkout@v4	2026-09-11T10:30:04.9972971Z Updating files:  62% (13485/21750)
az_record_sealing_dismissal_not_guilty-set	Run actions/checkout@v4	2026-09-11T10:30:05.0660534Z Updating files:  63% (13703/21750)
az_record_sealing_dismissal_not_guilty-set	Run actions/checkout@v4	2026-09-11T10:30:05.1472412Z Updating files:  64% (13920/21750)
az_record_sealing_dismissal_not_guilty-set	Run actions/checkout@v4	2026-09-11T10:30:05.2222528Z Updating files:  65% (14138/21750)
az_record_sealing_dismissal_not_guilty-set	Run actions/checkout@v4	2026-09-11T10:30:05.2428536Z Updating files:  66% (14355/21750)
az_record_sealing_dismissal_not_guilty-set	Run actions/checkout@v4	2026-09-11T10:30:05.2633243Z Updating files:  67% (14573/21750)
az_record_sealing_dismissal_not_guilty-set	Run actions/checkout@v4	2026-09-11T10:30:05.3521369Z Updating files:  68% (14790/21750)
az_record_sealing_dismissal_not_guilty-set	Run actions/checkout@v4	2026-09-11T10:30:05.4572420Z Updating files:  69% (15008/21750)
az_record_sealing_dismissal_not_guilty-set	Run actions/checkout@v4	2026-09-11T10:30:05.5141279Z Updating files:  70% (15225/21750)
az_record_sealing_dismissal_not_guilty-set	Run actions/checkout@v4	2026-09-11T10:30:05.6163673Z Updating files:  71% (15443/21750)
az_record_sealing_dismissal_not_guilty-set	Run actions/checkout@v4	2026-09-11T10:30:05.8022892Z Updating files:  72% (15660/21750)
az_record_sealing_dismissal_not_guilty-set	Run actions/checkout@v4	2026-09-11T10:30:05.8246501Z Updating files:  73% (15878/21750)
az_record_sealing_dismissal_not_guilty-set	Run actions/checkout@v4	2026-09-11T10:30:05.8372378Z Updating files:  74% (16095/21750)
az_record_sealing_dismissal_not_guilty-set	Run actions/checkout@v4	2026-09-11T10:30:05.8458654Z Updating files:  74% (16282/21750)
az_record_sealing_dismissal_not_guilty-set	Run actions/checkout@v4	2026-09-11T10:30:05.8545452Z Updating files:  75% (16313/21750)
az_record_sealing_dismissal_not_guilty-set	Run actions/checkout@v4	2026-09-11T10:30:05.8638953Z Updating files:  76% (16530/21750)
az_record_sealing_dismissal_not_guilty-set	Run actions/checkout@v4	2026-09-11T10:30:05.9404751Z Updating files:  77% (16748/21750)
az_record_sealing_dismissal_not_guilty-set	Run actions/checkout@v4	2026-09-11T10:30:06.0527117Z Updating files:  78% (16965/21750)
az_record_sealing_dismissal_not_guilty-set	Run actions/checkout@v4	2026-09-11T10:30:06.1901988Z Updating files:  79% (17183/21750)
az_record_sealing_dismissal_not_guilty-set	Run actions/checkout@v4	2026-09-11T10:30:06.2481112Z Updating files:  80% (17400/21750)
az_record_sealing_dismissal_not_guilty-set	Run actions/checkout@v4	2026-09-11T10:30:06.2773939Z Updating files:  81% (17618/21750)
az_record_sealing_dismissal_not_guilty-set	Run actions/checkout@v4	2026-09-11T10:30:06.3009935Z Updating files:  82% (17835/21750)
az_record_sealing_dismissal_not_guilty-set	Run actions/checkout@v4	2026-09-11T10:30:06.3215394Z Updating files:  83% (18053/21750)
az_record_sealing_dismissal_not_guilty-set	Run actions/checkout@v4	2026-09-11T10:30:06.3399602Z Updating files:  84% (18270/21750)
az_record_sealing_dismissal_not_guilty-set	Run actions/checkout@v4	2026-09-11T10:30:06.3593196Z Updating files:  85% (18488/21750)
az_record_sealing_dismissal_not_guilty-set	Run actions/checkout@v4	2026-09-11T10:30:06.3811616Z Updating files:  86% (18705/21750)
az_record_sealing_dismissal_not_guilty-set	Run actions/checkout@v4	2026-09-11T10:30:06.4011795Z Updating files:  87% (18923/21750)
az_record_sealing_dismissal_not_guilty-set	Run actions/checkout@v4	2026-09-11T10:30:06.4226620Z Updating files:  88% (19140/21750)
az_record_sealing_dismissal_not_guilty-set	Run actions/checkout@v4	2026-09-11T10:30:06.4411212Z Updating files:  89% (19358/21750)
az_record_sealing_dismissal_not_guilty-set	Run actions/checkout@v4	2026-09-11T10:30:06.4738867Z Updating files:  90% (19575/21750)
az_record_sealing_dismissal_not_guilty-set	Run actions/checkout@v4	2026-09-11T10:30:06.4847485Z Updating files:  91% (19793/21750)
az_record_sealing_dismissal_not_guilty-set	Run actions/checkout@v4	2026-09-11T10:30:06.5048467Z Updating files:  92% (20010/21750)
az_record_sealing_dismissal_not_guilty-set	Run actions/checkout@v4	2026-09-11T10:30:06.6925754Z Updating files:  93% (20228/21750)
az_record_sealing_dismissal_not_guilty-set	Run actions/checkout@v4	2026-09-11T10:30:06.7947157Z Updating files:  94% (20445/21750)
az_record_sealing_dismissal_not_guilty-set	Run actions/checkout@v4	2026-09-11T10:30:06.8341049Z Updating files:  95% (20663/21750)
az_record_sealing_dismissal_not_guilty-set	Run actions/checkout@v4	2026-09-11T10:30:06.8375967Z Updating files:  96% (20880/21750)
az_record_sealing_dismissal_not_guilty-set	Run actions/checkout@v4	2026-09-11T10:30:06.8949462Z Updating files:  96% (20883/21750)
az_record_sealing_dismissal_not_guilty-set	Run actions/checkout@v4	2026-09-11T10:30:06.9449953Z Updating files:  97% (21098/21750)
az_record_sealing_dismissal_not_guilty-set	Run actions/checkout@v4	2026-09-11T10:30:07.0027783Z Updating files:  98% (21315/21750)
az_record_sealing_dismissal_not_guilty-set	Run actions/checkout@v4	2026-09-11T10:30:07.0487857Z Updating files:  99% (21533/21750)
az_record_sealing_dismissal_not_guilty-set	Run actions/checkout@v4	2026-09-11T10:30:07.0488484Z Updating files: 100% (21750/21750)
az_record_sealing_dismissal_not_guilty-set	Run actions/checkout@v4	2026-09-11T10:30:07.0488847Z Updating files: 100% (21750/21750), done.
az_record_sealing_dismissal_not_guilty-set	Run actions/checkout@v4	2026-09-11T10:30:07.1755416Z Note: switching to 'a83c8edf48e7f328b81270f9093dbed7f62e2fb3'.
az_record_sealing_dismissal_not_guilty-set	Run actions/checkout@v4	2026-09-11T10:30:07.1775108Z 
az_record_sealing_dismissal_not_guilty-set	Run actions/checkout@v4	2026-09-11T10:30:07.1775770Z You are in 'detached HEAD' state. You can look around, make experimental
az_record_sealing_dismissal_not_guilty-set	Run actions/checkout@v4	2026-09-11T10:30:07.1776902Z changes and commit them, and you can discard any commits you make in this
az_record_sealing_dismissal_not_guilty-set	Run actions/checkout@v4	2026-09-11T10:30:07.1777710Z state without impacting any branches by switching back to a branch.
az_record_sealing_dismissal_not_guilty-set	Run actions/checkout@v4	2026-09-11T10:30:07.1778177Z 
az_record_sealing_dismissal_not_guilty-set	Run actions/checkout@v4	2026-09-11T10:30:07.1778493Z If you want to create a new branch to retain commits you create, you may
az_record_sealing_dismissal_not_guilty-set	Run actions/checkout@v4	2026-09-11T10:30:07.1779234Z do so (now or later) by using -c with the switch command. Example:
az_record_sealing_dismissal_not_guilty-set	Run actions/checkout@v4	2026-09-11T10:30:07.1779666Z 
az_record_sealing_dismissal_not_guilty-set	Run actions/checkout@v4	2026-09-11T10:30:07.1779832Z   git switch -c <new-branch-name>
az_record_sealing_dismissal_not_guilty-set	Run actions/checkout@v4	2026-09-11T10:30:07.1780119Z 
az_record_sealing_dismissal_not_guilty-set	Run actions/checkout@v4	2026-09-11T10:30:07.1780276Z Or undo this operation with:
az_record_sealing_dismissal_not_guilty-set	Run actions/checkout@v4	2026-09-11T10:30:07.1780539Z 
az_record_sealing_dismissal_not_guilty-set	Run actions/checkout@v4	2026-09-11T10:30:07.1780671Z   git switch -
az_record_sealing_dismissal_not_guilty-set	Run actions/checkout@v4	2026-09-11T10:30:07.1780873Z 
az_record_sealing_dismissal_not_guilty-set	Run actions/checkout@v4	2026-09-11T10:30:07.1781222Z Turn off this advice by setting config variable advice.detachedHead to false
az_record_sealing_dismissal_not_guilty-set	Run actions/checkout@v4	2026-09-11T10:30:07.1781751Z 
az_record_sealing_dismissal_not_guilty-set	Run actions/checkout@v4	2026-09-11T10:30:07.1782490Z HEAD is now at a83c8edf Pin deterministic Arizona packet bytes for fresh central raster
az_record_sealing_dismissal_not_guilty-set	Run actions/checkout@v4	2026-09-11T10:30:07.1969943Z ##[endgroup]
az_record_sealing_dismissal_not_guilty-set	Run actions/checkout@v4	2026-09-11T10:30:07.2020454Z [command]/usr/bin/git log -1 --format=%H
az_record_sealing_dismissal_not_guilty-set	Run actions/checkout@v4	2026-09-11T10:30:07.2049048Z a83c8edf48e7f328b81270f9093dbed7f62e2fb3
az_record_sealing_dismissal_not_guilty-set	Refuse a movable ref and prove the checkout is the pinned commit	﻿2026-09-11T10:30:07.2264616Z ##[group]Run set -euo pipefail
az_record_sealing_dismissal_not_guilty-set	Refuse a movable ref and prove the checkout is the pinned commit	2026-09-11T10:30:07.2264989Z ^[[36;1mset -euo pipefail^[[0m
az_record_sealing_dismissal_not_guilty-set	Refuse a movable ref and prove the checkout is the pinned commit	2026-09-11T10:30:07.2265373Z ^[[36;1m# actions/checkout accepts a branch or tag here despite the input^[[0m
az_record_sealing_dismissal_not_guilty-set	Refuse a movable ref and prove the checkout is the pinned commit	2026-09-11T10:30:07.2265917Z ^[[36;1m# description. Three jobs resolve this ref independently, so a branch^[[0m
az_record_sealing_dismissal_not_guilty-set	Refuse a movable ref and prove the checkout is the pinned commit	2026-09-11T10:30:07.2266446Z ^[[36;1m# that moves mid-run would have them inspect different commits while^[[0m
az_record_sealing_dismissal_not_guilty-set	Refuse a movable ref and prove the checkout is the pinned commit	2026-09-11T10:30:07.2266927Z ^[[36;1m# every receipt recorded the literal branch name as the pin. An^[[0m
az_record_sealing_dismissal_not_guilty-set	Refuse a movable ref and prove the checkout is the pinned commit	2026-09-11T10:30:07.2267403Z ^[[36;1m# immutable 40-hex commit, verified against the checked-out HEAD, is^[[0m
az_record_sealing_dismissal_not_guilty-set	Refuse a movable ref and prove the checkout is the pinned commit	2026-09-11T10:30:07.2267852Z ^[[36;1m# the only input that makes a receipt findable again.^[[0m
az_record_sealing_dismissal_not_guilty-set	Refuse a movable ref and prove the checkout is the pinned commit	2026-09-11T10:30:07.2268174Z ^[[36;1mcase "$REF" in^[[0m
az_record_sealing_dismissal_not_guilty-set	Refuse a movable ref and prove the checkout is the pinned commit	2026-09-11T10:30:07.2268810Z ^[[36;1m  *[!0-9a-f]* | "") echo "REFUSED: commit_sha must be a full 40-character commit hash, got '$REF'"; exit 1;;^[[0m
az_record_sealing_dismissal_not_guilty-set	Refuse a movable ref and prove the checkout is the pinned commit	2026-09-11T10:30:07.2269301Z ^[[36;1mesac^[[0m
az_record_sealing_dismissal_not_guilty-set	Refuse a movable ref and prove the checkout is the pinned commit	2026-09-11T10:30:07.2269686Z ^[[36;1m[ "${#REF}" -eq 40 ] || { echo "REFUSED: commit_sha must be 40 hex characters, got ${#REF}"; exit 1; }^[[0m
az_record_sealing_dismissal_not_guilty-set	Refuse a movable ref and prove the checkout is the pinned commit	2026-09-11T10:30:07.2270191Z ^[[36;1mHEAD_SHA="$(git rev-parse HEAD)"^[[0m
az_record_sealing_dismissal_not_guilty-set	Refuse a movable ref and prove the checkout is the pinned commit	2026-09-11T10:30:07.2270654Z ^[[36;1m[ "$HEAD_SHA" = "$REF" ] || { echo "REFUSED: checked out $HEAD_SHA but the pin says $REF"; exit 1; }^[[0m
az_record_sealing_dismissal_not_guilty-set	Refuse a movable ref and prove the checkout is the pinned commit	2026-09-11T10:30:07.2271136Z ^[[36;1mecho "pinned commit confirmed: $HEAD_SHA"^[[0m
az_record_sealing_dismissal_not_guilty-set	Refuse a movable ref and prove the checkout is the pinned commit	2026-09-11T10:30:07.2312898Z shell: /usr/bin/bash -e {0}
az_record_sealing_dismissal_not_guilty-set	Refuse a movable ref and prove the checkout is the pinned commit	2026-09-11T10:30:07.2313162Z env:
az_record_sealing_dismissal_not_guilty-set	Refuse a movable ref and prove the checkout is the pinned commit	2026-09-11T10:30:07.2313391Z   REF: a83c8edf48e7f328b81270f9093dbed7f62e2fb3
az_record_sealing_dismissal_not_guilty-set	Refuse a movable ref and prove the checkout is the pinned commit	2026-09-11T10:30:07.2313687Z ##[endgroup]
az_record_sealing_dismissal_not_guilty-set	Refuse a movable ref and prove the checkout is the pinned commit	2026-09-11T10:30:07.2407892Z pinned commit confirmed: a83c8edf48e7f328b81270f9093dbed7f62e2fb3
az_record_sealing_dismissal_not_guilty-set	Run actions/setup-node@v4	﻿2026-09-11T10:30:07.2497205Z Node 20 is being deprecated. This workflow is running with Node 24 by default. If you need to temporarily use Node 20, you can set the ACTIONS_ALLOW_USE_UNSECURE_NODE_VERSION=true environment variable. For more information see: https://github.blog/changelog/2025-09-19-deprecation-of-node-20-on-github-actions-runners/
az_record_sealing_dismissal_not_guilty-set	Run actions/setup-node@v4	2026-09-11T10:30:07.2499112Z ##[group]Run actions/setup-node@v4
az_record_sealing_dismissal_not_guilty-set	Run actions/setup-node@v4	2026-09-11T10:30:07.2499369Z with:
az_record_sealing_dismissal_not_guilty-set	Run actions/setup-node@v4	2026-09-11T10:30:07.2499553Z   node-version: 22
az_record_sealing_dismissal_not_guilty-set	Run actions/setup-node@v4	2026-09-11T10:30:07.2499754Z   always-auth: false
az_record_sealing_dismissal_not_guilty-set	Run actions/setup-node@v4	2026-09-11T10:30:07.2499966Z   check-latest: false
az_record_sealing_dismissal_not_guilty-set	Run actions/setup-node@v4	2026-09-11T10:30:07.2502313Z   token: ***
az_record_sealing_dismissal_not_guilty-set	Run actions/setup-node@v4	2026-09-11T10:30:07.2502511Z ##[endgroup]
az_record_sealing_dismissal_not_guilty-set	Run actions/setup-node@v4	2026-09-11T10:30:07.3933978Z Found in cache @ /opt/hostedtoolcache/node/22.23.2/x64
az_record_sealing_dismissal_not_guilty-set	Run actions/setup-node@v4	2026-09-11T10:30:07.3938411Z (node:2295) [DEP0040] DeprecationWarning: The `punycode` module is deprecated. Please use a userland alternative instead.
az_record_sealing_dismissal_not_guilty-set	Run actions/setup-node@v4	2026-09-11T10:30:07.3939714Z (Use `node --trace-deprecation ...` to show where the warning was created)
az_record_sealing_dismissal_not_guilty-set	Run actions/setup-node@v4	2026-09-11T10:30:07.3941452Z ##[group]Environment details
az_record_sealing_dismissal_not_guilty-set	Run actions/setup-node@v4	2026-09-11T10:30:07.8430326Z node: v22.23.2
az_record_sealing_dismissal_not_guilty-set	Run actions/setup-node@v4	2026-09-11T10:30:07.8430755Z npm: 10.9.8
az_record_sealing_dismissal_not_guilty-set	Run actions/setup-node@v4	2026-09-11T10:30:07.8431052Z yarn: 1.22.22
az_record_sealing_dismissal_not_guilty-set	Run actions/setup-node@v4	2026-09-11T10:30:07.8431992Z ##[endgroup]
az_record_sealing_dismissal_not_guilty-set	Run npm ci --cache /tmp/npm-cache	﻿2026-09-11T10:30:07.8550378Z ##[group]Run npm ci --cache /tmp/npm-cache
az_record_sealing_dismissal_not_guilty-set	Run npm ci --cache /tmp/npm-cache	2026-09-11T10:30:07.8550737Z ^[[36;1mnpm ci --cache /tmp/npm-cache^[[0m
az_record_sealing_dismissal_not_guilty-set	Run npm ci --cache /tmp/npm-cache	2026-09-11T10:30:07.8596167Z shell: /usr/bin/bash -e {0}
az_record_sealing_dismissal_not_guilty-set	Run npm ci --cache /tmp/npm-cache	2026-09-11T10:30:07.8596435Z ##[endgroup]
az_record_sealing_dismissal_not_guilty-set	Run npm ci --cache /tmp/npm-cache	2026-09-11T10:30:28.5368368Z 
az_record_sealing_dismissal_not_guilty-set	Run npm ci --cache /tmp/npm-cache	2026-09-11T10:30:28.5377936Z added 492 packages, and audited 493 packages in 21s
az_record_sealing_dismissal_not_guilty-set	Run npm ci --cache /tmp/npm-cache	2026-09-11T10:30:28.5378278Z 
az_record_sealing_dismissal_not_guilty-set	Run npm ci --cache /tmp/npm-cache	2026-09-11T10:30:28.5378483Z 186 packages are looking for funding
az_record_sealing_dismissal_not_guilty-set	Run npm ci --cache /tmp/npm-cache	2026-09-11T10:30:28.5378797Z   run `npm fund` for details
az_record_sealing_dismissal_not_guilty-set	Run npm ci --cache /tmp/npm-cache	2026-09-11T10:30:28.7179455Z 
az_record_sealing_dismissal_not_guilty-set	Run npm ci --cache /tmp/npm-cache	2026-09-11T10:30:28.7180415Z 39 vulnerabilities (2 low, 29 moderate, 7 high, 1 critical)
az_record_sealing_dismissal_not_guilty-set	Run npm ci --cache /tmp/npm-cache	2026-09-11T10:30:28.7180853Z 
az_record_sealing_dismissal_not_guilty-set	Run npm ci --cache /tmp/npm-cache	2026-09-11T10:30:28.7181167Z To address issues that do not require attention, run:
az_record_sealing_dismissal_not_guilty-set	Run npm ci --cache /tmp/npm-cache	2026-09-11T10:30:28.7181637Z   npm audit fix
az_record_sealing_dismissal_not_guilty-set	Run npm ci --cache /tmp/npm-cache	2026-09-11T10:30:28.7181819Z 
az_record_sealing_dismissal_not_guilty-set	Run npm ci --cache /tmp/npm-cache	2026-09-11T10:30:28.7181974Z To address all issues, run:
az_record_sealing_dismissal_not_guilty-set	Run npm ci --cache /tmp/npm-cache	2026-09-11T10:30:28.7182323Z   npm audit fix --force
az_record_sealing_dismissal_not_guilty-set	Run npm ci --cache /tmp/npm-cache	2026-09-11T10:30:28.7182508Z 
az_record_sealing_dismissal_not_guilty-set	Run npm ci --cache /tmp/npm-cache	2026-09-11T10:30:28.7182641Z Run `npm audit` for details.
az_record_sealing_dismissal_not_guilty-set	Provision the browser	﻿2026-09-11T10:30:28.7917683Z ##[group]Run set -euo pipefail
az_record_sealing_dismissal_not_guilty-set	Provision the browser	2026-09-11T10:30:28.7918040Z ^[[36;1mset -euo pipefail^[[0m
az_record_sealing_dismissal_not_guilty-set	Provision the browser	2026-09-11T10:30:28.7918398Z ^[[36;1mexport PLAYWRIGHT_BROWSERS_PATH="$HOME/.cache/ms-playwright"^[[0m
az_record_sealing_dismissal_not_guilty-set	Provision the browser	2026-09-11T10:30:28.7918846Z ^[[36;1mnpx --yes playwright install --with-deps chromium^[[0m
az_record_sealing_dismissal_not_guilty-set	Provision the browser	2026-09-11T10:30:28.7919324Z ^[[36;1mecho "PLAYWRIGHT_BROWSERS_PATH=$PLAYWRIGHT_BROWSERS_PATH" >> "$GITHUB_ENV"^[[0m
az_record_sealing_dismissal_not_guilty-set	Provision the browser	2026-09-11T10:30:28.7957217Z shell: /usr/bin/bash -e {0}
az_record_sealing_dismissal_not_guilty-set	Provision the browser	2026-09-11T10:30:28.7957475Z ##[endgroup]
az_record_sealing_dismissal_not_guilty-set	Provision the browser	2026-09-11T10:30:29.5772907Z Installing dependencies...
az_record_sealing_dismissal_not_guilty-set	Provision the browser	2026-09-11T10:30:29.5835430Z Switching to root user to install dependencies...
az_record_sealing_dismissal_not_guilty-set	Provision the browser	2026-09-11T10:30:29.7006225Z Get:1 file:/etc/apt/apt-mirrors.txt Mirrorlist [144 B]
az_record_sealing_dismissal_not_guilty-set	Provision the browser	2026-09-11T10:30:29.7446080Z Hit:2 http://azure.archive.ubuntu.com/ubuntu noble InRelease
az_record_sealing_dismissal_not_guilty-set	Provision the browser	2026-09-11T10:30:29.7471405Z Get:3 http://azure.archive.ubuntu.com/ubuntu noble-updates InRelease [126 kB]
az_record_sealing_dismissal_not_guilty-set	Provision the browser	2026-09-11T10:30:29.7496320Z Get:6 https://packages.microsoft.com/ubuntu/24.04/prod noble InRelease [3600 B]
az_record_sealing_dismissal_not_guilty-set	Provision the browser	2026-09-11T10:30:29.7535881Z Get:4 http://azure.archive.ubuntu.com/ubuntu noble-backports InRelease [126 kB]
az_record_sealing_dismissal_not_guilty-set	Provision the browser	2026-09-11T10:30:29.7569515Z Get:5 http://azure.archive.ubuntu.com/ubuntu noble-security InRelease [126 kB]
az_record_sealing_dismissal_not_guilty-set	Provision the browser	2026-09-11T10:30:29.7825673Z Get:7 https://dl.google.com/linux/chrome-stable/deb stable InRelease [2548 B]
az_record_sealing_dismissal_not_guilty-set	Provision the browser	2026-09-11T10:30:29.9031977Z Get:8 http://azure.archive.ubuntu.com/ubuntu noble-updates/main amd64 Packages [1262 kB]
az_record_sealing_dismissal_not_guilty-set	Provision the browser	2026-09-11T10:30:29.9195264Z Get:9 http://azure.archive.ubuntu.com/ubuntu noble-updates/main Translation-en [292 kB]
az_record_sealing_dismissal_not_guilty-set	Provision the browser	2026-09-11T10:30:29.9226000Z Get:10 http://azure.archive.ubuntu.com/ubuntu noble-updates/main amd64 Components [180 kB]
az_record_sealing_dismissal_not_guilty-set	Provision the browser	2026-09-11T10:30:29.9236651Z Get:11 http://azure.archive.ubuntu.com/ubuntu noble-updates/universe amd64 Packages [1690 kB]
az_record_sealing_dismissal_not_guilty-set	Provision the browser	2026-09-11T10:30:29.9314245Z Get:12 http://azure.archive.ubuntu.com/ubuntu noble-updates/universe amd64 Components [387 kB]
az_record_sealing_dismissal_not_guilty-set	Provision the browser	2026-09-11T10:30:29.9347674Z Get:13 http://azure.archive.ubuntu.com/ubuntu noble-updates/restricted amd64 Packages [1540 kB]
az_record_sealing_dismissal_not_guilty-set	Provision the browser	2026-09-11T10:30:29.9422373Z Get:14 http://azure.archive.ubuntu.com/ubuntu noble-updates/restricted Translation-en [353 kB]
az_record_sealing_dismissal_not_guilty-set	Provision the browser	2026-09-11T10:30:29.9450501Z Get:15 http://azure.archive.ubuntu.com/ubuntu noble-updates/multiverse amd64 Components [940 B]
az_record_sealing_dismissal_not_guilty-set	Provision the browser	2026-09-11T10:30:29.9641828Z Get:16 https://packages.microsoft.com/ubuntu/24.04/prod noble/main arm64 Packages [411 kB]
az_record_sealing_dismissal_not_guilty-set	Provision the browser	2026-09-11T10:30:29.9740030Z Get:17 https://packages.microsoft.com/ubuntu/24.04/prod noble/main amd64 Packages [460 kB]
az_record_sealing_dismissal_not_guilty-set	Provision the browser	2026-09-11T10:30:30.0118360Z Get:18 http://azure.archive.ubuntu.com/ubuntu noble-backports/main amd64 Components [5748 B]
az_record_sealing_dismissal_not_guilty-set	Provision the browser	2026-09-11T10:30:30.0135230Z Get:19 http://azure.archive.ubuntu.com/ubuntu noble-backports/universe amd64 Components [12.6 kB]
az_record_sealing_dismissal_not_guilty-set	Provision the browser	2026-09-11T10:30:30.1086508Z Get:20 http://azure.archive.ubuntu.com/ubuntu noble-security/main amd64 Packages [1006 kB]
az_record_sealing_dismissal_not_guilty-set	Provision the browser	2026-09-11T10:30:30.1123425Z Get:21 http://azure.archive.ubuntu.com/ubuntu noble-security/main Translation-en [213 kB]
az_record_sealing_dismissal_not_guilty-set	Provision the browser	2026-09-11T10:30:30.1146818Z Get:22 http://azure.archive.ubuntu.com/ubuntu noble-security/main amd64 Components [46.5 kB]
az_record_sealing_dismissal_not_guilty-set	Provision the browser	2026-09-11T10:30:30.1165309Z Get:23 http://azure.archive.ubuntu.com/ubuntu noble-security/universe amd64 Packages [1206 kB]
az_record_sealing_dismissal_not_guilty-set	Provision the browser	2026-09-11T10:30:30.1236630Z Get:24 http://azure.archive.ubuntu.com/ubuntu noble-security/universe amd64 Components [76.3 kB]
az_record_sealing_dismissal_not_guilty-set	Provision the browser	2026-09-11T10:30:30.1256327Z Get:25 http://azure.archive.ubuntu.com/ubuntu noble-security/restricted amd64 Packages [1445 kB]
az_record_sealing_dismissal_not_guilty-set	Provision the browser	2026-09-11T10:30:30.1267155Z Get:27 https://dl.google.com/linux/chrome-stable/deb stable/main amd64 Packages [1409 B]
az_record_sealing_dismissal_not_guilty-set	Provision the browser	2026-09-11T10:30:30.1337589Z Get:26 http://azure.archive.ubuntu.com/ubuntu noble-security/restricted Translation-en [336 kB]
az_record_sealing_dismissal_not_guilty-set	Provision the browser	2026-09-11T10:30:34.3272737Z Fetched 11.3 MB in 1s (8858 kB/s)
az_record_sealing_dismissal_not_guilty-set	Provision the browser	2026-09-11T10:30:35.0985882Z Reading package lists...
az_record_sealing_dismissal_not_guilty-set	Provision the browser	2026-09-11T10:30:35.1225111Z Reading package lists...
az_record_sealing_dismissal_not_guilty-set	Provision the browser	2026-09-11T10:30:35.2747213Z Building dependency tree...
az_record_sealing_dismissal_not_guilty-set	Provision the browser	2026-09-11T10:30:35.2754573Z Reading state information...
az_record_sealing_dismissal_not_guilty-set	Provision the browser	2026-09-11T10:30:35.4075824Z libasound2t64 is already the newest version (1.2.11-1ubuntu0.3).
az_record_sealing_dismissal_not_guilty-set	Provision the browser	2026-09-11T10:30:35.4076728Z libasound2t64 set to manually installed.
az_record_sealing_dismissal_not_guilty-set	Provision the browser	2026-09-11T10:30:35.4077695Z libatk-bridge2.0-0t64 is already the newest version (2.52.0-1build1).
az_record_sealing_dismissal_not_guilty-set	Provision the browser	2026-09-11T10:30:35.4078654Z libatk-bridge2.0-0t64 set to manually installed.
az_record_sealing_dismissal_not_guilty-set	Provision the browser	2026-09-11T10:30:35.4079563Z libatk1.0-0t64 is already the newest version (2.52.0-1build1).
az_record_sealing_dismissal_not_guilty-set	Provision the browser	2026-09-11T10:30:35.4080078Z libatk1.0-0t64 set to manually installed.
az_record_sealing_dismissal_not_guilty-set	Provision the browser	2026-09-11T10:30:35.4080794Z libatspi2.0-0t64 is already the newest version (2.52.0-1build1).
az_record_sealing_dismissal_not_guilty-set	Provision the browser	2026-09-11T10:30:35.4081903Z libatspi2.0-0t64 set to manually installed.
az_record_sealing_dismissal_not_guilty-set	Provision the browser	2026-09-11T10:30:35.4082441Z libcairo2 is already the newest version (1.18.0-3build1).
az_record_sealing_dismissal_not_guilty-set	Provision the browser	2026-09-11T10:30:35.4082924Z libcairo2 set to manually installed.
az_record_sealing_dismissal_not_guilty-set	Provision the browser	2026-09-11T10:30:35.4083438Z libcups2t64 is already the newest version (2.4.7-1.2ubuntu7.14).
az_record_sealing_dismissal_not_guilty-set	Provision the browser	2026-09-11T10:30:35.4084678Z libcups2t64 set to manually installed.
az_record_sealing_dismissal_not_guilty-set	Provision the browser	2026-09-11T10:30:35.4085438Z libdbus-1-3 is already the newest version (1.14.10-4ubuntu4.1).
az_record_sealing_dismissal_not_guilty-set	Provision the browser	2026-09-11T10:30:35.4086232Z libdbus-1-3 set to manually installed.
az_record_sealing_dismissal_not_guilty-set	Provision the browser	2026-09-11T10:30:35.4087056Z libdrm2 is already the newest version (2.4.125-1ubuntu0.1~24.04.2).
az_record_sealing_dismissal_not_guilty-set	Provision the browser	2026-09-11T10:30:35.4087803Z libdrm2 set to manually installed.
az_record_sealing_dismissal_not_guilty-set	Provision the browser	2026-09-11T10:30:35.4088629Z libgbm1 is already the newest version (25.2.8-0ubuntu0.24.04.2).
az_record_sealing_dismissal_not_guilty-set	Provision the browser	2026-09-11T10:30:35.4089576Z libgbm1 set to manually installed.
az_record_sealing_dismissal_not_guilty-set	Provision the browser	2026-09-11T10:30:35.4090358Z libglib2.0-0t64 is already the newest version (2.80.0-6ubuntu3.8).
az_record_sealing_dismissal_not_guilty-set	Provision the browser	2026-09-11T10:30:35.4091156Z libglib2.0-0t64 set to manually installed.
az_record_sealing_dismissal_not_guilty-set	Provision the browser	2026-09-11T10:30:35.4092129Z libnspr4 is already the newest version (2:4.35-1.1build1).
az_record_sealing_dismissal_not_guilty-set	Provision the browser	2026-09-11T10:30:35.4092857Z libnspr4 set to manually installed.
az_record_sealing_dismissal_not_guilty-set	Provision the browser	2026-09-11T10:30:35.4093585Z libnss3 is already the newest version (2:3.98-1ubuntu0.2).
az_record_sealing_dismissal_not_guilty-set	Provision the browser	2026-09-11T10:30:35.4094268Z libnss3 set to manually installed.
az_record_sealing_dismissal_not_guilty-set	Provision the browser	2026-09-11T10:30:35.4095337Z libpango-1.0-0 is already the newest version (1.52.1+ds-1build1).
az_record_sealing_dismissal_not_guilty-set	Provision the browser	2026-09-11T10:30:35.4096182Z libpango-1.0-0 set to manually installed.
az_record_sealing_dismissal_not_guilty-set	Provision the browser	2026-09-11T10:30:35.4097234Z libx11-6 is already the newest version (2:1.8.7-1build1).
az_record_sealing_dismissal_not_guilty-set	Provision the browser	2026-09-11T10:30:35.4097930Z libx11-6 set to manually installed.
az_record_sealing_dismissal_not_guilty-set	Provision the browser	2026-09-11T10:30:35.4098601Z libxcb1 is already the newest version (1.15-1ubuntu2).
az_record_sealing_dismissal_not_guilty-set	Provision the browser	2026-09-11T10:30:35.4099256Z libxcb1 set to manually installed.
az_record_sealing_dismissal_not_guilty-set	Provision the browser	2026-09-11T10:30:35.4100028Z libxcomposite1 is already the newest version (1:0.4.5-1build3).
az_record_sealing_dismissal_not_guilty-set	Provision the browser	2026-09-11T10:30:35.4100782Z libxcomposite1 set to manually installed.
az_record_sealing_dismissal_not_guilty-set	Provision the browser	2026-09-11T10:30:35.4101547Z libxdamage1 is already the newest version (1:1.1.6-1build1).
az_record_sealing_dismissal_not_guilty-set	Provision the browser	2026-09-11T10:30:35.4102537Z libxdamage1 set to manually installed.
az_record_sealing_dismissal_not_guilty-set	Provision the browser	2026-09-11T10:30:35.4103264Z libxext6 is already the newest version (2:1.3.4-1build2).
az_record_sealing_dismissal_not_guilty-set	Provision the browser	2026-09-11T10:30:35.4103990Z libxext6 set to manually installed.
az_record_sealing_dismissal_not_guilty-set	Provision the browser	2026-09-11T10:30:35.4105012Z libxfixes3 is already the newest version (1:6.0.0-2build1).
az_record_sealing_dismissal_not_guilty-set	Provision the browser	2026-09-11T10:30:35.4105765Z libxfixes3 set to manually installed.
az_record_sealing_dismissal_not_guilty-set	Provision the browser	2026-09-11T10:30:35.4106515Z libxkbcommon0 is already the newest version (1.6.0-1build1).
az_record_sealing_dismissal_not_guilty-set	Provision the browser	2026-09-11T10:30:35.4107265Z libxkbcommon0 set to manually installed.
az_record_sealing_dismissal_not_guilty-set	Provision the browser	2026-09-11T10:30:35.4108016Z libxrandr2 is already the newest version (2:1.5.2-2build1).
az_record_sealing_dismissal_not_guilty-set	Provision the browser	2026-09-11T10:30:35.4108762Z libxrandr2 set to manually installed.
az_record_sealing_dismissal_not_guilty-set	Provision the browser	2026-09-11T10:30:35.4109510Z xvfb is already the newest version (2:21.1.12-1ubuntu1.6).
az_record_sealing_dismissal_not_guilty-set	Provision the browser	2026-09-11T10:30:35.4110551Z fonts-noto-color-emoji is already the newest version (2.047-0ubuntu0.24.04.1).
az_record_sealing_dismissal_not_guilty-set	Provision the browser	2026-09-11T10:30:35.4111694Z libfontconfig1 is already the newest version (2.15.0-1.1ubuntu2).
az_record_sealing_dismissal_not_guilty-set	Provision the browser	2026-09-11T10:30:35.4112490Z libfontconfig1 set to manually installed.
az_record_sealing_dismissal_not_guilty-set	Provision the browser	2026-09-11T10:30:35.4113318Z libfreetype6 is already the newest version (2.13.2+dfsg-1ubuntu0.1).
az_record_sealing_dismissal_not_guilty-set	Provision the browser	2026-09-11T10:30:35.4114103Z libfreetype6 set to manually installed.
az_record_sealing_dismissal_not_guilty-set	Provision the browser	2026-09-11T10:30:35.4115116Z fonts-liberation is already the newest version (1:2.1.5-3).
az_record_sealing_dismissal_not_guilty-set	Provision the browser	2026-09-11T10:30:35.4115891Z fonts-liberation set to manually installed.
az_record_sealing_dismissal_not_guilty-set	Provision the browser	2026-09-11T10:30:35.4116618Z The following additional packages will be installed:
az_record_sealing_dismissal_not_guilty-set	Provision the browser	2026-09-11T10:30:35.4117532Z   xfonts-encodings xfonts-utils
az_record_sealing_dismissal_not_guilty-set	Provision the browser	2026-09-11T10:30:35.4118012Z Recommended packages:
az_record_sealing_dismissal_not_guilty-set	Provision the browser	2026-09-11T10:30:35.4118491Z   fonts-ipafont-mincho fonts-tlwg-loma
az_record_sealing_dismissal_not_guilty-set	Provision the browser	2026-09-11T10:30:35.4364991Z The following NEW packages will be installed:
az_record_sealing_dismissal_not_guilty-set	Provision the browser	2026-09-11T10:30:35.4365780Z   fonts-freefont-ttf fonts-ipafont-gothic fonts-tlwg-loma-otf fonts-unifont
az_record_sealing_dismissal_not_guilty-set	Provision the browser	2026-09-11T10:30:35.4370978Z   fonts-wqy-zenhei xfonts-cyrillic xfonts-encodings xfonts-scalable
az_record_sealing_dismissal_not_guilty-set	Provision the browser	2026-09-11T10:30:35.4371455Z   xfonts-utils
az_record_sealing_dismissal_not_guilty-set	Provision the browser	2026-09-11T10:30:35.4540004Z 0 upgraded, 9 newly installed, 0 to remove and 50 not upgraded.
az_record_sealing_dismissal_not_guilty-set	Provision the browser	2026-09-11T10:30:35.4540473Z Need to get 21.1 MB of archives.
az_record_sealing_dismissal_not_guilty-set	Provision the browser	2026-09-11T10:30:35.4540907Z After this operation, 79.5 MB of additional disk space will be used.
az_record_sealing_dismissal_not_guilty-set	Provision the browser	2026-09-11T10:30:35.4541401Z Get:1 file:/etc/apt/apt-mirrors.txt Mirrorlist [144 B]
az_record_sealing_dismissal_not_guilty-set	Provision the browser	2026-09-11T10:35:17.9119866Z Get:2 http://azure.archive.ubuntu.com/ubuntu noble/universe amd64 fonts-ipafont-gothic all 00303-21ubuntu1 [3513 kB]
az_record_sealing_dismissal_not_guilty-set	Provision the browser	2026-09-11T10:35:18.1865498Z Get:3 http://azure.archive.ubuntu.com/ubuntu noble/main amd64 fonts-freefont-ttf all 20211204+svn4273-2 [5641 kB]
az_record_sealing_dismissal_not_guilty-set	Provision the browser	2026-09-11T10:35:18.5052249Z Get:4 http://azure.archive.ubuntu.com/ubuntu noble/universe amd64 fonts-tlwg-loma-otf all 1:0.7.3-1 [107 kB]
az_record_sealing_dismissal_not_guilty-set	Provision the browser	2026-09-11T10:35:18.6430622Z Get:5 http://azure.archive.ubuntu.com/ubuntu noble/universe amd64 fonts-unifont all 1:15.1.01-1build1 [2993 kB]
az_record_sealing_dismissal_not_guilty-set	Provision the browser	2026-09-11T10:35:18.8211516Z Get:6 http://azure.archive.ubuntu.com/ubuntu noble/universe amd64 fonts-wqy-zenhei all 0.9.45-8 [7472 kB]
az_record_sealing_dismissal_not_guilty-set	Provision the browser	2026-09-11T10:35:19.2743227Z Get:7 http://azure.archive.ubuntu.com/ubuntu noble/main amd64 xfonts-encodings all 1:1.0.5-0ubuntu2 [578 kB]
az_record_sealing_dismissal_not_guilty-set	Provision the browser	2026-09-11T10:35:19.4328891Z Get:8 http://azure.archive.ubuntu.com/ubuntu noble/main amd64 xfonts-utils amd64 1:7.7+6build3 [94.4 kB]
az_record_sealing_dismissal_not_guilty-set	Provision the browser	2026-09-11T10:35:19.5730213Z Get:9 http://azure.archive.ubuntu.com/ubuntu noble/universe amd64 xfonts-cyrillic all 1:1.0.5+nmu1 [384 kB]
az_record_sealing_dismissal_not_guilty-set	Provision the browser	2026-09-11T10:35:19.7280989Z Get:10 http://azure.archive.ubuntu.com/ubuntu noble/main amd64 xfonts-scalable all 1:1.0.3-1.3 [304 kB]
az_record_sealing_dismissal_not_guilty-set	Provision the browser	2026-09-11T10:35:19.9973910Z Fetched 21.1 MB in 4min 44s (74.2 kB/s)
az_record_sealing_dismissal_not_guilty-set	Provision the browser	2026-09-11T10:35:20.0204824Z Selecting previously unselected package fonts-ipafont-gothic.
az_record_sealing_dismissal_not_guilty-set	Provision the browser	2026-09-11T10:35:20.0538493Z (Reading database ... 
az_record_sealing_dismissal_not_guilty-set	Provision the browser	2026-09-11T10:35:20.0539361Z (Reading database ... 5%
az_record_sealing_dismissal_not_guilty-set	Provision the browser	2026-09-11T10:35:20.0540008Z (Reading database ... 10%
az_record_sealing_dismissal_not_guilty-set	Provision the browser	2026-09-11T10:35:20.0540398Z (Reading database ... 15%
az_record_sealing_dismissal_not_guilty-set	Provision the browser	2026-09-11T10:35:20.0540752Z (Reading database ... 20%
az_record_sealing_dismissal_not_guilty-set	Provision the browser	2026-09-11T10:35:20.0541291Z (Reading database ... 25%
az_record_sealing_dismissal_not_guilty-set	Provision the browser	2026-09-11T10:35:20.0541851Z (Reading database ... 30%
az_record_sealing_dismissal_not_guilty-set	Provision the browser	2026-09-11T10:35:20.0542448Z (Reading database ... 35%
az_record_sealing_dismissal_not_guilty-set	Provision the browser	2026-09-11T10:35:20.0542903Z (Reading database ... 40%
az_record_sealing_dismissal_not_guilty-set	Provision the browser	2026-09-11T10:35:20.0543348Z (Reading database ... 45%
az_record_sealing_dismissal_not_guilty-set	Provision the browser	2026-09-11T10:35:20.0543694Z (Reading database ... 50%
az_record_sealing_dismissal_not_guilty-set	Provision the browser	2026-09-11T10:35:20.0601917Z (Reading database ... 55%
az_record_sealing_dismissal_not_guilty-set	Provision the browser	2026-09-11T10:35:20.2304192Z (Reading database ... 60%
az_record_sealing_dismissal_not_guilty-set	Provision the browser	2026-09-11T10:35:20.4059817Z (Reading database ... 65%
az_record_sealing_dismissal_not_guilty-set	Provision the browser	2026-09-11T10:35:20.5774076Z (Reading database ... 70%
az_record_sealing_dismissal_not_guilty-set	Provision the browser	2026-09-11T10:35:20.7685786Z (Reading database ... 75%
az_record_sealing_dismissal_not_guilty-set	Provision the browser	2026-09-11T10:35:20.9354437Z (Reading database ... 80%
az_record_sealing_dismissal_not_guilty-set	Provision the browser	2026-09-11T10:35:21.1648715Z (Reading database ... 85%
az_record_sealing_dismissal_not_guilty-set	Provision the browser	2026-09-11T10:35:21.3566636Z (Reading database ... 90%
az_record_sealing_dismissal_not_guilty-set	Provision the browser	2026-09-11T10:35:21.5683781Z (Reading database ... 95%
az_record_sealing_dismissal_not_guilty-set	Provision the browser	2026-09-11T10:35:21.5684576Z (Reading database ... 100%
az_record_sealing_dismissal_not_guilty-set	Provision the browser	2026-09-11T10:35:21.5685097Z (Reading database ... 201818 files and directories currently installed.)
az_record_sealing_dismissal_not_guilty-set	Provision the browser	2026-09-11T10:35:21.5724100Z Preparing to unpack .../0-fonts-ipafont-gothic_00303-21ubuntu1_all.deb ...
az_record_sealing_dismissal_not_guilty-set	Provision the browser	2026-09-11T10:35:21.5816518Z Unpacking fonts-ipafont-gothic (00303-21ubuntu1) ...
az_record_sealing_dismissal_not_guilty-set	Provision the browser	2026-09-11T10:35:21.8064109Z Selecting previously unselected package fonts-freefont-ttf.
az_record_sealing_dismissal_not_guilty-set	Provision the browser	2026-09-11T10:35:21.8187806Z Preparing to unpack .../1-fonts-freefont-ttf_20211204+svn4273-2_all.deb ...
az_record_sealing_dismissal_not_guilty-set	Provision the browser	2026-09-11T10:35:21.8195178Z Unpacking fonts-freefont-ttf (20211204+svn4273-2) ...
az_record_sealing_dismissal_not_guilty-set	Provision the browser	2026-09-11T10:35:21.8977758Z Selecting previously unselected package fonts-tlwg-loma-otf.
az_record_sealing_dismissal_not_guilty-set	Provision the browser	2026-09-11T10:35:21.9101836Z Preparing to unpack .../2-fonts-tlwg-loma-otf_1%3a0.7.3-1_all.deb ...
az_record_sealing_dismissal_not_guilty-set	Provision the browser	2026-09-11T10:35:21.9108627Z Unpacking fonts-tlwg-loma-otf (1:0.7.3-1) ...
az_record_sealing_dismissal_not_guilty-set	Provision the browser	2026-09-11T10:35:21.9309317Z Selecting previously unselected package fonts-unifont.
az_record_sealing_dismissal_not_guilty-set	Provision the browser	2026-09-11T10:35:21.9430519Z Preparing to unpack .../3-fonts-unifont_1%3a15.1.01-1build1_all.deb ...
az_record_sealing_dismissal_not_guilty-set	Provision the browser	2026-09-11T10:35:21.9438993Z Unpacking fonts-unifont (1:15.1.01-1build1) ...
az_record_sealing_dismissal_not_guilty-set	Provision the browser	2026-09-11T10:35:22.0459351Z Selecting previously unselected package fonts-wqy-zenhei.
az_record_sealing_dismissal_not_guilty-set	Provision the browser	2026-09-11T10:35:22.0584069Z Preparing to unpack .../4-fonts-wqy-zenhei_0.9.45-8_all.deb ...
az_record_sealing_dismissal_not_guilty-set	Provision the browser	2026-09-11T10:35:22.0682927Z Unpacking fonts-wqy-zenhei (0.9.45-8) ...
az_record_sealing_dismissal_not_guilty-set	Provision the browser	2026-09-11T10:35:22.5234977Z Selecting previously unselected package xfonts-encodings.
az_record_sealing_dismissal_not_guilty-set	Provision the browser	2026-09-11T10:35:22.5358269Z Preparing to unpack .../5-xfonts-encodings_1%3a1.0.5-0ubuntu2_all.deb ...
az_record_sealing_dismissal_not_guilty-set	Provision the browser	2026-09-11T10:35:22.5365847Z Unpacking xfonts-encodings (1:1.0.5-0ubuntu2) ...
az_record_sealing_dismissal_not_guilty-set	Provision the browser	2026-09-11T10:35:22.5644545Z Selecting previously unselected package xfonts-utils.
az_record_sealing_dismissal_not_guilty-set	Provision the browser	2026-09-11T10:35:22.5767486Z Preparing to unpack .../6-xfonts-utils_1%3a7.7+6build3_amd64.deb ...
az_record_sealing_dismissal_not_guilty-set	Provision the browser	2026-09-11T10:35:22.5775168Z Unpacking xfonts-utils (1:7.7+6build3) ...
az_record_sealing_dismissal_not_guilty-set	Provision the browser	2026-09-11T10:35:22.6240663Z Selecting previously unselected package xfonts-cyrillic.
az_record_sealing_dismissal_not_guilty-set	Provision the browser	2026-09-11T10:35:22.6362852Z Preparing to unpack .../7-xfonts-cyrillic_1%3a1.0.5+nmu1_all.deb ...
az_record_sealing_dismissal_not_guilty-set	Provision the browser	2026-09-11T10:35:22.6371569Z Unpacking xfonts-cyrillic (1:1.0.5+nmu1) ...
az_record_sealing_dismissal_not_guilty-set	Provision the browser	2026-09-11T10:35:22.6704052Z Selecting previously unselected package xfonts-scalable.
az_record_sealing_dismissal_not_guilty-set	Provision the browser	2026-09-11T10:35:22.6824638Z Preparing to unpack .../8-xfonts-scalable_1%3a1.0.3-1.3_all.deb ...
az_record_sealing_dismissal_not_guilty-set	Provision the browser	2026-09-11T10:35:22.6832827Z Unpacking xfonts-scalable (1:1.0.3-1.3) ...
az_record_sealing_dismissal_not_guilty-set	Provision the browser	2026-09-11T10:35:22.7221148Z Setting up fonts-wqy-zenhei (0.9.45-8) ...
az_record_sealing_dismissal_not_guilty-set	Provision the browser	2026-09-11T10:35:22.7339450Z Setting up fonts-freefont-ttf (20211204+svn4273-2) ...
az_record_sealing_dismissal_not_guilty-set	Provision the browser	2026-09-11T10:35:22.7359084Z Setting up fonts-tlwg-loma-otf (1:0.7.3-1) ...
az_record_sealing_dismissal_not_guilty-set	Provision the browser	2026-09-11T10:35:22.7379212Z Setting up xfonts-encodings (1:1.0.5-0ubuntu2) ...
az_record_sealing_dismissal_not_guilty-set	Provision the browser	2026-09-11T10:35:22.7400607Z Setting up fonts-ipafont-gothic (00303-21ubuntu1) ...
az_record_sealing_dismissal_not_guilty-set	Provision the browser	2026-09-11T10:35:22.7467625Z update-alternatives: using /usr/share/fonts/opentype/ipafont-gothic/ipag.ttf to provide /usr/share/fonts/truetype/fonts-japanese-gothic.ttf (fonts-japanese-gothic.ttf) in auto mode
az_record_sealing_dismissal_not_guilty-set	Provision the browser	2026-09-11T10:35:22.7483890Z Setting up fonts-unifont (1:15.1.01-1build1) ...
az_record_sealing_dismissal_not_guilty-set	Provision the browser	2026-09-11T10:35:22.7503022Z Setting up xfonts-utils (1:7.7+6build3) ...
az_record_sealing_dismissal_not_guilty-set	Provision the browser	2026-09-11T10:35:22.7544772Z Setting up xfonts-cyrillic (1:1.0.5+nmu1) ...
az_record_sealing_dismissal_not_guilty-set	Provision the browser	2026-09-11T10:35:22.7868507Z Setting up xfonts-scalable (1:1.0.3-1.3) ...
az_record_sealing_dismissal_not_guilty-set	Provision the browser	2026-09-11T10:35:22.8142598Z Processing triggers for man-db (2.12.0-4build2) ...
az_record_sealing_dismissal_not_guilty-set	Provision the browser	2026-09-11T10:35:22.8164633Z Not building database; man-db/auto-update is not 'true'.
az_record_sealing_dismissal_not_guilty-set	Provision the browser	2026-09-11T10:35:22.8176611Z Processing triggers for fontconfig (2.15.0-1.1ubuntu2) ...
az_record_sealing_dismissal_not_guilty-set	Provision the browser	2026-09-11T10:35:23.8780396Z 
az_record_sealing_dismissal_not_guilty-set	Provision the browser	2026-09-11T10:35:23.8781067Z Running kernel seems to be up-to-date.
az_record_sealing_dismissal_not_guilty-set	Provision the browser	2026-09-11T10:35:23.8781415Z 
az_record_sealing_dismissal_not_guilty-set	Provision the browser	2026-09-11T10:35:23.8781615Z No services need to be restarted.
az_record_sealing_dismissal_not_guilty-set	Provision the browser	2026-09-11T10:35:23.8781837Z 
az_record_sealing_dismissal_not_guilty-set	Provision the browser	2026-09-11T10:35:23.8782027Z No containers need to be restarted.
az_record_sealing_dismissal_not_guilty-set	Provision the browser	2026-09-11T10:35:23.8782252Z 
az_record_sealing_dismissal_not_guilty-set	Provision the browser	2026-09-11T10:35:23.8782490Z No user sessions are running outdated binaries.
az_record_sealing_dismissal_not_guilty-set	Provision the browser	2026-09-11T10:35:23.8782766Z 
az_record_sealing_dismissal_not_guilty-set	Provision the browser	2026-09-11T10:35:23.8783117Z No VM guests are running outdated hypervisor (qemu) binaries on this host.
az_record_sealing_dismissal_not_guilty-set	Provision the browser	2026-09-11T10:35:24.6580706Z Downloading Chrome for Testing 148.0.7778.96 (playwright chromium v1223) from https://cdn.playwright.dev/builds/cft/148.0.7778.96/linux64/chrome-linux64.zip
az_record_sealing_dismissal_not_guilty-set	Provision the browser	2026-09-11T10:35:25.6685521Z |                                                                                |   0% of 175.4 MiB
az_record_sealing_dismissal_not_guilty-set	Provision the browser	2026-09-11T10:35:25.8367460Z |■■■■■■■■                                                                        |  10% of 175.4 MiB
az_record_sealing_dismissal_not_guilty-set	Provision the browser	2026-09-11T10:35:25.9286236Z |■■■■■■■■■■■■■■■■                                                                |  20% of 175.4 MiB
az_record_sealing_dismissal_not_guilty-set	Provision the browser	2026-09-11T10:35:26.0122682Z |■■■■■■■■■■■■■■■■■■■■■■■■                                                        |  30% of 175.4 MiB
az_record_sealing_dismissal_not_guilty-set	Provision the browser	2026-09-11T10:35:26.0855850Z |■■■■■■■■■■■■■■■■■■■■■■■■■■■■■■■■                                                |  40% of 175.4 MiB
az_record_sealing_dismissal_not_guilty-set	Provision the browser	2026-09-11T10:35:26.1556901Z |■■■■■■■■■■■■■■■■■■■■■■■■■■■■■■■■■■■■■■■■                                        |  50% of 175.4 MiB
az_record_sealing_dismissal_not_guilty-set	Provision the browser	2026-09-11T10:35:26.2311170Z |■■■■■■■■■■■■■■■■■■■■■■■■■■■■■■■■■■■■■■■■■■■■■■■■                                |  60% of 175.4 MiB
az_record_sealing_dismissal_not_guilty-set	Provision the browser	2026-09-11T10:35:26.3028176Z |■■■■■■■■■■■■■■■■■■■■■■■■■■■■■■■■■■■■■■■■■■■■■■■■■■■■■■■■                        |  70% of 175.4 MiB
az_record_sealing_dismissal_not_guilty-set	Provision the browser	2026-09-11T10:35:26.3772997Z |■■■■■■■■■■■■■■■■■■■■■■■■■■■■■■■■■■■■■■■■■■■■■■■■■■■■■■■■■■■■■■■■                |  80% of 175.4 MiB
az_record_sealing_dismissal_not_guilty-set	Provision the browser	2026-09-11T10:35:26.4531976Z |■■■■■■■■■■■■■■■■■■■■■■■■■■■■■■■■■■■■■■■■■■■■■■■■■■■■■■■■■■■■■■■■■■■■■■■■        |  90% of 175.4 MiB
az_record_sealing_dismissal_not_guilty-set	Provision the browser	2026-09-11T10:35:26.5530287Z |■■■■■■■■■■■■■■■■■■■■■■■■■■■■■■■■■■■■■■■■■■■■■■■■■■■■■■■■■■■■■■■■■■■■■■■■■■■■■■■■| 100% of 175.4 MiB
az_record_sealing_dismissal_not_guilty-set	Provision the browser	2026-09-11T10:35:29.2065551Z Chrome for Testing 148.0.7778.96 (playwright chromium v1223) downloaded to /home/runner/.cache/ms-playwright/chromium-1223
az_record_sealing_dismissal_not_guilty-set	Provision the browser	2026-09-11T10:35:29.2068695Z Downloading FFmpeg (playwright ffmpeg v1011) from https://cdn.playwright.dev/dbazure/download/playwright/builds/ffmpeg/1011/ffmpeg-linux.zip
az_record_sealing_dismissal_not_guilty-set	Provision the browser	2026-09-11T10:35:30.1984523Z |                                                                                |   0% of 2.3 MiB
az_record_sealing_dismissal_not_guilty-set	Provision the browser	2026-09-11T10:35:30.2104959Z |■■■■■■■■                                                                        |  10% of 2.3 MiB
az_record_sealing_dismissal_not_guilty-set	Provision the browser	2026-09-11T10:35:30.2190255Z |■■■■■■■■■■■■■■■■                                                                |  20% of 2.3 MiB
az_record_sealing_dismissal_not_guilty-set	Provision the browser	2026-09-11T10:35:30.2244749Z |■■■■■■■■■■■■■■■■■■■■■■■■                                                        |  30% of 2.3 MiB
az_record_sealing_dismissal_not_guilty-set	Provision the browser	2026-09-11T10:35:30.2267231Z |■■■■■■■■■■■■■■■■■■■■■■■■■■■■■■■■                                                |  40% of 2.3 MiB
az_record_sealing_dismissal_not_guilty-set	Provision the browser	2026-09-11T10:35:30.2335374Z |■■■■■■■■■■■■■■■■■■■■■■■■■■■■■■■■■■■■■■■■                                        |  50% of 2.3 MiB
az_record_sealing_dismissal_not_guilty-set	Provision the browser	2026-09-11T10:35:30.2372338Z |■■■■■■■■■■■■■■■■■■■■■■■■■■■■■■■■■■■■■■■■■■■■■■■■                                |  60% of 2.3 MiB
az_record_sealing_dismissal_not_guilty-set	Provision the browser	2026-09-11T10:35:30.2385882Z |■■■■■■■■■■■■■■■■■■■■■■■■■■■■■■■■■■■■■■■■■■■■■■■■■■■■■■■■                        |  70% of 2.3 MiB
az_record_sealing_dismissal_not_guilty-set	Provision the browser	2026-09-11T10:35:30.2424205Z |■■■■■■■■■■■■■■■■■■■■■■■■■■■■■■■■■■■■■■■■■■■■■■■■■■■■■■■■■■■■■■■■                |  80% of 2.3 MiB
az_record_sealing_dismissal_not_guilty-set	Provision the browser	2026-09-11T10:35:30.2452977Z |■■■■■■■■■■■■■■■■■■■■■■■■■■■■■■■■■■■■■■■■■■■■■■■■■■■■■■■■■■■■■■■■■■■■■■■■        |  90% of 2.3 MiB
az_record_sealing_dismissal_not_guilty-set	Provision the browser	2026-09-11T10:35:30.2470548Z |■■■■■■■■■■■■■■■■■■■■■■■■■■■■■■■■■■■■■■■■■■■■■■■■■■■■■■■■■■■■■■■■■■■■■■■■■■■■■■■■| 100% of 2.3 MiB
az_record_sealing_dismissal_not_guilty-set	Provision the browser	2026-09-11T10:35:30.3069790Z FFmpeg (playwright ffmpeg v1011) downloaded to /home/runner/.cache/ms-playwright/ffmpeg-1011
az_record_sealing_dismissal_not_guilty-set	Provision the browser	2026-09-11T10:35:30.3072827Z Downloading Chrome Headless Shell 148.0.7778.96 (playwright chromium-headless-shell v1223) from https://cdn.playwright.dev/builds/cft/148.0.7778.96/linux64/chrome-headless-shell-linux64.zip
az_record_sealing_dismissal_not_guilty-set	Provision the browser	2026-09-11T10:35:31.2939802Z |                                                                                |   0% of 113.2 MiB
az_record_sealing_dismissal_not_guilty-set	Provision the browser	2026-09-11T10:35:31.4058797Z |■■■■■■■■                                                                        |  10% of 113.2 MiB
az_record_sealing_dismissal_not_guilty-set	Provision the browser	2026-09-11T10:35:31.4636456Z |■■■■■■■■■■■■■■■■                                                                |  20% of 113.2 MiB
az_record_sealing_dismissal_not_guilty-set	Provision the browser	2026-09-11T10:35:31.5173079Z |■■■■■■■■■■■■■■■■■■■■■■■■                                                        |  30% of 113.2 MiB
az_record_sealing_dismissal_not_guilty-set	Provision the browser	2026-09-11T10:35:31.5743425Z |■■■■■■■■■■■■■■■■■■■■■■■■■■■■■■■■                                                |  40% of 113.2 MiB
az_record_sealing_dismissal_not_guilty-set	Provision the browser	2026-09-11T10:35:31.6273350Z |■■■■■■■■■■■■■■■■■■■■■■■■■■■■■■■■■■■■■■■■                                        |  50% of 113.2 MiB
az_record_sealing_dismissal_not_guilty-set	Provision the browser	2026-09-11T10:35:31.6808005Z |■■■■■■■■■■■■■■■■■■■■■■■■■■■■■■■■■■■■■■■■■■■■■■■■                                |  60% of 113.2 MiB
az_record_sealing_dismissal_not_guilty-set	Provision the browser	2026-09-11T10:35:31.7391033Z |■■■■■■■■■■■■■■■■■■■■■■■■■■■■■■■■■■■■■■■■■■■■■■■■■■■■■■■■                        |  70% of 113.2 MiB
az_record_sealing_dismissal_not_guilty-set	Provision the browser	2026-09-11T10:35:31.7995210Z |■■■■■■■■■■■■■■■■■■■■■■■■■■■■■■■■■■■■■■■■■■■■■■■■■■■■■■■■■■■■■■■■                |  80% of 113.2 MiB
az_record_sealing_dismissal_not_guilty-set	Provision the browser	2026-09-11T10:35:31.8550952Z |■■■■■■■■■■■■■■■■■■■■■■■■■■■■■■■■■■■■■■■■■■■■■■■■■■■■■■■■■■■■■■■■■■■■■■■■        |  90% of 113.2 MiB
az_record_sealing_dismissal_not_guilty-set	Provision the browser	2026-09-11T10:35:31.9151141Z |■■■■■■■■■■■■■■■■■■■■■■■■■■■■■■■■■■■■■■■■■■■■■■■■■■■■■■■■■■■■■■■■■■■■■■■■■■■■■■■■| 100% of 113.2 MiB
az_record_sealing_dismissal_not_guilty-set	Provision the browser	2026-09-11T10:35:33.8497145Z Chrome Headless Shell 148.0.7778.96 (playwright chromium-headless-shell v1223) downloaded to /home/runner/.cache/ms-playwright/chromium_headless_shell-1223
az_record_sealing_dismissal_not_guilty-set	Render and measure az_record_sealing_dismissal_not_guilty-set	﻿2026-09-11T10:35:33.8748859Z ##[group]Run node scripts/rcap-raster-batch.mjs \
az_record_sealing_dismissal_not_guilty-set	Render and measure az_record_sealing_dismissal_not_guilty-set	2026-09-11T10:35:33.8749263Z ^[[36;1mnode scripts/rcap-raster-batch.mjs \^[[0m
az_record_sealing_dismissal_not_guilty-set	Render and measure az_record_sealing_dismissal_not_guilty-set	2026-09-11T10:35:33.8749588Z ^[[36;1m  --manifest "$MANIFEST_PATH" \^[[0m
az_record_sealing_dismissal_not_guilty-set	Render and measure az_record_sealing_dismissal_not_guilty-set	2026-09-11T10:35:33.8749878Z ^[[36;1m  --family "$FAMILY" \^[[0m
az_record_sealing_dismissal_not_guilty-set	Render and measure az_record_sealing_dismissal_not_guilty-set	2026-09-11T10:35:33.8750135Z ^[[36;1m  --commit "$COMMIT_SHA" \^[[0m
az_record_sealing_dismissal_not_guilty-set	Render and measure az_record_sealing_dismissal_not_guilty-set	2026-09-11T10:35:33.8750397Z ^[[36;1m  --scale "$REQUESTED_SCALE" \^[[0m
az_record_sealing_dismissal_not_guilty-set	Render and measure az_record_sealing_dismissal_not_guilty-set	2026-09-11T10:35:33.8750695Z ^[[36;1m  --run-id "$WORKFLOW_RUN_ID" \^[[0m
az_record_sealing_dismissal_not_guilty-set	Render and measure az_record_sealing_dismissal_not_guilty-set	2026-09-11T10:35:33.8750965Z ^[[36;1m  --out raster-out^[[0m
az_record_sealing_dismissal_not_guilty-set	Render and measure az_record_sealing_dismissal_not_guilty-set	2026-09-11T10:35:33.8787835Z shell: /usr/bin/bash -e {0}
az_record_sealing_dismissal_not_guilty-set	Render and measure az_record_sealing_dismissal_not_guilty-set	2026-09-11T10:35:33.8788092Z env:
az_record_sealing_dismissal_not_guilty-set	Render and measure az_record_sealing_dismissal_not_guilty-set	2026-09-11T10:35:33.8788370Z   PLAYWRIGHT_BROWSERS_PATH: /home/runner/.cache/ms-playwright
az_record_sealing_dismissal_not_guilty-set	Render and measure az_record_sealing_dismissal_not_guilty-set	2026-09-11T10:35:33.8789011Z   MANIFEST_PATH: data/rcap-grade-a/packet-factory-24h/checkpoint-232-to-250/az-deterministic-raster-manifest.json
az_record_sealing_dismissal_not_guilty-set	Render and measure az_record_sealing_dismissal_not_guilty-set	2026-09-11T10:35:33.8789623Z   FAMILY: az_record_sealing_dismissal_not_guilty-set
az_record_sealing_dismissal_not_guilty-set	Render and measure az_record_sealing_dismissal_not_guilty-set	2026-09-11T10:35:33.8789974Z   COMMIT_SHA: a83c8edf48e7f328b81270f9093dbed7f62e2fb3
az_record_sealing_dismissal_not_guilty-set	Render and measure az_record_sealing_dismissal_not_guilty-set	2026-09-11T10:35:33.8790301Z   REQUESTED_SCALE: 2.5
az_record_sealing_dismissal_not_guilty-set	Render and measure az_record_sealing_dismissal_not_guilty-set	2026-09-11T10:35:33.8790512Z   WORKFLOW_RUN_ID: 34589144801
az_record_sealing_dismissal_not_guilty-set	Render and measure az_record_sealing_dismissal_not_guilty-set	2026-09-11T10:35:33.8790741Z ##[endgroup]
az_record_sealing_dismissal_not_guilty-set	Render and measure az_record_sealing_dismissal_not_guilty-set	2026-09-11T10:41:33.8406363Z RCAP_RECEIPT_BEGIN family=az_record_sealing_dismissal_not_guilty-set run=34589144801 commit=a83c8edf48e7f328b81270f9093dbed7f62e2fb3
az_record_sealing_dismissal_not_guilty-set	Render and measure az_record_sealing_dismissal_not_guilty-set	2026-09-11T10:41:33.8659530Z RCAP_RECEIPT_VERDICT {"schemaVersion":"rcap-raster-family-verdict/v1","familyId":"az_record_sealing_dismissal_not_guilty-set","verdict":"RASTER_PASS","packetCommitSha":"a83c8edf48e7f328b81270f9093dbed7f62e2fb3","workflowRunId":"34589144801","requestedScale":2.5,"cssPxPerPt":1.3333333333333333,"browserExecutable":"/home/runner/.cache/ms-playwright/chromium-1223/chrome-linux64/chrome","resolvedBy":"PLAYWRIGHT_BROWSERS_PATH","operatingSystem":"Linux 6.17.0-1022-azure x64","nodeVersion":"v22.23.2","hashesBound":{"canonical":{"path":"data/rcap-all50/overlays/census-v1/az/az-record-sealing-dismissal-not-guilty-set--official-pdf-fill/fixtures/canonical/packet-assembly.pdf","pinned":"bdfbd09935c302041aeb746dc1fc6bae6bda34760fe162eda0c941ebd904a66c"},"boundary":{"path":"data/rcap-all50/overlays/census-v1/az/az-record-sealing-dismissal-not-guilty-set--official-pdf-fill/fixtures/boundary/packet-assembly.pdf","pinned":"bbb9aed7a73833af3552862e7e410767ecd468a5b6bf2235237c3610bcd2675d"}},"documentsRendered":[{"role":"canonical","document":"canonical/order.pdf","path":"data/rcap-all50/overlays/census-v1/az/az-record-sealing-dismissal-not-guilty-set--official-pdf-fill/fixtures/canonical/order.pdf","pinned":"e81d36c2553f4cc41cf61d43c425e73b0d0afe96bfaa3128ad6f2431e2258812"},{"role":"canonical","document":"canonical/packet-assembly.pdf","path":"data/rcap-all50/overlays/census-v1/az/az-record-sealing-dismissal-not-guilty-set--official-pdf-fill/fixtures/canonical/packet-assembly.pdf","pinned":"bdfbd09935c302041aeb746dc1fc6bae6bda34760fe162eda0c941ebd904a66c"},{"role":"canonical","document":"canonical/petition.pdf","path":"data/rcap-all50/overlays/census-v1/az/az-record-sealing-dismissal-not-guilty-set--official-pdf-fill/fixtures/canonical/petition.pdf","pinned":"4d0bd271ed4f65b47cad3fdba11c784b7782ee166dc194b98fad081833987ab7"},{"role":"boundary","document":"boundary/order.pdf","path":"data/rcap-all50/overlays/census-v1/az/az-record-sealing-dismissal-not-guilty-set--official-pdf-fill/fixtures/boundary/order.pdf","pinned":"7b5bf85609f6bd9d86d40194eb92eb47c267f38c723021e5a5b269be27b38a71"},{"role":"boundary","document":"boundary/packet-assembly.pdf","path":"data/rcap-all50/overlays/census-v1/az/az-record-sealing-dismissal-not-guilty-set--official-pdf-fill/fixtures/boundary/packet-assembly.pdf","pinned":"bbb9aed7a73833af3552862e7e410767ecd468a5b6bf2235237c3610bcd2675d"},{"role":"boundary","document":"boundary/petition.pdf","path":"data/rcap-all50/overlays/census-v1/az/az-record-sealing-dismissal-not-guilty-set--official-pdf-fill/fixtures/boundary/petition.pdf","pinned":"fb768246be8a28e298b8d8eaf24c0e823439963165a00e0672e55f0c0d8f63b7"}],"documentsDigest":"277a8ad59a69517b6e15ac5389f19f9d0442021a52a0621d375bb4fd545c90e5","coversTheWholeFamily":true,"decryptionTransforms":[],"decryptionRule":"An encrypted source is hashed before any transform; Poppler and qpdf must independently agree on its page count; only the temporary decrypted derivative is passed to pdf-lib for calibrated rendering; the queued packet bytes are never modified.","pagesMeasured":32,"measurements":[{"kind":"canonical","document":"canonical/order.pdf","page":1,"png":"az_record_sealing_dismissal_not_guilty-set/canonical_order/page-001.png","bytes":301461,"pngSha256":"d4b75fa05a83f460965ff3fbbbd113574d8fe92022d888e677775c9773bb5003","pngWidth":2040,"pngHeight":2640,"paper":{"x0":204,"y0":3,"x1":2243,"y1":2642,"width":2040,"height":2640},"pxPerPt":3.3333333333333335,"expectedPxPerPt":3.333333333333333,"pageWidthPt":612,"pageHeightPt":792,"expectedPx":{"width":2039.9999999999998,"height":2639.9999999999995,"tolerancePx":6.666666666666666},"calibrationResidualPx":0,"inkFractionInsidePaper":0.03261642156862745,"nonblank":true,"croppedToThePage":true},{"kind":"canonical","document":"canonical/order.pdf","page":2,"png":"az_record_sealing_dismissal_not_guilty-set/canonical_order/page-002.png","bytes":430835,"pngSha256":"c5ebc6549de19a1ce8c6a852152c62ae0983bf7eb708cd354a7b60e2f5f80fe5","pngWidth":2040,"pngHeight":2640,"paper":{"x0":204,"y0":3,"x1":2243,"y1":2642,"width":2040,"height":2640},"pxPerPt":3.3333333333333335,"expectedPxPerPt":3.333333333333333,"pageWidthPt":612,"pageHeightPt":792,"expectedPx":{"width":2039.9999999999998,"height":2639.9999999999995,"tolerancePx":6.666666666666666},"calibrationResidualPx":0,"inkFractionInsidePaper":0.048410390671420084,"nonblank":true,"croppedToThePage":true},{"kind":"canonical","document":"canonical/order.pdf","page":3,"png":"az_record_sealing_dismissal_not_guilty-set/canonical_order/page-003.png","bytes":262934,"pngSha256":"e7f29d011d2bbb70e4b2f17c2c56ef3294e58c0f9ca0b570873a995353d65a7c","pngWidth":2040,"pngHeight":2640,"paper":{"x0":204,"y0":3,"x1":2243,"y1":2642,"width":2040,"height":2640},"pxPerPt":3.3333333333333335,"expectedPxPerPt":3.333333333333333,"pageWidthPt":612,"pageHeightPt":792,"expectedPx":{"width":2039.9999999999998,"height":2639.9999999999995,"tolerancePx":6.666666666666666},"calibrationResidualPx":0,"inkFractionInsidePaper":0.031731469102792634,"nonblank":true,"croppedToThePage":true},{"kind":"canonical","document":"canonical/packet-assembly.pdf","page":1,"png":"az_record_sealing_dismissal_not_guilty-set/canonical_packet-assembly/page-001.png","bytes":439200,"pngSha256":"8efd8f5d635c3063372d884bb10de69f8d8c664a38d7f0a50796a457ea9aeddc","pngWidth":2040,"pngHeight":2640,"paper":{"x0":204,"y0":3,"x1":2243,"y1":2642,"width":2040,"height":2640},"pxPerPt":3.3333333333333335,"expectedPxPerPt":3.333333333333333,"pageWidthPt":612,"pageHeightPt":792,"expectedPx":{"width":2039.9999999999998,"height":2639.9999999999995,"tolerancePx":6.666666666666666},"calibrationResidualPx":0,"inkFractionInsidePaper":0.14187555704099822,"nonblank":true,"croppedToThePage":true},{"kind":"canonical","document":"canonical/packet-assembly.pdf","page":2,"png":"az_record_sealing_dismissal_not_guilty-set/canonical_packet-assembly/page-002.png","bytes":436307,"pngSha256":"f40f668c7838ca6abd4c9814c23dac0811af35c54fceff33fccd6bafb30f3586","pngWidth":2040,"pngHeight":2640,"paper":{"x0":204,"y0":3,"x1":2243,"y1":2642,"width":2040,"height":2640},"pxPerPt":3.3333333333333335,"expectedPxPerPt":3.333333333333333,"pageWidthPt":612,"pageHeightPt":792,"expectedPx":{"width":2039.9999999999998,"height":2639.9999999999995,"tolerancePx":6.666666666666666},"calibrationResidualPx":0,"inkFractionInsidePaper":0.05314765300059418,"nonblank":true,"croppedToThePage":true},{"kind":"canonical","document":"canonical/packet-assembly.pdf","page":3,"png":"az_record_sealing_dismissal_not_guilty-set/canonical_packet-assembly/page-003.png","bytes":426894,"pngSha256":"7f8d6b0b93c9f9c96598903aa78331680a8dc94e68c39a91609590902dad9488","pngWidth":2040,"pngHeight":2640,"paper":{"x0":204,"y0":3,"x1":2243,"y1":2642,"width":2040,"height":2640},"pxPerPt":3.3333333333333335,"expectedPxPerPt":3.333333333333333,"pageWidthPt":612,"pageHeightPt":792,"expectedPx":{"width":2039.9999999999998,"height":2639.9999999999995,"tolerancePx":6.666666666666666},"calibrationResidualPx":0,"inkFractionInsidePaper":0.05195447118241236,"nonblank":true,"croppedToThePage":true},{"kind":"canonical","document":"canonical/packet-assembly.pdf","page":4,"png":"az_record_sealing_dismissal_not_guilty-set/canonical_packet-assembly/page-004.png","bytes":315573,"pngSha256":"4958a5d541ed2fe007fee6d869d5729ea7cc584c9c7387f66274012791a9f97f","pngWidth":2040,"pngHeight":2640,"paper":{"x0":204,"y0":3,"x1":2243,"y1":2642,"width":2040,"height":2640},"pxPerPt":3.3333333333333335,"expectedPxPerPt":3.333333333333333,"pageWidthPt":612,"pageHeightPt":792,"expectedPx":{"width":2039.9999999999998,"height":2639.9999999999995,"tolerancePx":6.666666666666666},"calibrationResidualPx":0,"inkFractionInsidePaper":0.041180741235888295,"nonblank":true,"croppedToThePage":true},{"kind":"canonical","document":"canonical/packet-assembly.pdf","page":5,"png":"az_record_sealing_dismissal_not_guilty-set/canonical_packet-assembly/page-005.png","bytes":242171,"pngSha256":"f8dc4b4436bb3dab434f62f9e7b1cb6e0e4fba54a4c86fc61c0e2da096215381","pngWidth":2040,"pngHeight":2640,"paper":{"x0":204,"y0":3,"x1":2243,"y1":2642,"width":2040,"height":2640},"pxPerPt":3.3333333333333335,"expectedPxPerPt":3.333333333333333,"pageWidthPt":612,"pageHeightPt":792,"expectedPx":{"width":2039.9999999999998,"height":2639.9999999999995,"tolerancePx":6.666666666666666},"calibrationResidualPx":0,"inkFractionInsidePaper":0.03700516191325015,"nonblank":true,"croppedToThePage":true},{"kind":"canonical","document":"canonical/packet-assembly.pdf","page":6,"png":"az_record_sealing_dismissal_not_guilty-set/canonical_packet-assembly/page-006.png","bytes":301461,"pngSha256":"d4b75fa05a83f460965ff3fbbbd113574d8fe92022d888e677775c9773bb5003","pngWidth":2040,"pngHeight":2640,"paper":{"x0":204,"y0":3,"x1":2243,"y1":2642,"width":2040,"height":2640},"pxPerPt":3.3333333333333335,"expectedPxPerPt":3.333333333333333,"pageWidthPt":612,"pageHeightPt":792,"expectedPx":{"width":2039.9999999999998,"height":2639.9999999999995,"tolerancePx":6.666666666666666},"calibrationResidualPx":0,"inkFractionInsidePaper":0.03261642156862745,"nonblank":true,"croppedToThePage":true},{"kind":"canonical","document":"canonical/packet-assembly.pdf","page":7,"png":"az_record_sealing_dismissal_not_guilty-set/canonical_packet-assembly/page-007.png","bytes":430835,"pngSha256":"c5ebc6549de19a1ce8c6a852152c62ae0983bf7eb708cd354a7b60e2f5f80fe5","pngWidth":2040,"pngHeight":2640,"paper":{"x0":204,"y0":3,"x1":2243,"y1":2642,"width":2040,"height":2640},"pxPerPt":3.3333333333333335,"expectedPxPerPt":3.333333333333333,"pageWidthPt":612,"pageHeightPt":792,"expectedPx":{"width":2039.9999999999998,"height":2639.9999999999995,"tolerancePx":6.666666666666666},"calibrationResidualPx":0,"inkFractionInsidePaper":0.048410390671420084,"nonblank":true,"croppedToThePage":true},{"kind":"canonical","document":"canonical/packet-assembly.pdf","page":8,"png":"az_record_sealing_dismissal_not_guilty-set/canonical_packet-assembly/page-008.png","bytes":262934,"pngSha256":"e7f29d011d2bbb70e4b2f17c2c56ef3294e58c0f9ca0b570873a995353d65a7c","pngWidth":2040,"pngHeight":2640,"paper":{"x0":204,"y0":3,"x1":2243,"y1":2642,"width":2040,"height":2640},"pxPerPt":3.3333333333333335,"expectedPxPerPt":3.333333333333333,"pageWidthPt":612,"pageHeightPt":792,"expectedPx":{"width":2039.9999999999998,"height":2639.9999999999995,"tolerancePx":6.666666666666666},"calibrationResidualPx":0,"inkFractionInsidePaper":0.031731469102792634,"nonblank":true,"croppedToThePage":true},{"kind":"canonical","document":"canonical/petition.pdf","page":1,"png":"az_record_sealing_dismissal_not_guilty-set/canonical_petition/page-001.png","bytes":439200,"pngSha256":"8efd8f5d635c3063372d884bb10de69f8d8c664a38d7f0a50796a457ea9aeddc","pngWidth":2040,"pngHeight":2640,"paper":{"x0":204,"y0":3,"x1":2243,"y1":2642,"width":2040,"height":2640},"pxPerPt":3.3333333333333335,"expectedPxPerPt":3.333333333333333,"pageWidthPt":612,"pageHeightPt":792,"expectedPx":{"width":2039.9999999999998,"height":2639.9999999999995,"tolerancePx":6.666666666666666},"calibrationResidualPx":0,"inkFractionInsidePaper":0.14187555704099822,"nonblank":true,"croppedToThePage":true},{"kind":"canonical","document":"canonical/petition.pdf","page":2,"png":"az_record_sealing_dismissal_not_guilty-set/canonical_petition/page-002.png","bytes":436307,"pngSha256":"f40f668c7838ca6abd4c9814c23dac0811af35c54fceff33fccd6bafb30f3586","pngWidth":2040,"pngHeight":2640,"paper":{"x0":204,"y0":3,"x1":2243,"y1":2642,"width":2040,"height":2640},"pxPerPt":3.3333333333333335,"expectedPxPerPt":3.333333333333333,"pageWidthPt":612,"pageHeightPt":792,"expectedPx":{"width":2039.9999999999998,"height":2639.9999999999995,"tolerancePx":6.666666666666666},"calibrationResidualPx":0,"inkFractionInsidePaper":0.05314765300059418,"nonblank":true,"croppedToThePage":true},{"kind":"canonical","document":"canonical/petition.pdf","page":3,"png":"az_record_sealing_dismissal_not_guilty-set/canonical_petition/page-003.png","bytes":426894,"pngSha256":"7f8d6b0b93c9f9c96598903aa78331680a8dc94e68c39a91609590902dad9488","pngWidth":2040,"pngHeight":2640,"paper":{"x0":204,"y0":3,"x1":2243,"y1":2642,"width":2040,"height":2640},"pxPerPt":3.3333333333333335,"expectedPxPerPt":3.333333333333333,"pageWidthPt":612,"pageHeightPt":792,"expectedPx":{"width":2039.9999999999998,"height":2639.9999999999995,"tolerancePx":6.666666666666666},"calibrationResidualPx":0,"inkFractionInsidePaper":0.05195447118241236,"nonblank":true,"croppedToThePage":true},{"kind":"canonical","document":"canonical/petition.pdf","page":4,"png":"az_record_sealing_dismissal_not_guilty-set/canonical_petition/page-004.png","bytes":315573,"pngSha256":"4958a5d541ed2fe007fee6d869d5729ea7cc584c9c7387f66274012791a9f97f","pngWidth":2040,"pngHeight":2640,"paper":{"x0":204,"y0":3,"x1":2243,"y1":2642,"width":2040,"height":2640},"pxPerPt":3.3333333333333335,"expectedPxPerPt":3.333333333333333,"pageWidthPt":612,"pageHeightPt":792,"expectedPx":{"width":2039.9999999999998,"height":2639.9999999999995,"tolerancePx":6.666666666666666},"calibrationResidualPx":0,"inkFractionInsidePaper":0.041180741235888295,"nonblank":true,"croppedToThePage":true},{"kind":"canonical","document":"canonical/petition.pdf","page":5,"png":"az_record_sealing_dismissal_not_guilty-set/canonical_petition/page-005.png","bytes":242171,"pngSha256":"f8dc4b4436bb3dab434f62f9e7b1cb6e0e4fba54a4c86fc61c0e2da096215381","pngWidth":2040,"pngHeight":2640,"paper":{"x0":204,"y0":3,"x1":2243,"y1":2642,"width":2040,"height":2640},"pxPerPt":3.3333333333333335,"expectedPxPerPt":3.333333333333333,"pageWidthPt":612,"pageHeightPt":792,"expectedPx":{"width":2039.9999999999998,"height":2639.9999999999995,"tolerancePx":6.666666666666666},"calibrationResidualPx":0,"inkFractionInsidePaper":0.03700516191325015,"nonblank":true,"croppedToThePage":true},{"kind":"boundary","document":"boundary/order.pdf","page":1,"png":"az_record_sealing_dismissal_not_guilty-set/boundary_order/page-001.png","bytes":306973,"pngSha256":"05da62059c6ad9efc73cae9cc3d75ded470e010256536c3cc547f3d1609cf62e","pngWidth":2040,"pngHeight":2640,"paper":{"x0":204,"y0":3,"x1":2243,"y1":2642,"width":2040,"height":2640},"pxPerPt":3.3333333333333335,"expectedPxPerPt":3.333333333333333,"pageWidthPt":612,"pageHeightPt":792,"expectedPx":{"width":2039.9999999999998,"height":2639.9999999999995,"tolerancePx":6.666666666666666},"calibrationResidualPx":0,"inkFractionInsidePaper":0.032829582590612,"nonblank":true,"croppedToThePage":true},{"kind":"boundary","document":"boundary/order.pdf","page":2,"png":"az_record_sealing_dismissal_not_guilty-set/boundary_order/page-002.png","bytes":430835,"pngSha256":"c5ebc6549de19a1ce8c6a852152c62ae0983bf7eb708cd354a7b60e2f5f80fe5","pngWidth":2040,"pngHeight":2640,"paper":{"x0":204,"y0":3,"x1":2243,"y1":2642,"width":2040,"height":2640},"pxPerPt":3.3333333333333335,"expectedPxPerPt":3.333333333333333,"pageWidthPt":612,"pageHeightPt":792,"expectedPx":{"width":2039.9999999999998,"height":2639.9999999999995,"tolerancePx":6.666666666666666},"calibrationResidualPx":0,"inkFractionInsidePaper":0.048410390671420084,"nonblank":true,"croppedToThePage":true},{"kind":"boundary","document":"boundary/order.pdf","page":3,"png":"az_record_sealing_dismissal_not_guilty-set/boundary_order/page-003.png","bytes":262934,"pngSha256":"e7f29d011d2bbb70e4b2f17c2c56ef3294e58c0f9ca0b570873a995353d65a7c","pngWidth":2040,"pngHeight":2640,"paper":{"x0":204,"y0":3,"x1":2243,"y1":2642,"width":2040,"height":2640},"pxPerPt":3.3333333333333335,"expectedPxPerPt":3.333333333333333,"pageWidthPt":612,"pageHeightPt":792,"expectedPx":{"width":2039.9999999999998,"height":2639.9999999999995,"tolerancePx":6.666666666666666},"calibrationResidualPx":0,"inkFractionInsidePaper":0.031731469102792634,"nonblank":true,"croppedToThePage":true},{"kind":"boundary","document":"boundary/packet-assembly.pdf","page":1,"png":"az_record_sealing_dismissal_not_guilty-set/boundary_packet-assembly/page-001.png","bytes":448717,"pngSha256":"65a4301d6bb0f8089ee6674b9702bf6f026dc1d7dd4fb5d2918e37790c346bd7","pngWidth":2040,"pngHeight":2640,"paper":{"x0":204,"y0":3,"x1":2243,"y1":2642,"width":2040,"height":2640},"pxPerPt":3.3333333333333335,"expectedPxPerPt":3.333333333333333,"pageWidthPt":612,"pageHeightPt":792,"expectedPx":{"width":2039.9999999999998,"height":2639.9999999999995,"tolerancePx":6.666666666666666},"calibrationResidualPx":0,"inkFractionInsidePaper":0.14225044563279857,"nonblank":true,"croppedToThePage":true},{"kind":"boundary","document":"boundary/packet-assembly.pdf","page":2,"png":"az_record_sealing_dismissal_not_guilty-set/boundary_packet-assembly/page-002.png","bytes":442183,"pngSha256":"86207b3d50a713e7abd41aaf7a7be24c1beb28d813ed216d16942fa629d69048","pngWidth":2040,"pngHeight":2640,"paper":{"x0":204,"y0":3,"x1":2243,"y1":2642,"width":2040,"height":2640},"pxPerPt":3.3333333333333335,"expectedPxPerPt":3.333333333333333,"pageWidthPt":612,"pageHeightPt":792,"expectedPx":{"width":2039.9999999999998,"height":2639.9999999999995,"tolerancePx":6.666666666666666},"calibrationResidualPx":0,"inkFractionInsidePaper":0.05317624777183601,"nonblank":true,"croppedToThePage":true},{"kind":"boundary","document":"boundary/packet-assembly.pdf","page":3,"png":"az_record_sealing_dismissal_not_guilty-set/boundary_packet-assembly/page-003.png","bytes":426894,"pngSha256":"7f8d6b0b93c9f9c96598903aa78331680a8dc94e68c39a91609590902dad9488","pngWidth":2040,"pngHeight":2640,"paper":{"x0":204,"y0":3,"x1":2243,"y1":2642,"width":2040,"height":2640},"pxPerPt":3.3333333333333335,"expectedPxPerPt":3.333333333333333,"pageWidthPt":612,"pageHeightPt":792,"expectedPx":{"width":2039.9999999999998,"height":2639.9999999999995,"tolerancePx":6.666666666666666},"calibrationResidualPx":0,"inkFractionInsidePaper":0.05195447118241236,"nonblank":true,"croppedToThePage":true},{"kind":"boundary","document":"boundary/packet-assembly.pdf","page":4,"png":"az_record_sealing_dismissal_not_guilty-set/boundary_packet-assembly/page-004.png","bytes":315573,"pngSha256":"4958a5d541ed2fe007fee6d869d5729ea7cc584c9c7387f66274012791a9f97f","pngWidth":2040,"pngHeight":2640,"paper":{"x0":204,"y0":3,"x1":2243,"y1":2642,"width":2040,"height":2640},"pxPerPt":3.3333333333333335,"expectedPxPerPt":3.333333333333333,"pageWidthPt":612,"pageHeightPt":792,"expectedPx":{"width":2039.9999999999998,"height":2639.9999999999995,"tolerancePx":6.666666666666666},"calibrationResidualPx":0,"inkFractionInsidePaper":0.041180741235888295,"nonblank":true,"croppedToThePage":true},{"kind":"boundary","document":"boundary/packet-assembly.pdf","page":5,"png":"az_record_sealing_dismissal_not_guilty-set/boundary_packet-assembly/page-005.png","bytes":245156,"pngSha256":"a8f4b58dfa8edfe83523335d7ef38690026c625caa048170b539505bd30355bc","pngWidth":2040,"pngHeight":2640,"paper":{"x0":204,"y0":3,"x1":2243,"y1":2642,"width":2040,"height":2640},"pxPerPt":3.3333333333333335,"expectedPxPerPt":3.333333333333333,"pageWidthPt":612,"pageHeightPt":792,"expectedPx":{"width":2039.9999999999998,"height":2639.9999999999995,"tolerancePx":6.666666666666666},"calibrationResidualPx":0,"inkFractionInsidePaper":0.03706959298871063,"nonblank":true,"croppedToThePage":true},{"kind":"boundary","document":"boundary/packet-assembly.pdf","page":6,"png":"az_record_sealing_dismissal_not_guilty-set/boundary_packet-assembly/page-006.png","bytes":306973,"pngSha256":"05da62059c6ad9efc73cae9cc3d75ded470e010256536c3cc547f3d1609cf62e","pngWidth":2040,"pngHeight":2640,"paper":{"x0":204,"y0":3,"x1":2243,"y1":2642,"width":2040,"height":2640},"pxPerPt":3.3333333333333335,"expectedPxPerPt":3.333333333333333,"pageWidthPt":612,"pageHeightPt":792,"expectedPx":{"width":2039.9999999999998,"height":2639.9999999999995,"tolerancePx":6.666666666666666},"calibrationResidualPx":0,"inkFractionInsidePaper":0.032829582590612,"nonblank":true,"croppedToThePage":true},{"kind":"boundary","document":"boundary/packet-assembly.pdf","page":7,"png":"az_record_sealing_dismissal_not_guilty-set/boundary_packet-assembly/page-007.png","bytes":430835,"pngSha256":"c5ebc6549de19a1ce8c6a852152c62ae0983bf7eb708cd354a7b60e2f5f80fe5","pngWidth":2040,"pngHeight":2640,"paper":{"x0":204,"y0":3,"x1":2243,"y1":2642,"width":2040,"height":2640},"pxPerPt":3.3333333333333335,"expectedPxPerPt":3.333333333333333,"pageWidthPt":612,"pageHeightPt":792,"expectedPx":{"width":2039.9999999999998,"height":2639.9999999999995,"tolerancePx":6.666666666666666},"calibrationResidualPx":0,"inkFractionInsidePaper":0.048410390671420084,"nonblank":true,"croppedToThePage":true},{"kind":"boundary","document":"boundary/packet-assembly.pdf","page":8,"png":"az_record_sealing_dismissal_not_guilty-set/boundary_packet-assembly/page-008.png","bytes":262934,"pngSha256":"e7f29d011d2bbb70e4b2f17c2c56ef3294e58c0f9ca0b570873a995353d65a7c","pngWidth":2040,"pngHeight":2640,"paper":{"x0":204,"y0":3,"x1":2243,"y1":2642,"width":2040,"height":2640},"pxPerPt":3.3333333333333335,"expectedPxPerPt":3.333333333333333,"pageWidthPt":612,"pageHeightPt":792,"expectedPx":{"width":2039.9999999999998,"height":2639.9999999999995,"tolerancePx":6.666666666666666},"calibrationResidualPx":0,"inkFractionInsidePaper":0.031731469102792634,"nonblank":true,"croppedToThePage":true},{"kind":"boundary","document":"boundary/petition.pdf","page":1,"png":"az_record_sealing_dismissal_not_guilty-set/boundary_petition/page-001.png","bytes":448717,"pngSha256":"65a4301d6bb0f8089ee6674b9702bf6f026dc1d7dd4fb5d2918e37790c346bd7","pngWidth":2040,"pngHeight":2640,"paper":{"x0":204,"y0":3,"x1":2243,"y1":2642,"width":2040,"height":2640},"pxPerPt":3.3333333333333335,"expectedPxPerPt":3.333333333333333,"pageWidthPt":612,"pageHeightPt":792,"expectedPx":{"width":2039.9999999999998,"height":2639.9999999999995,"tolerancePx":6.666666666666666},"calibrationResidualPx":0,"inkFractionInsidePaper":0.14225044563279857,"nonblank":true,"croppedToThePage":true},{"kind":"boundary","document":"boundary/petition.pdf","page":2,"png":"az_record_sealing_dismissal_not_guilty-set/boundary_petition/page-002.png","bytes":442183,"pngSha256":"86207b3d50a713e7abd41aaf7a7be24c1beb28d813ed216d16942fa629d69048","pngWidth":2040,"pngHeight":2640,"paper":{"x0":204,"y0":3,"x1":2243,"y1":2642,"width":2040,"height":2640},"pxPerPt":3.3333333333333335,"expectedPxPerPt":3.333333333333333,"pageWidthPt":612,"pageHeightPt":792,"expectedPx":{"width":2039.9999999999998,"height":2639.9999999999995,"tolerancePx":6.666666666666666},"calibrationResidualPx":0,"inkFractionInsidePaper":0.05317624777183601,"nonblank":true,"croppedToThePage":true},{"kind":"boundary","document":"boundary/petition.pdf","page":3,"png":"az_record_sealing_dismissal_not_guilty-set/boundary_petition/page-003.png","bytes":426894,"pngSha256":"7f8d6b0b93c9f9c96598903aa78331680a8dc94e68c39a91609590902dad9488","pngWidth":2040,"pngHeight":2640,"paper":{"x0":204,"y0":3,"x1":2243,"y1":2642,"width":2040,"height":2640},"pxPerPt":3.3333333333333335,"expectedPxPerPt":3.333333333333333,"pageWidthPt":612,"pageHeightPt":792,"expectedPx":{"width":2039.9999999999998,"height":2639.9999999999995,"tolerancePx":6.666666666666666},"calibrationResidualPx":0,"inkFractionInsidePaper":0.05195447118241236,"nonblank":true,"croppedToThePage":true},{"kind":"boundary","document":"boundary/petition.pdf","page":4,"png":"az_record_sealing_dismissal_not_guilty-set/boundary_petition/page-004.png","bytes":315573,"pngSha256":"4958a5d541ed2fe007fee6d869d5729ea7cc584c9c7387f66274012791a9f97f","pngWidth":2040,"pngHeight":2640,"paper":{"x0":204,"y0":3,"x1":2243,"y1":2642,"width":2040,"height":2640},"pxPerPt":3.3333333333333335,"expectedPxPerPt":3.333333333333333,"pageWidthPt":612,"pageHeightPt":792,"expectedPx":{"width":2039.9999999999998,"height":2639.9999999999995,"tolerancePx":6.666666666666666},"calibrationResidualPx":0,"inkFractionInsidePaper":0.041180741235888295,"nonblank":true,"croppedToThePage":true},{"kind":"boundary","document":"boundary/petition.pdf","page":5,"png":"az_record_sealing_dismissal_not_guilty-set/boundary_petition/page-005.png","bytes":245156,"pngSha256":"a8f4b58dfa8edfe83523335d7ef38690026c625caa048170b539505bd30355bc","pngWidth":2040,"pngHeight":2640,"paper":{"x0":204,"y0":3,"x1":2243,"y1":2642,"width":2040,"height":2640},"pxPerPt":3.3333333333333335,"expectedPxPerPt":3.333333333333333,"pageWidthPt":612,"pageHeightPt":792,"expectedPx":{"width":2039.9999999999998,"height":2639.9999999999995,"tolerancePx":6.666666666666666},"calibrationResidualPx":0,"inkFractionInsidePaper":0.03706959298871063,"nonblank":true,"croppedToThePage":true}],"problems":[],"environmentProblems":[],"whatThisDoesNotDecide":"This is one gate. RASTER_PASS does not make a family PASS_COMPLETE, promotes nothing, and opens no commercial route.","packetPdfsModified":0,"bodiesCommitted":0,"commercialRoutesOpened":0,"productionTouched":false}
az_record_sealing_dismissal_not_guilty-set	Render and measure az_record_sealing_dismissal_not_guilty-set	2026-09-11T10:41:33.8808779Z RCAP_RECEIPT_INVENTORY [{"runId":"34589144801","familyId":"az_record_sealing_dismissal_not_guilty-set","member":"az_record_sealing_dismissal_not_guilty-set/canonical_order/page-001.png","bytes":301461,"sha256":"d4b75fa05a83f460965ff3fbbbd113574d8fe92022d888e677775c9773bb5003","pngWidth":2040,"pngHeight":2640},{"runId":"34589144801","familyId":"az_record_sealing_dismissal_not_guilty-set","member":"az_record_sealing_dismissal_not_guilty-set/canonical_order/page-002.png","bytes":430835,"sha256":"c5ebc6549de19a1ce8c6a852152c62ae0983bf7eb708cd354a7b60e2f5f80fe5","pngWidth":2040,"pngHeight":2640},{"runId":"34589144801","familyId":"az_record_sealing_dismissal_not_guilty-set","member":"az_record_sealing_dismissal_not_guilty-set/canonical_order/page-003.png","bytes":262934,"sha256":"e7f29d011d2bbb70e4b2f17c2c56ef3294e58c0f9ca0b570873a995353d65a7c","pngWidth":2040,"pngHeight":2640},{"runId":"34589144801","familyId":"az_record_sealing_dismissal_not_guilty-set","member":"az_record_sealing_dismissal_not_guilty-set/canonical_packet-assembly/page-001.png","bytes":439200,"sha256":"8efd8f5d635c3063372d884bb10de69f8d8c664a38d7f0a50796a457ea9aeddc","pngWidth":2040,"pngHeight":2640},{"runId":"34589144801","familyId":"az_record_sealing_dismissal_not_guilty-set","member":"az_record_sealing_dismissal_not_guilty-set/canonical_packet-assembly/page-002.png","bytes":436307,"sha256":"f40f668c7838ca6abd4c9814c23dac0811af35c54fceff33fccd6bafb30f3586","pngWidth":2040,"pngHeight":2640},{"runId":"34589144801","familyId":"az_record_sealing_dismissal_not_guilty-set","member":"az_record_sealing_dismissal_not_guilty-set/canonical_packet-assembly/page-003.png","bytes":426894,"sha256":"7f8d6b0b93c9f9c96598903aa78331680a8dc94e68c39a91609590902dad9488","pngWidth":2040,"pngHeight":2640},{"runId":"34589144801","familyId":"az_record_sealing_dismissal_not_guilty-set","member":"az_record_sealing_dismissal_not_guilty-set/canonical_packet-assembly/page-004.png","bytes":315573,"sha256":"4958a5d541ed2fe007fee6d869d5729ea7cc584c9c7387f66274012791a9f97f","pngWidth":2040,"pngHeight":2640},{"runId":"34589144801","familyId":"az_record_sealing_dismissal_not_guilty-set","member":"az_record_sealing_dismissal_not_guilty-set/canonical_packet-assembly/page-005.png","bytes":242171,"sha256":"f8dc4b4436bb3dab434f62f9e7b1cb6e0e4fba54a4c86fc61c0e2da096215381","pngWidth":2040,"pngHeight":2640},{"runId":"34589144801","familyId":"az_record_sealing_dismissal_not_guilty-set","member":"az_record_sealing_dismissal_not_guilty-set/canonical_packet-assembly/page-006.png","bytes":301461,"sha256":"d4b75fa05a83f460965ff3fbbbd113574d8fe92022d888e677775c9773bb5003","pngWidth":2040,"pngHeight":2640},{"runId":"34589144801","familyId":"az_record_sealing_dismissal_not_guilty-set","member":"az_record_sealing_dismissal_not_guilty-set/canonical_packet-assembly/page-007.png","bytes":430835,"sha256":"c5ebc6549de19a1ce8c6a852152c62ae0983bf7eb708cd354a7b60e2f5f80fe5","pngWidth":2040,"pngHeight":2640},{"runId":"34589144801","familyId":"az_record_sealing_dismissal_not_guilty-set","member":"az_record_sealing_dismissal_not_guilty-set/canonical_packet-assembly/page-008.png","bytes":262934,"sha256":"e7f29d011d2bbb70e4b2f17c2c56ef3294e58c0f9ca0b570873a995353d65a7c","pngWidth":2040,"pngHeight":2640},{"runId":"34589144801","familyId":"az_record_sealing_dismissal_not_guilty-set","member":"az_record_sealing_dismissal_not_guilty-set/canonical_petition/page-001.png","bytes":439200,"sha256":"8efd8f5d635c3063372d884bb10de69f8d8c664a38d7f0a50796a457ea9aeddc","pngWidth":2040,"pngHeight":2640},{"runId":"34589144801","familyId":"az_record_sealing_dismissal_not_guilty-set","member":"az_record_sealing_dismissal_not_guilty-set/canonical_petition/page-002.png","bytes":436307,"sha256":"f40f668c7838ca6abd4c9814c23dac0811af35c54fceff33fccd6bafb30f3586","pngWidth":2040,"pngHeight":2640},{"runId":"34589144801","familyId":"az_record_sealing_dismissal_not_guilty-set","member":"az_record_sealing_dismissal_not_guilty-set/canonical_petition/page-003.png","bytes":426894,"sha256":"7f8d6b0b93c9f9c96598903aa78331680a8dc94e68c39a91609590902dad9488","pngWidth":2040,"pngHeight":2640},{"runId":"34589144801","familyId":"az_record_sealing_dismissal_not_guilty-set","member":"az_record_sealing_dismissal_not_guilty-set/canonical_petition/page-004.png","bytes":315573,"sha256":"4958a5d541ed2fe007fee6d869d5729ea7cc584c9c7387f66274012791a9f97f","pngWidth":2040,"pngHeight":2640},{"runId":"34589144801","familyId":"az_record_sealing_dismissal_not_guilty-set","member":"az_record_sealing_dismissal_not_guilty-set/canonical_petition/page-005.png","bytes":242171,"sha256":"f8dc4b4436bb3dab434f62f9e7b1cb6e0e4fba54a4c86fc61c0e2da096215381","pngWidth":2040,"pngHeight":2640},{"runId":"34589144801","familyId":"az_record_sealing_dismissal_not_guilty-set","member":"az_record_sealing_dismissal_not_guilty-set/boundary_order/page-001.png","bytes":306973,"sha256":"05da62059c6ad9efc73cae9cc3d75ded470e010256536c3cc547f3d1609cf62e","pngWidth":2040,"pngHeight":2640},{"runId":"34589144801","familyId":"az_record_sealing_dismissal_not_guilty-set","member":"az_record_sealing_dismissal_not_guilty-set/boundary_order/page-002.png","bytes":430835,"sha256":"c5ebc6549de19a1ce8c6a852152c62ae0983bf7eb708cd354a7b60e2f5f80fe5","pngWidth":2040,"pngHeight":2640},{"runId":"34589144801","familyId":"az_record_sealing_dismissal_not_guilty-set","member":"az_record_sealing_dismissal_not_guilty-set/boundary_order/page-003.png","bytes":262934,"sha256":"e7f29d011d2bbb70e4b2f17c2c56ef3294e58c0f9ca0b570873a995353d65a7c","pngWidth":2040,"pngHeight":2640},{"runId":"34589144801","familyId":"az_record_sealing_dismissal_not_guilty-set","member":"az_record_sealing_dismissal_not_guilty-set/boundary_packet-assembly/page-001.png","bytes":448717,"sha256":"65a4301d6bb0f8089ee6674b9702bf6f026dc1d7dd4fb5d2918e37790c346bd7","pngWidth":2040,"pngHeight":2640},{"runId":"34589144801","familyId":"az_record_sealing_dismissal_not_guilty-set","member":"az_record_sealing_dismissal_not_guilty-set/boundary_packet-assembly/page-002.png","bytes":442183,"sha256":"86207b3d50a713e7abd41aaf7a7be24c1beb28d813ed216d16942fa629d69048","pngWidth":2040,"pngHeight":2640},{"runId":"34589144801","familyId":"az_record_sealing_dismissal_not_guilty-set","member":"az_record_sealing_dismissal_not_guilty-set/boundary_packet-assembly/page-003.png","bytes":426894,"sha256":"7f8d6b0b93c9f9c96598903aa78331680a8dc94e68c39a91609590902dad9488","pngWidth":2040,"pngHeight":2640},{"runId":"34589144801","familyId":"az_record_sealing_dismissal_not_guilty-set","member":"az_record_sealing_dismissal_not_guilty-set/boundary_packet-assembly/page-004.png","bytes":315573,"sha256":"4958a5d541ed2fe007fee6d869d5729ea7cc584c9c7387f66274012791a9f97f","pngWidth":2040,"pngHeight":2640},{"runId":"34589144801","familyId":"az_record_sealing_dismissal_not_guilty-set","member":"az_record_sealing_dismissal_not_guilty-set/boundary_packet-assembly/page-005.png","bytes":245156,"sha256":"a8f4b58dfa8edfe83523335d7ef38690026c625caa048170b539505bd30355bc","pngWidth":2040,"pngHeight":2640},{"runId":"34589144801","familyId":"az_record_sealing_dismissal_not_guilty-set","member":"az_record_sealing_dismissal_not_guilty-set/boundary_packet-assembly/page-006.png","bytes":306973,"sha256":"05da62059c6ad9efc73cae9cc3d75ded470e010256536c3cc547f3d1609cf62e","pngWidth":2040,"pngHeight":2640},{"runId":"34589144801","familyId":"az_record_sealing_dismissal_not_guilty-set","member":"az_record_sealing_dismissal_not_guilty-set/boundary_packet-assembly/page-007.png","bytes":430835,"sha256":"c5ebc6549de19a1ce8c6a852152c62ae0983bf7eb708cd354a7b60e2f5f80fe5","pngWidth":2040,"pngHeight":2640},{"runId":"34589144801","familyId":"az_record_sealing_dismissal_not_guilty-set","member":"az_record_sealing_dismissal_not_guilty-set/boundary_packet-assembly/page-008.png","bytes":262934,"sha256":"e7f29d011d2bbb70e4b2f17c2c56ef3294e58c0f9ca0b570873a995353d65a7c","pngWidth":2040,"pngHeight":2640},{"runId":"34589144801","familyId":"az_record_sealing_dismissal_not_guilty-set","member":"az_record_sealing_dismissal_not_guilty-set/boundary_petition/page-001.png","bytes":448717,"sha256":"65a4301d6bb0f8089ee6674b9702bf6f026dc1d7dd4fb5d2918e37790c346bd7","pngWidth":2040,"pngHeight":2640},{"runId":"34589144801","familyId":"az_record_sealing_dismissal_not_guilty-set","member":"az_record_sealing_dismissal_not_guilty-set/boundary_petition/page-002.png","bytes":442183,"sha256":"86207b3d50a713e7abd41aaf7a7be24c1beb28d813ed216d16942fa629d69048","pngWidth":2040,"pngHeight":2640},{"runId":"34589144801","familyId":"az_record_sealing_dismissal_not_guilty-set","member":"az_record_sealing_dismissal_not_guilty-set/boundary_petition/page-003.png","bytes":426894,"sha256":"7f8d6b0b93c9f9c96598903aa78331680a8dc94e68c39a91609590902dad9488","pngWidth":2040,"pngHeight":2640},{"runId":"34589144801","familyId":"az_record_sealing_dismissal_not_guilty-set","member":"az_record_sealing_dismissal_not_guilty-set/boundary_petition/page-004.png","bytes":315573,"sha256":"4958a5d541ed2fe007fee6d869d5729ea7cc584c9c7387f66274012791a9f97f","pngWidth":2040,"pngHeight":2640},{"runId":"34589144801","familyId":"az_record_sealing_dismissal_not_guilty-set","member":"az_record_sealing_dismissal_not_guilty-set/boundary_petition/page-005.png","bytes":245156,"sha256":"a8f4b58dfa8edfe83523335d7ef38690026c625caa048170b539505bd30355bc","pngWidth":2040,"pngHeight":2640}]
az_record_sealing_dismissal_not_guilty-set	Render and measure az_record_sealing_dismissal_not_guilty-set	2026-09-11T10:41:33.8841574Z RCAP_RECEIPT_END family=az_record_sealing_dismissal_not_guilty-set run=34589144801 pages=32
az_record_sealing_dismissal_not_guilty-set	Render and measure az_record_sealing_dismissal_not_guilty-set	2026-09-11T10:41:33.8842647Z RASTER_PASS az_record_sealing_dismissal_not_guilty-set — 6 document(s), 32 page(s) measured, 0 problem(s)
az_record_sealing_dismissal_not_guilty-set	Refuse a modified packet byte	﻿2026-09-11T10:41:33.8870083Z ##[group]Run set -euo pipefail
az_record_sealing_dismissal_not_guilty-set	Refuse a modified packet byte	2026-09-11T10:41:33.8870405Z ^[[36;1mset -euo pipefail^[[0m
az_record_sealing_dismissal_not_guilty-set	Refuse a modified packet byte	2026-09-11T10:41:33.8870763Z ^[[36;1m# The render writes only under raster-out/. If a tracked file moved,^[[0m
az_record_sealing_dismissal_not_guilty-set	Refuse a modified packet byte	2026-09-11T10:41:33.8871192Z ^[[36;1m# something wrote where it must not.^[[0m
az_record_sealing_dismissal_not_guilty-set	Refuse a modified packet byte	2026-09-11T10:41:33.8871534Z ^[[36;1mgit diff --quiet && git diff --cached --quiet \^[[0m
az_record_sealing_dismissal_not_guilty-set	Refuse a modified packet byte	2026-09-11T10:41:33.8872046Z ^[[36;1m  || { echo "REFUSED: the render modified tracked files"; git status --porcelain; exit 1; }^[[0m
az_record_sealing_dismissal_not_guilty-set	Refuse a modified packet byte	2026-09-11T10:41:33.8907689Z shell: /usr/bin/bash -e {0}
az_record_sealing_dismissal_not_guilty-set	Refuse a modified packet byte	2026-09-11T10:41:33.8907938Z env:
az_record_sealing_dismissal_not_guilty-set	Refuse a modified packet byte	2026-09-11T10:41:33.8908224Z   PLAYWRIGHT_BROWSERS_PATH: /home/runner/.cache/ms-playwright
az_record_sealing_dismissal_not_guilty-set	Refuse a modified packet byte	2026-09-11T10:41:33.8908575Z ##[endgroup]
az_record_sealing_dismissal_not_guilty-set	Artifact-safe label for this family	﻿2026-09-11T10:41:33.9866186Z ##[group]Run printf 'FAMILY_SLUG=%s\n' "$(printf '%s' "$FAMILY" | tr -c 'A-Za-z0-9._-' '_')" >> "$GITHUB_ENV"
az_record_sealing_dismissal_not_guilty-set	Artifact-safe label for this family	2026-09-11T10:41:33.9867123Z ^[[36;1mprintf 'FAMILY_SLUG=%s\n' "$(printf '%s' "$FAMILY" | tr -c 'A-Za-z0-9._-' '_')" >> "$GITHUB_ENV"^[[0m
az_record_sealing_dismissal_not_guilty-set	Artifact-safe label for this family	2026-09-11T10:41:33.9904177Z shell: /usr/bin/bash -e {0}
az_record_sealing_dismissal_not_guilty-set	Artifact-safe label for this family	2026-09-11T10:41:33.9904584Z env:
az_record_sealing_dismissal_not_guilty-set	Artifact-safe label for this family	2026-09-11T10:41:33.9904890Z   PLAYWRIGHT_BROWSERS_PATH: /home/runner/.cache/ms-playwright
az_record_sealing_dismissal_not_guilty-set	Artifact-safe label for this family	2026-09-11T10:41:33.9905313Z   FAMILY: az_record_sealing_dismissal_not_guilty-set
az_record_sealing_dismissal_not_guilty-set	Artifact-safe label for this family	2026-09-11T10:41:33.9905622Z ##[endgroup]
az_record_sealing_dismissal_not_guilty-set	Run actions/upload-artifact@v4	﻿2026-09-11T10:41:34.0044920Z Node 20 is being deprecated. This workflow is running with Node 24 by default. If you need to temporarily use Node 20, you can set the ACTIONS_ALLOW_USE_UNSECURE_NODE_VERSION=true environment variable. For more information see: https://github.blog/changelog/2025-09-19-deprecation-of-node-20-on-github-actions-runners/
az_record_sealing_dismissal_not_guilty-set	Run actions/upload-artifact@v4	2026-09-11T10:41:34.0046498Z ##[group]Run actions/upload-artifact@v4
az_record_sealing_dismissal_not_guilty-set	Run actions/upload-artifact@v4	2026-09-11T10:41:34.0046905Z with:
az_record_sealing_dismissal_not_guilty-set	Run actions/upload-artifact@v4	2026-09-11T10:41:34.0047338Z   name: rcap-raster-az_record_sealing_dismissal_not_guilty-set-34589144801
az_record_sealing_dismissal_not_guilty-set	Run actions/upload-artifact@v4	2026-09-11T10:41:34.0047840Z   path: raster-out/
az_record_sealing_dismissal_not_guilty-set	Run actions/upload-artifact@v4	2026-09-11T10:41:34.0048168Z   if-no-files-found: error
az_record_sealing_dismissal_not_guilty-set	Run actions/upload-artifact@v4	2026-09-11T10:41:34.0048547Z   retention-days: 14
az_record_sealing_dismissal_not_guilty-set	Run actions/upload-artifact@v4	2026-09-11T10:41:34.0048889Z   compression-level: 6
az_record_sealing_dismissal_not_guilty-set	Run actions/upload-artifact@v4	2026-09-11T10:41:34.0049233Z   overwrite: false
az_record_sealing_dismissal_not_guilty-set	Run actions/upload-artifact@v4	2026-09-11T10:41:34.0049550Z   include-hidden-files: false
az_record_sealing_dismissal_not_guilty-set	Run actions/upload-artifact@v4	2026-09-11T10:41:34.0061112Z env:
az_record_sealing_dismissal_not_guilty-set	Run actions/upload-artifact@v4	2026-09-11T10:41:34.0061605Z   PLAYWRIGHT_BROWSERS_PATH: /home/runner/.cache/ms-playwright
az_record_sealing_dismissal_not_guilty-set	Run actions/upload-artifact@v4	2026-09-11T10:41:34.0062277Z   FAMILY_SLUG: az_record_sealing_dismissal_not_guilty-set
az_record_sealing_dismissal_not_guilty-set	Run actions/upload-artifact@v4	2026-09-11T10:41:34.0062777Z ##[endgroup]
az_record_sealing_dismissal_not_guilty-set	Run actions/upload-artifact@v4	2026-09-11T10:41:34.1776697Z (node:8195) [DEP0040] DeprecationWarning: The `punycode` module is deprecated. Please use a userland alternative instead.
az_record_sealing_dismissal_not_guilty-set	Run actions/upload-artifact@v4	2026-09-11T10:41:34.1777552Z (Use `node --trace-deprecation ...` to show where the warning was created)
az_record_sealing_dismissal_not_guilty-set	Run actions/upload-artifact@v4	2026-09-11T10:41:34.2015429Z With the provided path, there will be 52 files uploaded
az_record_sealing_dismissal_not_guilty-set	Run actions/upload-artifact@v4	2026-09-11T10:41:34.2021914Z Artifact name is valid!
az_record_sealing_dismissal_not_guilty-set	Run actions/upload-artifact@v4	2026-09-11T10:41:34.2022655Z Root directory input is valid!
az_record_sealing_dismissal_not_guilty-set	Run actions/upload-artifact@v4	2026-09-11T10:41:34.6229264Z Beginning upload of artifact content to blob storage
az_record_sealing_dismissal_not_guilty-set	Run actions/upload-artifact@v4	2026-09-11T10:41:34.9575367Z (node:8195) [DEP0169] DeprecationWarning: `url.parse()` behavior is not standardized and prone to errors that have security implications. Use the WHATWG URL API instead. CVEs are not issued for `url.parse()` vulnerabilities.
az_record_sealing_dismissal_not_guilty-set	Run actions/upload-artifact@v4	2026-09-11T10:41:35.8180691Z Uploaded bytes 8388608
az_record_sealing_dismissal_not_guilty-set	Run actions/upload-artifact@v4	2026-09-11T10:41:36.0539700Z Uploaded bytes 13348370
az_record_sealing_dismissal_not_guilty-set	Run actions/upload-artifact@v4	2026-09-11T10:41:36.1290696Z Finished uploading artifact content to blob storage!
az_record_sealing_dismissal_not_guilty-set	Run actions/upload-artifact@v4	2026-09-11T10:41:36.1291919Z SHA256 digest of uploaded artifact zip is d3151dce0f4084e9eddcd18fb0c2485ed1d42dff6fb06d4a07eebdb598828b82
az_record_sealing_dismissal_not_guilty-set	Run actions/upload-artifact@v4	2026-09-11T10:41:36.1293833Z Finalizing artifact upload
az_record_sealing_dismissal_not_guilty-set	Run actions/upload-artifact@v4	2026-09-11T10:41:36.4001674Z Artifact rcap-raster-az_record_sealing_dismissal_not_guilty-set-34589144801.zip successfully finalized. Artifact ID 10195388419
az_record_sealing_dismissal_not_guilty-set	Run actions/upload-artifact@v4	2026-09-11T10:41:36.4003602Z Artifact rcap-raster-az_record_sealing_dismissal_not_guilty-set-34589144801 has been successfully uploaded! Final size is 13348370 bytes. Artifact ID is 10195388419
az_record_sealing_dismissal_not_guilty-set	Run actions/upload-artifact@v4	2026-09-11T10:41:36.4007998Z Artifact download URL: https://github.com/Roger-LegalEase/legalease-partner-dashboard-clean/actions/runs/34589144801/artifacts/10195388419
az_record_sealing_dismissal_not_guilty-set	Post Run actions/setup-node@v4	﻿2026-09-11T10:41:36.4201387Z Node 20 is being deprecated. This workflow is running with Node 24 by default. If you need to temporarily use Node 20, you can set the ACTIONS_ALLOW_USE_UNSECURE_NODE_VERSION=true environment variable. For more information see: https://github.blog/changelog/2025-09-19-deprecation-of-node-20-on-github-actions-runners/
az_record_sealing_dismissal_not_guilty-set	Post Run actions/setup-node@v4	2026-09-11T10:41:36.4202679Z Post job cleanup.
az_record_sealing_dismissal_not_guilty-set	Post Run actions/setup-node@v4	2026-09-11T10:41:36.5444219Z (node:8208) [DEP0040] DeprecationWarning: The `punycode` module is deprecated. Please use a userland alternative instead.
az_record_sealing_dismissal_not_guilty-set	Post Run actions/setup-node@v4	2026-09-11T10:41:36.5445413Z (Use `node --trace-deprecation ...` to show where the warning was created)
az_record_sealing_dismissal_not_guilty-set	Post Run actions/checkout@v4	﻿2026-09-11T10:41:36.5641457Z Node 20 is being deprecated. This workflow is running with Node 24 by default. If you need to temporarily use Node 20, you can set the ACTIONS_ALLOW_USE_UNSECURE_NODE_VERSION=true environment variable. For more information see: https://github.blog/changelog/2025-09-19-deprecation-of-node-20-on-github-actions-runners/
az_record_sealing_dismissal_not_guilty-set	Post Run actions/checkout@v4	2026-09-11T10:41:36.5642744Z Post job cleanup.
az_record_sealing_dismissal_not_guilty-set	Post Run actions/checkout@v4	2026-09-11T10:41:36.6519184Z [command]/usr/bin/git version
az_record_sealing_dismissal_not_guilty-set	Post Run actions/checkout@v4	2026-09-11T10:41:36.6564839Z git version 2.55.0
az_record_sealing_dismissal_not_guilty-set	Post Run actions/checkout@v4	2026-09-11T10:41:36.6609676Z Temporarily overriding HOME='/home/runner/work/_temp/4f544f72-f26c-430a-a247-7ff5dc5748b3' before making global git config changes
az_record_sealing_dismissal_not_guilty-set	Post Run actions/checkout@v4	2026-09-11T10:41:36.6610856Z Adding repository directory to the temporary git global config as a safe directory
az_record_sealing_dismissal_not_guilty-set	Post Run actions/checkout@v4	2026-09-11T10:41:36.6616739Z [command]/usr/bin/git config --global --add safe.directory /home/runner/work/legalease-partner-dashboard-clean/legalease-partner-dashboard-clean
az_record_sealing_dismissal_not_guilty-set	Post Run actions/checkout@v4	2026-09-11T10:41:36.6654714Z [command]/usr/bin/git config --local --name-only --get-regexp core\.sshCommand
az_record_sealing_dismissal_not_guilty-set	Post Run actions/checkout@v4	2026-09-11T10:41:36.6690121Z [command]/usr/bin/git submodule foreach --recursive sh -c "git config --local --name-only --get-regexp 'core\.sshCommand' && git config --local --unset-all 'core.sshCommand' || :"
az_record_sealing_dismissal_not_guilty-set	Post Run actions/checkout@v4	2026-09-11T10:41:36.6972596Z [command]/usr/bin/git config --local --name-only --get-regexp http\.https\:\/\/github\.com\/\.extraheader
az_record_sealing_dismissal_not_guilty-set	Post Run actions/checkout@v4	2026-09-11T10:41:36.6999453Z http.https://github.com/.extraheader
az_record_sealing_dismissal_not_guilty-set	Post Run actions/checkout@v4	2026-09-11T10:41:36.7011998Z [command]/usr/bin/git config --local --unset-all http.https://github.com/.extraheader
az_record_sealing_dismissal_not_guilty-set	Post Run actions/checkout@v4	2026-09-11T10:41:36.7047031Z [command]/usr/bin/git submodule foreach --recursive sh -c "git config --local --name-only --get-regexp 'http\.https\:\/\/github\.com\/\.extraheader' && git config --local --unset-all 'http.https://github.com/.extraheader' || :"
az_record_sealing_dismissal_not_guilty-set	Post Run actions/checkout@v4	2026-09-11T10:41:36.7350881Z [command]/usr/bin/git config --local --name-only --get-regexp ^includeIf\.gitdir:
az_record_sealing_dismissal_not_guilty-set	Post Run actions/checkout@v4	2026-09-11T10:41:36.7416057Z [command]/usr/bin/git submodule foreach --recursive git config --local --show-origin --name-only --get-regexp remote.origin.url
az_record_sealing_dismissal_not_guilty-set	Complete job	﻿2026-09-11T10:41:36.7880376Z Cleaning up orphan processes
az_record_sealing_dismissal_not_guilty-set	Complete job	2026-09-11T10:41:36.8229950Z ##[warning]Node.js 20 is deprecated. The following actions target Node.js 20 but are being forced to run on Node.js 24: actions/checkout@v4, actions/setup-node@v4, actions/upload-artifact@v4. For more information see: https://github.blog/changelog/2025-09-19-deprecation-of-node-20-on-github-actions-runners/
