status	kind	object_key	production_md5	repository_md5
changed_common	COL	public.partner_records.payment_status	0038d5f2b5a0f38a90c5fcdb0c3eb45f	d67755fb8a74f5e7c00fb0d0fb3da6e6
changed_common	COL	public.partner_records.provisioning_status	32c78215a386ff6a14d4610c9a227e68	a2f8ac9719d9ffb191b3f355ae36f95a
changed_common	CON	public.legalease_os_support_items.legalease_os_support_items_source_check	e9b6ced327608ef1d06f9db9c3e95222	a2e3905d0e721447a0f7980b409085d8
changed_common	CON	public.legalease_os_support_items.legalease_os_support_items_type_check	a9e0b10c35ea96fd441410c4d9581aed	cdc45d5aa89a1eca8b6baa705c5f77d1
changed_common	CON	public.rcap_intake_sessions.rcap_intake_sessions_eligibility_signal_check	505eb54ece868e83b477f5678fe2924a	dad29b7af4b132596719241125261508
changed_common	CON	public.rcap_record_events.rcap_record_events_record_type_check	411a533c18b43acbd7e97ad129a08aa3	6ddcf7095e5d12fc3b42282c51f65489
changed_common	FN	public.claim_rcap_screening_session(p_partner_slug text, p_jurisdiction text)	b17f69acccb87db454f2ad4bee91dbe5	e756e1037e2f62bf0cefd4092fd91b55
changed_common	FN	public.consume_rcap_screening_session(p_session_id uuid)	81008ae10f1ae28d632d118cc3231ce6	ca2ad3b58edba87361c76256e0dd6bc0
changed_common	FN	public.content_apply_legal_review(p_post_id uuid, p_decision text, p_notes text)	3384bfc3b07d96cbf5af1cd62cba0832	50afbe6a696e8e539f58e6ec7d0da40f
changed_common	FN	public.content_can_edit_any()	ad56abdb9b0f0a40d29be6b3b0ee426b	18f632dd736e40f80aeeb06afaaf3b5b
changed_common	FN	public.content_can_legal_approve()	abe193f172d4e759824546cb4d00b7c2	e3c3d340dfa39a4b598f607644f23bcc
changed_common	FN	public.content_can_publish()	49789fddcda8bce768262ec4f230a6fd	15bb4f12b21b98c4ddfd1244e895d7bf
changed_common	FN	public.content_current_partner_slug()	d1bfa621ec7ae378038fd017d359c2da	47484f9399aa11a9a161252b5cad66f0
changed_common	FN	public.content_current_role()	2504e46ce70d82b4679d1cc2bb59d590	9c8738e2440324be1201ee660d885b98
changed_common	FN	public.content_enforce_publish_authority()	e098641d15c8e13a3b8a24f3c79c8fe2	ed64f5697d5339dea84fbebbb2fac17e
changed_common	FN	public.content_has_any_role()	858abd7f565d1ddce9f8787b82f7e544	caf8cdadd99628990631e2b583769592
changed_common	FN	public.content_media_is_public(p_media_id uuid)	4f8bbbf4e5130afbf2751e46050cf890	6914bff3b325c68dc27858da577040fe
changed_common	FN	public.current_partner_role()	b2085e06b87c125038af358829d4dea6	ca0655ab7be4a7001d52e59eaa8ec71e
changed_common	FN	public.current_partner_slug()	b8dd7f439b124ea5a66d2e256545a47b	f0c442ea7bfa0b5657b91432667dc7b9
changed_common	FN	public.increment_request_rate_limit_bucket(p_scope text, p_bucket_key text, p_window_start timestamp with time zone, p_window_seconds integer, p_limit integer)	1be9238090b6e7fbea0cbf65d7e9f361	bfad7058eb2be41e635461707625165a
changed_common	FN	public.is_internal_admin()	a83804066abcb629a66610b595ebfc42	36845fb5dd8c9c93bbc56ca3408afff4
changed_common	FN	public.prevent_rcap_record_events_mutation()	be6f1a4ca7deb7238d4a21c2b1b2b7c3	915603eb18851304adea348987b99a57
changed_common	FN	public.rcap_partner_person_outcome_counts(input_partner_slug text)	47d0e30e337a418f5a0b5187a754e964	4fbe80af58ae3429498b7685e712dee6
changed_common	FN	public.rcap_screening_session_is_release_expired(p_status text, p_created_at timestamp with time zone, p_resume_token_expires_at timestamp with time zone, p_now timestamp with time zone)	39e21d854af2a9dd7a3a765884902032	caf9a0bf5744e48c032cc944ed8ee6b4
changed_common	FN	public.recompute_rcap_partner_entitlements(p_partner_slug text, p_now timestamp with time zone)	195006a5d8e50b481f360617796e3c5c	57d68cb725872f00eed3c83154e4412c
changed_common	FN	public.record_rcap_partner_packet_generation(p_session_id uuid)	4eaafef9ab15aa9882ba8628028bdd6c	047b4fb20d6b85faa88958f8bf86f053
changed_common	FN	public.reject_content_audit_mutation()	595f1c2794a5a3d39ef26c6977ccbf9b	475d7ef22b013e29147502b2675ddac6
changed_common	FN	public.release_expired_rcap_screening_slots(p_now timestamp with time zone)	cd51272a4cfba4d5237651872acc754c	51d742903b9494af3ef7c8b022d203bd
changed_common	FN	public.set_content_admin_users_updated_at()	52b3e46a0eca5b6d64aeffdbdfc6c7ca	c17e2fed45b784dfd58a6ee417e00307
changed_common	FN	public.set_content_authors_updated_at()	de0f15053df0d55b1908e7d76df22490	9ab029fbce333b745e718f75ac47392d
changed_common	FN	public.set_content_campaigns_updated_at()	ef3a8a949668ccfffda22b9967ab82ae	ffdc24e9350fab38b716e3ec95cf8710
changed_common	FN	public.set_content_media_updated_at()	eae7a9fcdc5bac79bfa03145c63e2217	93e0481db54f470213475ed5c09fc7ff
changed_common	FN	public.set_content_posts_updated_at()	1b3119ab0bef07f7c5266bb9b4df8cec	a633529d886d303ce65f670d10b70b26
changed_common	FN	public.set_content_promotion_outbox_updated_at()	f9b9cd05c43afb2017c3ef63c13f057b	7967965b0aa5dcfb36853d6906f65539
changed_common	FN	public.set_content_social_drafts_updated_at()	1471943f9c4ed4bb7fe977f9e6b71302	1a2b59e97276eb633969d451807f2815
changed_common	FN	public.set_content_state_editorial_updated_at()	0fa0ccaa0fbdcd00c5644b73eb4b1f72	3c18e8bd383623774dfb9b23b5637248
changed_common	FN	public.set_content_testimonials_updated_at()	fca852f220f0976165aea8190b042a81	e5ab7f09e07170f59126238c57011720
changed_common	FN	public.set_partner_entitlement_updated_at()	84b8687c73d6fbcd1b0f82f15e6da78d	1693f91f5c39ec96c7664a22e8f08181
changed_common	FN	public.set_partner_users_updated_at()	0b1ddab5a96ce9f917749c4f6631b40c	025ee5e76759579e3866d314baebfd25
changed_common	FN	public.set_rcap_document_packets_updated_at()	ab78d0660b73dd4f4a46e63dca8cf100	3e0fdaf2df74f3f76a7d3e45a2bc0473
changed_common	FN	public.write_rcap_document_packet_relief_outcome_event()	b82633d03db971d20e73652af37fa84c	31e64ffa816b7a4f54aad3e913ed4931
changed_common	REL	public.consumer_briefcase_items	74ab9922bd9db58e0d52a63245485ffd	b59451452d9d8a4b46f9695b4f3cb170
changed_common	REL	public.consumer_pending_screening_results	74ab9922bd9db58e0d52a63245485ffd	938a3b7f04b44e75df1fbb6357abf91a
changed_common	REL	public.consumer_wilma_telemetry	74ab9922bd9db58e0d52a63245485ffd	938a3b7f04b44e75df1fbb6357abf91a
changed_common	REL	public.content_admin_users	6aa9e6f65f77c3d768ba692a63bbc9e6	f72170d2a85bcc113a9bd1df458a1b64
changed_common	REL	public.content_audit_events	d9b0182592dd047b758b14224f332736	e6a1b4ca712985f49b8f0fe7642b40b0
changed_common	REL	public.content_authors	6aa9e6f65f77c3d768ba692a63bbc9e6	f72170d2a85bcc113a9bd1df458a1b64
changed_common	REL	public.content_campaign_channels	6aa9e6f65f77c3d768ba692a63bbc9e6	f72170d2a85bcc113a9bd1df458a1b64
changed_common	REL	public.content_campaigns	6aa9e6f65f77c3d768ba692a63bbc9e6	f72170d2a85bcc113a9bd1df458a1b64
changed_common	REL	public.content_categories	74ab9922bd9db58e0d52a63245485ffd	ffdd9dc94e39dfaa75d8fec6c584f325
changed_common	REL	public.content_media	6aa9e6f65f77c3d768ba692a63bbc9e6	f72170d2a85bcc113a9bd1df458a1b64
changed_common	REL	public.content_media_usages	6aa9e6f65f77c3d768ba692a63bbc9e6	f72170d2a85bcc113a9bd1df458a1b64
changed_common	REL	public.content_post_tags	6aa9e6f65f77c3d768ba692a63bbc9e6	f72170d2a85bcc113a9bd1df458a1b64
changed_common	REL	public.content_post_versions	6aa9e6f65f77c3d768ba692a63bbc9e6	f72170d2a85bcc113a9bd1df458a1b64
changed_common	REL	public.content_posts	51f55b3bb491bcff7b5671fac5895898	f72170d2a85bcc113a9bd1df458a1b64
changed_common	REL	public.content_promotion_outbox	6aa9e6f65f77c3d768ba692a63bbc9e6	f72170d2a85bcc113a9bd1df458a1b64
changed_common	REL	public.content_public_authors	989f8519750387aa3789b6ecb7b6475e	3c42e4975d7783a4ef0f6ae76d87667a
changed_common	REL	public.content_public_media	989f8519750387aa3789b6ecb7b6475e	3c42e4975d7783a4ef0f6ae76d87667a
changed_common	REL	public.content_public_posts	989f8519750387aa3789b6ecb7b6475e	3c42e4975d7783a4ef0f6ae76d87667a
changed_common	REL	public.content_public_state_editorial	989f8519750387aa3789b6ecb7b6475e	3c42e4975d7783a4ef0f6ae76d87667a
changed_common	REL	public.content_public_testimonials	989f8519750387aa3789b6ecb7b6475e	3c42e4975d7783a4ef0f6ae76d87667a
changed_common	REL	public.content_publications	6aa9e6f65f77c3d768ba692a63bbc9e6	f72170d2a85bcc113a9bd1df458a1b64
changed_common	REL	public.content_reviews	abfc96f886696d1b44a46629901a1e11	cef94e3bdc2bd09dc417d637ec2c9377
changed_common	REL	public.content_social_assets	6aa9e6f65f77c3d768ba692a63bbc9e6	f72170d2a85bcc113a9bd1df458a1b64
changed_common	REL	public.content_social_drafts	6aa9e6f65f77c3d768ba692a63bbc9e6	f72170d2a85bcc113a9bd1df458a1b64
changed_common	REL	public.content_state_editorial	6aa9e6f65f77c3d768ba692a63bbc9e6	f72170d2a85bcc113a9bd1df458a1b64
changed_common	REL	public.content_tags	74ab9922bd9db58e0d52a63245485ffd	ffdd9dc94e39dfaa75d8fec6c584f325
changed_common	REL	public.content_testimonials	6aa9e6f65f77c3d768ba692a63bbc9e6	f72170d2a85bcc113a9bd1df458a1b64
changed_common	REL	public.legalease_os_support_items	74ab9922bd9db58e0d52a63245485ffd	938a3b7f04b44e75df1fbb6357abf91a
changed_common	REL	public.partner_assets	74ab9922bd9db58e0d52a63245485ffd	938a3b7f04b44e75df1fbb6357abf91a
changed_common	REL	public.partner_billing_requests	74ab9922bd9db58e0d52a63245485ffd	938a3b7f04b44e75df1fbb6357abf91a
changed_common	REL	public.partner_entitlement	74ab9922bd9db58e0d52a63245485ffd	fe2168fbae7591d690ba400cb5c3807e
changed_common	REL	public.partner_events	74ab9922bd9db58e0d52a63245485ffd	938a3b7f04b44e75df1fbb6357abf91a
changed_common	REL	public.partner_metrics	74ab9922bd9db58e0d52a63245485ffd	938a3b7f04b44e75df1fbb6357abf91a
changed_common	REL	public.partner_pilot_requests	74ab9922bd9db58e0d52a63245485ffd	938a3b7f04b44e75df1fbb6357abf91a
changed_common	REL	public.partner_records	74ab9922bd9db58e0d52a63245485ffd	fe2168fbae7591d690ba400cb5c3807e
changed_common	REL	public.partner_users	74ab9922bd9db58e0d52a63245485ffd	fe2168fbae7591d690ba400cb5c3807e
changed_common	REL	public.processed_stripe_events	74ab9922bd9db58e0d52a63245485ffd	938a3b7f04b44e75df1fbb6357abf91a
changed_common	REL	public.rcap_briefcase_items	74ab9922bd9db58e0d52a63245485ffd	938a3b7f04b44e75df1fbb6357abf91a
changed_common	REL	public.rcap_document_packet_inputs	74ab9922bd9db58e0d52a63245485ffd	938a3b7f04b44e75df1fbb6357abf91a
changed_common	REL	public.rcap_document_packets	74ab9922bd9db58e0d52a63245485ffd	938a3b7f04b44e75df1fbb6357abf91a
changed_common	REL	public.rcap_intake_responses	74ab9922bd9db58e0d52a63245485ffd	938a3b7f04b44e75df1fbb6357abf91a
changed_common	REL	public.rcap_intake_sessions	74ab9922bd9db58e0d52a63245485ffd	938a3b7f04b44e75df1fbb6357abf91a
changed_common	REL	public.rcap_persons	74ab9922bd9db58e0d52a63245485ffd	f72170d2a85bcc113a9bd1df458a1b64
changed_common	REL	public.rcap_record_events	a45b87803b89de1ee141674a9d105c6d	21e53af9346857b70caca5df076201a3
changed_common	REL	public.rcap_user_profiles	74ab9922bd9db58e0d52a63245485ffd	938a3b7f04b44e75df1fbb6357abf91a
changed_common	REL	public.request_rate_limit_buckets	74ab9922bd9db58e0d52a63245485ffd	938a3b7f04b44e75df1fbb6357abf91a
changed_common	REL	public.screening_sessions	74ab9922bd9db58e0d52a63245485ffd	938a3b7f04b44e75df1fbb6357abf91a
changed_common	REL	public.web_analytics_daily_rollups	74ab9922bd9db58e0d52a63245485ffd	938a3b7f04b44e75df1fbb6357abf91a
changed_common	REL	public.web_analytics_events	74ab9922bd9db58e0d52a63245485ffd	938a3b7f04b44e75df1fbb6357abf91a
repository_only	COL	public.consumer_briefcase_items.currency	-	bb454ba541f2d57b452c98ed1e2ea11e
repository_only	COL	public.consumer_briefcase_items.payment_authority	-	bb454ba541f2d57b452c98ed1e2ea11e
repository_only	COL	public.consumer_briefcase_items.payment_matter_id	-	87b49eb176aadf74093836205bcb5c02
repository_only	COL	public.consumer_briefcase_items.payment_person_id	-	87b49eb176aadf74093836205bcb5c02
repository_only	COL	public.consumer_briefcase_items.payment_product_id	-	bb454ba541f2d57b452c98ed1e2ea11e
repository_only	COL	public.consumer_briefcase_items.payment_recorded_at	-	e8a332b3112fa8886bb3e0d0d0c235a6
repository_only	COL	public.consumer_briefcase_items.payment_recorded_by	-	bb454ba541f2d57b452c98ed1e2ea11e
repository_only	COL	public.consumer_briefcase_items.provider_event_id	-	bb454ba541f2d57b452c98ed1e2ea11e
repository_only	COL	public.consumer_packet_payment_consumption.amount_cents	-	0846d8daaad5b9e22a3e767fa06548e1
repository_only	COL	public.consumer_packet_payment_consumption.checkout_session_id	-	a0e2a7e904371b566f6438d36a4e15a3
repository_only	COL	public.consumer_packet_payment_consumption.consumer_auth_user_id	-	341a06469c5456819a996944d1ed63f3
repository_only	COL	public.consumer_packet_payment_consumption.consumer_briefcase_item_id	-	341a06469c5456819a996944d1ed63f3
repository_only	COL	public.consumer_packet_payment_consumption.consumption_unit_hash	-	a0e2a7e904371b566f6438d36a4e15a3
repository_only	COL	public.consumer_packet_payment_consumption.created_at	-	2a0dc3036bc866831d9851adf3a8e662
repository_only	COL	public.consumer_packet_payment_consumption.currency	-	a0e2a7e904371b566f6438d36a4e15a3
repository_only	COL	public.consumer_packet_payment_consumption.first_render_job_id	-	341a06469c5456819a996944d1ed63f3
repository_only	COL	public.consumer_packet_payment_consumption.id	-	0a886be4c7d96e8e5c1269b1209f5b2c
repository_only	COL	public.consumer_packet_payment_consumption.matter_id	-	341a06469c5456819a996944d1ed63f3
repository_only	COL	public.consumer_packet_payment_consumption.person_id	-	87b49eb176aadf74093836205bcb5c02
repository_only	COL	public.consumer_packet_payment_consumption.product_id	-	a0e2a7e904371b566f6438d36a4e15a3
repository_only	COL	public.consumer_packet_payment_consumption.provider_event_id	-	bb454ba541f2d57b452c98ed1e2ea11e
repository_only	COL	public.packet_credit_ledger.consumption_unit_hash	-	a0e2a7e904371b566f6438d36a4e15a3
repository_only	COL	public.packet_credit_ledger.created_at	-	2a0dc3036bc866831d9851adf3a8e662
repository_only	COL	public.packet_credit_ledger.entitlement_id	-	87b49eb176aadf74093836205bcb5c02
repository_only	COL	public.packet_credit_ledger.event_type	-	a0e2a7e904371b566f6438d36a4e15a3
repository_only	COL	public.packet_credit_ledger.id	-	0a886be4c7d96e8e5c1269b1209f5b2c
repository_only	COL	public.packet_credit_ledger.matter_id	-	87b49eb176aadf74093836205bcb5c02
repository_only	COL	public.packet_credit_ledger.metadata	-	059b5ef2983c582a4bb3674d92da8295
repository_only	COL	public.packet_credit_ledger.partner_id	-	87b49eb176aadf74093836205bcb5c02
repository_only	COL	public.packet_credit_ledger.person_id	-	87b49eb176aadf74093836205bcb5c02
repository_only	COL	public.packet_credit_ledger.render_job_id	-	341a06469c5456819a996944d1ed63f3
repository_only	COL	public.packet_delivery_events.actor_user_id	-	87b49eb176aadf74093836205bcb5c02
repository_only	COL	public.packet_delivery_events.created_at	-	2a0dc3036bc866831d9851adf3a8e662
repository_only	COL	public.packet_delivery_events.event_type	-	a0e2a7e904371b566f6438d36a4e15a3
repository_only	COL	public.packet_delivery_events.id	-	0a886be4c7d96e8e5c1269b1209f5b2c
repository_only	COL	public.packet_delivery_events.render_job_id	-	341a06469c5456819a996944d1ed63f3
repository_only	COL	public.packet_delivery_events.request_context	-	059b5ef2983c582a4bb3674d92da8295
repository_only	COL	public.packet_render_jobs.accounting_result	-	bb454ba541f2d57b452c98ed1e2ea11e
repository_only	COL	public.packet_render_jobs.artifact_validated_at	-	e8a332b3112fa8886bb3e0d0d0c235a6
repository_only	COL	public.packet_render_jobs.attempt_count	-	52378c13255754f107c8d249a20b7ad8
repository_only	COL	public.packet_render_jobs.briefcase_item_id	-	87b49eb176aadf74093836205bcb5c02
repository_only	COL	public.packet_render_jobs.claim_expires_at	-	e8a332b3112fa8886bb3e0d0d0c235a6
repository_only	COL	public.packet_render_jobs.claimed_at	-	e8a332b3112fa8886bb3e0d0d0c235a6
repository_only	COL	public.packet_render_jobs.claimed_by	-	bb454ba541f2d57b452c98ed1e2ea11e
repository_only	COL	public.packet_render_jobs.consumer_auth_user_id	-	87b49eb176aadf74093836205bcb5c02
repository_only	COL	public.packet_render_jobs.consumer_briefcase_item_id	-	87b49eb176aadf74093836205bcb5c02
repository_only	COL	public.packet_render_jobs.container_digest	-	bb454ba541f2d57b452c98ed1e2ea11e
repository_only	COL	public.packet_render_jobs.created_at	-	2a0dc3036bc866831d9851adf3a8e662
repository_only	COL	public.packet_render_jobs.credit_ledger_id	-	87b49eb176aadf74093836205bcb5c02
repository_only	COL	public.packet_render_jobs.delivered_at	-	e8a332b3112fa8886bb3e0d0d0c235a6
repository_only	COL	public.packet_render_jobs.delivery_eligibility	-	6164cddaed83887632e27d06e46d5305
repository_only	COL	public.packet_render_jobs.error_code	-	bb454ba541f2d57b452c98ed1e2ea11e
repository_only	COL	public.packet_render_jobs.failure_disposition	-	bb454ba541f2d57b452c98ed1e2ea11e
repository_only	COL	public.packet_render_jobs.fencing_token	-	87b49eb176aadf74093836205bcb5c02
repository_only	COL	public.packet_render_jobs.id	-	0a886be4c7d96e8e5c1269b1209f5b2c
repository_only	COL	public.packet_render_jobs.input_hash	-	a0e2a7e904371b566f6438d36a4e15a3
repository_only	COL	public.packet_render_jobs.last_error_detail	-	bb454ba541f2d57b452c98ed1e2ea11e
repository_only	COL	public.packet_render_jobs.manual_requeue_authorized_by	-	bb454ba541f2d57b452c98ed1e2ea11e
repository_only	COL	public.packet_render_jobs.matter_id	-	87b49eb176aadf74093836205bcb5c02
repository_only	COL	public.packet_render_jobs.max_attempts	-	47127eb676a2cb8ec2971c78c9c9fcbb
repository_only	COL	public.packet_render_jobs.next_attempt_at	-	e8a332b3112fa8886bb3e0d0d0c235a6
repository_only	COL	public.packet_render_jobs.normalized_output_sha256	-	bb454ba541f2d57b452c98ed1e2ea11e
repository_only	COL	public.packet_render_jobs.output_byte_count	-	44819a7f8180038db73572a39e97775b
repository_only	COL	public.packet_render_jobs.output_sha256	-	bb454ba541f2d57b452c98ed1e2ea11e
repository_only	COL	public.packet_render_jobs.output_storage_path	-	bb454ba541f2d57b452c98ed1e2ea11e
repository_only	COL	public.packet_render_jobs.packet_id	-	341a06469c5456819a996944d1ed63f3
repository_only	COL	public.packet_render_jobs.page_count	-	44819a7f8180038db73572a39e97775b
repository_only	COL	public.packet_render_jobs.partner_id	-	87b49eb176aadf74093836205bcb5c02
repository_only	COL	public.packet_render_jobs.person_id	-	87b49eb176aadf74093836205bcb5c02
repository_only	COL	public.packet_render_jobs.profile_id	-	a0e2a7e904371b566f6438d36a4e15a3
repository_only	COL	public.packet_render_jobs.profile_version	-	a0e2a7e904371b566f6438d36a4e15a3
repository_only	COL	public.packet_render_jobs.renderer_kind	-	a0e2a7e904371b566f6438d36a4e15a3
repository_only	COL	public.packet_render_jobs.renderer_version	-	8b1c266889910bec67cb5df28f9a716f
repository_only	COL	public.packet_render_jobs.rendering_at	-	e8a332b3112fa8886bb3e0d0d0c235a6
repository_only	COL	public.packet_render_jobs.route_id	-	a0e2a7e904371b566f6438d36a4e15a3
repository_only	COL	public.packet_render_jobs.source_sha256	-	bb454ba541f2d57b452c98ed1e2ea11e
repository_only	COL	public.packet_render_jobs.status	-	d7c26d8742885951150004839b99e21b
repository_only	COL	public.packet_render_jobs.updated_at	-	2a0dc3036bc866831d9851adf3a8e662
repository_only	COL	public.packet_render_jobs.validating_at	-	e8a332b3112fa8886bb3e0d0d0c235a6
repository_only	COL	public.partner_access_codes.campaign_name	-	bb454ba541f2d57b452c98ed1e2ea11e
repository_only	COL	public.partner_access_codes.code_display_hint	-	bb454ba541f2d57b452c98ed1e2ea11e
repository_only	COL	public.partner_access_codes.code_hash	-	a0e2a7e904371b566f6438d36a4e15a3
repository_only	COL	public.partner_access_codes.code_type	-	b315930f0952671bc923df618c0577ed
repository_only	COL	public.partner_access_codes.created_at	-	2a0dc3036bc866831d9851adf3a8e662
repository_only	COL	public.partner_access_codes.created_by	-	bb454ba541f2d57b452c98ed1e2ea11e
repository_only	COL	public.partner_access_codes.description	-	bb454ba541f2d57b452c98ed1e2ea11e
repository_only	COL	public.partner_access_codes.expires_at	-	e8a332b3112fa8886bb3e0d0d0c235a6
repository_only	COL	public.partner_access_codes.id	-	0a886be4c7d96e8e5c1269b1209f5b2c
repository_only	COL	public.partner_access_codes.is_active	-	b7c3658438a9aa194a3b5e0f41e55636
repository_only	COL	public.partner_access_codes.last_used_at	-	e8a332b3112fa8886bb3e0d0d0c235a6
repository_only	COL	public.partner_access_codes.max_uses	-	44819a7f8180038db73572a39e97775b
repository_only	COL	public.partner_access_codes.partner_slug	-	a0e2a7e904371b566f6438d36a4e15a3
repository_only	COL	public.partner_access_codes.starts_at	-	e8a332b3112fa8886bb3e0d0d0c235a6
repository_only	COL	public.partner_access_codes.updated_at	-	2a0dc3036bc866831d9851adf3a8e662
repository_only	COL	public.partner_access_codes.uses_count	-	52378c13255754f107c8d249a20b7ad8
repository_only	COL	public.partner_email_deliveries.created_at	-	2296a97dc03cbb9e4b5ff12fd794dd45
repository_only	COL	public.partner_email_deliveries.email_type	-	a0e2a7e904371b566f6438d36a4e15a3
repository_only	COL	public.partner_email_deliveries.error_message	-	bb454ba541f2d57b452c98ed1e2ea11e
repository_only	COL	public.partner_email_deliveries.failed_at	-	e8a332b3112fa8886bb3e0d0d0c235a6
repository_only	COL	public.partner_email_deliveries.id	-	0a886be4c7d96e8e5c1269b1209f5b2c
repository_only	COL	public.partner_email_deliveries.partner_slug	-	a0e2a7e904371b566f6438d36a4e15a3
repository_only	COL	public.partner_email_deliveries.preview_url	-	bb454ba541f2d57b452c98ed1e2ea11e
repository_only	COL	public.partner_email_deliveries.provider	-	bb454ba541f2d57b452c98ed1e2ea11e
repository_only	COL	public.partner_email_deliveries.provider_message_id	-	bb454ba541f2d57b452c98ed1e2ea11e
repository_only	COL	public.partner_email_deliveries.recipient_email	-	bb454ba541f2d57b452c98ed1e2ea11e
repository_only	COL	public.partner_email_deliveries.recipient_name	-	bb454ba541f2d57b452c98ed1e2ea11e
repository_only	COL	public.partner_email_deliveries.sent_at	-	e8a332b3112fa8886bb3e0d0d0c235a6
repository_only	COL	public.partner_email_deliveries.status	-	32dd406aa98bd0250c0aad4ac9f54952
repository_only	COL	public.partner_email_deliveries.subject	-	a0e2a7e904371b566f6438d36a4e15a3
repository_only	COL	public.partner_email_deliveries.updated_at	-	2296a97dc03cbb9e4b5ff12fd794dd45
repository_only	COL	public.partner_entitlement.overage_amount_cents	-	52378c13255754f107c8d249a20b7ad8
repository_only	COL	public.partner_entitlement.overage_enabled	-	80e05d65bdc8eebb7a551116251bde5c
repository_only	COL	public.partner_entitlement.overage_packet_price_cents	-	913ca2e001b7b5c557044c2517d610f4
repository_only	COL	public.partner_entitlement.overage_packets	-	52378c13255754f107c8d249a20b7ad8
repository_only	COL	public.partner_entitlement.pause_at_cap	-	80e05d65bdc8eebb7a551116251bde5c
repository_only	COL	public.partner_onboarding.access_controls_ready	-	80e05d65bdc8eebb7a551116251bde5c
repository_only	COL	public.partner_onboarding.admin_users_ready	-	80e05d65bdc8eebb7a551116251bde5c
repository_only	COL	public.partner_onboarding.aggregate_version	-	a9d5906bcf464452490ed2032319f86c
repository_only	COL	public.partner_onboarding.agreement_date	-	675cc7757f1a295bf833cd0d72b402cb
repository_only	COL	public.partner_onboarding.agreement_status	-	89a6b37ef84b280f55b300fec02af8e1
repository_only	COL	public.partner_onboarding.billing_contact_email	-	bb454ba541f2d57b452c98ed1e2ea11e
repository_only	COL	public.partner_onboarding.billing_contact_name	-	bb454ba541f2d57b452c98ed1e2ea11e
repository_only	COL	public.partner_onboarding.billing_ready	-	80e05d65bdc8eebb7a551116251bde5c
repository_only	COL	public.partner_onboarding.blocker_code	-	bb454ba541f2d57b452c98ed1e2ea11e
repository_only	COL	public.partner_onboarding.closed_at	-	e8a332b3112fa8886bb3e0d0d0c235a6
repository_only	COL	public.partner_onboarding.closed_by	-	87b49eb176aadf74093836205bcb5c02
repository_only	COL	public.partner_onboarding.closed_reason	-	bb454ba541f2d57b452c98ed1e2ea11e
repository_only	COL	public.partner_onboarding.commercial_gate_changed_at	-	e8a332b3112fa8886bb3e0d0d0c235a6
repository_only	COL	public.partner_onboarding.commercial_gate_changed_by	-	87b49eb176aadf74093836205bcb5c02
repository_only	COL	public.partner_onboarding.commercial_gate_evidence_reference	-	bb454ba541f2d57b452c98ed1e2ea11e
repository_only	COL	public.partner_onboarding.commercial_gate_override_reason	-	bb454ba541f2d57b452c98ed1e2ea11e
repository_only	COL	public.partner_onboarding.commercial_gate_status	-	ac3f3974e220e125fc5e202a1d7f9e91
repository_only	COL	public.partner_onboarding.completion_percentage	-	52378c13255754f107c8d249a20b7ad8
repository_only	COL	public.partner_onboarding.created_at	-	2a0dc3036bc866831d9851adf3a8e662
repository_only	COL	public.partner_onboarding.id	-	0a886be4c7d96e8e5c1269b1209f5b2c
repository_only	COL	public.partner_onboarding.internal_approval_reason	-	bb454ba541f2d57b452c98ed1e2ea11e
repository_only	COL	public.partner_onboarding.internal_approved_at	-	e8a332b3112fa8886bb3e0d0d0c235a6
repository_only	COL	public.partner_onboarding.internal_approved_by	-	87b49eb176aadf74093836205bcb5c02
repository_only	COL	public.partner_onboarding.internal_billing_notes	-	bb454ba541f2d57b452c98ed1e2ea11e
repository_only	COL	public.partner_onboarding.internal_notes	-	bb454ba541f2d57b452c98ed1e2ea11e
repository_only	COL	public.partner_onboarding.landing_page_ready	-	80e05d65bdc8eebb7a551116251bde5c
repository_only	COL	public.partner_onboarding.last_meaningful_activity_at	-	e8a332b3112fa8886bb3e0d0d0c235a6
repository_only	COL	public.partner_onboarding.launch_materials_ready	-	80e05d65bdc8eebb7a551116251bde5c
repository_only	COL	public.partner_onboarding.launch_readiness_state	-	bb454ba541f2d57b452c98ed1e2ea11e
repository_only	COL	public.partner_onboarding.launched_at	-	e8a332b3112fa8886bb3e0d0d0c235a6
repository_only	COL	public.partner_onboarding.next_action_code	-	bb454ba541f2d57b452c98ed1e2ea11e
repository_only	COL	public.partner_onboarding.next_action_owner	-	7e4d8888f406b4719c6ef861b04e8388
repository_only	COL	public.partner_onboarding.package_name	-	bb454ba541f2d57b452c98ed1e2ea11e
repository_only	COL	public.partner_onboarding.partner_record_id	-	87b49eb176aadf74093836205bcb5c02
repository_only	COL	public.partner_onboarding.partner_slug	-	a0e2a7e904371b566f6438d36a4e15a3
repository_only	COL	public.partner_onboarding.paused_at	-	e8a332b3112fa8886bb3e0d0d0c235a6
repository_only	COL	public.partner_onboarding.profile_ready	-	80e05d65bdc8eebb7a551116251bde5c
repository_only	COL	public.partner_onboarding.public_display_name	-	bb454ba541f2d57b452c98ed1e2ea11e
repository_only	COL	public.partner_onboarding.public_headline	-	bb454ba541f2d57b452c98ed1e2ea11e
repository_only	COL	public.partner_onboarding.public_subheadline	-	bb454ba541f2d57b452c98ed1e2ea11e
repository_only	COL	public.partner_onboarding.schema_version	-	f5a997303bdb4990d34e8f1b755ba712
repository_only	COL	public.partner_onboarding.show_partner_logo	-	b7c3658438a9aa194a3b5e0f41e55636
repository_only	COL	public.partner_onboarding.show_powered_by	-	b7c3658438a9aa194a3b5e0f41e55636
repository_only	COL	public.partner_onboarding.status	-	32dd406aa98bd0250c0aad4ac9f54952
repository_only	COL	public.partner_onboarding.submission_request_id	-	87b49eb176aadf74093836205bcb5c02
repository_only	COL	public.partner_onboarding.submitted_at	-	e8a332b3112fa8886bb3e0d0d0c235a6
repository_only	COL	public.partner_onboarding.submitted_by	-	87b49eb176aadf74093836205bcb5c02
repository_only	COL	public.partner_onboarding.submitted_schema_version	-	bb454ba541f2d57b452c98ed1e2ea11e
repository_only	COL	public.partner_onboarding.support_instructions	-	bb454ba541f2d57b452c98ed1e2ea11e
repository_only	COL	public.partner_onboarding.target_launch_date	-	675cc7757f1a295bf833cd0d72b402cb
repository_only	COL	public.partner_onboarding.target_launch_date_changed_at	-	e8a332b3112fa8886bb3e0d0d0c235a6
repository_only	COL	public.partner_onboarding.target_launch_date_changed_by	-	87b49eb176aadf74093836205bcb5c02
repository_only	COL	public.partner_onboarding.target_launch_date_reason	-	bb454ba541f2d57b452c98ed1e2ea11e
repository_only	COL	public.partner_onboarding.training_review_ready	-	80e05d65bdc8eebb7a551116251bde5c
repository_only	COL	public.partner_onboarding.updated_at	-	2a0dc3036bc866831d9851adf3a8e662
repository_only	COL	public.partner_onboarding_activity.actor_user_id	-	87b49eb176aadf74093836205bcb5c02
repository_only	COL	public.partner_onboarding_activity.artifact_version_id	-	87b49eb176aadf74093836205bcb5c02
repository_only	COL	public.partner_onboarding_activity.created_at	-	2a0dc3036bc866831d9851adf3a8e662
repository_only	COL	public.partner_onboarding_activity.dedupe_key	-	bb454ba541f2d57b452c98ed1e2ea11e
repository_only	COL	public.partner_onboarding_activity.event_type	-	a0e2a7e904371b566f6438d36a4e15a3
repository_only	COL	public.partner_onboarding_activity.id	-	0a886be4c7d96e8e5c1269b1209f5b2c
repository_only	COL	public.partner_onboarding_activity.occurred_at	-	2a0dc3036bc866831d9851adf3a8e662
repository_only	COL	public.partner_onboarding_activity.owner_type	-	7e4d8888f406b4719c6ef861b04e8388
repository_only	COL	public.partner_onboarding_activity.request_id	-	87b49eb176aadf74093836205bcb5c02
repository_only	COL	public.partner_onboarding_activity.section_key	-	bb454ba541f2d57b452c98ed1e2ea11e
repository_only	COL	public.partner_onboarding_activity.status_code	-	bb454ba541f2d57b452c98ed1e2ea11e
repository_only	COL	public.partner_onboarding_activity.summary_code	-	a0e2a7e904371b566f6438d36a4e15a3
repository_only	COL	public.partner_onboarding_activity.workspace_id	-	341a06469c5456819a996944d1ed63f3
repository_only	COL	public.partner_onboarding_agreements.agreement_type	-	a0e2a7e904371b566f6438d36a4e15a3
repository_only	COL	public.partner_onboarding_agreements.created_at	-	2a0dc3036bc866831d9851adf3a8e662
repository_only	COL	public.partner_onboarding_agreements.effective_date	-	675cc7757f1a295bf833cd0d72b402cb
repository_only	COL	public.partner_onboarding_agreements.finalized_asset_id	-	87b49eb176aadf74093836205bcb5c02
repository_only	COL	public.partner_onboarding_agreements.id	-	0a886be4c7d96e8e5c1269b1209f5b2c
repository_only	COL	public.partner_onboarding_agreements.internal_notes	-	bb454ba541f2d57b452c98ed1e2ea11e
repository_only	COL	public.partner_onboarding_agreements.internal_reference	-	bb454ba541f2d57b452c98ed1e2ea11e
repository_only	COL	public.partner_onboarding_agreements.is_required	-	80e05d65bdc8eebb7a551116251bde5c
repository_only	COL	public.partner_onboarding_agreements.partner_safe_detail	-	bb454ba541f2d57b452c98ed1e2ea11e
repository_only	COL	public.partner_onboarding_agreements.recorded_at	-	e8a332b3112fa8886bb3e0d0d0c235a6
repository_only	COL	public.partner_onboarding_agreements.recorded_by	-	87b49eb176aadf74093836205bcb5c02
repository_only	COL	public.partner_onboarding_agreements.status	-	9e03feac962edfaf0e82338775d4799b
repository_only	COL	public.partner_onboarding_agreements.updated_at	-	2a0dc3036bc866831d9851adf3a8e662
repository_only	COL	public.partner_onboarding_agreements.workspace_id	-	341a06469c5456819a996944d1ed63f3
repository_only	COL	public.partner_onboarding_agreements_safe.agreement_type	-	bb454ba541f2d57b452c98ed1e2ea11e
repository_only	COL	public.partner_onboarding_agreements_safe.created_at	-	e8a332b3112fa8886bb3e0d0d0c235a6
repository_only	COL	public.partner_onboarding_agreements_safe.effective_date	-	675cc7757f1a295bf833cd0d72b402cb
repository_only	COL	public.partner_onboarding_agreements_safe.finalized_asset_id	-	87b49eb176aadf74093836205bcb5c02
repository_only	COL	public.partner_onboarding_agreements_safe.id	-	87b49eb176aadf74093836205bcb5c02
repository_only	COL	public.partner_onboarding_agreements_safe.is_required	-	2f49fcd1e88b61125ef21c0c59722edd
repository_only	COL	public.partner_onboarding_agreements_safe.partner_safe_detail	-	bb454ba541f2d57b452c98ed1e2ea11e
repository_only	COL	public.partner_onboarding_agreements_safe.recorded_at	-	e8a332b3112fa8886bb3e0d0d0c235a6
repository_only	COL	public.partner_onboarding_agreements_safe.status	-	bb454ba541f2d57b452c98ed1e2ea11e
repository_only	COL	public.partner_onboarding_agreements_safe.updated_at	-	e8a332b3112fa8886bb3e0d0d0c235a6
repository_only	COL	public.partner_onboarding_agreements_safe.workspace_id	-	87b49eb176aadf74093836205bcb5c02
repository_only	COL	public.partner_onboarding_artifact_reviews.artifact_version_id	-	341a06469c5456819a996944d1ed63f3
repository_only	COL	public.partner_onboarding_artifact_reviews.comments	-	bb454ba541f2d57b452c98ed1e2ea11e
repository_only	COL	public.partner_onboarding_artifact_reviews.decision	-	a0e2a7e904371b566f6438d36a4e15a3
repository_only	COL	public.partner_onboarding_artifact_reviews.id	-	0a886be4c7d96e8e5c1269b1209f5b2c
repository_only	COL	public.partner_onboarding_artifact_reviews.request_id	-	341a06469c5456819a996944d1ed63f3
repository_only	COL	public.partner_onboarding_artifact_reviews.reviewed_at	-	2a0dc3036bc866831d9851adf3a8e662
repository_only	COL	public.partner_onboarding_artifact_reviews.reviewer_type	-	a0e2a7e904371b566f6438d36a4e15a3
repository_only	COL	public.partner_onboarding_artifact_reviews.reviewer_user_id	-	341a06469c5456819a996944d1ed63f3
repository_only	COL	public.partner_onboarding_artifact_reviews.workspace_id	-	341a06469c5456819a996944d1ed63f3
repository_only	COL	public.partner_onboarding_artifact_versions.approval_status	-	32dd406aa98bd0250c0aad4ac9f54952
repository_only	COL	public.partner_onboarding_artifact_versions.artifact_id	-	341a06469c5456819a996944d1ed63f3
repository_only	COL	public.partner_onboarding_artifact_versions.generated_at	-	2a0dc3036bc866831d9851adf3a8e662
repository_only	COL	public.partner_onboarding_artifact_versions.generated_by	-	341a06469c5456819a996944d1ed63f3
repository_only	COL	public.partner_onboarding_artifact_versions.generation_error_code	-	bb454ba541f2d57b452c98ed1e2ea11e
repository_only	COL	public.partner_onboarding_artifact_versions.generation_status	-	f5e147840997ecb62f0645b3d75c6a35
repository_only	COL	public.partner_onboarding_artifact_versions.generator_version	-	a0e2a7e904371b566f6438d36a4e15a3
repository_only	COL	public.partner_onboarding_artifact_versions.id	-	0a886be4c7d96e8e5c1269b1209f5b2c
repository_only	COL	public.partner_onboarding_artifact_versions.invalidated_against_snapshot_hash	-	bb454ba541f2d57b452c98ed1e2ea11e
repository_only	COL	public.partner_onboarding_artifact_versions.normalized_snapshot	-	059b5ef2983c582a4bb3674d92da8295
repository_only	COL	public.partner_onboarding_artifact_versions.partner_review_status	-	b99ccd6acbc47c08af19f26809cd54f3
repository_only	COL	public.partner_onboarding_artifact_versions.partner_visible_instructions	-	bb454ba541f2d57b452c98ed1e2ea11e
repository_only	COL	public.partner_onboarding_artifact_versions.rendered_content	-	059b5ef2983c582a4bb3674d92da8295
repository_only	COL	public.partner_onboarding_artifact_versions.request_id	-	341a06469c5456819a996944d1ed63f3
repository_only	COL	public.partner_onboarding_artifact_versions.snapshot_hash	-	a0e2a7e904371b566f6438d36a4e15a3
repository_only	COL	public.partner_onboarding_artifact_versions.source_asset_versions	-	059b5ef2983c582a4bb3674d92da8295
repository_only	COL	public.partner_onboarding_artifact_versions.source_drift_fields	-	23fa521b1bc7c8f484d06b5b722a91e0
repository_only	COL	public.partner_onboarding_artifact_versions.source_drift_invalidated_at	-	e8a332b3112fa8886bb3e0d0d0c235a6
repository_only	COL	public.partner_onboarding_artifact_versions.source_section_revisions	-	059b5ef2983c582a4bb3674d92da8295
repository_only	COL	public.partner_onboarding_artifact_versions.source_workspace_version	-	b45049c51d29de1eb48f58ab1f79a2a2
repository_only	COL	public.partner_onboarding_artifact_versions.superseded_at	-	e8a332b3112fa8886bb3e0d0d0c235a6
repository_only	COL	public.partner_onboarding_artifact_versions.version_number	-	0846d8daaad5b9e22a3e767fa06548e1
repository_only	COL	public.partner_onboarding_artifact_versions.workspace_id	-	341a06469c5456819a996944d1ed63f3
repository_only	COL	public.partner_onboarding_artifact_versions_safe.approval_status	-	bb454ba541f2d57b452c98ed1e2ea11e
repository_only	COL	public.partner_onboarding_artifact_versions_safe.artifact_id	-	87b49eb176aadf74093836205bcb5c02
repository_only	COL	public.partner_onboarding_artifact_versions_safe.generated_at	-	e8a332b3112fa8886bb3e0d0d0c235a6
repository_only	COL	public.partner_onboarding_artifact_versions_safe.generation_status	-	bb454ba541f2d57b452c98ed1e2ea11e
repository_only	COL	public.partner_onboarding_artifact_versions_safe.generator_version	-	bb454ba541f2d57b452c98ed1e2ea11e
repository_only	COL	public.partner_onboarding_artifact_versions_safe.id	-	87b49eb176aadf74093836205bcb5c02
repository_only	COL	public.partner_onboarding_artifact_versions_safe.partner_review_status	-	bb454ba541f2d57b452c98ed1e2ea11e
repository_only	COL	public.partner_onboarding_artifact_versions_safe.partner_visible_instructions	-	bb454ba541f2d57b452c98ed1e2ea11e
repository_only	COL	public.partner_onboarding_artifact_versions_safe.rendered_content	-	b9310e60953b8b9a4cbd63e5e212fab9
repository_only	COL	public.partner_onboarding_artifact_versions_safe.source_drift_invalidated_at	-	e8a332b3112fa8886bb3e0d0d0c235a6
repository_only	COL	public.partner_onboarding_artifact_versions_safe.superseded_at	-	e8a332b3112fa8886bb3e0d0d0c235a6
repository_only	COL	public.partner_onboarding_artifact_versions_safe.version_number	-	44819a7f8180038db73572a39e97775b
repository_only	COL	public.partner_onboarding_artifact_versions_safe.workspace_id	-	87b49eb176aadf74093836205bcb5c02
repository_only	COL	public.partner_onboarding_artifacts.artifact_type	-	a0e2a7e904371b566f6438d36a4e15a3
repository_only	COL	public.partner_onboarding_artifacts.created_at	-	2a0dc3036bc866831d9851adf3a8e662
repository_only	COL	public.partner_onboarding_artifacts.current_version_id	-	87b49eb176aadf74093836205bcb5c02
repository_only	COL	public.partner_onboarding_artifacts.id	-	0a886be4c7d96e8e5c1269b1209f5b2c
repository_only	COL	public.partner_onboarding_artifacts.lifecycle_status	-	c5635009ec911507ba1e7f4e0bceb8c6
repository_only	COL	public.partner_onboarding_artifacts.partner_record_id	-	341a06469c5456819a996944d1ed63f3
repository_only	COL	public.partner_onboarding_artifacts.updated_at	-	2a0dc3036bc866831d9851adf3a8e662
repository_only	COL	public.partner_onboarding_artifacts.workspace_id	-	341a06469c5456819a996944d1ed63f3
repository_only	COL	public.partner_onboarding_assets.bucket_id	-	03fee6ddce1ef880f319e779ac898f7a
repository_only	COL	public.partner_onboarding_assets.byte_size	-	b45049c51d29de1eb48f58ab1f79a2a2
repository_only	COL	public.partner_onboarding_assets.category	-	a0e2a7e904371b566f6438d36a4e15a3
repository_only	COL	public.partner_onboarding_assets.created_at	-	2a0dc3036bc866831d9851adf3a8e662
repository_only	COL	public.partner_onboarding_assets.deleted_at	-	e8a332b3112fa8886bb3e0d0d0c235a6
repository_only	COL	public.partner_onboarding_assets.deleted_by	-	87b49eb176aadf74093836205bcb5c02
repository_only	COL	public.partner_onboarding_assets.deletion_reason	-	bb454ba541f2d57b452c98ed1e2ea11e
repository_only	COL	public.partner_onboarding_assets.file_extension	-	a0e2a7e904371b566f6438d36a4e15a3
repository_only	COL	public.partner_onboarding_assets.height_pixels	-	44819a7f8180038db73572a39e97775b
repository_only	COL	public.partner_onboarding_assets.id	-	0a886be4c7d96e8e5c1269b1209f5b2c
repository_only	COL	public.partner_onboarding_assets.lifecycle_status	-	c8757beb35af02282bf6a5176cf41226
repository_only	COL	public.partner_onboarding_assets.media_type	-	a0e2a7e904371b566f6438d36a4e15a3
repository_only	COL	public.partner_onboarding_assets.object_path	-	a0e2a7e904371b566f6438d36a4e15a3
repository_only	COL	public.partner_onboarding_assets.original_filename	-	a0e2a7e904371b566f6438d36a4e15a3
repository_only	COL	public.partner_onboarding_assets.partner_record_id	-	341a06469c5456819a996944d1ed63f3
repository_only	COL	public.partner_onboarding_assets.replaced_by_asset_id	-	87b49eb176aadf74093836205bcb5c02
repository_only	COL	public.partner_onboarding_assets.review_reason	-	bb454ba541f2d57b452c98ed1e2ea11e
repository_only	COL	public.partner_onboarding_assets.review_status	-	f5e147840997ecb62f0645b3d75c6a35
repository_only	COL	public.partner_onboarding_assets.safe_filename	-	a0e2a7e904371b566f6438d36a4e15a3
repository_only	COL	public.partner_onboarding_assets.sha256_hex	-	bb454ba541f2d57b452c98ed1e2ea11e
repository_only	COL	public.partner_onboarding_assets.updated_at	-	2a0dc3036bc866831d9851adf3a8e662
repository_only	COL	public.partner_onboarding_assets.uploaded_at	-	2a0dc3036bc866831d9851adf3a8e662
repository_only	COL	public.partner_onboarding_assets.uploaded_by	-	341a06469c5456819a996944d1ed63f3
repository_only	COL	public.partner_onboarding_assets.width_pixels	-	44819a7f8180038db73572a39e97775b
repository_only	COL	public.partner_onboarding_assets.workspace_id	-	341a06469c5456819a996944d1ed63f3
repository_only	COL	public.partner_onboarding_assets_safe.byte_size	-	126c150323d42ceb2ba202f6a90c9c39
repository_only	COL	public.partner_onboarding_assets_safe.category	-	bb454ba541f2d57b452c98ed1e2ea11e
repository_only	COL	public.partner_onboarding_assets_safe.created_at	-	e8a332b3112fa8886bb3e0d0d0c235a6
repository_only	COL	public.partner_onboarding_assets_safe.deleted_at	-	e8a332b3112fa8886bb3e0d0d0c235a6
repository_only	COL	public.partner_onboarding_assets_safe.file_extension	-	bb454ba541f2d57b452c98ed1e2ea11e
repository_only	COL	public.partner_onboarding_assets_safe.height_pixels	-	44819a7f8180038db73572a39e97775b
repository_only	COL	public.partner_onboarding_assets_safe.id	-	87b49eb176aadf74093836205bcb5c02
repository_only	COL	public.partner_onboarding_assets_safe.lifecycle_status	-	bb454ba541f2d57b452c98ed1e2ea11e
repository_only	COL	public.partner_onboarding_assets_safe.media_type	-	bb454ba541f2d57b452c98ed1e2ea11e
repository_only	COL	public.partner_onboarding_assets_safe.original_filename	-	bb454ba541f2d57b452c98ed1e2ea11e
repository_only	COL	public.partner_onboarding_assets_safe.replaced_by_asset_id	-	87b49eb176aadf74093836205bcb5c02
repository_only	COL	public.partner_onboarding_assets_safe.review_status	-	bb454ba541f2d57b452c98ed1e2ea11e
repository_only	COL	public.partner_onboarding_assets_safe.safe_filename	-	bb454ba541f2d57b452c98ed1e2ea11e
repository_only	COL	public.partner_onboarding_assets_safe.updated_at	-	e8a332b3112fa8886bb3e0d0d0c235a6
repository_only	COL	public.partner_onboarding_assets_safe.uploaded_at	-	e8a332b3112fa8886bb3e0d0d0c235a6
repository_only	COL	public.partner_onboarding_assets_safe.width_pixels	-	44819a7f8180038db73572a39e97775b
repository_only	COL	public.partner_onboarding_assets_safe.workspace_id	-	87b49eb176aadf74093836205bcb5c02
repository_only	COL	public.partner_onboarding_authorizations.approver_name	-	a0e2a7e904371b566f6438d36a4e15a3
repository_only	COL	public.partner_onboarding_authorizations.approver_title	-	a0e2a7e904371b566f6438d36a4e15a3
repository_only	COL	public.partner_onboarding_authorizations.approver_user_id	-	341a06469c5456819a996944d1ed63f3
repository_only	COL	public.partner_onboarding_authorizations.approver_work_email	-	a0e2a7e904371b566f6438d36a4e15a3
repository_only	COL	public.partner_onboarding_authorizations.authorization_timestamp	-	3b2a8765b836f06c803b60900874129c
repository_only	COL	public.partner_onboarding_authorizations.brand_assets_authorized_for_use	-	60248b54b560891e8913f4dfcae35adc
repository_only	COL	public.partner_onboarding_authorizations.contested_and_representation_matters_follow_escalation_plan	-	60248b54b560891e8913f4dfcae35adc
repository_only	COL	public.partner_onboarding_authorizations.created_at	-	2a0dc3036bc866831d9851adf3a8e662
repository_only	COL	public.partner_onboarding_authorizations.dashboard_users_authorized	-	60248b54b560891e8913f4dfcae35adc
repository_only	COL	public.partner_onboarding_authorizations.id	-	0a886be4c7d96e8e5c1269b1209f5b2c
repository_only	COL	public.partner_onboarding_authorizations.legalease_may_prepare_draft_implementation_materials	-	60248b54b560891e8913f4dfcae35adc
repository_only	COL	public.partner_onboarding_authorizations.no_eligibility_or_outcome_guarantee_understood	-	60248b54b560891e8913f4dfcae35adc
repository_only	COL	public.partner_onboarding_authorizations.organization_information_accurate	-	60248b54b560891e8913f4dfcae35adc
repository_only	COL	public.partner_onboarding_authorizations.program_scope_approved_for_configuration	-	60248b54b560891e8913f4dfcae35adc
repository_only	COL	public.partner_onboarding_authorizations.request_id	-	341a06469c5456819a996944d1ed63f3
repository_only	COL	public.partner_onboarding_authorizations.terms_or_schema_version	-	a0e2a7e904371b566f6438d36a4e15a3
repository_only	COL	public.partner_onboarding_authorizations.workspace_id	-	341a06469c5456819a996944d1ed63f3
repository_only	COL	public.partner_onboarding_change_request_internal_notes.change_request_id	-	341a06469c5456819a996944d1ed63f3
repository_only	COL	public.partner_onboarding_change_request_internal_notes.created_at	-	2a0dc3036bc866831d9851adf3a8e662
repository_only	COL	public.partner_onboarding_change_request_internal_notes.created_by	-	341a06469c5456819a996944d1ed63f3
repository_only	COL	public.partner_onboarding_change_request_internal_notes.id	-	0a886be4c7d96e8e5c1269b1209f5b2c
repository_only	COL	public.partner_onboarding_change_request_internal_notes.note	-	a0e2a7e904371b566f6438d36a4e15a3
repository_only	COL	public.partner_onboarding_change_requests.created_at	-	2a0dc3036bc866831d9851adf3a8e662
repository_only	COL	public.partner_onboarding_change_requests.id	-	0a886be4c7d96e8e5c1269b1209f5b2c
repository_only	COL	public.partner_onboarding_change_requests.partner_response	-	bb454ba541f2d57b452c98ed1e2ea11e
repository_only	COL	public.partner_onboarding_change_requests.partner_safe_instructions	-	a0e2a7e904371b566f6438d36a4e15a3
repository_only	COL	public.partner_onboarding_change_requests.requested_at	-	2a0dc3036bc866831d9851adf3a8e662
repository_only	COL	public.partner_onboarding_change_requests.requested_by	-	341a06469c5456819a996944d1ed63f3
repository_only	COL	public.partner_onboarding_change_requests.resolution_reason	-	bb454ba541f2d57b452c98ed1e2ea11e
repository_only	COL	public.partner_onboarding_change_requests.resolved_at	-	e8a332b3112fa8886bb3e0d0d0c235a6
repository_only	COL	public.partner_onboarding_change_requests.resolved_by	-	87b49eb176aadf74093836205bcb5c02
repository_only	COL	public.partner_onboarding_change_requests.responded_at	-	e8a332b3112fa8886bb3e0d0d0c235a6
repository_only	COL	public.partner_onboarding_change_requests.responded_by	-	87b49eb176aadf74093836205bcb5c02
repository_only	COL	public.partner_onboarding_change_requests.section_id	-	341a06469c5456819a996944d1ed63f3
repository_only	COL	public.partner_onboarding_change_requests.status	-	847c7f730929a6a0b34d0fa789a726c8
repository_only	COL	public.partner_onboarding_change_requests.updated_at	-	2a0dc3036bc866831d9851adf3a8e662
repository_only	COL	public.partner_onboarding_change_requests.workspace_id	-	341a06469c5456819a996944d1ed63f3
repository_only	COL	public.partner_onboarding_change_requests_safe.created_at	-	e8a332b3112fa8886bb3e0d0d0c235a6
repository_only	COL	public.partner_onboarding_change_requests_safe.id	-	87b49eb176aadf74093836205bcb5c02
repository_only	COL	public.partner_onboarding_change_requests_safe.partner_response	-	bb454ba541f2d57b452c98ed1e2ea11e
repository_only	COL	public.partner_onboarding_change_requests_safe.partner_safe_instructions	-	bb454ba541f2d57b452c98ed1e2ea11e
repository_only	COL	public.partner_onboarding_change_requests_safe.requested_at	-	e8a332b3112fa8886bb3e0d0d0c235a6
repository_only	COL	public.partner_onboarding_change_requests_safe.resolved_at	-	e8a332b3112fa8886bb3e0d0d0c235a6
repository_only	COL	public.partner_onboarding_change_requests_safe.responded_at	-	e8a332b3112fa8886bb3e0d0d0c235a6
repository_only	COL	public.partner_onboarding_change_requests_safe.section_id	-	87b49eb176aadf74093836205bcb5c02
repository_only	COL	public.partner_onboarding_change_requests_safe.status	-	bb454ba541f2d57b452c98ed1e2ea11e
repository_only	COL	public.partner_onboarding_change_requests_safe.updated_at	-	e8a332b3112fa8886bb3e0d0d0c235a6
repository_only	COL	public.partner_onboarding_change_requests_safe.workspace_id	-	87b49eb176aadf74093836205bcb5c02
repository_only	COL	public.partner_onboarding_contacts.created_at	-	2a0dc3036bc866831d9851adf3a8e662
repository_only	COL	public.partner_onboarding_contacts.deleted_at	-	e8a332b3112fa8886bb3e0d0d0c235a6
repository_only	COL	public.partner_onboarding_contacts.id	-	0a886be4c7d96e8e5c1269b1209f5b2c
repository_only	COL	public.partner_onboarding_contacts.name	-	a0e2a7e904371b566f6438d36a4e15a3
repository_only	COL	public.partner_onboarding_contacts.organization	-	bb454ba541f2d57b452c98ed1e2ea11e
repository_only	COL	public.partner_onboarding_contacts.phone	-	bb454ba541f2d57b452c98ed1e2ea11e
repository_only	COL	public.partner_onboarding_contacts.revision	-	a9d5906bcf464452490ed2032319f86c
repository_only	COL	public.partner_onboarding_contacts.role	-	a0e2a7e904371b566f6438d36a4e15a3
repository_only	COL	public.partner_onboarding_contacts.title	-	a0e2a7e904371b566f6438d36a4e15a3
repository_only	COL	public.partner_onboarding_contacts.updated_at	-	2a0dc3036bc866831d9851adf3a8e662
repository_only	COL	public.partner_onboarding_contacts.work_email	-	a0e2a7e904371b566f6438d36a4e15a3
repository_only	COL	public.partner_onboarding_contacts.workspace_id	-	341a06469c5456819a996944d1ed63f3
repository_only	COL	public.partner_onboarding_idempotency.actor_user_id	-	341a06469c5456819a996944d1ed63f3
repository_only	COL	public.partner_onboarding_idempotency.completed_at	-	e8a332b3112fa8886bb3e0d0d0c235a6
repository_only	COL	public.partner_onboarding_idempotency.created_at	-	2a0dc3036bc866831d9851adf3a8e662
repository_only	COL	public.partner_onboarding_idempotency.expires_at	-	3b2a8765b836f06c803b60900874129c
repository_only	COL	public.partner_onboarding_idempotency.id	-	0a886be4c7d96e8e5c1269b1209f5b2c
repository_only	COL	public.partner_onboarding_idempotency.operation_key	-	a0e2a7e904371b566f6438d36a4e15a3
repository_only	COL	public.partner_onboarding_idempotency.payload_hash	-	a0e2a7e904371b566f6438d36a4e15a3
repository_only	COL	public.partner_onboarding_idempotency.request_id	-	341a06469c5456819a996944d1ed63f3
repository_only	COL	public.partner_onboarding_idempotency.result_section_revision	-	126c150323d42ceb2ba202f6a90c9c39
repository_only	COL	public.partner_onboarding_idempotency.result_status	-	f3bf29250f534c62a8ecbc4187b37c98
repository_only	COL	public.partner_onboarding_idempotency.result_workspace_version	-	126c150323d42ceb2ba202f6a90c9c39
repository_only	COL	public.partner_onboarding_idempotency.workspace_id	-	341a06469c5456819a996944d1ed63f3
repository_only	COL	public.partner_onboarding_integration_events.artifact_category	-	bb454ba541f2d57b452c98ed1e2ea11e
repository_only	COL	public.partner_onboarding_integration_events.artifact_status	-	bb454ba541f2d57b452c98ed1e2ea11e
repository_only	COL	public.partner_onboarding_integration_events.blocker_code	-	bb454ba541f2d57b452c98ed1e2ea11e
repository_only	COL	public.partner_onboarding_integration_events.completion_percentage	-	0846d8daaad5b9e22a3e767fa06548e1
repository_only	COL	public.partner_onboarding_integration_events.created_at	-	2a0dc3036bc866831d9851adf3a8e662
repository_only	COL	public.partner_onboarding_integration_events.event_schema_version	-	ea6176e0008eb70cb9225a3925c8811d
repository_only	COL	public.partner_onboarding_integration_events.event_type	-	a0e2a7e904371b566f6438d36a4e15a3
repository_only	COL	public.partner_onboarding_integration_events.id	-	0a886be4c7d96e8e5c1269b1209f5b2c
repository_only	COL	public.partner_onboarding_integration_events.idempotency_key	-	a0e2a7e904371b566f6438d36a4e15a3
repository_only	COL	public.partner_onboarding_integration_events.next_action_code	-	bb454ba541f2d57b452c98ed1e2ea11e
repository_only	COL	public.partner_onboarding_integration_events.next_action_owner	-	a0e2a7e904371b566f6438d36a4e15a3
repository_only	COL	public.partner_onboarding_integration_events.occurred_at	-	2a0dc3036bc866831d9851adf3a8e662
repository_only	COL	public.partner_onboarding_integration_events.partner_record_id	-	341a06469c5456819a996944d1ed63f3
repository_only	COL	public.partner_onboarding_integration_events.section_key	-	bb454ba541f2d57b452c98ed1e2ea11e
repository_only	COL	public.partner_onboarding_integration_events.section_status	-	bb454ba541f2d57b452c98ed1e2ea11e
repository_only	COL	public.partner_onboarding_integration_events.target_launch_date	-	675cc7757f1a295bf833cd0d72b402cb
repository_only	COL	public.partner_onboarding_integration_events.workspace_aggregate_version	-	b45049c51d29de1eb48f58ab1f79a2a2
repository_only	COL	public.partner_onboarding_integration_events.workspace_id	-	341a06469c5456819a996944d1ed63f3
repository_only	COL	public.partner_onboarding_integration_events.workspace_status	-	a0e2a7e904371b566f6438d36a4e15a3
repository_only	COL	public.partner_onboarding_launch_approvals.approval_type	-	a0e2a7e904371b566f6438d36a4e15a3
repository_only	COL	public.partner_onboarding_launch_approvals.comments	-	bb454ba541f2d57b452c98ed1e2ea11e
repository_only	COL	public.partner_onboarding_launch_approvals.decision	-	a0e2a7e904371b566f6438d36a4e15a3
repository_only	COL	public.partner_onboarding_launch_approvals.id	-	0a886be4c7d96e8e5c1269b1209f5b2c
repository_only	COL	public.partner_onboarding_launch_approvals.invalidated_at	-	e8a332b3112fa8886bb3e0d0d0c235a6
repository_only	COL	public.partner_onboarding_launch_approvals.recorded_at	-	2a0dc3036bc866831d9851adf3a8e662
repository_only	COL	public.partner_onboarding_launch_approvals.request_id	-	341a06469c5456819a996944d1ed63f3
repository_only	COL	public.partner_onboarding_launch_approvals.reviewer_type	-	a0e2a7e904371b566f6438d36a4e15a3
repository_only	COL	public.partner_onboarding_launch_approvals.reviewer_user_id	-	341a06469c5456819a996944d1ed63f3
repository_only	COL	public.partner_onboarding_launch_approvals.workspace_id	-	341a06469c5456819a996944d1ed63f3
repository_only	COL	public.partner_onboarding_launch_checks.blocking	-	60248b54b560891e8913f4dfcae35adc
repository_only	COL	public.partner_onboarding_launch_checks.category	-	a0e2a7e904371b566f6438d36a4e15a3
repository_only	COL	public.partner_onboarding_launch_checks.check_key	-	a0e2a7e904371b566f6438d36a4e15a3
repository_only	COL	public.partner_onboarding_launch_checks.checked_at	-	e8a332b3112fa8886bb3e0d0d0c235a6
repository_only	COL	public.partner_onboarding_launch_checks.checked_by	-	87b49eb176aadf74093836205bcb5c02
repository_only	COL	public.partner_onboarding_launch_checks.created_at	-	2a0dc3036bc866831d9851adf3a8e662
repository_only	COL	public.partner_onboarding_launch_checks.determination	-	a0e2a7e904371b566f6438d36a4e15a3
repository_only	COL	public.partner_onboarding_launch_checks.evidence_reference	-	bb454ba541f2d57b452c98ed1e2ea11e
repository_only	COL	public.partner_onboarding_launch_checks.evidence_summary	-	bb454ba541f2d57b452c98ed1e2ea11e
repository_only	COL	public.partner_onboarding_launch_checks.id	-	0a886be4c7d96e8e5c1269b1209f5b2c
repository_only	COL	public.partner_onboarding_launch_checks.invalidated_at	-	e8a332b3112fa8886bb3e0d0d0c235a6
repository_only	COL	public.partner_onboarding_launch_checks.invalidated_reason	-	bb454ba541f2d57b452c98ed1e2ea11e
repository_only	COL	public.partner_onboarding_launch_checks.owner_type	-	a0e2a7e904371b566f6438d36a4e15a3
repository_only	COL	public.partner_onboarding_launch_checks.partner_record_id	-	341a06469c5456819a996944d1ed63f3
repository_only	COL	public.partner_onboarding_launch_checks.request_id	-	341a06469c5456819a996944d1ed63f3
repository_only	COL	public.partner_onboarding_launch_checks.status	-	0038d5f2b5a0f38a90c5fcdb0c3eb45f
repository_only	COL	public.partner_onboarding_launch_checks.updated_at	-	2a0dc3036bc866831d9851adf3a8e662
repository_only	COL	public.partner_onboarding_launch_checks.workspace_id	-	341a06469c5456819a996944d1ed63f3
repository_only	COL	public.partner_onboarding_planned_users.created_at	-	2a0dc3036bc866831d9851adf3a8e662
repository_only	COL	public.partner_onboarding_planned_users.deleted_at	-	e8a332b3112fa8886bb3e0d0d0c235a6
repository_only	COL	public.partner_onboarding_planned_users.id	-	0a886be4c7d96e8e5c1269b1209f5b2c
repository_only	COL	public.partner_onboarding_planned_users.invitation_status	-	1ba567f192998374424f8887202b588d
repository_only	COL	public.partner_onboarding_planned_users.membership_status	-	0dbfa29a92c51b97f75ee57cdf2161ce
repository_only	COL	public.partner_onboarding_planned_users.name	-	a0e2a7e904371b566f6438d36a4e15a3
repository_only	COL	public.partner_onboarding_planned_users.requested_role	-	a0e2a7e904371b566f6438d36a4e15a3
repository_only	COL	public.partner_onboarding_planned_users.revision	-	a9d5906bcf464452490ed2032319f86c
repository_only	COL	public.partner_onboarding_planned_users.special_permissions	-	23fa521b1bc7c8f484d06b5b722a91e0
repository_only	COL	public.partner_onboarding_planned_users.training_attendee	-	80e05d65bdc8eebb7a551116251bde5c
repository_only	COL	public.partner_onboarding_planned_users.training_completed_at	-	e8a332b3112fa8886bb3e0d0d0c235a6
repository_only	COL	public.partner_onboarding_planned_users.training_status	-	0038d5f2b5a0f38a90c5fcdb0c3eb45f
repository_only	COL	public.partner_onboarding_planned_users.updated_at	-	2a0dc3036bc866831d9851adf3a8e662
repository_only	COL	public.partner_onboarding_planned_users.work_email	-	a0e2a7e904371b566f6438d36a4e15a3
repository_only	COL	public.partner_onboarding_planned_users.workspace_id	-	341a06469c5456819a996944d1ed63f3
repository_only	COL	public.partner_onboarding_prefill_batches.aggregate_version	-	a9d5906bcf464452490ed2032319f86c
repository_only	COL	public.partner_onboarding_prefill_batches.applied_at	-	e8a332b3112fa8886bb3e0d0d0c235a6
repository_only	COL	public.partner_onboarding_prefill_batches.approved_at	-	e8a332b3112fa8886bb3e0d0d0c235a6
repository_only	COL	public.partner_onboarding_prefill_batches.approved_by	-	87b49eb176aadf74093836205bcb5c02
repository_only	COL	public.partner_onboarding_prefill_batches.created_at	-	2a0dc3036bc866831d9851adf3a8e662
repository_only	COL	public.partner_onboarding_prefill_batches.created_by	-	341a06469c5456819a996944d1ed63f3
repository_only	COL	public.partner_onboarding_prefill_batches.id	-	0a886be4c7d96e8e5c1269b1209f5b2c
repository_only	COL	public.partner_onboarding_prefill_batches.partner_record_id	-	341a06469c5456819a996944d1ed63f3
repository_only	COL	public.partner_onboarding_prefill_batches.request_id	-	341a06469c5456819a996944d1ed63f3
repository_only	COL	public.partner_onboarding_prefill_batches.source_summary	-	a0e2a7e904371b566f6438d36a4e15a3
repository_only	COL	public.partner_onboarding_prefill_batches.status	-	32dd406aa98bd0250c0aad4ac9f54952
repository_only	COL	public.partner_onboarding_prefill_batches.superseded_at	-	e8a332b3112fa8886bb3e0d0d0c235a6
repository_only	COL	public.partner_onboarding_prefill_batches.updated_at	-	2a0dc3036bc866831d9851adf3a8e662
repository_only	COL	public.partner_onboarding_prefill_batches.workspace_id	-	341a06469c5456819a996944d1ed63f3
repository_only	COL	public.partner_onboarding_prefill_values.applied_at	-	e8a332b3112fa8886bb3e0d0d0c235a6
repository_only	COL	public.partner_onboarding_prefill_values.applied_section_revision	-	126c150323d42ceb2ba202f6a90c9c39
repository_only	COL	public.partner_onboarding_prefill_values.applied_value_hash	-	bb454ba541f2d57b452c98ed1e2ea11e
repository_only	COL	public.partner_onboarding_prefill_values.applied_workspace_version	-	126c150323d42ceb2ba202f6a90c9c39
repository_only	COL	public.partner_onboarding_prefill_values.base_section_revision	-	b45049c51d29de1eb48f58ab1f79a2a2
repository_only	COL	public.partner_onboarding_prefill_values.base_value_hash	-	a0e2a7e904371b566f6438d36a4e15a3
repository_only	COL	public.partner_onboarding_prefill_values.batch_id	-	341a06469c5456819a996944d1ed63f3
repository_only	COL	public.partner_onboarding_prefill_values.confidence	-	5e7fbf2f315ca139976bc313463c975f
repository_only	COL	public.partner_onboarding_prefill_values.created_at	-	2a0dc3036bc866831d9851adf3a8e662
repository_only	COL	public.partner_onboarding_prefill_values.created_by	-	341a06469c5456819a996944d1ed63f3
repository_only	COL	public.partner_onboarding_prefill_values.field_key	-	a0e2a7e904371b566f6438d36a4e15a3
repository_only	COL	public.partner_onboarding_prefill_values.id	-	0a886be4c7d96e8e5c1269b1209f5b2c
repository_only	COL	public.partner_onboarding_prefill_values.partner_modified	-	80e05d65bdc8eebb7a551116251bde5c
repository_only	COL	public.partner_onboarding_prefill_values.partner_review_status	-	e0418710dfcdb47a186e803838823126
repository_only	COL	public.partner_onboarding_prefill_values.partner_reviewed_at	-	e8a332b3112fa8886bb3e0d0d0c235a6
repository_only	COL	public.partner_onboarding_prefill_values.partner_reviewed_section_revision	-	126c150323d42ceb2ba202f6a90c9c39
repository_only	COL	public.partner_onboarding_prefill_values.proposed_value	-	60e69cba8e628b6ba7849706eacdab38
repository_only	COL	public.partner_onboarding_prefill_values.proposed_value_hash	-	a0e2a7e904371b566f6438d36a4e15a3
repository_only	COL	public.partner_onboarding_prefill_values.review_status	-	ddae951d689e431094335048c92e7d84
repository_only	COL	public.partner_onboarding_prefill_values.reviewed_at	-	e8a332b3112fa8886bb3e0d0d0c235a6
repository_only	COL	public.partner_onboarding_prefill_values.reviewed_by	-	87b49eb176aadf74093836205bcb5c02
repository_only	COL	public.partner_onboarding_prefill_values.section_key	-	a0e2a7e904371b566f6438d36a4e15a3
repository_only	COL	public.partner_onboarding_prefill_values.source_label	-	a0e2a7e904371b566f6438d36a4e15a3
repository_only	COL	public.partner_onboarding_prefill_values.source_reference_id	-	bb454ba541f2d57b452c98ed1e2ea11e
repository_only	COL	public.partner_onboarding_prefill_values.source_type	-	a0e2a7e904371b566f6438d36a4e15a3
repository_only	COL	public.partner_onboarding_prefill_values.superseded_at	-	e8a332b3112fa8886bb3e0d0d0c235a6
repository_only	COL	public.partner_onboarding_prefill_values.workspace_id	-	341a06469c5456819a996944d1ed63f3
repository_only	COL	public.partner_onboarding_prefill_values_safe.applied_at	-	e8a332b3112fa8886bb3e0d0d0c235a6
repository_only	COL	public.partner_onboarding_prefill_values_safe.applied_section_revision	-	126c150323d42ceb2ba202f6a90c9c39
repository_only	COL	public.partner_onboarding_prefill_values_safe.batch_id	-	87b49eb176aadf74093836205bcb5c02
repository_only	COL	public.partner_onboarding_prefill_values_safe.field_key	-	bb454ba541f2d57b452c98ed1e2ea11e
repository_only	COL	public.partner_onboarding_prefill_values_safe.id	-	87b49eb176aadf74093836205bcb5c02
repository_only	COL	public.partner_onboarding_prefill_values_safe.partner_modified	-	2f49fcd1e88b61125ef21c0c59722edd
repository_only	COL	public.partner_onboarding_prefill_values_safe.partner_review_status	-	bb454ba541f2d57b452c98ed1e2ea11e
repository_only	COL	public.partner_onboarding_prefill_values_safe.partner_reviewed_at	-	e8a332b3112fa8886bb3e0d0d0c235a6
repository_only	COL	public.partner_onboarding_prefill_values_safe.partner_reviewed_section_revision	-	126c150323d42ceb2ba202f6a90c9c39
repository_only	COL	public.partner_onboarding_prefill_values_safe.review_status	-	bb454ba541f2d57b452c98ed1e2ea11e
repository_only	COL	public.partner_onboarding_prefill_values_safe.section_key	-	bb454ba541f2d57b452c98ed1e2ea11e
repository_only	COL	public.partner_onboarding_prefill_values_safe.workspace_id	-	87b49eb176aadf74093836205bcb5c02
repository_only	COL	public.partner_onboarding_report_recipients.contact_id	-	87b49eb176aadf74093836205bcb5c02
repository_only	COL	public.partner_onboarding_report_recipients.created_at	-	2a0dc3036bc866831d9851adf3a8e662
repository_only	COL	public.partner_onboarding_report_recipients.deleted_at	-	e8a332b3112fa8886bb3e0d0d0c235a6
repository_only	COL	public.partner_onboarding_report_recipients.id	-	0a886be4c7d96e8e5c1269b1209f5b2c
repository_only	COL	public.partner_onboarding_report_recipients.name	-	bb454ba541f2d57b452c98ed1e2ea11e
repository_only	COL	public.partner_onboarding_report_recipients.revision	-	a9d5906bcf464452490ed2032319f86c
repository_only	COL	public.partner_onboarding_report_recipients.updated_at	-	2a0dc3036bc866831d9851adf3a8e662
repository_only	COL	public.partner_onboarding_report_recipients.work_email	-	a0e2a7e904371b566f6438d36a4e15a3
repository_only	COL	public.partner_onboarding_report_recipients.workspace_id	-	341a06469c5456819a996944d1ed63f3
repository_only	COL	public.partner_onboarding_sections.approved_at	-	e8a332b3112fa8886bb3e0d0d0c235a6
repository_only	COL	public.partner_onboarding_sections.approved_by	-	87b49eb176aadf74093836205bcb5c02
repository_only	COL	public.partner_onboarding_sections.completed_at	-	e8a332b3112fa8886bb3e0d0d0c235a6
repository_only	COL	public.partner_onboarding_sections.completion_percentage	-	52378c13255754f107c8d249a20b7ad8
repository_only	COL	public.partner_onboarding_sections.created_at	-	2a0dc3036bc866831d9851adf3a8e662
repository_only	COL	public.partner_onboarding_sections.first_started_at	-	e8a332b3112fa8886bb3e0d0d0c235a6
repository_only	COL	public.partner_onboarding_sections.id	-	0a886be4c7d96e8e5c1269b1209f5b2c
repository_only	COL	public.partner_onboarding_sections.missing_required_keys	-	23fa521b1bc7c8f484d06b5b722a91e0
repository_only	COL	public.partner_onboarding_sections.response_data	-	059b5ef2983c582a4bb3674d92da8295
repository_only	COL	public.partner_onboarding_sections.review_reason	-	bb454ba541f2d57b452c98ed1e2ea11e
repository_only	COL	public.partner_onboarding_sections.reviewed_at	-	e8a332b3112fa8886bb3e0d0d0c235a6
repository_only	COL	public.partner_onboarding_sections.reviewed_by	-	87b49eb176aadf74093836205bcb5c02
repository_only	COL	public.partner_onboarding_sections.revision	-	a9d5906bcf464452490ed2032319f86c
repository_only	COL	public.partner_onboarding_sections.section_key	-	a0e2a7e904371b566f6438d36a4e15a3
repository_only	COL	public.partner_onboarding_sections.status	-	0038d5f2b5a0f38a90c5fcdb0c3eb45f
repository_only	COL	public.partner_onboarding_sections.submitted_at	-	e8a332b3112fa8886bb3e0d0d0c235a6
repository_only	COL	public.partner_onboarding_sections.updated_at	-	2a0dc3036bc866831d9851adf3a8e662
repository_only	COL	public.partner_onboarding_sections.waived_at	-	e8a332b3112fa8886bb3e0d0d0c235a6
repository_only	COL	public.partner_onboarding_sections.waived_by	-	87b49eb176aadf74093836205bcb5c02
repository_only	COL	public.partner_onboarding_sections.waiver_reason	-	bb454ba541f2d57b452c98ed1e2ea11e
repository_only	COL	public.partner_onboarding_sections.workspace_id	-	341a06469c5456819a996944d1ed63f3
repository_only	COL	public.partner_onboarding_tasks.completed_at	-	e8a332b3112fa8886bb3e0d0d0c235a6
repository_only	COL	public.partner_onboarding_tasks.completed_by	-	bb454ba541f2d57b452c98ed1e2ea11e
repository_only	COL	public.partner_onboarding_tasks.created_at	-	2a0dc3036bc866831d9851adf3a8e662
repository_only	COL	public.partner_onboarding_tasks.description	-	bb454ba541f2d57b452c98ed1e2ea11e
repository_only	COL	public.partner_onboarding_tasks.id	-	0a886be4c7d96e8e5c1269b1209f5b2c
repository_only	COL	public.partner_onboarding_tasks.notes	-	bb454ba541f2d57b452c98ed1e2ea11e
repository_only	COL	public.partner_onboarding_tasks.owner	-	8409eaaf93fd7ab06b78fee6e94a4314
repository_only	COL	public.partner_onboarding_tasks.partner_slug	-	a0e2a7e904371b566f6438d36a4e15a3
repository_only	COL	public.partner_onboarding_tasks.required	-	b7c3658438a9aa194a3b5e0f41e55636
repository_only	COL	public.partner_onboarding_tasks.status	-	0038d5f2b5a0f38a90c5fcdb0c3eb45f
repository_only	COL	public.partner_onboarding_tasks.task_key	-	a0e2a7e904371b566f6438d36a4e15a3
repository_only	COL	public.partner_onboarding_tasks.title	-	a0e2a7e904371b566f6438d36a4e15a3
repository_only	COL	public.partner_onboarding_tasks.updated_at	-	2a0dc3036bc866831d9851adf3a8e662
repository_only	COL	public.partner_onboarding_tasks_safe.completed_at	-	e8a332b3112fa8886bb3e0d0d0c235a6
repository_only	COL	public.partner_onboarding_tasks_safe.created_at	-	e8a332b3112fa8886bb3e0d0d0c235a6
repository_only	COL	public.partner_onboarding_tasks_safe.description	-	bb454ba541f2d57b452c98ed1e2ea11e
repository_only	COL	public.partner_onboarding_tasks_safe.id	-	87b49eb176aadf74093836205bcb5c02
repository_only	COL	public.partner_onboarding_tasks_safe.owner	-	bb454ba541f2d57b452c98ed1e2ea11e
repository_only	COL	public.partner_onboarding_tasks_safe.partner_slug	-	bb454ba541f2d57b452c98ed1e2ea11e
repository_only	COL	public.partner_onboarding_tasks_safe.required	-	2f49fcd1e88b61125ef21c0c59722edd
repository_only	COL	public.partner_onboarding_tasks_safe.status	-	bb454ba541f2d57b452c98ed1e2ea11e
repository_only	COL	public.partner_onboarding_tasks_safe.task_key	-	bb454ba541f2d57b452c98ed1e2ea11e
repository_only	COL	public.partner_onboarding_tasks_safe.title	-	bb454ba541f2d57b452c98ed1e2ea11e
repository_only	COL	public.partner_onboarding_tasks_safe.updated_at	-	e8a332b3112fa8886bb3e0d0d0c235a6
repository_only	COL	public.partner_onboarding_workspace_safe.access_controls_ready	-	2f49fcd1e88b61125ef21c0c59722edd
repository_only	COL	public.partner_onboarding_workspace_safe.admin_users_ready	-	2f49fcd1e88b61125ef21c0c59722edd
repository_only	COL	public.partner_onboarding_workspace_safe.aggregate_version	-	126c150323d42ceb2ba202f6a90c9c39
repository_only	COL	public.partner_onboarding_workspace_safe.agreement_date	-	675cc7757f1a295bf833cd0d72b402cb
repository_only	COL	public.partner_onboarding_workspace_safe.agreement_status	-	bb454ba541f2d57b452c98ed1e2ea11e
repository_only	COL	public.partner_onboarding_workspace_safe.billing_contact_email	-	bb454ba541f2d57b452c98ed1e2ea11e
repository_only	COL	public.partner_onboarding_workspace_safe.billing_contact_name	-	bb454ba541f2d57b452c98ed1e2ea11e
repository_only	COL	public.partner_onboarding_workspace_safe.billing_ready	-	2f49fcd1e88b61125ef21c0c59722edd
repository_only	COL	public.partner_onboarding_workspace_safe.blocker_code	-	bb454ba541f2d57b452c98ed1e2ea11e
repository_only	COL	public.partner_onboarding_workspace_safe.closed_at	-	e8a332b3112fa8886bb3e0d0d0c235a6
repository_only	COL	public.partner_onboarding_workspace_safe.commercial_gate_changed_at	-	e8a332b3112fa8886bb3e0d0d0c235a6
repository_only	COL	public.partner_onboarding_workspace_safe.commercial_gate_status	-	bb454ba541f2d57b452c98ed1e2ea11e
repository_only	COL	public.partner_onboarding_workspace_safe.completion_percentage	-	44819a7f8180038db73572a39e97775b
repository_only	COL	public.partner_onboarding_workspace_safe.created_at	-	e8a332b3112fa8886bb3e0d0d0c235a6
repository_only	COL	public.partner_onboarding_workspace_safe.id	-	87b49eb176aadf74093836205bcb5c02
repository_only	COL	public.partner_onboarding_workspace_safe.internal_approved_at	-	e8a332b3112fa8886bb3e0d0d0c235a6
repository_only	COL	public.partner_onboarding_workspace_safe.landing_page_ready	-	2f49fcd1e88b61125ef21c0c59722edd
repository_only	COL	public.partner_onboarding_workspace_safe.last_meaningful_activity_at	-	e8a332b3112fa8886bb3e0d0d0c235a6
repository_only	COL	public.partner_onboarding_workspace_safe.launch_materials_ready	-	2f49fcd1e88b61125ef21c0c59722edd
repository_only	COL	public.partner_onboarding_workspace_safe.launch_readiness_state	-	bb454ba541f2d57b452c98ed1e2ea11e
repository_only	COL	public.partner_onboarding_workspace_safe.launched_at	-	e8a332b3112fa8886bb3e0d0d0c235a6
repository_only	COL	public.partner_onboarding_workspace_safe.next_action_code	-	bb454ba541f2d57b452c98ed1e2ea11e
repository_only	COL	public.partner_onboarding_workspace_safe.next_action_owner	-	bb454ba541f2d57b452c98ed1e2ea11e
repository_only	COL	public.partner_onboarding_workspace_safe.package_name	-	bb454ba541f2d57b452c98ed1e2ea11e
repository_only	COL	public.partner_onboarding_workspace_safe.partner_record_id	-	87b49eb176aadf74093836205bcb5c02
repository_only	COL	public.partner_onboarding_workspace_safe.partner_slug	-	bb454ba541f2d57b452c98ed1e2ea11e
repository_only	COL	public.partner_onboarding_workspace_safe.paused_at	-	e8a332b3112fa8886bb3e0d0d0c235a6
repository_only	COL	public.partner_onboarding_workspace_safe.profile_ready	-	2f49fcd1e88b61125ef21c0c59722edd
repository_only	COL	public.partner_onboarding_workspace_safe.public_display_name	-	bb454ba541f2d57b452c98ed1e2ea11e
repository_only	COL	public.partner_onboarding_workspace_safe.public_headline	-	bb454ba541f2d57b452c98ed1e2ea11e
repository_only	COL	public.partner_onboarding_workspace_safe.public_subheadline	-	bb454ba541f2d57b452c98ed1e2ea11e
repository_only	COL	public.partner_onboarding_workspace_safe.schema_version	-	bb454ba541f2d57b452c98ed1e2ea11e
repository_only	COL	public.partner_onboarding_workspace_safe.show_partner_logo	-	2f49fcd1e88b61125ef21c0c59722edd
repository_only	COL	public.partner_onboarding_workspace_safe.show_powered_by	-	2f49fcd1e88b61125ef21c0c59722edd
repository_only	COL	public.partner_onboarding_workspace_safe.status	-	bb454ba541f2d57b452c98ed1e2ea11e
repository_only	COL	public.partner_onboarding_workspace_safe.submitted_at	-	e8a332b3112fa8886bb3e0d0d0c235a6
repository_only	COL	public.partner_onboarding_workspace_safe.submitted_schema_version	-	bb454ba541f2d57b452c98ed1e2ea11e
repository_only	COL	public.partner_onboarding_workspace_safe.support_instructions	-	bb454ba541f2d57b452c98ed1e2ea11e
repository_only	COL	public.partner_onboarding_workspace_safe.target_launch_date	-	675cc7757f1a295bf833cd0d72b402cb
repository_only	COL	public.partner_onboarding_workspace_safe.training_review_ready	-	2f49fcd1e88b61125ef21c0c59722edd
repository_only	COL	public.partner_onboarding_workspace_safe.updated_at	-	e8a332b3112fa8886bb3e0d0d0c235a6
repository_only	COL	public.partner_packet_entitlement.contract_note	-	bb454ba541f2d57b452c98ed1e2ea11e
repository_only	COL	public.partner_packet_entitlement.created_at	-	2a0dc3036bc866831d9851adf3a8e662
repository_only	COL	public.partner_packet_entitlement.effective_at	-	2a0dc3036bc866831d9851adf3a8e662
repository_only	COL	public.partner_packet_entitlement.entitlement_scope	-	3400937a04b734252c0eb53141d97a3c
repository_only	COL	public.partner_packet_entitlement.expires_at	-	e8a332b3112fa8886bb3e0d0d0c235a6
repository_only	COL	public.partner_packet_entitlement.id	-	0a886be4c7d96e8e5c1269b1209f5b2c
repository_only	COL	public.partner_packet_entitlement.overage_cap	-	52378c13255754f107c8d249a20b7ad8
repository_only	COL	public.partner_packet_entitlement.overage_enabled	-	80e05d65bdc8eebb7a551116251bde5c
repository_only	COL	public.partner_packet_entitlement.packet_cap	-	0846d8daaad5b9e22a3e767fa06548e1
repository_only	COL	public.partner_packet_entitlement.partner_id	-	341a06469c5456819a996944d1ed63f3
repository_only	COL	public.partner_packet_entitlement.pause_at_cap	-	b7c3658438a9aa194a3b5e0f41e55636
repository_only	COL	public.partner_packet_entitlement.updated_at	-	2a0dc3036bc866831d9851adf3a8e662
repository_only	COL	public.partner_records.access_mode	-	847c7f730929a6a0b34d0fa789a726c8
repository_only	COL	public.partner_records.paid_at	-	e8a332b3112fa8886bb3e0d0d0c235a6
repository_only	COL	public.partner_records.payment_amount	-	44819a7f8180038db73572a39e97775b
repository_only	COL	public.partner_records.payment_currency	-	bb454ba541f2d57b452c98ed1e2ea11e
repository_only	COL	public.partner_records.selected_package_id	-	bb454ba541f2d57b452c98ed1e2ea11e
repository_only	COL	public.partner_records.selected_package_name	-	bb454ba541f2d57b452c98ed1e2ea11e
repository_only	COL	public.partner_records.stripe_checkout_session_id	-	bb454ba541f2d57b452c98ed1e2ea11e
repository_only	COL	public.partner_records.stripe_customer_id	-	bb454ba541f2d57b452c98ed1e2ea11e
repository_only	COL	public.partner_records.stripe_payment_intent_id	-	bb454ba541f2d57b452c98ed1e2ea11e
repository_only	COL	public.rcap_document_packets.arrest_or_case_numbers	-	bb454ba541f2d57b452c98ed1e2ea11e
repository_only	COL	public.rcap_document_packets.cannabis_signal	-	2f49fcd1e88b61125ef21c0c59722edd
repository_only	COL	public.rcap_document_packets.cook_county_district	-	bb454ba541f2d57b452c98ed1e2ea11e
repository_only	COL	public.rcap_document_packets.date_of_birth_private_placeholder	-	bb454ba541f2d57b452c98ed1e2ea11e
repository_only	COL	public.rcap_document_packets.disposition	-	bb454ba541f2d57b452c98ed1e2ea11e
repository_only	COL	public.rcap_document_packets.education_waiver_signal	-	2f49fcd1e88b61125ef21c0c59722edd
repository_only	COL	public.rcap_document_packets.excluded_offense_signal	-	2f49fcd1e88b61125ef21c0c59722edd
repository_only	COL	public.rcap_document_packets.gender_private_placeholder	-	bb454ba541f2d57b452c98ed1e2ea11e
repository_only	COL	public.rcap_document_packets.has_rap_sheet	-	2f49fcd1e88b61125ef21c0c59722edd
repository_only	COL	public.rcap_document_packets.needs_rap_sheet	-	2f49fcd1e88b61125ef21c0c59722edd
repository_only	COL	public.rcap_document_packets.other_names_used	-	bb454ba541f2d57b452c98ed1e2ea11e
repository_only	COL	public.rcap_document_packets.qualified_probation_completed_date	-	bb454ba541f2d57b452c98ed1e2ea11e
repository_only	COL	public.rcap_document_packets.race_private_placeholder	-	bb454ba541f2d57b452c98ed1e2ea11e
repository_only	COL	public.rcap_document_packets.remedy_type	-	bb454ba541f2d57b452c98ed1e2ea11e
repository_only	COL	public.rcap_document_packets.sentence_termination_date	-	bb454ba541f2d57b452c98ed1e2ea11e
repository_only	COL	public.rcap_document_packets.supervision_completed_date	-	bb454ba541f2d57b452c98ed1e2ea11e
repository_only	COL	public.rcap_screening_analytics_events.campaign_name	-	bb454ba541f2d57b452c98ed1e2ea11e
repository_only	COL	public.rcap_screening_analytics_events.event_type	-	a0e2a7e904371b566f6438d36a4e15a3
repository_only	COL	public.rcap_screening_analytics_events.id	-	0a886be4c7d96e8e5c1269b1209f5b2c
repository_only	COL	public.rcap_screening_analytics_events.metadata	-	059b5ef2983c582a4bb3674d92da8295
repository_only	COL	public.rcap_screening_analytics_events.occurred_at	-	2a0dc3036bc866831d9851adf3a8e662
repository_only	COL	public.rcap_screening_analytics_events.outcome_category	-	bb454ba541f2d57b452c98ed1e2ea11e
repository_only	COL	public.rcap_screening_analytics_events.packet_route_available	-	2f49fcd1e88b61125ef21c0c59722edd
repository_only	COL	public.rcap_screening_analytics_events.partner_access_code_id	-	87b49eb176aadf74093836205bcb5c02
repository_only	COL	public.rcap_screening_analytics_events.partner_slug	-	a0e2a7e904371b566f6438d36a4e15a3
repository_only	COL	public.rcap_screening_analytics_events.session_id	-	341a06469c5456819a996944d1ed63f3
repository_only	COL	public.screening_sessions.attribution_source	-	bb454ba541f2d57b452c98ed1e2ea11e
repository_only	COL	public.screening_sessions.campaign_name	-	bb454ba541f2d57b452c98ed1e2ea11e
repository_only	COL	public.screening_sessions.nudge_opted_out_at	-	e8a332b3112fa8886bb3e0d0d0c235a6
repository_only	COL	public.screening_sessions.nudge_touch1_claimed_at	-	e8a332b3112fa8886bb3e0d0d0c235a6
repository_only	COL	public.screening_sessions.nudge_touch1_sent_at	-	e8a332b3112fa8886bb3e0d0d0c235a6
repository_only	COL	public.screening_sessions.nudge_touch2_claimed_at	-	e8a332b3112fa8886bb3e0d0d0c235a6
repository_only	COL	public.screening_sessions.nudge_touch2_sent_at	-	e8a332b3112fa8886bb3e0d0d0c235a6
repository_only	COL	public.screening_sessions.partner_access_code_id	-	87b49eb176aadf74093836205bcb5c02
repository_only	COL	public.screening_sessions.partner_benefit_active	-	80e05d65bdc8eebb7a551116251bde5c
repository_only	CON	public.consumer_briefcase_items.consumer_briefcase_items_currency_check	-	176cfb7277c56458d99372840e8ff92c
repository_only	CON	public.consumer_briefcase_items.consumer_briefcase_items_paid_requires_server_evidence	-	d324b199d40b00d9557b46eb0c09944b
repository_only	CON	public.consumer_briefcase_items.consumer_briefcase_items_payment_authority_check	-	935fed296c069482ad2f992c847453fd
repository_only	CON	public.consumer_briefcase_items.consumer_briefcase_items_payment_product_check	-	0707a27b666c264fa7574f31c3e9f1a1
repository_only	CON	public.consumer_packet_payment_consumption.consumer_packet_payment_consumption_pkey	-	320872fb04c41e267f0bee9cce9b650e
repository_only	CON	public.consumer_packet_payment_consumption.consumer_payment_consumption_amount_check	-	8ac945a0cd4c5f22b6986b978faf518b
repository_only	CON	public.consumer_packet_payment_consumption.consumer_payment_consumption_currency_check	-	eff9ed1c19bf13c620397d701c04083a
repository_only	CON	public.consumer_packet_payment_consumption.consumer_payment_consumption_product_check	-	be01c5c441a908803e2fd37b906ce660
repository_only	CON	public.packet_credit_ledger.packet_credit_ledger_consuming_identity_check	-	330c3a53bd507c04340bd256000c02fd
repository_only	CON	public.packet_credit_ledger.packet_credit_ledger_entitlement_id_fkey	-	636b378831c187256e8846dd5d96e5ae
repository_only	CON	public.packet_credit_ledger.packet_credit_ledger_event_type_check	-	47f02938da9419865bd4f04cc0eed5c1
repository_only	CON	public.packet_credit_ledger.packet_credit_ledger_hash_shape_check	-	5bb7d686191683c53bc7170e93d56e55
repository_only	CON	public.packet_credit_ledger.packet_credit_ledger_partner_id_fkey	-	21f9bb4e15a58249c61f6ba085457359
repository_only	CON	public.packet_credit_ledger.packet_credit_ledger_person_id_fkey	-	329065b421c5fab8fe385b0006c66d9a
repository_only	CON	public.packet_credit_ledger.packet_credit_ledger_pkey	-	320872fb04c41e267f0bee9cce9b650e
repository_only	CON	public.packet_credit_ledger.packet_credit_ledger_render_job_id_fkey	-	ab75fa8d56321bce879a1e8757291aeb
repository_only	CON	public.packet_delivery_events.packet_delivery_events_event_type_check	-	b5a162bf7aa12da718f0d2ea4024b536
repository_only	CON	public.packet_delivery_events.packet_delivery_events_pkey	-	320872fb04c41e267f0bee9cce9b650e
repository_only	CON	public.packet_delivery_events.packet_delivery_events_render_job_id_fkey	-	ab75fa8d56321bce879a1e8757291aeb
repository_only	CON	public.packet_render_jobs.packet_render_jobs_accounting_result_check	-	b8cac33b454d316aaa1e141ec3683efe
repository_only	CON	public.packet_render_jobs.packet_render_jobs_attempt_count_check	-	58291040ad0d756604caeec8deff3104
repository_only	CON	public.packet_render_jobs.packet_render_jobs_delivery_eligibility_check	-	b54f129d97fbe7737f2d7959d2ae6bb3
repository_only	CON	public.packet_render_jobs.packet_render_jobs_eligible_requires_accounting_check	-	c47ed3fcd523fd3ead915f4ea3a757ea
repository_only	CON	public.packet_render_jobs.packet_render_jobs_error_code_check	-	56a84cd4a77d55a9438bc72ae79a34f7
repository_only	CON	public.packet_render_jobs.packet_render_jobs_failed_requires_code	-	02e39b8490771ba5a39604703b1c89dd
repository_only	CON	public.packet_render_jobs.packet_render_jobs_failure_disposition_check	-	e982bd6206d40b58f9e002bb84da044e
repository_only	CON	public.packet_render_jobs.packet_render_jobs_input_hash_check	-	4bcb1c4f4f18606ef8891d48ca7a724c
repository_only	CON	public.packet_render_jobs.packet_render_jobs_max_attempts_check	-	b16ad4b1f450e1805ebaa3edbf44d9e9
repository_only	CON	public.packet_render_jobs.packet_render_jobs_normalized_sha_check	-	6b5180bee89da49ea2e5a8c590d48305
repository_only	CON	public.packet_render_jobs.packet_render_jobs_output_sha_check	-	c865953b99cd9e10e090630160854d92
repository_only	CON	public.packet_render_jobs.packet_render_jobs_packet_id_fkey	-	caa2d4ab97130afd09044981290f7a53
repository_only	CON	public.packet_render_jobs.packet_render_jobs_page_count_check	-	af85b0b794e6e7a3858ed0232cef08e2
repository_only	CON	public.packet_render_jobs.packet_render_jobs_partner_id_fkey	-	21f9bb4e15a58249c61f6ba085457359
repository_only	CON	public.packet_render_jobs.packet_render_jobs_partner_identity_check	-	291341ad00dae7c9b6a1dc8bae2d2c82
repository_only	CON	public.packet_render_jobs.packet_render_jobs_person_id_fkey	-	329065b421c5fab8fe385b0006c66d9a
repository_only	CON	public.packet_render_jobs.packet_render_jobs_pkey	-	320872fb04c41e267f0bee9cce9b650e
repository_only	CON	public.packet_render_jobs.packet_render_jobs_source_presence_check	-	7148fefd53c34fa1ae350b883a95014b
repository_only	CON	public.packet_render_jobs.packet_render_jobs_source_sha_check	-	61700647bf5914ff9319f5e1c0d69fa3
repository_only	CON	public.packet_render_jobs.packet_render_jobs_status_check	-	872565971ec0b1f03c72c9bc790b7476
repository_only	CON	public.packet_render_jobs.packet_render_jobs_validated_requires_output	-	9c380632a0dd72b39bd79ba508bb0a0d
repository_only	CON	public.partner_access_codes.partner_access_codes_code_type_check	-	15b93734c6ff7705946c2bd732f98802
repository_only	CON	public.partner_access_codes.partner_access_codes_limited_use_requires_max_check	-	ab8d51feeebfbdeb2dba44f5b112f460
repository_only	CON	public.partner_access_codes.partner_access_codes_max_uses_positive_check	-	de806e8d6b4838d73dcb0ba67a6c0c45
repository_only	CON	public.partner_access_codes.partner_access_codes_partner_code_unique	-	68f9060402e2136c9df64505bf63fa34
repository_only	CON	public.partner_access_codes.partner_access_codes_partner_slug_fkey	-	6fa5b3f27c4298952a6166fd8e1d147f
repository_only	CON	public.partner_access_codes.partner_access_codes_pkey	-	320872fb04c41e267f0bee9cce9b650e
repository_only	CON	public.partner_access_codes.partner_access_codes_uses_count_nonnegative_check	-	f70d755972619133886a93b3b3b4b2c9
repository_only	CON	public.partner_access_codes.partner_access_codes_uses_within_max_check	-	f39eace7f6ea944417d1b78e97ae6e1b
repository_only	CON	public.partner_email_deliveries.partner_email_deliveries_partner_slug_fkey	-	6fa5b3f27c4298952a6166fd8e1d147f
repository_only	CON	public.partner_email_deliveries.partner_email_deliveries_pkey	-	320872fb04c41e267f0bee9cce9b650e
repository_only	CON	public.partner_entitlement.partner_entitlement_overage_amount_nonnegative_check	-	7a5ddbf5c79147d740b52d2f68136d33
repository_only	CON	public.partner_entitlement.partner_entitlement_overage_packets_nonnegative_check	-	ca491ca6bfe6fc63a6d7542a5f8a7186
repository_only	CON	public.partner_entitlement.partner_entitlement_overage_price_nonnegative_check	-	87b449ffa5c9edf79f376051f051007f
repository_only	CON	public.partner_onboarding.partner_onboarding_aggregate_version_check	-	983a056d7a7f97a11c2aaef7544b360d
repository_only	CON	public.partner_onboarding.partner_onboarding_agreement_status_check	-	e09ab36710817bbb466e2c35b860987b
repository_only	CON	public.partner_onboarding.partner_onboarding_closed_by_fkey	-	cd7b3ecd299e1f9f4019360ca635d3dd
repository_only	CON	public.partner_onboarding.partner_onboarding_closed_consistency_check	-	eabe922b494d63b2a108247530a94473
repository_only	CON	public.partner_onboarding.partner_onboarding_commercial_gate_changed_by_fkey	-	a2ac024c3f9ff4857f31918d0b1a0960
repository_only	CON	public.partner_onboarding.partner_onboarding_commercial_gate_evidence_check	-	2d3b1354cc83aa7b30ed01b8c2e9d78c
repository_only	CON	public.partner_onboarding.partner_onboarding_commercial_gate_status_check	-	57c49048af161845f943f0c7c24afd87
repository_only	CON	public.partner_onboarding.partner_onboarding_completion_percentage_check	-	9987d850ef20926403687420bfb1a649
repository_only	CON	public.partner_onboarding.partner_onboarding_internal_approved_by_fkey	-	22ea4fe6055c19e9a4305f6153155134
repository_only	CON	public.partner_onboarding.partner_onboarding_internal_reason_lengths_check	-	c7e6cd03f91b3e795908fa1e846702cc
repository_only	CON	public.partner_onboarding.partner_onboarding_launch_readiness_state_check	-	0d888457f9d5ac0ba6edfc4d65f7ecc0
repository_only	CON	public.partner_onboarding.partner_onboarding_next_action_owner_check	-	52bbaf7822e25516fd1ec317ccfc36d9
repository_only	CON	public.partner_onboarding.partner_onboarding_partner_record_id_fkey	-	434e1568c214ef83064e17cf74d7e758
repository_only	CON	public.partner_onboarding.partner_onboarding_partner_slug_fkey	-	6fa5b3f27c4298952a6166fd8e1d147f
repository_only	CON	public.partner_onboarding.partner_onboarding_partner_slug_key	-	886d5e01b897285fa59069da56282d09
repository_only	CON	public.partner_onboarding.partner_onboarding_pkey	-	320872fb04c41e267f0bee9cce9b650e
repository_only	CON	public.partner_onboarding.partner_onboarding_status_check	-	820158bcd8381784c0088c7229f72305
repository_only	CON	public.partner_onboarding.partner_onboarding_submission_consistency_check	-	80f1e047b91a0e29889b90e4fcb75b36
repository_only	CON	public.partner_onboarding.partner_onboarding_submitted_by_fkey	-	77c98ea2ad07a81bdf90df31e30a5c33
repository_only	CON	public.partner_onboarding.partner_onboarding_target_launch_audit_check	-	580488c6c842d1e041bae8ef344ae5ee
repository_only	CON	public.partner_onboarding.partner_onboarding_target_launch_date_changed_by_fkey	-	f88398e13995ff7704aa1a8024d31430
repository_only	CON	public.partner_onboarding_activity.partner_onboarding_activity_actor_user_id_fkey	-	4c8379f9d1cf2042beb1cc1f804ac094
repository_only	CON	public.partner_onboarding_activity.partner_onboarding_activity_artifact_version_id_fkey	-	52650e9c845670a412b740bf8cf6fb8d
repository_only	CON	public.partner_onboarding_activity.partner_onboarding_activity_event_type_check	-	59a1392e2926c3296d62a24fc7078a5e
repository_only	CON	public.partner_onboarding_activity.partner_onboarding_activity_owner_check	-	dc35faddd022388e21d828549dc698be
repository_only	CON	public.partner_onboarding_activity.partner_onboarding_activity_pkey	-	320872fb04c41e267f0bee9cce9b650e
repository_only	CON	public.partner_onboarding_activity.partner_onboarding_activity_section_key_check	-	d8207736ca5388ae4e67b94a9d01a8a3
repository_only	CON	public.partner_onboarding_activity.partner_onboarding_activity_status_code_check	-	983d546214090c5d68545188d5d41e88
repository_only	CON	public.partner_onboarding_activity.partner_onboarding_activity_summary_check	-	832f0507928d0745e6f37329029daae7
repository_only	CON	public.partner_onboarding_activity.partner_onboarding_activity_workspace_id_fkey	-	e712928276efe119507be197bb2172f9
repository_only	CON	public.partner_onboarding_agreements.partner_onboarding_agreements_detail_check	-	90989c8ce5d4866c7aeb7370d4807bf5
repository_only	CON	public.partner_onboarding_agreements.partner_onboarding_agreements_finalized_asset_id_fkey	-	f3dae4bd0cda4f246f0f1d1432cec8ee
repository_only	CON	public.partner_onboarding_agreements.partner_onboarding_agreements_pkey	-	320872fb04c41e267f0bee9cce9b650e
repository_only	CON	public.partner_onboarding_agreements.partner_onboarding_agreements_recorded_by_fkey	-	120b0771f933fd8fa5c6497481546c9a
repository_only	CON	public.partner_onboarding_agreements.partner_onboarding_agreements_recorded_consistency	-	52d0a83a5189a57889e99e432c11e72f
repository_only	CON	public.partner_onboarding_agreements.partner_onboarding_agreements_status_check	-	2d450709319c82b22188ad9ef2a10fd3
repository_only	CON	public.partner_onboarding_agreements.partner_onboarding_agreements_type_check	-	c9af7ed65ad5356c74fd83f44b1e017c
repository_only	CON	public.partner_onboarding_agreements.partner_onboarding_agreements_workspace_id_fkey	-	e712928276efe119507be197bb2172f9
repository_only	CON	public.partner_onboarding_agreements.partner_onboarding_agreements_workspace_type_unique	-	3ca0fefdac685b53c4a4fa8fd6fd055e
repository_only	CON	public.partner_onboarding_artifact_reviews.partner_onboarding_artifact_reviews_artifact_version_id_fkey	-	52650e9c845670a412b740bf8cf6fb8d
repository_only	CON	public.partner_onboarding_artifact_reviews.partner_onboarding_artifact_reviews_comments_check	-	b7c8e07df4ebc146a1ab3e611c14970b
repository_only	CON	public.partner_onboarding_artifact_reviews.partner_onboarding_artifact_reviews_decision_check	-	41571f076b4ad0c8fb737f53af74a7be
repository_only	CON	public.partner_onboarding_artifact_reviews.partner_onboarding_artifact_reviews_pkey	-	320872fb04c41e267f0bee9cce9b650e
repository_only	CON	public.partner_onboarding_artifact_reviews.partner_onboarding_artifact_reviews_reason_required_check	-	005cc7ce463727a714e08568b0af074b
repository_only	CON	public.partner_onboarding_artifact_reviews.partner_onboarding_artifact_reviews_request_unique	-	04158ca83a109eb2965de08f414ad7f5
repository_only	CON	public.partner_onboarding_artifact_reviews.partner_onboarding_artifact_reviews_reviewer_type_check	-	36d082b11f3f43d33499ec9395689946
repository_only	CON	public.partner_onboarding_artifact_reviews.partner_onboarding_artifact_reviews_reviewer_user_id_fkey	-	168fcc76bdf54ec8aae93a31c63f7b04
repository_only	CON	public.partner_onboarding_artifact_reviews.partner_onboarding_artifact_reviews_workspace_id_fkey	-	e712928276efe119507be197bb2172f9
repository_only	CON	public.partner_onboarding_artifact_versions.partner_onboarding_artifact_versions_approval_check	-	f48befdc5d01eb1d1b78ebfc81f80e34
repository_only	CON	public.partner_onboarding_artifact_versions.partner_onboarding_artifact_versions_artifact_id_fkey	-	c0724f5c5675dd682d71a21cf6e5ce91
repository_only	CON	public.partner_onboarding_artifact_versions.partner_onboarding_artifact_versions_drift_pair_check	-	e771e7b8d9a1c090e396f3b5ca551614
repository_only	CON	public.partner_onboarding_artifact_versions.partner_onboarding_artifact_versions_failed_consistency_check	-	15dad247141d54d2522dfe102579d221
repository_only	CON	public.partner_onboarding_artifact_versions.partner_onboarding_artifact_versions_failure_reason_check	-	67577b5ff6ebd31f128e02be4a698c39
repository_only	CON	public.partner_onboarding_artifact_versions.partner_onboarding_artifact_versions_generated_by_fkey	-	1a3e7eb1cdc34122cff1f9c486680499
repository_only	CON	public.partner_onboarding_artifact_versions.partner_onboarding_artifact_versions_generation_check	-	ffc3a84fc7b5a637e7a8a577ac595d68
repository_only	CON	public.partner_onboarding_artifact_versions.partner_onboarding_artifact_versions_generator_version_check	-	818212663a9e46182c8f51cd1a50ac6a
repository_only	CON	public.partner_onboarding_artifact_versions.partner_onboarding_artifact_versions_instructions_check	-	20db00967fe22858cc169fd38dd8db1d
repository_only	CON	public.partner_onboarding_artifact_versions.partner_onboarding_artifact_versions_number_check	-	183d46202dc015c64809820b5a6f4386
repository_only	CON	public.partner_onboarding_artifact_versions.partner_onboarding_artifact_versions_number_unique	-	19faa9062fe1911e5f5ebe6ebb950bfc
repository_only	CON	public.partner_onboarding_artifact_versions.partner_onboarding_artifact_versions_partner_review_check	-	87ce3ab47ec4488f801b127cc172447b
repository_only	CON	public.partner_onboarding_artifact_versions.partner_onboarding_artifact_versions_pkey	-	320872fb04c41e267f0bee9cce9b650e
repository_only	CON	public.partner_onboarding_artifact_versions.partner_onboarding_artifact_versions_request_unique	-	a2210b419ab4d4ca0cd2d1e432c16385
repository_only	CON	public.partner_onboarding_artifact_versions.partner_onboarding_artifact_versions_snapshot_hash_check	-	db6f92d32b5ac23c24950bd0b7bc2d54
repository_only	CON	public.partner_onboarding_artifact_versions.partner_onboarding_artifact_versions_workspace_id_fkey	-	e712928276efe119507be197bb2172f9
repository_only	CON	public.partner_onboarding_artifacts.partner_onboarding_artifacts_current_version_fk	-	7aa7e64c3107b7e37b59599f3dd7f70d
repository_only	CON	public.partner_onboarding_artifacts.partner_onboarding_artifacts_lifecycle_check	-	5ad16f9dbad9e40b6d72acca943f9653
repository_only	CON	public.partner_onboarding_artifacts.partner_onboarding_artifacts_partner_record_id_fkey	-	434e1568c214ef83064e17cf74d7e758
repository_only	CON	public.partner_onboarding_artifacts.partner_onboarding_artifacts_pkey	-	320872fb04c41e267f0bee9cce9b650e
repository_only	CON	public.partner_onboarding_artifacts.partner_onboarding_artifacts_type_check	-	376808815fb78ebe89548a2f89f1e227
repository_only	CON	public.partner_onboarding_artifacts.partner_onboarding_artifacts_workspace_id_fkey	-	e712928276efe119507be197bb2172f9
repository_only	CON	public.partner_onboarding_artifacts.partner_onboarding_artifacts_workspace_type_unique	-	cfe8786319ae9c7934be0c02f2ef7ea1
repository_only	CON	public.partner_onboarding_assets.partner_onboarding_assets_bucket_check	-	bfbb9ba57a9190976be339363a5da90e
repository_only	CON	public.partner_onboarding_assets.partner_onboarding_assets_byte_size_check	-	214de0da96205b7f5bd6d0e7b8d2bd57
repository_only	CON	public.partner_onboarding_assets.partner_onboarding_assets_category_check	-	0464995f1321471f292ebbc31cc55eaf
repository_only	CON	public.partner_onboarding_assets.partner_onboarding_assets_deleted_by_fkey	-	678cef30a8ec1d7bd0c3083bcfe9b96b
repository_only	CON	public.partner_onboarding_assets.partner_onboarding_assets_deleted_consistency	-	c63f89f679638d291adfc14088677738
repository_only	CON	public.partner_onboarding_assets.partner_onboarding_assets_dimensions_check	-	49cf2a8b59e55334f5200dc5af30d07f
repository_only	CON	public.partner_onboarding_assets.partner_onboarding_assets_extension_check	-	49c37349b3293852b081f8d030a2b12b
repository_only	CON	public.partner_onboarding_assets.partner_onboarding_assets_lifecycle_check	-	033f1cff6691bab7b5c242ab32216b8b
repository_only	CON	public.partner_onboarding_assets.partner_onboarding_assets_media_type_check	-	c179c7d477fe36bd33292ea854f8b01b
repository_only	CON	public.partner_onboarding_assets.partner_onboarding_assets_partner_record_id_fkey	-	434e1568c214ef83064e17cf74d7e758
repository_only	CON	public.partner_onboarding_assets.partner_onboarding_assets_pkey	-	320872fb04c41e267f0bee9cce9b650e
repository_only	CON	public.partner_onboarding_assets.partner_onboarding_assets_replaced_by_asset_id_fkey	-	0fbbcc9eca0ce6b1488e372dc6c33043
repository_only	CON	public.partner_onboarding_assets.partner_onboarding_assets_review_check	-	0fb5ed8af484c45b9ad0d24ef079bf09
repository_only	CON	public.partner_onboarding_assets.partner_onboarding_assets_sha256_check	-	fc57f755bd6843b589f93736e97e83d4
repository_only	CON	public.partner_onboarding_assets.partner_onboarding_assets_uploaded_by_fkey	-	bb7f901bd9127c635f2af03ea09631be
repository_only	CON	public.partner_onboarding_assets.partner_onboarding_assets_workspace_id_fkey	-	e712928276efe119507be197bb2172f9
repository_only	CON	public.partner_onboarding_authorizations.partner_onboarding_authorizations_all_acknowledged_check	-	60573c52df6384fb4ccccd2e767c0bda
repository_only	CON	public.partner_onboarding_authorizations.partner_onboarding_authorizations_approver_user_id_fkey	-	82398b524bf9039e092a46724d0c6677
repository_only	CON	public.partner_onboarding_authorizations.partner_onboarding_authorizations_name_check	-	a3786d6336463e7eeeb46375411fb11d
repository_only	CON	public.partner_onboarding_authorizations.partner_onboarding_authorizations_pkey	-	320872fb04c41e267f0bee9cce9b650e
repository_only	CON	public.partner_onboarding_authorizations.partner_onboarding_authorizations_title_check	-	bd0cbcde7dc305cdcd2e99be619f1366
repository_only	CON	public.partner_onboarding_authorizations.partner_onboarding_authorizations_workspace_id_fkey	-	e712928276efe119507be197bb2172f9
repository_only	CON	public.partner_onboarding_authorizations.partner_onboarding_authorizations_workspace_request_unique	-	f45b4b1c1c85ed1890c223d1cda4006e
repository_only	CON	public.partner_onboarding_change_request_internal_notes.partner_onboarding_change_request_intern_change_request_id_fkey	-	d7288cbef46984f8e23ea9d6f442ffd5
repository_only	CON	public.partner_onboarding_change_request_internal_notes.partner_onboarding_change_request_internal_note_created_by_fkey	-	4a526ac7fd457c3f8ba42a1feb266b37
repository_only	CON	public.partner_onboarding_change_request_internal_notes.partner_onboarding_change_request_internal_notes_note_check	-	068971bae9997ddb377787afe33ccd24
repository_only	CON	public.partner_onboarding_change_request_internal_notes.partner_onboarding_change_request_internal_notes_pkey	-	320872fb04c41e267f0bee9cce9b650e
repository_only	CON	public.partner_onboarding_change_requests.partner_onboarding_change_requests_instructions_check	-	f4d71b456674333e25a5c70087744f4b
repository_only	CON	public.partner_onboarding_change_requests.partner_onboarding_change_requests_pkey	-	320872fb04c41e267f0bee9cce9b650e
repository_only	CON	public.partner_onboarding_change_requests.partner_onboarding_change_requests_requested_by_fkey	-	01d67524c98ea33c149a13fdf93b2301
repository_only	CON	public.partner_onboarding_change_requests.partner_onboarding_change_requests_resolution_consistency	-	0be5902a1d246777632e21e59f91f8eb
repository_only	CON	public.partner_onboarding_change_requests.partner_onboarding_change_requests_resolved_by_fkey	-	b3e09afb30fac32417af0d4fa8190c00
repository_only	CON	public.partner_onboarding_change_requests.partner_onboarding_change_requests_responded_by_fkey	-	f5797933a83de1ddd55468fff8299bc7
repository_only	CON	public.partner_onboarding_change_requests.partner_onboarding_change_requests_response_check	-	3014a10331a110b7f1065acb83ac2817
repository_only	CON	public.partner_onboarding_change_requests.partner_onboarding_change_requests_response_consistency	-	4439a268d65ef6729c3684e1833fd709
repository_only	CON	public.partner_onboarding_change_requests.partner_onboarding_change_requests_section_id_fkey	-	6da766687e5b7537c9c0b57c30dc2cb4
repository_only	CON	public.partner_onboarding_change_requests.partner_onboarding_change_requests_status_check	-	637456d4376010b424a938913021d646
repository_only	CON	public.partner_onboarding_change_requests.partner_onboarding_change_requests_workspace_id_fkey	-	e712928276efe119507be197bb2172f9
repository_only	CON	public.partner_onboarding_contacts.partner_onboarding_contacts_email_check	-	d3da6bacd99ad07daa108d3504d7753f
repository_only	CON	public.partner_onboarding_contacts.partner_onboarding_contacts_name_check	-	3a10ec13817fe88fa42c42ebd944c4ab
repository_only	CON	public.partner_onboarding_contacts.partner_onboarding_contacts_organization_check	-	e111daaa938235eaa1ef5cb0af6a9528
repository_only	CON	public.partner_onboarding_contacts.partner_onboarding_contacts_phone_check	-	d0e7559d49f8fc8aa2cab766610b79ba
repository_only	CON	public.partner_onboarding_contacts.partner_onboarding_contacts_pkey	-	320872fb04c41e267f0bee9cce9b650e
repository_only	CON	public.partner_onboarding_contacts.partner_onboarding_contacts_revision_check	-	06af0b91d188129bac197e4181a26b8c
repository_only	CON	public.partner_onboarding_contacts.partner_onboarding_contacts_role_check	-	dfcccd5cf9d24ee9da8caa3d96f8bf2e
repository_only	CON	public.partner_onboarding_contacts.partner_onboarding_contacts_title_check	-	cbe1ed768429c81ec28e5b9238f48075
repository_only	CON	public.partner_onboarding_contacts.partner_onboarding_contacts_workspace_id_fkey	-	e712928276efe119507be197bb2172f9
repository_only	CON	public.partner_onboarding_idempotency.partner_onboarding_idempotency_actor_user_id_fkey	-	4c8379f9d1cf2042beb1cc1f804ac094
repository_only	CON	public.partner_onboarding_idempotency.partner_onboarding_idempotency_expiry_check	-	7e580761b5878ccdfc3d9dcc3928d1b2
repository_only	CON	public.partner_onboarding_idempotency.partner_onboarding_idempotency_operation_key_check	-	0b15ffe9a9a11ac57e4ae4510440d379
repository_only	CON	public.partner_onboarding_idempotency.partner_onboarding_idempotency_payload_hash_check	-	9cfc97720d99e782d5aa3b1a82064f3e
repository_only	CON	public.partner_onboarding_idempotency.partner_onboarding_idempotency_pkey	-	320872fb04c41e267f0bee9cce9b650e
repository_only	CON	public.partner_onboarding_idempotency.partner_onboarding_idempotency_request_unique	-	e25aa8546dc84ce29558981d5fff544d
repository_only	CON	public.partner_onboarding_idempotency.partner_onboarding_idempotency_result_status_check	-	e9f0aa634f8c6fed5ba79f5edec32fb8
repository_only	CON	public.partner_onboarding_idempotency.partner_onboarding_idempotency_workspace_id_fkey	-	e712928276efe119507be197bb2172f9
repository_only	CON	public.partner_onboarding_idempotency.partner_onboarding_idempotency_workspace_operation_request_uniq	-	3f30df90b00acff39957dbba4905df51
repository_only	CON	public.partner_onboarding_integration_events.partner_onboarding_integration_events_code_check	-	193805b76c40e788b1d120c1c14b2f3b
repository_only	CON	public.partner_onboarding_integration_events.partner_onboarding_integration_events_completion_check	-	9987d850ef20926403687420bfb1a649
repository_only	CON	public.partner_onboarding_integration_events.partner_onboarding_integration_events_idempotency_check	-	5f6cb930c76f449873a2092ed9b5c8ba
repository_only	CON	public.partner_onboarding_integration_events.partner_onboarding_integration_events_owner_check	-	52bbaf7822e25516fd1ec317ccfc36d9
repository_only	CON	public.partner_onboarding_integration_events.partner_onboarding_integration_events_partner_record_id_fkey	-	434e1568c214ef83064e17cf74d7e758
repository_only	CON	public.partner_onboarding_integration_events.partner_onboarding_integration_events_pkey	-	320872fb04c41e267f0bee9cce9b650e
repository_only	CON	public.partner_onboarding_integration_events.partner_onboarding_integration_events_type_check	-	38a3d3e4356fbbc987222a2de63378a0
repository_only	CON	public.partner_onboarding_integration_events.partner_onboarding_integration_events_version_check	-	a9460bb47aa71e915aa4b6810a6d925d
repository_only	CON	public.partner_onboarding_integration_events.partner_onboarding_integration_events_workspace_id_fkey	-	e712928276efe119507be197bb2172f9
repository_only	CON	public.partner_onboarding_launch_approvals.partner_onboarding_launch_approvals_comments_check	-	b7c8e07df4ebc146a1ab3e611c14970b
repository_only	CON	public.partner_onboarding_launch_approvals.partner_onboarding_launch_approvals_decision_check	-	e5a84c31bd54c2825474617aba145ca1
repository_only	CON	public.partner_onboarding_launch_approvals.partner_onboarding_launch_approvals_owner_match_check	-	b6c8faaa138ed3d231455971316745e3
repository_only	CON	public.partner_onboarding_launch_approvals.partner_onboarding_launch_approvals_pkey	-	320872fb04c41e267f0bee9cce9b650e
repository_only	CON	public.partner_onboarding_launch_approvals.partner_onboarding_launch_approvals_request_unique	-	f45b4b1c1c85ed1890c223d1cda4006e
repository_only	CON	public.partner_onboarding_launch_approvals.partner_onboarding_launch_approvals_reviewer_type_check	-	36d082b11f3f43d33499ec9395689946
repository_only	CON	public.partner_onboarding_launch_approvals.partner_onboarding_launch_approvals_reviewer_user_id_fkey	-	168fcc76bdf54ec8aae93a31c63f7b04
repository_only	CON	public.partner_onboarding_launch_approvals.partner_onboarding_launch_approvals_type_check	-	d0c4d53689cea6542718937eee4bd319
repository_only	CON	public.partner_onboarding_launch_approvals.partner_onboarding_launch_approvals_workspace_id_fkey	-	e712928276efe119507be197bb2172f9
repository_only	CON	public.partner_onboarding_launch_checks.partner_onboarding_launch_checks_category_check	-	d68fc4f6a249e7ad84b26f816aff2a09
repository_only	CON	public.partner_onboarding_launch_checks.partner_onboarding_launch_checks_checked_by_fkey	-	2110581f08a011c78815e05f611b0cae
repository_only	CON	public.partner_onboarding_launch_checks.partner_onboarding_launch_checks_determination_check	-	9db7ce7986c94efa49a8b5e8ac45069f
repository_only	CON	public.partner_onboarding_launch_checks.partner_onboarding_launch_checks_evidence_length_check	-	a0c3d093ce901ea03e83df380a300a51
repository_only	CON	public.partner_onboarding_launch_checks.partner_onboarding_launch_checks_invalidation_pair_check	-	415b6314d2ea99f4949ef41913378d32
repository_only	CON	public.partner_onboarding_launch_checks.partner_onboarding_launch_checks_key_check	-	143513069e32638f387dc6f6e352d70e
repository_only	CON	public.partner_onboarding_launch_checks.partner_onboarding_launch_checks_owner_check	-	56e8e0e1121f2ccb36527b1f8a2442bb
repository_only	CON	public.partner_onboarding_launch_checks.partner_onboarding_launch_checks_partner_record_id_fkey	-	434e1568c214ef83064e17cf74d7e758
repository_only	CON	public.partner_onboarding_launch_checks.partner_onboarding_launch_checks_pkey	-	320872fb04c41e267f0bee9cce9b650e
repository_only	CON	public.partner_onboarding_launch_checks.partner_onboarding_launch_checks_request_unique	-	f45b4b1c1c85ed1890c223d1cda4006e
repository_only	CON	public.partner_onboarding_launch_checks.partner_onboarding_launch_checks_reviewer_required_check	-	c9f3271ecb22fe212bc71487a44140d9
repository_only	CON	public.partner_onboarding_launch_checks.partner_onboarding_launch_checks_status_check	-	09fa7373f533f903b37ec6b29d923f21
repository_only	CON	public.partner_onboarding_launch_checks.partner_onboarding_launch_checks_workspace_id_fkey	-	e712928276efe119507be197bb2172f9
repository_only	CON	public.partner_onboarding_launch_checks.partner_onboarding_launch_checks_workspace_key_unique	-	4692eb2b4de232d9e493eb3d1dfafc13
repository_only	CON	public.partner_onboarding_planned_users.partner_onboarding_planned_users_email_check	-	d3da6bacd99ad07daa108d3504d7753f
repository_only	CON	public.partner_onboarding_planned_users.partner_onboarding_planned_users_invitation_status_check	-	52d20337e6790dd7347f46d724ac496e
repository_only	CON	public.partner_onboarding_planned_users.partner_onboarding_planned_users_membership_status_check	-	3dcb3b77eceaeaeca464b6d80818cc50
repository_only	CON	public.partner_onboarding_planned_users.partner_onboarding_planned_users_name_check	-	3a10ec13817fe88fa42c42ebd944c4ab
repository_only	CON	public.partner_onboarding_planned_users.partner_onboarding_planned_users_permissions_check	-	32b9b1913a55e539cf1dcabb82e89070
repository_only	CON	public.partner_onboarding_planned_users.partner_onboarding_planned_users_pkey	-	320872fb04c41e267f0bee9cce9b650e
repository_only	CON	public.partner_onboarding_planned_users.partner_onboarding_planned_users_revision_check	-	06af0b91d188129bac197e4181a26b8c
repository_only	CON	public.partner_onboarding_planned_users.partner_onboarding_planned_users_role_check	-	57c2994f5f5474f66822673d5f750c27
repository_only	CON	public.partner_onboarding_planned_users.partner_onboarding_planned_users_training_status_check	-	112a9cbe70d4c2c812354d2a698fe553
repository_only	CON	public.partner_onboarding_planned_users.partner_onboarding_planned_users_workspace_id_fkey	-	e712928276efe119507be197bb2172f9
repository_only	CON	public.partner_onboarding_prefill_batches.partner_onboarding_prefill_batches_approval_check	-	eb1b7aa424534f5e1b73f931ba1e815e
repository_only	CON	public.partner_onboarding_prefill_batches.partner_onboarding_prefill_batches_approved_by_fkey	-	9aef703fbe4b10925f21421da1a9ec9d
repository_only	CON	public.partner_onboarding_prefill_batches.partner_onboarding_prefill_batches_created_by_fkey	-	4a526ac7fd457c3f8ba42a1feb266b37
repository_only	CON	public.partner_onboarding_prefill_batches.partner_onboarding_prefill_batches_partner_record_id_fkey	-	434e1568c214ef83064e17cf74d7e758
repository_only	CON	public.partner_onboarding_prefill_batches.partner_onboarding_prefill_batches_pkey	-	320872fb04c41e267f0bee9cce9b650e
repository_only	CON	public.partner_onboarding_prefill_batches.partner_onboarding_prefill_batches_request_unique	-	e25aa8546dc84ce29558981d5fff544d
repository_only	CON	public.partner_onboarding_prefill_batches.partner_onboarding_prefill_batches_source_summary_check	-	d30aa1789288f43498369b99483ab471
repository_only	CON	public.partner_onboarding_prefill_batches.partner_onboarding_prefill_batches_status_check	-	a747f480797a79a0db978e93d6d943bf
repository_only	CON	public.partner_onboarding_prefill_batches.partner_onboarding_prefill_batches_version_check	-	983a056d7a7f97a11c2aaef7544b360d
repository_only	CON	public.partner_onboarding_prefill_batches.partner_onboarding_prefill_batches_workspace_id_fkey	-	e712928276efe119507be197bb2172f9
repository_only	CON	public.partner_onboarding_prefill_values.partner_onboarding_prefill_values_apply_check	-	fdd33d0d3b42cf988e5d7cb5b1a2748c
repository_only	CON	public.partner_onboarding_prefill_values.partner_onboarding_prefill_values_batch_id_fkey	-	766642247ebdf1c4de1a434c8a8ab11a
repository_only	CON	public.partner_onboarding_prefill_values.partner_onboarding_prefill_values_confidence_check	-	d1d9628ad8543f390455a059cdf28e91
repository_only	CON	public.partner_onboarding_prefill_values.partner_onboarding_prefill_values_created_by_fkey	-	4a526ac7fd457c3f8ba42a1feb266b37
repository_only	CON	public.partner_onboarding_prefill_values.partner_onboarding_prefill_values_field_key_check	-	08e7396ab8f811bb4e15c7098588a4c1
repository_only	CON	public.partner_onboarding_prefill_values.partner_onboarding_prefill_values_hash_check	-	244a93fed82bd247f51f2231eeac1baf
repository_only	CON	public.partner_onboarding_prefill_values.partner_onboarding_prefill_values_partner_review_check	-	ec549e54f8ede5b408427befb40932f9
repository_only	CON	public.partner_onboarding_prefill_values.partner_onboarding_prefill_values_partner_review_status_check	-	405a53f3e8ca79016b77d04f4358d7a4
repository_only	CON	public.partner_onboarding_prefill_values.partner_onboarding_prefill_values_pkey	-	320872fb04c41e267f0bee9cce9b650e
repository_only	CON	public.partner_onboarding_prefill_values.partner_onboarding_prefill_values_review_actor_check	-	531a6d39fd6db9d300b0181a9f14fde0
repository_only	CON	public.partner_onboarding_prefill_values.partner_onboarding_prefill_values_review_status_check	-	75516ed5f52e55b69c3d6b4ccfbfe12a
repository_only	CON	public.partner_onboarding_prefill_values.partner_onboarding_prefill_values_reviewed_by_fkey	-	c6d02b6852dea7a66c06f6cff29892d7
repository_only	CON	public.partner_onboarding_prefill_values.partner_onboarding_prefill_values_revision_check	-	21135b2a0b99cf23d6c843f088edc63d
repository_only	CON	public.partner_onboarding_prefill_values.partner_onboarding_prefill_values_section_check	-	51ede59cf83be89b7eff2832f77054d1
repository_only	CON	public.partner_onboarding_prefill_values.partner_onboarding_prefill_values_size_check	-	517c0b64c1b078ef074fa56d85c1ee81
repository_only	CON	public.partner_onboarding_prefill_values.partner_onboarding_prefill_values_source_label_check	-	6acba1175be28c2d06f5d9c21fd48995
repository_only	CON	public.partner_onboarding_prefill_values.partner_onboarding_prefill_values_source_reference_check	-	14470cbb869cd7ac2e8e39f6c9046493
repository_only	CON	public.partner_onboarding_prefill_values.partner_onboarding_prefill_values_source_type_check	-	0f735a55a9d6dc422a17e81091763fd4
repository_only	CON	public.partner_onboarding_prefill_values.partner_onboarding_prefill_values_workspace_id_fkey	-	e712928276efe119507be197bb2172f9
repository_only	CON	public.partner_onboarding_report_recipients.partner_onboarding_report_recipients_contact_id_fkey	-	abea3f205496b7e6f31550d616349d0f
repository_only	CON	public.partner_onboarding_report_recipients.partner_onboarding_report_recipients_email_check	-	d3da6bacd99ad07daa108d3504d7753f
repository_only	CON	public.partner_onboarding_report_recipients.partner_onboarding_report_recipients_name_check	-	b15ac2af9fb1d1a165beb44e274b13bd
repository_only	CON	public.partner_onboarding_report_recipients.partner_onboarding_report_recipients_pkey	-	320872fb04c41e267f0bee9cce9b650e
repository_only	CON	public.partner_onboarding_report_recipients.partner_onboarding_report_recipients_revision_check	-	06af0b91d188129bac197e4181a26b8c
repository_only	CON	public.partner_onboarding_report_recipients.partner_onboarding_report_recipients_workspace_id_fkey	-	e712928276efe119507be197bb2172f9
repository_only	CON	public.partner_onboarding_sections.partner_onboarding_sections_approved_by_fkey	-	9aef703fbe4b10925f21421da1a9ec9d
repository_only	CON	public.partner_onboarding_sections.partner_onboarding_sections_completion_check	-	9987d850ef20926403687420bfb1a649
repository_only	CON	public.partner_onboarding_sections.partner_onboarding_sections_key_check	-	51ede59cf83be89b7eff2832f77054d1
repository_only	CON	public.partner_onboarding_sections.partner_onboarding_sections_pkey	-	320872fb04c41e267f0bee9cce9b650e
repository_only	CON	public.partner_onboarding_sections.partner_onboarding_sections_response_size_check	-	996dc393da182ad4b3490a4ced9b5017
repository_only	CON	public.partner_onboarding_sections.partner_onboarding_sections_review_reason_check	-	dee87c2995153545d46acec549c9fb18
repository_only	CON	public.partner_onboarding_sections.partner_onboarding_sections_reviewed_by_fkey	-	c6d02b6852dea7a66c06f6cff29892d7
repository_only	CON	public.partner_onboarding_sections.partner_onboarding_sections_revision_check	-	06af0b91d188129bac197e4181a26b8c
repository_only	CON	public.partner_onboarding_sections.partner_onboarding_sections_status_check	-	b460786c07a25ba01289b8f8fd4e19bb
repository_only	CON	public.partner_onboarding_sections.partner_onboarding_sections_waived_by_fkey	-	f62ea77349e5e2d1d44668b36375b461
repository_only	CON	public.partner_onboarding_sections.partner_onboarding_sections_waiver_check	-	463b075f62defdd436abf7570c702c2b
repository_only	CON	public.partner_onboarding_sections.partner_onboarding_sections_workspace_id_fkey	-	e712928276efe119507be197bb2172f9
repository_only	CON	public.partner_onboarding_sections.partner_onboarding_sections_workspace_key_unique	-	cd3fc29a19973e44a25945ac641895b3
repository_only	CON	public.partner_onboarding_tasks.partner_onboarding_tasks_owner_check	-	88a0c35952d4a59a9c0712cb1ed043e3
repository_only	CON	public.partner_onboarding_tasks.partner_onboarding_tasks_partner_slug_fkey	-	6fa5b3f27c4298952a6166fd8e1d147f
repository_only	CON	public.partner_onboarding_tasks.partner_onboarding_tasks_pkey	-	320872fb04c41e267f0bee9cce9b650e
repository_only	CON	public.partner_onboarding_tasks.partner_onboarding_tasks_status_check	-	77a013ffee6a96c91e448e42e335c0df
repository_only	CON	public.partner_onboarding_tasks.partner_onboarding_tasks_unique	-	9baf13f48cb76f02d306487ce3b6224b
repository_only	CON	public.partner_packet_entitlement.partner_packet_entitlement_cap_check	-	b53d774d6e86345dcb77a958c0473ca0
repository_only	CON	public.partner_packet_entitlement.partner_packet_entitlement_overage_cap_check	-	c9fce1bdf45a51ed0b341818742ab745
repository_only	CON	public.partner_packet_entitlement.partner_packet_entitlement_partner_id_fkey	-	21f9bb4e15a58249c61f6ba085457359
repository_only	CON	public.partner_packet_entitlement.partner_packet_entitlement_pkey	-	320872fb04c41e267f0bee9cce9b650e
repository_only	CON	public.partner_packet_entitlement.partner_packet_entitlement_scope_nonempty_check	-	ae88e35c95fe64adfe93f73b2716e56b
repository_only	CON	public.partner_records.partner_records_access_mode_check	-	2fe65c5f5f5707b2e343c9798a62d72f
repository_only	CON	public.rcap_document_packets.rcap_document_packets_remedy_type_check	-	31a252e163fc18729edf8d549ea01909
repository_only	CON	public.rcap_persons.rcap_persons_reserved_namespace_shape	-	270b266489d4397834a9974554c871a7
repository_only	CON	public.rcap_screening_analytics_events.rcap_screening_analytics_events_event_type_check	-	bf02b8f2bd85e47156a104d4e843e386
repository_only	CON	public.rcap_screening_analytics_events.rcap_screening_analytics_events_outcome_category_check	-	48fc6b71303d1162d69263c9989da302
repository_only	CON	public.rcap_screening_analytics_events.rcap_screening_analytics_events_pkey	-	320872fb04c41e267f0bee9cce9b650e
repository_only	CON	public.screening_sessions.screening_sessions_attribution_source_check	-	63dfd875a1fa0917f2b8c65d6f32e66e
repository_only	CON	public.screening_sessions.screening_sessions_partner_access_code_id_fkey	-	f9f9de03374afde4f9add8ddd5763f08
repository_only	FN	public.assert_packet_render_job_fencing(p_job public.packet_render_jobs, p_fencing_token uuid)	-	98789334ec1deb075e97599540d8f47b
repository_only	FN	public.claim_packet_render_job(p_worker_id text, p_renderer_kinds text[], p_claim_seconds integer)	-	a93ff51e3f1e6c3d1e98086c9b12d48c
repository_only	FN	public.claim_partner_screening_session(p_partner_slug text, p_jurisdiction text, p_code_hash text, p_now timestamp with time zone)	-	20f605816c637a15119ede0442fbb00b
repository_only	FN	public.consumer_matter_id_for_briefcase_item(p_item_id uuid)	-	5621fe7abcf1896259a50ad670ae09d9
repository_only	FN	public.consumer_packet_payment_authority(p_briefcase_item_id uuid, p_consumer_auth_user_id uuid)	-	9ed7b500a762634c0e777d86814713f5
repository_only	FN	public.consumer_packet_payment_authority(p_briefcase_item_id uuid, p_consumer_auth_user_id uuid, p_product_id text, p_person_id uuid, p_matter_id uuid)	-	33ad19d05d9d84ce863ac31940acc2a0
repository_only	FN	public.consumer_packet_payment_valid(p_briefcase_item_id uuid)	-	2b604aa092179eba0f8409b341b46444
repository_only	FN	public.consumer_payment_consumption_binding_guard()	-	3d2a6b48871cbb25732948064f8868cc
repository_only	FN	public.emit_rcap_screening_started_event()	-	eb787bbdf6571611b3dffc7438ce91f4
repository_only	FN	public.enqueue_packet_render_job(p_packet_id uuid, p_route_id text, p_renderer_kind text, p_renderer_version text, p_source_sha256 text, p_profile_id text, p_profile_version text, p_input_hash text, p_briefcase_item_id uuid, p_partner_id uuid, p_person_id uuid, p_matter_id uuid, p_max_attempts integer, p_consumer_briefcase_item_id uuid, p_expected_consumer_auth_user_id uuid)	-	b860650950edb656398f158041c9597d
repository_only	FN	public.expungement_packet_product_id()	-	a8244f3fb8fa6925b895e226b5f1fa47
repository_only	FN	public.fail_packet_render_job(p_job_id uuid, p_fencing_token uuid, p_error_code text, p_error_detail text, p_retryable boolean)	-	81b66575d3935fb5c1b4c59450e934c9
repository_only	FN	public.finalize_packet_render_job(p_job_id uuid, p_fencing_token uuid, p_output_storage_path text, p_local_sha256 text, p_local_normalized_sha256 text, p_stored_sha256 text, p_stored_normalized_sha256 text, p_output_byte_count integer, p_output_page_count integer, p_container_digest text)	-	d4d24a3a1f32a7d3efe1a3a7f3ae24dd
repository_only	FN	public.get_partner_code_analytics(p_partner_slug text)	-	4144953cdeb2cd13ae21ac95314cd228
repository_only	FN	public.guard_packet_credit_ledger()	-	5d6069228928f0907696795b97503eae
repository_only	FN	public.guard_packet_delivery_events()	-	14e4b51e246af97c6d700b1fc61e05d4
repository_only	FN	public.guard_packet_render_job_delete()	-	0fa00a0ebe8e1e07050dd4ddca98532d
repository_only	FN	public.guard_packet_render_job_insert()	-	75040e25112eed6b5ae5588fefa1f297
repository_only	FN	public.guard_packet_render_job_transition()	-	04d52a78120ca866406ea18ae5e1bb21
repository_only	FN	public.packet_entitlement_balance(p_entitlement_id uuid)	-	5232fb82f208efc96e4cf47115cd5a81
repository_only	FN	public.packet_render_jobs_consumer_binding_immutable()	-	659248e03255564055193567c61778de
repository_only	FN	public.packet_render_jobs_paid_matter_guard()	-	a39ad0aac8df3e6f5917a75ca2a7e195
repository_only	FN	public.prevent_rcap_screening_analytics_mutation()	-	83b4b06b81589935a00281a29fef5efd
repository_only	FN	public.rcap_consumer_person_namespace()	-	edfc56f63fefeda724b9b6361d4fcc79
repository_only	FN	public.rcap_guard_reserved_partner_slug()	-	285f201d8ca52e3e42ceb61816841fff
repository_only	FN	public.rcap_onboarding_derive_authorization_actor()	-	cd013cf1efffebcc76e9ed69d828afdf
repository_only	FN	public.rcap_onboarding_derive_idempotency_actor()	-	7b99fd452583ff05aff01ea42ed5d3ec
repository_only	FN	public.rcap_onboarding_guard_change_request_update()	-	a492af8599f9ada8d4803ec8fe20e2d4
repository_only	FN	public.rcap_onboarding_guard_idempotency_update()	-	0129ed316e57c1e417a4d8442f60bea4
repository_only	FN	public.rcap_onboarding_guard_partner_row_mutation()	-	c15f40422a8f544832472912a827d26c
repository_only	FN	public.rcap_onboarding_guard_section_mutation()	-	12f4ef7459f7518970c9a42f8b9ac79c
repository_only	FN	public.rcap_onboarding_prefill_current_value(p_workspace_id uuid, p_section_key text, p_field_key text)	-	541de1aeff4656c4aad60ba1a91d3953
repository_only	FN	public.rcap_onboarding_prevent_append_only_mutation()	-	e1c6a59e27ab5a36a61b3171724a5958
repository_only	FN	public.rcap_onboarding_prevent_authorization_mutation()	-	4bf3de3f86318beabbd0c5b569005ec7
repository_only	FN	public.rcap_onboarding_resolve_partner_record()	-	3166c1022d36fb15d67e329d77a214b3
repository_only	FN	public.rcap_onboarding_validate_agreement_asset()	-	b43bc49fc323892af70406365b87b2a4
repository_only	FN	public.rcap_onboarding_validate_asset_metadata()	-	e9a3d9c29c29ae04aac978f81cf181e2
repository_only	FN	public.rcap_onboarding_validate_change_request_section()	-	1908430d2abce487146eb5016fd9c8dc
repository_only	FN	public.rcap_onboarding_validate_event_workspace()	-	aa42ea1dcb5796e6865127daaa930dcb
repository_only	FN	public.rcap_onboarding_validate_recipient_contact()	-	ba98b917687859468cc0e42930eaeacf
repository_only	FN	public.rcap_packet_mutation_authority()	-	a794f76dcee3afac3ae6a5b2df58be34
repository_only	FN	public.rcap_service_apply_onboarding_prefill(p_partner_slug text, p_actor_user_id uuid, p_workspace_id uuid, p_expected_workspace_version bigint, p_selected_value_ids uuid[], p_section_updates jsonb, p_workspace_completion integer, p_blocker_code text, p_next_action_code text, p_next_action_owner text, p_request_id uuid, p_payload_hash text)	-	b1fa3fdb7b58ec6ef4ac7b4f7af73d16
repository_only	FN	public.rcap_service_assert_internal_actor(p_actor_user_id uuid)	-	a63b4b08c794ae1905800d27d37c8e95
repository_only	FN	public.rcap_service_assert_partner_actor(p_partner_slug text, p_actor_user_id uuid, p_workspace_id uuid)	-	5f936273e916ab44cbfb37d3d4a06e4b
repository_only	FN	public.rcap_service_create_onboarding_workspace(p_partner_slug text, p_actor_user_id uuid, p_request_id uuid, p_target_launch_date date, p_schema_version text, p_payload_hash text)	-	b3c5efbe8685872ab0295c214741ce6f
repository_only	FN	public.rcap_service_delete_onboarding_asset(p_partner_slug text, p_actor_user_id uuid, p_workspace_id uuid, p_asset_id uuid, p_expected_workspace_version bigint, p_payload_hash text, p_workspace_completion integer, p_blocker_code text, p_next_action_code text, p_next_action_owner text, p_request_id uuid)	-	b13fbfb258d2e286534c44d62fd82a44
repository_only	FN	public.rcap_service_ensure_onboarding_artifacts(p_partner_slug text, p_workspace_id uuid, p_generatable_types text[])	-	be2dd67f48d7fdb560ad4d65a8993e3a
repository_only	FN	public.rcap_service_generate_onboarding_artifact_version(p_partner_slug text, p_actor_user_id uuid, p_workspace_id uuid, p_artifact_type text, p_request_id uuid, p_source_workspace_version bigint, p_source_section_revisions jsonb, p_source_asset_versions jsonb, p_normalized_snapshot jsonb, p_snapshot_hash text, p_generator_version text, p_rendered_content jsonb, p_generation_status text, p_generation_error_code text)	-	3e4318e28f4768d101726ce1fe6bb00c
repository_only	FN	public.rcap_service_invalidate_onboarding_artifact_version(p_partner_slug text, p_artifact_version_id uuid, p_current_snapshot_hash text, p_drift_fields text[])	-	927d8bb5d86b777378799a4239c8b291
repository_only	FN	public.rcap_service_invalidate_onboarding_launch_checks(p_partner_slug text, p_workspace_id uuid, p_invalidate_partner_owned boolean, p_reason text)	-	f9ee77ff3ea6d66e332bfaa33dbb2f48
repository_only	FN	public.rcap_service_prepare_onboarding_prefill(p_partner_slug text, p_actor_user_id uuid, p_workspace_id uuid, p_request_id uuid, p_payload_hash text, p_source_summary text, p_batch_status text, p_origin text, p_suggestions jsonb)	-	4f3160db2d776355536a2fce923e06d7
repository_only	FN	public.rcap_service_record_onboarding_asset(p_partner_slug text, p_actor_user_id uuid, p_workspace_id uuid, p_asset_id uuid, p_expected_workspace_version bigint, p_category text, p_object_path text, p_original_filename text, p_safe_filename text, p_media_type text, p_file_extension text, p_byte_size bigint, p_width_pixels integer, p_height_pixels integer, p_sha256_hex text, p_payload_hash text, p_workspace_completion integer, p_blocker_code text, p_next_action_code text, p_next_action_owner text, p_request_id uuid)	-	c90648e434e1bd0fcd730a9f9f495de9
repository_only	FN	public.rcap_service_record_onboarding_launch_approval(p_partner_slug text, p_actor_user_id uuid, p_reviewer_type text, p_workspace_id uuid, p_approval_type text, p_decision text, p_comments text, p_request_id uuid)	-	bde113ed5aaea8b15485c1e8af12fe94
repository_only	FN	public.rcap_service_record_onboarding_launch_check(p_partner_slug text, p_actor_user_id uuid, p_reviewer_type text, p_workspace_id uuid, p_check_key text, p_category text, p_owner_type text, p_blocking boolean, p_status text, p_evidence_summary text, p_request_id uuid)	-	d658245a1370d368dccdfb57bce698a3
repository_only	FN	public.rcap_service_record_onboarding_launch_readiness(p_partner_slug text, p_workspace_id uuid, p_state text)	-	109cef92f007aba56d00fa81835c0c37
repository_only	FN	public.rcap_service_review_onboarding(p_partner_slug text, p_actor_user_id uuid, p_workspace_id uuid, p_expected_workspace_version bigint, p_request_id uuid, p_payload_hash text, p_operation jsonb)	-	62b6db3b209876cf6296036b90737c08
repository_only	FN	public.rcap_service_review_onboarding_artifact(p_partner_slug text, p_actor_user_id uuid, p_reviewer_type text, p_artifact_version_id uuid, p_decision text, p_comments text, p_partner_visible_instructions text, p_request_id uuid)	-	acbc2e1e8827067e82f378918dffe253
repository_only	FN	public.rcap_service_review_onboarding_prefill(p_partner_slug text, p_actor_user_id uuid, p_workspace_id uuid, p_value_id uuid, p_expected_batch_version bigint, p_action text, p_request_id uuid, p_payload_hash text)	-	b06de95ceb664354f521e757e0ea6faa
repository_only	FN	public.rcap_service_save_onboarding_section(p_partner_slug text, p_actor_user_id uuid, p_workspace_id uuid, p_section_key text, p_expected_revision bigint, p_expected_workspace_version bigint, p_response_data jsonb, p_collections jsonb, p_mode text, p_section_completion integer, p_missing_required_keys text[], p_workspace_completion integer, p_blocker_code text, p_next_action_code text, p_next_action_owner text, p_request_id uuid, p_payload_hash text)	-	8dc445356bc89bc26cb005b0369284ab
repository_only	FN	public.rcap_service_save_onboarding_section_with_prefill(p_partner_slug text, p_actor_user_id uuid, p_workspace_id uuid, p_section_key text, p_expected_revision bigint, p_expected_workspace_version bigint, p_response_data jsonb, p_collections jsonb, p_mode text, p_section_completion integer, p_missing_required_keys text[], p_workspace_completion integer, p_blocker_code text, p_next_action_code text, p_next_action_owner text, p_request_id uuid, p_payload_hash text)	-	137440b9bec9eac47207ae71f12fbc62
repository_only	FN	public.rcap_service_submit_onboarding(p_partner_slug text, p_actor_user_id uuid, p_actor_work_email text, p_workspace_id uuid, p_expected_workspace_version bigint, p_request_id uuid, p_payload_hash text, p_schema_version text, p_authorization jsonb)	-	4f0412447eae12e1f90954f515693ac7
repository_only	FN	public.rcap_service_supersede_onboarding_artifact_version(p_partner_slug text, p_actor_user_id uuid, p_artifact_version_id uuid)	-	c31512bae18adf86296ff2859dbcc404
repository_only	FN	public.record_consumer_packet_payment(p_briefcase_item_id uuid, p_payment_status text, p_amount_cents integer, p_currency text, p_payment_provider text, p_provider_event_id text, p_checkout_session_id text, p_payment_intent_id text, p_receipt_url text, p_authority text, p_recorded_by text, p_product_id text, p_person_id uuid, p_matter_id uuid)	-	318e165b068af123aa87e6ff2663749d
repository_only	FN	public.record_packet_delivery_event(p_job_id uuid, p_event_type text, p_actor_user_id uuid, p_request_context jsonb)	-	3eb808609d9bda87fd07de3b4b772ada
repository_only	FN	public.record_partner_packet_generation(p_session_id uuid, p_now timestamp with time zone)	-	aa439c704faf046419643673ad24ab00
repository_only	FN	public.record_rcap_screening_analytics_event(p_session_id uuid, p_event_type text, p_outcome_category text, p_packet_route_available boolean, p_now timestamp with time zone)	-	690091c1a5c064bee10a6d309295fcda
repository_only	FN	public.release_expired_packet_render_claims()	-	89cc1530ea7d817d840a89368ff58e7d
repository_only	FN	public.requeue_packet_render_job_manual(p_job_id uuid, p_authorized_by text)	-	8703353365fcc262d50bcbfc530885f0
repository_only	FN	public.requeue_retryable_packet_render_jobs()	-	f2b411341b71f74bd9af9ba104e86a50
repository_only	FN	public.set_partner_access_codes_updated_at()	-	e10956c54c7f200df83ee540a1d685e6
repository_only	FN	public.set_partner_onboarding_artifact_updated_at()	-	936abdc192982137ce21596d7b39dd04
repository_only	FN	public.set_partner_onboarding_launch_check_updated_at()	-	3e04778dd8bf0b89ea583745cbef2736
repository_only	FN	public.set_partner_onboarding_prefill_updated_at()	-	a7a10fa4710bd369d091e79f40ce4eb2
repository_only	FN	public.set_partner_onboarding_updated_at()	-	c7e62739acdf2076be00f08f9489cfe4
repository_only	FN	public.set_partner_packet_entitlement_updated_at()	-	66108b2163a5095a945767ae67c36fca
repository_only	FN	public.start_packet_render(p_job_id uuid, p_fencing_token uuid)	-	f8b8498f2aaaca1b75228e0103fa931e
repository_only	FN	public.start_packet_validation(p_job_id uuid, p_fencing_token uuid)	-	e203c8a3137664853e5bd19c466abbcd
repository_only	FN	public.validate_partner_access_code(p_partner_slug text, p_code_hash text, p_now timestamp with time zone)	-	5ab08751cd6091131db8272c553e7346
repository_only	IDX	public.consumer_briefcase_items.consumer_briefcase_items_checkout_session_uk	-	7cffc195f2c0af311f8a25ae96e83cf0
repository_only	IDX	public.consumer_briefcase_items.consumer_briefcase_items_provider_event_uk	-	c1282a9807cb01519535610c8860f935
repository_only	IDX	public.consumer_briefcase_items.consumer_briefcase_items_user_source_session_uk	-	e4f336e6be3863bb8e2c05bd0600c8d5
repository_only	IDX	public.consumer_packet_payment_consumption.consumer_packet_payment_consumption_item_uk	-	82c909ce670b6865889fdb23ce6daf83
repository_only	IDX	public.consumer_packet_payment_consumption.consumer_packet_payment_consumption_pkey	-	a0702e682738fc7437ec3d1b34338559
repository_only	IDX	public.consumer_packet_payment_consumption.consumer_packet_payment_consumption_receipt_uk	-	31f116a76401f60a9083f6534a699e43
repository_only	IDX	public.packet_credit_ledger.packet_credit_ledger_consumption_unit_idx	-	729220f2c1227e59b92d23d65b98ec09
repository_only	IDX	public.packet_credit_ledger.packet_credit_ledger_entitlement_idx	-	e2542660804401d789c4412b64470e05
repository_only	IDX	public.packet_credit_ledger.packet_credit_ledger_job_idx	-	0cc69a1d23ee9a28fb0da03c92e24140
repository_only	IDX	public.packet_credit_ledger.packet_credit_ledger_pkey	-	1447e0f7b0fca83139cdb902a97bc341
repository_only	IDX	public.packet_delivery_events.packet_delivery_events_job_idx	-	09e9dc81d7d45158b4de351a9ce60cb6
repository_only	IDX	public.packet_delivery_events.packet_delivery_events_pkey	-	7f5096943e9324bac4524e57d5624828
repository_only	IDX	public.packet_render_jobs.packet_render_jobs_claimable_idx	-	b4e4540be09a31905987f5bb71856e3d
repository_only	IDX	public.packet_render_jobs.packet_render_jobs_consumer_item_idx	-	450212ea4384e4e7492a53f89d0fbc2e
repository_only	IDX	public.packet_render_jobs.packet_render_jobs_input_hash_live_unique	-	dc20f86cb0e42f6d05aa021cfc300638
repository_only	IDX	public.packet_render_jobs.packet_render_jobs_packet_idx	-	e58a997844fcf656ce39966060eea3f9
repository_only	IDX	public.packet_render_jobs.packet_render_jobs_partner_idx	-	2cbaf397310d0d0a4c02f10b9c4f9aa6
repository_only	IDX	public.packet_render_jobs.packet_render_jobs_pkey	-	15e0e3fd5663f7130494c22679436b7d
repository_only	IDX	public.partner_access_codes.partner_access_codes_campaign_idx	-	73f28aef78eecc25bb452adfe1e2423d
repository_only	IDX	public.partner_access_codes.partner_access_codes_code_hash_idx	-	a8ff46a09fc65b32a26fe859ff4a7a8c
repository_only	IDX	public.partner_access_codes.partner_access_codes_partner_active_idx	-	3cd7d8e9a6bb7785294b2923a75aea0f
repository_only	IDX	public.partner_access_codes.partner_access_codes_partner_code_unique	-	abe875d4ee79261f0e5ff5f5fe0bf166
repository_only	IDX	public.partner_access_codes.partner_access_codes_partner_slug_idx	-	d5c45c07f5440e8264d358b80ef0f431
repository_only	IDX	public.partner_access_codes.partner_access_codes_pkey	-	5f447cd870cba13b2a000a87fc7b577f
repository_only	IDX	public.partner_email_deliveries.partner_email_deliveries_created_at_idx	-	8671fbb5dd9f92fa091e8f000285fa2a
repository_only	IDX	public.partner_email_deliveries.partner_email_deliveries_email_type_idx	-	32255eefaa0b3d13edb709eea7ac32c4
repository_only	IDX	public.partner_email_deliveries.partner_email_deliveries_partner_slug_idx	-	195d005954062af75a59ed91a8ac473b
repository_only	IDX	public.partner_email_deliveries.partner_email_deliveries_pkey	-	eeb37aab1877cb45aa79cea7990ac514
repository_only	IDX	public.partner_email_deliveries.partner_email_deliveries_status_idx	-	32cb11c249d2b27a74b9417e2c94e541
repository_only	IDX	public.partner_onboarding.partner_onboarding_partner_record_id_unique	-	c60b4f3b12226ab4711cd694d7c4e521
repository_only	IDX	public.partner_onboarding.partner_onboarding_partner_slug_key	-	012c76c396b471f69ab36d2ff7041167
repository_only	IDX	public.partner_onboarding.partner_onboarding_pkey	-	b8b743f460ad2f78201d77d30855a520
repository_only	IDX	public.partner_onboarding.partner_onboarding_status_idx	-	ad3ebeb70f12c1b110f6a48b574a61ed
repository_only	IDX	public.partner_onboarding.partner_onboarding_submission_request_unique	-	27a0ec5ecd2ffc90ca9db0874c224e3c
repository_only	IDX	public.partner_onboarding.partner_onboarding_target_launch_date_idx	-	6613ef9f188f3fad24e3c34a4c772c03
repository_only	IDX	public.partner_onboarding_activity.partner_onboarding_activity_artifact_event_unique	-	ecc9e814eaad19906839f9734b7b13c7
repository_only	IDX	public.partner_onboarding_activity.partner_onboarding_activity_dedupe_unique	-	8eb60c9a4b06c29baaf4392f19c5be3d
repository_only	IDX	public.partner_onboarding_activity.partner_onboarding_activity_pkey	-	a96aae2c2662de735c48068feaa6cab2
repository_only	IDX	public.partner_onboarding_activity.partner_onboarding_activity_workspace_time_idx	-	fe8fe6ad9304064c7cc8421a553a2a8b
repository_only	IDX	public.partner_onboarding_agreements.partner_onboarding_agreements_pkey	-	183b51b7058bd686723b373ce8993435
repository_only	IDX	public.partner_onboarding_agreements.partner_onboarding_agreements_workspace_status_idx	-	14ea25ae7df3c1b00971b255a1e035bc
repository_only	IDX	public.partner_onboarding_agreements.partner_onboarding_agreements_workspace_type_unique	-	cdf8a26b4ee2636ed154c285c80b1f6c
repository_only	IDX	public.partner_onboarding_artifact_reviews.partner_onboarding_artifact_reviews_pkey	-	7dac99690de039ad9825282ab0e0800d
repository_only	IDX	public.partner_onboarding_artifact_reviews.partner_onboarding_artifact_reviews_request_unique	-	06299e06ff941344bbcfc3a01e3b5fa2
repository_only	IDX	public.partner_onboarding_artifact_reviews.partner_onboarding_artifact_reviews_version_idx	-	b5efbe91267a3969280d3da9d4d8e6c7
repository_only	IDX	public.partner_onboarding_artifact_reviews.partner_onboarding_artifact_reviews_workspace_idx	-	b921d4fa2f3af21afd94f8ba8c69c313
repository_only	IDX	public.partner_onboarding_artifact_versions.partner_onboarding_artifact_versions_artifact_idx	-	5c14f08140e17c975767dc8524e0ea7b
repository_only	IDX	public.partner_onboarding_artifact_versions.partner_onboarding_artifact_versions_number_unique	-	580e9d0540011fdcadbac49a6678a73e
repository_only	IDX	public.partner_onboarding_artifact_versions.partner_onboarding_artifact_versions_pkey	-	1772af4f8f2f26adaddcc759603de797
repository_only	IDX	public.partner_onboarding_artifact_versions.partner_onboarding_artifact_versions_request_unique	-	d32ce19aef7081f4d42351b0b26804b5
repository_only	IDX	public.partner_onboarding_artifact_versions.partner_onboarding_artifact_versions_workspace_idx	-	f256d6bc778ea94d0cb226b9040237c8
repository_only	IDX	public.partner_onboarding_artifacts.partner_onboarding_artifacts_partner_idx	-	4fedcb705935f402538b932c4c523a11
repository_only	IDX	public.partner_onboarding_artifacts.partner_onboarding_artifacts_pkey	-	5ad86e8c6f44c6c2673cb81067f67ded
repository_only	IDX	public.partner_onboarding_artifacts.partner_onboarding_artifacts_workspace_idx	-	e90d3b75a9db6edf5fa47d8e4054fc95
repository_only	IDX	public.partner_onboarding_artifacts.partner_onboarding_artifacts_workspace_type_unique	-	2ab5a63baf8502368b211674c9fcea5e
repository_only	IDX	public.partner_onboarding_assets.partner_onboarding_assets_current_category_unique	-	0cabeef6c41f2e572c4146a1b133d356
repository_only	IDX	public.partner_onboarding_assets.partner_onboarding_assets_object_path_unique	-	7d639ad7584d64d6e6de72236d11b8ad
repository_only	IDX	public.partner_onboarding_assets.partner_onboarding_assets_pkey	-	3670d6a8db67668f95ba80a8dabd669a
repository_only	IDX	public.partner_onboarding_assets.partner_onboarding_assets_workspace_idx	-	e8dba3ab027f652b456cbd9cb27e725b
repository_only	IDX	public.partner_onboarding_authorizations.partner_onboarding_authorizations_pkey	-	368dab50e4f99e3869915924e60417e0
repository_only	IDX	public.partner_onboarding_authorizations.partner_onboarding_authorizations_workspace_request_unique	-	9c14da8ba287594ac8f94364642dc461
repository_only	IDX	public.partner_onboarding_authorizations.partner_onboarding_authorizations_workspace_time_idx	-	eaf5318e174c02ad9b4faaeb4a9a32df
repository_only	IDX	public.partner_onboarding_change_request_internal_notes.partner_onboarding_change_request_internal_notes_pkey	-	15ce898f550462e0206db4f4fb7d156a
repository_only	IDX	public.partner_onboarding_change_request_internal_notes.partner_onboarding_change_request_internal_notes_request_idx	-	9ccccfdb80c4085e8a81968d886c3a14
repository_only	IDX	public.partner_onboarding_change_requests.partner_onboarding_change_requests_one_open_per_section	-	9f531c9875e299b9527ae3bfb2671d4e
repository_only	IDX	public.partner_onboarding_change_requests.partner_onboarding_change_requests_pkey	-	6e0c63074cd9515d74ed749ba442b2a0
repository_only	IDX	public.partner_onboarding_change_requests.partner_onboarding_change_requests_workspace_status_idx	-	cf791fec17dc0706638cbb174d97962a
repository_only	IDX	public.partner_onboarding_contacts.partner_onboarding_contacts_active_role_unique	-	5a77c81ef648856bcce5bebf57e4c960
repository_only	IDX	public.partner_onboarding_contacts.partner_onboarding_contacts_pkey	-	5f915a0f22fb23eae9dc8862870db13c
repository_only	IDX	public.partner_onboarding_contacts.partner_onboarding_contacts_workspace_idx	-	b049ca3be5d7e60238ae82441b477097
repository_only	IDX	public.partner_onboarding_idempotency.partner_onboarding_idempotency_expiry_idx	-	9a87fbc438f93760b1e3d555f71b77c5
repository_only	IDX	public.partner_onboarding_idempotency.partner_onboarding_idempotency_pkey	-	e106a1b8127a9220ab48143127d6f76a
repository_only	IDX	public.partner_onboarding_idempotency.partner_onboarding_idempotency_request_unique	-	9ca39aa8653eeeb7860218d098aa7836
repository_only	IDX	public.partner_onboarding_idempotency.partner_onboarding_idempotency_workspace_created_idx	-	df32b20e62c7a3c595fccf468ec3ba8c
repository_only	IDX	public.partner_onboarding_idempotency.partner_onboarding_idempotency_workspace_operation_request_uniq	-	77b0017fdbad9c8728fd35b5a6b48196
repository_only	IDX	public.partner_onboarding_integration_events.partner_onboarding_integration_events_idempotency_unique	-	fc3c41d3d1d8e31c457278a5bd813d79
repository_only	IDX	public.partner_onboarding_integration_events.partner_onboarding_integration_events_pkey	-	e51744b4f3297e87172d3ab1710d7d16
repository_only	IDX	public.partner_onboarding_integration_events.partner_onboarding_integration_events_workspace_version_idx	-	66d42028d246a1245de7acc9a8e63d0e
repository_only	IDX	public.partner_onboarding_launch_approvals.partner_onboarding_launch_approvals_pkey	-	ebb86689f015db6d9403874aab48201b
repository_only	IDX	public.partner_onboarding_launch_approvals.partner_onboarding_launch_approvals_request_unique	-	d1c6d3e6937227dad8f22c35130bbb93
repository_only	IDX	public.partner_onboarding_launch_approvals.partner_onboarding_launch_approvals_workspace_idx	-	e58e1ed94fd5055aeb8bb0db4f07ebd7
repository_only	IDX	public.partner_onboarding_launch_checks.partner_onboarding_launch_checks_partner_idx	-	d3b35bdfeefc5c76b011e9d645d455a2
repository_only	IDX	public.partner_onboarding_launch_checks.partner_onboarding_launch_checks_pkey	-	c7ca97f460c562a601b17aa2bc720c8c
repository_only	IDX	public.partner_onboarding_launch_checks.partner_onboarding_launch_checks_request_unique	-	d534cebc70c2ff10e364ddbc4a630f63
repository_only	IDX	public.partner_onboarding_launch_checks.partner_onboarding_launch_checks_workspace_idx	-	6ed86ebc69dd19696911627f38d9ecf7
repository_only	IDX	public.partner_onboarding_launch_checks.partner_onboarding_launch_checks_workspace_key_unique	-	a86f981de63ef9834ed0411a474b6a30
repository_only	IDX	public.partner_onboarding_planned_users.partner_onboarding_planned_users_active_email_unique	-	696c64c09c5488a46e7cb5aaa0efbafc
repository_only	IDX	public.partner_onboarding_planned_users.partner_onboarding_planned_users_pkey	-	c482e55011436cdd552390d458049e1d
repository_only	IDX	public.partner_onboarding_planned_users.partner_onboarding_planned_users_workspace_idx	-	a0ce1a19598b2ac846e0d2dd4c7474db
repository_only	IDX	public.partner_onboarding_prefill_batches.partner_onboarding_prefill_batches_partner_status_idx	-	3c8299018b9c454fed91e24e98fb84b1
repository_only	IDX	public.partner_onboarding_prefill_batches.partner_onboarding_prefill_batches_pkey	-	40dc75ba835b9e4d8f45960c1e6a6e45
repository_only	IDX	public.partner_onboarding_prefill_batches.partner_onboarding_prefill_batches_request_unique	-	c87aeb4530459a4ed07261a07f832075
repository_only	IDX	public.partner_onboarding_prefill_batches.partner_onboarding_prefill_batches_workspace_time_idx	-	b2eae351802f653563e9b713c1dc707d
repository_only	IDX	public.partner_onboarding_prefill_values.partner_onboarding_prefill_values_active_field_unique	-	5eb0405e007b81842d36510cfc148506
repository_only	IDX	public.partner_onboarding_prefill_values.partner_onboarding_prefill_values_batch_status_idx	-	23bd892d07ca4609460a154c90f76d88
repository_only	IDX	public.partner_onboarding_prefill_values.partner_onboarding_prefill_values_pkey	-	e70e3ce2e9c5436cdaa99231c59a80bf
repository_only	IDX	public.partner_onboarding_prefill_values.partner_onboarding_prefill_values_section_pending_idx	-	5a57b816f93a888a1cbdee4f61d6fd64
repository_only	IDX	public.partner_onboarding_prefill_values.partner_onboarding_prefill_values_workspace_status_idx	-	c5da6dc9a7d9d7e7b780cd9d006a31d5
repository_only	IDX	public.partner_onboarding_report_recipients.partner_onboarding_report_recipients_active_email_unique	-	5145c55282688c9d6a826de22fde7a01
repository_only	IDX	public.partner_onboarding_report_recipients.partner_onboarding_report_recipients_pkey	-	3d58535f8c6110ef1b5bea10f9b54ffd
repository_only	IDX	public.partner_onboarding_report_recipients.partner_onboarding_report_recipients_workspace_idx	-	b844b746441dd6d9b8094fdfdd7f6157
repository_only	IDX	public.partner_onboarding_sections.partner_onboarding_sections_pkey	-	c2a286060d81875ed03433010400fbfc
repository_only	IDX	public.partner_onboarding_sections.partner_onboarding_sections_workspace_key_unique	-	e605fe7e951ad479f02b137b4ceacd26
repository_only	IDX	public.partner_onboarding_sections.partner_onboarding_sections_workspace_status_idx	-	0f307f41a07f7651bc0bbed822f3fcb0
repository_only	IDX	public.partner_onboarding_tasks.partner_onboarding_tasks_partner_idx	-	71002cd600e74fa049a0f7294aaf0494
repository_only	IDX	public.partner_onboarding_tasks.partner_onboarding_tasks_pkey	-	8db141749a86e70bc8d8654367fca7bc
repository_only	IDX	public.partner_onboarding_tasks.partner_onboarding_tasks_unique	-	98e75c47aac751a4e3c410b63928fe76
repository_only	IDX	public.partner_packet_entitlement.partner_packet_entitlement_active_unique	-	2a812bfcfeeb8bdc1c8fafe985b121e3
repository_only	IDX	public.partner_packet_entitlement.partner_packet_entitlement_pkey	-	a001e498e0378c708d499c6e4923ba7f
repository_only	IDX	public.partner_records.partner_records_stripe_checkout_session_id_idx	-	190eea13b5582c1a54fc2ffac112a2c7
repository_only	IDX	public.rcap_document_packets.rcap_document_packets_dc_pathway_idx	-	98033022f571344397539a521962222c
repository_only	IDX	public.rcap_document_packets.rcap_document_packets_remedy_type_idx	-	df2fe426ff7fab17e8c0c410f2040d66
repository_only	IDX	public.rcap_document_packets.rcap_document_packets_state_pathway_idx	-	ebc784014cbcefeacb1f57ede8aa617d
repository_only	IDX	public.rcap_screening_analytics_events.rcap_screening_analytics_events_code_idx	-	a4807650eda2041a2188d14b1ecdb49d
repository_only	IDX	public.rcap_screening_analytics_events.rcap_screening_analytics_events_partner_idx	-	704c517a42d7f7edd636a2b66716d207
repository_only	IDX	public.rcap_screening_analytics_events.rcap_screening_analytics_events_pkey	-	2ef006a666a2890be605e0105f3f2016
repository_only	IDX	public.rcap_screening_analytics_events.rcap_screening_analytics_events_session_idx	-	b8940ee68b893ded485d0ea4a9817313
repository_only	IDX	public.screening_sessions.screening_sessions_nudge_due_idx	-	6747ee66299dc1bc8f473527c6172406
repository_only	IDX	public.screening_sessions.screening_sessions_partner_access_code_idx	-	d0d7efd190a010ee75e7f1c64291bec1
repository_only	POL	public.partner_access_codes.partner_access_codes_select_internal_admin	-	7e9d7ae62b011bbddbcbaf4b2fec8ddf
repository_only	POL	public.partner_access_codes.partner_access_codes_select_own_partner	-	2f921dfbeb3cad6a6a12c60311f4cf6b
repository_only	POL	public.partner_email_deliveries.partner_email_deliveries_select_internal_admin	-	7e9d7ae62b011bbddbcbaf4b2fec8ddf
repository_only	POL	public.partner_email_deliveries.partner_email_deliveries_select_own_partner	-	2f921dfbeb3cad6a6a12c60311f4cf6b
repository_only	POL	public.partner_entitlement.rcap_onboarding_entitlement_select_internal	-	7e9d7ae62b011bbddbcbaf4b2fec8ddf
repository_only	POL	public.partner_entitlement.rcap_onboarding_entitlement_select_partner	-	2f921dfbeb3cad6a6a12c60311f4cf6b
repository_only	POL	public.partner_onboarding.partner_onboarding_insert_internal_admin	-	f201e118074803204258e2451798b1f0
repository_only	POL	public.partner_onboarding.partner_onboarding_select_internal_admin	-	7e9d7ae62b011bbddbcbaf4b2fec8ddf
repository_only	POL	public.partner_onboarding.partner_onboarding_select_own_partner	-	2f921dfbeb3cad6a6a12c60311f4cf6b
repository_only	POL	public.partner_onboarding.partner_onboarding_update_internal_admin	-	3e00b4677cdf47b47c3dff9122163d6b
repository_only	POL	public.partner_onboarding_activity.partner_onboarding_activity_all_internal	-	d49edbba3ad5ee6a1e25765ef03dde97
repository_only	POL	public.partner_onboarding_activity.partner_onboarding_activity_select_partner	-	1c86caba85d3cf0bd89320a13760df8e
repository_only	POL	public.partner_onboarding_agreements.partner_onboarding_agreements_all_internal	-	d49edbba3ad5ee6a1e25765ef03dde97
repository_only	POL	public.partner_onboarding_agreements.partner_onboarding_agreements_select_partner	-	cc61d0289e3b635d37f0ca0f9d32bbe9
repository_only	POL	public.partner_onboarding_artifact_reviews.partner_onboarding_artifact_reviews_all_internal	-	d49edbba3ad5ee6a1e25765ef03dde97
repository_only	POL	public.partner_onboarding_artifact_reviews.partner_onboarding_artifact_reviews_select_partner	-	0682df304527893714c0cffd97b9dc8b
repository_only	POL	public.partner_onboarding_artifact_versions.partner_onboarding_artifact_versions_all_internal	-	d49edbba3ad5ee6a1e25765ef03dde97
repository_only	POL	public.partner_onboarding_artifact_versions.partner_onboarding_artifact_versions_select_partner	-	b3e4e47825691461625d40fc34912b5d
repository_only	POL	public.partner_onboarding_artifacts.partner_onboarding_artifacts_all_internal	-	d49edbba3ad5ee6a1e25765ef03dde97
repository_only	POL	public.partner_onboarding_artifacts.partner_onboarding_artifacts_select_partner	-	ffd7183c503d69f75b938ace60c050ba
repository_only	POL	public.partner_onboarding_assets.partner_onboarding_assets_all_internal	-	d49edbba3ad5ee6a1e25765ef03dde97
repository_only	POL	public.partner_onboarding_assets.partner_onboarding_assets_select_partner	-	de71604e026238317190cf3b38521ff6
repository_only	POL	public.partner_onboarding_authorizations.partner_onboarding_authorizations_all_internal	-	d49edbba3ad5ee6a1e25765ef03dde97
repository_only	POL	public.partner_onboarding_authorizations.partner_onboarding_authorizations_select_partner	-	2d21578c3d8136245069254e5147e1d2
repository_only	POL	public.partner_onboarding_change_request_internal_notes.partner_onboarding_change_request_notes_all_internal	-	d49edbba3ad5ee6a1e25765ef03dde97
repository_only	POL	public.partner_onboarding_change_requests.partner_onboarding_change_requests_all_internal	-	d49edbba3ad5ee6a1e25765ef03dde97
repository_only	POL	public.partner_onboarding_change_requests.partner_onboarding_change_requests_select_partner	-	08214d5769754b6110e71f84c46d09de
repository_only	POL	public.partner_onboarding_change_requests.partner_onboarding_change_requests_update_partner_admin	-	af1400bae4b7585596ead9039b4b8f49
repository_only	POL	public.partner_onboarding_contacts.partner_onboarding_contacts_all_internal	-	d49edbba3ad5ee6a1e25765ef03dde97
repository_only	POL	public.partner_onboarding_contacts.partner_onboarding_contacts_select_partner	-	f5e6624bb4cbd242178775a1b1a6830b
repository_only	POL	public.partner_onboarding_idempotency.partner_onboarding_idempotency_all_internal	-	d49edbba3ad5ee6a1e25765ef03dde97
repository_only	POL	public.partner_onboarding_integration_events.partner_onboarding_integration_events_all_internal	-	d49edbba3ad5ee6a1e25765ef03dde97
repository_only	POL	public.partner_onboarding_launch_approvals.partner_onboarding_launch_approvals_all_internal	-	d49edbba3ad5ee6a1e25765ef03dde97
repository_only	POL	public.partner_onboarding_launch_approvals.partner_onboarding_launch_approvals_select_partner	-	cb7715dbbce234331a57284a01dce1a4
repository_only	POL	public.partner_onboarding_launch_checks.partner_onboarding_launch_checks_all_internal	-	d49edbba3ad5ee6a1e25765ef03dde97
repository_only	POL	public.partner_onboarding_launch_checks.partner_onboarding_launch_checks_select_partner	-	7179608f4e9506731b0d41565cb657f8
repository_only	POL	public.partner_onboarding_planned_users.partner_onboarding_planned_users_all_internal	-	d49edbba3ad5ee6a1e25765ef03dde97
repository_only	POL	public.partner_onboarding_planned_users.partner_onboarding_planned_users_select_partner	-	aeaa57a43b8550a780aee5bc0f0e7274
repository_only	POL	public.partner_onboarding_prefill_batches.partner_onboarding_prefill_batches_all_internal	-	d49edbba3ad5ee6a1e25765ef03dde97
repository_only	POL	public.partner_onboarding_prefill_values.partner_onboarding_prefill_values_all_internal	-	d49edbba3ad5ee6a1e25765ef03dde97
repository_only	POL	public.partner_onboarding_prefill_values.partner_onboarding_prefill_values_select_applied_partner	-	4cf4c5b16691a447bbb1c8a0c5bfe121
repository_only	POL	public.partner_onboarding_report_recipients.partner_onboarding_report_recipients_all_internal	-	d49edbba3ad5ee6a1e25765ef03dde97
repository_only	POL	public.partner_onboarding_report_recipients.partner_onboarding_report_recipients_select_partner	-	b816f12cb2c34d5720c142aa9d592b7d
repository_only	POL	public.partner_onboarding_sections.partner_onboarding_sections_all_internal	-	d49edbba3ad5ee6a1e25765ef03dde97
repository_only	POL	public.partner_onboarding_sections.partner_onboarding_sections_select_internal	-	7e9d7ae62b011bbddbcbaf4b2fec8ddf
repository_only	POL	public.partner_onboarding_sections.partner_onboarding_sections_select_partner	-	5fa3aec8735b76e87304382df83940d1
repository_only	POL	public.partner_onboarding_tasks.partner_onboarding_tasks_select_internal_admin	-	7e9d7ae62b011bbddbcbaf4b2fec8ddf
repository_only	POL	public.partner_onboarding_tasks.partner_onboarding_tasks_select_own_partner	-	2f921dfbeb3cad6a6a12c60311f4cf6b
repository_only	POL	public.rcap_persons.rcap_persons_service_role_all	-	c11737466a1508ab74fa5622b6280958
repository_only	POL	public.rcap_screening_analytics_events.rcap_screening_analytics_select_internal_admin	-	7e9d7ae62b011bbddbcbaf4b2fec8ddf
repository_only	POL	public.rcap_screening_analytics_events.rcap_screening_analytics_select_own_partner	-	2f921dfbeb3cad6a6a12c60311f4cf6b
repository_only	REL	public.consumer_packet_payment_consumption	-	783ada60aea403220a11415993887d32
repository_only	REL	public.packet_credit_ledger	-	fe2168fbae7591d690ba400cb5c3807e
repository_only	REL	public.packet_delivery_events	-	fe2168fbae7591d690ba400cb5c3807e
repository_only	REL	public.packet_render_jobs	-	fe2168fbae7591d690ba400cb5c3807e
repository_only	REL	public.partner_access_codes	-	938a3b7f04b44e75df1fbb6357abf91a
repository_only	REL	public.partner_email_deliveries	-	938a3b7f04b44e75df1fbb6357abf91a
repository_only	REL	public.partner_onboarding	-	3e96c6c8e5ace53ff56a9f4a0a39dade
repository_only	REL	public.partner_onboarding_activity	-	e6a1b4ca712985f49b8f0fe7642b40b0
repository_only	REL	public.partner_onboarding_agreements	-	3e96c6c8e5ace53ff56a9f4a0a39dade
repository_only	REL	public.partner_onboarding_agreements_safe	-	37f1f6d41f307d1b3b2f85e53ed799ca
repository_only	REL	public.partner_onboarding_artifact_reviews	-	e6a1b4ca712985f49b8f0fe7642b40b0
repository_only	REL	public.partner_onboarding_artifact_versions	-	3e96c6c8e5ace53ff56a9f4a0a39dade
repository_only	REL	public.partner_onboarding_artifact_versions_safe	-	37f1f6d41f307d1b3b2f85e53ed799ca
repository_only	REL	public.partner_onboarding_artifacts	-	3e96c6c8e5ace53ff56a9f4a0a39dade
repository_only	REL	public.partner_onboarding_assets	-	3e96c6c8e5ace53ff56a9f4a0a39dade
repository_only	REL	public.partner_onboarding_assets_safe	-	37f1f6d41f307d1b3b2f85e53ed799ca
repository_only	REL	public.partner_onboarding_authorizations	-	7a1e9452bdf0367ceeadd6f1b5f405f5
repository_only	REL	public.partner_onboarding_change_request_internal_notes	-	b59451452d9d8a4b46f9695b4f3cb170
repository_only	REL	public.partner_onboarding_change_requests	-	3e96c6c8e5ace53ff56a9f4a0a39dade
repository_only	REL	public.partner_onboarding_change_requests_safe	-	37f1f6d41f307d1b3b2f85e53ed799ca
repository_only	REL	public.partner_onboarding_contacts	-	7e317e395e4bc570a8fd05d7418100c0
repository_only	REL	public.partner_onboarding_idempotency	-	3e96c6c8e5ace53ff56a9f4a0a39dade
repository_only	REL	public.partner_onboarding_integration_events	-	e6a1b4ca712985f49b8f0fe7642b40b0
repository_only	REL	public.partner_onboarding_launch_approvals	-	e6a1b4ca712985f49b8f0fe7642b40b0
repository_only	REL	public.partner_onboarding_launch_checks	-	3e96c6c8e5ace53ff56a9f4a0a39dade
repository_only	REL	public.partner_onboarding_planned_users	-	3e96c6c8e5ace53ff56a9f4a0a39dade
repository_only	REL	public.partner_onboarding_prefill_batches	-	3e96c6c8e5ace53ff56a9f4a0a39dade
repository_only	REL	public.partner_onboarding_prefill_values	-	3e96c6c8e5ace53ff56a9f4a0a39dade
repository_only	REL	public.partner_onboarding_prefill_values_safe	-	37f1f6d41f307d1b3b2f85e53ed799ca
repository_only	REL	public.partner_onboarding_report_recipients	-	7e317e395e4bc570a8fd05d7418100c0
repository_only	REL	public.partner_onboarding_sections	-	7e317e395e4bc570a8fd05d7418100c0
repository_only	REL	public.partner_onboarding_tasks	-	783ada60aea403220a11415993887d32
repository_only	REL	public.partner_onboarding_tasks_safe	-	37f1f6d41f307d1b3b2f85e53ed799ca
repository_only	REL	public.partner_onboarding_workspace_safe	-	37f1f6d41f307d1b3b2f85e53ed799ca
repository_only	REL	public.partner_packet_entitlement	-	3e96c6c8e5ace53ff56a9f4a0a39dade
repository_only	REL	public.rcap_screening_analytics_events	-	938a3b7f04b44e75df1fbb6357abf91a
repository_only	VIEW	public.partner_onboarding_agreements_safe	-	38c6b5321433a42eb507841c03d729fb
repository_only	VIEW	public.partner_onboarding_artifact_versions_safe	-	d758086cf4e4e36762a1d7deeeaf3190
repository_only	VIEW	public.partner_onboarding_assets_safe	-	e04413f52be3222f929d33df4ab265fc
repository_only	VIEW	public.partner_onboarding_change_requests_safe	-	f6ef902e7e2d675e2805cf9de6de4ca0
repository_only	VIEW	public.partner_onboarding_prefill_values_safe	-	b5fcb24411b03faab4cc4e06496c4394
repository_only	VIEW	public.partner_onboarding_tasks_safe	-	7cb551ab1b6a1a561a08d60e58ff1f33
repository_only	VIEW	public.partner_onboarding_workspace_safe	-	cde748a0fdf32e9c27b0dded1e5f8bf1
