ks-21-6614-conviction-set	Set up job	﻿2026-09-12T03:15:05.7115491Z Current runner version: '2.337.0'
ks-21-6614-conviction-set	Set up job	2026-09-12T03:15:05.7139878Z ##[group]Runner Image Provisioner
ks-21-6614-conviction-set	Set up job	2026-09-12T03:15:05.7141176Z Hosted Compute Agent
ks-21-6614-conviction-set	Set up job	2026-09-12T03:15:05.7141782Z Version: 20260828.587
ks-21-6614-conviction-set	Set up job	2026-09-12T03:15:05.7142392Z Commit: abac92662cab4cc7352de4f9f9d2e2419aad9c29
ks-21-6614-conviction-set	Set up job	2026-09-12T03:15:05.7143149Z Build Date: 2026-08-28T16:44:25Z
ks-21-6614-conviction-set	Set up job	2026-09-12T03:15:05.7143800Z Worker ID: {9b0c6a6b-a062-4381-b36d-f57afba6b497}
ks-21-6614-conviction-set	Set up job	2026-09-12T03:15:05.7144537Z Azure Region: westcentralus
ks-21-6614-conviction-set	Set up job	2026-09-12T03:15:05.7145135Z ##[endgroup]
ks-21-6614-conviction-set	Set up job	2026-09-12T03:15:05.7146590Z ##[group]Operating System
ks-21-6614-conviction-set	Set up job	2026-09-12T03:15:05.7147276Z Ubuntu
ks-21-6614-conviction-set	Set up job	2026-09-12T03:15:05.7147776Z 24.04.5
ks-21-6614-conviction-set	Set up job	2026-09-12T03:15:05.7148254Z LTS
ks-21-6614-conviction-set	Set up job	2026-09-12T03:15:05.7148785Z ##[endgroup]
ks-21-6614-conviction-set	Set up job	2026-09-12T03:15:05.7149306Z ##[group]Runner Image
ks-21-6614-conviction-set	Set up job	2026-09-12T03:15:05.7150208Z Image: ubuntu-24.04
ks-21-6614-conviction-set	Set up job	2026-09-12T03:15:05.7150920Z Version: 20260907.300.1
ks-21-6614-conviction-set	Set up job	2026-09-12T03:15:05.7151935Z Included Software: https://github.com/actions/runner-images/blob/ubuntu24/20260907.300/images/ubuntu/Ubuntu2404-Readme.md
ks-21-6614-conviction-set	Set up job	2026-09-12T03:15:05.7153537Z Image Release: https://github.com/actions/runner-images/releases/tag/ubuntu24%2F20260907.300
ks-21-6614-conviction-set	Set up job	2026-09-12T03:15:05.7154436Z ##[endgroup]
ks-21-6614-conviction-set	Set up job	2026-09-12T03:15:05.7155478Z ##[group]GITHUB_TOKEN Permissions
ks-21-6614-conviction-set	Set up job	2026-09-12T03:15:05.7157670Z Contents: read
ks-21-6614-conviction-set	Set up job	2026-09-12T03:15:05.7158235Z Metadata: read
ks-21-6614-conviction-set	Set up job	2026-09-12T03:15:05.7158763Z ##[endgroup]
ks-21-6614-conviction-set	Set up job	2026-09-12T03:15:05.7160828Z Secret source: Actions
ks-21-6614-conviction-set	Set up job	2026-09-12T03:15:05.7161693Z Cache mode: write
ks-21-6614-conviction-set	Set up job	2026-09-12T03:15:05.7162428Z Prepare workflow directory
ks-21-6614-conviction-set	Set up job	2026-09-12T03:15:05.7480263Z Prepare all required actions
ks-21-6614-conviction-set	Set up job	2026-09-12T03:15:05.7530367Z Getting action download info
ks-21-6614-conviction-set	Set up job	2026-09-12T03:15:06.0933192Z Download action repository 'actions/checkout@v4' (SHA:11d5960a326750d5838078e36cf38b85af677262)
ks-21-6614-conviction-set	Set up job	2026-09-12T03:15:06.2079183Z Download action repository 'actions/setup-node@v4' (SHA:49933ea5288caeca8642d1e84afbd3f7d6820020)
ks-21-6614-conviction-set	Set up job	2026-09-12T03:15:06.3293515Z Download action repository 'actions/setup-python@v5' (SHA:a26af69be951a213d495a4c3e4e4022e16d87065)
ks-21-6614-conviction-set	Set up job	2026-09-12T03:15:06.4530180Z Download action repository 'actions/upload-artifact@v4' (SHA:ea165f8d65b6e75b540449e92b4886f43607fa02)
ks-21-6614-conviction-set	Set up job	2026-09-12T03:15:06.7831971Z Complete job name: ks-21-6614-conviction-set
ks-21-6614-conviction-set	Run actions/checkout@v4	﻿2026-09-12T03:15:06.8670462Z Node 20 is being deprecated. This workflow is running with Node 24 by default. If you need to temporarily use Node 20, you can set the ACTIONS_ALLOW_USE_UNSECURE_NODE_VERSION=true environment variable. For more information see: https://github.blog/changelog/2025-09-19-deprecation-of-node-20-on-github-actions-runners/
ks-21-6614-conviction-set	Run actions/checkout@v4	2026-09-12T03:15:06.8681708Z ##[group]Run actions/checkout@v4
ks-21-6614-conviction-set	Run actions/checkout@v4	2026-09-12T03:15:06.8683053Z with:
ks-21-6614-conviction-set	Run actions/checkout@v4	2026-09-12T03:15:06.8684044Z   ref: f6fc009ffc3a94b1a4bc9db84888db3a081f9f01
ks-21-6614-conviction-set	Run actions/checkout@v4	2026-09-12T03:15:06.8685679Z   repository: Roger-LegalEase/legalease-partner-dashboard-clean
ks-21-6614-conviction-set	Run actions/checkout@v4	2026-09-12T03:15:06.8693942Z   token: ***
ks-21-6614-conviction-set	Run actions/checkout@v4	2026-09-12T03:15:06.8695229Z   ssh-strict: true
ks-21-6614-conviction-set	Run actions/checkout@v4	2026-09-12T03:15:06.8696174Z   ssh-user: git
ks-21-6614-conviction-set	Run actions/checkout@v4	2026-09-12T03:15:06.8697124Z   persist-credentials: true
ks-21-6614-conviction-set	Run actions/checkout@v4	2026-09-12T03:15:06.8698277Z   clean: true
ks-21-6614-conviction-set	Run actions/checkout@v4	2026-09-12T03:15:06.8699249Z   sparse-checkout-cone-mode: true
ks-21-6614-conviction-set	Run actions/checkout@v4	2026-09-12T03:15:06.8700368Z   fetch-depth: 1
ks-21-6614-conviction-set	Run actions/checkout@v4	2026-09-12T03:15:06.8701543Z   fetch-tags: false
ks-21-6614-conviction-set	Run actions/checkout@v4	2026-09-12T03:15:06.8702500Z   show-progress: true
ks-21-6614-conviction-set	Run actions/checkout@v4	2026-09-12T03:15:06.8703676Z   lfs: false
ks-21-6614-conviction-set	Run actions/checkout@v4	2026-09-12T03:15:06.8704542Z   submodules: false
ks-21-6614-conviction-set	Run actions/checkout@v4	2026-09-12T03:15:06.8705561Z   set-safe-directory: true
ks-21-6614-conviction-set	Run actions/checkout@v4	2026-09-12T03:15:06.8706669Z   allow-unsafe-pr-checkout: false
ks-21-6614-conviction-set	Run actions/checkout@v4	2026-09-12T03:15:06.8708064Z ##[endgroup]
ks-21-6614-conviction-set	Run actions/checkout@v4	2026-09-12T03:15:06.9746161Z Syncing repository: Roger-LegalEase/legalease-partner-dashboard-clean
ks-21-6614-conviction-set	Run actions/checkout@v4	2026-09-12T03:15:06.9749434Z ##[group]Getting Git version info
ks-21-6614-conviction-set	Run actions/checkout@v4	2026-09-12T03:15:06.9751636Z Working directory is '/home/runner/work/legalease-partner-dashboard-clean/legalease-partner-dashboard-clean'
ks-21-6614-conviction-set	Run actions/checkout@v4	2026-09-12T03:15:06.9754283Z [command]/usr/bin/git version
ks-21-6614-conviction-set	Run actions/checkout@v4	2026-09-12T03:15:06.9823737Z git version 2.55.0
ks-21-6614-conviction-set	Run actions/checkout@v4	2026-09-12T03:15:06.9856884Z ##[endgroup]
ks-21-6614-conviction-set	Run actions/checkout@v4	2026-09-12T03:15:06.9877668Z Temporarily overriding HOME='/home/runner/work/_temp/9db7d925-a907-4c43-aac9-6ae6578b6ac5' before making global git config changes
ks-21-6614-conviction-set	Run actions/checkout@v4	2026-09-12T03:15:06.9887557Z Adding repository directory to the temporary git global config as a safe directory
ks-21-6614-conviction-set	Run actions/checkout@v4	2026-09-12T03:15:06.9892325Z [command]/usr/bin/git config --global --add safe.directory /home/runner/work/legalease-partner-dashboard-clean/legalease-partner-dashboard-clean
ks-21-6614-conviction-set	Run actions/checkout@v4	2026-09-12T03:15:06.9927708Z Deleting the contents of '/home/runner/work/legalease-partner-dashboard-clean/legalease-partner-dashboard-clean'
ks-21-6614-conviction-set	Run actions/checkout@v4	2026-09-12T03:15:06.9932310Z ##[group]Initializing the repository
ks-21-6614-conviction-set	Run actions/checkout@v4	2026-09-12T03:15:06.9937668Z [command]/usr/bin/git init /home/runner/work/legalease-partner-dashboard-clean/legalease-partner-dashboard-clean
ks-21-6614-conviction-set	Run actions/checkout@v4	2026-09-12T03:15:07.0036217Z hint: Using 'master' as the name for the initial branch. This default branch name
ks-21-6614-conviction-set	Run actions/checkout@v4	2026-09-12T03:15:07.0039634Z hint: will change to "main" in Git 3.0. To configure the initial branch name
ks-21-6614-conviction-set	Run actions/checkout@v4	2026-09-12T03:15:07.0042851Z hint: to use in all of your new repositories, which will suppress this warning,
ks-21-6614-conviction-set	Run actions/checkout@v4	2026-09-12T03:15:07.0045438Z hint: call:
ks-21-6614-conviction-set	Run actions/checkout@v4	2026-09-12T03:15:07.0046782Z hint:
ks-21-6614-conviction-set	Run actions/checkout@v4	2026-09-12T03:15:07.0048440Z hint: 	git config --global init.defaultBranch <name>
ks-21-6614-conviction-set	Run actions/checkout@v4	2026-09-12T03:15:07.0050477Z hint:
ks-21-6614-conviction-set	Run actions/checkout@v4	2026-09-12T03:15:07.0052519Z hint: Names commonly chosen instead of 'master' are 'main', 'trunk' and
ks-21-6614-conviction-set	Run actions/checkout@v4	2026-09-12T03:15:07.0055307Z hint: 'development'. The just-created branch can be renamed via this command:
ks-21-6614-conviction-set	Run actions/checkout@v4	2026-09-12T03:15:07.0057688Z hint:
ks-21-6614-conviction-set	Run actions/checkout@v4	2026-09-12T03:15:07.0058938Z hint: 	git branch -m <name>
ks-21-6614-conviction-set	Run actions/checkout@v4	2026-09-12T03:15:07.0060356Z hint:
ks-21-6614-conviction-set	Run actions/checkout@v4	2026-09-12T03:15:07.0062708Z hint: Disable this message with "git config set advice.defaultBranchName false"
ks-21-6614-conviction-set	Run actions/checkout@v4	2026-09-12T03:15:07.0067036Z Initialized empty Git repository in /home/runner/work/legalease-partner-dashboard-clean/legalease-partner-dashboard-clean/.git/
ks-21-6614-conviction-set	Run actions/checkout@v4	2026-09-12T03:15:07.0075899Z [command]/usr/bin/git remote add origin https://github.com/Roger-LegalEase/legalease-partner-dashboard-clean
ks-21-6614-conviction-set	Run actions/checkout@v4	2026-09-12T03:15:07.0136755Z ##[endgroup]
ks-21-6614-conviction-set	Run actions/checkout@v4	2026-09-12T03:15:07.0139330Z ##[group]Disabling automatic garbage collection
ks-21-6614-conviction-set	Run actions/checkout@v4	2026-09-12T03:15:07.0141775Z [command]/usr/bin/git config --local gc.auto 0
ks-21-6614-conviction-set	Run actions/checkout@v4	2026-09-12T03:15:07.0170052Z ##[endgroup]
ks-21-6614-conviction-set	Run actions/checkout@v4	2026-09-12T03:15:07.0172836Z ##[group]Setting up auth
ks-21-6614-conviction-set	Run actions/checkout@v4	2026-09-12T03:15:07.0176176Z [command]/usr/bin/git config --local --name-only --get-regexp core\.sshCommand
ks-21-6614-conviction-set	Run actions/checkout@v4	2026-09-12T03:15:07.0205908Z [command]/usr/bin/git submodule foreach --recursive sh -c "git config --local --name-only --get-regexp 'core\.sshCommand' && git config --local --unset-all 'core.sshCommand' || :"
ks-21-6614-conviction-set	Run actions/checkout@v4	2026-09-12T03:15:07.0558749Z [command]/usr/bin/git config --local --name-only --get-regexp http\.https\:\/\/github\.com\/\.extraheader
ks-21-6614-conviction-set	Run actions/checkout@v4	2026-09-12T03:15:07.0594861Z [command]/usr/bin/git submodule foreach --recursive sh -c "git config --local --name-only --get-regexp 'http\.https\:\/\/github\.com\/\.extraheader' && git config --local --unset-all 'http.https://github.com/.extraheader' || :"
ks-21-6614-conviction-set	Run actions/checkout@v4	2026-09-12T03:15:07.0787676Z [command]/usr/bin/git config --local --name-only --get-regexp ^includeIf\.gitdir:
ks-21-6614-conviction-set	Run actions/checkout@v4	2026-09-12T03:15:07.0816872Z [command]/usr/bin/git submodule foreach --recursive git config --local --show-origin --name-only --get-regexp remote.origin.url
ks-21-6614-conviction-set	Run actions/checkout@v4	2026-09-12T03:15:07.1001477Z [command]/usr/bin/git config --local http.https://github.com/.extraheader AUTHORIZATION: basic ***
ks-21-6614-conviction-set	Run actions/checkout@v4	2026-09-12T03:15:07.1034142Z ##[endgroup]
ks-21-6614-conviction-set	Run actions/checkout@v4	2026-09-12T03:15:07.1036715Z ##[group]Fetching the repository
ks-21-6614-conviction-set	Run actions/checkout@v4	2026-09-12T03:15:07.1045811Z [command]/usr/bin/git -c protocol.version=2 fetch --no-tags --prune --no-recurse-submodules --depth=1 origin f6fc009ffc3a94b1a4bc9db84888db3a081f9f01
ks-21-6614-conviction-set	Run actions/checkout@v4	2026-09-12T03:16:15.2266992Z From https://github.com/Roger-LegalEase/legalease-partner-dashboard-clean
ks-21-6614-conviction-set	Run actions/checkout@v4	2026-09-12T03:16:15.2268299Z  * branch              f6fc009ffc3a94b1a4bc9db84888db3a081f9f01 -> FETCH_HEAD
ks-21-6614-conviction-set	Run actions/checkout@v4	2026-09-12T03:16:15.2312256Z ##[endgroup]
ks-21-6614-conviction-set	Run actions/checkout@v4	2026-09-12T03:16:15.2313204Z ##[group]Determining the checkout info
ks-21-6614-conviction-set	Run actions/checkout@v4	2026-09-12T03:16:15.2314047Z ##[endgroup]
ks-21-6614-conviction-set	Run actions/checkout@v4	2026-09-12T03:16:15.2314802Z [command]/usr/bin/git sparse-checkout disable
ks-21-6614-conviction-set	Run actions/checkout@v4	2026-09-12T03:16:15.2351296Z [command]/usr/bin/git config --local --unset-all extensions.worktreeConfig
ks-21-6614-conviction-set	Run actions/checkout@v4	2026-09-12T03:16:15.2378889Z ##[group]Checking out the ref
ks-21-6614-conviction-set	Run actions/checkout@v4	2026-09-12T03:16:15.2383328Z [command]/usr/bin/git checkout --progress --force f6fc009ffc3a94b1a4bc9db84888db3a081f9f01
ks-21-6614-conviction-set	Run actions/checkout@v4	2026-09-12T03:16:16.2739923Z Updating files:  10% (2705/24595)
ks-21-6614-conviction-set	Run actions/checkout@v4	2026-09-12T03:16:16.3724877Z Updating files:  11% (2706/24595)
ks-21-6614-conviction-set	Run actions/checkout@v4	2026-09-12T03:16:16.4357388Z Updating files:  12% (2952/24595)
ks-21-6614-conviction-set	Run actions/checkout@v4	2026-09-12T03:16:16.4869690Z Updating files:  13% (3198/24595)
ks-21-6614-conviction-set	Run actions/checkout@v4	2026-09-12T03:16:16.5615018Z Updating files:  14% (3444/24595)
ks-21-6614-conviction-set	Run actions/checkout@v4	2026-09-12T03:16:16.6698323Z Updating files:  15% (3690/24595)
ks-21-6614-conviction-set	Run actions/checkout@v4	2026-09-12T03:16:16.7308380Z Updating files:  16% (3936/24595)
ks-21-6614-conviction-set	Run actions/checkout@v4	2026-09-12T03:16:16.8614734Z Updating files:  17% (4182/24595)
ks-21-6614-conviction-set	Run actions/checkout@v4	2026-09-12T03:16:17.0616872Z Updating files:  18% (4428/24595)
ks-21-6614-conviction-set	Run actions/checkout@v4	2026-09-12T03:16:17.2241767Z Updating files:  19% (4674/24595)
ks-21-6614-conviction-set	Run actions/checkout@v4	2026-09-12T03:16:17.2717811Z Updating files:  20% (4919/24595)
ks-21-6614-conviction-set	Run actions/checkout@v4	2026-09-12T03:16:17.3804758Z Updating files:  20% (4992/24595)
ks-21-6614-conviction-set	Run actions/checkout@v4	2026-09-12T03:16:17.5823578Z Updating files:  21% (5165/24595)
ks-21-6614-conviction-set	Run actions/checkout@v4	2026-09-12T03:16:17.6528820Z Updating files:  22% (5411/24595)
ks-21-6614-conviction-set	Run actions/checkout@v4	2026-09-12T03:16:17.7529431Z Updating files:  23% (5657/24595)
ks-21-6614-conviction-set	Run actions/checkout@v4	2026-09-12T03:16:17.8434777Z Updating files:  24% (5903/24595)
ks-21-6614-conviction-set	Run actions/checkout@v4	2026-09-12T03:16:17.9635489Z Updating files:  25% (6149/24595)
ks-21-6614-conviction-set	Run actions/checkout@v4	2026-09-12T03:16:18.0676357Z Updating files:  26% (6395/24595)
ks-21-6614-conviction-set	Run actions/checkout@v4	2026-09-12T03:16:18.2715994Z Updating files:  27% (6641/24595)
ks-21-6614-conviction-set	Run actions/checkout@v4	2026-09-12T03:16:18.3344274Z Updating files:  27% (6832/24595)
ks-21-6614-conviction-set	Run actions/checkout@v4	2026-09-12T03:16:18.5140162Z Updating files:  28% (6887/24595)
ks-21-6614-conviction-set	Run actions/checkout@v4	2026-09-12T03:16:18.6712359Z Updating files:  29% (7133/24595)
ks-21-6614-conviction-set	Run actions/checkout@v4	2026-09-12T03:16:18.8167699Z Updating files:  30% (7379/24595)
ks-21-6614-conviction-set	Run actions/checkout@v4	2026-09-12T03:16:18.8704744Z Updating files:  31% (7625/24595)
ks-21-6614-conviction-set	Run actions/checkout@v4	2026-09-12T03:16:18.9739419Z Updating files:  32% (7871/24595)
ks-21-6614-conviction-set	Run actions/checkout@v4	2026-09-12T03:16:19.0793337Z Updating files:  33% (8117/24595)
ks-21-6614-conviction-set	Run actions/checkout@v4	2026-09-12T03:16:19.1227538Z Updating files:  34% (8363/24595)
ks-21-6614-conviction-set	Run actions/checkout@v4	2026-09-12T03:16:19.1718794Z Updating files:  35% (8609/24595)
ks-21-6614-conviction-set	Run actions/checkout@v4	2026-09-12T03:16:19.2329314Z Updating files:  36% (8855/24595)
ks-21-6614-conviction-set	Run actions/checkout@v4	2026-09-12T03:16:19.2761158Z Updating files:  37% (9101/24595)
ks-21-6614-conviction-set	Run actions/checkout@v4	2026-09-12T03:16:19.3203026Z Updating files:  37% (9121/24595)
ks-21-6614-conviction-set	Run actions/checkout@v4	2026-09-12T03:16:19.3555927Z Updating files:  38% (9347/24595)
ks-21-6614-conviction-set	Run actions/checkout@v4	2026-09-12T03:16:19.4005738Z Updating files:  39% (9593/24595)
ks-21-6614-conviction-set	Run actions/checkout@v4	2026-09-12T03:16:19.4256674Z Updating files:  40% (9838/24595)
ks-21-6614-conviction-set	Run actions/checkout@v4	2026-09-12T03:16:19.4380872Z Updating files:  41% (10084/24595)
ks-21-6614-conviction-set	Run actions/checkout@v4	2026-09-12T03:16:19.4585558Z Updating files:  42% (10330/24595)
ks-21-6614-conviction-set	Run actions/checkout@v4	2026-09-12T03:16:19.5051620Z Updating files:  43% (10576/24595)
ks-21-6614-conviction-set	Run actions/checkout@v4	2026-09-12T03:16:19.5203499Z Updating files:  44% (10822/24595)
ks-21-6614-conviction-set	Run actions/checkout@v4	2026-09-12T03:16:19.6898209Z Updating files:  45% (11068/24595)
ks-21-6614-conviction-set	Run actions/checkout@v4	2026-09-12T03:16:19.9138317Z Updating files:  46% (11314/24595)
ks-21-6614-conviction-set	Run actions/checkout@v4	2026-09-12T03:16:19.9395495Z Updating files:  47% (11560/24595)
ks-21-6614-conviction-set	Run actions/checkout@v4	2026-09-12T03:16:19.9592549Z Updating files:  48% (11806/24595)
ks-21-6614-conviction-set	Run actions/checkout@v4	2026-09-12T03:16:19.9684946Z Updating files:  49% (12052/24595)
ks-21-6614-conviction-set	Run actions/checkout@v4	2026-09-12T03:16:19.9825773Z Updating files:  50% (12298/24595)
ks-21-6614-conviction-set	Run actions/checkout@v4	2026-09-12T03:16:20.0416330Z Updating files:  51% (12544/24595)
ks-21-6614-conviction-set	Run actions/checkout@v4	2026-09-12T03:16:20.1632855Z Updating files:  52% (12790/24595)
ks-21-6614-conviction-set	Run actions/checkout@v4	2026-09-12T03:16:20.1919515Z Updating files:  53% (13036/24595)
ks-21-6614-conviction-set	Run actions/checkout@v4	2026-09-12T03:16:20.2500795Z Updating files:  54% (13282/24595)
ks-21-6614-conviction-set	Run actions/checkout@v4	2026-09-12T03:16:20.2703701Z Updating files:  55% (13528/24595)
ks-21-6614-conviction-set	Run actions/checkout@v4	2026-09-12T03:16:20.2712719Z Updating files:  56% (13774/24595)
ks-21-6614-conviction-set	Run actions/checkout@v4	2026-09-12T03:16:20.3370275Z Updating files:  56% (13795/24595)
ks-21-6614-conviction-set	Run actions/checkout@v4	2026-09-12T03:16:20.3642296Z Updating files:  57% (14020/24595)
ks-21-6614-conviction-set	Run actions/checkout@v4	2026-09-12T03:16:20.4565443Z Updating files:  58% (14266/24595)
ks-21-6614-conviction-set	Run actions/checkout@v4	2026-09-12T03:16:20.5974294Z Updating files:  59% (14512/24595)
ks-21-6614-conviction-set	Run actions/checkout@v4	2026-09-12T03:16:20.6417210Z Updating files:  60% (14757/24595)
ks-21-6614-conviction-set	Run actions/checkout@v4	2026-09-12T03:16:20.6894351Z Updating files:  61% (15003/24595)
ks-21-6614-conviction-set	Run actions/checkout@v4	2026-09-12T03:16:20.7435171Z Updating files:  62% (15249/24595)
ks-21-6614-conviction-set	Run actions/checkout@v4	2026-09-12T03:16:21.1707447Z Updating files:  63% (15495/24595)
ks-21-6614-conviction-set	Run actions/checkout@v4	2026-09-12T03:16:21.2728020Z Updating files:  64% (15741/24595)
ks-21-6614-conviction-set	Run actions/checkout@v4	2026-09-12T03:16:21.6285004Z Updating files:  64% (15795/24595)
ks-21-6614-conviction-set	Run actions/checkout@v4	2026-09-12T03:16:22.0070871Z Updating files:  65% (15987/24595)
ks-21-6614-conviction-set	Run actions/checkout@v4	2026-09-12T03:16:22.1268038Z Updating files:  66% (16233/24595)
ks-21-6614-conviction-set	Run actions/checkout@v4	2026-09-12T03:16:22.1948414Z Updating files:  67% (16479/24595)
ks-21-6614-conviction-set	Run actions/checkout@v4	2026-09-12T03:16:22.2723975Z Updating files:  68% (16725/24595)
ks-21-6614-conviction-set	Run actions/checkout@v4	2026-09-12T03:16:22.3404325Z Updating files:  68% (16831/24595)
ks-21-6614-conviction-set	Run actions/checkout@v4	2026-09-12T03:16:22.4428675Z Updating files:  69% (16971/24595)
ks-21-6614-conviction-set	Run actions/checkout@v4	2026-09-12T03:16:22.4806059Z Updating files:  70% (17217/24595)
ks-21-6614-conviction-set	Run actions/checkout@v4	2026-09-12T03:16:22.6314752Z Updating files:  71% (17463/24595)
ks-21-6614-conviction-set	Run actions/checkout@v4	2026-09-12T03:16:22.8585976Z Updating files:  72% (17709/24595)
ks-21-6614-conviction-set	Run actions/checkout@v4	2026-09-12T03:16:22.9158224Z Updating files:  73% (17955/24595)
ks-21-6614-conviction-set	Run actions/checkout@v4	2026-09-12T03:16:23.1265620Z Updating files:  74% (18201/24595)
ks-21-6614-conviction-set	Run actions/checkout@v4	2026-09-12T03:16:23.2688445Z Updating files:  75% (18447/24595)
ks-21-6614-conviction-set	Run actions/checkout@v4	2026-09-12T03:16:23.2719065Z Updating files:  76% (18693/24595)
ks-21-6614-conviction-set	Run actions/checkout@v4	2026-09-12T03:16:23.2895329Z Updating files:  76% (18701/24595)
ks-21-6614-conviction-set	Run actions/checkout@v4	2026-09-12T03:16:23.3054232Z Updating files:  77% (18939/24595)
ks-21-6614-conviction-set	Run actions/checkout@v4	2026-09-12T03:16:23.3098903Z Updating files:  78% (19185/24595)
ks-21-6614-conviction-set	Run actions/checkout@v4	2026-09-12T03:16:23.3998243Z Updating files:  79% (19431/24595)
ks-21-6614-conviction-set	Run actions/checkout@v4	2026-09-12T03:16:23.5501978Z Updating files:  80% (19676/24595)
ks-21-6614-conviction-set	Run actions/checkout@v4	2026-09-12T03:16:23.7682911Z Updating files:  81% (19922/24595)
ks-21-6614-conviction-set	Run actions/checkout@v4	2026-09-12T03:16:23.8411368Z Updating files:  82% (20168/24595)
ks-21-6614-conviction-set	Run actions/checkout@v4	2026-09-12T03:16:23.8712312Z Updating files:  83% (20414/24595)
ks-21-6614-conviction-set	Run actions/checkout@v4	2026-09-12T03:16:23.8941066Z Updating files:  84% (20660/24595)
ks-21-6614-conviction-set	Run actions/checkout@v4	2026-09-12T03:16:23.9155228Z Updating files:  85% (20906/24595)
ks-21-6614-conviction-set	Run actions/checkout@v4	2026-09-12T03:16:23.9337492Z Updating files:  86% (21152/24595)
ks-21-6614-conviction-set	Run actions/checkout@v4	2026-09-12T03:16:23.9560773Z Updating files:  87% (21398/24595)
ks-21-6614-conviction-set	Run actions/checkout@v4	2026-09-12T03:16:23.9728624Z Updating files:  88% (21644/24595)
ks-21-6614-conviction-set	Run actions/checkout@v4	2026-09-12T03:16:23.9917306Z Updating files:  89% (21890/24595)
ks-21-6614-conviction-set	Run actions/checkout@v4	2026-09-12T03:16:24.0086131Z Updating files:  90% (22136/24595)
ks-21-6614-conviction-set	Run actions/checkout@v4	2026-09-12T03:16:24.0446475Z Updating files:  91% (22382/24595)
ks-21-6614-conviction-set	Run actions/checkout@v4	2026-09-12T03:16:24.0530102Z Updating files:  92% (22628/24595)
ks-21-6614-conviction-set	Run actions/checkout@v4	2026-09-12T03:16:24.0957237Z Updating files:  93% (22874/24595)
ks-21-6614-conviction-set	Run actions/checkout@v4	2026-09-12T03:16:24.2743785Z Updating files:  94% (23120/24595)
ks-21-6614-conviction-set	Run actions/checkout@v4	2026-09-12T03:16:24.4317616Z Updating files:  94% (23254/24595)
ks-21-6614-conviction-set	Run actions/checkout@v4	2026-09-12T03:16:24.4847913Z Updating files:  95% (23366/24595)
ks-21-6614-conviction-set	Run actions/checkout@v4	2026-09-12T03:16:24.5605360Z Updating files:  96% (23612/24595)
ks-21-6614-conviction-set	Run actions/checkout@v4	2026-09-12T03:16:24.6203788Z Updating files:  97% (23858/24595)
ks-21-6614-conviction-set	Run actions/checkout@v4	2026-09-12T03:16:24.7025378Z Updating files:  98% (24104/24595)
ks-21-6614-conviction-set	Run actions/checkout@v4	2026-09-12T03:16:24.7604288Z Updating files:  99% (24350/24595)
ks-21-6614-conviction-set	Run actions/checkout@v4	2026-09-12T03:16:24.7604866Z Updating files: 100% (24595/24595)
ks-21-6614-conviction-set	Run actions/checkout@v4	2026-09-12T03:16:24.7605489Z Updating files: 100% (24595/24595), done.
ks-21-6614-conviction-set	Run actions/checkout@v4	2026-09-12T03:16:24.8165900Z Note: switching to 'f6fc009ffc3a94b1a4bc9db84888db3a081f9f01'.
ks-21-6614-conviction-set	Run actions/checkout@v4	2026-09-12T03:16:24.8166892Z 
ks-21-6614-conviction-set	Run actions/checkout@v4	2026-09-12T03:16:24.8167292Z You are in 'detached HEAD' state. You can look around, make experimental
ks-21-6614-conviction-set	Run actions/checkout@v4	2026-09-12T03:16:24.8168065Z changes and commit them, and you can discard any commits you make in this
ks-21-6614-conviction-set	Run actions/checkout@v4	2026-09-12T03:16:24.8168623Z state without impacting any branches by switching back to a branch.
ks-21-6614-conviction-set	Run actions/checkout@v4	2026-09-12T03:16:24.8168890Z 
ks-21-6614-conviction-set	Run actions/checkout@v4	2026-09-12T03:16:24.8169124Z If you want to create a new branch to retain commits you create, you may
ks-21-6614-conviction-set	Run actions/checkout@v4	2026-09-12T03:16:24.8169870Z do so (now or later) by using -c with the switch command. Example:
ks-21-6614-conviction-set	Run actions/checkout@v4	2026-09-12T03:16:24.8170275Z 
ks-21-6614-conviction-set	Run actions/checkout@v4	2026-09-12T03:16:24.8170411Z   git switch -c <new-branch-name>
ks-21-6614-conviction-set	Run actions/checkout@v4	2026-09-12T03:16:24.8170975Z 
ks-21-6614-conviction-set	Run actions/checkout@v4	2026-09-12T03:16:24.8171147Z Or undo this operation with:
ks-21-6614-conviction-set	Run actions/checkout@v4	2026-09-12T03:16:24.8171360Z 
ks-21-6614-conviction-set	Run actions/checkout@v4	2026-09-12T03:16:24.8171566Z   git switch -
ks-21-6614-conviction-set	Run actions/checkout@v4	2026-09-12T03:16:24.8171716Z 
ks-21-6614-conviction-set	Run actions/checkout@v4	2026-09-12T03:16:24.8171972Z Turn off this advice by setting config variable advice.detachedHead to false
ks-21-6614-conviction-set	Run actions/checkout@v4	2026-09-12T03:16:24.8172292Z 
ks-21-6614-conviction-set	Run actions/checkout@v4	2026-09-12T03:16:24.8172600Z HEAD is now at f6fc009f evidence(ks): approve frozen four-family semantics for raster dispatch only
ks-21-6614-conviction-set	Run actions/checkout@v4	2026-09-12T03:16:24.8314616Z ##[endgroup]
ks-21-6614-conviction-set	Run actions/checkout@v4	2026-09-12T03:16:24.8370231Z [command]/usr/bin/git log -1 --format=%H
ks-21-6614-conviction-set	Run actions/checkout@v4	2026-09-12T03:16:24.8388765Z f6fc009ffc3a94b1a4bc9db84888db3a081f9f01
ks-21-6614-conviction-set	Refuse a movable ref and prove the checkout is the pinned commit	﻿2026-09-12T03:16:24.8581709Z ##[group]Run set -euo pipefail
ks-21-6614-conviction-set	Refuse a movable ref and prove the checkout is the pinned commit	2026-09-12T03:16:24.8582253Z ^[[36;1mset -euo pipefail^[[0m
ks-21-6614-conviction-set	Refuse a movable ref and prove the checkout is the pinned commit	2026-09-12T03:16:24.8582720Z ^[[36;1m# actions/checkout accepts a branch or tag here despite the input^[[0m
ks-21-6614-conviction-set	Refuse a movable ref and prove the checkout is the pinned commit	2026-09-12T03:16:24.8583504Z ^[[36;1m# description. Three jobs resolve this ref independently, so a branch^[[0m
ks-21-6614-conviction-set	Refuse a movable ref and prove the checkout is the pinned commit	2026-09-12T03:16:24.8584033Z ^[[36;1m# that moves mid-run would have them inspect different commits while^[[0m
ks-21-6614-conviction-set	Refuse a movable ref and prove the checkout is the pinned commit	2026-09-12T03:16:24.8584518Z ^[[36;1m# every receipt recorded the literal branch name as the pin. An^[[0m
ks-21-6614-conviction-set	Refuse a movable ref and prove the checkout is the pinned commit	2026-09-12T03:16:24.8585050Z ^[[36;1m# immutable 40-hex commit, verified against the checked-out HEAD, is^[[0m
ks-21-6614-conviction-set	Refuse a movable ref and prove the checkout is the pinned commit	2026-09-12T03:16:24.8585564Z ^[[36;1m# the only input that makes a receipt findable again.^[[0m
ks-21-6614-conviction-set	Refuse a movable ref and prove the checkout is the pinned commit	2026-09-12T03:16:24.8585945Z ^[[36;1mcase "$REF" in^[[0m
ks-21-6614-conviction-set	Refuse a movable ref and prove the checkout is the pinned commit	2026-09-12T03:16:24.8586450Z ^[[36;1m  *[!0-9a-f]* | "") echo "REFUSED: commit_sha must be a full 40-character commit hash, got '$REF'"; exit 1;;^[[0m
ks-21-6614-conviction-set	Refuse a movable ref and prove the checkout is the pinned commit	2026-09-12T03:16:24.8586976Z ^[[36;1mesac^[[0m
ks-21-6614-conviction-set	Refuse a movable ref and prove the checkout is the pinned commit	2026-09-12T03:16:24.8587437Z ^[[36;1m[ "${#REF}" -eq 40 ] || { echo "REFUSED: commit_sha must be 40 hex characters, got ${#REF}"; exit 1; }^[[0m
ks-21-6614-conviction-set	Refuse a movable ref and prove the checkout is the pinned commit	2026-09-12T03:16:24.8588044Z ^[[36;1mHEAD_SHA="$(git rev-parse HEAD)"^[[0m
ks-21-6614-conviction-set	Refuse a movable ref and prove the checkout is the pinned commit	2026-09-12T03:16:24.8588568Z ^[[36;1m[ "$HEAD_SHA" = "$REF" ] || { echo "REFUSED: checked out $HEAD_SHA but the pin says $REF"; exit 1; }^[[0m
ks-21-6614-conviction-set	Refuse a movable ref and prove the checkout is the pinned commit	2026-09-12T03:16:24.8589080Z ^[[36;1mecho "pinned commit confirmed: $HEAD_SHA"^[[0m
ks-21-6614-conviction-set	Refuse a movable ref and prove the checkout is the pinned commit	2026-09-12T03:16:24.8616689Z shell: /usr/bin/bash -e {0}
ks-21-6614-conviction-set	Refuse a movable ref and prove the checkout is the pinned commit	2026-09-12T03:16:24.8617043Z env:
ks-21-6614-conviction-set	Refuse a movable ref and prove the checkout is the pinned commit	2026-09-12T03:16:24.8617469Z   REF: f6fc009ffc3a94b1a4bc9db84888db3a081f9f01
ks-21-6614-conviction-set	Refuse a movable ref and prove the checkout is the pinned commit	2026-09-12T03:16:24.8617838Z ##[endgroup]
ks-21-6614-conviction-set	Refuse a movable ref and prove the checkout is the pinned commit	2026-09-12T03:16:24.8942834Z pinned commit confirmed: f6fc009ffc3a94b1a4bc9db84888db3a081f9f01
ks-21-6614-conviction-set	Run actions/setup-node@v4	﻿2026-09-12T03:16:24.9034533Z Node 20 is being deprecated. This workflow is running with Node 24 by default. If you need to temporarily use Node 20, you can set the ACTIONS_ALLOW_USE_UNSECURE_NODE_VERSION=true environment variable. For more information see: https://github.blog/changelog/2025-09-19-deprecation-of-node-20-on-github-actions-runners/
ks-21-6614-conviction-set	Run actions/setup-node@v4	2026-09-12T03:16:24.9036145Z ##[group]Run actions/setup-node@v4
ks-21-6614-conviction-set	Run actions/setup-node@v4	2026-09-12T03:16:24.9036618Z with:
ks-21-6614-conviction-set	Run actions/setup-node@v4	2026-09-12T03:16:24.9036918Z   node-version: 22
ks-21-6614-conviction-set	Run actions/setup-node@v4	2026-09-12T03:16:24.9037259Z   always-auth: false
ks-21-6614-conviction-set	Run actions/setup-node@v4	2026-09-12T03:16:24.9037547Z   check-latest: false
ks-21-6614-conviction-set	Run actions/setup-node@v4	2026-09-12T03:16:24.9039849Z   token: ***
ks-21-6614-conviction-set	Run actions/setup-node@v4	2026-09-12T03:16:24.9040132Z ##[endgroup]
ks-21-6614-conviction-set	Run actions/setup-node@v4	2026-09-12T03:16:25.0457766Z Found in cache @ /opt/hostedtoolcache/node/22.23.2/x64
ks-21-6614-conviction-set	Run actions/setup-node@v4	2026-09-12T03:16:25.0462019Z (node:2914) [DEP0040] DeprecationWarning: The `punycode` module is deprecated. Please use a userland alternative instead.
ks-21-6614-conviction-set	Run actions/setup-node@v4	2026-09-12T03:16:25.0463418Z (Use `node --trace-deprecation ...` to show where the warning was created)
ks-21-6614-conviction-set	Run actions/setup-node@v4	2026-09-12T03:16:25.0464614Z ##[group]Environment details
ks-21-6614-conviction-set	Run actions/setup-node@v4	2026-09-12T03:16:27.4638629Z node: v22.23.2
ks-21-6614-conviction-set	Run actions/setup-node@v4	2026-09-12T03:16:27.4639212Z npm: 10.9.8
ks-21-6614-conviction-set	Run actions/setup-node@v4	2026-09-12T03:16:27.4639524Z yarn: 1.22.22
ks-21-6614-conviction-set	Run actions/setup-node@v4	2026-09-12T03:16:27.4640991Z ##[endgroup]
ks-21-6614-conviction-set	Run npm ci --cache /tmp/npm-cache	﻿2026-09-12T03:16:27.4743578Z ##[group]Run npm ci --cache /tmp/npm-cache
ks-21-6614-conviction-set	Run npm ci --cache /tmp/npm-cache	2026-09-12T03:16:27.4744041Z ^[[36;1mnpm ci --cache /tmp/npm-cache^[[0m
ks-21-6614-conviction-set	Run npm ci --cache /tmp/npm-cache	2026-09-12T03:16:27.4775790Z shell: /usr/bin/bash -e {0}
ks-21-6614-conviction-set	Run npm ci --cache /tmp/npm-cache	2026-09-12T03:16:27.4776184Z ##[endgroup]
ks-21-6614-conviction-set	Run npm ci --cache /tmp/npm-cache	2026-09-12T03:16:45.9097511Z 
ks-21-6614-conviction-set	Run npm ci --cache /tmp/npm-cache	2026-09-12T03:16:45.9105861Z added 492 packages, and audited 493 packages in 18s
ks-21-6614-conviction-set	Run npm ci --cache /tmp/npm-cache	2026-09-12T03:16:45.9106335Z 
ks-21-6614-conviction-set	Run npm ci --cache /tmp/npm-cache	2026-09-12T03:16:45.9106613Z 186 packages are looking for funding
ks-21-6614-conviction-set	Run npm ci --cache /tmp/npm-cache	2026-09-12T03:16:45.9107014Z   run `npm fund` for details
ks-21-6614-conviction-set	Run npm ci --cache /tmp/npm-cache	2026-09-12T03:16:46.0811253Z 
ks-21-6614-conviction-set	Run npm ci --cache /tmp/npm-cache	2026-09-12T03:16:46.0812656Z 39 vulnerabilities (2 low, 29 moderate, 7 high, 1 critical)
ks-21-6614-conviction-set	Run npm ci --cache /tmp/npm-cache	2026-09-12T03:16:46.0813157Z 
ks-21-6614-conviction-set	Run npm ci --cache /tmp/npm-cache	2026-09-12T03:16:46.0813602Z To address issues that do not require attention, run:
ks-21-6614-conviction-set	Run npm ci --cache /tmp/npm-cache	2026-09-12T03:16:46.0814367Z   npm audit fix
ks-21-6614-conviction-set	Run npm ci --cache /tmp/npm-cache	2026-09-12T03:16:46.0814573Z 
ks-21-6614-conviction-set	Run npm ci --cache /tmp/npm-cache	2026-09-12T03:16:46.0814724Z To address all issues, run:
ks-21-6614-conviction-set	Run npm ci --cache /tmp/npm-cache	2026-09-12T03:16:46.0815112Z   npm audit fix --force
ks-21-6614-conviction-set	Run npm ci --cache /tmp/npm-cache	2026-09-12T03:16:46.0815325Z 
ks-21-6614-conviction-set	Run npm ci --cache /tmp/npm-cache	2026-09-12T03:16:46.0815519Z Run `npm audit` for details.
ks-21-6614-conviction-set	Run actions/setup-python@v5	﻿2026-09-12T03:16:46.1275427Z Node 20 is being deprecated. This workflow is running with Node 24 by default. If you need to temporarily use Node 20, you can set the ACTIONS_ALLOW_USE_UNSECURE_NODE_VERSION=true environment variable. For more information see: https://github.blog/changelog/2025-09-19-deprecation-of-node-20-on-github-actions-runners/
ks-21-6614-conviction-set	Run actions/setup-python@v5	2026-09-12T03:16:46.1276873Z ##[group]Run actions/setup-python@v5
ks-21-6614-conviction-set	Run actions/setup-python@v5	2026-09-12T03:16:46.1277245Z with:
ks-21-6614-conviction-set	Run actions/setup-python@v5	2026-09-12T03:16:46.1277581Z   python-version: 3.12
ks-21-6614-conviction-set	Run actions/setup-python@v5	2026-09-12T03:16:46.1277909Z   check-latest: false
ks-21-6614-conviction-set	Run actions/setup-python@v5	2026-09-12T03:16:46.1280189Z   token: ***
ks-21-6614-conviction-set	Run actions/setup-python@v5	2026-09-12T03:16:46.1280484Z   update-environment: true
ks-21-6614-conviction-set	Run actions/setup-python@v5	2026-09-12T03:16:46.1280943Z   allow-prereleases: false
ks-21-6614-conviction-set	Run actions/setup-python@v5	2026-09-12T03:16:46.1281305Z   freethreaded: false
ks-21-6614-conviction-set	Run actions/setup-python@v5	2026-09-12T03:16:46.1281616Z ##[endgroup]
ks-21-6614-conviction-set	Run actions/setup-python@v5	2026-09-12T03:16:46.2555564Z ##[group]Installed versions
ks-21-6614-conviction-set	Run actions/setup-python@v5	2026-09-12T03:16:46.2647930Z (node:2985) [DEP0040] DeprecationWarning: The `punycode` module is deprecated. Please use a userland alternative instead.
ks-21-6614-conviction-set	Run actions/setup-python@v5	2026-09-12T03:16:46.2649126Z (Use `node --trace-deprecation ...` to show where the warning was created)
ks-21-6614-conviction-set	Run actions/setup-python@v5	2026-09-12T03:16:46.2649982Z Successfully set up CPython (3.12.14)
ks-21-6614-conviction-set	Run actions/setup-python@v5	2026-09-12T03:16:46.2650810Z ##[endgroup]
ks-21-6614-conviction-set	Install the pinned encrypted-PDF reader	﻿2026-09-12T03:16:46.2763097Z ##[group]Run python -m pip install --disable-pip-version-check pikepdf==10.12.0
ks-21-6614-conviction-set	Install the pinned encrypted-PDF reader	2026-09-12T03:16:46.2764087Z ^[[36;1mpython -m pip install --disable-pip-version-check pikepdf==10.12.0^[[0m
ks-21-6614-conviction-set	Install the pinned encrypted-PDF reader	2026-09-12T03:16:46.2810129Z shell: /usr/bin/bash -e {0}
ks-21-6614-conviction-set	Install the pinned encrypted-PDF reader	2026-09-12T03:16:46.2810985Z env:
ks-21-6614-conviction-set	Install the pinned encrypted-PDF reader	2026-09-12T03:16:46.2811498Z   pythonLocation: /opt/hostedtoolcache/Python/3.12.14/x64
ks-21-6614-conviction-set	Install the pinned encrypted-PDF reader	2026-09-12T03:16:46.2812320Z   PKG_CONFIG_PATH: /opt/hostedtoolcache/Python/3.12.14/x64/lib/pkgconfig
ks-21-6614-conviction-set	Install the pinned encrypted-PDF reader	2026-09-12T03:16:46.2813105Z   Python_ROOT_DIR: /opt/hostedtoolcache/Python/3.12.14/x64
ks-21-6614-conviction-set	Install the pinned encrypted-PDF reader	2026-09-12T03:16:46.2813766Z   Python2_ROOT_DIR: /opt/hostedtoolcache/Python/3.12.14/x64
ks-21-6614-conviction-set	Install the pinned encrypted-PDF reader	2026-09-12T03:16:46.2814487Z   Python3_ROOT_DIR: /opt/hostedtoolcache/Python/3.12.14/x64
ks-21-6614-conviction-set	Install the pinned encrypted-PDF reader	2026-09-12T03:16:46.2815170Z   LD_LIBRARY_PATH: /opt/hostedtoolcache/Python/3.12.14/x64/lib
ks-21-6614-conviction-set	Install the pinned encrypted-PDF reader	2026-09-12T03:16:46.2815760Z ##[endgroup]
ks-21-6614-conviction-set	Install the pinned encrypted-PDF reader	2026-09-12T03:16:47.5211488Z Collecting pikepdf==10.12.0
ks-21-6614-conviction-set	Install the pinned encrypted-PDF reader	2026-09-12T03:16:47.6187083Z   Downloading pikepdf-10.12.0-cp312-cp312-manylinux_2_27_x86_64.manylinux_2_28_x86_64.whl.metadata (11 kB)
ks-21-6614-conviction-set	Install the pinned encrypted-PDF reader	2026-09-12T03:16:47.7790238Z Collecting Pillow>=10.0.1 (from pikepdf==10.12.0)
ks-21-6614-conviction-set	Install the pinned encrypted-PDF reader	2026-09-12T03:16:47.7987211Z   Downloading pillow-12.3.0-cp312-cp312-manylinux_2_27_x86_64.manylinux_2_28_x86_64.whl.metadata (9.1 kB)
ks-21-6614-conviction-set	Install the pinned encrypted-PDF reader	2026-09-12T03:16:48.0098360Z Collecting lxml>=4.8 (from pikepdf==10.12.0)
ks-21-6614-conviction-set	Install the pinned encrypted-PDF reader	2026-09-12T03:16:48.0285734Z   Downloading lxml-6.1.3-cp312-cp312-manylinux_2_26_x86_64.manylinux_2_28_x86_64.whl.metadata (3.3 kB)
ks-21-6614-conviction-set	Install the pinned encrypted-PDF reader	2026-09-12T03:16:48.0654527Z Collecting packaging (from pikepdf==10.12.0)
ks-21-6614-conviction-set	Install the pinned encrypted-PDF reader	2026-09-12T03:16:48.0843205Z   Downloading packaging-26.3-py3-none-any.whl.metadata (3.5 kB)
ks-21-6614-conviction-set	Install the pinned encrypted-PDF reader	2026-09-12T03:16:48.1091466Z Downloading pikepdf-10.12.0-cp312-cp312-manylinux_2_27_x86_64.manylinux_2_28_x86_64.whl (2.3 MB)
ks-21-6614-conviction-set	Install the pinned encrypted-PDF reader	2026-09-12T03:16:48.2513560Z    ━━━━━━━━━━━━━━━━━━━━━━━━━━━━━━━━━━━━━━━━ 2.3/2.3 MB 22.2 MB/s  0:00:00
ks-21-6614-conviction-set	Install the pinned encrypted-PDF reader	2026-09-12T03:16:48.2704690Z Downloading lxml-6.1.3-cp312-cp312-manylinux_2_26_x86_64.manylinux_2_28_x86_64.whl (5.2 MB)
ks-21-6614-conviction-set	Install the pinned encrypted-PDF reader	2026-09-12T03:16:48.3625304Z    ━━━━━━━━━━━━━━━━━━━━━━━━━━━━━━━━━━━━━━━━ 5.2/5.2 MB 55.8 MB/s  0:00:00
ks-21-6614-conviction-set	Install the pinned encrypted-PDF reader	2026-09-12T03:16:48.3841184Z Downloading pillow-12.3.0-cp312-cp312-manylinux_2_27_x86_64.manylinux_2_28_x86_64.whl (6.9 MB)
ks-21-6614-conviction-set	Install the pinned encrypted-PDF reader	2026-09-12T03:16:48.4732925Z    ━━━━━━━━━━━━━━━━━━━━━━━━━━━━━━━━━━━━━━━━ 6.9/6.9 MB 77.0 MB/s  0:00:00
ks-21-6614-conviction-set	Install the pinned encrypted-PDF reader	2026-09-12T03:16:48.4921506Z Downloading packaging-26.3-py3-none-any.whl (129 kB)
ks-21-6614-conviction-set	Install the pinned encrypted-PDF reader	2026-09-12T03:16:48.5560416Z Installing collected packages: Pillow, packaging, lxml, pikepdf
ks-21-6614-conviction-set	Install the pinned encrypted-PDF reader	2026-09-12T03:16:49.1985975Z 
ks-21-6614-conviction-set	Install the pinned encrypted-PDF reader	2026-09-12T03:16:49.1998085Z Successfully installed Pillow-12.3.0 lxml-6.1.3 packaging-26.3 pikepdf-10.12.0
ks-21-6614-conviction-set	Provision the browser	﻿2026-09-12T03:16:49.2693053Z ##[group]Run set -euo pipefail
ks-21-6614-conviction-set	Provision the browser	2026-09-12T03:16:49.2693510Z ^[[36;1mset -euo pipefail^[[0m
ks-21-6614-conviction-set	Provision the browser	2026-09-12T03:16:49.2693911Z ^[[36;1mexport PLAYWRIGHT_BROWSERS_PATH="$HOME/.cache/ms-playwright"^[[0m
ks-21-6614-conviction-set	Provision the browser	2026-09-12T03:16:49.2694430Z ^[[36;1mnpx --yes playwright install --with-deps chromium^[[0m
ks-21-6614-conviction-set	Provision the browser	2026-09-12T03:16:49.2694961Z ^[[36;1mecho "PLAYWRIGHT_BROWSERS_PATH=$PLAYWRIGHT_BROWSERS_PATH" >> "$GITHUB_ENV"^[[0m
ks-21-6614-conviction-set	Provision the browser	2026-09-12T03:16:49.2719602Z shell: /usr/bin/bash -e {0}
ks-21-6614-conviction-set	Provision the browser	2026-09-12T03:16:49.2720191Z env:
ks-21-6614-conviction-set	Provision the browser	2026-09-12T03:16:49.2720709Z   pythonLocation: /opt/hostedtoolcache/Python/3.12.14/x64
ks-21-6614-conviction-set	Provision the browser	2026-09-12T03:16:49.2721351Z   PKG_CONFIG_PATH: /opt/hostedtoolcache/Python/3.12.14/x64/lib/pkgconfig
ks-21-6614-conviction-set	Provision the browser	2026-09-12T03:16:49.2721873Z   Python_ROOT_DIR: /opt/hostedtoolcache/Python/3.12.14/x64
ks-21-6614-conviction-set	Provision the browser	2026-09-12T03:16:49.2722337Z   Python2_ROOT_DIR: /opt/hostedtoolcache/Python/3.12.14/x64
ks-21-6614-conviction-set	Provision the browser	2026-09-12T03:16:49.2722780Z   Python3_ROOT_DIR: /opt/hostedtoolcache/Python/3.12.14/x64
ks-21-6614-conviction-set	Provision the browser	2026-09-12T03:16:49.2723224Z   LD_LIBRARY_PATH: /opt/hostedtoolcache/Python/3.12.14/x64/lib
ks-21-6614-conviction-set	Provision the browser	2026-09-12T03:16:49.2723712Z ##[endgroup]
ks-21-6614-conviction-set	Provision the browser	2026-09-12T03:16:49.9668104Z Installing dependencies...
ks-21-6614-conviction-set	Provision the browser	2026-09-12T03:16:49.9722393Z Switching to root user to install dependencies...
ks-21-6614-conviction-set	Provision the browser	2026-09-12T03:16:50.0733753Z Get:1 file:/etc/apt/apt-mirrors.txt Mirrorlist [144 B]
ks-21-6614-conviction-set	Provision the browser	2026-09-12T03:16:50.1282572Z Hit:2 http://azure.archive.ubuntu.com/ubuntu noble InRelease
ks-21-6614-conviction-set	Provision the browser	2026-09-12T03:16:50.1312381Z Get:3 http://azure.archive.ubuntu.com/ubuntu noble-updates InRelease [126 kB]
ks-21-6614-conviction-set	Provision the browser	2026-09-12T03:16:50.1344201Z Get:4 http://azure.archive.ubuntu.com/ubuntu noble-backports InRelease [126 kB]
ks-21-6614-conviction-set	Provision the browser	2026-09-12T03:16:50.1348737Z Get:5 http://azure.archive.ubuntu.com/ubuntu noble-security InRelease [126 kB]
ks-21-6614-conviction-set	Provision the browser	2026-09-12T03:16:50.1838308Z Get:6 https://dl.google.com/linux/chrome-stable/deb stable InRelease [2548 B]
ks-21-6614-conviction-set	Provision the browser	2026-09-12T03:16:50.2264471Z Get:7 http://azure.archive.ubuntu.com/ubuntu noble-updates/main amd64 Packages [1263 kB]
ks-21-6614-conviction-set	Provision the browser	2026-09-12T03:16:50.2392875Z Get:8 http://azure.archive.ubuntu.com/ubuntu noble-updates/main Translation-en [292 kB]
ks-21-6614-conviction-set	Provision the browser	2026-09-12T03:16:50.2405658Z Get:9 http://azure.archive.ubuntu.com/ubuntu noble-updates/main amd64 Components [180 kB]
ks-21-6614-conviction-set	Provision the browser	2026-09-12T03:16:50.2422367Z Get:10 http://azure.archive.ubuntu.com/ubuntu noble-updates/universe amd64 Packages [1690 kB]
ks-21-6614-conviction-set	Provision the browser	2026-09-12T03:16:50.2507586Z Get:11 http://azure.archive.ubuntu.com/ubuntu noble-updates/universe amd64 Components [387 kB]
ks-21-6614-conviction-set	Provision the browser	2026-09-12T03:16:50.2534944Z Get:12 http://azure.archive.ubuntu.com/ubuntu noble-updates/restricted amd64 Packages [1544 kB]
ks-21-6614-conviction-set	Provision the browser	2026-09-12T03:16:50.2611173Z Get:13 http://azure.archive.ubuntu.com/ubuntu noble-updates/restricted Translation-en [354 kB]
ks-21-6614-conviction-set	Provision the browser	2026-09-12T03:16:50.2633488Z Get:14 http://azure.archive.ubuntu.com/ubuntu noble-updates/multiverse amd64 Components [940 B]
ks-21-6614-conviction-set	Provision the browser	2026-09-12T03:16:50.2726994Z Get:15 http://azure.archive.ubuntu.com/ubuntu noble-backports/main amd64 Components [5748 B]
ks-21-6614-conviction-set	Provision the browser	2026-09-12T03:16:50.2741010Z Get:16 http://azure.archive.ubuntu.com/ubuntu noble-backports/universe amd64 Components [12.6 kB]
ks-21-6614-conviction-set	Provision the browser	2026-09-12T03:16:50.3544263Z Get:17 http://azure.archive.ubuntu.com/ubuntu noble-security/main amd64 Packages [1006 kB]
ks-21-6614-conviction-set	Provision the browser	2026-09-12T03:16:50.3598348Z Get:18 http://azure.archive.ubuntu.com/ubuntu noble-security/main Translation-en [213 kB]
ks-21-6614-conviction-set	Provision the browser	2026-09-12T03:16:50.3613241Z Get:19 http://azure.archive.ubuntu.com/ubuntu noble-security/main amd64 Components [46.5 kB]
ks-21-6614-conviction-set	Provision the browser	2026-09-12T03:16:50.3623748Z Get:20 http://azure.archive.ubuntu.com/ubuntu noble-security/universe amd64 Packages [1206 kB]
ks-21-6614-conviction-set	Provision the browser	2026-09-12T03:16:50.3684426Z Get:21 http://azure.archive.ubuntu.com/ubuntu noble-security/universe amd64 Components [76.3 kB]
ks-21-6614-conviction-set	Provision the browser	2026-09-12T03:16:50.3696747Z Get:22 http://azure.archive.ubuntu.com/ubuntu noble-security/restricted amd64 Packages [1445 kB]
ks-21-6614-conviction-set	Provision the browser	2026-09-12T03:16:50.3764772Z Get:23 http://azure.archive.ubuntu.com/ubuntu noble-security/restricted Translation-en [336 kB]
ks-21-6614-conviction-set	Provision the browser	2026-09-12T03:16:50.3953623Z Get:24 https://dl.google.com/linux/chrome-stable/deb stable/main amd64 Packages [1413 B]
ks-21-6614-conviction-set	Provision the browser	2026-09-12T03:16:51.3361753Z Get:25 https://packages.microsoft.com/ubuntu/24.04/prod noble InRelease [3600 B]
ks-21-6614-conviction-set	Provision the browser	2026-09-12T03:16:51.3761920Z Get:26 https://packages.microsoft.com/ubuntu/24.04/prod noble/main amd64 Packages [463 kB]
ks-21-6614-conviction-set	Provision the browser	2026-09-12T03:16:51.3808155Z Get:27 https://packages.microsoft.com/ubuntu/24.04/prod noble/main arm64 Packages [414 kB]
ks-21-6614-conviction-set	Provision the browser	2026-09-12T03:16:54.7419449Z Fetched 11.3 MB in 1s (8208 kB/s)
ks-21-6614-conviction-set	Provision the browser	2026-09-12T03:16:55.5636562Z Reading package lists...
ks-21-6614-conviction-set	Provision the browser	2026-09-12T03:16:55.5914568Z Reading package lists...
ks-21-6614-conviction-set	Provision the browser	2026-09-12T03:16:55.7692437Z Building dependency tree...
ks-21-6614-conviction-set	Provision the browser	2026-09-12T03:16:55.7698967Z Reading state information...
ks-21-6614-conviction-set	Provision the browser	2026-09-12T03:16:55.9360990Z libasound2t64 is already the newest version (1.2.11-1ubuntu0.3).
ks-21-6614-conviction-set	Provision the browser	2026-09-12T03:16:55.9362593Z libasound2t64 set to manually installed.
ks-21-6614-conviction-set	Provision the browser	2026-09-12T03:16:55.9363794Z libatk-bridge2.0-0t64 is already the newest version (2.52.0-1build1).
ks-21-6614-conviction-set	Provision the browser	2026-09-12T03:16:55.9364785Z libatk-bridge2.0-0t64 set to manually installed.
ks-21-6614-conviction-set	Provision the browser	2026-09-12T03:16:55.9365648Z libatk1.0-0t64 is already the newest version (2.52.0-1build1).
ks-21-6614-conviction-set	Provision the browser	2026-09-12T03:16:55.9366405Z libatk1.0-0t64 set to manually installed.
ks-21-6614-conviction-set	Provision the browser	2026-09-12T03:16:55.9367268Z libatspi2.0-0t64 is already the newest version (2.52.0-1build1).
ks-21-6614-conviction-set	Provision the browser	2026-09-12T03:16:55.9367888Z libatspi2.0-0t64 set to manually installed.
ks-21-6614-conviction-set	Provision the browser	2026-09-12T03:16:55.9368400Z libcairo2 is already the newest version (1.18.0-3build1).
ks-21-6614-conviction-set	Provision the browser	2026-09-12T03:16:55.9368834Z libcairo2 set to manually installed.
ks-21-6614-conviction-set	Provision the browser	2026-09-12T03:16:55.9369378Z libcups2t64 is already the newest version (2.4.7-1.2ubuntu7.14).
ks-21-6614-conviction-set	Provision the browser	2026-09-12T03:16:55.9370003Z libcups2t64 set to manually installed.
ks-21-6614-conviction-set	Provision the browser	2026-09-12T03:16:55.9370785Z libdbus-1-3 is already the newest version (1.14.10-4ubuntu4.1).
ks-21-6614-conviction-set	Provision the browser	2026-09-12T03:16:55.9371328Z libdbus-1-3 set to manually installed.
ks-21-6614-conviction-set	Provision the browser	2026-09-12T03:16:55.9371806Z libdrm2 is already the newest version (2.4.125-1ubuntu0.1~24.04.2).
ks-21-6614-conviction-set	Provision the browser	2026-09-12T03:16:55.9372290Z libdrm2 set to manually installed.
ks-21-6614-conviction-set	Provision the browser	2026-09-12T03:16:55.9372788Z libgbm1 is already the newest version (25.2.8-0ubuntu0.24.04.2).
ks-21-6614-conviction-set	Provision the browser	2026-09-12T03:16:55.9373428Z libgbm1 set to manually installed.
ks-21-6614-conviction-set	Provision the browser	2026-09-12T03:16:55.9373914Z libglib2.0-0t64 is already the newest version (2.80.0-6ubuntu3.8).
ks-21-6614-conviction-set	Provision the browser	2026-09-12T03:16:55.9374383Z libglib2.0-0t64 set to manually installed.
ks-21-6614-conviction-set	Provision the browser	2026-09-12T03:16:55.9374877Z libnspr4 is already the newest version (2:4.35-1.1build1).
ks-21-6614-conviction-set	Provision the browser	2026-09-12T03:16:55.9375337Z libnspr4 set to manually installed.
ks-21-6614-conviction-set	Provision the browser	2026-09-12T03:16:55.9375780Z libnss3 is already the newest version (2:3.98-1ubuntu0.2).
ks-21-6614-conviction-set	Provision the browser	2026-09-12T03:16:55.9376275Z libnss3 set to manually installed.
ks-21-6614-conviction-set	Provision the browser	2026-09-12T03:16:55.9376898Z libpango-1.0-0 is already the newest version (1.52.1+ds-1build1).
ks-21-6614-conviction-set	Provision the browser	2026-09-12T03:16:55.9377568Z libpango-1.0-0 set to manually installed.
ks-21-6614-conviction-set	Provision the browser	2026-09-12T03:16:55.9378194Z libx11-6 is already the newest version (2:1.8.7-1build1).
ks-21-6614-conviction-set	Provision the browser	2026-09-12T03:16:55.9378844Z libx11-6 set to manually installed.
ks-21-6614-conviction-set	Provision the browser	2026-09-12T03:16:55.9379409Z libxcb1 is already the newest version (1.15-1ubuntu2).
ks-21-6614-conviction-set	Provision the browser	2026-09-12T03:16:55.9379851Z libxcb1 set to manually installed.
ks-21-6614-conviction-set	Provision the browser	2026-09-12T03:16:55.9380346Z libxcomposite1 is already the newest version (1:0.4.5-1build3).
ks-21-6614-conviction-set	Provision the browser	2026-09-12T03:16:55.9381087Z libxcomposite1 set to manually installed.
ks-21-6614-conviction-set	Provision the browser	2026-09-12T03:16:55.9381877Z libxdamage1 is already the newest version (1:1.1.6-1build1).
ks-21-6614-conviction-set	Provision the browser	2026-09-12T03:16:55.9382562Z libxdamage1 set to manually installed.
ks-21-6614-conviction-set	Provision the browser	2026-09-12T03:16:55.9383217Z libxext6 is already the newest version (2:1.3.4-1build2).
ks-21-6614-conviction-set	Provision the browser	2026-09-12T03:16:55.9383677Z libxext6 set to manually installed.
ks-21-6614-conviction-set	Provision the browser	2026-09-12T03:16:55.9384117Z libxfixes3 is already the newest version (1:6.0.0-2build1).
ks-21-6614-conviction-set	Provision the browser	2026-09-12T03:16:55.9384614Z libxfixes3 set to manually installed.
ks-21-6614-conviction-set	Provision the browser	2026-09-12T03:16:55.9385260Z libxkbcommon0 is already the newest version (1.6.0-1build1).
ks-21-6614-conviction-set	Provision the browser	2026-09-12T03:16:55.9385941Z libxkbcommon0 set to manually installed.
ks-21-6614-conviction-set	Provision the browser	2026-09-12T03:16:55.9386864Z libxrandr2 is already the newest version (2:1.5.2-2build1).
ks-21-6614-conviction-set	Provision the browser	2026-09-12T03:16:55.9387613Z libxrandr2 set to manually installed.
ks-21-6614-conviction-set	Provision the browser	2026-09-12T03:16:55.9388444Z xvfb is already the newest version (2:21.1.12-1ubuntu1.6).
ks-21-6614-conviction-set	Provision the browser	2026-09-12T03:16:55.9389386Z fonts-noto-color-emoji is already the newest version (2.047-0ubuntu0.24.04.1).
ks-21-6614-conviction-set	Provision the browser	2026-09-12T03:16:55.9390779Z libfontconfig1 is already the newest version (2.15.0-1.1ubuntu2).
ks-21-6614-conviction-set	Provision the browser	2026-09-12T03:16:55.9391562Z libfontconfig1 set to manually installed.
ks-21-6614-conviction-set	Provision the browser	2026-09-12T03:16:55.9392270Z libfreetype6 is already the newest version (2.13.2+dfsg-1ubuntu0.1).
ks-21-6614-conviction-set	Provision the browser	2026-09-12T03:16:55.9393079Z libfreetype6 set to manually installed.
ks-21-6614-conviction-set	Provision the browser	2026-09-12T03:16:55.9393821Z fonts-liberation is already the newest version (1:2.1.5-3).
ks-21-6614-conviction-set	Provision the browser	2026-09-12T03:16:55.9394695Z fonts-liberation set to manually installed.
ks-21-6614-conviction-set	Provision the browser	2026-09-12T03:16:55.9395405Z The following additional packages will be installed:
ks-21-6614-conviction-set	Provision the browser	2026-09-12T03:16:55.9396015Z   xfonts-encodings xfonts-utils
ks-21-6614-conviction-set	Provision the browser	2026-09-12T03:16:55.9396562Z Recommended packages:
ks-21-6614-conviction-set	Provision the browser	2026-09-12T03:16:55.9397185Z   fonts-ipafont-mincho fonts-tlwg-loma
ks-21-6614-conviction-set	Provision the browser	2026-09-12T03:16:55.9536287Z The following NEW packages will be installed:
ks-21-6614-conviction-set	Provision the browser	2026-09-12T03:16:55.9537346Z   fonts-freefont-ttf fonts-ipafont-gothic fonts-tlwg-loma-otf fonts-unifont
ks-21-6614-conviction-set	Provision the browser	2026-09-12T03:16:55.9543504Z   fonts-wqy-zenhei xfonts-cyrillic xfonts-encodings xfonts-scalable
ks-21-6614-conviction-set	Provision the browser	2026-09-12T03:16:55.9544506Z   xfonts-utils
ks-21-6614-conviction-set	Provision the browser	2026-09-12T03:16:55.9705037Z 0 upgraded, 9 newly installed, 0 to remove and 50 not upgraded.
ks-21-6614-conviction-set	Provision the browser	2026-09-12T03:16:55.9705968Z Need to get 21.1 MB of archives.
ks-21-6614-conviction-set	Provision the browser	2026-09-12T03:16:55.9706854Z After this operation, 79.5 MB of additional disk space will be used.
ks-21-6614-conviction-set	Provision the browser	2026-09-12T03:16:55.9707418Z Get:1 file:/etc/apt/apt-mirrors.txt Mirrorlist [144 B]
ks-21-6614-conviction-set	Provision the browser	2026-09-12T03:16:56.0579749Z Get:2 http://azure.archive.ubuntu.com/ubuntu noble/universe amd64 fonts-ipafont-gothic all 00303-21ubuntu1 [3513 kB]
ks-21-6614-conviction-set	Provision the browser	2026-09-12T03:16:56.1758969Z Get:3 http://azure.archive.ubuntu.com/ubuntu noble/main amd64 fonts-freefont-ttf all 20211204+svn4273-2 [5641 kB]
ks-21-6614-conviction-set	Provision the browser	2026-09-12T03:16:56.3372615Z Get:4 http://azure.archive.ubuntu.com/ubuntu noble/universe amd64 fonts-tlwg-loma-otf all 1:0.7.3-1 [107 kB]
ks-21-6614-conviction-set	Provision the browser	2026-09-12T03:16:56.3853815Z Get:5 http://azure.archive.ubuntu.com/ubuntu noble/universe amd64 fonts-unifont all 1:15.1.01-1build1 [2993 kB]
ks-21-6614-conviction-set	Provision the browser	2026-09-12T03:16:56.4989213Z Get:6 http://azure.archive.ubuntu.com/ubuntu noble/universe amd64 fonts-wqy-zenhei all 0.9.45-8 [7472 kB]
ks-21-6614-conviction-set	Provision the browser	2026-09-12T03:16:56.6573587Z Get:7 http://azure.archive.ubuntu.com/ubuntu noble/main amd64 xfonts-encodings all 1:1.0.5-0ubuntu2 [578 kB]
ks-21-6614-conviction-set	Provision the browser	2026-09-12T03:16:56.7116599Z Get:8 http://azure.archive.ubuntu.com/ubuntu noble/main amd64 xfonts-utils amd64 1:7.7+6build3 [94.4 kB]
ks-21-6614-conviction-set	Provision the browser	2026-09-12T03:16:56.7602824Z Get:9 http://azure.archive.ubuntu.com/ubuntu noble/universe amd64 xfonts-cyrillic all 1:1.0.5+nmu1 [384 kB]
ks-21-6614-conviction-set	Provision the browser	2026-09-12T03:16:56.8117119Z Get:10 http://azure.archive.ubuntu.com/ubuntu noble/main amd64 xfonts-scalable all 1:1.0.3-1.3 [304 kB]
ks-21-6614-conviction-set	Provision the browser	2026-09-12T03:16:57.0625058Z Fetched 21.1 MB in 1s (24.7 MB/s)
ks-21-6614-conviction-set	Provision the browser	2026-09-12T03:16:57.1152139Z Selecting previously unselected package fonts-ipafont-gothic.
ks-21-6614-conviction-set	Provision the browser	2026-09-12T03:16:57.1370974Z (Reading database ... 
ks-21-6614-conviction-set	Provision the browser	2026-09-12T03:16:57.1371674Z (Reading database ... 5%
ks-21-6614-conviction-set	Provision the browser	2026-09-12T03:16:57.1372440Z (Reading database ... 10%
ks-21-6614-conviction-set	Provision the browser	2026-09-12T03:16:57.1373502Z (Reading database ... 15%
ks-21-6614-conviction-set	Provision the browser	2026-09-12T03:16:57.1374962Z (Reading database ... 20%
ks-21-6614-conviction-set	Provision the browser	2026-09-12T03:16:57.1376197Z (Reading database ... 25%
ks-21-6614-conviction-set	Provision the browser	2026-09-12T03:16:57.1377355Z (Reading database ... 30%
ks-21-6614-conviction-set	Provision the browser	2026-09-12T03:16:57.1378609Z (Reading database ... 35%
ks-21-6614-conviction-set	Provision the browser	2026-09-12T03:16:57.1379782Z (Reading database ... 40%
ks-21-6614-conviction-set	Provision the browser	2026-09-12T03:16:57.1381400Z (Reading database ... 45%
ks-21-6614-conviction-set	Provision the browser	2026-09-12T03:16:57.1382574Z (Reading database ... 50%
ks-21-6614-conviction-set	Provision the browser	2026-09-12T03:16:57.1419423Z (Reading database ... 55%
ks-21-6614-conviction-set	Provision the browser	2026-09-12T03:16:57.2493267Z (Reading database ... 60%
ks-21-6614-conviction-set	Provision the browser	2026-09-12T03:16:57.4080899Z (Reading database ... 65%
ks-21-6614-conviction-set	Provision the browser	2026-09-12T03:16:57.5745190Z (Reading database ... 70%
ks-21-6614-conviction-set	Provision the browser	2026-09-12T03:16:57.6658673Z (Reading database ... 75%
ks-21-6614-conviction-set	Provision the browser	2026-09-12T03:16:57.8416007Z (Reading database ... 80%
ks-21-6614-conviction-set	Provision the browser	2026-09-12T03:16:57.9622393Z (Reading database ... 85%
ks-21-6614-conviction-set	Provision the browser	2026-09-12T03:16:58.0862055Z (Reading database ... 90%
ks-21-6614-conviction-set	Provision the browser	2026-09-12T03:16:58.1859105Z (Reading database ... 95%
ks-21-6614-conviction-set	Provision the browser	2026-09-12T03:16:58.1859960Z (Reading database ... 100%
ks-21-6614-conviction-set	Provision the browser	2026-09-12T03:16:58.1861015Z (Reading database ... 201818 files and directories currently installed.)
ks-21-6614-conviction-set	Provision the browser	2026-09-12T03:16:58.1905374Z Preparing to unpack .../0-fonts-ipafont-gothic_00303-21ubuntu1_all.deb ...
ks-21-6614-conviction-set	Provision the browser	2026-09-12T03:16:58.2308810Z Unpacking fonts-ipafont-gothic (00303-21ubuntu1) ...
ks-21-6614-conviction-set	Provision the browser	2026-09-12T03:16:58.5412616Z Selecting previously unselected package fonts-freefont-ttf.
ks-21-6614-conviction-set	Provision the browser	2026-09-12T03:16:58.5531998Z Preparing to unpack .../1-fonts-freefont-ttf_20211204+svn4273-2_all.deb ...
ks-21-6614-conviction-set	Provision the browser	2026-09-12T03:16:58.5543250Z Unpacking fonts-freefont-ttf (20211204+svn4273-2) ...
ks-21-6614-conviction-set	Provision the browser	2026-09-12T03:16:58.6602069Z Selecting previously unselected package fonts-tlwg-loma-otf.
ks-21-6614-conviction-set	Provision the browser	2026-09-12T03:16:58.6723265Z Preparing to unpack .../2-fonts-tlwg-loma-otf_1%3a0.7.3-1_all.deb ...
ks-21-6614-conviction-set	Provision the browser	2026-09-12T03:16:58.6732331Z Unpacking fonts-tlwg-loma-otf (1:0.7.3-1) ...
ks-21-6614-conviction-set	Provision the browser	2026-09-12T03:16:58.6997897Z Selecting previously unselected package fonts-unifont.
ks-21-6614-conviction-set	Provision the browser	2026-09-12T03:16:58.7181840Z Preparing to unpack .../3-fonts-unifont_1%3a15.1.01-1build1_all.deb ...
ks-21-6614-conviction-set	Provision the browser	2026-09-12T03:16:58.7253323Z Unpacking fonts-unifont (1:15.1.01-1build1) ...
ks-21-6614-conviction-set	Provision the browser	2026-09-12T03:16:58.9707452Z Selecting previously unselected package fonts-wqy-zenhei.
ks-21-6614-conviction-set	Provision the browser	2026-09-12T03:16:58.9828492Z Preparing to unpack .../4-fonts-wqy-zenhei_0.9.45-8_all.deb ...
ks-21-6614-conviction-set	Provision the browser	2026-09-12T03:16:58.9918203Z Unpacking fonts-wqy-zenhei (0.9.45-8) ...
ks-21-6614-conviction-set	Provision the browser	2026-09-12T03:16:59.5826315Z Selecting previously unselected package xfonts-encodings.
ks-21-6614-conviction-set	Provision the browser	2026-09-12T03:16:59.5947055Z Preparing to unpack .../5-xfonts-encodings_1%3a1.0.5-0ubuntu2_all.deb ...
ks-21-6614-conviction-set	Provision the browser	2026-09-12T03:16:59.5959535Z Unpacking xfonts-encodings (1:1.0.5-0ubuntu2) ...
ks-21-6614-conviction-set	Provision the browser	2026-09-12T03:16:59.6432891Z Selecting previously unselected package xfonts-utils.
ks-21-6614-conviction-set	Provision the browser	2026-09-12T03:16:59.6555456Z Preparing to unpack .../6-xfonts-utils_1%3a7.7+6build3_amd64.deb ...
ks-21-6614-conviction-set	Provision the browser	2026-09-12T03:16:59.6568340Z Unpacking xfonts-utils (1:7.7+6build3) ...
ks-21-6614-conviction-set	Provision the browser	2026-09-12T03:16:59.6812128Z Selecting previously unselected package xfonts-cyrillic.
ks-21-6614-conviction-set	Provision the browser	2026-09-12T03:16:59.6930655Z Preparing to unpack .../7-xfonts-cyrillic_1%3a1.0.5+nmu1_all.deb ...
ks-21-6614-conviction-set	Provision the browser	2026-09-12T03:16:59.6947744Z Unpacking xfonts-cyrillic (1:1.0.5+nmu1) ...
ks-21-6614-conviction-set	Provision the browser	2026-09-12T03:16:59.7261985Z Selecting previously unselected package xfonts-scalable.
ks-21-6614-conviction-set	Provision the browser	2026-09-12T03:16:59.7381011Z Preparing to unpack .../8-xfonts-scalable_1%3a1.0.3-1.3_all.deb ...
ks-21-6614-conviction-set	Provision the browser	2026-09-12T03:16:59.7393588Z Unpacking xfonts-scalable (1:1.0.3-1.3) ...
ks-21-6614-conviction-set	Provision the browser	2026-09-12T03:16:59.7823058Z Setting up fonts-wqy-zenhei (0.9.45-8) ...
ks-21-6614-conviction-set	Provision the browser	2026-09-12T03:16:59.7983529Z Setting up fonts-freefont-ttf (20211204+svn4273-2) ...
ks-21-6614-conviction-set	Provision the browser	2026-09-12T03:16:59.8007698Z Setting up fonts-tlwg-loma-otf (1:0.7.3-1) ...
ks-21-6614-conviction-set	Provision the browser	2026-09-12T03:16:59.8032592Z Setting up xfonts-encodings (1:1.0.5-0ubuntu2) ...
ks-21-6614-conviction-set	Provision the browser	2026-09-12T03:16:59.8057925Z Setting up fonts-ipafont-gothic (00303-21ubuntu1) ...
ks-21-6614-conviction-set	Provision the browser	2026-09-12T03:16:59.8135373Z update-alternatives: using /usr/share/fonts/opentype/ipafont-gothic/ipag.ttf to provide /usr/share/fonts/truetype/fonts-japanese-gothic.ttf (fonts-japanese-gothic.ttf) in auto mode
ks-21-6614-conviction-set	Provision the browser	2026-09-12T03:16:59.8154011Z Setting up fonts-unifont (1:15.1.01-1build1) ...
ks-21-6614-conviction-set	Provision the browser	2026-09-12T03:16:59.8179866Z Setting up xfonts-utils (1:7.7+6build3) ...
ks-21-6614-conviction-set	Provision the browser	2026-09-12T03:16:59.8228564Z Setting up xfonts-cyrillic (1:1.0.5+nmu1) ...
ks-21-6614-conviction-set	Provision the browser	2026-09-12T03:16:59.8503142Z Setting up xfonts-scalable (1:1.0.3-1.3) ...
ks-21-6614-conviction-set	Provision the browser	2026-09-12T03:16:59.8863125Z Processing triggers for man-db (2.12.0-4build2) ...
ks-21-6614-conviction-set	Provision the browser	2026-09-12T03:16:59.8885660Z Not building database; man-db/auto-update is not 'true'.
ks-21-6614-conviction-set	Provision the browser	2026-09-12T03:16:59.8901357Z Processing triggers for fontconfig (2.15.0-1.1ubuntu2) ...
ks-21-6614-conviction-set	Provision the browser	2026-09-12T03:17:00.4939018Z 
ks-21-6614-conviction-set	Provision the browser	2026-09-12T03:17:00.4940814Z Running kernel seems to be up-to-date.
ks-21-6614-conviction-set	Provision the browser	2026-09-12T03:17:00.4941614Z 
ks-21-6614-conviction-set	Provision the browser	2026-09-12T03:17:00.4942690Z No services need to be restarted.
ks-21-6614-conviction-set	Provision the browser	2026-09-12T03:17:00.4943179Z 
ks-21-6614-conviction-set	Provision the browser	2026-09-12T03:17:00.4943432Z No containers need to be restarted.
ks-21-6614-conviction-set	Provision the browser	2026-09-12T03:17:00.4943827Z 
ks-21-6614-conviction-set	Provision the browser	2026-09-12T03:17:00.4944256Z No user sessions are running outdated binaries.
ks-21-6614-conviction-set	Provision the browser	2026-09-12T03:17:00.4944659Z 
ks-21-6614-conviction-set	Provision the browser	2026-09-12T03:17:00.4945177Z No VM guests are running outdated hypervisor (qemu) binaries on this host.
ks-21-6614-conviction-set	Provision the browser	2026-09-12T03:17:01.3292954Z Downloading Chrome for Testing 148.0.7778.96 (playwright chromium v1223) from https://cdn.playwright.dev/builds/cft/148.0.7778.96/linux64/chrome-linux64.zip
ks-21-6614-conviction-set	Provision the browser	2026-09-12T03:17:02.3472789Z |                                                                                |   0% of 175.4 MiB
ks-21-6614-conviction-set	Provision the browser	2026-09-12T03:17:02.5357894Z |■■■■■■■■                                                                        |  10% of 175.4 MiB
ks-21-6614-conviction-set	Provision the browser	2026-09-12T03:17:02.6025482Z |■■■■■■■■■■■■■■■■                                                                |  20% of 175.4 MiB
ks-21-6614-conviction-set	Provision the browser	2026-09-12T03:17:02.6441481Z |■■■■■■■■■■■■■■■■■■■■■■■■                                                        |  30% of 175.4 MiB
ks-21-6614-conviction-set	Provision the browser	2026-09-12T03:17:02.6962042Z |■■■■■■■■■■■■■■■■■■■■■■■■■■■■■■■■                                                |  40% of 175.4 MiB
ks-21-6614-conviction-set	Provision the browser	2026-09-12T03:17:02.7489561Z |■■■■■■■■■■■■■■■■■■■■■■■■■■■■■■■■■■■■■■■■                                        |  50% of 175.4 MiB
ks-21-6614-conviction-set	Provision the browser	2026-09-12T03:17:02.8013749Z |■■■■■■■■■■■■■■■■■■■■■■■■■■■■■■■■■■■■■■■■■■■■■■■■                                |  60% of 175.4 MiB
ks-21-6614-conviction-set	Provision the browser	2026-09-12T03:17:02.8564120Z |■■■■■■■■■■■■■■■■■■■■■■■■■■■■■■■■■■■■■■■■■■■■■■■■■■■■■■■■                        |  70% of 175.4 MiB
ks-21-6614-conviction-set	Provision the browser	2026-09-12T03:17:02.9064864Z |■■■■■■■■■■■■■■■■■■■■■■■■■■■■■■■■■■■■■■■■■■■■■■■■■■■■■■■■■■■■■■■■                |  80% of 175.4 MiB
ks-21-6614-conviction-set	Provision the browser	2026-09-12T03:17:02.9586111Z |■■■■■■■■■■■■■■■■■■■■■■■■■■■■■■■■■■■■■■■■■■■■■■■■■■■■■■■■■■■■■■■■■■■■■■■■        |  90% of 175.4 MiB
ks-21-6614-conviction-set	Provision the browser	2026-09-12T03:17:03.0091101Z |■■■■■■■■■■■■■■■■■■■■■■■■■■■■■■■■■■■■■■■■■■■■■■■■■■■■■■■■■■■■■■■■■■■■■■■■■■■■■■■■| 100% of 175.4 MiB
ks-21-6614-conviction-set	Provision the browser	2026-09-12T03:17:05.9672358Z Chrome for Testing 148.0.7778.96 (playwright chromium v1223) downloaded to /home/runner/.cache/ms-playwright/chromium-1223
ks-21-6614-conviction-set	Provision the browser	2026-09-12T03:17:05.9675425Z Downloading FFmpeg (playwright ffmpeg v1011) from https://cdn.playwright.dev/dbazure/download/playwright/builds/ffmpeg/1011/ffmpeg-linux.zip
ks-21-6614-conviction-set	Provision the browser	2026-09-12T03:17:07.0060106Z |                                                                                |   0% of 2.3 MiB
ks-21-6614-conviction-set	Provision the browser	2026-09-12T03:17:07.0452321Z |■■■■■■■■                                                                        |  10% of 2.3 MiB
ks-21-6614-conviction-set	Provision the browser	2026-09-12T03:17:07.0741740Z |■■■■■■■■■■■■■■■■                                                                |  20% of 2.3 MiB
ks-21-6614-conviction-set	Provision the browser	2026-09-12T03:17:07.0831025Z |■■■■■■■■■■■■■■■■■■■■■■■■                                                        |  30% of 2.3 MiB
ks-21-6614-conviction-set	Provision the browser	2026-09-12T03:17:07.0970221Z |■■■■■■■■■■■■■■■■■■■■■■■■■■■■■■■■                                                |  40% of 2.3 MiB
ks-21-6614-conviction-set	Provision the browser	2026-09-12T03:17:07.1111326Z |■■■■■■■■■■■■■■■■■■■■■■■■■■■■■■■■■■■■■■■■                                        |  50% of 2.3 MiB
ks-21-6614-conviction-set	Provision the browser	2026-09-12T03:17:07.1159261Z |■■■■■■■■■■■■■■■■■■■■■■■■■■■■■■■■■■■■■■■■■■■■■■■■                                |  60% of 2.3 MiB
ks-21-6614-conviction-set	Provision the browser	2026-09-12T03:17:07.1208326Z |■■■■■■■■■■■■■■■■■■■■■■■■■■■■■■■■■■■■■■■■■■■■■■■■■■■■■■■■                        |  70% of 2.3 MiB
ks-21-6614-conviction-set	Provision the browser	2026-09-12T03:17:07.1312718Z |■■■■■■■■■■■■■■■■■■■■■■■■■■■■■■■■■■■■■■■■■■■■■■■■■■■■■■■■■■■■■■■■                |  80% of 2.3 MiB
ks-21-6614-conviction-set	Provision the browser	2026-09-12T03:17:07.1342856Z |■■■■■■■■■■■■■■■■■■■■■■■■■■■■■■■■■■■■■■■■■■■■■■■■■■■■■■■■■■■■■■■■■■■■■■■■        |  90% of 2.3 MiB
ks-21-6614-conviction-set	Provision the browser	2026-09-12T03:17:07.1387656Z |■■■■■■■■■■■■■■■■■■■■■■■■■■■■■■■■■■■■■■■■■■■■■■■■■■■■■■■■■■■■■■■■■■■■■■■■■■■■■■■■| 100% of 2.3 MiB
ks-21-6614-conviction-set	Provision the browser	2026-09-12T03:17:07.1943951Z FFmpeg (playwright ffmpeg v1011) downloaded to /home/runner/.cache/ms-playwright/ffmpeg-1011
ks-21-6614-conviction-set	Provision the browser	2026-09-12T03:17:07.1945723Z Downloading Chrome Headless Shell 148.0.7778.96 (playwright chromium-headless-shell v1223) from https://cdn.playwright.dev/builds/cft/148.0.7778.96/linux64/chrome-headless-shell-linux64.zip
ks-21-6614-conviction-set	Provision the browser	2026-09-12T03:17:08.2255579Z |                                                                                |   0% of 113.2 MiB
ks-21-6614-conviction-set	Provision the browser	2026-09-12T03:17:08.3851122Z |■■■■■■■■                                                                        |  10% of 113.2 MiB
ks-21-6614-conviction-set	Provision the browser	2026-09-12T03:17:08.4238236Z |■■■■■■■■■■■■■■■■                                                                |  20% of 113.2 MiB
ks-21-6614-conviction-set	Provision the browser	2026-09-12T03:17:08.4553075Z |■■■■■■■■■■■■■■■■■■■■■■■■                                                        |  30% of 113.2 MiB
ks-21-6614-conviction-set	Provision the browser	2026-09-12T03:17:08.4921275Z |■■■■■■■■■■■■■■■■■■■■■■■■■■■■■■■■                                                |  40% of 113.2 MiB
ks-21-6614-conviction-set	Provision the browser	2026-09-12T03:17:08.5199992Z |■■■■■■■■■■■■■■■■■■■■■■■■■■■■■■■■■■■■■■■■                                        |  50% of 113.2 MiB
ks-21-6614-conviction-set	Provision the browser	2026-09-12T03:17:08.5480252Z |■■■■■■■■■■■■■■■■■■■■■■■■■■■■■■■■■■■■■■■■■■■■■■■■                                |  60% of 113.2 MiB
ks-21-6614-conviction-set	Provision the browser	2026-09-12T03:17:08.5791426Z |■■■■■■■■■■■■■■■■■■■■■■■■■■■■■■■■■■■■■■■■■■■■■■■■■■■■■■■■                        |  70% of 113.2 MiB
ks-21-6614-conviction-set	Provision the browser	2026-09-12T03:17:08.6151145Z |■■■■■■■■■■■■■■■■■■■■■■■■■■■■■■■■■■■■■■■■■■■■■■■■■■■■■■■■■■■■■■■■                |  80% of 113.2 MiB
ks-21-6614-conviction-set	Provision the browser	2026-09-12T03:17:08.6464455Z |■■■■■■■■■■■■■■■■■■■■■■■■■■■■■■■■■■■■■■■■■■■■■■■■■■■■■■■■■■■■■■■■■■■■■■■■        |  90% of 113.2 MiB
ks-21-6614-conviction-set	Provision the browser	2026-09-12T03:17:08.6767669Z |■■■■■■■■■■■■■■■■■■■■■■■■■■■■■■■■■■■■■■■■■■■■■■■■■■■■■■■■■■■■■■■■■■■■■■■■■■■■■■■■| 100% of 113.2 MiB
ks-21-6614-conviction-set	Provision the browser	2026-09-12T03:17:10.7825426Z Chrome Headless Shell 148.0.7778.96 (playwright chromium-headless-shell v1223) downloaded to /home/runner/.cache/ms-playwright/chromium_headless_shell-1223
ks-21-6614-conviction-set	Render and measure ks-21-6614-conviction-set	﻿2026-09-12T03:17:10.8042113Z ##[group]Run node scripts/rcap-raster-batch.mjs \
ks-21-6614-conviction-set	Render and measure ks-21-6614-conviction-set	2026-09-12T03:17:10.8042664Z ^[[36;1mnode scripts/rcap-raster-batch.mjs \^[[0m
ks-21-6614-conviction-set	Render and measure ks-21-6614-conviction-set	2026-09-12T03:17:10.8043115Z ^[[36;1m  --manifest "$MANIFEST_PATH" \^[[0m
ks-21-6614-conviction-set	Render and measure ks-21-6614-conviction-set	2026-09-12T03:17:10.8043510Z ^[[36;1m  --family "$FAMILY" \^[[0m
ks-21-6614-conviction-set	Render and measure ks-21-6614-conviction-set	2026-09-12T03:17:10.8043921Z ^[[36;1m  --commit "$COMMIT_SHA" \^[[0m
ks-21-6614-conviction-set	Render and measure ks-21-6614-conviction-set	2026-09-12T03:17:10.8044288Z ^[[36;1m  --scale "$REQUESTED_SCALE" \^[[0m
ks-21-6614-conviction-set	Render and measure ks-21-6614-conviction-set	2026-09-12T03:17:10.8044675Z ^[[36;1m  --run-id "$WORKFLOW_RUN_ID" \^[[0m
ks-21-6614-conviction-set	Render and measure ks-21-6614-conviction-set	2026-09-12T03:17:10.8045104Z ^[[36;1m  --out raster-out^[[0m
ks-21-6614-conviction-set	Render and measure ks-21-6614-conviction-set	2026-09-12T03:17:10.8070051Z shell: /usr/bin/bash -e {0}
ks-21-6614-conviction-set	Render and measure ks-21-6614-conviction-set	2026-09-12T03:17:10.8070438Z env:
ks-21-6614-conviction-set	Render and measure ks-21-6614-conviction-set	2026-09-12T03:17:10.8070975Z   pythonLocation: /opt/hostedtoolcache/Python/3.12.14/x64
ks-21-6614-conviction-set	Render and measure ks-21-6614-conviction-set	2026-09-12T03:17:10.8071572Z   PKG_CONFIG_PATH: /opt/hostedtoolcache/Python/3.12.14/x64/lib/pkgconfig
ks-21-6614-conviction-set	Render and measure ks-21-6614-conviction-set	2026-09-12T03:17:10.8072083Z   Python_ROOT_DIR: /opt/hostedtoolcache/Python/3.12.14/x64
ks-21-6614-conviction-set	Render and measure ks-21-6614-conviction-set	2026-09-12T03:17:10.8072536Z   Python2_ROOT_DIR: /opt/hostedtoolcache/Python/3.12.14/x64
ks-21-6614-conviction-set	Render and measure ks-21-6614-conviction-set	2026-09-12T03:17:10.8072999Z   Python3_ROOT_DIR: /opt/hostedtoolcache/Python/3.12.14/x64
ks-21-6614-conviction-set	Render and measure ks-21-6614-conviction-set	2026-09-12T03:17:10.8073599Z   LD_LIBRARY_PATH: /opt/hostedtoolcache/Python/3.12.14/x64/lib
ks-21-6614-conviction-set	Render and measure ks-21-6614-conviction-set	2026-09-12T03:17:10.8074080Z   PLAYWRIGHT_BROWSERS_PATH: /home/runner/.cache/ms-playwright
ks-21-6614-conviction-set	Render and measure ks-21-6614-conviction-set	2026-09-12T03:17:10.8074825Z   MANIFEST_PATH: data/rcap-grade-a/packet-factory-24h/pf20/kansas-four-closeout-20260912/birth-year-followup/raster-manifest.json
ks-21-6614-conviction-set	Render and measure ks-21-6614-conviction-set	2026-09-12T03:17:10.8075654Z   FAMILY: ks-21-6614-conviction-set
ks-21-6614-conviction-set	Render and measure ks-21-6614-conviction-set	2026-09-12T03:17:10.8076056Z   COMMIT_SHA: f6fc009ffc3a94b1a4bc9db84888db3a081f9f01
ks-21-6614-conviction-set	Render and measure ks-21-6614-conviction-set	2026-09-12T03:17:10.8076513Z   REQUESTED_SCALE: 2.5
ks-21-6614-conviction-set	Render and measure ks-21-6614-conviction-set	2026-09-12T03:17:10.8076828Z   WORKFLOW_RUN_ID: 34669691683
ks-21-6614-conviction-set	Render and measure ks-21-6614-conviction-set	2026-09-12T03:17:10.8077134Z ##[endgroup]
ks-21-6614-conviction-set	Render and measure ks-21-6614-conviction-set	2026-09-12T03:24:38.3707128Z RCAP_RECEIPT_BEGIN family=ks-21-6614-conviction-set run=34669691683 commit=f6fc009ffc3a94b1a4bc9db84888db3a081f9f01
ks-21-6614-conviction-set	Render and measure ks-21-6614-conviction-set	2026-09-12T03:24:38.3807527Z RCAP_RECEIPT_VERDICT {"schemaVersion":"rcap-raster-family-verdict/v1","familyId":"ks-21-6614-conviction-set","verdict":"RASTER_PASS","packetCommitSha":"f6fc009ffc3a94b1a4bc9db84888db3a081f9f01","workflowRunId":"34669691683","requestedScale":2.5,"cssPxPerPt":1.3333333333333333,"browserExecutable":"/home/runner/.cache/ms-playwright/chromium-1223/chrome-linux64/chrome","resolvedBy":"PLAYWRIGHT_BROWSERS_PATH","operatingSystem":"Linux 6.17.0-1022-azure x64","nodeVersion":"v22.23.2","hashesBound":{"canonical":{"path":"data/rcap-all50/overlays/census-v1/ks/ks-21-6614-conviction-set--official-pdf-fill/fixtures/canonical.pdf","pinned":"03996dd305575e5d421fc8a5575e336e431521e9d10384a9e2ae4fa4875b9f46"},"boundary":{"path":"data/rcap-all50/overlays/census-v1/ks/ks-21-6614-conviction-set--official-pdf-fill/fixtures/boundary.pdf","pinned":"28ae8abf021bbd544eee59e09cceafd76383950017e36f19ddbf8cb01377a58b"}},"documentsRendered":[{"role":"canonical","document":"canonical.pdf","path":"data/rcap-all50/overlays/census-v1/ks/ks-21-6614-conviction-set--official-pdf-fill/fixtures/canonical.pdf","pinned":"03996dd305575e5d421fc8a5575e336e431521e9d10384a9e2ae4fa4875b9f46"},{"role":"boundary","document":"boundary.pdf","path":"data/rcap-all50/overlays/census-v1/ks/ks-21-6614-conviction-set--official-pdf-fill/fixtures/boundary.pdf","pinned":"28ae8abf021bbd544eee59e09cceafd76383950017e36f19ddbf8cb01377a58b"}],"documentsDigest":"d8c47d75b75e228f8be4512d5d7ac083ab0cfd88e6d2cdd335a21549a8a47199","coversTheWholeFamily":true,"decryptionTransforms":[],"decryptionRule":"An encrypted source is hashed before any transform; Poppler and qpdf must independently agree on its page count; the temporary derivative is decrypted and serialized with explicit objects, then admitted only when geometry, decoded page content, fields/widgets, and XFA remain identical; only that temporary transport is passed to pdf-lib for calibrated rendering; the queued packet bytes are never modified.","pagesMeasured":40,"measurements":[{"kind":"canonical","document":"canonical.pdf","page":1,"png":"ks-21-6614-conviction-set/canonical/page-001.png","bytes":320056,"pngSha256":"c9e8a00f998638b24ed59c2ddeab880b5ea4c10bd0be8b1edb107e525f77248f","pngWidth":2040,"pngHeight":2640,"paper":{"x0":204,"y0":3,"x1":2243,"y1":2642,"width":2040,"height":2640},"pxPerPt":3.3333333333333335,"expectedPxPerPt":3.333333333333333,"pageWidthPt":612,"pageHeightPt":792,"expectedPx":{"width":2039.9999999999998,"height":2639.9999999999995,"tolerancePx":6.666666666666666},"calibrationResidualPx":0,"inkFractionInsidePaper":0.05808749257278669,"nonblank":true,"croppedToThePage":true},{"kind":"canonical","document":"canonical.pdf","page":2,"png":"ks-21-6614-conviction-set/canonical/page-002.png","bytes":273586,"pngSha256":"9992a99db3f73f67a2e4feb9024499b1416ec6371ef8a236ed5d030156fe6ce8","pngWidth":2040,"pngHeight":2640,"paper":{"x0":204,"y0":3,"x1":2243,"y1":2642,"width":2040,"height":2640},"pxPerPt":3.3333333333333335,"expectedPxPerPt":3.333333333333333,"pageWidthPt":612,"pageHeightPt":792,"expectedPx":{"width":2039.9999999999998,"height":2639.9999999999995,"tolerancePx":6.666666666666666},"calibrationResidualPx":0,"inkFractionInsidePaper":0.027713903743315508,"nonblank":true,"croppedToThePage":true},{"kind":"canonical","document":"canonical.pdf","page":3,"png":"ks-21-6614-conviction-set/canonical/page-003.png","bytes":319746,"pngSha256":"b507fef0ee7cec28baf72d29630043a842ee83baf9e9342aecc2a3f85f1d6060","pngWidth":2040,"pngHeight":2640,"paper":{"x0":204,"y0":3,"x1":2243,"y1":2642,"width":2040,"height":2640},"pxPerPt":3.3333333333333335,"expectedPxPerPt":3.333333333333333,"pageWidthPt":612,"pageHeightPt":792,"expectedPx":{"width":2039.9999999999998,"height":2639.9999999999995,"tolerancePx":6.666666666666666},"calibrationResidualPx":0,"inkFractionInsidePaper":0.032503713606654785,"nonblank":true,"croppedToThePage":true},{"kind":"canonical","document":"canonical.pdf","page":4,"png":"ks-21-6614-conviction-set/canonical/page-004.png","bytes":161750,"pngSha256":"7fe08299d7e27df64c0128106e938d9dbd64cf09c3cc12ad48df7d4af60b0b81","pngWidth":2040,"pngHeight":2640,"paper":{"x0":204,"y0":3,"x1":2243,"y1":2642,"width":2040,"height":2640},"pxPerPt":3.3333333333333335,"expectedPxPerPt":3.333333333333333,"pageWidthPt":612,"pageHeightPt":792,"expectedPx":{"width":2039.9999999999998,"height":2639.9999999999995,"tolerancePx":6.666666666666666},"calibrationResidualPx":0,"inkFractionInsidePaper":0.012302436125965538,"nonblank":true,"croppedToThePage":true},{"kind":"canonical","document":"canonical.pdf","page":5,"png":"ks-21-6614-conviction-set/canonical/page-005.png","bytes":442041,"pngSha256":"0ae20ffea54c5527b45ebbde50fee100364d64fab8ae230749cfd9144bde7965","pngWidth":2040,"pngHeight":2640,"paper":{"x0":204,"y0":3,"x1":2243,"y1":2642,"width":2040,"height":2640},"pxPerPt":3.3333333333333335,"expectedPxPerPt":3.333333333333333,"pageWidthPt":612,"pageHeightPt":792,"expectedPx":{"width":2039.9999999999998,"height":2639.9999999999995,"tolerancePx":6.666666666666666},"calibrationResidualPx":0,"inkFractionInsidePaper":0.043013406120023766,"nonblank":true,"croppedToThePage":true},{"kind":"canonical","document":"canonical.pdf","page":6,"png":"ks-21-6614-conviction-set/canonical/page-006.png","bytes":489116,"pngSha256":"561946a9c82d5d2ec0c32b4e11f3118e5b755e8cb94f2386c1931798f7ef9249","pngWidth":2040,"pngHeight":2640,"paper":{"x0":204,"y0":3,"x1":2243,"y1":2642,"width":2040,"height":2640},"pxPerPt":3.3333333333333335,"expectedPxPerPt":3.333333333333333,"pageWidthPt":612,"pageHeightPt":792,"expectedPx":{"width":2039.9999999999998,"height":2639.9999999999995,"tolerancePx":6.666666666666666},"calibrationResidualPx":0,"inkFractionInsidePaper":0.05282326945929887,"nonblank":true,"croppedToThePage":true},{"kind":"canonical","document":"canonical.pdf","page":7,"png":"ks-21-6614-conviction-set/canonical/page-007.png","bytes":554474,"pngSha256":"8df37d7461cc8b519e8776d3ae1123b7f6c9fc16130d3204a4e981a2538d33b2","pngWidth":2040,"pngHeight":2640,"paper":{"x0":204,"y0":3,"x1":2243,"y1":2642,"width":2040,"height":2640},"pxPerPt":3.3333333333333335,"expectedPxPerPt":3.333333333333333,"pageWidthPt":612,"pageHeightPt":792,"expectedPx":{"width":2039.9999999999998,"height":2639.9999999999995,"tolerancePx":6.666666666666666},"calibrationResidualPx":0,"inkFractionInsidePaper":0.2734336007130125,"nonblank":true,"croppedToThePage":true},{"kind":"canonical","document":"canonical.pdf","page":8,"png":"ks-21-6614-conviction-set/canonical/page-008.png","bytes":295614,"pngSha256":"5d22062ec99e0e6909070a9a5dfc2c8a2bbf870975fe938112366841f83eb4e3","pngWidth":2040,"pngHeight":2640,"paper":{"x0":204,"y0":3,"x1":2243,"y1":2642,"width":2040,"height":2640},"pxPerPt":3.3333333333333335,"expectedPxPerPt":3.333333333333333,"pageWidthPt":612,"pageHeightPt":792,"expectedPx":{"width":2039.9999999999998,"height":2639.9999999999995,"tolerancePx":6.666666666666666},"calibrationResidualPx":0,"inkFractionInsidePaper":0.0339880421865716,"nonblank":true,"croppedToThePage":true},{"kind":"canonical","document":"canonical.pdf","page":9,"png":"ks-21-6614-conviction-set/canonical/page-009.png","bytes":204360,"pngSha256":"45abc39444d5b9391445964b8552ff011747fda4ffdf259e37766f8381fc460e","pngWidth":2040,"pngHeight":2640,"paper":{"x0":204,"y0":3,"x1":2243,"y1":2642,"width":2040,"height":2640},"pxPerPt":3.3333333333333335,"expectedPxPerPt":3.333333333333333,"pageWidthPt":612,"pageHeightPt":792,"expectedPx":{"width":2039.9999999999998,"height":2639.9999999999995,"tolerancePx":6.666666666666666},"calibrationResidualPx":0,"inkFractionInsidePaper":0.04248421717171717,"nonblank":true,"croppedToThePage":true},{"kind":"canonical","document":"canonical.pdf","page":10,"png":"ks-21-6614-conviction-set/canonical/page-010.png","bytes":317017,"pngSha256":"2fb56920eef4e2e64388149944e0e8795906af6d5e5710f1483b01cc64ba97b4","pngWidth":2040,"pngHeight":2640,"paper":{"x0":204,"y0":3,"x1":2243,"y1":2642,"width":2040,"height":2640},"pxPerPt":3.3333333333333335,"expectedPxPerPt":3.333333333333333,"pageWidthPt":612,"pageHeightPt":792,"expectedPx":{"width":2039.9999999999998,"height":2639.9999999999995,"tolerancePx":6.666666666666666},"calibrationResidualPx":0,"inkFractionInsidePaper":0.03192142008318479,"nonblank":true,"croppedToThePage":true},{"kind":"canonical","document":"canonical.pdf","page":11,"png":"ks-21-6614-conviction-set/canonical/page-011.png","bytes":319223,"pngSha256":"97f243a8ea966b1ae2885410b3ba6954d6890c87af836faf786ac111411a0bbd","pngWidth":2040,"pngHeight":2640,"paper":{"x0":204,"y0":3,"x1":2243,"y1":2642,"width":2040,"height":2640},"pxPerPt":3.3333333333333335,"expectedPxPerPt":3.333333333333333,"pageWidthPt":612,"pageHeightPt":792,"expectedPx":{"width":2039.9999999999998,"height":2639.9999999999995,"tolerancePx":6.666666666666666},"calibrationResidualPx":0,"inkFractionInsidePaper":0.03508559863339275,"nonblank":true,"croppedToThePage":true},{"kind":"canonical","document":"canonical.pdf","page":12,"png":"ks-21-6614-conviction-set/canonical/page-012.png","bytes":362031,"pngSha256":"bec2aa8b35f69325b4570902a21a323f295af4b2210897efa89b964fbe35bdd3","pngWidth":2040,"pngHeight":2640,"paper":{"x0":204,"y0":3,"x1":2243,"y1":2642,"width":2040,"height":2640},"pxPerPt":3.3333333333333335,"expectedPxPerPt":3.333333333333333,"pageWidthPt":612,"pageHeightPt":792,"expectedPx":{"width":2039.9999999999998,"height":2639.9999999999995,"tolerancePx":6.666666666666666},"calibrationResidualPx":0,"inkFractionInsidePaper":0.03920194592988711,"nonblank":true,"croppedToThePage":true},{"kind":"canonical","document":"canonical.pdf","page":13,"png":"ks-21-6614-conviction-set/canonical/page-013.png","bytes":292762,"pngSha256":"9b76c2c68e55dc7d05a69aa20d6e2c1434900621869295c8ef7a8f30b1e24f4e","pngWidth":2040,"pngHeight":2640,"paper":{"x0":204,"y0":3,"x1":2243,"y1":2642,"width":2040,"height":2640},"pxPerPt":3.3333333333333335,"expectedPxPerPt":3.333333333333333,"pageWidthPt":612,"pageHeightPt":792,"expectedPx":{"width":2039.9999999999998,"height":2639.9999999999995,"tolerancePx":6.666666666666666},"calibrationResidualPx":0,"inkFractionInsidePaper":0.033933637849079025,"nonblank":true,"croppedToThePage":true},{"kind":"canonical","document":"canonical.pdf","page":14,"png":"ks-21-6614-conviction-set/canonical/page-014.png","bytes":223250,"pngSha256":"a3242dd783effeb31900b597ba0d16978883a4173d6b5d5ded83933ad085dc5d","pngWidth":2040,"pngHeight":2640,"paper":{"x0":204,"y0":3,"x1":2243,"y1":2642,"width":2040,"height":2640},"pxPerPt":3.3333333333333335,"expectedPxPerPt":3.333333333333333,"pageWidthPt":612,"pageHeightPt":792,"expectedPx":{"width":2039.9999999999998,"height":2639.9999999999995,"tolerancePx":6.666666666666666},"calibrationResidualPx":0,"inkFractionInsidePaper":0.01932208110516934,"nonblank":true,"croppedToThePage":true},{"kind":"canonical","document":"canonical.pdf","page":15,"png":"ks-21-6614-conviction-set/canonical/page-015.png","bytes":299539,"pngSha256":"2d0ad0278f8d7b4429787c1019742558142bbeee9f7e7c924ae83555d1aa59d5","pngWidth":2040,"pngHeight":2640,"paper":{"x0":204,"y0":3,"x1":2243,"y1":2642,"width":2040,"height":2640},"pxPerPt":3.3333333333333335,"expectedPxPerPt":3.333333333333333,"pageWidthPt":612,"pageHeightPt":792,"expectedPx":{"width":2039.9999999999998,"height":2639.9999999999995,"tolerancePx":6.666666666666666},"calibrationResidualPx":0,"inkFractionInsidePaper":0.03320818478906714,"nonblank":true,"croppedToThePage":true},{"kind":"canonical","document":"canonical.pdf","page":16,"png":"ks-21-6614-conviction-set/canonical/page-016.png","bytes":208521,"pngSha256":"b0e271add48b901c176083c7df7322c30bec7dda8fd3065124c9555c3329aa6a","pngWidth":2040,"pngHeight":2640,"paper":{"x0":204,"y0":3,"x1":2243,"y1":2642,"width":2040,"height":2640},"pxPerPt":3.3333333333333335,"expectedPxPerPt":3.333333333333333,"pageWidthPt":612,"pageHeightPt":792,"expectedPx":{"width":2039.9999999999998,"height":2639.9999999999995,"tolerancePx":6.666666666666666},"calibrationResidualPx":0,"inkFractionInsidePaper":0.022265485739750446,"nonblank":true,"croppedToThePage":true},{"kind":"canonical","document":"canonical.pdf","page":17,"png":"ks-21-6614-conviction-set/canonical/page-017.png","bytes":100792,"pngSha256":"168e8f82815a8a8d5279aa38783d289eef45a1f506c052e6994195246e0c1c50","pngWidth":2040,"pngHeight":2640,"paper":{"x0":204,"y0":3,"x1":2243,"y1":2642,"width":2040,"height":2640},"pxPerPt":3.3333333333333335,"expectedPxPerPt":3.333333333333333,"pageWidthPt":612,"pageHeightPt":792,"expectedPx":{"width":2039.9999999999998,"height":2639.9999999999995,"tolerancePx":6.666666666666666},"calibrationResidualPx":0,"inkFractionInsidePaper":0.006580696672608437,"nonblank":true,"croppedToThePage":true},{"kind":"canonical","document":"canonical.pdf","page":18,"png":"ks-21-6614-conviction-set/canonical/page-018.png","bytes":402364,"pngSha256":"2c9ab513185a65dfe1fb93d3de9897ffb79a4468f0bfb138f77fad170bd12990","pngWidth":2040,"pngHeight":2640,"paper":{"x0":204,"y0":3,"x1":2243,"y1":2642,"width":2040,"height":2640},"pxPerPt":3.3333333333333335,"expectedPxPerPt":3.333333333333333,"pageWidthPt":612,"pageHeightPt":792,"expectedPx":{"width":2039.9999999999998,"height":2639.9999999999995,"tolerancePx":6.666666666666666},"calibrationResidualPx":0,"inkFractionInsidePaper":0.04691677807486631,"nonblank":true,"croppedToThePage":true},{"kind":"canonical","document":"canonical.pdf","page":19,"png":"ks-21-6614-conviction-set/canonical/page-019.png","bytes":465351,"pngSha256":"b10d3b193f496a52f4c2226a0368de3403b367235d7350d49271ed098566766e","pngWidth":2040,"pngHeight":2640,"paper":{"x0":204,"y0":3,"x1":2243,"y1":2642,"width":2040,"height":2640},"pxPerPt":3.3333333333333335,"expectedPxPerPt":3.333333333333333,"pageWidthPt":612,"pageHeightPt":792,"expectedPx":{"width":2039.9999999999998,"height":2639.9999999999995,"tolerancePx":6.666666666666666},"calibrationResidualPx":0,"inkFractionInsidePaper":0.053242164289958406,"nonblank":true,"croppedToThePage":true},{"kind":"canonical","document":"canonical.pdf","page":20,"png":"ks-21-6614-conviction-set/canonical/page-020.png","bytes":76077,"pngSha256":"5e12a88b93c45980d64e7720d99595dff8f98cd0abfe9221e9cf2093f848e90b","pngWidth":2040,"pngHeight":2640,"paper":{"x0":204,"y0":3,"x1":2243,"y1":2642,"width":2040,"height":2640},"pxPerPt":3.3333333333333335,"expectedPxPerPt":3.333333333333333,"pageWidthPt":612,"pageHeightPt":792,"expectedPx":{"width":2039.9999999999998,"height":2639.9999999999995,"tolerancePx":6.666666666666666},"calibrationResidualPx":0,"inkFractionInsidePaper":0.005459744503862151,"nonblank":true,"croppedToThePage":true},{"kind":"boundary","document":"boundary.pdf","page":1,"png":"ks-21-6614-conviction-set/boundary/page-001.png","bytes":325670,"pngSha256":"1eb8105dd85835c119ffbeafae4cb1c0e71978e1cc8f23f7a56ce71666f62764","pngWidth":2040,"pngHeight":2640,"paper":{"x0":204,"y0":3,"x1":2243,"y1":2642,"width":2040,"height":2640},"pxPerPt":3.3333333333333335,"expectedPxPerPt":3.333333333333333,"pageWidthPt":612,"pageHeightPt":792,"expectedPx":{"width":2039.9999999999998,"height":2639.9999999999995,"tolerancePx":6.666666666666666},"calibrationResidualPx":0,"inkFractionInsidePaper":0.05909777926322044,"nonblank":true,"croppedToThePage":true},{"kind":"boundary","document":"boundary.pdf","page":2,"png":"ks-21-6614-conviction-set/boundary/page-002.png","bytes":280806,"pngSha256":"af24c9dbda28bfb1c6c909d43cffbf0646fe10e673e5afec8fe2f5318ec1102e","pngWidth":2040,"pngHeight":2640,"paper":{"x0":204,"y0":3,"x1":2243,"y1":2642,"width":2040,"height":2640},"pxPerPt":3.3333333333333335,"expectedPxPerPt":3.333333333333333,"pageWidthPt":612,"pageHeightPt":792,"expectedPx":{"width":2039.9999999999998,"height":2639.9999999999995,"tolerancePx":6.666666666666666},"calibrationResidualPx":0,"inkFractionInsidePaper":0.028802547534165182,"nonblank":true,"croppedToThePage":true},{"kind":"boundary","document":"boundary.pdf","page":3,"png":"ks-21-6614-conviction-set/boundary/page-003.png","bytes":319746,"pngSha256":"b507fef0ee7cec28baf72d29630043a842ee83baf9e9342aecc2a3f85f1d6060","pngWidth":2040,"pngHeight":2640,"paper":{"x0":204,"y0":3,"x1":2243,"y1":2642,"width":2040,"height":2640},"pxPerPt":3.3333333333333335,"expectedPxPerPt":3.333333333333333,"pageWidthPt":612,"pageHeightPt":792,"expectedPx":{"width":2039.9999999999998,"height":2639.9999999999995,"tolerancePx":6.666666666666666},"calibrationResidualPx":0,"inkFractionInsidePaper":0.032503713606654785,"nonblank":true,"croppedToThePage":true},{"kind":"boundary","document":"boundary.pdf","page":4,"png":"ks-21-6614-conviction-set/boundary/page-004.png","bytes":164550,"pngSha256":"46e5a137a8f8b544891fd4abbaa5f19b1c8436d955840c016519efe086449e68","pngWidth":2040,"pngHeight":2640,"paper":{"x0":204,"y0":3,"x1":2243,"y1":2642,"width":2040,"height":2640},"pxPerPt":3.3333333333333335,"expectedPxPerPt":3.333333333333333,"pageWidthPt":612,"pageHeightPt":792,"expectedPx":{"width":2039.9999999999998,"height":2639.9999999999995,"tolerancePx":6.666666666666666},"calibrationResidualPx":0,"inkFractionInsidePaper":0.012945447118241235,"nonblank":true,"croppedToThePage":true},{"kind":"boundary","document":"boundary.pdf","page":5,"png":"ks-21-6614-conviction-set/boundary/page-005.png","bytes":442041,"pngSha256":"0ae20ffea54c5527b45ebbde50fee100364d64fab8ae230749cfd9144bde7965","pngWidth":2040,"pngHeight":2640,"paper":{"x0":204,"y0":3,"x1":2243,"y1":2642,"width":2040,"height":2640},"pxPerPt":3.3333333333333335,"expectedPxPerPt":3.333333333333333,"pageWidthPt":612,"pageHeightPt":792,"expectedPx":{"width":2039.9999999999998,"height":2639.9999999999995,"tolerancePx":6.666666666666666},"calibrationResidualPx":0,"inkFractionInsidePaper":0.043013406120023766,"nonblank":true,"croppedToThePage":true},{"kind":"boundary","document":"boundary.pdf","page":6,"png":"ks-21-6614-conviction-set/boundary/page-006.png","bytes":489116,"pngSha256":"561946a9c82d5d2ec0c32b4e11f3118e5b755e8cb94f2386c1931798f7ef9249","pngWidth":2040,"pngHeight":2640,"paper":{"x0":204,"y0":3,"x1":2243,"y1":2642,"width":2040,"height":2640},"pxPerPt":3.3333333333333335,"expectedPxPerPt":3.333333333333333,"pageWidthPt":612,"pageHeightPt":792,"expectedPx":{"width":2039.9999999999998,"height":2639.9999999999995,"tolerancePx":6.666666666666666},"calibrationResidualPx":0,"inkFractionInsidePaper":0.05282326945929887,"nonblank":true,"croppedToThePage":true},{"kind":"boundary","document":"boundary.pdf","page":7,"png":"ks-21-6614-conviction-set/boundary/page-007.png","bytes":554474,"pngSha256":"8df37d7461cc8b519e8776d3ae1123b7f6c9fc16130d3204a4e981a2538d33b2","pngWidth":2040,"pngHeight":2640,"paper":{"x0":204,"y0":3,"x1":2243,"y1":2642,"width":2040,"height":2640},"pxPerPt":3.3333333333333335,"expectedPxPerPt":3.333333333333333,"pageWidthPt":612,"pageHeightPt":792,"expectedPx":{"width":2039.9999999999998,"height":2639.9999999999995,"tolerancePx":6.666666666666666},"calibrationResidualPx":0,"inkFractionInsidePaper":0.2734336007130125,"nonblank":true,"croppedToThePage":true},{"kind":"boundary","document":"boundary.pdf","page":8,"png":"ks-21-6614-conviction-set/boundary/page-008.png","bytes":301425,"pngSha256":"b3bf0ed50b09509d4b9c905f1ce8a84c43c42904ac3e93813ef59e96a7780472","pngWidth":2040,"pngHeight":2640,"paper":{"x0":204,"y0":3,"x1":2243,"y1":2642,"width":2040,"height":2640},"pxPerPt":3.3333333333333335,"expectedPxPerPt":3.333333333333333,"pageWidthPt":612,"pageHeightPt":792,"expectedPx":{"width":2039.9999999999998,"height":2639.9999999999995,"tolerancePx":6.666666666666666},"calibrationResidualPx":0,"inkFractionInsidePaper":0.03508485591206179,"nonblank":true,"croppedToThePage":true},{"kind":"boundary","document":"boundary.pdf","page":9,"png":"ks-21-6614-conviction-set/boundary/page-009.png","bytes":215712,"pngSha256":"02d707e742856368878e6d5d5c406d1492e24e1c002f6d04cbb1f8e2bacc5f0a","pngWidth":2040,"pngHeight":2640,"paper":{"x0":204,"y0":3,"x1":2243,"y1":2642,"width":2040,"height":2640},"pxPerPt":3.3333333333333335,"expectedPxPerPt":3.333333333333333,"pageWidthPt":612,"pageHeightPt":792,"expectedPx":{"width":2039.9999999999998,"height":2639.9999999999995,"tolerancePx":6.666666666666666},"calibrationResidualPx":0,"inkFractionInsidePaper":0.04415515448603684,"nonblank":true,"croppedToThePage":true},{"kind":"boundary","document":"boundary.pdf","page":10,"png":"ks-21-6614-conviction-set/boundary/page-010.png","bytes":323671,"pngSha256":"ace8c605b1cf7c39bd04bf2491724adf984a36cf232ed0acd41c230992db1208","pngWidth":2040,"pngHeight":2640,"paper":{"x0":204,"y0":3,"x1":2243,"y1":2642,"width":2040,"height":2640},"pxPerPt":3.3333333333333335,"expectedPxPerPt":3.333333333333333,"pageWidthPt":612,"pageHeightPt":792,"expectedPx":{"width":2039.9999999999998,"height":2639.9999999999995,"tolerancePx":6.666666666666666},"calibrationResidualPx":0,"inkFractionInsidePaper":0.033017676767676765,"nonblank":true,"croppedToThePage":true},{"kind":"boundary","document":"boundary.pdf","page":11,"png":"ks-21-6614-conviction-set/boundary/page-011.png","bytes":319223,"pngSha256":"97f243a8ea966b1ae2885410b3ba6954d6890c87af836faf786ac111411a0bbd","pngWidth":2040,"pngHeight":2640,"paper":{"x0":204,"y0":3,"x1":2243,"y1":2642,"width":2040,"height":2640},"pxPerPt":3.3333333333333335,"expectedPxPerPt":3.333333333333333,"pageWidthPt":612,"pageHeightPt":792,"expectedPx":{"width":2039.9999999999998,"height":2639.9999999999995,"tolerancePx":6.666666666666666},"calibrationResidualPx":0,"inkFractionInsidePaper":0.03508559863339275,"nonblank":true,"croppedToThePage":true},{"kind":"boundary","document":"boundary.pdf","page":12,"png":"ks-21-6614-conviction-set/boundary/page-012.png","bytes":362031,"pngSha256":"bec2aa8b35f69325b4570902a21a323f295af4b2210897efa89b964fbe35bdd3","pngWidth":2040,"pngHeight":2640,"paper":{"x0":204,"y0":3,"x1":2243,"y1":2642,"width":2040,"height":2640},"pxPerPt":3.3333333333333335,"expectedPxPerPt":3.333333333333333,"pageWidthPt":612,"pageHeightPt":792,"expectedPx":{"width":2039.9999999999998,"height":2639.9999999999995,"tolerancePx":6.666666666666666},"calibrationResidualPx":0,"inkFractionInsidePaper":0.03920194592988711,"nonblank":true,"croppedToThePage":true},{"kind":"boundary","document":"boundary.pdf","page":13,"png":"ks-21-6614-conviction-set/boundary/page-013.png","bytes":292762,"pngSha256":"9b76c2c68e55dc7d05a69aa20d6e2c1434900621869295c8ef7a8f30b1e24f4e","pngWidth":2040,"pngHeight":2640,"paper":{"x0":204,"y0":3,"x1":2243,"y1":2642,"width":2040,"height":2640},"pxPerPt":3.3333333333333335,"expectedPxPerPt":3.333333333333333,"pageWidthPt":612,"pageHeightPt":792,"expectedPx":{"width":2039.9999999999998,"height":2639.9999999999995,"tolerancePx":6.666666666666666},"calibrationResidualPx":0,"inkFractionInsidePaper":0.033933637849079025,"nonblank":true,"croppedToThePage":true},{"kind":"boundary","document":"boundary.pdf","page":14,"png":"ks-21-6614-conviction-set/boundary/page-014.png","bytes":223250,"pngSha256":"a3242dd783effeb31900b597ba0d16978883a4173d6b5d5ded83933ad085dc5d","pngWidth":2040,"pngHeight":2640,"paper":{"x0":204,"y0":3,"x1":2243,"y1":2642,"width":2040,"height":2640},"pxPerPt":3.3333333333333335,"expectedPxPerPt":3.333333333333333,"pageWidthPt":612,"pageHeightPt":792,"expectedPx":{"width":2039.9999999999998,"height":2639.9999999999995,"tolerancePx":6.666666666666666},"calibrationResidualPx":0,"inkFractionInsidePaper":0.01932208110516934,"nonblank":true,"croppedToThePage":true},{"kind":"boundary","document":"boundary.pdf","page":15,"png":"ks-21-6614-conviction-set/boundary/page-015.png","bytes":306327,"pngSha256":"3ef7cc05d9e77550b7674c078fbd007955bd92a4b915bb24727fb3206f1d161e","pngWidth":2040,"pngHeight":2640,"paper":{"x0":204,"y0":3,"x1":2243,"y1":2642,"width":2040,"height":2640},"pxPerPt":3.3333333333333335,"expectedPxPerPt":3.333333333333333,"pageWidthPt":612,"pageHeightPt":792,"expectedPx":{"width":2039.9999999999998,"height":2639.9999999999995,"tolerancePx":6.666666666666666},"calibrationResidualPx":0,"inkFractionInsidePaper":0.034307969399881164,"nonblank":true,"croppedToThePage":true},{"kind":"boundary","document":"boundary.pdf","page":16,"png":"ks-21-6614-conviction-set/boundary/page-016.png","bytes":208521,"pngSha256":"b0e271add48b901c176083c7df7322c30bec7dda8fd3065124c9555c3329aa6a","pngWidth":2040,"pngHeight":2640,"paper":{"x0":204,"y0":3,"x1":2243,"y1":2642,"width":2040,"height":2640},"pxPerPt":3.3333333333333335,"expectedPxPerPt":3.333333333333333,"pageWidthPt":612,"pageHeightPt":792,"expectedPx":{"width":2039.9999999999998,"height":2639.9999999999995,"tolerancePx":6.666666666666666},"calibrationResidualPx":0,"inkFractionInsidePaper":0.022265485739750446,"nonblank":true,"croppedToThePage":true},{"kind":"boundary","document":"boundary.pdf","page":17,"png":"ks-21-6614-conviction-set/boundary/page-017.png","bytes":100792,"pngSha256":"168e8f82815a8a8d5279aa38783d289eef45a1f506c052e6994195246e0c1c50","pngWidth":2040,"pngHeight":2640,"paper":{"x0":204,"y0":3,"x1":2243,"y1":2642,"width":2040,"height":2640},"pxPerPt":3.3333333333333335,"expectedPxPerPt":3.333333333333333,"pageWidthPt":612,"pageHeightPt":792,"expectedPx":{"width":2039.9999999999998,"height":2639.9999999999995,"tolerancePx":6.666666666666666},"calibrationResidualPx":0,"inkFractionInsidePaper":0.006580696672608437,"nonblank":true,"croppedToThePage":true},{"kind":"boundary","document":"boundary.pdf","page":18,"png":"ks-21-6614-conviction-set/boundary/page-018.png","bytes":407258,"pngSha256":"06e08ee930b599be1dbc36d559f67e9dd772daa56224284a5c2fbb4df2898cf7","pngWidth":2040,"pngHeight":2640,"paper":{"x0":204,"y0":3,"x1":2243,"y1":2642,"width":2040,"height":2640},"pxPerPt":3.3333333333333335,"expectedPxPerPt":3.333333333333333,"pageWidthPt":612,"pageHeightPt":792,"expectedPx":{"width":2039.9999999999998,"height":2639.9999999999995,"tolerancePx":6.666666666666666},"calibrationResidualPx":0,"inkFractionInsidePaper":0.047558117944147354,"nonblank":true,"croppedToThePage":true},{"kind":"boundary","document":"boundary.pdf","page":19,"png":"ks-21-6614-conviction-set/boundary/page-019.png","bytes":465351,"pngSha256":"b10d3b193f496a52f4c2226a0368de3403b367235d7350d49271ed098566766e","pngWidth":2040,"pngHeight":2640,"paper":{"x0":204,"y0":3,"x1":2243,"y1":2642,"width":2040,"height":2640},"pxPerPt":3.3333333333333335,"expectedPxPerPt":3.333333333333333,"pageWidthPt":612,"pageHeightPt":792,"expectedPx":{"width":2039.9999999999998,"height":2639.9999999999995,"tolerancePx":6.666666666666666},"calibrationResidualPx":0,"inkFractionInsidePaper":0.053242164289958406,"nonblank":true,"croppedToThePage":true},{"kind":"boundary","document":"boundary.pdf","page":20,"png":"ks-21-6614-conviction-set/boundary/page-020.png","bytes":76077,"pngSha256":"5e12a88b93c45980d64e7720d99595dff8f98cd0abfe9221e9cf2093f848e90b","pngWidth":2040,"pngHeight":2640,"paper":{"x0":204,"y0":3,"x1":2243,"y1":2642,"width":2040,"height":2640},"pxPerPt":3.3333333333333335,"expectedPxPerPt":3.333333333333333,"pageWidthPt":612,"pageHeightPt":792,"expectedPx":{"width":2039.9999999999998,"height":2639.9999999999995,"tolerancePx":6.666666666666666},"calibrationResidualPx":0,"inkFractionInsidePaper":0.005459744503862151,"nonblank":true,"croppedToThePage":true}],"problems":[],"environmentProblems":[],"whatThisDoesNotDecide":"This is one gate. RASTER_PASS does not make a family PASS_COMPLETE, promotes nothing, and opens no commercial route.","packetPdfsModified":0,"bodiesCommitted":0,"commercialRoutesOpened":0,"productionTouched":false}
ks-21-6614-conviction-set	Render and measure ks-21-6614-conviction-set	2026-09-12T03:24:38.3917652Z RCAP_RECEIPT_INVENTORY [{"runId":"34669691683","familyId":"ks-21-6614-conviction-set","member":"ks-21-6614-conviction-set/canonical/page-001.png","bytes":320056,"sha256":"c9e8a00f998638b24ed59c2ddeab880b5ea4c10bd0be8b1edb107e525f77248f","pngWidth":2040,"pngHeight":2640},{"runId":"34669691683","familyId":"ks-21-6614-conviction-set","member":"ks-21-6614-conviction-set/canonical/page-002.png","bytes":273586,"sha256":"9992a99db3f73f67a2e4feb9024499b1416ec6371ef8a236ed5d030156fe6ce8","pngWidth":2040,"pngHeight":2640},{"runId":"34669691683","familyId":"ks-21-6614-conviction-set","member":"ks-21-6614-conviction-set/canonical/page-003.png","bytes":319746,"sha256":"b507fef0ee7cec28baf72d29630043a842ee83baf9e9342aecc2a3f85f1d6060","pngWidth":2040,"pngHeight":2640},{"runId":"34669691683","familyId":"ks-21-6614-conviction-set","member":"ks-21-6614-conviction-set/canonical/page-004.png","bytes":161750,"sha256":"7fe08299d7e27df64c0128106e938d9dbd64cf09c3cc12ad48df7d4af60b0b81","pngWidth":2040,"pngHeight":2640},{"runId":"34669691683","familyId":"ks-21-6614-conviction-set","member":"ks-21-6614-conviction-set/canonical/page-005.png","bytes":442041,"sha256":"0ae20ffea54c5527b45ebbde50fee100364d64fab8ae230749cfd9144bde7965","pngWidth":2040,"pngHeight":2640},{"runId":"34669691683","familyId":"ks-21-6614-conviction-set","member":"ks-21-6614-conviction-set/canonical/page-006.png","bytes":489116,"sha256":"561946a9c82d5d2ec0c32b4e11f3118e5b755e8cb94f2386c1931798f7ef9249","pngWidth":2040,"pngHeight":2640},{"runId":"34669691683","familyId":"ks-21-6614-conviction-set","member":"ks-21-6614-conviction-set/canonical/page-007.png","bytes":554474,"sha256":"8df37d7461cc8b519e8776d3ae1123b7f6c9fc16130d3204a4e981a2538d33b2","pngWidth":2040,"pngHeight":2640},{"runId":"34669691683","familyId":"ks-21-6614-conviction-set","member":"ks-21-6614-conviction-set/canonical/page-008.png","bytes":295614,"sha256":"5d22062ec99e0e6909070a9a5dfc2c8a2bbf870975fe938112366841f83eb4e3","pngWidth":2040,"pngHeight":2640},{"runId":"34669691683","familyId":"ks-21-6614-conviction-set","member":"ks-21-6614-conviction-set/canonical/page-009.png","bytes":204360,"sha256":"45abc39444d5b9391445964b8552ff011747fda4ffdf259e37766f8381fc460e","pngWidth":2040,"pngHeight":2640},{"runId":"34669691683","familyId":"ks-21-6614-conviction-set","member":"ks-21-6614-conviction-set/canonical/page-010.png","bytes":317017,"sha256":"2fb56920eef4e2e64388149944e0e8795906af6d5e5710f1483b01cc64ba97b4","pngWidth":2040,"pngHeight":2640},{"runId":"34669691683","familyId":"ks-21-6614-conviction-set","member":"ks-21-6614-conviction-set/canonical/page-011.png","bytes":319223,"sha256":"97f243a8ea966b1ae2885410b3ba6954d6890c87af836faf786ac111411a0bbd","pngWidth":2040,"pngHeight":2640},{"runId":"34669691683","familyId":"ks-21-6614-conviction-set","member":"ks-21-6614-conviction-set/canonical/page-012.png","bytes":362031,"sha256":"bec2aa8b35f69325b4570902a21a323f295af4b2210897efa89b964fbe35bdd3","pngWidth":2040,"pngHeight":2640},{"runId":"34669691683","familyId":"ks-21-6614-conviction-set","member":"ks-21-6614-conviction-set/canonical/page-013.png","bytes":292762,"sha256":"9b76c2c68e55dc7d05a69aa20d6e2c1434900621869295c8ef7a8f30b1e24f4e","pngWidth":2040,"pngHeight":2640},{"runId":"34669691683","familyId":"ks-21-6614-conviction-set","member":"ks-21-6614-conviction-set/canonical/page-014.png","bytes":223250,"sha256":"a3242dd783effeb31900b597ba0d16978883a4173d6b5d5ded83933ad085dc5d","pngWidth":2040,"pngHeight":2640},{"runId":"34669691683","familyId":"ks-21-6614-conviction-set","member":"ks-21-6614-conviction-set/canonical/page-015.png","bytes":299539,"sha256":"2d0ad0278f8d7b4429787c1019742558142bbeee9f7e7c924ae83555d1aa59d5","pngWidth":2040,"pngHeight":2640},{"runId":"34669691683","familyId":"ks-21-6614-conviction-set","member":"ks-21-6614-conviction-set/canonical/page-016.png","bytes":208521,"sha256":"b0e271add48b901c176083c7df7322c30bec7dda8fd3065124c9555c3329aa6a","pngWidth":2040,"pngHeight":2640},{"runId":"34669691683","familyId":"ks-21-6614-conviction-set","member":"ks-21-6614-conviction-set/canonical/page-017.png","bytes":100792,"sha256":"168e8f82815a8a8d5279aa38783d289eef45a1f506c052e6994195246e0c1c50","pngWidth":2040,"pngHeight":2640},{"runId":"34669691683","familyId":"ks-21-6614-conviction-set","member":"ks-21-6614-conviction-set/canonical/page-018.png","bytes":402364,"sha256":"2c9ab513185a65dfe1fb93d3de9897ffb79a4468f0bfb138f77fad170bd12990","pngWidth":2040,"pngHeight":2640},{"runId":"34669691683","familyId":"ks-21-6614-conviction-set","member":"ks-21-6614-conviction-set/canonical/page-019.png","bytes":465351,"sha256":"b10d3b193f496a52f4c2226a0368de3403b367235d7350d49271ed098566766e","pngWidth":2040,"pngHeight":2640},{"runId":"34669691683","familyId":"ks-21-6614-conviction-set","member":"ks-21-6614-conviction-set/canonical/page-020.png","bytes":76077,"sha256":"5e12a88b93c45980d64e7720d99595dff8f98cd0abfe9221e9cf2093f848e90b","pngWidth":2040,"pngHeight":2640},{"runId":"34669691683","familyId":"ks-21-6614-conviction-set","member":"ks-21-6614-conviction-set/boundary/page-001.png","bytes":325670,"sha256":"1eb8105dd85835c119ffbeafae4cb1c0e71978e1cc8f23f7a56ce71666f62764","pngWidth":2040,"pngHeight":2640},{"runId":"34669691683","familyId":"ks-21-6614-conviction-set","member":"ks-21-6614-conviction-set/boundary/page-002.png","bytes":280806,"sha256":"af24c9dbda28bfb1c6c909d43cffbf0646fe10e673e5afec8fe2f5318ec1102e","pngWidth":2040,"pngHeight":2640},{"runId":"34669691683","familyId":"ks-21-6614-conviction-set","member":"ks-21-6614-conviction-set/boundary/page-003.png","bytes":319746,"sha256":"b507fef0ee7cec28baf72d29630043a842ee83baf9e9342aecc2a3f85f1d6060","pngWidth":2040,"pngHeight":2640},{"runId":"34669691683","familyId":"ks-21-6614-conviction-set","member":"ks-21-6614-conviction-set/boundary/page-004.png","bytes":164550,"sha256":"46e5a137a8f8b544891fd4abbaa5f19b1c8436d955840c016519efe086449e68","pngWidth":2040,"pngHeight":2640},{"runId":"34669691683","familyId":"ks-21-6614-conviction-set","member":"ks-21-6614-conviction-set/boundary/page-005.png","bytes":442041,"sha256":"0ae20ffea54c5527b45ebbde50fee100364d64fab8ae230749cfd9144bde7965","pngWidth":2040,"pngHeight":2640},{"runId":"34669691683","familyId":"ks-21-6614-conviction-set","member":"ks-21-6614-conviction-set/boundary/page-006.png","bytes":489116,"sha256":"561946a9c82d5d2ec0c32b4e11f3118e5b755e8cb94f2386c1931798f7ef9249","pngWidth":2040,"pngHeight":2640},{"runId":"34669691683","familyId":"ks-21-6614-conviction-set","member":"ks-21-6614-conviction-set/boundary/page-007.png","bytes":554474,"sha256":"8df37d7461cc8b519e8776d3ae1123b7f6c9fc16130d3204a4e981a2538d33b2","pngWidth":2040,"pngHeight":2640},{"runId":"34669691683","familyId":"ks-21-6614-conviction-set","member":"ks-21-6614-conviction-set/boundary/page-008.png","bytes":301425,"sha256":"b3bf0ed50b09509d4b9c905f1ce8a84c43c42904ac3e93813ef59e96a7780472","pngWidth":2040,"pngHeight":2640},{"runId":"34669691683","familyId":"ks-21-6614-conviction-set","member":"ks-21-6614-conviction-set/boundary/page-009.png","bytes":215712,"sha256":"02d707e742856368878e6d5d5c406d1492e24e1c002f6d04cbb1f8e2bacc5f0a","pngWidth":2040,"pngHeight":2640},{"runId":"34669691683","familyId":"ks-21-6614-conviction-set","member":"ks-21-6614-conviction-set/boundary/page-010.png","bytes":323671,"sha256":"ace8c605b1cf7c39bd04bf2491724adf984a36cf232ed0acd41c230992db1208","pngWidth":2040,"pngHeight":2640},{"runId":"34669691683","familyId":"ks-21-6614-conviction-set","member":"ks-21-6614-conviction-set/boundary/page-011.png","bytes":319223,"sha256":"97f243a8ea966b1ae2885410b3ba6954d6890c87af836faf786ac111411a0bbd","pngWidth":2040,"pngHeight":2640},{"runId":"34669691683","familyId":"ks-21-6614-conviction-set","member":"ks-21-6614-conviction-set/boundary/page-012.png","bytes":362031,"sha256":"bec2aa8b35f69325b4570902a21a323f295af4b2210897efa89b964fbe35bdd3","pngWidth":2040,"pngHeight":2640},{"runId":"34669691683","familyId":"ks-21-6614-conviction-set","member":"ks-21-6614-conviction-set/boundary/page-013.png","bytes":292762,"sha256":"9b76c2c68e55dc7d05a69aa20d6e2c1434900621869295c8ef7a8f30b1e24f4e","pngWidth":2040,"pngHeight":2640},{"runId":"34669691683","familyId":"ks-21-6614-conviction-set","member":"ks-21-6614-conviction-set/boundary/page-014.png","bytes":223250,"sha256":"a3242dd783effeb31900b597ba0d16978883a4173d6b5d5ded83933ad085dc5d","pngWidth":2040,"pngHeight":2640},{"runId":"34669691683","familyId":"ks-21-6614-conviction-set","member":"ks-21-6614-conviction-set/boundary/page-015.png","bytes":306327,"sha256":"3ef7cc05d9e77550b7674c078fbd007955bd92a4b915bb24727fb3206f1d161e","pngWidth":2040,"pngHeight":2640},{"runId":"34669691683","familyId":"ks-21-6614-conviction-set","member":"ks-21-6614-conviction-set/boundary/page-016.png","bytes":208521,"sha256":"b0e271add48b901c176083c7df7322c30bec7dda8fd3065124c9555c3329aa6a","pngWidth":2040,"pngHeight":2640},{"runId":"34669691683","familyId":"ks-21-6614-conviction-set","member":"ks-21-6614-conviction-set/boundary/page-017.png","bytes":100792,"sha256":"168e8f82815a8a8d5279aa38783d289eef45a1f506c052e6994195246e0c1c50","pngWidth":2040,"pngHeight":2640},{"runId":"34669691683","familyId":"ks-21-6614-conviction-set","member":"ks-21-6614-conviction-set/boundary/page-018.png","bytes":407258,"sha256":"06e08ee930b599be1dbc36d559f67e9dd772daa56224284a5c2fbb4df2898cf7","pngWidth":2040,"pngHeight":2640},{"runId":"34669691683","familyId":"ks-21-6614-conviction-set","member":"ks-21-6614-conviction-set/boundary/page-019.png","bytes":465351,"sha256":"b10d3b193f496a52f4c2226a0368de3403b367235d7350d49271ed098566766e","pngWidth":2040,"pngHeight":2640},{"runId":"34669691683","familyId":"ks-21-6614-conviction-set","member":"ks-21-6614-conviction-set/boundary/page-020.png","bytes":76077,"sha256":"5e12a88b93c45980d64e7720d99595dff8f98cd0abfe9221e9cf2093f848e90b","pngWidth":2040,"pngHeight":2640}]
ks-21-6614-conviction-set	Render and measure ks-21-6614-conviction-set	2026-09-12T03:24:38.3945876Z RCAP_RECEIPT_END family=ks-21-6614-conviction-set run=34669691683 pages=40
ks-21-6614-conviction-set	Render and measure ks-21-6614-conviction-set	2026-09-12T03:24:38.3946998Z RASTER_PASS ks-21-6614-conviction-set — 2 document(s), 40 page(s) measured, 0 problem(s)
ks-21-6614-conviction-set	Print the verdict and the page digests to the log	﻿2026-09-12T03:24:38.3979477Z ##[group]Run set -uo pipefail
ks-21-6614-conviction-set	Print the verdict and the page digests to the log	2026-09-12T03:24:38.3979904Z ^[[36;1mset -uo pipefail^[[0m
ks-21-6614-conviction-set	Print the verdict and the page digests to the log	2026-09-12T03:24:38.3980264Z ^[[36;1mfor v in raster-out/*.verdict.json; do^[[0m
ks-21-6614-conviction-set	Print the verdict and the page digests to the log	2026-09-12T03:24:38.3980834Z ^[[36;1m  [ -e "$v" ] || continue^[[0m
ks-21-6614-conviction-set	Print the verdict and the page digests to the log	2026-09-12T03:24:38.3981277Z ^[[36;1m  echo "===== BEGIN VERDICT $(basename "$v") ====="^[[0m
ks-21-6614-conviction-set	Print the verdict and the page digests to the log	2026-09-12T03:24:38.3981734Z ^[[36;1m  cat "$v"^[[0m
ks-21-6614-conviction-set	Print the verdict and the page digests to the log	2026-09-12T03:24:38.3982097Z ^[[36;1m  echo "===== END VERDICT $(basename "$v") ====="^[[0m
ks-21-6614-conviction-set	Print the verdict and the page digests to the log	2026-09-12T03:24:38.3982469Z ^[[36;1mdone^[[0m
ks-21-6614-conviction-set	Print the verdict and the page digests to the log	2026-09-12T03:24:38.3982834Z ^[[36;1mecho "===== BEGIN PAGE DIGESTS ====="^[[0m
ks-21-6614-conviction-set	Print the verdict and the page digests to the log	2026-09-12T03:24:38.3983386Z ^[[36;1mfind raster-out -type f -name '*.png' -print0 | sort -z | xargs -0 -r sha256sum^[[0m
ks-21-6614-conviction-set	Print the verdict and the page digests to the log	2026-09-12T03:24:38.3983917Z ^[[36;1mecho "===== END PAGE DIGESTS ====="^[[0m
ks-21-6614-conviction-set	Print the verdict and the page digests to the log	2026-09-12T03:24:38.4008658Z shell: /usr/bin/bash -e {0}
ks-21-6614-conviction-set	Print the verdict and the page digests to the log	2026-09-12T03:24:38.4009088Z env:
ks-21-6614-conviction-set	Print the verdict and the page digests to the log	2026-09-12T03:24:38.4009458Z   pythonLocation: /opt/hostedtoolcache/Python/3.12.14/x64
ks-21-6614-conviction-set	Print the verdict and the page digests to the log	2026-09-12T03:24:38.4010031Z   PKG_CONFIG_PATH: /opt/hostedtoolcache/Python/3.12.14/x64/lib/pkgconfig
ks-21-6614-conviction-set	Print the verdict and the page digests to the log	2026-09-12T03:24:38.4010912Z   Python_ROOT_DIR: /opt/hostedtoolcache/Python/3.12.14/x64
ks-21-6614-conviction-set	Print the verdict and the page digests to the log	2026-09-12T03:24:38.4011484Z   Python2_ROOT_DIR: /opt/hostedtoolcache/Python/3.12.14/x64
ks-21-6614-conviction-set	Print the verdict and the page digests to the log	2026-09-12T03:24:38.4012023Z   Python3_ROOT_DIR: /opt/hostedtoolcache/Python/3.12.14/x64
ks-21-6614-conviction-set	Print the verdict and the page digests to the log	2026-09-12T03:24:38.4012521Z   LD_LIBRARY_PATH: /opt/hostedtoolcache/Python/3.12.14/x64/lib
ks-21-6614-conviction-set	Print the verdict and the page digests to the log	2026-09-12T03:24:38.4013063Z   PLAYWRIGHT_BROWSERS_PATH: /home/runner/.cache/ms-playwright
ks-21-6614-conviction-set	Print the verdict and the page digests to the log	2026-09-12T03:24:38.4013485Z ##[endgroup]
ks-21-6614-conviction-set	Print the verdict and the page digests to the log	2026-09-12T03:24:38.4075903Z ===== BEGIN VERDICT ks-21-6614-conviction-set.verdict.json =====
ks-21-6614-conviction-set	Print the verdict and the page digests to the log	2026-09-12T03:24:38.4083748Z {
ks-21-6614-conviction-set	Print the verdict and the page digests to the log	2026-09-12T03:24:38.4084365Z   "schemaVersion": "rcap-raster-family-verdict/v1",
ks-21-6614-conviction-set	Print the verdict and the page digests to the log	2026-09-12T03:24:38.4085161Z   "familyId": "ks-21-6614-conviction-set",
ks-21-6614-conviction-set	Print the verdict and the page digests to the log	2026-09-12T03:24:38.4085779Z   "verdict": "RASTER_PASS",
ks-21-6614-conviction-set	Print the verdict and the page digests to the log	2026-09-12T03:24:38.4086472Z   "packetCommitSha": "f6fc009ffc3a94b1a4bc9db84888db3a081f9f01",
ks-21-6614-conviction-set	Print the verdict and the page digests to the log	2026-09-12T03:24:38.4087053Z   "workflowRunId": "34669691683",
ks-21-6614-conviction-set	Print the verdict and the page digests to the log	2026-09-12T03:24:38.4087579Z   "requestedScale": 2.5,
ks-21-6614-conviction-set	Print the verdict and the page digests to the log	2026-09-12T03:24:38.4088182Z   "cssPxPerPt": 1.3333333333333333,
ks-21-6614-conviction-set	Print the verdict and the page digests to the log	2026-09-12T03:24:38.4088957Z   "browserExecutable": "/home/runner/.cache/ms-playwright/chromium-1223/chrome-linux64/chrome",
ks-21-6614-conviction-set	Print the verdict and the page digests to the log	2026-09-12T03:24:38.4089693Z   "resolvedBy": "PLAYWRIGHT_BROWSERS_PATH",
ks-21-6614-conviction-set	Print the verdict and the page digests to the log	2026-09-12T03:24:38.4090137Z   "operatingSystem": "Linux 6.17.0-1022-azure x64",
ks-21-6614-conviction-set	Print the verdict and the page digests to the log	2026-09-12T03:24:38.4090645Z   "nodeVersion": "v22.23.2",
ks-21-6614-conviction-set	Print the verdict and the page digests to the log	2026-09-12T03:24:38.4091078Z   "hashesBound": {
ks-21-6614-conviction-set	Print the verdict and the page digests to the log	2026-09-12T03:24:38.4091373Z     "canonical": {
ks-21-6614-conviction-set	Print the verdict and the page digests to the log	2026-09-12T03:24:38.4091966Z       "path": "data/rcap-all50/overlays/census-v1/ks/ks-21-6614-conviction-set--official-pdf-fill/fixtures/canonical.pdf",
ks-21-6614-conviction-set	Print the verdict and the page digests to the log	2026-09-12T03:24:38.4092737Z       "pinned": "03996dd305575e5d421fc8a5575e336e431521e9d10384a9e2ae4fa4875b9f46"
ks-21-6614-conviction-set	Print the verdict and the page digests to the log	2026-09-12T03:24:38.4093241Z     },
ks-21-6614-conviction-set	Print the verdict and the page digests to the log	2026-09-12T03:24:38.4093735Z     "boundary": {
ks-21-6614-conviction-set	Print the verdict and the page digests to the log	2026-09-12T03:24:38.4094321Z       "path": "data/rcap-all50/overlays/census-v1/ks/ks-21-6614-conviction-set--official-pdf-fill/fixtures/boundary.pdf",
ks-21-6614-conviction-set	Print the verdict and the page digests to the log	2026-09-12T03:24:38.4095405Z       "pinned": "28ae8abf021bbd544eee59e09cceafd76383950017e36f19ddbf8cb01377a58b"
ks-21-6614-conviction-set	Print the verdict and the page digests to the log	2026-09-12T03:24:38.4095976Z     }
ks-21-6614-conviction-set	Print the verdict and the page digests to the log	2026-09-12T03:24:38.4096401Z   },
ks-21-6614-conviction-set	Print the verdict and the page digests to the log	2026-09-12T03:24:38.4096735Z   "documentsRendered": [
ks-21-6614-conviction-set	Print the verdict and the page digests to the log	2026-09-12T03:24:38.4097037Z     {
ks-21-6614-conviction-set	Print the verdict and the page digests to the log	2026-09-12T03:24:38.4097302Z       "role": "canonical",
ks-21-6614-conviction-set	Print the verdict and the page digests to the log	2026-09-12T03:24:38.4097686Z       "document": "canonical.pdf",
ks-21-6614-conviction-set	Print the verdict and the page digests to the log	2026-09-12T03:24:38.4098591Z       "path": "data/rcap-all50/overlays/census-v1/ks/ks-21-6614-conviction-set--official-pdf-fill/fixtures/canonical.pdf",
ks-21-6614-conviction-set	Print the verdict and the page digests to the log	2026-09-12T03:24:38.4099726Z       "pinned": "03996dd305575e5d421fc8a5575e336e431521e9d10384a9e2ae4fa4875b9f46"
ks-21-6614-conviction-set	Print the verdict and the page digests to the log	2026-09-12T03:24:38.4100355Z     },
ks-21-6614-conviction-set	Print the verdict and the page digests to the log	2026-09-12T03:24:38.4100822Z     {
ks-21-6614-conviction-set	Print the verdict and the page digests to the log	2026-09-12T03:24:38.4101248Z       "role": "boundary",
ks-21-6614-conviction-set	Print the verdict and the page digests to the log	2026-09-12T03:24:38.4101764Z       "document": "boundary.pdf",
ks-21-6614-conviction-set	Print the verdict and the page digests to the log	2026-09-12T03:24:38.4102834Z       "path": "data/rcap-all50/overlays/census-v1/ks/ks-21-6614-conviction-set--official-pdf-fill/fixtures/boundary.pdf",
ks-21-6614-conviction-set	Print the verdict and the page digests to the log	2026-09-12T03:24:38.4104136Z       "pinned": "28ae8abf021bbd544eee59e09cceafd76383950017e36f19ddbf8cb01377a58b"
ks-21-6614-conviction-set	Print the verdict and the page digests to the log	2026-09-12T03:24:38.4104898Z     }
ks-21-6614-conviction-set	Print the verdict and the page digests to the log	2026-09-12T03:24:38.4105358Z   ],
ks-21-6614-conviction-set	Print the verdict and the page digests to the log	2026-09-12T03:24:38.4106050Z   "documentsDigest": "d8c47d75b75e228f8be4512d5d7ac083ab0cfd88e6d2cdd335a21549a8a47199",
ks-21-6614-conviction-set	Print the verdict and the page digests to the log	2026-09-12T03:24:38.4106924Z   "coversTheWholeFamily": true,
ks-21-6614-conviction-set	Print the verdict and the page digests to the log	2026-09-12T03:24:38.4107613Z   "decryptionTransforms": [],
ks-21-6614-conviction-set	Print the verdict and the page digests to the log	2026-09-12T03:24:38.4110213Z   "decryptionRule": "An encrypted source is hashed before any transform; Poppler and qpdf must independently agree on its page count; the temporary derivative is decrypted and serialized with explicit objects, then admitted only when geometry, decoded page content, fields/widgets, and XFA remain identical; only that temporary transport is passed to pdf-lib for calibrated rendering; the queued packet bytes are never modified.",
ks-21-6614-conviction-set	Print the verdict and the page digests to the log	2026-09-12T03:24:38.4112875Z   "pagesMeasured": 40,
ks-21-6614-conviction-set	Print the verdict and the page digests to the log	2026-09-12T03:24:38.4113290Z   "measurements": [
ks-21-6614-conviction-set	Print the verdict and the page digests to the log	2026-09-12T03:24:38.4113827Z     {
ks-21-6614-conviction-set	Print the verdict and the page digests to the log	2026-09-12T03:24:38.4114356Z       "kind": "canonical",
ks-21-6614-conviction-set	Print the verdict and the page digests to the log	2026-09-12T03:24:38.4114917Z       "document": "canonical.pdf",
ks-21-6614-conviction-set	Print the verdict and the page digests to the log	2026-09-12T03:24:38.4115393Z       "page": 1,
ks-21-6614-conviction-set	Print the verdict and the page digests to the log	2026-09-12T03:24:38.4116010Z       "png": "ks-21-6614-conviction-set/canonical/page-001.png",
ks-21-6614-conviction-set	Print the verdict and the page digests to the log	2026-09-12T03:24:38.4116656Z       "bytes": 320056,
ks-21-6614-conviction-set	Print the verdict and the page digests to the log	2026-09-12T03:24:38.4117337Z       "pngSha256": "c9e8a00f998638b24ed59c2ddeab880b5ea4c10bd0be8b1edb107e525f77248f",
ks-21-6614-conviction-set	Print the verdict and the page digests to the log	2026-09-12T03:24:38.4118105Z       "pngWidth": 2040,
ks-21-6614-conviction-set	Print the verdict and the page digests to the log	2026-09-12T03:24:38.4118614Z       "pngHeight": 2640,
ks-21-6614-conviction-set	Print the verdict and the page digests to the log	2026-09-12T03:24:38.4119093Z       "paper": {
ks-21-6614-conviction-set	Print the verdict and the page digests to the log	2026-09-12T03:24:38.4119501Z         "x0": 204,
ks-21-6614-conviction-set	Print the verdict and the page digests to the log	2026-09-12T03:24:38.4119867Z         "y0": 3,
ks-21-6614-conviction-set	Print the verdict and the page digests to the log	2026-09-12T03:24:38.4120231Z         "x1": 2243,
ks-21-6614-conviction-set	Print the verdict and the page digests to the log	2026-09-12T03:24:38.4121098Z         "y1": 2642,
ks-21-6614-conviction-set	Print the verdict and the page digests to the log	2026-09-12T03:24:38.4121464Z         "width": 2040,
ks-21-6614-conviction-set	Print the verdict and the page digests to the log	2026-09-12T03:24:38.4121806Z         "height": 2640
ks-21-6614-conviction-set	Print the verdict and the page digests to the log	2026-09-12T03:24:38.4122122Z       },
ks-21-6614-conviction-set	Print the verdict and the page digests to the log	2026-09-12T03:24:38.4122427Z       "pxPerPt": 3.3333333333333335,
ks-21-6614-conviction-set	Print the verdict and the page digests to the log	2026-09-12T03:24:38.4122912Z       "expectedPxPerPt": 3.333333333333333,
ks-21-6614-conviction-set	Print the verdict and the page digests to the log	2026-09-12T03:24:38.4123301Z       "pageWidthPt": 612,
ks-21-6614-conviction-set	Print the verdict and the page digests to the log	2026-09-12T03:24:38.4123661Z       "pageHeightPt": 792,
ks-21-6614-conviction-set	Print the verdict and the page digests to the log	2026-09-12T03:24:38.4123981Z       "expectedPx": {
ks-21-6614-conviction-set	Print the verdict and the page digests to the log	2026-09-12T03:24:38.4124290Z         "width": 2039.9999999999998,
ks-21-6614-conviction-set	Print the verdict and the page digests to the log	2026-09-12T03:24:38.4124763Z         "height": 2639.9999999999995,
ks-21-6614-conviction-set	Print the verdict and the page digests to the log	2026-09-12T03:24:38.4125145Z         "tolerancePx": 6.666666666666666
ks-21-6614-conviction-set	Print the verdict and the page digests to the log	2026-09-12T03:24:38.4125506Z       },
ks-21-6614-conviction-set	Print the verdict and the page digests to the log	2026-09-12T03:24:38.4125834Z       "calibrationResidualPx": 0,
ks-21-6614-conviction-set	Print the verdict and the page digests to the log	2026-09-12T03:24:38.4126255Z       "inkFractionInsidePaper": 0.05808749257278669,
ks-21-6614-conviction-set	Print the verdict and the page digests to the log	2026-09-12T03:24:38.4126664Z       "nonblank": true,
ks-21-6614-conviction-set	Print the verdict and the page digests to the log	2026-09-12T03:24:38.4127054Z       "croppedToThePage": true
ks-21-6614-conviction-set	Print the verdict and the page digests to the log	2026-09-12T03:24:38.4127385Z     },
ks-21-6614-conviction-set	Print the verdict and the page digests to the log	2026-09-12T03:24:38.4127664Z     {
ks-21-6614-conviction-set	Print the verdict and the page digests to the log	2026-09-12T03:24:38.4127961Z       "kind": "canonical",
ks-21-6614-conviction-set	Print the verdict and the page digests to the log	2026-09-12T03:24:38.4128355Z       "document": "canonical.pdf",
ks-21-6614-conviction-set	Print the verdict and the page digests to the log	2026-09-12T03:24:38.4128942Z       "page": 2,
ks-21-6614-conviction-set	Print the verdict and the page digests to the log	2026-09-12T03:24:38.4129345Z       "png": "ks-21-6614-conviction-set/canonical/page-002.png",
ks-21-6614-conviction-set	Print the verdict and the page digests to the log	2026-09-12T03:24:38.4129762Z       "bytes": 273586,
ks-21-6614-conviction-set	Print the verdict and the page digests to the log	2026-09-12T03:24:38.4130283Z       "pngSha256": "9992a99db3f73f67a2e4feb9024499b1416ec6371ef8a236ed5d030156fe6ce8",
ks-21-6614-conviction-set	Print the verdict and the page digests to the log	2026-09-12T03:24:38.4131020Z       "pngWidth": 2040,
ks-21-6614-conviction-set	Print the verdict and the page digests to the log	2026-09-12T03:24:38.4131389Z       "pngHeight": 2640,
ks-21-6614-conviction-set	Print the verdict and the page digests to the log	2026-09-12T03:24:38.4131723Z       "paper": {
ks-21-6614-conviction-set	Print the verdict and the page digests to the log	2026-09-12T03:24:38.4132045Z         "x0": 204,
ks-21-6614-conviction-set	Print the verdict and the page digests to the log	2026-09-12T03:24:38.4132316Z         "y0": 3,
ks-21-6614-conviction-set	Print the verdict and the page digests to the log	2026-09-12T03:24:38.4132626Z         "x1": 2243,
ks-21-6614-conviction-set	Print the verdict and the page digests to the log	2026-09-12T03:24:38.4132915Z         "y1": 2642,
ks-21-6614-conviction-set	Print the verdict and the page digests to the log	2026-09-12T03:24:38.4133250Z         "width": 2040,
ks-21-6614-conviction-set	Print the verdict and the page digests to the log	2026-09-12T03:24:38.4133578Z         "height": 2640
ks-21-6614-conviction-set	Print the verdict and the page digests to the log	2026-09-12T03:24:38.4133855Z       },
ks-21-6614-conviction-set	Print the verdict and the page digests to the log	2026-09-12T03:24:38.4134188Z       "pxPerPt": 3.3333333333333335,
ks-21-6614-conviction-set	Print the verdict and the page digests to the log	2026-09-12T03:24:38.4134567Z       "expectedPxPerPt": 3.333333333333333,
ks-21-6614-conviction-set	Print the verdict and the page digests to the log	2026-09-12T03:24:38.4134926Z       "pageWidthPt": 612,
ks-21-6614-conviction-set	Print the verdict and the page digests to the log	2026-09-12T03:24:38.4135331Z       "pageHeightPt": 792,
ks-21-6614-conviction-set	Print the verdict and the page digests to the log	2026-09-12T03:24:38.4135634Z       "expectedPx": {
ks-21-6614-conviction-set	Print the verdict and the page digests to the log	2026-09-12T03:24:38.4135990Z         "width": 2039.9999999999998,
ks-21-6614-conviction-set	Print the verdict and the page digests to the log	2026-09-12T03:24:38.4136445Z         "height": 2639.9999999999995,
ks-21-6614-conviction-set	Print the verdict and the page digests to the log	2026-09-12T03:24:38.4136825Z         "tolerancePx": 6.666666666666666
ks-21-6614-conviction-set	Print the verdict and the page digests to the log	2026-09-12T03:24:38.4137314Z       },
ks-21-6614-conviction-set	Print the verdict and the page digests to the log	2026-09-12T03:24:38.4137755Z       "calibrationResidualPx": 0,
ks-21-6614-conviction-set	Print the verdict and the page digests to the log	2026-09-12T03:24:38.4138626Z       "inkFractionInsidePaper": 0.027713903743315508,
ks-21-6614-conviction-set	Print the verdict and the page digests to the log	2026-09-12T03:24:38.4139062Z       "nonblank": true,
ks-21-6614-conviction-set	Print the verdict and the page digests to the log	2026-09-12T03:24:38.4139447Z       "croppedToThePage": true
ks-21-6614-conviction-set	Print the verdict and the page digests to the log	2026-09-12T03:24:38.4139960Z     },
ks-21-6614-conviction-set	Print the verdict and the page digests to the log	2026-09-12T03:24:38.4140274Z     {
ks-21-6614-conviction-set	Print the verdict and the page digests to the log	2026-09-12T03:24:38.4140792Z       "kind": "canonical",
ks-21-6614-conviction-set	Print the verdict and the page digests to the log	2026-09-12T03:24:38.4141229Z       "document": "canonical.pdf",
ks-21-6614-conviction-set	Print the verdict and the page digests to the log	2026-09-12T03:24:38.4141563Z       "page": 3,
ks-21-6614-conviction-set	Print the verdict and the page digests to the log	2026-09-12T03:24:38.4141959Z       "png": "ks-21-6614-conviction-set/canonical/page-003.png",
ks-21-6614-conviction-set	Print the verdict and the page digests to the log	2026-09-12T03:24:38.4142420Z       "bytes": 319746,
ks-21-6614-conviction-set	Print the verdict and the page digests to the log	2026-09-12T03:24:38.4143102Z       "pngSha256": "b507fef0ee7cec28baf72d29630043a842ee83baf9e9342aecc2a3f85f1d6060",
ks-21-6614-conviction-set	Print the verdict and the page digests to the log	2026-09-12T03:24:38.4143664Z       "pngWidth": 2040,
ks-21-6614-conviction-set	Print the verdict and the page digests to the log	2026-09-12T03:24:38.4144029Z       "pngHeight": 2640,
ks-21-6614-conviction-set	Print the verdict and the page digests to the log	2026-09-12T03:24:38.4144464Z       "paper": {
ks-21-6614-conviction-set	Print the verdict and the page digests to the log	2026-09-12T03:24:38.4144824Z         "x0": 204,
ks-21-6614-conviction-set	Print the verdict and the page digests to the log	2026-09-12T03:24:38.4145094Z         "y0": 3,
ks-21-6614-conviction-set	Print the verdict and the page digests to the log	2026-09-12T03:24:38.4145432Z         "x1": 2243,
ks-21-6614-conviction-set	Print the verdict and the page digests to the log	2026-09-12T03:24:38.4145726Z         "y1": 2642,
ks-21-6614-conviction-set	Print the verdict and the page digests to the log	2026-09-12T03:24:38.4146012Z         "width": 2040,
ks-21-6614-conviction-set	Print the verdict and the page digests to the log	2026-09-12T03:24:38.4146324Z         "height": 2640
ks-21-6614-conviction-set	Print the verdict and the page digests to the log	2026-09-12T03:24:38.4146637Z       },
ks-21-6614-conviction-set	Print the verdict and the page digests to the log	2026-09-12T03:24:38.4146998Z       "pxPerPt": 3.3333333333333335,
ks-21-6614-conviction-set	Print the verdict and the page digests to the log	2026-09-12T03:24:38.4147374Z       "expectedPxPerPt": 3.333333333333333,
ks-21-6614-conviction-set	Print the verdict and the page digests to the log	2026-09-12T03:24:38.4147829Z       "pageWidthPt": 612,
ks-21-6614-conviction-set	Print the verdict and the page digests to the log	2026-09-12T03:24:38.4148271Z       "pageHeightPt": 792,
ks-21-6614-conviction-set	Print the verdict and the page digests to the log	2026-09-12T03:24:38.4148593Z       "expectedPx": {
ks-21-6614-conviction-set	Print the verdict and the page digests to the log	2026-09-12T03:24:38.4148992Z         "width": 2039.9999999999998,
ks-21-6614-conviction-set	Print the verdict and the page digests to the log	2026-09-12T03:24:38.4149350Z         "height": 2639.9999999999995,
ks-21-6614-conviction-set	Print the verdict and the page digests to the log	2026-09-12T03:24:38.4149713Z         "tolerancePx": 6.666666666666666
ks-21-6614-conviction-set	Print the verdict and the page digests to the log	2026-09-12T03:24:38.4150065Z       },
ks-21-6614-conviction-set	Print the verdict and the page digests to the log	2026-09-12T03:24:38.4150375Z       "calibrationResidualPx": 0,
ks-21-6614-conviction-set	Print the verdict and the page digests to the log	2026-09-12T03:24:38.4150981Z       "inkFractionInsidePaper": 0.032503713606654785,
ks-21-6614-conviction-set	Print the verdict and the page digests to the log	2026-09-12T03:24:38.4151368Z       "nonblank": true,
ks-21-6614-conviction-set	Print the verdict and the page digests to the log	2026-09-12T03:24:38.4151713Z       "croppedToThePage": true
ks-21-6614-conviction-set	Print the verdict and the page digests to the log	2026-09-12T03:24:38.4152099Z     },
ks-21-6614-conviction-set	Print the verdict and the page digests to the log	2026-09-12T03:24:38.4152487Z     {
ks-21-6614-conviction-set	Print the verdict and the page digests to the log	2026-09-12T03:24:38.4152822Z       "kind": "canonical",
ks-21-6614-conviction-set	Print the verdict and the page digests to the log	2026-09-12T03:24:38.4153204Z       "document": "canonical.pdf",
ks-21-6614-conviction-set	Print the verdict and the page digests to the log	2026-09-12T03:24:38.4153528Z       "page": 4,
ks-21-6614-conviction-set	Print the verdict and the page digests to the log	2026-09-12T03:24:38.4153925Z       "png": "ks-21-6614-conviction-set/canonical/page-004.png",
ks-21-6614-conviction-set	Print the verdict and the page digests to the log	2026-09-12T03:24:38.4154341Z       "bytes": 161750,
ks-21-6614-conviction-set	Print the verdict and the page digests to the log	2026-09-12T03:24:38.4154827Z       "pngSha256": "7fe08299d7e27df64c0128106e938d9dbd64cf09c3cc12ad48df7d4af60b0b81",
ks-21-6614-conviction-set	Print the verdict and the page digests to the log	2026-09-12T03:24:38.4155340Z       "pngWidth": 2040,
ks-21-6614-conviction-set	Print the verdict and the page digests to the log	2026-09-12T03:24:38.4155650Z       "pngHeight": 2640,
ks-21-6614-conviction-set	Print the verdict and the page digests to the log	2026-09-12T03:24:38.4155964Z       "paper": {
ks-21-6614-conviction-set	Print the verdict and the page digests to the log	2026-09-12T03:24:38.4156277Z         "x0": 204,
ks-21-6614-conviction-set	Print the verdict and the page digests to the log	2026-09-12T03:24:38.4156799Z         "y0": 3,
ks-21-6614-conviction-set	Print the verdict and the page digests to the log	2026-09-12T03:24:38.4157208Z         "x1": 2243,
ks-21-6614-conviction-set	Print the verdict and the page digests to the log	2026-09-12T03:24:38.4157527Z         "y1": 2642,
ks-21-6614-conviction-set	Print the verdict and the page digests to the log	2026-09-12T03:24:38.4157832Z         "width": 2040,
ks-21-6614-conviction-set	Print the verdict and the page digests to the log	2026-09-12T03:24:38.4158156Z         "height": 2640
ks-21-6614-conviction-set	Print the verdict and the page digests to the log	2026-09-12T03:24:38.4158464Z       },
ks-21-6614-conviction-set	Print the verdict and the page digests to the log	2026-09-12T03:24:38.4158765Z       "pxPerPt": 3.3333333333333335,
ks-21-6614-conviction-set	Print the verdict and the page digests to the log	2026-09-12T03:24:38.4159273Z       "expectedPxPerPt": 3.333333333333333,
ks-21-6614-conviction-set	Print the verdict and the page digests to the log	2026-09-12T03:24:38.4159784Z       "pageWidthPt": 612,
ks-21-6614-conviction-set	Print the verdict and the page digests to the log	2026-09-12T03:24:38.4160104Z       "pageHeightPt": 792,
ks-21-6614-conviction-set	Print the verdict and the page digests to the log	2026-09-12T03:24:38.4160439Z       "expectedPx": {
ks-21-6614-conviction-set	Print the verdict and the page digests to the log	2026-09-12T03:24:38.4160910Z         "width": 2039.9999999999998,
ks-21-6614-conviction-set	Print the verdict and the page digests to the log	2026-09-12T03:24:38.4161339Z         "height": 2639.9999999999995,
ks-21-6614-conviction-set	Print the verdict and the page digests to the log	2026-09-12T03:24:38.4161927Z         "tolerancePx": 6.666666666666666
ks-21-6614-conviction-set	Print the verdict and the page digests to the log	2026-09-12T03:24:38.4162256Z       },
ks-21-6614-conviction-set	Print the verdict and the page digests to the log	2026-09-12T03:24:38.4162566Z       "calibrationResidualPx": 0,
ks-21-6614-conviction-set	Print the verdict and the page digests to the log	2026-09-12T03:24:38.4162948Z       "inkFractionInsidePaper": 0.012302436125965538,
ks-21-6614-conviction-set	Print the verdict and the page digests to the log	2026-09-12T03:24:38.4163287Z       "nonblank": true,
ks-21-6614-conviction-set	Print the verdict and the page digests to the log	2026-09-12T03:24:38.4163702Z       "croppedToThePage": true
ks-21-6614-conviction-set	Print the verdict and the page digests to the log	2026-09-12T03:24:38.4164135Z     },
ks-21-6614-conviction-set	Print the verdict and the page digests to the log	2026-09-12T03:24:38.4164514Z     {
ks-21-6614-conviction-set	Print the verdict and the page digests to the log	2026-09-12T03:24:38.4164823Z       "kind": "canonical",
ks-21-6614-conviction-set	Print the verdict and the page digests to the log	2026-09-12T03:24:38.4165244Z       "document": "canonical.pdf",
ks-21-6614-conviction-set	Print the verdict and the page digests to the log	2026-09-12T03:24:38.4165609Z       "page": 5,
ks-21-6614-conviction-set	Print the verdict and the page digests to the log	2026-09-12T03:24:38.4165993Z       "png": "ks-21-6614-conviction-set/canonical/page-005.png",
ks-21-6614-conviction-set	Print the verdict and the page digests to the log	2026-09-12T03:24:38.4166466Z       "bytes": 442041,
ks-21-6614-conviction-set	Print the verdict and the page digests to the log	2026-09-12T03:24:38.4167179Z       "pngSha256": "0ae20ffea54c5527b45ebbde50fee100364d64fab8ae230749cfd9144bde7965",
ks-21-6614-conviction-set	Print the verdict and the page digests to the log	2026-09-12T03:24:38.4167685Z       "pngWidth": 2040,
ks-21-6614-conviction-set	Print the verdict and the page digests to the log	2026-09-12T03:24:38.4168034Z       "pngHeight": 2640,
ks-21-6614-conviction-set	Print the verdict and the page digests to the log	2026-09-12T03:24:38.4168344Z       "paper": {
ks-21-6614-conviction-set	Print the verdict and the page digests to the log	2026-09-12T03:24:38.4168652Z         "x0": 204,
ks-21-6614-conviction-set	Print the verdict and the page digests to the log	2026-09-12T03:24:38.4168938Z         "y0": 3,
ks-21-6614-conviction-set	Print the verdict and the page digests to the log	2026-09-12T03:24:38.4169462Z         "x1": 2243,
ks-21-6614-conviction-set	Print the verdict and the page digests to the log	2026-09-12T03:24:38.4169885Z         "y1": 2642,
ks-21-6614-conviction-set	Print the verdict and the page digests to the log	2026-09-12T03:24:38.4170202Z         "width": 2040,
ks-21-6614-conviction-set	Print the verdict and the page digests to the log	2026-09-12T03:24:38.4170706Z         "height": 2640
ks-21-6614-conviction-set	Print the verdict and the page digests to the log	2026-09-12T03:24:38.4171091Z       },
ks-21-6614-conviction-set	Print the verdict and the page digests to the log	2026-09-12T03:24:38.4171482Z       "pxPerPt": 3.3333333333333335,
ks-21-6614-conviction-set	Print the verdict and the page digests to the log	2026-09-12T03:24:38.4171920Z       "expectedPxPerPt": 3.333333333333333,
ks-21-6614-conviction-set	Print the verdict and the page digests to the log	2026-09-12T03:24:38.4172439Z       "pageWidthPt": 612,
ks-21-6614-conviction-set	Print the verdict and the page digests to the log	2026-09-12T03:24:38.4172839Z       "pageHeightPt": 792,
ks-21-6614-conviction-set	Print the verdict and the page digests to the log	2026-09-12T03:24:38.4173155Z       "expectedPx": {
ks-21-6614-conviction-set	Print the verdict and the page digests to the log	2026-09-12T03:24:38.4173498Z         "width": 2039.9999999999998,
ks-21-6614-conviction-set	Print the verdict and the page digests to the log	2026-09-12T03:24:38.4174027Z         "height": 2639.9999999999995,
ks-21-6614-conviction-set	Print the verdict and the page digests to the log	2026-09-12T03:24:38.4174518Z         "tolerancePx": 6.666666666666666
ks-21-6614-conviction-set	Print the verdict and the page digests to the log	2026-09-12T03:24:38.4174865Z       },
ks-21-6614-conviction-set	Print the verdict and the page digests to the log	2026-09-12T03:24:38.4175174Z       "calibrationResidualPx": 0,
ks-21-6614-conviction-set	Print the verdict and the page digests to the log	2026-09-12T03:24:38.4175581Z       "inkFractionInsidePaper": 0.043013406120023766,
ks-21-6614-conviction-set	Print the verdict and the page digests to the log	2026-09-12T03:24:38.4176024Z       "nonblank": true,
ks-21-6614-conviction-set	Print the verdict and the page digests to the log	2026-09-12T03:24:38.4176431Z       "croppedToThePage": true
ks-21-6614-conviction-set	Print the verdict and the page digests to the log	2026-09-12T03:24:38.4176898Z     },
ks-21-6614-conviction-set	Print the verdict and the page digests to the log	2026-09-12T03:24:38.4177188Z     {
ks-21-6614-conviction-set	Print the verdict and the page digests to the log	2026-09-12T03:24:38.4177472Z       "kind": "canonical",
ks-21-6614-conviction-set	Print the verdict and the page digests to the log	2026-09-12T03:24:38.4177848Z       "document": "canonical.pdf",
ks-21-6614-conviction-set	Print the verdict and the page digests to the log	2026-09-12T03:24:38.4178335Z       "page": 6,
ks-21-6614-conviction-set	Print the verdict and the page digests to the log	2026-09-12T03:24:38.4178850Z       "png": "ks-21-6614-conviction-set/canonical/page-006.png",
ks-21-6614-conviction-set	Print the verdict and the page digests to the log	2026-09-12T03:24:38.4179382Z       "bytes": 489116,
ks-21-6614-conviction-set	Print the verdict and the page digests to the log	2026-09-12T03:24:38.4179948Z       "pngSha256": "561946a9c82d5d2ec0c32b4e11f3118e5b755e8cb94f2386c1931798f7ef9249",
ks-21-6614-conviction-set	Print the verdict and the page digests to the log	2026-09-12T03:24:38.4180452Z       "pngWidth": 2040,
ks-21-6614-conviction-set	Print the verdict and the page digests to the log	2026-09-12T03:24:38.4181005Z       "pngHeight": 2640,
ks-21-6614-conviction-set	Print the verdict and the page digests to the log	2026-09-12T03:24:38.4181338Z       "paper": {
ks-21-6614-conviction-set	Print the verdict and the page digests to the log	2026-09-12T03:24:38.4181654Z         "x0": 204,
ks-21-6614-conviction-set	Print the verdict and the page digests to the log	2026-09-12T03:24:38.4181928Z         "y0": 3,
ks-21-6614-conviction-set	Print the verdict and the page digests to the log	2026-09-12T03:24:38.4182242Z         "x1": 2243,
ks-21-6614-conviction-set	Print the verdict and the page digests to the log	2026-09-12T03:24:38.4182530Z         "y1": 2642,
ks-21-6614-conviction-set	Print the verdict and the page digests to the log	2026-09-12T03:24:38.4182983Z         "width": 2040,
ks-21-6614-conviction-set	Print the verdict and the page digests to the log	2026-09-12T03:24:38.4183411Z         "height": 2640
ks-21-6614-conviction-set	Print the verdict and the page digests to the log	2026-09-12T03:24:38.4183689Z       },
ks-21-6614-conviction-set	Print the verdict and the page digests to the log	2026-09-12T03:24:38.4184026Z       "pxPerPt": 3.3333333333333335,
ks-21-6614-conviction-set	Print the verdict and the page digests to the log	2026-09-12T03:24:38.4184396Z       "expectedPxPerPt": 3.333333333333333,
ks-21-6614-conviction-set	Print the verdict and the page digests to the log	2026-09-12T03:24:38.4184798Z       "pageWidthPt": 612,
ks-21-6614-conviction-set	Print the verdict and the page digests to the log	2026-09-12T03:24:38.4185139Z       "pageHeightPt": 792,
ks-21-6614-conviction-set	Print the verdict and the page digests to the log	2026-09-12T03:24:38.4185551Z       "expectedPx": {
ks-21-6614-conviction-set	Print the verdict and the page digests to the log	2026-09-12T03:24:38.4185914Z         "width": 2039.9999999999998,
ks-21-6614-conviction-set	Print the verdict and the page digests to the log	2026-09-12T03:24:38.4186273Z         "height": 2639.9999999999995,
ks-21-6614-conviction-set	Print the verdict and the page digests to the log	2026-09-12T03:24:38.4186752Z         "tolerancePx": 6.666666666666666
ks-21-6614-conviction-set	Print the verdict and the page digests to the log	2026-09-12T03:24:38.4187320Z       },
ks-21-6614-conviction-set	Print the verdict and the page digests to the log	2026-09-12T03:24:38.4187728Z       "calibrationResidualPx": 0,
ks-21-6614-conviction-set	Print the verdict and the page digests to the log	2026-09-12T03:24:38.4188351Z       "inkFractionInsidePaper": 0.05282326945929887,
ks-21-6614-conviction-set	Print the verdict and the page digests to the log	2026-09-12T03:24:38.4188817Z       "nonblank": true,
ks-21-6614-conviction-set	Print the verdict and the page digests to the log	2026-09-12T03:24:38.4189154Z       "croppedToThePage": true
ks-21-6614-conviction-set	Print the verdict and the page digests to the log	2026-09-12T03:24:38.4189544Z     },
ks-21-6614-conviction-set	Print the verdict and the page digests to the log	2026-09-12T03:24:38.4189798Z     {
ks-21-6614-conviction-set	Print the verdict and the page digests to the log	2026-09-12T03:24:38.4190115Z       "kind": "canonical",
ks-21-6614-conviction-set	Print the verdict and the page digests to the log	2026-09-12T03:24:38.4190469Z       "document": "canonical.pdf",
ks-21-6614-conviction-set	Print the verdict and the page digests to the log	2026-09-12T03:24:38.4191038Z       "page": 7,
ks-21-6614-conviction-set	Print the verdict and the page digests to the log	2026-09-12T03:24:38.4191547Z       "png": "ks-21-6614-conviction-set/canonical/page-007.png",
ks-21-6614-conviction-set	Print the verdict and the page digests to the log	2026-09-12T03:24:38.4191971Z       "bytes": 554474,
ks-21-6614-conviction-set	Print the verdict and the page digests to the log	2026-09-12T03:24:38.4192488Z       "pngSha256": "8df37d7461cc8b519e8776d3ae1123b7f6c9fc16130d3204a4e981a2538d33b2",
ks-21-6614-conviction-set	Print the verdict and the page digests to the log	2026-09-12T03:24:38.4193020Z       "pngWidth": 2040,
ks-21-6614-conviction-set	Print the verdict and the page digests to the log	2026-09-12T03:24:38.4193456Z       "pngHeight": 2640,
ks-21-6614-conviction-set	Print the verdict and the page digests to the log	2026-09-12T03:24:38.4193915Z       "paper": {
ks-21-6614-conviction-set	Print the verdict and the page digests to the log	2026-09-12T03:24:38.4194217Z         "x0": 204,
ks-21-6614-conviction-set	Print the verdict and the page digests to the log	2026-09-12T03:24:38.4194545Z         "y0": 3,
ks-21-6614-conviction-set	Print the verdict and the page digests to the log	2026-09-12T03:24:38.4194831Z         "x1": 2243,
ks-21-6614-conviction-set	Print the verdict and the page digests to the log	2026-09-12T03:24:38.4195146Z         "y1": 2642,
ks-21-6614-conviction-set	Print the verdict and the page digests to the log	2026-09-12T03:24:38.4195449Z         "width": 2040,
ks-21-6614-conviction-set	Print the verdict and the page digests to the log	2026-09-12T03:24:38.4195843Z         "height": 2640
ks-21-6614-conviction-set	Print the verdict and the page digests to the log	2026-09-12T03:24:38.4196295Z       },
ks-21-6614-conviction-set	Print the verdict and the page digests to the log	2026-09-12T03:24:38.4196601Z       "pxPerPt": 3.3333333333333335,
ks-21-6614-conviction-set	Print the verdict and the page digests to the log	2026-09-12T03:24:38.4197123Z       "expectedPxPerPt": 3.333333333333333,
ks-21-6614-conviction-set	Print the verdict and the page digests to the log	2026-09-12T03:24:38.4197704Z       "pageWidthPt": 612,
ks-21-6614-conviction-set	Print the verdict and the page digests to the log	2026-09-12T03:24:38.4198126Z       "pageHeightPt": 792,
ks-21-6614-conviction-set	Print the verdict and the page digests to the log	2026-09-12T03:24:38.4198531Z       "expectedPx": {
ks-21-6614-conviction-set	Print the verdict and the page digests to the log	2026-09-12T03:24:38.4198870Z         "width": 2039.9999999999998,
ks-21-6614-conviction-set	Print the verdict and the page digests to the log	2026-09-12T03:24:38.4199252Z         "height": 2639.9999999999995,
ks-21-6614-conviction-set	Print the verdict and the page digests to the log	2026-09-12T03:24:38.4199608Z         "tolerancePx": 6.666666666666666
ks-21-6614-conviction-set	Print the verdict and the page digests to the log	2026-09-12T03:24:38.4199921Z       },
ks-21-6614-conviction-set	Print the verdict and the page digests to the log	2026-09-12T03:24:38.4200249Z       "calibrationResidualPx": 0,
ks-21-6614-conviction-set	Print the verdict and the page digests to the log	2026-09-12T03:24:38.4200960Z       "inkFractionInsidePaper": 0.2734336007130125,
ks-21-6614-conviction-set	Print the verdict and the page digests to the log	2026-09-12T03:24:38.4201514Z       "nonblank": true,
ks-21-6614-conviction-set	Print the verdict and the page digests to the log	2026-09-12T03:24:38.4201853Z       "croppedToThePage": true
ks-21-6614-conviction-set	Print the verdict and the page digests to the log	2026-09-12T03:24:38.4202164Z     },
ks-21-6614-conviction-set	Print the verdict and the page digests to the log	2026-09-12T03:24:38.4202457Z     {
ks-21-6614-conviction-set	Print the verdict and the page digests to the log	2026-09-12T03:24:38.4202728Z       "kind": "canonical",
ks-21-6614-conviction-set	Print the verdict and the page digests to the log	2026-09-12T03:24:38.4203137Z       "document": "canonical.pdf",
ks-21-6614-conviction-set	Print the verdict and the page digests to the log	2026-09-12T03:24:38.4203458Z       "page": 8,
ks-21-6614-conviction-set	Print the verdict and the page digests to the log	2026-09-12T03:24:38.4203814Z       "png": "ks-21-6614-conviction-set/canonical/page-008.png",
ks-21-6614-conviction-set	Print the verdict and the page digests to the log	2026-09-12T03:24:38.4204225Z       "bytes": 295614,
ks-21-6614-conviction-set	Print the verdict and the page digests to the log	2026-09-12T03:24:38.4204734Z       "pngSha256": "5d22062ec99e0e6909070a9a5dfc2c8a2bbf870975fe938112366841f83eb4e3",
ks-21-6614-conviction-set	Print the verdict and the page digests to the log	2026-09-12T03:24:38.4205493Z       "pngWidth": 2040,
ks-21-6614-conviction-set	Print the verdict and the page digests to the log	2026-09-12T03:24:38.4205802Z       "pngHeight": 2640,
ks-21-6614-conviction-set	Print the verdict and the page digests to the log	2026-09-12T03:24:38.4206091Z       "paper": {
ks-21-6614-conviction-set	Print the verdict and the page digests to the log	2026-09-12T03:24:38.4206395Z         "x0": 204,
ks-21-6614-conviction-set	Print the verdict and the page digests to the log	2026-09-12T03:24:38.4206703Z         "y0": 3,
ks-21-6614-conviction-set	Print the verdict and the page digests to the log	2026-09-12T03:24:38.4207025Z         "x1": 2243,
ks-21-6614-conviction-set	Print the verdict and the page digests to the log	2026-09-12T03:24:38.4207303Z         "y1": 2642,
ks-21-6614-conviction-set	Print the verdict and the page digests to the log	2026-09-12T03:24:38.4207569Z         "width": 2040,
ks-21-6614-conviction-set	Print the verdict and the page digests to the log	2026-09-12T03:24:38.4207890Z         "height": 2640
ks-21-6614-conviction-set	Print the verdict and the page digests to the log	2026-09-12T03:24:38.4208197Z       },
ks-21-6614-conviction-set	Print the verdict and the page digests to the log	2026-09-12T03:24:38.4208496Z       "pxPerPt": 3.3333333333333335,
ks-21-6614-conviction-set	Print the verdict and the page digests to the log	2026-09-12T03:24:38.4208901Z       "expectedPxPerPt": 3.333333333333333,
ks-21-6614-conviction-set	Print the verdict and the page digests to the log	2026-09-12T03:24:38.4209233Z       "pageWidthPt": 612,
ks-21-6614-conviction-set	Print the verdict and the page digests to the log	2026-09-12T03:24:38.4209726Z       "pageHeightPt": 792,
ks-21-6614-conviction-set	Print the verdict and the page digests to the log	2026-09-12T03:24:38.4210127Z       "expectedPx": {
ks-21-6614-conviction-set	Print the verdict and the page digests to the log	2026-09-12T03:24:38.4210439Z         "width": 2039.9999999999998,
ks-21-6614-conviction-set	Print the verdict and the page digests to the log	2026-09-12T03:24:38.4210930Z         "height": 2639.9999999999995,
ks-21-6614-conviction-set	Print the verdict and the page digests to the log	2026-09-12T03:24:38.4211272Z         "tolerancePx": 6.666666666666666
ks-21-6614-conviction-set	Print the verdict and the page digests to the log	2026-09-12T03:24:38.4211620Z       },
ks-21-6614-conviction-set	Print the verdict and the page digests to the log	2026-09-12T03:24:38.4212033Z       "calibrationResidualPx": 0,
ks-21-6614-conviction-set	Print the verdict and the page digests to the log	2026-09-12T03:24:38.4212568Z       "inkFractionInsidePaper": 0.0339880421865716,
ks-21-6614-conviction-set	Print the verdict and the page digests to the log	2026-09-12T03:24:38.4212943Z       "nonblank": true,
ks-21-6614-conviction-set	Print the verdict and the page digests to the log	2026-09-12T03:24:38.4213412Z       "croppedToThePage": true
ks-21-6614-conviction-set	Print the verdict and the page digests to the log	2026-09-12T03:24:38.4213881Z     },
ks-21-6614-conviction-set	Print the verdict and the page digests to the log	2026-09-12T03:24:38.4214223Z     {
ks-21-6614-conviction-set	Print the verdict and the page digests to the log	2026-09-12T03:24:38.4214503Z       "kind": "canonical",
ks-21-6614-conviction-set	Print the verdict and the page digests to the log	2026-09-12T03:24:38.4214853Z       "document": "canonical.pdf",
ks-21-6614-conviction-set	Print the verdict and the page digests to the log	2026-09-12T03:24:38.4215268Z       "page": 9,
ks-21-6614-conviction-set	Print the verdict and the page digests to the log	2026-09-12T03:24:38.4215753Z       "png": "ks-21-6614-conviction-set/canonical/page-009.png",
ks-21-6614-conviction-set	Print the verdict and the page digests to the log	2026-09-12T03:24:38.4216135Z       "bytes": 204360,
ks-21-6614-conviction-set	Print the verdict and the page digests to the log	2026-09-12T03:24:38.4216687Z       "pngSha256": "45abc39444d5b9391445964b8552ff011747fda4ffdf259e37766f8381fc460e",
ks-21-6614-conviction-set	Print the verdict and the page digests to the log	2026-09-12T03:24:38.4217329Z       "pngWidth": 2040,
ks-21-6614-conviction-set	Print the verdict and the page digests to the log	2026-09-12T03:24:38.4217630Z       "pngHeight": 2640,
ks-21-6614-conviction-set	Print the verdict and the page digests to the log	2026-09-12T03:24:38.4218004Z       "paper": {
ks-21-6614-conviction-set	Print the verdict and the page digests to the log	2026-09-12T03:24:38.4218282Z         "x0": 204,
ks-21-6614-conviction-set	Print the verdict and the page digests to the log	2026-09-12T03:24:38.4218568Z         "y0": 3,
ks-21-6614-conviction-set	Print the verdict and the page digests to the log	2026-09-12T03:24:38.4218845Z         "x1": 2243,
ks-21-6614-conviction-set	Print the verdict and the page digests to the log	2026-09-12T03:24:38.4219120Z         "y1": 2642,
ks-21-6614-conviction-set	Print the verdict and the page digests to the log	2026-09-12T03:24:38.4219587Z         "width": 2040,
ks-21-6614-conviction-set	Print the verdict and the page digests to the log	2026-09-12T03:24:38.4219967Z         "height": 2640
ks-21-6614-conviction-set	Print the verdict and the page digests to the log	2026-09-12T03:24:38.4220253Z       },
ks-21-6614-conviction-set	Print the verdict and the page digests to the log	2026-09-12T03:24:38.4220703Z       "pxPerPt": 3.3333333333333335,
ks-21-6614-conviction-set	Print the verdict and the page digests to the log	2026-09-12T03:24:38.4221092Z       "expectedPxPerPt": 3.333333333333333,
ks-21-6614-conviction-set	Print the verdict and the page digests to the log	2026-09-12T03:24:38.4221484Z       "pageWidthPt": 612,
ks-21-6614-conviction-set	Print the verdict and the page digests to the log	2026-09-12T03:24:38.4221913Z       "pageHeightPt": 792,
ks-21-6614-conviction-set	Print the verdict and the page digests to the log	2026-09-12T03:24:38.4222221Z       "expectedPx": {
ks-21-6614-conviction-set	Print the verdict and the page digests to the log	2026-09-12T03:24:38.4222687Z         "width": 2039.9999999999998,
ks-21-6614-conviction-set	Print the verdict and the page digests to the log	2026-09-12T03:24:38.4223132Z         "height": 2639.9999999999995,
ks-21-6614-conviction-set	Print the verdict and the page digests to the log	2026-09-12T03:24:38.4223503Z         "tolerancePx": 6.666666666666666
ks-21-6614-conviction-set	Print the verdict and the page digests to the log	2026-09-12T03:24:38.4223824Z       },
ks-21-6614-conviction-set	Print the verdict and the page digests to the log	2026-09-12T03:24:38.4224169Z       "calibrationResidualPx": 0,
ks-21-6614-conviction-set	Print the verdict and the page digests to the log	2026-09-12T03:24:38.4224570Z       "inkFractionInsidePaper": 0.04248421717171717,
ks-21-6614-conviction-set	Print the verdict and the page digests to the log	2026-09-12T03:24:38.4225111Z       "nonblank": true,
ks-21-6614-conviction-set	Print the verdict and the page digests to the log	2026-09-12T03:24:38.4225506Z       "croppedToThePage": true
ks-21-6614-conviction-set	Print the verdict and the page digests to the log	2026-09-12T03:24:38.4225819Z     },
ks-21-6614-conviction-set	Print the verdict and the page digests to the log	2026-09-12T03:24:38.4226112Z     {
ks-21-6614-conviction-set	Print the verdict and the page digests to the log	2026-09-12T03:24:38.4226399Z       "kind": "canonical",
ks-21-6614-conviction-set	Print the verdict and the page digests to the log	2026-09-12T03:24:38.4226839Z       "document": "canonical.pdf",
ks-21-6614-conviction-set	Print the verdict and the page digests to the log	2026-09-12T03:24:38.4227296Z       "page": 10,
ks-21-6614-conviction-set	Print the verdict and the page digests to the log	2026-09-12T03:24:38.4227672Z       "png": "ks-21-6614-conviction-set/canonical/page-010.png",
ks-21-6614-conviction-set	Print the verdict and the page digests to the log	2026-09-12T03:24:38.4228097Z       "bytes": 317017,
ks-21-6614-conviction-set	Print the verdict and the page digests to the log	2026-09-12T03:24:38.4228575Z       "pngSha256": "2fb56920eef4e2e64388149944e0e8795906af6d5e5710f1483b01cc64ba97b4",
ks-21-6614-conviction-set	Print the verdict and the page digests to the log	2026-09-12T03:24:38.4229092Z       "pngWidth": 2040,
ks-21-6614-conviction-set	Print the verdict and the page digests to the log	2026-09-12T03:24:38.4229526Z       "pngHeight": 2640,
ks-21-6614-conviction-set	Print the verdict and the page digests to the log	2026-09-12T03:24:38.4229875Z       "paper": {
ks-21-6614-conviction-set	Print the verdict and the page digests to the log	2026-09-12T03:24:38.4230139Z         "x0": 204,
ks-21-6614-conviction-set	Print the verdict and the page digests to the log	2026-09-12T03:24:38.4230480Z         "y0": 3,
ks-21-6614-conviction-set	Print the verdict and the page digests to the log	2026-09-12T03:24:38.4230969Z         "x1": 2243,
ks-21-6614-conviction-set	Print the verdict and the page digests to the log	2026-09-12T03:24:38.4231376Z         "y1": 2642,
ks-21-6614-conviction-set	Print the verdict and the page digests to the log	2026-09-12T03:24:38.4231723Z         "width": 2040,
ks-21-6614-conviction-set	Print the verdict and the page digests to the log	2026-09-12T03:24:38.4232072Z         "height": 2640
ks-21-6614-conviction-set	Print the verdict and the page digests to the log	2026-09-12T03:24:38.4232484Z       },
ks-21-6614-conviction-set	Print the verdict and the page digests to the log	2026-09-12T03:24:38.4232873Z       "pxPerPt": 3.3333333333333335,
ks-21-6614-conviction-set	Print the verdict and the page digests to the log	2026-09-12T03:24:38.4233328Z       "expectedPxPerPt": 3.333333333333333,
ks-21-6614-conviction-set	Print the verdict and the page digests to the log	2026-09-12T03:24:38.4233678Z       "pageWidthPt": 612,
ks-21-6614-conviction-set	Print the verdict and the page digests to the log	2026-09-12T03:24:38.4233978Z       "pageHeightPt": 792,
ks-21-6614-conviction-set	Print the verdict and the page digests to the log	2026-09-12T03:24:38.4234330Z       "expectedPx": {
ks-21-6614-conviction-set	Print the verdict and the page digests to the log	2026-09-12T03:24:38.4234699Z         "width": 2039.9999999999998,
ks-21-6614-conviction-set	Print the verdict and the page digests to the log	2026-09-12T03:24:38.4235052Z         "height": 2639.9999999999995,
ks-21-6614-conviction-set	Print the verdict and the page digests to the log	2026-09-12T03:24:38.4235539Z         "tolerancePx": 6.666666666666666
ks-21-6614-conviction-set	Print the verdict and the page digests to the log	2026-09-12T03:24:38.4235942Z       },
ks-21-6614-conviction-set	Print the verdict and the page digests to the log	2026-09-12T03:24:38.4236273Z       "calibrationResidualPx": 0,
ks-21-6614-conviction-set	Print the verdict and the page digests to the log	2026-09-12T03:24:38.4236684Z       "inkFractionInsidePaper": 0.03192142008318479,
ks-21-6614-conviction-set	Print the verdict and the page digests to the log	2026-09-12T03:24:38.4237085Z       "nonblank": true,
ks-21-6614-conviction-set	Print the verdict and the page digests to the log	2026-09-12T03:24:38.4237409Z       "croppedToThePage": true
ks-21-6614-conviction-set	Print the verdict and the page digests to the log	2026-09-12T03:24:38.4237702Z     },
ks-21-6614-conviction-set	Print the verdict and the page digests to the log	2026-09-12T03:24:38.4238011Z     {
ks-21-6614-conviction-set	Print the verdict and the page digests to the log	2026-09-12T03:24:38.4238283Z       "kind": "canonical",
ks-21-6614-conviction-set	Print the verdict and the page digests to the log	2026-09-12T03:24:38.4238696Z       "document": "canonical.pdf",
ks-21-6614-conviction-set	Print the verdict and the page digests to the log	2026-09-12T03:24:38.4239073Z       "page": 11,
ks-21-6614-conviction-set	Print the verdict and the page digests to the log	2026-09-12T03:24:38.4239575Z       "png": "ks-21-6614-conviction-set/canonical/page-011.png",
ks-21-6614-conviction-set	Print the verdict and the page digests to the log	2026-09-12T03:24:38.4240171Z       "bytes": 319223,
ks-21-6614-conviction-set	Print the verdict and the page digests to the log	2026-09-12T03:24:38.4241100Z       "pngSha256": "97f243a8ea966b1ae2885410b3ba6954d6890c87af836faf786ac111411a0bbd",
ks-21-6614-conviction-set	Print the verdict and the page digests to the log	2026-09-12T03:24:38.4241759Z       "pngWidth": 2040,
ks-21-6614-conviction-set	Print the verdict and the page digests to the log	2026-09-12T03:24:38.4242056Z       "pngHeight": 2640,
ks-21-6614-conviction-set	Print the verdict and the page digests to the log	2026-09-12T03:24:38.4242341Z       "paper": {
ks-21-6614-conviction-set	Print the verdict and the page digests to the log	2026-09-12T03:24:38.4242675Z         "x0": 204,
ks-21-6614-conviction-set	Print the verdict and the page digests to the log	2026-09-12T03:24:38.4242955Z         "y0": 3,
ks-21-6614-conviction-set	Print the verdict and the page digests to the log	2026-09-12T03:24:38.4243240Z         "x1": 2243,
ks-21-6614-conviction-set	Print the verdict and the page digests to the log	2026-09-12T03:24:38.4243561Z         "y1": 2642,
ks-21-6614-conviction-set	Print the verdict and the page digests to the log	2026-09-12T03:24:38.4243829Z         "width": 2040,
ks-21-6614-conviction-set	Print the verdict and the page digests to the log	2026-09-12T03:24:38.4244175Z         "height": 2640
ks-21-6614-conviction-set	Print the verdict and the page digests to the log	2026-09-12T03:24:38.4244582Z       },
ks-21-6614-conviction-set	Print the verdict and the page digests to the log	2026-09-12T03:24:38.4244961Z       "pxPerPt": 3.3333333333333335,
ks-21-6614-conviction-set	Print the verdict and the page digests to the log	2026-09-12T03:24:38.4245522Z       "expectedPxPerPt": 3.333333333333333,
ks-21-6614-conviction-set	Print the verdict and the page digests to the log	2026-09-12T03:24:38.4246075Z       "pageWidthPt": 612,
ks-21-6614-conviction-set	Print the verdict and the page digests to the log	2026-09-12T03:24:38.4246493Z       "pageHeightPt": 792,
ks-21-6614-conviction-set	Print the verdict and the page digests to the log	2026-09-12T03:24:38.4246932Z       "expectedPx": {
ks-21-6614-conviction-set	Print the verdict and the page digests to the log	2026-09-12T03:24:38.4247324Z         "width": 2039.9999999999998,
ks-21-6614-conviction-set	Print the verdict and the page digests to the log	2026-09-12T03:24:38.4247804Z         "height": 2639.9999999999995,
ks-21-6614-conviction-set	Print the verdict and the page digests to the log	2026-09-12T03:24:38.4248240Z         "tolerancePx": 6.666666666666666
ks-21-6614-conviction-set	Print the verdict and the page digests to the log	2026-09-12T03:24:38.4248575Z       },
ks-21-6614-conviction-set	Print the verdict and the page digests to the log	2026-09-12T03:24:38.4248877Z       "calibrationResidualPx": 0,
ks-21-6614-conviction-set	Print the verdict and the page digests to the log	2026-09-12T03:24:38.4249280Z       "inkFractionInsidePaper": 0.03508559863339275,
ks-21-6614-conviction-set	Print the verdict and the page digests to the log	2026-09-12T03:24:38.4249721Z       "nonblank": true,
ks-21-6614-conviction-set	Print the verdict and the page digests to the log	2026-09-12T03:24:38.4250114Z       "croppedToThePage": true
ks-21-6614-conviction-set	Print the verdict and the page digests to the log	2026-09-12T03:24:38.4250425Z     },
ks-21-6614-conviction-set	Print the verdict and the page digests to the log	2026-09-12T03:24:38.4250873Z     {
ks-21-6614-conviction-set	Print the verdict and the page digests to the log	2026-09-12T03:24:38.4251168Z       "kind": "canonical",
ks-21-6614-conviction-set	Print the verdict and the page digests to the log	2026-09-12T03:24:38.4251506Z       "document": "canonical.pdf",
ks-21-6614-conviction-set	Print the verdict and the page digests to the log	2026-09-12T03:24:38.4251871Z       "page": 12,
ks-21-6614-conviction-set	Print the verdict and the page digests to the log	2026-09-12T03:24:38.4252282Z       "png": "ks-21-6614-conviction-set/canonical/page-012.png",
ks-21-6614-conviction-set	Print the verdict and the page digests to the log	2026-09-12T03:24:38.4252677Z       "bytes": 362031,
ks-21-6614-conviction-set	Print the verdict and the page digests to the log	2026-09-12T03:24:38.4253146Z       "pngSha256": "bec2aa8b35f69325b4570902a21a323f295af4b2210897efa89b964fbe35bdd3",
ks-21-6614-conviction-set	Print the verdict and the page digests to the log	2026-09-12T03:24:38.4253630Z       "pngWidth": 2040,
ks-21-6614-conviction-set	Print the verdict and the page digests to the log	2026-09-12T03:24:38.4253951Z       "pngHeight": 2640,
ks-21-6614-conviction-set	Print the verdict and the page digests to the log	2026-09-12T03:24:38.4254279Z       "paper": {
ks-21-6614-conviction-set	Print the verdict and the page digests to the log	2026-09-12T03:24:38.4254564Z         "x0": 204,
ks-21-6614-conviction-set	Print the verdict and the page digests to the log	2026-09-12T03:24:38.4254853Z         "y0": 3,
ks-21-6614-conviction-set	Print the verdict and the page digests to the log	2026-09-12T03:24:38.4255161Z         "x1": 2243,
ks-21-6614-conviction-set	Print the verdict and the page digests to the log	2026-09-12T03:24:38.4255455Z         "y1": 2642,
ks-21-6614-conviction-set	Print the verdict and the page digests to the log	2026-09-12T03:24:38.4255738Z         "width": 2040,
ks-21-6614-conviction-set	Print the verdict and the page digests to the log	2026-09-12T03:24:38.4256067Z         "height": 2640
ks-21-6614-conviction-set	Print the verdict and the page digests to the log	2026-09-12T03:24:38.4256361Z       },
ks-21-6614-conviction-set	Print the verdict and the page digests to the log	2026-09-12T03:24:38.4256679Z       "pxPerPt": 3.3333333333333335,
ks-21-6614-conviction-set	Print the verdict and the page digests to the log	2026-09-12T03:24:38.4257050Z       "expectedPxPerPt": 3.333333333333333,
ks-21-6614-conviction-set	Print the verdict and the page digests to the log	2026-09-12T03:24:38.4257389Z       "pageWidthPt": 612,
ks-21-6614-conviction-set	Print the verdict and the page digests to the log	2026-09-12T03:24:38.4257737Z       "pageHeightPt": 792,
ks-21-6614-conviction-set	Print the verdict and the page digests to the log	2026-09-12T03:24:38.4258054Z       "expectedPx": {
ks-21-6614-conviction-set	Print the verdict and the page digests to the log	2026-09-12T03:24:38.4258393Z         "width": 2039.9999999999998,
ks-21-6614-conviction-set	Print the verdict and the page digests to the log	2026-09-12T03:24:38.4258747Z         "height": 2639.9999999999995,
ks-21-6614-conviction-set	Print the verdict and the page digests to the log	2026-09-12T03:24:38.4259100Z         "tolerancePx": 6.666666666666666
ks-21-6614-conviction-set	Print the verdict and the page digests to the log	2026-09-12T03:24:38.4259398Z       },
ks-21-6614-conviction-set	Print the verdict and the page digests to the log	2026-09-12T03:24:38.4259758Z       "calibrationResidualPx": 0,
ks-21-6614-conviction-set	Print the verdict and the page digests to the log	2026-09-12T03:24:38.4260174Z       "inkFractionInsidePaper": 0.03920194592988711,
ks-21-6614-conviction-set	Print the verdict and the page digests to the log	2026-09-12T03:24:38.4260634Z       "nonblank": true,
ks-21-6614-conviction-set	Print the verdict and the page digests to the log	2026-09-12T03:24:38.4260975Z       "croppedToThePage": true
ks-21-6614-conviction-set	Print the verdict and the page digests to the log	2026-09-12T03:24:38.4261274Z     },
ks-21-6614-conviction-set	Print the verdict and the page digests to the log	2026-09-12T03:24:38.4261596Z     {
ks-21-6614-conviction-set	Print the verdict and the page digests to the log	2026-09-12T03:24:38.4261893Z       "kind": "canonical",
ks-21-6614-conviction-set	Print the verdict and the page digests to the log	2026-09-12T03:24:38.4262252Z       "document": "canonical.pdf",
ks-21-6614-conviction-set	Print the verdict and the page digests to the log	2026-09-12T03:24:38.4262572Z       "page": 13,
ks-21-6614-conviction-set	Print the verdict and the page digests to the log	2026-09-12T03:24:38.4262938Z       "png": "ks-21-6614-conviction-set/canonical/page-013.png",
ks-21-6614-conviction-set	Print the verdict and the page digests to the log	2026-09-12T03:24:38.4263349Z       "bytes": 292762,
ks-21-6614-conviction-set	Print the verdict and the page digests to the log	2026-09-12T03:24:38.4263869Z       "pngSha256": "9b76c2c68e55dc7d05a69aa20d6e2c1434900621869295c8ef7a8f30b1e24f4e",
ks-21-6614-conviction-set	Print the verdict and the page digests to the log	2026-09-12T03:24:38.4264359Z       "pngWidth": 2040,
ks-21-6614-conviction-set	Print the verdict and the page digests to the log	2026-09-12T03:24:38.4264792Z       "pngHeight": 2640,
ks-21-6614-conviction-set	Print the verdict and the page digests to the log	2026-09-12T03:24:38.4265091Z       "paper": {
ks-21-6614-conviction-set	Print the verdict and the page digests to the log	2026-09-12T03:24:38.4265401Z         "x0": 204,
ks-21-6614-conviction-set	Print the verdict and the page digests to the log	2026-09-12T03:24:38.4265700Z         "y0": 3,
ks-21-6614-conviction-set	Print the verdict and the page digests to the log	2026-09-12T03:24:38.4266013Z         "x1": 2243,
ks-21-6614-conviction-set	Print the verdict and the page digests to the log	2026-09-12T03:24:38.4266287Z         "y1": 2642,
ks-21-6614-conviction-set	Print the verdict and the page digests to the log	2026-09-12T03:24:38.4266565Z         "width": 2040,
ks-21-6614-conviction-set	Print the verdict and the page digests to the log	2026-09-12T03:24:38.4266890Z         "height": 2640
ks-21-6614-conviction-set	Print the verdict and the page digests to the log	2026-09-12T03:24:38.4267179Z       },
ks-21-6614-conviction-set	Print the verdict and the page digests to the log	2026-09-12T03:24:38.4267621Z       "pxPerPt": 3.3333333333333335,
ks-21-6614-conviction-set	Print the verdict and the page digests to the log	2026-09-12T03:24:38.4267979Z       "expectedPxPerPt": 3.333333333333333,
ks-21-6614-conviction-set	Print the verdict and the page digests to the log	2026-09-12T03:24:38.4268326Z       "pageWidthPt": 612,
ks-21-6614-conviction-set	Print the verdict and the page digests to the log	2026-09-12T03:24:38.4268680Z       "pageHeightPt": 792,
ks-21-6614-conviction-set	Print the verdict and the page digests to the log	2026-09-12T03:24:38.4268991Z       "expectedPx": {
ks-21-6614-conviction-set	Print the verdict and the page digests to the log	2026-09-12T03:24:38.4269352Z         "width": 2039.9999999999998,
ks-21-6614-conviction-set	Print the verdict and the page digests to the log	2026-09-12T03:24:38.4269698Z         "height": 2639.9999999999995,
ks-21-6614-conviction-set	Print the verdict and the page digests to the log	2026-09-12T03:24:38.4270058Z         "tolerancePx": 6.666666666666666
ks-21-6614-conviction-set	Print the verdict and the page digests to the log	2026-09-12T03:24:38.4270415Z       },
ks-21-6614-conviction-set	Print the verdict and the page digests to the log	2026-09-12T03:24:38.4270941Z       "calibrationResidualPx": 0,
ks-21-6614-conviction-set	Print the verdict and the page digests to the log	2026-09-12T03:24:38.4271397Z       "inkFractionInsidePaper": 0.033933637849079025,
ks-21-6614-conviction-set	Print the verdict and the page digests to the log	2026-09-12T03:24:38.4271763Z       "nonblank": true,
ks-21-6614-conviction-set	Print the verdict and the page digests to the log	2026-09-12T03:24:38.4272116Z       "croppedToThePage": true
ks-21-6614-conviction-set	Print the verdict and the page digests to the log	2026-09-12T03:24:38.4272439Z     },
ks-21-6614-conviction-set	Print the verdict and the page digests to the log	2026-09-12T03:24:38.4272707Z     {
ks-21-6614-conviction-set	Print the verdict and the page digests to the log	2026-09-12T03:24:38.4273002Z       "kind": "canonical",
ks-21-6614-conviction-set	Print the verdict and the page digests to the log	2026-09-12T03:24:38.4273367Z       "document": "canonical.pdf",
ks-21-6614-conviction-set	Print the verdict and the page digests to the log	2026-09-12T03:24:38.4273717Z       "page": 14,
ks-21-6614-conviction-set	Print the verdict and the page digests to the log	2026-09-12T03:24:38.4274104Z       "png": "ks-21-6614-conviction-set/canonical/page-014.png",
ks-21-6614-conviction-set	Print the verdict and the page digests to the log	2026-09-12T03:24:38.4274490Z       "bytes": 223250,
ks-21-6614-conviction-set	Print the verdict and the page digests to the log	2026-09-12T03:24:38.4275046Z       "pngSha256": "a3242dd783effeb31900b597ba0d16978883a4173d6b5d5ded83933ad085dc5d",
ks-21-6614-conviction-set	Print the verdict and the page digests to the log	2026-09-12T03:24:38.4275529Z       "pngWidth": 2040,
ks-21-6614-conviction-set	Print the verdict and the page digests to the log	2026-09-12T03:24:38.4275859Z       "pngHeight": 2640,
ks-21-6614-conviction-set	Print the verdict and the page digests to the log	2026-09-12T03:24:38.4276172Z       "paper": {
ks-21-6614-conviction-set	Print the verdict and the page digests to the log	2026-09-12T03:24:38.4276451Z         "x0": 204,
ks-21-6614-conviction-set	Print the verdict and the page digests to the log	2026-09-12T03:24:38.4276744Z         "y0": 3,
ks-21-6614-conviction-set	Print the verdict and the page digests to the log	2026-09-12T03:24:38.4277021Z         "x1": 2243,
ks-21-6614-conviction-set	Print the verdict and the page digests to the log	2026-09-12T03:24:38.4277356Z         "y1": 2642,
ks-21-6614-conviction-set	Print the verdict and the page digests to the log	2026-09-12T03:24:38.4277639Z         "width": 2040,
ks-21-6614-conviction-set	Print the verdict and the page digests to the log	2026-09-12T03:24:38.4277931Z         "height": 2640
ks-21-6614-conviction-set	Print the verdict and the page digests to the log	2026-09-12T03:24:38.4278227Z       },
ks-21-6614-conviction-set	Print the verdict and the page digests to the log	2026-09-12T03:24:38.4278517Z       "pxPerPt": 3.3333333333333335,
ks-21-6614-conviction-set	Print the verdict and the page digests to the log	2026-09-12T03:24:38.4278884Z       "expectedPxPerPt": 3.333333333333333,
ks-21-6614-conviction-set	Print the verdict and the page digests to the log	2026-09-12T03:24:38.4279288Z       "pageWidthPt": 612,
ks-21-6614-conviction-set	Print the verdict and the page digests to the log	2026-09-12T03:24:38.4279604Z       "pageHeightPt": 792,
ks-21-6614-conviction-set	Print the verdict and the page digests to the log	2026-09-12T03:24:38.4279934Z       "expectedPx": {
ks-21-6614-conviction-set	Print the verdict and the page digests to the log	2026-09-12T03:24:38.4280269Z         "width": 2039.9999999999998,
ks-21-6614-conviction-set	Print the verdict and the page digests to the log	2026-09-12T03:24:38.4280854Z         "height": 2639.9999999999995,
ks-21-6614-conviction-set	Print the verdict and the page digests to the log	2026-09-12T03:24:38.4281303Z         "tolerancePx": 6.666666666666666
ks-21-6614-conviction-set	Print the verdict and the page digests to the log	2026-09-12T03:24:38.4281624Z       },
ks-21-6614-conviction-set	Print the verdict and the page digests to the log	2026-09-12T03:24:38.4281942Z       "calibrationResidualPx": 0,
ks-21-6614-conviction-set	Print the verdict and the page digests to the log	2026-09-12T03:24:38.4282353Z       "inkFractionInsidePaper": 0.01932208110516934,
ks-21-6614-conviction-set	Print the verdict and the page digests to the log	2026-09-12T03:24:38.4282700Z       "nonblank": true,
ks-21-6614-conviction-set	Print the verdict and the page digests to the log	2026-09-12T03:24:38.4283049Z       "croppedToThePage": true
ks-21-6614-conviction-set	Print the verdict and the page digests to the log	2026-09-12T03:24:38.4283395Z     },
ks-21-6614-conviction-set	Print the verdict and the page digests to the log	2026-09-12T03:24:38.4283665Z     {
ks-21-6614-conviction-set	Print the verdict and the page digests to the log	2026-09-12T03:24:38.4283960Z       "kind": "canonical",
ks-21-6614-conviction-set	Print the verdict and the page digests to the log	2026-09-12T03:24:38.4284278Z       "document": "canonical.pdf",
ks-21-6614-conviction-set	Print the verdict and the page digests to the log	2026-09-12T03:24:38.4284631Z       "page": 15,
ks-21-6614-conviction-set	Print the verdict and the page digests to the log	2026-09-12T03:24:38.4285042Z       "png": "ks-21-6614-conviction-set/canonical/page-015.png",
ks-21-6614-conviction-set	Print the verdict and the page digests to the log	2026-09-12T03:24:38.4285440Z       "bytes": 299539,
ks-21-6614-conviction-set	Print the verdict and the page digests to the log	2026-09-12T03:24:38.4285921Z       "pngSha256": "2d0ad0278f8d7b4429787c1019742558142bbeee9f7e7c924ae83555d1aa59d5",
ks-21-6614-conviction-set	Print the verdict and the page digests to the log	2026-09-12T03:24:38.4286362Z       "pngWidth": 2040,
ks-21-6614-conviction-set	Print the verdict and the page digests to the log	2026-09-12T03:24:38.4286686Z       "pngHeight": 2640,
ks-21-6614-conviction-set	Print the verdict and the page digests to the log	2026-09-12T03:24:38.4287021Z       "paper": {
ks-21-6614-conviction-set	Print the verdict and the page digests to the log	2026-09-12T03:24:38.4287322Z         "x0": 204,
ks-21-6614-conviction-set	Print the verdict and the page digests to the log	2026-09-12T03:24:38.4287620Z         "y0": 3,
ks-21-6614-conviction-set	Print the verdict and the page digests to the log	2026-09-12T03:24:38.4287877Z         "x1": 2243,
ks-21-6614-conviction-set	Print the verdict and the page digests to the log	2026-09-12T03:24:38.4288178Z         "y1": 2642,
ks-21-6614-conviction-set	Print the verdict and the page digests to the log	2026-09-12T03:24:38.4288460Z         "width": 2040,
ks-21-6614-conviction-set	Print the verdict and the page digests to the log	2026-09-12T03:24:38.4288803Z         "height": 2640
ks-21-6614-conviction-set	Print the verdict and the page digests to the log	2026-09-12T03:24:38.4289110Z       },
ks-21-6614-conviction-set	Print the verdict and the page digests to the log	2026-09-12T03:24:38.4289399Z       "pxPerPt": 3.3333333333333335,
ks-21-6614-conviction-set	Print the verdict and the page digests to the log	2026-09-12T03:24:38.4289804Z       "expectedPxPerPt": 3.333333333333333,
ks-21-6614-conviction-set	Print the verdict and the page digests to the log	2026-09-12T03:24:38.4290151Z       "pageWidthPt": 612,
ks-21-6614-conviction-set	Print the verdict and the page digests to the log	2026-09-12T03:24:38.4290460Z       "pageHeightPt": 792,
ks-21-6614-conviction-set	Print the verdict and the page digests to the log	2026-09-12T03:24:38.4291015Z       "expectedPx": {
ks-21-6614-conviction-set	Print the verdict and the page digests to the log	2026-09-12T03:24:38.4291315Z         "width": 2039.9999999999998,
ks-21-6614-conviction-set	Print the verdict and the page digests to the log	2026-09-12T03:24:38.4414744Z         "height": 2639.9999999999995,
ks-21-6614-conviction-set	Print the verdict and the page digests to the log	2026-09-12T03:24:38.4415205Z         "tolerancePx": 6.666666666666666
ks-21-6614-conviction-set	Print the verdict and the page digests to the log	2026-09-12T03:24:38.4415876Z       },
ks-21-6614-conviction-set	Print the verdict and the page digests to the log	2026-09-12T03:24:38.4416165Z       "calibrationResidualPx": 0,
ks-21-6614-conviction-set	Print the verdict and the page digests to the log	2026-09-12T03:24:38.4416579Z       "inkFractionInsidePaper": 0.03320818478906714,
ks-21-6614-conviction-set	Print the verdict and the page digests to the log	2026-09-12T03:24:38.4416958Z       "nonblank": true,
ks-21-6614-conviction-set	Print the verdict and the page digests to the log	2026-09-12T03:24:38.4417306Z       "croppedToThePage": true
ks-21-6614-conviction-set	Print the verdict and the page digests to the log	2026-09-12T03:24:38.4417625Z     },
ks-21-6614-conviction-set	Print the verdict and the page digests to the log	2026-09-12T03:24:38.4417849Z     {
ks-21-6614-conviction-set	Print the verdict and the page digests to the log	2026-09-12T03:24:38.4418111Z       "kind": "canonical",
ks-21-6614-conviction-set	Print the verdict and the page digests to the log	2026-09-12T03:24:38.4418535Z       "document": "canonical.pdf",
ks-21-6614-conviction-set	Print the verdict and the page digests to the log	2026-09-12T03:24:38.4418882Z       "page": 16,
ks-21-6614-conviction-set	Print the verdict and the page digests to the log	2026-09-12T03:24:38.4419310Z       "png": "ks-21-6614-conviction-set/canonical/page-016.png",
ks-21-6614-conviction-set	Print the verdict and the page digests to the log	2026-09-12T03:24:38.4419766Z       "bytes": 208521,
ks-21-6614-conviction-set	Print the verdict and the page digests to the log	2026-09-12T03:24:38.4420360Z       "pngSha256": "b0e271add48b901c176083c7df7322c30bec7dda8fd3065124c9555c3329aa6a",
ks-21-6614-conviction-set	Print the verdict and the page digests to the log	2026-09-12T03:24:38.4421156Z       "pngWidth": 2040,
ks-21-6614-conviction-set	Print the verdict and the page digests to the log	2026-09-12T03:24:38.4421524Z       "pngHeight": 2640,
ks-21-6614-conviction-set	Print the verdict and the page digests to the log	2026-09-12T03:24:38.4421872Z       "paper": {
ks-21-6614-conviction-set	Print the verdict and the page digests to the log	2026-09-12T03:24:38.4422139Z         "x0": 204,
ks-21-6614-conviction-set	Print the verdict and the page digests to the log	2026-09-12T03:24:38.4422384Z         "y0": 3,
ks-21-6614-conviction-set	Print the verdict and the page digests to the log	2026-09-12T03:24:38.4422731Z         "x1": 2243,
ks-21-6614-conviction-set	Print the verdict and the page digests to the log	2026-09-12T03:24:38.4423004Z         "y1": 2642,
ks-21-6614-conviction-set	Print the verdict and the page digests to the log	2026-09-12T03:24:38.4423253Z         "width": 2040,
ks-21-6614-conviction-set	Print the verdict and the page digests to the log	2026-09-12T03:24:38.4423502Z         "height": 2640
ks-21-6614-conviction-set	Print the verdict and the page digests to the log	2026-09-12T03:24:38.4424035Z       },
ks-21-6614-conviction-set	Print the verdict and the page digests to the log	2026-09-12T03:24:38.4424306Z       "pxPerPt": 3.3333333333333335,
ks-21-6614-conviction-set	Print the verdict and the page digests to the log	2026-09-12T03:24:38.4424683Z       "expectedPxPerPt": 3.333333333333333,
ks-21-6614-conviction-set	Print the verdict and the page digests to the log	2026-09-12T03:24:38.4425036Z       "pageWidthPt": 612,
ks-21-6614-conviction-set	Print the verdict and the page digests to the log	2026-09-12T03:24:38.4425323Z       "pageHeightPt": 792,
ks-21-6614-conviction-set	Print the verdict and the page digests to the log	2026-09-12T03:24:38.4425609Z       "expectedPx": {
ks-21-6614-conviction-set	Print the verdict and the page digests to the log	2026-09-12T03:24:38.4425951Z         "width": 2039.9999999999998,
ks-21-6614-conviction-set	Print the verdict and the page digests to the log	2026-09-12T03:24:38.4426331Z         "height": 2639.9999999999995,
ks-21-6614-conviction-set	Print the verdict and the page digests to the log	2026-09-12T03:24:38.4426712Z         "tolerancePx": 6.666666666666666
ks-21-6614-conviction-set	Print the verdict and the page digests to the log	2026-09-12T03:24:38.4427059Z       },
ks-21-6614-conviction-set	Print the verdict and the page digests to the log	2026-09-12T03:24:38.4427400Z       "calibrationResidualPx": 0,
ks-21-6614-conviction-set	Print the verdict and the page digests to the log	2026-09-12T03:24:38.4427891Z       "inkFractionInsidePaper": 0.022265485739750446,
ks-21-6614-conviction-set	Print the verdict and the page digests to the log	2026-09-12T03:24:38.4428359Z       "nonblank": true,
ks-21-6614-conviction-set	Print the verdict and the page digests to the log	2026-09-12T03:24:38.4428714Z       "croppedToThePage": true
ks-21-6614-conviction-set	Print the verdict and the page digests to the log	2026-09-12T03:24:38.4429061Z     },
ks-21-6614-conviction-set	Print the verdict and the page digests to the log	2026-09-12T03:24:38.4429332Z     {
ks-21-6614-conviction-set	Print the verdict and the page digests to the log	2026-09-12T03:24:38.4429633Z       "kind": "canonical",
ks-21-6614-conviction-set	Print the verdict and the page digests to the log	2026-09-12T03:24:38.4430024Z       "document": "canonical.pdf",
ks-21-6614-conviction-set	Print the verdict and the page digests to the log	2026-09-12T03:24:38.4430411Z       "page": 17,
ks-21-6614-conviction-set	Print the verdict and the page digests to the log	2026-09-12T03:24:38.4431098Z       "png": "ks-21-6614-conviction-set/canonical/page-017.png",
ks-21-6614-conviction-set	Print the verdict and the page digests to the log	2026-09-12T03:24:38.4431597Z       "bytes": 100792,
ks-21-6614-conviction-set	Print the verdict and the page digests to the log	2026-09-12T03:24:38.4432191Z       "pngSha256": "168e8f82815a8a8d5279aa38783d289eef45a1f506c052e6994195246e0c1c50",
ks-21-6614-conviction-set	Print the verdict and the page digests to the log	2026-09-12T03:24:38.4432797Z       "pngWidth": 2040,
ks-21-6614-conviction-set	Print the verdict and the page digests to the log	2026-09-12T03:24:38.4433144Z       "pngHeight": 2640,
ks-21-6614-conviction-set	Print the verdict and the page digests to the log	2026-09-12T03:24:38.4433494Z       "paper": {
ks-21-6614-conviction-set	Print the verdict and the page digests to the log	2026-09-12T03:24:38.4433792Z         "x0": 204,
ks-21-6614-conviction-set	Print the verdict and the page digests to the log	2026-09-12T03:24:38.4434073Z         "y0": 3,
ks-21-6614-conviction-set	Print the verdict and the page digests to the log	2026-09-12T03:24:38.4434362Z         "x1": 2243,
ks-21-6614-conviction-set	Print the verdict and the page digests to the log	2026-09-12T03:24:38.4434657Z         "y1": 2642,
ks-21-6614-conviction-set	Print the verdict and the page digests to the log	2026-09-12T03:24:38.4434955Z         "width": 2040,
ks-21-6614-conviction-set	Print the verdict and the page digests to the log	2026-09-12T03:24:38.4435259Z         "height": 2640
ks-21-6614-conviction-set	Print the verdict and the page digests to the log	2026-09-12T03:24:38.4435539Z       },
ks-21-6614-conviction-set	Print the verdict and the page digests to the log	2026-09-12T03:24:38.4435872Z       "pxPerPt": 3.3333333333333335,
ks-21-6614-conviction-set	Print the verdict and the page digests to the log	2026-09-12T03:24:38.4436332Z       "expectedPxPerPt": 3.333333333333333,
ks-21-6614-conviction-set	Print the verdict and the page digests to the log	2026-09-12T03:24:38.4436727Z       "pageWidthPt": 612,
ks-21-6614-conviction-set	Print the verdict and the page digests to the log	2026-09-12T03:24:38.4437111Z       "pageHeightPt": 792,
ks-21-6614-conviction-set	Print the verdict and the page digests to the log	2026-09-12T03:24:38.4437419Z       "expectedPx": {
ks-21-6614-conviction-set	Print the verdict and the page digests to the log	2026-09-12T03:24:38.4437753Z         "width": 2039.9999999999998,
ks-21-6614-conviction-set	Print the verdict and the page digests to the log	2026-09-12T03:24:38.4438130Z         "height": 2639.9999999999995,
ks-21-6614-conviction-set	Print the verdict and the page digests to the log	2026-09-12T03:24:38.4438548Z         "tolerancePx": 6.666666666666666
ks-21-6614-conviction-set	Print the verdict and the page digests to the log	2026-09-12T03:24:38.4438931Z       },
ks-21-6614-conviction-set	Print the verdict and the page digests to the log	2026-09-12T03:24:38.4439275Z       "calibrationResidualPx": 0,
ks-21-6614-conviction-set	Print the verdict and the page digests to the log	2026-09-12T03:24:38.4439764Z       "inkFractionInsidePaper": 0.006580696672608437,
ks-21-6614-conviction-set	Print the verdict and the page digests to the log	2026-09-12T03:24:38.4440227Z       "nonblank": true,
ks-21-6614-conviction-set	Print the verdict and the page digests to the log	2026-09-12T03:24:38.4440783Z       "croppedToThePage": true
ks-21-6614-conviction-set	Print the verdict and the page digests to the log	2026-09-12T03:24:38.4441149Z     },
ks-21-6614-conviction-set	Print the verdict and the page digests to the log	2026-09-12T03:24:38.4441409Z     {
ks-21-6614-conviction-set	Print the verdict and the page digests to the log	2026-09-12T03:24:38.4441709Z       "kind": "canonical",
ks-21-6614-conviction-set	Print the verdict and the page digests to the log	2026-09-12T03:24:38.4442116Z       "document": "canonical.pdf",
ks-21-6614-conviction-set	Print the verdict and the page digests to the log	2026-09-12T03:24:38.4442506Z       "page": 18,
ks-21-6614-conviction-set	Print the verdict and the page digests to the log	2026-09-12T03:24:38.4443255Z       "png": "ks-21-6614-conviction-set/canonical/page-018.png",
ks-21-6614-conviction-set	Print the verdict and the page digests to the log	2026-09-12T03:24:38.4443744Z       "bytes": 402364,
ks-21-6614-conviction-set	Print the verdict and the page digests to the log	2026-09-12T03:24:38.4444359Z       "pngSha256": "2c9ab513185a65dfe1fb93d3de9897ffb79a4468f0bfb138f77fad170bd12990",
ks-21-6614-conviction-set	Print the verdict and the page digests to the log	2026-09-12T03:24:38.4444920Z       "pngWidth": 2040,
ks-21-6614-conviction-set	Print the verdict and the page digests to the log	2026-09-12T03:24:38.4445235Z       "pngHeight": 2640,
ks-21-6614-conviction-set	Print the verdict and the page digests to the log	2026-09-12T03:24:38.4445529Z       "paper": {
ks-21-6614-conviction-set	Print the verdict and the page digests to the log	2026-09-12T03:24:38.4445794Z         "x0": 204,
ks-21-6614-conviction-set	Print the verdict and the page digests to the log	2026-09-12T03:24:38.4446055Z         "y0": 3,
ks-21-6614-conviction-set	Print the verdict and the page digests to the log	2026-09-12T03:24:38.4446287Z         "x1": 2243,
ks-21-6614-conviction-set	Print the verdict and the page digests to the log	2026-09-12T03:24:38.4446549Z         "y1": 2642,
ks-21-6614-conviction-set	Print the verdict and the page digests to the log	2026-09-12T03:24:38.4446800Z         "width": 2040,
ks-21-6614-conviction-set	Print the verdict and the page digests to the log	2026-09-12T03:24:38.4447071Z         "height": 2640
ks-21-6614-conviction-set	Print the verdict and the page digests to the log	2026-09-12T03:24:38.4447324Z       },
ks-21-6614-conviction-set	Print the verdict and the page digests to the log	2026-09-12T03:24:38.4447598Z       "pxPerPt": 3.3333333333333335,
ks-21-6614-conviction-set	Print the verdict and the page digests to the log	2026-09-12T03:24:38.4447958Z       "expectedPxPerPt": 3.333333333333333,
ks-21-6614-conviction-set	Print the verdict and the page digests to the log	2026-09-12T03:24:38.4448291Z       "pageWidthPt": 612,
ks-21-6614-conviction-set	Print the verdict and the page digests to the log	2026-09-12T03:24:38.4448514Z       "pageHeightPt": 792,
ks-21-6614-conviction-set	Print the verdict and the page digests to the log	2026-09-12T03:24:38.4448734Z       "expectedPx": {
ks-21-6614-conviction-set	Print the verdict and the page digests to the log	2026-09-12T03:24:38.4448964Z         "width": 2039.9999999999998,
ks-21-6614-conviction-set	Print the verdict and the page digests to the log	2026-09-12T03:24:38.4449229Z         "height": 2639.9999999999995,
ks-21-6614-conviction-set	Print the verdict and the page digests to the log	2026-09-12T03:24:38.4449490Z         "tolerancePx": 6.666666666666666
ks-21-6614-conviction-set	Print the verdict and the page digests to the log	2026-09-12T03:24:38.4449896Z       },
ks-21-6614-conviction-set	Print the verdict and the page digests to the log	2026-09-12T03:24:38.4450111Z       "calibrationResidualPx": 0,
ks-21-6614-conviction-set	Print the verdict and the page digests to the log	2026-09-12T03:24:38.4450410Z       "inkFractionInsidePaper": 0.04691677807486631,
ks-21-6614-conviction-set	Print the verdict and the page digests to the log	2026-09-12T03:24:38.4451300Z       "nonblank": true,
ks-21-6614-conviction-set	Print the verdict and the page digests to the log	2026-09-12T03:24:38.4451557Z       "croppedToThePage": true
ks-21-6614-conviction-set	Print the verdict and the page digests to the log	2026-09-12T03:24:38.4451791Z     },
ks-21-6614-conviction-set	Print the verdict and the page digests to the log	2026-09-12T03:24:38.4451971Z     {
ks-21-6614-conviction-set	Print the verdict and the page digests to the log	2026-09-12T03:24:38.4452160Z       "kind": "canonical",
ks-21-6614-conviction-set	Print the verdict and the page digests to the log	2026-09-12T03:24:38.4452408Z       "document": "canonical.pdf",
ks-21-6614-conviction-set	Print the verdict and the page digests to the log	2026-09-12T03:24:38.4452643Z       "page": 19,
ks-21-6614-conviction-set	Print the verdict and the page digests to the log	2026-09-12T03:24:38.4452951Z       "png": "ks-21-6614-conviction-set/canonical/page-019.png",
ks-21-6614-conviction-set	Print the verdict and the page digests to the log	2026-09-12T03:24:38.4453256Z       "bytes": 465351,
ks-21-6614-conviction-set	Print the verdict and the page digests to the log	2026-09-12T03:24:38.4453628Z       "pngSha256": "b10d3b193f496a52f4c2226a0368de3403b367235d7350d49271ed098566766e",
ks-21-6614-conviction-set	Print the verdict and the page digests to the log	2026-09-12T03:24:38.4454000Z       "pngWidth": 2040,
ks-21-6614-conviction-set	Print the verdict and the page digests to the log	2026-09-12T03:24:38.4454218Z       "pngHeight": 2640,
ks-21-6614-conviction-set	Print the verdict and the page digests to the log	2026-09-12T03:24:38.4454437Z       "paper": {
ks-21-6614-conviction-set	Print the verdict and the page digests to the log	2026-09-12T03:24:38.4454632Z         "x0": 204,
ks-21-6614-conviction-set	Print the verdict and the page digests to the log	2026-09-12T03:24:38.4454826Z         "y0": 3,
ks-21-6614-conviction-set	Print the verdict and the page digests to the log	2026-09-12T03:24:38.4455014Z         "x1": 2243,
ks-21-6614-conviction-set	Print the verdict and the page digests to the log	2026-09-12T03:24:38.4455207Z         "y1": 2642,
ks-21-6614-conviction-set	Print the verdict and the page digests to the log	2026-09-12T03:24:38.4455401Z         "width": 2040,
ks-21-6614-conviction-set	Print the verdict and the page digests to the log	2026-09-12T03:24:38.4455608Z         "height": 2640
ks-21-6614-conviction-set	Print the verdict and the page digests to the log	2026-09-12T03:24:38.4455811Z       },
ks-21-6614-conviction-set	Print the verdict and the page digests to the log	2026-09-12T03:24:38.4456020Z       "pxPerPt": 3.3333333333333335,
ks-21-6614-conviction-set	Print the verdict and the page digests to the log	2026-09-12T03:24:38.4456295Z       "expectedPxPerPt": 3.333333333333333,
ks-21-6614-conviction-set	Print the verdict and the page digests to the log	2026-09-12T03:24:38.4456554Z       "pageWidthPt": 612,
ks-21-6614-conviction-set	Print the verdict and the page digests to the log	2026-09-12T03:24:38.4456774Z       "pageHeightPt": 792,
ks-21-6614-conviction-set	Print the verdict and the page digests to the log	2026-09-12T03:24:38.4456992Z       "expectedPx": {
ks-21-6614-conviction-set	Print the verdict and the page digests to the log	2026-09-12T03:24:38.4457219Z         "width": 2039.9999999999998,
ks-21-6614-conviction-set	Print the verdict and the page digests to the log	2026-09-12T03:24:38.4457471Z         "height": 2639.9999999999995,
ks-21-6614-conviction-set	Print the verdict and the page digests to the log	2026-09-12T03:24:38.4457737Z         "tolerancePx": 6.666666666666666
ks-21-6614-conviction-set	Print the verdict and the page digests to the log	2026-09-12T03:24:38.4457965Z       },
ks-21-6614-conviction-set	Print the verdict and the page digests to the log	2026-09-12T03:24:38.4458184Z       "calibrationResidualPx": 0,
ks-21-6614-conviction-set	Print the verdict and the page digests to the log	2026-09-12T03:24:38.4458488Z       "inkFractionInsidePaper": 0.053242164289958406,
ks-21-6614-conviction-set	Print the verdict and the page digests to the log	2026-09-12T03:24:38.4458759Z       "nonblank": true,
ks-21-6614-conviction-set	Print the verdict and the page digests to the log	2026-09-12T03:24:38.4458996Z       "croppedToThePage": true
ks-21-6614-conviction-set	Print the verdict and the page digests to the log	2026-09-12T03:24:38.4459215Z     },
ks-21-6614-conviction-set	Print the verdict and the page digests to the log	2026-09-12T03:24:38.4459386Z     {
ks-21-6614-conviction-set	Print the verdict and the page digests to the log	2026-09-12T03:24:38.4459571Z       "kind": "canonical",
ks-21-6614-conviction-set	Print the verdict and the page digests to the log	2026-09-12T03:24:38.4459825Z       "document": "canonical.pdf",
ks-21-6614-conviction-set	Print the verdict and the page digests to the log	2026-09-12T03:24:38.4460057Z       "page": 20,
ks-21-6614-conviction-set	Print the verdict and the page digests to the log	2026-09-12T03:24:38.4460340Z       "png": "ks-21-6614-conviction-set/canonical/page-020.png",
ks-21-6614-conviction-set	Print the verdict and the page digests to the log	2026-09-12T03:24:38.4460813Z       "bytes": 76077,
ks-21-6614-conviction-set	Print the verdict and the page digests to the log	2026-09-12T03:24:38.4461189Z       "pngSha256": "5e12a88b93c45980d64e7720d99595dff8f98cd0abfe9221e9cf2093f848e90b",
ks-21-6614-conviction-set	Print the verdict and the page digests to the log	2026-09-12T03:24:38.4461557Z       "pngWidth": 2040,
ks-21-6614-conviction-set	Print the verdict and the page digests to the log	2026-09-12T03:24:38.4461776Z       "pngHeight": 2640,
ks-21-6614-conviction-set	Print the verdict and the page digests to the log	2026-09-12T03:24:38.4461984Z       "paper": {
ks-21-6614-conviction-set	Print the verdict and the page digests to the log	2026-09-12T03:24:38.4462174Z         "x0": 204,
ks-21-6614-conviction-set	Print the verdict and the page digests to the log	2026-09-12T03:24:38.4462364Z         "y0": 3,
ks-21-6614-conviction-set	Print the verdict and the page digests to the log	2026-09-12T03:24:38.4462655Z         "x1": 2243,
ks-21-6614-conviction-set	Print the verdict and the page digests to the log	2026-09-12T03:24:38.4462842Z         "y1": 2642,
ks-21-6614-conviction-set	Print the verdict and the page digests to the log	2026-09-12T03:24:38.4463039Z         "width": 2040,
ks-21-6614-conviction-set	Print the verdict and the page digests to the log	2026-09-12T03:24:38.4463246Z         "height": 2640
ks-21-6614-conviction-set	Print the verdict and the page digests to the log	2026-09-12T03:24:38.4463453Z       },
ks-21-6614-conviction-set	Print the verdict and the page digests to the log	2026-09-12T03:24:38.4463667Z       "pxPerPt": 3.3333333333333335,
ks-21-6614-conviction-set	Print the verdict and the page digests to the log	2026-09-12T03:24:38.4463946Z       "expectedPxPerPt": 3.333333333333333,
ks-21-6614-conviction-set	Print the verdict and the page digests to the log	2026-09-12T03:24:38.4464205Z       "pageWidthPt": 612,
ks-21-6614-conviction-set	Print the verdict and the page digests to the log	2026-09-12T03:24:38.4464435Z       "pageHeightPt": 792,
ks-21-6614-conviction-set	Print the verdict and the page digests to the log	2026-09-12T03:24:38.4464656Z       "expectedPx": {
ks-21-6614-conviction-set	Print the verdict and the page digests to the log	2026-09-12T03:24:38.4464881Z         "width": 2039.9999999999998,
ks-21-6614-conviction-set	Print the verdict and the page digests to the log	2026-09-12T03:24:38.4465143Z         "height": 2639.9999999999995,
ks-21-6614-conviction-set	Print the verdict and the page digests to the log	2026-09-12T03:24:38.4465407Z         "tolerancePx": 6.666666666666666
ks-21-6614-conviction-set	Print the verdict and the page digests to the log	2026-09-12T03:24:38.4465643Z       },
ks-21-6614-conviction-set	Print the verdict and the page digests to the log	2026-09-12T03:24:38.4465869Z       "calibrationResidualPx": 0,
ks-21-6614-conviction-set	Print the verdict and the page digests to the log	2026-09-12T03:24:38.4466167Z       "inkFractionInsidePaper": 0.005459744503862151,
ks-21-6614-conviction-set	Print the verdict and the page digests to the log	2026-09-12T03:24:38.4466458Z       "nonblank": true,
ks-21-6614-conviction-set	Print the verdict and the page digests to the log	2026-09-12T03:24:38.4466702Z       "croppedToThePage": true
ks-21-6614-conviction-set	Print the verdict and the page digests to the log	2026-09-12T03:24:38.4466931Z     },
ks-21-6614-conviction-set	Print the verdict and the page digests to the log	2026-09-12T03:24:38.4467111Z     {
ks-21-6614-conviction-set	Print the verdict and the page digests to the log	2026-09-12T03:24:38.4467311Z       "kind": "boundary",
ks-21-6614-conviction-set	Print the verdict and the page digests to the log	2026-09-12T03:24:38.4467556Z       "document": "boundary.pdf",
ks-21-6614-conviction-set	Print the verdict and the page digests to the log	2026-09-12T03:24:38.4467930Z       "page": 1,
ks-21-6614-conviction-set	Print the verdict and the page digests to the log	2026-09-12T03:24:38.4468229Z       "png": "ks-21-6614-conviction-set/boundary/page-001.png",
ks-21-6614-conviction-set	Print the verdict and the page digests to the log	2026-09-12T03:24:38.4468538Z       "bytes": 325670,
ks-21-6614-conviction-set	Print the verdict and the page digests to the log	2026-09-12T03:24:38.4468930Z       "pngSha256": "1eb8105dd85835c119ffbeafae4cb1c0e71978e1cc8f23f7a56ce71666f62764",
ks-21-6614-conviction-set	Print the verdict and the page digests to the log	2026-09-12T03:24:38.4469318Z       "pngWidth": 2040,
ks-21-6614-conviction-set	Print the verdict and the page digests to the log	2026-09-12T03:24:38.4469541Z       "pngHeight": 2640,
ks-21-6614-conviction-set	Print the verdict and the page digests to the log	2026-09-12T03:24:38.4469760Z       "paper": {
ks-21-6614-conviction-set	Print the verdict and the page digests to the log	2026-09-12T03:24:38.4469961Z         "x0": 204,
ks-21-6614-conviction-set	Print the verdict and the page digests to the log	2026-09-12T03:24:38.4470152Z         "y0": 3,
ks-21-6614-conviction-set	Print the verdict and the page digests to the log	2026-09-12T03:24:38.4470348Z         "x1": 2243,
ks-21-6614-conviction-set	Print the verdict and the page digests to the log	2026-09-12T03:24:38.4470669Z         "y1": 2642,
ks-21-6614-conviction-set	Print the verdict and the page digests to the log	2026-09-12T03:24:38.4470919Z         "width": 2040,
ks-21-6614-conviction-set	Print the verdict and the page digests to the log	2026-09-12T03:24:38.4471129Z         "height": 2640
ks-21-6614-conviction-set	Print the verdict and the page digests to the log	2026-09-12T03:24:38.4471331Z       },
ks-21-6614-conviction-set	Print the verdict and the page digests to the log	2026-09-12T03:24:38.4471544Z       "pxPerPt": 3.3333333333333335,
ks-21-6614-conviction-set	Print the verdict and the page digests to the log	2026-09-12T03:24:38.4471839Z       "expectedPxPerPt": 3.333333333333333,
ks-21-6614-conviction-set	Print the verdict and the page digests to the log	2026-09-12T03:24:38.4472103Z       "pageWidthPt": 612,
ks-21-6614-conviction-set	Print the verdict and the page digests to the log	2026-09-12T03:24:38.4472335Z       "pageHeightPt": 792,
ks-21-6614-conviction-set	Print the verdict and the page digests to the log	2026-09-12T03:24:38.4472567Z       "expectedPx": {
ks-21-6614-conviction-set	Print the verdict and the page digests to the log	2026-09-12T03:24:38.4472797Z         "width": 2039.9999999999998,
ks-21-6614-conviction-set	Print the verdict and the page digests to the log	2026-09-12T03:24:38.4473055Z         "height": 2639.9999999999995,
ks-21-6614-conviction-set	Print the verdict and the page digests to the log	2026-09-12T03:24:38.4473332Z         "tolerancePx": 6.666666666666666
ks-21-6614-conviction-set	Print the verdict and the page digests to the log	2026-09-12T03:24:38.4473568Z       },
ks-21-6614-conviction-set	Print the verdict and the page digests to the log	2026-09-12T03:24:38.4473782Z       "calibrationResidualPx": 0,
ks-21-6614-conviction-set	Print the verdict and the page digests to the log	2026-09-12T03:24:38.4474088Z       "inkFractionInsidePaper": 0.05909777926322044,
ks-21-6614-conviction-set	Print the verdict and the page digests to the log	2026-09-12T03:24:38.4474366Z       "nonblank": true,
ks-21-6614-conviction-set	Print the verdict and the page digests to the log	2026-09-12T03:24:38.4474605Z       "croppedToThePage": true
ks-21-6614-conviction-set	Print the verdict and the page digests to the log	2026-09-12T03:24:38.4474840Z     },
ks-21-6614-conviction-set	Print the verdict and the page digests to the log	2026-09-12T03:24:38.4475019Z     {
ks-21-6614-conviction-set	Print the verdict and the page digests to the log	2026-09-12T03:24:38.4475208Z       "kind": "boundary",
ks-21-6614-conviction-set	Print the verdict and the page digests to the log	2026-09-12T03:24:38.4475451Z       "document": "boundary.pdf",
ks-21-6614-conviction-set	Print the verdict and the page digests to the log	2026-09-12T03:24:38.4475683Z       "page": 2,
ks-21-6614-conviction-set	Print the verdict and the page digests to the log	2026-09-12T03:24:38.4475972Z       "png": "ks-21-6614-conviction-set/boundary/page-002.png",
ks-21-6614-conviction-set	Print the verdict and the page digests to the log	2026-09-12T03:24:38.4476285Z       "bytes": 280806,
ks-21-6614-conviction-set	Print the verdict and the page digests to the log	2026-09-12T03:24:38.4476671Z       "pngSha256": "af24c9dbda28bfb1c6c909d43cffbf0646fe10e673e5afec8fe2f5318ec1102e",
ks-21-6614-conviction-set	Print the verdict and the page digests to the log	2026-09-12T03:24:38.4477071Z       "pngWidth": 2040,
ks-21-6614-conviction-set	Print the verdict and the page digests to the log	2026-09-12T03:24:38.4477294Z       "pngHeight": 2640,
ks-21-6614-conviction-set	Print the verdict and the page digests to the log	2026-09-12T03:24:38.4477510Z       "paper": {
ks-21-6614-conviction-set	Print the verdict and the page digests to the log	2026-09-12T03:24:38.4477706Z         "x0": 204,
ks-21-6614-conviction-set	Print the verdict and the page digests to the log	2026-09-12T03:24:38.4477907Z         "y0": 3,
ks-21-6614-conviction-set	Print the verdict and the page digests to the log	2026-09-12T03:24:38.4478096Z         "x1": 2243,
ks-21-6614-conviction-set	Print the verdict and the page digests to the log	2026-09-12T03:24:38.4478289Z         "y1": 2642,
ks-21-6614-conviction-set	Print the verdict and the page digests to the log	2026-09-12T03:24:38.4478485Z         "width": 2040,
ks-21-6614-conviction-set	Print the verdict and the page digests to the log	2026-09-12T03:24:38.4478690Z         "height": 2640
ks-21-6614-conviction-set	Print the verdict and the page digests to the log	2026-09-12T03:24:38.4478888Z       },
ks-21-6614-conviction-set	Print the verdict and the page digests to the log	2026-09-12T03:24:38.4479109Z       "pxPerPt": 3.3333333333333335,
ks-21-6614-conviction-set	Print the verdict and the page digests to the log	2026-09-12T03:24:38.4479382Z       "expectedPxPerPt": 3.333333333333333,
ks-21-6614-conviction-set	Print the verdict and the page digests to the log	2026-09-12T03:24:38.4479641Z       "pageWidthPt": 612,
ks-21-6614-conviction-set	Print the verdict and the page digests to the log	2026-09-12T03:24:38.4479867Z       "pageHeightPt": 792,
ks-21-6614-conviction-set	Print the verdict and the page digests to the log	2026-09-12T03:24:38.4480093Z       "expectedPx": {
ks-21-6614-conviction-set	Print the verdict and the page digests to the log	2026-09-12T03:24:38.4480412Z         "width": 2039.9999999999998,
ks-21-6614-conviction-set	Print the verdict and the page digests to the log	2026-09-12T03:24:38.4480865Z         "height": 2639.9999999999995,
ks-21-6614-conviction-set	Print the verdict and the page digests to the log	2026-09-12T03:24:38.4481142Z         "tolerancePx": 6.666666666666666
ks-21-6614-conviction-set	Print the verdict and the page digests to the log	2026-09-12T03:24:38.4481386Z       },
ks-21-6614-conviction-set	Print the verdict and the page digests to the log	2026-09-12T03:24:38.4481602Z       "calibrationResidualPx": 0,
ks-21-6614-conviction-set	Print the verdict and the page digests to the log	2026-09-12T03:24:38.4481901Z       "inkFractionInsidePaper": 0.028802547534165182,
ks-21-6614-conviction-set	Print the verdict and the page digests to the log	2026-09-12T03:24:38.4482181Z       "nonblank": true,
ks-21-6614-conviction-set	Print the verdict and the page digests to the log	2026-09-12T03:24:38.4482430Z       "croppedToThePage": true
ks-21-6614-conviction-set	Print the verdict and the page digests to the log	2026-09-12T03:24:38.4482650Z     },
ks-21-6614-conviction-set	Print the verdict and the page digests to the log	2026-09-12T03:24:38.4482829Z     {
ks-21-6614-conviction-set	Print the verdict and the page digests to the log	2026-09-12T03:24:38.4483016Z       "kind": "boundary",
ks-21-6614-conviction-set	Print the verdict and the page digests to the log	2026-09-12T03:24:38.4483255Z       "document": "boundary.pdf",
ks-21-6614-conviction-set	Print the verdict and the page digests to the log	2026-09-12T03:24:38.4483484Z       "page": 3,
ks-21-6614-conviction-set	Print the verdict and the page digests to the log	2026-09-12T03:24:38.4483784Z       "png": "ks-21-6614-conviction-set/boundary/page-003.png",
ks-21-6614-conviction-set	Print the verdict and the page digests to the log	2026-09-12T03:24:38.4484082Z       "bytes": 319746,
ks-21-6614-conviction-set	Print the verdict and the page digests to the log	2026-09-12T03:24:38.4484460Z       "pngSha256": "b507fef0ee7cec28baf72d29630043a842ee83baf9e9342aecc2a3f85f1d6060",
ks-21-6614-conviction-set	Print the verdict and the page digests to the log	2026-09-12T03:24:38.4484844Z       "pngWidth": 2040,
ks-21-6614-conviction-set	Print the verdict and the page digests to the log	2026-09-12T03:24:38.4485062Z       "pngHeight": 2640,
ks-21-6614-conviction-set	Print the verdict and the page digests to the log	2026-09-12T03:24:38.4485282Z       "paper": {
ks-21-6614-conviction-set	Print the verdict and the page digests to the log	2026-09-12T03:24:38.4485474Z         "x0": 204,
ks-21-6614-conviction-set	Print the verdict and the page digests to the log	2026-09-12T03:24:38.4485749Z         "y0": 3,
ks-21-6614-conviction-set	Print the verdict and the page digests to the log	2026-09-12T03:24:38.4485939Z         "x1": 2243,
ks-21-6614-conviction-set	Print the verdict and the page digests to the log	2026-09-12T03:24:38.4486130Z         "y1": 2642,
ks-21-6614-conviction-set	Print the verdict and the page digests to the log	2026-09-12T03:24:38.4486323Z         "width": 2040,
ks-21-6614-conviction-set	Print the verdict and the page digests to the log	2026-09-12T03:24:38.4486527Z         "height": 2640
ks-21-6614-conviction-set	Print the verdict and the page digests to the log	2026-09-12T03:24:38.4486732Z       },
ks-21-6614-conviction-set	Print the verdict and the page digests to the log	2026-09-12T03:24:38.4486944Z       "pxPerPt": 3.3333333333333335,
ks-21-6614-conviction-set	Print the verdict and the page digests to the log	2026-09-12T03:24:38.4487226Z       "expectedPxPerPt": 3.333333333333333,
ks-21-6614-conviction-set	Print the verdict and the page digests to the log	2026-09-12T03:24:38.4487486Z       "pageWidthPt": 612,
ks-21-6614-conviction-set	Print the verdict and the page digests to the log	2026-09-12T03:24:38.4487709Z       "pageHeightPt": 792,
ks-21-6614-conviction-set	Print the verdict and the page digests to the log	2026-09-12T03:24:38.4487932Z       "expectedPx": {
ks-21-6614-conviction-set	Print the verdict and the page digests to the log	2026-09-12T03:24:38.4488169Z         "width": 2039.9999999999998,
ks-21-6614-conviction-set	Print the verdict and the page digests to the log	2026-09-12T03:24:38.4488431Z         "height": 2639.9999999999995,
ks-21-6614-conviction-set	Print the verdict and the page digests to the log	2026-09-12T03:24:38.4488696Z         "tolerancePx": 6.666666666666666
ks-21-6614-conviction-set	Print the verdict and the page digests to the log	2026-09-12T03:24:38.4488932Z       },
ks-21-6614-conviction-set	Print the verdict and the page digests to the log	2026-09-12T03:24:38.4489149Z       "calibrationResidualPx": 0,
ks-21-6614-conviction-set	Print the verdict and the page digests to the log	2026-09-12T03:24:38.4489459Z       "inkFractionInsidePaper": 0.032503713606654785,
ks-21-6614-conviction-set	Print the verdict and the page digests to the log	2026-09-12T03:24:38.4489735Z       "nonblank": true,
ks-21-6614-conviction-set	Print the verdict and the page digests to the log	2026-09-12T03:24:38.4489975Z       "croppedToThePage": true
ks-21-6614-conviction-set	Print the verdict and the page digests to the log	2026-09-12T03:24:38.4490195Z     },
ks-21-6614-conviction-set	Print the verdict and the page digests to the log	2026-09-12T03:24:38.4490368Z     {
ks-21-6614-conviction-set	Print the verdict and the page digests to the log	2026-09-12T03:24:38.4490712Z       "kind": "boundary",
ks-21-6614-conviction-set	Print the verdict and the page digests to the log	2026-09-12T03:24:38.4490989Z       "document": "boundary.pdf",
ks-21-6614-conviction-set	Print the verdict and the page digests to the log	2026-09-12T03:24:38.4491227Z       "page": 4,
ks-21-6614-conviction-set	Print the verdict and the page digests to the log	2026-09-12T03:24:38.4491514Z       "png": "ks-21-6614-conviction-set/boundary/page-004.png",
ks-21-6614-conviction-set	Print the verdict and the page digests to the log	2026-09-12T03:24:38.4491814Z       "bytes": 164550,
ks-21-6614-conviction-set	Print the verdict and the page digests to the log	2026-09-12T03:24:38.4492189Z       "pngSha256": "46e5a137a8f8b544891fd4abbaa5f19b1c8436d955840c016519efe086449e68",
ks-21-6614-conviction-set	Print the verdict and the page digests to the log	2026-09-12T03:24:38.4492564Z       "pngWidth": 2040,
ks-21-6614-conviction-set	Print the verdict and the page digests to the log	2026-09-12T03:24:38.4492792Z       "pngHeight": 2640,
ks-21-6614-conviction-set	Print the verdict and the page digests to the log	2026-09-12T03:24:38.4493002Z       "paper": {
ks-21-6614-conviction-set	Print the verdict and the page digests to the log	2026-09-12T03:24:38.4493193Z         "x0": 204,
ks-21-6614-conviction-set	Print the verdict and the page digests to the log	2026-09-12T03:24:38.4493385Z         "y0": 3,
ks-21-6614-conviction-set	Print the verdict and the page digests to the log	2026-09-12T03:24:38.4493577Z         "x1": 2243,
ks-21-6614-conviction-set	Print the verdict and the page digests to the log	2026-09-12T03:24:38.4493775Z         "y1": 2642,
ks-21-6614-conviction-set	Print the verdict and the page digests to the log	2026-09-12T03:24:38.4493984Z         "width": 2040,
ks-21-6614-conviction-set	Print the verdict and the page digests to the log	2026-09-12T03:24:38.4494188Z         "height": 2640
ks-21-6614-conviction-set	Print the verdict and the page digests to the log	2026-09-12T03:24:38.4494387Z       },
ks-21-6614-conviction-set	Print the verdict and the page digests to the log	2026-09-12T03:24:38.4494602Z       "pxPerPt": 3.3333333333333335,
ks-21-6614-conviction-set	Print the verdict and the page digests to the log	2026-09-12T03:24:38.4494874Z       "expectedPxPerPt": 3.333333333333333,
ks-21-6614-conviction-set	Print the verdict and the page digests to the log	2026-09-12T03:24:38.4495132Z       "pageWidthPt": 612,
ks-21-6614-conviction-set	Print the verdict and the page digests to the log	2026-09-12T03:24:38.4495365Z       "pageHeightPt": 792,
ks-21-6614-conviction-set	Print the verdict and the page digests to the log	2026-09-12T03:24:38.4495616Z       "expectedPx": {
ks-21-6614-conviction-set	Print the verdict and the page digests to the log	2026-09-12T03:24:38.4495843Z         "width": 2039.9999999999998,
ks-21-6614-conviction-set	Print the verdict and the page digests to the log	2026-09-12T03:24:38.4496099Z         "height": 2639.9999999999995,
ks-21-6614-conviction-set	Print the verdict and the page digests to the log	2026-09-12T03:24:38.4496366Z         "tolerancePx": 6.666666666666666
ks-21-6614-conviction-set	Print the verdict and the page digests to the log	2026-09-12T03:24:38.4496599Z       },
ks-21-6614-conviction-set	Print the verdict and the page digests to the log	2026-09-12T03:24:38.4496821Z       "calibrationResidualPx": 0,
ks-21-6614-conviction-set	Print the verdict and the page digests to the log	2026-09-12T03:24:38.4497119Z       "inkFractionInsidePaper": 0.012945447118241235,
ks-21-6614-conviction-set	Print the verdict and the page digests to the log	2026-09-12T03:24:38.4497394Z       "nonblank": true,
ks-21-6614-conviction-set	Print the verdict and the page digests to the log	2026-09-12T03:24:38.4497633Z       "croppedToThePage": true
ks-21-6614-conviction-set	Print the verdict and the page digests to the log	2026-09-12T03:24:38.4497858Z     },
ks-21-6614-conviction-set	Print the verdict and the page digests to the log	2026-09-12T03:24:38.4498124Z     {
ks-21-6614-conviction-set	Print the verdict and the page digests to the log	2026-09-12T03:24:38.4498320Z       "kind": "boundary",
ks-21-6614-conviction-set	Print the verdict and the page digests to the log	2026-09-12T03:24:38.4498565Z       "document": "boundary.pdf",
ks-21-6614-conviction-set	Print the verdict and the page digests to the log	2026-09-12T03:24:38.4498800Z       "page": 5,
ks-21-6614-conviction-set	Print the verdict and the page digests to the log	2026-09-12T03:24:38.4499100Z       "png": "ks-21-6614-conviction-set/boundary/page-005.png",
ks-21-6614-conviction-set	Print the verdict and the page digests to the log	2026-09-12T03:24:38.4499398Z       "bytes": 442041,
ks-21-6614-conviction-set	Print the verdict and the page digests to the log	2026-09-12T03:24:38.4499776Z       "pngSha256": "0ae20ffea54c5527b45ebbde50fee100364d64fab8ae230749cfd9144bde7965",
ks-21-6614-conviction-set	Print the verdict and the page digests to the log	2026-09-12T03:24:38.4500163Z       "pngWidth": 2040,
ks-21-6614-conviction-set	Print the verdict and the page digests to the log	2026-09-12T03:24:38.4500378Z       "pngHeight": 2640,
ks-21-6614-conviction-set	Print the verdict and the page digests to the log	2026-09-12T03:24:38.4500741Z       "paper": {
ks-21-6614-conviction-set	Print the verdict and the page digests to the log	2026-09-12T03:24:38.4500953Z         "x0": 204,
ks-21-6614-conviction-set	Print the verdict and the page digests to the log	2026-09-12T03:24:38.4501148Z         "y0": 3,
ks-21-6614-conviction-set	Print the verdict and the page digests to the log	2026-09-12T03:24:38.4501342Z         "x1": 2243,
ks-21-6614-conviction-set	Print the verdict and the page digests to the log	2026-09-12T03:24:38.4501548Z         "y1": 2642,
ks-21-6614-conviction-set	Print the verdict and the page digests to the log	2026-09-12T03:24:38.4501745Z         "width": 2040,
ks-21-6614-conviction-set	Print the verdict and the page digests to the log	2026-09-12T03:24:38.4501954Z         "height": 2640
ks-21-6614-conviction-set	Print the verdict and the page digests to the log	2026-09-12T03:24:38.4502151Z       },
ks-21-6614-conviction-set	Print the verdict and the page digests to the log	2026-09-12T03:24:38.4502365Z       "pxPerPt": 3.3333333333333335,
ks-21-6614-conviction-set	Print the verdict and the page digests to the log	2026-09-12T03:24:38.4502648Z       "expectedPxPerPt": 3.333333333333333,
ks-21-6614-conviction-set	Print the verdict and the page digests to the log	2026-09-12T03:24:38.4502919Z       "pageWidthPt": 612,
ks-21-6614-conviction-set	Print the verdict and the page digests to the log	2026-09-12T03:24:38.4503147Z       "pageHeightPt": 792,
ks-21-6614-conviction-set	Print the verdict and the page digests to the log	2026-09-12T03:24:38.4503459Z       "expectedPx": {
ks-21-6614-conviction-set	Print the verdict and the page digests to the log	2026-09-12T03:24:38.4503689Z         "width": 2039.9999999999998,
ks-21-6614-conviction-set	Print the verdict and the page digests to the log	2026-09-12T03:24:38.4503947Z         "height": 2639.9999999999995,
ks-21-6614-conviction-set	Print the verdict and the page digests to the log	2026-09-12T03:24:38.4504214Z         "tolerancePx": 6.666666666666666
ks-21-6614-conviction-set	Print the verdict and the page digests to the log	2026-09-12T03:24:38.4504491Z       },
ks-21-6614-conviction-set	Print the verdict and the page digests to the log	2026-09-12T03:24:38.4504728Z       "calibrationResidualPx": 0,
ks-21-6614-conviction-set	Print the verdict and the page digests to the log	2026-09-12T03:24:38.4505033Z       "inkFractionInsidePaper": 0.043013406120023766,
ks-21-6614-conviction-set	Print the verdict and the page digests to the log	2026-09-12T03:24:38.4505312Z       "nonblank": true,
ks-21-6614-conviction-set	Print the verdict and the page digests to the log	2026-09-12T03:24:38.4505551Z       "croppedToThePage": true
ks-21-6614-conviction-set	Print the verdict and the page digests to the log	2026-09-12T03:24:38.4505783Z     },
ks-21-6614-conviction-set	Print the verdict and the page digests to the log	2026-09-12T03:24:38.4505962Z     {
ks-21-6614-conviction-set	Print the verdict and the page digests to the log	2026-09-12T03:24:38.4506149Z       "kind": "boundary",
ks-21-6614-conviction-set	Print the verdict and the page digests to the log	2026-09-12T03:24:38.4506398Z       "document": "boundary.pdf",
ks-21-6614-conviction-set	Print the verdict and the page digests to the log	2026-09-12T03:24:38.4506645Z       "page": 6,
ks-21-6614-conviction-set	Print the verdict and the page digests to the log	2026-09-12T03:24:38.4506936Z       "png": "ks-21-6614-conviction-set/boundary/page-006.png",
ks-21-6614-conviction-set	Print the verdict and the page digests to the log	2026-09-12T03:24:38.4507249Z       "bytes": 489116,
ks-21-6614-conviction-set	Print the verdict and the page digests to the log	2026-09-12T03:24:38.4507621Z       "pngSha256": "561946a9c82d5d2ec0c32b4e11f3118e5b755e8cb94f2386c1931798f7ef9249",
ks-21-6614-conviction-set	Print the verdict and the page digests to the log	2026-09-12T03:24:38.4507994Z       "pngWidth": 2040,
ks-21-6614-conviction-set	Print the verdict and the page digests to the log	2026-09-12T03:24:38.4508210Z       "pngHeight": 2640,
ks-21-6614-conviction-set	Print the verdict and the page digests to the log	2026-09-12T03:24:38.4508426Z       "paper": {
ks-21-6614-conviction-set	Print the verdict and the page digests to the log	2026-09-12T03:24:38.4508621Z         "x0": 204,
ks-21-6614-conviction-set	Print the verdict and the page digests to the log	2026-09-12T03:24:38.4508822Z         "y0": 3,
ks-21-6614-conviction-set	Print the verdict and the page digests to the log	2026-09-12T03:24:38.4509015Z         "x1": 2243,
ks-21-6614-conviction-set	Print the verdict and the page digests to the log	2026-09-12T03:24:38.4509208Z         "y1": 2642,
ks-21-6614-conviction-set	Print the verdict and the page digests to the log	2026-09-12T03:24:38.4509402Z         "width": 2040,
ks-21-6614-conviction-set	Print the verdict and the page digests to the log	2026-09-12T03:24:38.4509609Z         "height": 2640
ks-21-6614-conviction-set	Print the verdict and the page digests to the log	2026-09-12T03:24:38.4509808Z       },
ks-21-6614-conviction-set	Print the verdict and the page digests to the log	2026-09-12T03:24:38.4510030Z       "pxPerPt": 3.3333333333333335,
ks-21-6614-conviction-set	Print the verdict and the page digests to the log	2026-09-12T03:24:38.4510304Z       "expectedPxPerPt": 3.333333333333333,
ks-21-6614-conviction-set	Print the verdict and the page digests to the log	2026-09-12T03:24:38.4510689Z       "pageWidthPt": 612,
ks-21-6614-conviction-set	Print the verdict and the page digests to the log	2026-09-12T03:24:38.4510952Z       "pageHeightPt": 792,
ks-21-6614-conviction-set	Print the verdict and the page digests to the log	2026-09-12T03:24:38.4511182Z       "expectedPx": {
ks-21-6614-conviction-set	Print the verdict and the page digests to the log	2026-09-12T03:24:38.4511416Z         "width": 2039.9999999999998,
ks-21-6614-conviction-set	Print the verdict and the page digests to the log	2026-09-12T03:24:38.4511695Z         "height": 2639.9999999999995,
ks-21-6614-conviction-set	Print the verdict and the page digests to the log	2026-09-12T03:24:38.4511964Z         "tolerancePx": 6.666666666666666
ks-21-6614-conviction-set	Print the verdict and the page digests to the log	2026-09-12T03:24:38.4512205Z       },
ks-21-6614-conviction-set	Print the verdict and the page digests to the log	2026-09-12T03:24:38.4512425Z       "calibrationResidualPx": 0,
ks-21-6614-conviction-set	Print the verdict and the page digests to the log	2026-09-12T03:24:38.4512732Z       "inkFractionInsidePaper": 0.05282326945929887,
ks-21-6614-conviction-set	Print the verdict and the page digests to the log	2026-09-12T03:24:38.4513011Z       "nonblank": true,
ks-21-6614-conviction-set	Print the verdict and the page digests to the log	2026-09-12T03:24:38.4513260Z       "croppedToThePage": true
ks-21-6614-conviction-set	Print the verdict and the page digests to the log	2026-09-12T03:24:38.4513486Z     },
ks-21-6614-conviction-set	Print the verdict and the page digests to the log	2026-09-12T03:24:38.4513665Z     {
ks-21-6614-conviction-set	Print the verdict and the page digests to the log	2026-09-12T03:24:38.4513854Z       "kind": "boundary",
ks-21-6614-conviction-set	Print the verdict and the page digests to the log	2026-09-12T03:24:38.4514100Z       "document": "boundary.pdf",
ks-21-6614-conviction-set	Print the verdict and the page digests to the log	2026-09-12T03:24:38.4514334Z       "page": 7,
ks-21-6614-conviction-set	Print the verdict and the page digests to the log	2026-09-12T03:24:38.4514629Z       "png": "ks-21-6614-conviction-set/boundary/page-007.png",
ks-21-6614-conviction-set	Print the verdict and the page digests to the log	2026-09-12T03:24:38.4514924Z       "bytes": 554474,
ks-21-6614-conviction-set	Print the verdict and the page digests to the log	2026-09-12T03:24:38.4515295Z       "pngSha256": "8df37d7461cc8b519e8776d3ae1123b7f6c9fc16130d3204a4e981a2538d33b2",
ks-21-6614-conviction-set	Print the verdict and the page digests to the log	2026-09-12T03:24:38.4515670Z       "pngWidth": 2040,
ks-21-6614-conviction-set	Print the verdict and the page digests to the log	2026-09-12T03:24:38.4515974Z       "pngHeight": 2640,
ks-21-6614-conviction-set	Print the verdict and the page digests to the log	2026-09-12T03:24:38.4516189Z       "paper": {
ks-21-6614-conviction-set	Print the verdict and the page digests to the log	2026-09-12T03:24:38.4516386Z         "x0": 204,
ks-21-6614-conviction-set	Print the verdict and the page digests to the log	2026-09-12T03:24:38.4516579Z         "y0": 3,
ks-21-6614-conviction-set	Print the verdict and the page digests to the log	2026-09-12T03:24:38.4516782Z         "x1": 2243,
ks-21-6614-conviction-set	Print the verdict and the page digests to the log	2026-09-12T03:24:38.4516983Z         "y1": 2642,
ks-21-6614-conviction-set	Print the verdict and the page digests to the log	2026-09-12T03:24:38.4517190Z         "width": 2040,
ks-21-6614-conviction-set	Print the verdict and the page digests to the log	2026-09-12T03:24:38.4517399Z         "height": 2640
ks-21-6614-conviction-set	Print the verdict and the page digests to the log	2026-09-12T03:24:38.4517602Z       },
ks-21-6614-conviction-set	Print the verdict and the page digests to the log	2026-09-12T03:24:38.4517813Z       "pxPerPt": 3.3333333333333335,
ks-21-6614-conviction-set	Print the verdict and the page digests to the log	2026-09-12T03:24:38.4518089Z       "expectedPxPerPt": 3.333333333333333,
ks-21-6614-conviction-set	Print the verdict and the page digests to the log	2026-09-12T03:24:38.4518352Z       "pageWidthPt": 612,
ks-21-6614-conviction-set	Print the verdict and the page digests to the log	2026-09-12T03:24:38.4518577Z       "pageHeightPt": 792,
ks-21-6614-conviction-set	Print the verdict and the page digests to the log	2026-09-12T03:24:38.4518803Z       "expectedPx": {
ks-21-6614-conviction-set	Print the verdict and the page digests to the log	2026-09-12T03:24:38.4519042Z         "width": 2039.9999999999998,
ks-21-6614-conviction-set	Print the verdict and the page digests to the log	2026-09-12T03:24:38.4519302Z         "height": 2639.9999999999995,
ks-21-6614-conviction-set	Print the verdict and the page digests to the log	2026-09-12T03:24:38.4519571Z         "tolerancePx": 6.666666666666666
ks-21-6614-conviction-set	Print the verdict and the page digests to the log	2026-09-12T03:24:38.4519806Z       },
ks-21-6614-conviction-set	Print the verdict and the page digests to the log	2026-09-12T03:24:38.4520021Z       "calibrationResidualPx": 0,
ks-21-6614-conviction-set	Print the verdict and the page digests to the log	2026-09-12T03:24:38.4520320Z       "inkFractionInsidePaper": 0.2734336007130125,
ks-21-6614-conviction-set	Print the verdict and the page digests to the log	2026-09-12T03:24:38.4520739Z       "nonblank": true,
ks-21-6614-conviction-set	Print the verdict and the page digests to the log	2026-09-12T03:24:38.4520992Z       "croppedToThePage": true
ks-21-6614-conviction-set	Print the verdict and the page digests to the log	2026-09-12T03:24:38.4521306Z     },
ks-21-6614-conviction-set	Print the verdict and the page digests to the log	2026-09-12T03:24:38.4521487Z     {
ks-21-6614-conviction-set	Print the verdict and the page digests to the log	2026-09-12T03:24:38.4521672Z       "kind": "boundary",
ks-21-6614-conviction-set	Print the verdict and the page digests to the log	2026-09-12T03:24:38.4521913Z       "document": "boundary.pdf",
ks-21-6614-conviction-set	Print the verdict and the page digests to the log	2026-09-12T03:24:38.4522157Z       "page": 8,
ks-21-6614-conviction-set	Print the verdict and the page digests to the log	2026-09-12T03:24:38.4522443Z       "png": "ks-21-6614-conviction-set/boundary/page-008.png",
ks-21-6614-conviction-set	Print the verdict and the page digests to the log	2026-09-12T03:24:38.4522743Z       "bytes": 301425,
ks-21-6614-conviction-set	Print the verdict and the page digests to the log	2026-09-12T03:24:38.4523123Z       "pngSha256": "b3bf0ed50b09509d4b9c905f1ce8a84c43c42904ac3e93813ef59e96a7780472",
ks-21-6614-conviction-set	Print the verdict and the page digests to the log	2026-09-12T03:24:38.4523499Z       "pngWidth": 2040,
ks-21-6614-conviction-set	Print the verdict and the page digests to the log	2026-09-12T03:24:38.4523726Z       "pngHeight": 2640,
ks-21-6614-conviction-set	Print the verdict and the page digests to the log	2026-09-12T03:24:38.4523939Z       "paper": {
ks-21-6614-conviction-set	Print the verdict and the page digests to the log	2026-09-12T03:24:38.4524140Z         "x0": 204,
ks-21-6614-conviction-set	Print the verdict and the page digests to the log	2026-09-12T03:24:38.4524335Z         "y0": 3,
ks-21-6614-conviction-set	Print the verdict and the page digests to the log	2026-09-12T03:24:38.4524528Z         "x1": 2243,
ks-21-6614-conviction-set	Print the verdict and the page digests to the log	2026-09-12T03:24:38.4524723Z         "y1": 2642,
ks-21-6614-conviction-set	Print the verdict and the page digests to the log	2026-09-12T03:24:38.4524921Z         "width": 2040,
ks-21-6614-conviction-set	Print the verdict and the page digests to the log	2026-09-12T03:24:38.4525137Z         "height": 2640
ks-21-6614-conviction-set	Print the verdict and the page digests to the log	2026-09-12T03:24:38.4525340Z       },
ks-21-6614-conviction-set	Print the verdict and the page digests to the log	2026-09-12T03:24:38.4525552Z       "pxPerPt": 3.3333333333333335,
ks-21-6614-conviction-set	Print the verdict and the page digests to the log	2026-09-12T03:24:38.4525951Z       "expectedPxPerPt": 3.333333333333333,
ks-21-6614-conviction-set	Print the verdict and the page digests to the log	2026-09-12T03:24:38.4526216Z       "pageWidthPt": 612,
ks-21-6614-conviction-set	Print the verdict and the page digests to the log	2026-09-12T03:24:38.4526444Z       "pageHeightPt": 792,
ks-21-6614-conviction-set	Print the verdict and the page digests to the log	2026-09-12T03:24:38.4526682Z       "expectedPx": {
ks-21-6614-conviction-set	Print the verdict and the page digests to the log	2026-09-12T03:24:38.4526917Z         "width": 2039.9999999999998,
ks-21-6614-conviction-set	Print the verdict and the page digests to the log	2026-09-12T03:24:38.4527184Z         "height": 2639.9999999999995,
ks-21-6614-conviction-set	Print the verdict and the page digests to the log	2026-09-12T03:24:38.4527461Z         "tolerancePx": 6.666666666666666
ks-21-6614-conviction-set	Print the verdict and the page digests to the log	2026-09-12T03:24:38.4527700Z       },
ks-21-6614-conviction-set	Print the verdict and the page digests to the log	2026-09-12T03:24:38.4527923Z       "calibrationResidualPx": 0,
ks-21-6614-conviction-set	Print the verdict and the page digests to the log	2026-09-12T03:24:38.4528242Z       "inkFractionInsidePaper": 0.03508485591206179,
ks-21-6614-conviction-set	Print the verdict and the page digests to the log	2026-09-12T03:24:38.4528518Z       "nonblank": true,
ks-21-6614-conviction-set	Print the verdict and the page digests to the log	2026-09-12T03:24:38.4528758Z       "croppedToThePage": true
ks-21-6614-conviction-set	Print the verdict and the page digests to the log	2026-09-12T03:24:38.4528982Z     },
ks-21-6614-conviction-set	Print the verdict and the page digests to the log	2026-09-12T03:24:38.4529158Z     {
ks-21-6614-conviction-set	Print the verdict and the page digests to the log	2026-09-12T03:24:38.4529347Z       "kind": "boundary",
ks-21-6614-conviction-set	Print the verdict and the page digests to the log	2026-09-12T03:24:38.4529600Z       "document": "boundary.pdf",
ks-21-6614-conviction-set	Print the verdict and the page digests to the log	2026-09-12T03:24:38.4529832Z       "page": 9,
ks-21-6614-conviction-set	Print the verdict and the page digests to the log	2026-09-12T03:24:38.4530123Z       "png": "ks-21-6614-conviction-set/boundary/page-009.png",
ks-21-6614-conviction-set	Print the verdict and the page digests to the log	2026-09-12T03:24:38.4530421Z       "bytes": 215712,
ks-21-6614-conviction-set	Print the verdict and the page digests to the log	2026-09-12T03:24:38.4530880Z       "pngSha256": "02d707e742856368878e6d5d5c406d1492e24e1c002f6d04cbb1f8e2bacc5f0a",
ks-21-6614-conviction-set	Print the verdict and the page digests to the log	2026-09-12T03:24:38.4531258Z       "pngWidth": 2040,
ks-21-6614-conviction-set	Print the verdict and the page digests to the log	2026-09-12T03:24:38.4531471Z       "pngHeight": 2640,
ks-21-6614-conviction-set	Print the verdict and the page digests to the log	2026-09-12T03:24:38.4531685Z       "paper": {
ks-21-6614-conviction-set	Print the verdict and the page digests to the log	2026-09-12T03:24:38.4531961Z         "x0": 204,
ks-21-6614-conviction-set	Print the verdict and the page digests to the log	2026-09-12T03:24:38.4532171Z         "y0": 3,
ks-21-6614-conviction-set	Print the verdict and the page digests to the log	2026-09-12T03:24:38.4532360Z         "x1": 2243,
ks-21-6614-conviction-set	Print the verdict and the page digests to the log	2026-09-12T03:24:38.4532561Z         "y1": 2642,
ks-21-6614-conviction-set	Print the verdict and the page digests to the log	2026-09-12T03:24:38.4532760Z         "width": 2040,
ks-21-6614-conviction-set	Print the verdict and the page digests to the log	2026-09-12T03:24:38.4532966Z         "height": 2640
ks-21-6614-conviction-set	Print the verdict and the page digests to the log	2026-09-12T03:24:38.4533164Z       },
ks-21-6614-conviction-set	Print the verdict and the page digests to the log	2026-09-12T03:24:38.4533382Z       "pxPerPt": 3.3333333333333335,
ks-21-6614-conviction-set	Print the verdict and the page digests to the log	2026-09-12T03:24:38.4533661Z       "expectedPxPerPt": 3.333333333333333,
ks-21-6614-conviction-set	Print the verdict and the page digests to the log	2026-09-12T03:24:38.4534020Z       "pageWidthPt": 612,
ks-21-6614-conviction-set	Print the verdict and the page digests to the log	2026-09-12T03:24:38.4534256Z       "pageHeightPt": 792,
ks-21-6614-conviction-set	Print the verdict and the page digests to the log	2026-09-12T03:24:38.4534490Z       "expectedPx": {
ks-21-6614-conviction-set	Print the verdict and the page digests to the log	2026-09-12T03:24:38.4534737Z         "width": 2039.9999999999998,
ks-21-6614-conviction-set	Print the verdict and the page digests to the log	2026-09-12T03:24:38.4535010Z         "height": 2639.9999999999995,
ks-21-6614-conviction-set	Print the verdict and the page digests to the log	2026-09-12T03:24:38.4535450Z         "tolerancePx": 6.666666666666666
ks-21-6614-conviction-set	Print the verdict and the page digests to the log	2026-09-12T03:24:38.4535704Z       },
ks-21-6614-conviction-set	Print the verdict and the page digests to the log	2026-09-12T03:24:38.4535930Z       "calibrationResidualPx": 0,
ks-21-6614-conviction-set	Print the verdict and the page digests to the log	2026-09-12T03:24:38.4536244Z       "inkFractionInsidePaper": 0.04415515448603684,
ks-21-6614-conviction-set	Print the verdict and the page digests to the log	2026-09-12T03:24:38.4536532Z       "nonblank": true,
ks-21-6614-conviction-set	Print the verdict and the page digests to the log	2026-09-12T03:24:38.4536780Z       "croppedToThePage": true
ks-21-6614-conviction-set	Print the verdict and the page digests to the log	2026-09-12T03:24:38.4537009Z     },
ks-21-6614-conviction-set	Print the verdict and the page digests to the log	2026-09-12T03:24:38.4537205Z     {
ks-21-6614-conviction-set	Print the verdict and the page digests to the log	2026-09-12T03:24:38.4537405Z       "kind": "boundary",
ks-21-6614-conviction-set	Print the verdict and the page digests to the log	2026-09-12T03:24:38.4537665Z       "document": "boundary.pdf",
ks-21-6614-conviction-set	Print the verdict and the page digests to the log	2026-09-12T03:24:38.4537916Z       "page": 10,
ks-21-6614-conviction-set	Print the verdict and the page digests to the log	2026-09-12T03:24:38.4538214Z       "png": "ks-21-6614-conviction-set/boundary/page-010.png",
ks-21-6614-conviction-set	Print the verdict and the page digests to the log	2026-09-12T03:24:38.4538527Z       "bytes": 323671,
ks-21-6614-conviction-set	Print the verdict and the page digests to the log	2026-09-12T03:24:38.4538923Z       "pngSha256": "ace8c605b1cf7c39bd04bf2491724adf984a36cf232ed0acd41c230992db1208",
ks-21-6614-conviction-set	Print the verdict and the page digests to the log	2026-09-12T03:24:38.4539377Z       "pngWidth": 2040,
ks-21-6614-conviction-set	Print the verdict and the page digests to the log	2026-09-12T03:24:38.4539597Z       "pngHeight": 2640,
ks-21-6614-conviction-set	Print the verdict and the page digests to the log	2026-09-12T03:24:38.4539812Z       "paper": {
ks-21-6614-conviction-set	Print the verdict and the page digests to the log	2026-09-12T03:24:38.4540003Z         "x0": 204,
ks-21-6614-conviction-set	Print the verdict and the page digests to the log	2026-09-12T03:24:38.4540193Z         "y0": 3,
ks-21-6614-conviction-set	Print the verdict and the page digests to the log	2026-09-12T03:24:38.4540391Z         "x1": 2243,
ks-21-6614-conviction-set	Print the verdict and the page digests to the log	2026-09-12T03:24:38.4540786Z         "y1": 2642,
ks-21-6614-conviction-set	Print the verdict and the page digests to the log	2026-09-12T03:24:38.4541068Z         "width": 2040,
ks-21-6614-conviction-set	Print the verdict and the page digests to the log	2026-09-12T03:24:38.4541278Z         "height": 2640
ks-21-6614-conviction-set	Print the verdict and the page digests to the log	2026-09-12T03:24:38.4541480Z       },
ks-21-6614-conviction-set	Print the verdict and the page digests to the log	2026-09-12T03:24:38.4541693Z       "pxPerPt": 3.3333333333333335,
ks-21-6614-conviction-set	Print the verdict and the page digests to the log	2026-09-12T03:24:38.4541969Z       "expectedPxPerPt": 3.333333333333333,
ks-21-6614-conviction-set	Print the verdict and the page digests to the log	2026-09-12T03:24:38.4542224Z       "pageWidthPt": 612,
ks-21-6614-conviction-set	Print the verdict and the page digests to the log	2026-09-12T03:24:38.4542453Z       "pageHeightPt": 792,
ks-21-6614-conviction-set	Print the verdict and the page digests to the log	2026-09-12T03:24:38.4542674Z       "expectedPx": {
ks-21-6614-conviction-set	Print the verdict and the page digests to the log	2026-09-12T03:24:38.4542904Z         "width": 2039.9999999999998,
ks-21-6614-conviction-set	Print the verdict and the page digests to the log	2026-09-12T03:24:38.4543169Z         "height": 2639.9999999999995,
ks-21-6614-conviction-set	Print the verdict and the page digests to the log	2026-09-12T03:24:38.4543445Z         "tolerancePx": 6.666666666666666
ks-21-6614-conviction-set	Print the verdict and the page digests to the log	2026-09-12T03:24:38.4543681Z       },
ks-21-6614-conviction-set	Print the verdict and the page digests to the log	2026-09-12T03:24:38.4543904Z       "calibrationResidualPx": 0,
ks-21-6614-conviction-set	Print the verdict and the page digests to the log	2026-09-12T03:24:38.4544204Z       "inkFractionInsidePaper": 0.033017676767676765,
ks-21-6614-conviction-set	Print the verdict and the page digests to the log	2026-09-12T03:24:38.4544479Z       "nonblank": true,
ks-21-6614-conviction-set	Print the verdict and the page digests to the log	2026-09-12T03:24:38.4544728Z       "croppedToThePage": true
ks-21-6614-conviction-set	Print the verdict and the page digests to the log	2026-09-12T03:24:38.4544953Z     },
ks-21-6614-conviction-set	Print the verdict and the page digests to the log	2026-09-12T03:24:38.4545132Z     {
ks-21-6614-conviction-set	Print the verdict and the page digests to the log	2026-09-12T03:24:38.4545321Z       "kind": "boundary",
ks-21-6614-conviction-set	Print the verdict and the page digests to the log	2026-09-12T03:24:38.4545563Z       "document": "boundary.pdf",
ks-21-6614-conviction-set	Print the verdict and the page digests to the log	2026-09-12T03:24:38.4545797Z       "page": 11,
ks-21-6614-conviction-set	Print the verdict and the page digests to the log	2026-09-12T03:24:38.4546086Z       "png": "ks-21-6614-conviction-set/boundary/page-011.png",
ks-21-6614-conviction-set	Print the verdict and the page digests to the log	2026-09-12T03:24:38.4546388Z       "bytes": 319223,
ks-21-6614-conviction-set	Print the verdict and the page digests to the log	2026-09-12T03:24:38.4546758Z       "pngSha256": "97f243a8ea966b1ae2885410b3ba6954d6890c87af836faf786ac111411a0bbd",
ks-21-6614-conviction-set	Print the verdict and the page digests to the log	2026-09-12T03:24:38.4547124Z       "pngWidth": 2040,
ks-21-6614-conviction-set	Print the verdict and the page digests to the log	2026-09-12T03:24:38.4547337Z       "pngHeight": 2640,
ks-21-6614-conviction-set	Print the verdict and the page digests to the log	2026-09-12T03:24:38.4547567Z       "paper": {
ks-21-6614-conviction-set	Print the verdict and the page digests to the log	2026-09-12T03:24:38.4547770Z         "x0": 204,
ks-21-6614-conviction-set	Print the verdict and the page digests to the log	2026-09-12T03:24:38.4547964Z         "y0": 3,
ks-21-6614-conviction-set	Print the verdict and the page digests to the log	2026-09-12T03:24:38.4548154Z         "x1": 2243,
ks-21-6614-conviction-set	Print the verdict and the page digests to the log	2026-09-12T03:24:38.4548356Z         "y1": 2642,
ks-21-6614-conviction-set	Print the verdict and the page digests to the log	2026-09-12T03:24:38.4548558Z         "width": 2040,
ks-21-6614-conviction-set	Print the verdict and the page digests to the log	2026-09-12T03:24:38.4548763Z         "height": 2640
ks-21-6614-conviction-set	Print the verdict and the page digests to the log	2026-09-12T03:24:38.4548971Z       },
ks-21-6614-conviction-set	Print the verdict and the page digests to the log	2026-09-12T03:24:38.4549181Z       "pxPerPt": 3.3333333333333335,
ks-21-6614-conviction-set	Print the verdict and the page digests to the log	2026-09-12T03:24:38.4549457Z       "expectedPxPerPt": 3.333333333333333,
ks-21-6614-conviction-set	Print the verdict and the page digests to the log	2026-09-12T03:24:38.4549718Z       "pageWidthPt": 612,
ks-21-6614-conviction-set	Print the verdict and the page digests to the log	2026-09-12T03:24:38.4549942Z       "pageHeightPt": 792,
ks-21-6614-conviction-set	Print the verdict and the page digests to the log	2026-09-12T03:24:38.4550163Z       "expectedPx": {
ks-21-6614-conviction-set	Print the verdict and the page digests to the log	2026-09-12T03:24:38.4550401Z         "width": 2039.9999999999998,
ks-21-6614-conviction-set	Print the verdict and the page digests to the log	2026-09-12T03:24:38.4550762Z         "height": 2639.9999999999995,
ks-21-6614-conviction-set	Print the verdict and the page digests to the log	2026-09-12T03:24:38.4551035Z         "tolerancePx": 6.666666666666666
ks-21-6614-conviction-set	Print the verdict and the page digests to the log	2026-09-12T03:24:38.4551273Z       },
ks-21-6614-conviction-set	Print the verdict and the page digests to the log	2026-09-12T03:24:38.4551397Z       "calibrationResidualPx": 0,
ks-21-6614-conviction-set	Print the verdict and the page digests to the log	2026-09-12T03:24:38.4551546Z       "inkFractionInsidePaper": 0.03508559863339275,
ks-21-6614-conviction-set	Print the verdict and the page digests to the log	2026-09-12T03:24:38.4551739Z       "nonblank": true,
ks-21-6614-conviction-set	Print the verdict and the page digests to the log	2026-09-12T03:24:38.4551866Z       "croppedToThePage": true
ks-21-6614-conviction-set	Print the verdict and the page digests to the log	2026-09-12T03:24:38.4551951Z     },
ks-21-6614-conviction-set	Print the verdict and the page digests to the log	2026-09-12T03:24:38.4552038Z     {
ks-21-6614-conviction-set	Print the verdict and the page digests to the log	2026-09-12T03:24:38.4552138Z       "kind": "boundary",
ks-21-6614-conviction-set	Print the verdict and the page digests to the log	2026-09-12T03:24:38.4552252Z       "document": "boundary.pdf",
ks-21-6614-conviction-set	Print the verdict and the page digests to the log	2026-09-12T03:24:38.4552349Z       "page": 12,
ks-21-6614-conviction-set	Print the verdict and the page digests to the log	2026-09-12T03:24:38.4552524Z       "png": "ks-21-6614-conviction-set/boundary/page-012.png",
ks-21-6614-conviction-set	Print the verdict and the page digests to the log	2026-09-12T03:24:38.4552618Z       "bytes": 362031,
ks-21-6614-conviction-set	Print the verdict and the page digests to the log	2026-09-12T03:24:38.4552877Z       "pngSha256": "bec2aa8b35f69325b4570902a21a323f295af4b2210897efa89b964fbe35bdd3",
ks-21-6614-conviction-set	Print the verdict and the page digests to the log	2026-09-12T03:24:38.4552967Z       "pngWidth": 2040,
ks-21-6614-conviction-set	Print the verdict and the page digests to the log	2026-09-12T03:24:38.4553066Z       "pngHeight": 2640,
ks-21-6614-conviction-set	Print the verdict and the page digests to the log	2026-09-12T03:24:38.4553157Z       "paper": {
ks-21-6614-conviction-set	Print the verdict and the page digests to the log	2026-09-12T03:24:38.4553242Z         "x0": 204,
ks-21-6614-conviction-set	Print the verdict and the page digests to the log	2026-09-12T03:24:38.4553331Z         "y0": 3,
ks-21-6614-conviction-set	Print the verdict and the page digests to the log	2026-09-12T03:24:38.4553421Z         "x1": 2243,
ks-21-6614-conviction-set	Print the verdict and the page digests to the log	2026-09-12T03:24:38.4553503Z         "y1": 2642,
ks-21-6614-conviction-set	Print the verdict and the page digests to the log	2026-09-12T03:24:38.4553597Z         "width": 2040,
ks-21-6614-conviction-set	Print the verdict and the page digests to the log	2026-09-12T03:24:38.4553679Z         "height": 2640
ks-21-6614-conviction-set	Print the verdict and the page digests to the log	2026-09-12T03:24:38.4553764Z       },
ks-21-6614-conviction-set	Print the verdict and the page digests to the log	2026-09-12T03:24:38.4553882Z       "pxPerPt": 3.3333333333333335,
ks-21-6614-conviction-set	Print the verdict and the page digests to the log	2026-09-12T03:24:38.4554070Z       "expectedPxPerPt": 3.333333333333333,
ks-21-6614-conviction-set	Print the verdict and the page digests to the log	2026-09-12T03:24:38.4554171Z       "pageWidthPt": 612,
ks-21-6614-conviction-set	Print the verdict and the page digests to the log	2026-09-12T03:24:38.4554272Z       "pageHeightPt": 792,
ks-21-6614-conviction-set	Print the verdict and the page digests to the log	2026-09-12T03:24:38.4554359Z       "expectedPx": {
ks-21-6614-conviction-set	Print the verdict and the page digests to the log	2026-09-12T03:24:38.4554476Z         "width": 2039.9999999999998,
ks-21-6614-conviction-set	Print the verdict and the page digests to the log	2026-09-12T03:24:38.4554596Z         "height": 2639.9999999999995,
ks-21-6614-conviction-set	Print the verdict and the page digests to the log	2026-09-12T03:24:38.4554712Z         "tolerancePx": 6.666666666666666
ks-21-6614-conviction-set	Print the verdict and the page digests to the log	2026-09-12T03:24:38.4554798Z       },
ks-21-6614-conviction-set	Print the verdict and the page digests to the log	2026-09-12T03:24:38.4554913Z       "calibrationResidualPx": 0,
ks-21-6614-conviction-set	Print the verdict and the page digests to the log	2026-09-12T03:24:38.4555068Z       "inkFractionInsidePaper": 0.03920194592988711,
ks-21-6614-conviction-set	Print the verdict and the page digests to the log	2026-09-12T03:24:38.4555169Z       "nonblank": true,
ks-21-6614-conviction-set	Print the verdict and the page digests to the log	2026-09-12T03:24:38.4555281Z       "croppedToThePage": true
ks-21-6614-conviction-set	Print the verdict and the page digests to the log	2026-09-12T03:24:38.4555369Z     },
ks-21-6614-conviction-set	Print the verdict and the page digests to the log	2026-09-12T03:24:38.4555452Z     {
ks-21-6614-conviction-set	Print the verdict and the page digests to the log	2026-09-12T03:24:38.4555540Z       "kind": "boundary",
ks-21-6614-conviction-set	Print the verdict and the page digests to the log	2026-09-12T03:24:38.4555664Z       "document": "boundary.pdf",
ks-21-6614-conviction-set	Print the verdict and the page digests to the log	2026-09-12T03:24:38.4555759Z       "page": 13,
ks-21-6614-conviction-set	Print the verdict and the page digests to the log	2026-09-12T03:24:38.4555931Z       "png": "ks-21-6614-conviction-set/boundary/page-013.png",
ks-21-6614-conviction-set	Print the verdict and the page digests to the log	2026-09-12T03:24:38.4556025Z       "bytes": 292762,
ks-21-6614-conviction-set	Print the verdict and the page digests to the log	2026-09-12T03:24:38.4556282Z       "pngSha256": "9b76c2c68e55dc7d05a69aa20d6e2c1434900621869295c8ef7a8f30b1e24f4e",
ks-21-6614-conviction-set	Print the verdict and the page digests to the log	2026-09-12T03:24:38.4556371Z       "pngWidth": 2040,
ks-21-6614-conviction-set	Print the verdict and the page digests to the log	2026-09-12T03:24:38.4556471Z       "pngHeight": 2640,
ks-21-6614-conviction-set	Print the verdict and the page digests to the log	2026-09-12T03:24:38.4556556Z       "paper": {
ks-21-6614-conviction-set	Print the verdict and the page digests to the log	2026-09-12T03:24:38.4556645Z         "x0": 204,
ks-21-6614-conviction-set	Print the verdict and the page digests to the log	2026-09-12T03:24:38.4556733Z         "y0": 3,
ks-21-6614-conviction-set	Print the verdict and the page digests to the log	2026-09-12T03:24:38.4556812Z         "x1": 2243,
ks-21-6614-conviction-set	Print the verdict and the page digests to the log	2026-09-12T03:24:38.4556902Z         "y1": 2642,
ks-21-6614-conviction-set	Print the verdict and the page digests to the log	2026-09-12T03:24:38.4556993Z         "width": 2040,
ks-21-6614-conviction-set	Print the verdict and the page digests to the log	2026-09-12T03:24:38.4557078Z         "height": 2640
ks-21-6614-conviction-set	Print the verdict and the page digests to the log	2026-09-12T03:24:38.4557164Z       },
ks-21-6614-conviction-set	Print the verdict and the page digests to the log	2026-09-12T03:24:38.4557272Z       "pxPerPt": 3.3333333333333335,
ks-21-6614-conviction-set	Print the verdict and the page digests to the log	2026-09-12T03:24:38.4557399Z       "expectedPxPerPt": 3.333333333333333,
ks-21-6614-conviction-set	Print the verdict and the page digests to the log	2026-09-12T03:24:38.4557501Z       "pageWidthPt": 612,
ks-21-6614-conviction-set	Print the verdict and the page digests to the log	2026-09-12T03:24:38.4557593Z       "pageHeightPt": 792,
ks-21-6614-conviction-set	Print the verdict and the page digests to the log	2026-09-12T03:24:38.4557690Z       "expectedPx": {
ks-21-6614-conviction-set	Print the verdict and the page digests to the log	2026-09-12T03:24:38.4557806Z         "width": 2039.9999999999998,
ks-21-6614-conviction-set	Print the verdict and the page digests to the log	2026-09-12T03:24:38.4557915Z         "height": 2639.9999999999995,
ks-21-6614-conviction-set	Print the verdict and the page digests to the log	2026-09-12T03:24:38.4558038Z         "tolerancePx": 6.666666666666666
ks-21-6614-conviction-set	Print the verdict and the page digests to the log	2026-09-12T03:24:38.4558123Z       },
ks-21-6614-conviction-set	Print the verdict and the page digests to the log	2026-09-12T03:24:38.4558236Z       "calibrationResidualPx": 0,
ks-21-6614-conviction-set	Print the verdict and the page digests to the log	2026-09-12T03:24:38.4558389Z       "inkFractionInsidePaper": 0.033933637849079025,
ks-21-6614-conviction-set	Print the verdict and the page digests to the log	2026-09-12T03:24:38.4558482Z       "nonblank": true,
ks-21-6614-conviction-set	Print the verdict and the page digests to the log	2026-09-12T03:24:38.4558596Z       "croppedToThePage": true
ks-21-6614-conviction-set	Print the verdict and the page digests to the log	2026-09-12T03:24:38.4558682Z     },
ks-21-6614-conviction-set	Print the verdict and the page digests to the log	2026-09-12T03:24:38.4558759Z     {
ks-21-6614-conviction-set	Print the verdict and the page digests to the log	2026-09-12T03:24:38.4558855Z       "kind": "boundary",
ks-21-6614-conviction-set	Print the verdict and the page digests to the log	2026-09-12T03:24:38.4558973Z       "document": "boundary.pdf",
ks-21-6614-conviction-set	Print the verdict and the page digests to the log	2026-09-12T03:24:38.4559055Z       "page": 14,
ks-21-6614-conviction-set	Print the verdict and the page digests to the log	2026-09-12T03:24:38.4559233Z       "png": "ks-21-6614-conviction-set/boundary/page-014.png",
ks-21-6614-conviction-set	Print the verdict and the page digests to the log	2026-09-12T03:24:38.4559322Z       "bytes": 223250,
ks-21-6614-conviction-set	Print the verdict and the page digests to the log	2026-09-12T03:24:38.4559621Z       "pngSha256": "a3242dd783effeb31900b597ba0d16978883a4173d6b5d5ded83933ad085dc5d",
ks-21-6614-conviction-set	Print the verdict and the page digests to the log	2026-09-12T03:24:38.4559723Z       "pngWidth": 2040,
ks-21-6614-conviction-set	Print the verdict and the page digests to the log	2026-09-12T03:24:38.4559831Z       "pngHeight": 2640,
ks-21-6614-conviction-set	Print the verdict and the page digests to the log	2026-09-12T03:24:38.4559917Z       "paper": {
ks-21-6614-conviction-set	Print the verdict and the page digests to the log	2026-09-12T03:24:38.4560011Z         "x0": 204,
ks-21-6614-conviction-set	Print the verdict and the page digests to the log	2026-09-12T03:24:38.4560097Z         "y0": 3,
ks-21-6614-conviction-set	Print the verdict and the page digests to the log	2026-09-12T03:24:38.4560188Z         "x1": 2243,
ks-21-6614-conviction-set	Print the verdict and the page digests to the log	2026-09-12T03:24:38.4560277Z         "y1": 2642,
ks-21-6614-conviction-set	Print the verdict and the page digests to the log	2026-09-12T03:24:38.4560366Z         "width": 2040,
ks-21-6614-conviction-set	Print the verdict and the page digests to the log	2026-09-12T03:24:38.4560458Z         "height": 2640
ks-21-6614-conviction-set	Print the verdict and the page digests to the log	2026-09-12T03:24:38.4560629Z       },
ks-21-6614-conviction-set	Print the verdict and the page digests to the log	2026-09-12T03:24:38.4560755Z       "pxPerPt": 3.3333333333333335,
ks-21-6614-conviction-set	Print the verdict and the page digests to the log	2026-09-12T03:24:38.4560887Z       "expectedPxPerPt": 3.333333333333333,
ks-21-6614-conviction-set	Print the verdict and the page digests to the log	2026-09-12T03:24:38.4560985Z       "pageWidthPt": 612,
ks-21-6614-conviction-set	Print the verdict and the page digests to the log	2026-09-12T03:24:38.4561077Z       "pageHeightPt": 792,
ks-21-6614-conviction-set	Print the verdict and the page digests to the log	2026-09-12T03:24:38.4561171Z       "expectedPx": {
ks-21-6614-conviction-set	Print the verdict and the page digests to the log	2026-09-12T03:24:38.4561278Z         "width": 2039.9999999999998,
ks-21-6614-conviction-set	Print the verdict and the page digests to the log	2026-09-12T03:24:38.4561395Z         "height": 2639.9999999999995,
ks-21-6614-conviction-set	Print the verdict and the page digests to the log	2026-09-12T03:24:38.4561525Z         "tolerancePx": 6.666666666666666
ks-21-6614-conviction-set	Print the verdict and the page digests to the log	2026-09-12T03:24:38.4561603Z       },
ks-21-6614-conviction-set	Print the verdict and the page digests to the log	2026-09-12T03:24:38.4561726Z       "calibrationResidualPx": 0,
ks-21-6614-conviction-set	Print the verdict and the page digests to the log	2026-09-12T03:24:38.4561953Z       "inkFractionInsidePaper": 0.01932208110516934,
ks-21-6614-conviction-set	Print the verdict and the page digests to the log	2026-09-12T03:24:38.4562044Z       "nonblank": true,
ks-21-6614-conviction-set	Print the verdict and the page digests to the log	2026-09-12T03:24:38.4562165Z       "croppedToThePage": true
ks-21-6614-conviction-set	Print the verdict and the page digests to the log	2026-09-12T03:24:38.4562249Z     },
ks-21-6614-conviction-set	Print the verdict and the page digests to the log	2026-09-12T03:24:38.4562328Z     {
ks-21-6614-conviction-set	Print the verdict and the page digests to the log	2026-09-12T03:24:38.4562426Z       "kind": "boundary",
ks-21-6614-conviction-set	Print the verdict and the page digests to the log	2026-09-12T03:24:38.4562537Z       "document": "boundary.pdf",
ks-21-6614-conviction-set	Print the verdict and the page digests to the log	2026-09-12T03:24:38.4562629Z       "page": 15,
ks-21-6614-conviction-set	Print the verdict and the page digests to the log	2026-09-12T03:24:38.4562809Z       "png": "ks-21-6614-conviction-set/boundary/page-015.png",
ks-21-6614-conviction-set	Print the verdict and the page digests to the log	2026-09-12T03:24:38.4562893Z       "bytes": 306327,
ks-21-6614-conviction-set	Print the verdict and the page digests to the log	2026-09-12T03:24:38.4563148Z       "pngSha256": "3ef7cc05d9e77550b7674c078fbd007955bd92a4b915bb24727fb3206f1d161e",
ks-21-6614-conviction-set	Print the verdict and the page digests to the log	2026-09-12T03:24:38.4563244Z       "pngWidth": 2040,
ks-21-6614-conviction-set	Print the verdict and the page digests to the log	2026-09-12T03:24:38.4563334Z       "pngHeight": 2640,
ks-21-6614-conviction-set	Print the verdict and the page digests to the log	2026-09-12T03:24:38.4563425Z       "paper": {
ks-21-6614-conviction-set	Print the verdict and the page digests to the log	2026-09-12T03:24:38.4563518Z         "x0": 204,
ks-21-6614-conviction-set	Print the verdict and the page digests to the log	2026-09-12T03:24:38.4563598Z         "y0": 3,
ks-21-6614-conviction-set	Print the verdict and the page digests to the log	2026-09-12T03:24:38.4563688Z         "x1": 2243,
ks-21-6614-conviction-set	Print the verdict and the page digests to the log	2026-09-12T03:24:38.4563779Z         "y1": 2642,
ks-21-6614-conviction-set	Print the verdict and the page digests to the log	2026-09-12T03:24:38.4563863Z         "width": 2040,
ks-21-6614-conviction-set	Print the verdict and the page digests to the log	2026-09-12T03:24:38.4563953Z         "height": 2640
ks-21-6614-conviction-set	Print the verdict and the page digests to the log	2026-09-12T03:24:38.4564031Z       },
ks-21-6614-conviction-set	Print the verdict and the page digests to the log	2026-09-12T03:24:38.4564147Z       "pxPerPt": 3.3333333333333335,
ks-21-6614-conviction-set	Print the verdict and the page digests to the log	2026-09-12T03:24:38.4564277Z       "expectedPxPerPt": 3.333333333333333,
ks-21-6614-conviction-set	Print the verdict and the page digests to the log	2026-09-12T03:24:38.4564368Z       "pageWidthPt": 612,
ks-21-6614-conviction-set	Print the verdict and the page digests to the log	2026-09-12T03:24:38.4564466Z       "pageHeightPt": 792,
ks-21-6614-conviction-set	Print the verdict and the page digests to the log	2026-09-12T03:24:38.4564555Z       "expectedPx": {
ks-21-6614-conviction-set	Print the verdict and the page digests to the log	2026-09-12T03:24:38.4564660Z         "width": 2039.9999999999998,
ks-21-6614-conviction-set	Print the verdict and the page digests to the log	2026-09-12T03:24:38.4564774Z         "height": 2639.9999999999995,
ks-21-6614-conviction-set	Print the verdict and the page digests to the log	2026-09-12T03:24:38.4564895Z         "tolerancePx": 6.666666666666666
ks-21-6614-conviction-set	Print the verdict and the page digests to the log	2026-09-12T03:24:38.4564974Z       },
ks-21-6614-conviction-set	Print the verdict and the page digests to the log	2026-09-12T03:24:38.4565095Z       "calibrationResidualPx": 0,
ks-21-6614-conviction-set	Print the verdict and the page digests to the log	2026-09-12T03:24:38.4565240Z       "inkFractionInsidePaper": 0.034307969399881164,
ks-21-6614-conviction-set	Print the verdict and the page digests to the log	2026-09-12T03:24:38.4565338Z       "nonblank": true,
ks-21-6614-conviction-set	Print the verdict and the page digests to the log	2026-09-12T03:24:38.4565455Z       "croppedToThePage": true
ks-21-6614-conviction-set	Print the verdict and the page digests to the log	2026-09-12T03:24:38.4565532Z     },
ks-21-6614-conviction-set	Print the verdict and the page digests to the log	2026-09-12T03:24:38.4565623Z     {
ks-21-6614-conviction-set	Print the verdict and the page digests to the log	2026-09-12T03:24:38.4565718Z       "kind": "boundary",
ks-21-6614-conviction-set	Print the verdict and the page digests to the log	2026-09-12T03:24:38.4565829Z       "document": "boundary.pdf",
ks-21-6614-conviction-set	Print the verdict and the page digests to the log	2026-09-12T03:24:38.4565922Z       "page": 16,
ks-21-6614-conviction-set	Print the verdict and the page digests to the log	2026-09-12T03:24:38.4566100Z       "png": "ks-21-6614-conviction-set/boundary/page-016.png",
ks-21-6614-conviction-set	Print the verdict and the page digests to the log	2026-09-12T03:24:38.4566187Z       "bytes": 208521,
ks-21-6614-conviction-set	Print the verdict and the page digests to the log	2026-09-12T03:24:38.4566439Z       "pngSha256": "b0e271add48b901c176083c7df7322c30bec7dda8fd3065124c9555c3329aa6a",
ks-21-6614-conviction-set	Print the verdict and the page digests to the log	2026-09-12T03:24:38.4566536Z       "pngWidth": 2040,
ks-21-6614-conviction-set	Print the verdict and the page digests to the log	2026-09-12T03:24:38.4566627Z       "pngHeight": 2640,
ks-21-6614-conviction-set	Print the verdict and the page digests to the log	2026-09-12T03:24:38.4566716Z       "paper": {
ks-21-6614-conviction-set	Print the verdict and the page digests to the log	2026-09-12T03:24:38.4566796Z         "x0": 204,
ks-21-6614-conviction-set	Print the verdict and the page digests to the log	2026-09-12T03:24:38.4566885Z         "y0": 3,
ks-21-6614-conviction-set	Print the verdict and the page digests to the log	2026-09-12T03:24:38.4566972Z         "x1": 2243,
ks-21-6614-conviction-set	Print the verdict and the page digests to the log	2026-09-12T03:24:38.4567053Z         "y1": 2642,
ks-21-6614-conviction-set	Print the verdict and the page digests to the log	2026-09-12T03:24:38.4567144Z         "width": 2040,
ks-21-6614-conviction-set	Print the verdict and the page digests to the log	2026-09-12T03:24:38.4567301Z         "height": 2640
ks-21-6614-conviction-set	Print the verdict and the page digests to the log	2026-09-12T03:24:38.4567378Z       },
ks-21-6614-conviction-set	Print the verdict and the page digests to the log	2026-09-12T03:24:38.4567491Z       "pxPerPt": 3.3333333333333335,
ks-21-6614-conviction-set	Print the verdict and the page digests to the log	2026-09-12T03:24:38.4567614Z       "expectedPxPerPt": 3.333333333333333,
ks-21-6614-conviction-set	Print the verdict and the page digests to the log	2026-09-12T03:24:38.4567717Z       "pageWidthPt": 612,
ks-21-6614-conviction-set	Print the verdict and the page digests to the log	2026-09-12T03:24:38.4567818Z       "pageHeightPt": 792,
ks-21-6614-conviction-set	Print the verdict and the page digests to the log	2026-09-12T03:24:38.4567905Z       "expectedPx": {
ks-21-6614-conviction-set	Print the verdict and the page digests to the log	2026-09-12T03:24:38.4568018Z         "width": 2039.9999999999998,
ks-21-6614-conviction-set	Print the verdict and the page digests to the log	2026-09-12T03:24:38.4568131Z         "height": 2639.9999999999995,
ks-21-6614-conviction-set	Print the verdict and the page digests to the log	2026-09-12T03:24:38.4568246Z         "tolerancePx": 6.666666666666666
ks-21-6614-conviction-set	Print the verdict and the page digests to the log	2026-09-12T03:24:38.4568328Z       },
ks-21-6614-conviction-set	Print the verdict and the page digests to the log	2026-09-12T03:24:38.4568447Z       "calibrationResidualPx": 0,
ks-21-6614-conviction-set	Print the verdict and the page digests to the log	2026-09-12T03:24:38.4568592Z       "inkFractionInsidePaper": 0.022265485739750446,
ks-21-6614-conviction-set	Print the verdict and the page digests to the log	2026-09-12T03:24:38.4568685Z       "nonblank": true,
ks-21-6614-conviction-set	Print the verdict and the page digests to the log	2026-09-12T03:24:38.4568798Z       "croppedToThePage": true
ks-21-6614-conviction-set	Print the verdict and the page digests to the log	2026-09-12T03:24:38.4568874Z     },
ks-21-6614-conviction-set	Print the verdict and the page digests to the log	2026-09-12T03:24:38.4568957Z     {
ks-21-6614-conviction-set	Print the verdict and the page digests to the log	2026-09-12T03:24:38.4569044Z       "kind": "boundary",
ks-21-6614-conviction-set	Print the verdict and the page digests to the log	2026-09-12T03:24:38.4569166Z       "document": "boundary.pdf",
ks-21-6614-conviction-set	Print the verdict and the page digests to the log	2026-09-12T03:24:38.4569256Z       "page": 17,
ks-21-6614-conviction-set	Print the verdict and the page digests to the log	2026-09-12T03:24:38.4569429Z       "png": "ks-21-6614-conviction-set/boundary/page-017.png",
ks-21-6614-conviction-set	Print the verdict and the page digests to the log	2026-09-12T03:24:38.4569567Z       "bytes": 100792,
ks-21-6614-conviction-set	Print the verdict and the page digests to the log	2026-09-12T03:24:38.4569813Z       "pngSha256": "168e8f82815a8a8d5279aa38783d289eef45a1f506c052e6994195246e0c1c50",
ks-21-6614-conviction-set	Print the verdict and the page digests to the log	2026-09-12T03:24:38.4569904Z       "pngWidth": 2040,
ks-21-6614-conviction-set	Print the verdict and the page digests to the log	2026-09-12T03:24:38.4570000Z       "pngHeight": 2640,
ks-21-6614-conviction-set	Print the verdict and the page digests to the log	2026-09-12T03:24:38.4570090Z       "paper": {
ks-21-6614-conviction-set	Print the verdict and the page digests to the log	2026-09-12T03:24:38.4570174Z         "x0": 204,
ks-21-6614-conviction-set	Print the verdict and the page digests to the log	2026-09-12T03:24:38.4570264Z         "y0": 3,
ks-21-6614-conviction-set	Print the verdict and the page digests to the log	2026-09-12T03:24:38.4570347Z         "x1": 2243,
ks-21-6614-conviction-set	Print the verdict and the page digests to the log	2026-09-12T03:24:38.4570435Z         "y1": 2642,
ks-21-6614-conviction-set	Print the verdict and the page digests to the log	2026-09-12T03:24:38.4570606Z         "width": 2040,
ks-21-6614-conviction-set	Print the verdict and the page digests to the log	2026-09-12T03:24:38.4570707Z         "height": 2640
ks-21-6614-conviction-set	Print the verdict and the page digests to the log	2026-09-12T03:24:38.4570795Z       },
ks-21-6614-conviction-set	Print the verdict and the page digests to the log	2026-09-12T03:24:38.4570914Z       "pxPerPt": 3.3333333333333335,
ks-21-6614-conviction-set	Print the verdict and the page digests to the log	2026-09-12T03:24:38.4571039Z       "expectedPxPerPt": 3.333333333333333,
ks-21-6614-conviction-set	Print the verdict and the page digests to the log	2026-09-12T03:24:38.4571138Z       "pageWidthPt": 612,
ks-21-6614-conviction-set	Print the verdict and the page digests to the log	2026-09-12T03:24:38.4571246Z       "pageHeightPt": 792,
ks-21-6614-conviction-set	Print the verdict and the page digests to the log	2026-09-12T03:24:38.4571334Z       "expectedPx": {
ks-21-6614-conviction-set	Print the verdict and the page digests to the log	2026-09-12T03:24:38.4571446Z         "width": 2039.9999999999998,
ks-21-6614-conviction-set	Print the verdict and the page digests to the log	2026-09-12T03:24:38.4571561Z         "height": 2639.9999999999995,
ks-21-6614-conviction-set	Print the verdict and the page digests to the log	2026-09-12T03:24:38.4571687Z         "tolerancePx": 6.666666666666666
ks-21-6614-conviction-set	Print the verdict and the page digests to the log	2026-09-12T03:24:38.4571774Z       },
ks-21-6614-conviction-set	Print the verdict and the page digests to the log	2026-09-12T03:24:38.4571886Z       "calibrationResidualPx": 0,
ks-21-6614-conviction-set	Print the verdict and the page digests to the log	2026-09-12T03:24:38.4572040Z       "inkFractionInsidePaper": 0.006580696672608437,
ks-21-6614-conviction-set	Print the verdict and the page digests to the log	2026-09-12T03:24:38.4572140Z       "nonblank": true,
ks-21-6614-conviction-set	Print the verdict and the page digests to the log	2026-09-12T03:24:38.4572253Z       "croppedToThePage": true
ks-21-6614-conviction-set	Print the verdict and the page digests to the log	2026-09-12T03:24:38.4572342Z     },
ks-21-6614-conviction-set	Print the verdict and the page digests to the log	2026-09-12T03:24:38.4572429Z     {
ks-21-6614-conviction-set	Print the verdict and the page digests to the log	2026-09-12T03:24:38.4572515Z       "kind": "boundary",
ks-21-6614-conviction-set	Print the verdict and the page digests to the log	2026-09-12T03:24:38.4572632Z       "document": "boundary.pdf",
ks-21-6614-conviction-set	Print the verdict and the page digests to the log	2026-09-12T03:24:38.4572716Z       "page": 18,
ks-21-6614-conviction-set	Print the verdict and the page digests to the log	2026-09-12T03:24:38.4572891Z       "png": "ks-21-6614-conviction-set/boundary/page-018.png",
ks-21-6614-conviction-set	Print the verdict and the page digests to the log	2026-09-12T03:24:38.4572981Z       "bytes": 407258,
ks-21-6614-conviction-set	Print the verdict and the page digests to the log	2026-09-12T03:24:38.4573233Z       "pngSha256": "06e08ee930b599be1dbc36d559f67e9dd772daa56224284a5c2fbb4df2898cf7",
ks-21-6614-conviction-set	Print the verdict and the page digests to the log	2026-09-12T03:24:38.4573331Z       "pngWidth": 2040,
ks-21-6614-conviction-set	Print the verdict and the page digests to the log	2026-09-12T03:24:38.4573427Z       "pngHeight": 2640,
ks-21-6614-conviction-set	Print the verdict and the page digests to the log	2026-09-12T03:24:38.4573517Z       "paper": {
ks-21-6614-conviction-set	Print the verdict and the page digests to the log	2026-09-12T03:24:38.4573609Z         "x0": 204,
ks-21-6614-conviction-set	Print the verdict and the page digests to the log	2026-09-12T03:24:38.4573697Z         "y0": 3,
ks-21-6614-conviction-set	Print the verdict and the page digests to the log	2026-09-12T03:24:38.4573778Z         "x1": 2243,
ks-21-6614-conviction-set	Print the verdict and the page digests to the log	2026-09-12T03:24:38.4573868Z         "y1": 2642,
ks-21-6614-conviction-set	Print the verdict and the page digests to the log	2026-09-12T03:24:38.4573961Z         "width": 2040,
ks-21-6614-conviction-set	Print the verdict and the page digests to the log	2026-09-12T03:24:38.4574044Z         "height": 2640
ks-21-6614-conviction-set	Print the verdict and the page digests to the log	2026-09-12T03:24:38.4574130Z       },
ks-21-6614-conviction-set	Print the verdict and the page digests to the log	2026-09-12T03:24:38.4574237Z       "pxPerPt": 3.3333333333333335,
ks-21-6614-conviction-set	Print the verdict and the page digests to the log	2026-09-12T03:24:38.4574368Z       "expectedPxPerPt": 3.333333333333333,
ks-21-6614-conviction-set	Print the verdict and the page digests to the log	2026-09-12T03:24:38.4574465Z       "pageWidthPt": 612,
ks-21-6614-conviction-set	Print the verdict and the page digests to the log	2026-09-12T03:24:38.4574556Z       "pageHeightPt": 792,
ks-21-6614-conviction-set	Print the verdict and the page digests to the log	2026-09-12T03:24:38.4574652Z       "expectedPx": {
ks-21-6614-conviction-set	Print the verdict and the page digests to the log	2026-09-12T03:24:38.4574765Z         "width": 2039.9999999999998,
ks-21-6614-conviction-set	Print the verdict and the page digests to the log	2026-09-12T03:24:38.4574874Z         "height": 2639.9999999999995,
ks-21-6614-conviction-set	Print the verdict and the page digests to the log	2026-09-12T03:24:38.4575062Z         "tolerancePx": 6.666666666666666
ks-21-6614-conviction-set	Print the verdict and the page digests to the log	2026-09-12T03:24:38.4575153Z       },
ks-21-6614-conviction-set	Print the verdict and the page digests to the log	2026-09-12T03:24:38.4575273Z       "calibrationResidualPx": 0,
ks-21-6614-conviction-set	Print the verdict and the page digests to the log	2026-09-12T03:24:38.4575434Z       "inkFractionInsidePaper": 0.047558117944147354,
ks-21-6614-conviction-set	Print the verdict and the page digests to the log	2026-09-12T03:24:38.4575529Z       "nonblank": true,
ks-21-6614-conviction-set	Print the verdict and the page digests to the log	2026-09-12T03:24:38.4575654Z       "croppedToThePage": true
ks-21-6614-conviction-set	Print the verdict and the page digests to the log	2026-09-12T03:24:38.4575745Z     },
ks-21-6614-conviction-set	Print the verdict and the page digests to the log	2026-09-12T03:24:38.4575831Z     {
ks-21-6614-conviction-set	Print the verdict and the page digests to the log	2026-09-12T03:24:38.4575934Z       "kind": "boundary",
ks-21-6614-conviction-set	Print the verdict and the page digests to the log	2026-09-12T03:24:38.4576056Z       "document": "boundary.pdf",
ks-21-6614-conviction-set	Print the verdict and the page digests to the log	2026-09-12T03:24:38.4576146Z       "page": 19,
ks-21-6614-conviction-set	Print the verdict and the page digests to the log	2026-09-12T03:24:38.4576331Z       "png": "ks-21-6614-conviction-set/boundary/page-019.png",
ks-21-6614-conviction-set	Print the verdict and the page digests to the log	2026-09-12T03:24:38.4576430Z       "bytes": 465351,
ks-21-6614-conviction-set	Print the verdict and the page digests to the log	2026-09-12T03:24:38.4576674Z       "pngSha256": "b10d3b193f496a52f4c2226a0368de3403b367235d7350d49271ed098566766e",
ks-21-6614-conviction-set	Print the verdict and the page digests to the log	2026-09-12T03:24:38.4576779Z       "pngWidth": 2040,
ks-21-6614-conviction-set	Print the verdict and the page digests to the log	2026-09-12T03:24:38.4576874Z       "pngHeight": 2640,
ks-21-6614-conviction-set	Print the verdict and the page digests to the log	2026-09-12T03:24:38.4576969Z       "paper": {
ks-21-6614-conviction-set	Print the verdict and the page digests to the log	2026-09-12T03:24:38.4577068Z         "x0": 204,
ks-21-6614-conviction-set	Print the verdict and the page digests to the log	2026-09-12T03:24:38.4577153Z         "y0": 3,
ks-21-6614-conviction-set	Print the verdict and the page digests to the log	2026-09-12T03:24:38.4577250Z         "x1": 2243,
ks-21-6614-conviction-set	Print the verdict and the page digests to the log	2026-09-12T03:24:38.4577345Z         "y1": 2642,
ks-21-6614-conviction-set	Print the verdict and the page digests to the log	2026-09-12T03:24:38.4577544Z         "width": 2040,
ks-21-6614-conviction-set	Print the verdict and the page digests to the log	2026-09-12T03:24:38.4577635Z         "height": 2640
ks-21-6614-conviction-set	Print the verdict and the page digests to the log	2026-09-12T03:24:38.4577719Z       },
ks-21-6614-conviction-set	Print the verdict and the page digests to the log	2026-09-12T03:24:38.4577826Z       "pxPerPt": 3.3333333333333335,
ks-21-6614-conviction-set	Print the verdict and the page digests to the log	2026-09-12T03:24:38.4577957Z       "expectedPxPerPt": 3.333333333333333,
ks-21-6614-conviction-set	Print the verdict and the page digests to the log	2026-09-12T03:24:38.4578050Z       "pageWidthPt": 612,
ks-21-6614-conviction-set	Print the verdict and the page digests to the log	2026-09-12T03:24:38.4578149Z       "pageHeightPt": 792,
ks-21-6614-conviction-set	Print the verdict and the page digests to the log	2026-09-12T03:24:38.4578243Z       "expectedPx": {
ks-21-6614-conviction-set	Print the verdict and the page digests to the log	2026-09-12T03:24:38.4578348Z         "width": 2039.9999999999998,
ks-21-6614-conviction-set	Print the verdict and the page digests to the log	2026-09-12T03:24:38.4578462Z         "height": 2639.9999999999995,
ks-21-6614-conviction-set	Print the verdict and the page digests to the log	2026-09-12T03:24:38.4578583Z         "tolerancePx": 6.666666666666666
ks-21-6614-conviction-set	Print the verdict and the page digests to the log	2026-09-12T03:24:38.4578660Z       },
ks-21-6614-conviction-set	Print the verdict and the page digests to the log	2026-09-12T03:24:38.4578781Z       "calibrationResidualPx": 0,
ks-21-6614-conviction-set	Print the verdict and the page digests to the log	2026-09-12T03:24:38.4578935Z       "inkFractionInsidePaper": 0.053242164289958406,
ks-21-6614-conviction-set	Print the verdict and the page digests to the log	2026-09-12T03:24:38.4579030Z       "nonblank": true,
ks-21-6614-conviction-set	Print the verdict and the page digests to the log	2026-09-12T03:24:38.4579149Z       "croppedToThePage": true
ks-21-6614-conviction-set	Print the verdict and the page digests to the log	2026-09-12T03:24:38.4579235Z     },
ks-21-6614-conviction-set	Print the verdict and the page digests to the log	2026-09-12T03:24:38.4579312Z     {
ks-21-6614-conviction-set	Print the verdict and the page digests to the log	2026-09-12T03:24:38.4579413Z       "kind": "boundary",
ks-21-6614-conviction-set	Print the verdict and the page digests to the log	2026-09-12T03:24:38.4579523Z       "document": "boundary.pdf",
ks-21-6614-conviction-set	Print the verdict and the page digests to the log	2026-09-12T03:24:38.4579619Z       "page": 20,
ks-21-6614-conviction-set	Print the verdict and the page digests to the log	2026-09-12T03:24:38.4579797Z       "png": "ks-21-6614-conviction-set/boundary/page-020.png",
ks-21-6614-conviction-set	Print the verdict and the page digests to the log	2026-09-12T03:24:38.4579883Z       "bytes": 76077,
ks-21-6614-conviction-set	Print the verdict and the page digests to the log	2026-09-12T03:24:38.4580137Z       "pngSha256": "5e12a88b93c45980d64e7720d99595dff8f98cd0abfe9221e9cf2093f848e90b",
ks-21-6614-conviction-set	Print the verdict and the page digests to the log	2026-09-12T03:24:38.4580234Z       "pngWidth": 2040,
ks-21-6614-conviction-set	Print the verdict and the page digests to the log	2026-09-12T03:24:38.4580323Z       "pngHeight": 2640,
ks-21-6614-conviction-set	Print the verdict and the page digests to the log	2026-09-12T03:24:38.4580413Z       "paper": {
ks-21-6614-conviction-set	Print the verdict and the page digests to the log	2026-09-12T03:24:38.4580502Z         "x0": 204,
ks-21-6614-conviction-set	Print the verdict and the page digests to the log	2026-09-12T03:24:38.4580684Z         "y0": 3,
ks-21-6614-conviction-set	Print the verdict and the page digests to the log	2026-09-12T03:24:38.4580778Z         "x1": 2243,
ks-21-6614-conviction-set	Print the verdict and the page digests to the log	2026-09-12T03:24:38.4580864Z         "y1": 2642,
ks-21-6614-conviction-set	Print the verdict and the page digests to the log	2026-09-12T03:24:38.4580962Z         "width": 2040,
ks-21-6614-conviction-set	Print the verdict and the page digests to the log	2026-09-12T03:24:38.4581060Z         "height": 2640
ks-21-6614-conviction-set	Print the verdict and the page digests to the log	2026-09-12T03:24:38.4581147Z       },
ks-21-6614-conviction-set	Print the verdict and the page digests to the log	2026-09-12T03:24:38.4581269Z       "pxPerPt": 3.3333333333333335,
ks-21-6614-conviction-set	Print the verdict and the page digests to the log	2026-09-12T03:24:38.4581402Z       "expectedPxPerPt": 3.333333333333333,
ks-21-6614-conviction-set	Print the verdict and the page digests to the log	2026-09-12T03:24:38.4581501Z       "pageWidthPt": 612,
ks-21-6614-conviction-set	Print the verdict and the page digests to the log	2026-09-12T03:24:38.4581605Z       "pageHeightPt": 792,
ks-21-6614-conviction-set	Print the verdict and the page digests to the log	2026-09-12T03:24:38.4581707Z       "expectedPx": {
ks-21-6614-conviction-set	Print the verdict and the page digests to the log	2026-09-12T03:24:38.4581817Z         "width": 2039.9999999999998,
ks-21-6614-conviction-set	Print the verdict and the page digests to the log	2026-09-12T03:24:38.4581939Z         "height": 2639.9999999999995,
ks-21-6614-conviction-set	Print the verdict and the page digests to the log	2026-09-12T03:24:38.4582060Z         "tolerancePx": 6.666666666666666
ks-21-6614-conviction-set	Print the verdict and the page digests to the log	2026-09-12T03:24:38.4582157Z       },
ks-21-6614-conviction-set	Print the verdict and the page digests to the log	2026-09-12T03:24:38.4582283Z       "calibrationResidualPx": 0,
ks-21-6614-conviction-set	Print the verdict and the page digests to the log	2026-09-12T03:24:38.4582432Z       "inkFractionInsidePaper": 0.005459744503862151,
ks-21-6614-conviction-set	Print the verdict and the page digests to the log	2026-09-12T03:24:38.4582536Z       "nonblank": true,
ks-21-6614-conviction-set	Print the verdict and the page digests to the log	2026-09-12T03:24:38.4582660Z       "croppedToThePage": true
ks-21-6614-conviction-set	Print the verdict and the page digests to the log	2026-09-12T03:24:38.4582743Z     }
ks-21-6614-conviction-set	Print the verdict and the page digests to the log	2026-09-12T03:24:38.4582835Z   ],
ks-21-6614-conviction-set	Print the verdict and the page digests to the log	2026-09-12T03:24:38.4582937Z   "problems": [],
ks-21-6614-conviction-set	Print the verdict and the page digests to the log	2026-09-12T03:24:38.4583047Z   "environmentProblems": [],
ks-21-6614-conviction-set	Print the verdict and the page digests to the log	2026-09-12T03:24:38.4583595Z   "whatThisDoesNotDecide": "This is one gate. RASTER_PASS does not make a family PASS_COMPLETE, promotes nothing, and opens no commercial route.",
ks-21-6614-conviction-set	Print the verdict and the page digests to the log	2026-09-12T03:24:38.4583715Z   "packetPdfsModified": 0,
ks-21-6614-conviction-set	Print the verdict and the page digests to the log	2026-09-12T03:24:38.4583809Z   "bodiesCommitted": 0,
ks-21-6614-conviction-set	Print the verdict and the page digests to the log	2026-09-12T03:24:38.4583935Z   "commercialRoutesOpened": 0,
ks-21-6614-conviction-set	Print the verdict and the page digests to the log	2026-09-12T03:24:38.4584038Z   "productionTouched": false
ks-21-6614-conviction-set	Print the verdict and the page digests to the log	2026-09-12T03:24:38.4584132Z }
ks-21-6614-conviction-set	Print the verdict and the page digests to the log	2026-09-12T03:24:38.4584370Z ===== END VERDICT ks-21-6614-conviction-set.verdict.json =====
ks-21-6614-conviction-set	Print the verdict and the page digests to the log	2026-09-12T03:24:38.4584501Z ===== BEGIN PAGE DIGESTS =====
ks-21-6614-conviction-set	Print the verdict and the page digests to the log	2026-09-12T03:24:38.4584992Z 1eb8105dd85835c119ffbeafae4cb1c0e71978e1cc8f23f7a56ce71666f62764  raster-out/ks-21-6614-conviction-set/boundary/page-001.png
ks-21-6614-conviction-set	Print the verdict and the page digests to the log	2026-09-12T03:24:38.4585538Z af24c9dbda28bfb1c6c909d43cffbf0646fe10e673e5afec8fe2f5318ec1102e  raster-out/ks-21-6614-conviction-set/boundary/page-002.png
ks-21-6614-conviction-set	Print the verdict and the page digests to the log	2026-09-12T03:24:38.4585995Z b507fef0ee7cec28baf72d29630043a842ee83baf9e9342aecc2a3f85f1d6060  raster-out/ks-21-6614-conviction-set/boundary/page-003.png
ks-21-6614-conviction-set	Print the verdict and the page digests to the log	2026-09-12T03:24:38.4586453Z 46e5a137a8f8b544891fd4abbaa5f19b1c8436d955840c016519efe086449e68  raster-out/ks-21-6614-conviction-set/boundary/page-004.png
ks-21-6614-conviction-set	Print the verdict and the page digests to the log	2026-09-12T03:24:38.4586989Z 0ae20ffea54c5527b45ebbde50fee100364d64fab8ae230749cfd9144bde7965  raster-out/ks-21-6614-conviction-set/boundary/page-005.png
ks-21-6614-conviction-set	Print the verdict and the page digests to the log	2026-09-12T03:24:38.4587439Z 561946a9c82d5d2ec0c32b4e11f3118e5b755e8cb94f2386c1931798f7ef9249  raster-out/ks-21-6614-conviction-set/boundary/page-006.png
ks-21-6614-conviction-set	Print the verdict and the page digests to the log	2026-09-12T03:24:38.4587880Z 8df37d7461cc8b519e8776d3ae1123b7f6c9fc16130d3204a4e981a2538d33b2  raster-out/ks-21-6614-conviction-set/boundary/page-007.png
ks-21-6614-conviction-set	Print the verdict and the page digests to the log	2026-09-12T03:24:38.4588333Z b3bf0ed50b09509d4b9c905f1ce8a84c43c42904ac3e93813ef59e96a7780472  raster-out/ks-21-6614-conviction-set/boundary/page-008.png
ks-21-6614-conviction-set	Print the verdict and the page digests to the log	2026-09-12T03:24:38.4588779Z 02d707e742856368878e6d5d5c406d1492e24e1c002f6d04cbb1f8e2bacc5f0a  raster-out/ks-21-6614-conviction-set/boundary/page-009.png
ks-21-6614-conviction-set	Print the verdict and the page digests to the log	2026-09-12T03:24:38.4589274Z ace8c605b1cf7c39bd04bf2491724adf984a36cf232ed0acd41c230992db1208  raster-out/ks-21-6614-conviction-set/boundary/page-010.png
ks-21-6614-conviction-set	Print the verdict and the page digests to the log	2026-09-12T03:24:38.4589739Z 97f243a8ea966b1ae2885410b3ba6954d6890c87af836faf786ac111411a0bbd  raster-out/ks-21-6614-conviction-set/boundary/page-011.png
ks-21-6614-conviction-set	Print the verdict and the page digests to the log	2026-09-12T03:24:38.4590202Z bec2aa8b35f69325b4570902a21a323f295af4b2210897efa89b964fbe35bdd3  raster-out/ks-21-6614-conviction-set/boundary/page-012.png
ks-21-6614-conviction-set	Print the verdict and the page digests to the log	2026-09-12T03:24:38.4590740Z 9b76c2c68e55dc7d05a69aa20d6e2c1434900621869295c8ef7a8f30b1e24f4e  raster-out/ks-21-6614-conviction-set/boundary/page-013.png
ks-21-6614-conviction-set	Print the verdict and the page digests to the log	2026-09-12T03:24:38.4591225Z a3242dd783effeb31900b597ba0d16978883a4173d6b5d5ded83933ad085dc5d  raster-out/ks-21-6614-conviction-set/boundary/page-014.png
ks-21-6614-conviction-set	Print the verdict and the page digests to the log	2026-09-12T03:24:38.4591693Z 3ef7cc05d9e77550b7674c078fbd007955bd92a4b915bb24727fb3206f1d161e  raster-out/ks-21-6614-conviction-set/boundary/page-015.png
ks-21-6614-conviction-set	Print the verdict and the page digests to the log	2026-09-12T03:24:38.4592143Z b0e271add48b901c176083c7df7322c30bec7dda8fd3065124c9555c3329aa6a  raster-out/ks-21-6614-conviction-set/boundary/page-016.png
ks-21-6614-conviction-set	Print the verdict and the page digests to the log	2026-09-12T03:24:38.4592607Z 168e8f82815a8a8d5279aa38783d289eef45a1f506c052e6994195246e0c1c50  raster-out/ks-21-6614-conviction-set/boundary/page-017.png
ks-21-6614-conviction-set	Print the verdict and the page digests to the log	2026-09-12T03:24:38.4593067Z 06e08ee930b599be1dbc36d559f67e9dd772daa56224284a5c2fbb4df2898cf7  raster-out/ks-21-6614-conviction-set/boundary/page-018.png
ks-21-6614-conviction-set	Print the verdict and the page digests to the log	2026-09-12T03:24:38.4593518Z b10d3b193f496a52f4c2226a0368de3403b367235d7350d49271ed098566766e  raster-out/ks-21-6614-conviction-set/boundary/page-019.png
ks-21-6614-conviction-set	Print the verdict and the page digests to the log	2026-09-12T03:24:38.4593979Z 5e12a88b93c45980d64e7720d99595dff8f98cd0abfe9221e9cf2093f848e90b  raster-out/ks-21-6614-conviction-set/boundary/page-020.png
ks-21-6614-conviction-set	Print the verdict and the page digests to the log	2026-09-12T03:24:38.4594481Z ed961d939ed278ce2035f9dcf10501cf1bbddf779462ff2194e0de6ea85cabfb  raster-out/ks-21-6614-conviction-set/boundary/page-calibration.png
ks-21-6614-conviction-set	Print the verdict and the page digests to the log	2026-09-12T03:24:38.4594948Z c9e8a00f998638b24ed59c2ddeab880b5ea4c10bd0be8b1edb107e525f77248f  raster-out/ks-21-6614-conviction-set/canonical/page-001.png
ks-21-6614-conviction-set	Print the verdict and the page digests to the log	2026-09-12T03:24:38.4595413Z 9992a99db3f73f67a2e4feb9024499b1416ec6371ef8a236ed5d030156fe6ce8  raster-out/ks-21-6614-conviction-set/canonical/page-002.png
ks-21-6614-conviction-set	Print the verdict and the page digests to the log	2026-09-12T03:24:38.4595963Z b507fef0ee7cec28baf72d29630043a842ee83baf9e9342aecc2a3f85f1d6060  raster-out/ks-21-6614-conviction-set/canonical/page-003.png
ks-21-6614-conviction-set	Print the verdict and the page digests to the log	2026-09-12T03:24:38.4596411Z 7fe08299d7e27df64c0128106e938d9dbd64cf09c3cc12ad48df7d4af60b0b81  raster-out/ks-21-6614-conviction-set/canonical/page-004.png
ks-21-6614-conviction-set	Print the verdict and the page digests to the log	2026-09-12T03:24:38.4596870Z 0ae20ffea54c5527b45ebbde50fee100364d64fab8ae230749cfd9144bde7965  raster-out/ks-21-6614-conviction-set/canonical/page-005.png
ks-21-6614-conviction-set	Print the verdict and the page digests to the log	2026-09-12T03:24:38.4597315Z 561946a9c82d5d2ec0c32b4e11f3118e5b755e8cb94f2386c1931798f7ef9249  raster-out/ks-21-6614-conviction-set/canonical/page-006.png
ks-21-6614-conviction-set	Print the verdict and the page digests to the log	2026-09-12T03:24:38.4597762Z 8df37d7461cc8b519e8776d3ae1123b7f6c9fc16130d3204a4e981a2538d33b2  raster-out/ks-21-6614-conviction-set/canonical/page-007.png
ks-21-6614-conviction-set	Print the verdict and the page digests to the log	2026-09-12T03:24:38.4598215Z 5d22062ec99e0e6909070a9a5dfc2c8a2bbf870975fe938112366841f83eb4e3  raster-out/ks-21-6614-conviction-set/canonical/page-008.png
ks-21-6614-conviction-set	Print the verdict and the page digests to the log	2026-09-12T03:24:38.4598664Z 45abc39444d5b9391445964b8552ff011747fda4ffdf259e37766f8381fc460e  raster-out/ks-21-6614-conviction-set/canonical/page-009.png
ks-21-6614-conviction-set	Print the verdict and the page digests to the log	2026-09-12T03:24:38.4599111Z 2fb56920eef4e2e64388149944e0e8795906af6d5e5710f1483b01cc64ba97b4  raster-out/ks-21-6614-conviction-set/canonical/page-010.png
ks-21-6614-conviction-set	Print the verdict and the page digests to the log	2026-09-12T03:24:38.4599623Z 97f243a8ea966b1ae2885410b3ba6954d6890c87af836faf786ac111411a0bbd  raster-out/ks-21-6614-conviction-set/canonical/page-011.png
ks-21-6614-conviction-set	Print the verdict and the page digests to the log	2026-09-12T03:24:38.4600221Z bec2aa8b35f69325b4570902a21a323f295af4b2210897efa89b964fbe35bdd3  raster-out/ks-21-6614-conviction-set/canonical/page-012.png
ks-21-6614-conviction-set	Print the verdict and the page digests to the log	2026-09-12T03:24:38.4600858Z 9b76c2c68e55dc7d05a69aa20d6e2c1434900621869295c8ef7a8f30b1e24f4e  raster-out/ks-21-6614-conviction-set/canonical/page-013.png
ks-21-6614-conviction-set	Print the verdict and the page digests to the log	2026-09-12T03:24:38.4601336Z a3242dd783effeb31900b597ba0d16978883a4173d6b5d5ded83933ad085dc5d  raster-out/ks-21-6614-conviction-set/canonical/page-014.png
ks-21-6614-conviction-set	Print the verdict and the page digests to the log	2026-09-12T03:24:38.4601795Z 2d0ad0278f8d7b4429787c1019742558142bbeee9f7e7c924ae83555d1aa59d5  raster-out/ks-21-6614-conviction-set/canonical/page-015.png
ks-21-6614-conviction-set	Print the verdict and the page digests to the log	2026-09-12T03:24:38.4602262Z b0e271add48b901c176083c7df7322c30bec7dda8fd3065124c9555c3329aa6a  raster-out/ks-21-6614-conviction-set/canonical/page-016.png
ks-21-6614-conviction-set	Print the verdict and the page digests to the log	2026-09-12T03:24:38.4602708Z 168e8f82815a8a8d5279aa38783d289eef45a1f506c052e6994195246e0c1c50  raster-out/ks-21-6614-conviction-set/canonical/page-017.png
ks-21-6614-conviction-set	Print the verdict and the page digests to the log	2026-09-12T03:24:38.4603171Z 2c9ab513185a65dfe1fb93d3de9897ffb79a4468f0bfb138f77fad170bd12990  raster-out/ks-21-6614-conviction-set/canonical/page-018.png
ks-21-6614-conviction-set	Print the verdict and the page digests to the log	2026-09-12T03:24:38.4603619Z b10d3b193f496a52f4c2226a0368de3403b367235d7350d49271ed098566766e  raster-out/ks-21-6614-conviction-set/canonical/page-019.png
ks-21-6614-conviction-set	Print the verdict and the page digests to the log	2026-09-12T03:24:38.4604061Z 5e12a88b93c45980d64e7720d99595dff8f98cd0abfe9221e9cf2093f848e90b  raster-out/ks-21-6614-conviction-set/canonical/page-020.png
ks-21-6614-conviction-set	Print the verdict and the page digests to the log	2026-09-12T03:24:38.4604601Z ed961d939ed278ce2035f9dcf10501cf1bbddf779462ff2194e0de6ea85cabfb  raster-out/ks-21-6614-conviction-set/canonical/page-calibration.png
ks-21-6614-conviction-set	Print the verdict and the page digests to the log	2026-09-12T03:24:38.4604736Z ===== END PAGE DIGESTS =====
ks-21-6614-conviction-set	Refuse a modified packet byte	﻿2026-09-12T03:24:38.4628001Z ##[group]Run set -euo pipefail
ks-21-6614-conviction-set	Refuse a modified packet byte	2026-09-12T03:24:38.4628170Z ^[[36;1mset -euo pipefail^[[0m
ks-21-6614-conviction-set	Refuse a modified packet byte	2026-09-12T03:24:38.4628361Z ^[[36;1m# The render writes only under raster-out/. If a tracked file moved,^[[0m
ks-21-6614-conviction-set	Refuse a modified packet byte	2026-09-12T03:24:38.4628561Z ^[[36;1m# something wrote where it must not.^[[0m
ks-21-6614-conviction-set	Refuse a modified packet byte	2026-09-12T03:24:38.4628794Z ^[[36;1mgit diff --quiet && git diff --cached --quiet \^[[0m
ks-21-6614-conviction-set	Refuse a modified packet byte	2026-09-12T03:24:38.4629133Z ^[[36;1m  || { echo "REFUSED: the render modified tracked files"; git status --porcelain; exit 1; }^[[0m
ks-21-6614-conviction-set	Refuse a modified packet byte	2026-09-12T03:24:38.4653115Z shell: /usr/bin/bash -e {0}
ks-21-6614-conviction-set	Refuse a modified packet byte	2026-09-12T03:24:38.4653225Z env:
ks-21-6614-conviction-set	Refuse a modified packet byte	2026-09-12T03:24:38.4653411Z   pythonLocation: /opt/hostedtoolcache/Python/3.12.14/x64
ks-21-6614-conviction-set	Refuse a modified packet byte	2026-09-12T03:24:38.4653606Z   PKG_CONFIG_PATH: /opt/hostedtoolcache/Python/3.12.14/x64/lib/pkgconfig
ks-21-6614-conviction-set	Refuse a modified packet byte	2026-09-12T03:24:38.4653756Z   Python_ROOT_DIR: /opt/hostedtoolcache/Python/3.12.14/x64
ks-21-6614-conviction-set	Refuse a modified packet byte	2026-09-12T03:24:38.4653913Z   Python2_ROOT_DIR: /opt/hostedtoolcache/Python/3.12.14/x64
ks-21-6614-conviction-set	Refuse a modified packet byte	2026-09-12T03:24:38.4654055Z   Python3_ROOT_DIR: /opt/hostedtoolcache/Python/3.12.14/x64
ks-21-6614-conviction-set	Refuse a modified packet byte	2026-09-12T03:24:38.4654381Z   LD_LIBRARY_PATH: /opt/hostedtoolcache/Python/3.12.14/x64/lib
ks-21-6614-conviction-set	Refuse a modified packet byte	2026-09-12T03:24:38.4654549Z   PLAYWRIGHT_BROWSERS_PATH: /home/runner/.cache/ms-playwright
ks-21-6614-conviction-set	Refuse a modified packet byte	2026-09-12T03:24:38.4654640Z ##[endgroup]
ks-21-6614-conviction-set	Artifact-safe label for this family	﻿2026-09-12T03:24:39.1587296Z ##[group]Run printf 'FAMILY_SLUG=%s\n' "$(printf '%s' "$FAMILY" | tr -c 'A-Za-z0-9._-' '_')" >> "$GITHUB_ENV"
ks-21-6614-conviction-set	Artifact-safe label for this family	2026-09-12T03:24:39.1587962Z ^[[36;1mprintf 'FAMILY_SLUG=%s\n' "$(printf '%s' "$FAMILY" | tr -c 'A-Za-z0-9._-' '_')" >> "$GITHUB_ENV"^[[0m
ks-21-6614-conviction-set	Artifact-safe label for this family	2026-09-12T03:24:39.1612559Z shell: /usr/bin/bash -e {0}
ks-21-6614-conviction-set	Artifact-safe label for this family	2026-09-12T03:24:39.1612850Z env:
ks-21-6614-conviction-set	Artifact-safe label for this family	2026-09-12T03:24:39.1613158Z   pythonLocation: /opt/hostedtoolcache/Python/3.12.14/x64
ks-21-6614-conviction-set	Artifact-safe label for this family	2026-09-12T03:24:39.1613581Z   PKG_CONFIG_PATH: /opt/hostedtoolcache/Python/3.12.14/x64/lib/pkgconfig
ks-21-6614-conviction-set	Artifact-safe label for this family	2026-09-12T03:24:39.1613987Z   Python_ROOT_DIR: /opt/hostedtoolcache/Python/3.12.14/x64
ks-21-6614-conviction-set	Artifact-safe label for this family	2026-09-12T03:24:39.1614362Z   Python2_ROOT_DIR: /opt/hostedtoolcache/Python/3.12.14/x64
ks-21-6614-conviction-set	Artifact-safe label for this family	2026-09-12T03:24:39.1614716Z   Python3_ROOT_DIR: /opt/hostedtoolcache/Python/3.12.14/x64
ks-21-6614-conviction-set	Artifact-safe label for this family	2026-09-12T03:24:39.1615091Z   LD_LIBRARY_PATH: /opt/hostedtoolcache/Python/3.12.14/x64/lib
ks-21-6614-conviction-set	Artifact-safe label for this family	2026-09-12T03:24:39.1615473Z   PLAYWRIGHT_BROWSERS_PATH: /home/runner/.cache/ms-playwright
ks-21-6614-conviction-set	Artifact-safe label for this family	2026-09-12T03:24:39.1615812Z   FAMILY: ks-21-6614-conviction-set
ks-21-6614-conviction-set	Artifact-safe label for this family	2026-09-12T03:24:39.1616129Z ##[endgroup]
ks-21-6614-conviction-set	Run actions/upload-artifact@v4	﻿2026-09-12T03:24:39.1740706Z Node 20 is being deprecated. This workflow is running with Node 24 by default. If you need to temporarily use Node 20, you can set the ACTIONS_ALLOW_USE_UNSECURE_NODE_VERSION=true environment variable. For more information see: https://github.blog/changelog/2025-09-19-deprecation-of-node-20-on-github-actions-runners/
ks-21-6614-conviction-set	Run actions/upload-artifact@v4	2026-09-12T03:24:39.1741953Z ##[group]Run actions/upload-artifact@v4
ks-21-6614-conviction-set	Run actions/upload-artifact@v4	2026-09-12T03:24:39.1742231Z with:
ks-21-6614-conviction-set	Run actions/upload-artifact@v4	2026-09-12T03:24:39.1742508Z   name: rcap-raster-ks-21-6614-conviction-set-34669691683
ks-21-6614-conviction-set	Run actions/upload-artifact@v4	2026-09-12T03:24:39.1742843Z   path: raster-out/
ks-21-6614-conviction-set	Run actions/upload-artifact@v4	2026-09-12T03:24:39.1743080Z   if-no-files-found: error
ks-21-6614-conviction-set	Run actions/upload-artifact@v4	2026-09-12T03:24:39.1743334Z   retention-days: 14
ks-21-6614-conviction-set	Run actions/upload-artifact@v4	2026-09-12T03:24:39.1743583Z   compression-level: 6
ks-21-6614-conviction-set	Run actions/upload-artifact@v4	2026-09-12T03:24:39.1743817Z   overwrite: false
ks-21-6614-conviction-set	Run actions/upload-artifact@v4	2026-09-12T03:24:39.1744044Z   include-hidden-files: false
ks-21-6614-conviction-set	Run actions/upload-artifact@v4	2026-09-12T03:24:39.1744281Z env:
ks-21-6614-conviction-set	Run actions/upload-artifact@v4	2026-09-12T03:24:39.1744548Z   pythonLocation: /opt/hostedtoolcache/Python/3.12.14/x64
ks-21-6614-conviction-set	Run actions/upload-artifact@v4	2026-09-12T03:24:39.1744965Z   PKG_CONFIG_PATH: /opt/hostedtoolcache/Python/3.12.14/x64/lib/pkgconfig
ks-21-6614-conviction-set	Run actions/upload-artifact@v4	2026-09-12T03:24:39.1745423Z   Python_ROOT_DIR: /opt/hostedtoolcache/Python/3.12.14/x64
ks-21-6614-conviction-set	Run actions/upload-artifact@v4	2026-09-12T03:24:39.1745794Z   Python2_ROOT_DIR: /opt/hostedtoolcache/Python/3.12.14/x64
ks-21-6614-conviction-set	Run actions/upload-artifact@v4	2026-09-12T03:24:39.1746163Z   Python3_ROOT_DIR: /opt/hostedtoolcache/Python/3.12.14/x64
ks-21-6614-conviction-set	Run actions/upload-artifact@v4	2026-09-12T03:24:39.1746539Z   LD_LIBRARY_PATH: /opt/hostedtoolcache/Python/3.12.14/x64/lib
ks-21-6614-conviction-set	Run actions/upload-artifact@v4	2026-09-12T03:24:39.1746934Z   PLAYWRIGHT_BROWSERS_PATH: /home/runner/.cache/ms-playwright
ks-21-6614-conviction-set	Run actions/upload-artifact@v4	2026-09-12T03:24:39.1747279Z   FAMILY_SLUG: ks-21-6614-conviction-set
ks-21-6614-conviction-set	Run actions/upload-artifact@v4	2026-09-12T03:24:39.1747553Z ##[endgroup]
ks-21-6614-conviction-set	Run actions/upload-artifact@v4	2026-09-12T03:24:39.3327547Z (node:10005) [DEP0040] DeprecationWarning: The `punycode` module is deprecated. Please use a userland alternative instead.
ks-21-6614-conviction-set	Run actions/upload-artifact@v4	2026-09-12T03:24:39.3328528Z (Use `node --trace-deprecation ...` to show where the warning was created)
ks-21-6614-conviction-set	Run actions/upload-artifact@v4	2026-09-12T03:24:39.3459844Z With the provided path, there will be 48 files uploaded
ks-21-6614-conviction-set	Run actions/upload-artifact@v4	2026-09-12T03:24:39.3471952Z Artifact name is valid!
ks-21-6614-conviction-set	Run actions/upload-artifact@v4	2026-09-12T03:24:39.3472527Z Root directory input is valid!
ks-21-6614-conviction-set	Run actions/upload-artifact@v4	2026-09-12T03:24:39.6860186Z Beginning upload of artifact content to blob storage
ks-21-6614-conviction-set	Run actions/upload-artifact@v4	2026-09-12T03:24:40.0118967Z (node:10005) [DEP0169] DeprecationWarning: `url.parse()` behavior is not standardized and prone to errors that have security implications. Use the WHATWG URL API instead. CVEs are not issued for `url.parse()` vulnerabilities.
ks-21-6614-conviction-set	Run actions/upload-artifact@v4	2026-09-12T03:24:40.6751155Z Uploaded bytes 8388608
ks-21-6614-conviction-set	Run actions/upload-artifact@v4	2026-09-12T03:24:40.7689909Z Uploaded bytes 10961242
ks-21-6614-conviction-set	Run actions/upload-artifact@v4	2026-09-12T03:24:40.8256727Z Finished uploading artifact content to blob storage!
ks-21-6614-conviction-set	Run actions/upload-artifact@v4	2026-09-12T03:24:40.8258038Z SHA256 digest of uploaded artifact zip is 6a2e3eed8033778069217364b1249314dca44c5b26f8c027a3c853168df7cc2e
ks-21-6614-conviction-set	Run actions/upload-artifact@v4	2026-09-12T03:24:40.8259447Z Finalizing artifact upload
ks-21-6614-conviction-set	Run actions/upload-artifact@v4	2026-09-12T03:24:41.0571373Z Artifact rcap-raster-ks-21-6614-conviction-set-34669691683.zip successfully finalized. Artifact ID 10290168452
ks-21-6614-conviction-set	Run actions/upload-artifact@v4	2026-09-12T03:24:41.0572381Z Artifact rcap-raster-ks-21-6614-conviction-set-34669691683 has been successfully uploaded! Final size is 10961242 bytes. Artifact ID is 10290168452
ks-21-6614-conviction-set	Run actions/upload-artifact@v4	2026-09-12T03:24:41.0577291Z Artifact download URL: https://github.com/Roger-LegalEase/legalease-partner-dashboard-clean/actions/runs/34669691683/artifacts/10290168452
ks-21-6614-conviction-set	Post Run actions/setup-python@v5	﻿2026-09-12T03:24:41.0734372Z Node 20 is being deprecated. This workflow is running with Node 24 by default. If you need to temporarily use Node 20, you can set the ACTIONS_ALLOW_USE_UNSECURE_NODE_VERSION=true environment variable. For more information see: https://github.blog/changelog/2025-09-19-deprecation-of-node-20-on-github-actions-runners/
ks-21-6614-conviction-set	Post Run actions/setup-python@v5	2026-09-12T03:24:41.0735483Z Post job cleanup.
ks-21-6614-conviction-set	Post Run actions/setup-python@v5	2026-09-12T03:24:41.1898124Z (node:10017) [DEP0040] DeprecationWarning: The `punycode` module is deprecated. Please use a userland alternative instead.
ks-21-6614-conviction-set	Post Run actions/setup-python@v5	2026-09-12T03:24:41.1899464Z (Use `node --trace-deprecation ...` to show where the warning was created)
ks-21-6614-conviction-set	Post Run actions/setup-node@v4	﻿2026-09-12T03:24:41.2019957Z Node 20 is being deprecated. This workflow is running with Node 24 by default. If you need to temporarily use Node 20, you can set the ACTIONS_ALLOW_USE_UNSECURE_NODE_VERSION=true environment variable. For more information see: https://github.blog/changelog/2025-09-19-deprecation-of-node-20-on-github-actions-runners/
ks-21-6614-conviction-set	Post Run actions/setup-node@v4	2026-09-12T03:24:41.2021511Z Post job cleanup.
ks-21-6614-conviction-set	Post Run actions/setup-node@v4	2026-09-12T03:24:41.3276755Z (node:10025) [DEP0040] DeprecationWarning: The `punycode` module is deprecated. Please use a userland alternative instead.
ks-21-6614-conviction-set	Post Run actions/setup-node@v4	2026-09-12T03:24:41.3278306Z (Use `node --trace-deprecation ...` to show where the warning was created)
ks-21-6614-conviction-set	Post Run actions/checkout@v4	﻿2026-09-12T03:24:41.3454742Z Node 20 is being deprecated. This workflow is running with Node 24 by default. If you need to temporarily use Node 20, you can set the ACTIONS_ALLOW_USE_UNSECURE_NODE_VERSION=true environment variable. For more information see: https://github.blog/changelog/2025-09-19-deprecation-of-node-20-on-github-actions-runners/
ks-21-6614-conviction-set	Post Run actions/checkout@v4	2026-09-12T03:24:41.3456629Z Post job cleanup.
ks-21-6614-conviction-set	Post Run actions/checkout@v4	2026-09-12T03:24:41.4355209Z [command]/usr/bin/git version
ks-21-6614-conviction-set	Post Run actions/checkout@v4	2026-09-12T03:24:41.4394541Z git version 2.55.0
ks-21-6614-conviction-set	Post Run actions/checkout@v4	2026-09-12T03:24:41.4432345Z Temporarily overriding HOME='/home/runner/work/_temp/3f271721-d5d0-4372-af12-a595b965ba73' before making global git config changes
ks-21-6614-conviction-set	Post Run actions/checkout@v4	2026-09-12T03:24:41.4433741Z Adding repository directory to the temporary git global config as a safe directory
ks-21-6614-conviction-set	Post Run actions/checkout@v4	2026-09-12T03:24:41.4435984Z [command]/usr/bin/git config --global --add safe.directory /home/runner/work/legalease-partner-dashboard-clean/legalease-partner-dashboard-clean
ks-21-6614-conviction-set	Post Run actions/checkout@v4	2026-09-12T03:24:41.4475020Z [command]/usr/bin/git config --local --name-only --get-regexp core\.sshCommand
ks-21-6614-conviction-set	Post Run actions/checkout@v4	2026-09-12T03:24:41.4508402Z [command]/usr/bin/git submodule foreach --recursive sh -c "git config --local --name-only --get-regexp 'core\.sshCommand' && git config --local --unset-all 'core.sshCommand' || :"
ks-21-6614-conviction-set	Post Run actions/checkout@v4	2026-09-12T03:24:41.4757764Z [command]/usr/bin/git config --local --name-only --get-regexp http\.https\:\/\/github\.com\/\.extraheader
ks-21-6614-conviction-set	Post Run actions/checkout@v4	2026-09-12T03:24:41.4777916Z http.https://github.com/.extraheader
ks-21-6614-conviction-set	Post Run actions/checkout@v4	2026-09-12T03:24:41.4795105Z [command]/usr/bin/git config --local --unset-all http.https://github.com/.extraheader
ks-21-6614-conviction-set	Post Run actions/checkout@v4	2026-09-12T03:24:41.4832677Z [command]/usr/bin/git submodule foreach --recursive sh -c "git config --local --name-only --get-regexp 'http\.https\:\/\/github\.com\/\.extraheader' && git config --local --unset-all 'http.https://github.com/.extraheader' || :"
ks-21-6614-conviction-set	Post Run actions/checkout@v4	2026-09-12T03:24:41.5134923Z [command]/usr/bin/git config --local --name-only --get-regexp ^includeIf\.gitdir:
ks-21-6614-conviction-set	Post Run actions/checkout@v4	2026-09-12T03:24:41.5171036Z [command]/usr/bin/git submodule foreach --recursive git config --local --show-origin --name-only --get-regexp remote.origin.url
ks-21-6614-conviction-set	Complete job	﻿2026-09-12T03:24:41.5535046Z Cleaning up orphan processes
ks-21-6614-conviction-set	Complete job	2026-09-12T03:24:41.5770282Z ##[warning]Node.js 20 is deprecated. The following actions target Node.js 20 but are being forced to run on Node.js 24: actions/checkout@v4, actions/setup-node@v4, actions/setup-python@v5, actions/upload-artifact@v4. For more information see: https://github.blog/changelog/2025-09-19-deprecation-of-node-20-on-github-actions-runners/
