al-felony-nonconviction-90-set	Set up job	﻿2026-09-12T01:25:42.6771641Z Current runner version: '2.337.0'
al-felony-nonconviction-90-set	Set up job	2026-09-12T01:25:42.6790126Z ##[group]Runner Image Provisioner
al-felony-nonconviction-90-set	Set up job	2026-09-12T01:25:42.6790910Z Hosted Compute Agent
al-felony-nonconviction-90-set	Set up job	2026-09-12T01:25:42.6791407Z Version: 20260828.587
al-felony-nonconviction-90-set	Set up job	2026-09-12T01:25:42.6791928Z Commit: abac92662cab4cc7352de4f9f9d2e2419aad9c29
al-felony-nonconviction-90-set	Set up job	2026-09-12T01:25:42.6792628Z Build Date: 2026-08-28T16:44:25Z
al-felony-nonconviction-90-set	Set up job	2026-09-12T01:25:42.6793399Z Worker ID: {b9fa38b6-70e6-4fa5-a388-eca780b71ab2}
al-felony-nonconviction-90-set	Set up job	2026-09-12T01:25:42.6793995Z Azure Region: westus3
al-felony-nonconviction-90-set	Set up job	2026-09-12T01:25:42.6794494Z ##[endgroup]
al-felony-nonconviction-90-set	Set up job	2026-09-12T01:25:42.6795701Z ##[group]Operating System
al-felony-nonconviction-90-set	Set up job	2026-09-12T01:25:42.6796221Z Ubuntu
al-felony-nonconviction-90-set	Set up job	2026-09-12T01:25:42.6796667Z 24.04.5
al-felony-nonconviction-90-set	Set up job	2026-09-12T01:25:42.6797066Z LTS
al-felony-nonconviction-90-set	Set up job	2026-09-12T01:25:42.6797511Z ##[endgroup]
al-felony-nonconviction-90-set	Set up job	2026-09-12T01:25:42.6797956Z ##[group]Runner Image
al-felony-nonconviction-90-set	Set up job	2026-09-12T01:25:42.6798657Z Image: ubuntu-24.04
al-felony-nonconviction-90-set	Set up job	2026-09-12T01:25:42.6799192Z Version: 20260907.300.1
al-felony-nonconviction-90-set	Set up job	2026-09-12T01:25:42.6800038Z Included Software: https://github.com/actions/runner-images/blob/ubuntu24/20260907.300/images/ubuntu/Ubuntu2404-Readme.md
al-felony-nonconviction-90-set	Set up job	2026-09-12T01:25:42.6801434Z Image Release: https://github.com/actions/runner-images/releases/tag/ubuntu24%2F20260907.300
al-felony-nonconviction-90-set	Set up job	2026-09-12T01:25:42.6802205Z ##[endgroup]
al-felony-nonconviction-90-set	Set up job	2026-09-12T01:25:42.6803274Z ##[group]GITHUB_TOKEN Permissions
al-felony-nonconviction-90-set	Set up job	2026-09-12T01:25:42.6805097Z Contents: read
al-felony-nonconviction-90-set	Set up job	2026-09-12T01:25:42.6805601Z Metadata: read
al-felony-nonconviction-90-set	Set up job	2026-09-12T01:25:42.6806068Z ##[endgroup]
al-felony-nonconviction-90-set	Set up job	2026-09-12T01:25:42.6807736Z Secret source: Actions
al-felony-nonconviction-90-set	Set up job	2026-09-12T01:25:42.6808481Z Cache mode: write
al-felony-nonconviction-90-set	Set up job	2026-09-12T01:25:42.6809101Z Prepare workflow directory
al-felony-nonconviction-90-set	Set up job	2026-09-12T01:25:42.7057952Z Prepare all required actions
al-felony-nonconviction-90-set	Set up job	2026-09-12T01:25:42.7097346Z Getting action download info
al-felony-nonconviction-90-set	Set up job	2026-09-12T01:25:43.0152345Z Download action repository 'actions/checkout@v4' (SHA:11d5960a326750d5838078e36cf38b85af677262)
al-felony-nonconviction-90-set	Set up job	2026-09-12T01:25:43.1263660Z Download action repository 'actions/setup-node@v4' (SHA:49933ea5288caeca8642d1e84afbd3f7d6820020)
al-felony-nonconviction-90-set	Set up job	2026-09-12T01:25:43.3201392Z Download action repository 'actions/setup-python@v5' (SHA:a26af69be951a213d495a4c3e4e4022e16d87065)
al-felony-nonconviction-90-set	Set up job	2026-09-12T01:25:43.5584564Z Download action repository 'actions/upload-artifact@v4' (SHA:ea165f8d65b6e75b540449e92b4886f43607fa02)
al-felony-nonconviction-90-set	Set up job	2026-09-12T01:25:43.9535445Z Complete job name: al-felony-nonconviction-90-set
al-felony-nonconviction-90-set	Run actions/checkout@v4	﻿2026-09-12T01:25:44.0210526Z Node 20 is being deprecated. This workflow is running with Node 24 by default. If you need to temporarily use Node 20, you can set the ACTIONS_ALLOW_USE_UNSECURE_NODE_VERSION=true environment variable. For more information see: https://github.blog/changelog/2025-09-19-deprecation-of-node-20-on-github-actions-runners/
al-felony-nonconviction-90-set	Run actions/checkout@v4	2026-09-12T01:25:44.0219689Z ##[group]Run actions/checkout@v4
al-felony-nonconviction-90-set	Run actions/checkout@v4	2026-09-12T01:25:44.0220724Z with:
al-felony-nonconviction-90-set	Run actions/checkout@v4	2026-09-12T01:25:44.0221603Z   ref: e38cb2ecae5ada6668fa6c7b9739eac208da6378
al-felony-nonconviction-90-set	Run actions/checkout@v4	2026-09-12T01:25:44.0222914Z   repository: Roger-LegalEase/legalease-partner-dashboard-clean
al-felony-nonconviction-90-set	Run actions/checkout@v4	2026-09-12T01:25:44.0230446Z   token: ***
al-felony-nonconviction-90-set	Run actions/checkout@v4	2026-09-12T01:25:44.0231229Z   ssh-strict: true
al-felony-nonconviction-90-set	Run actions/checkout@v4	2026-09-12T01:25:44.0231963Z   ssh-user: git
al-felony-nonconviction-90-set	Run actions/checkout@v4	2026-09-12T01:25:44.0233028Z   persist-credentials: true
al-felony-nonconviction-90-set	Run actions/checkout@v4	2026-09-12T01:25:44.0234058Z   clean: true
al-felony-nonconviction-90-set	Run actions/checkout@v4	2026-09-12T01:25:44.0234858Z   sparse-checkout-cone-mode: true
al-felony-nonconviction-90-set	Run actions/checkout@v4	2026-09-12T01:25:44.0235775Z   fetch-depth: 1
al-felony-nonconviction-90-set	Run actions/checkout@v4	2026-09-12T01:25:44.0236528Z   fetch-tags: false
al-felony-nonconviction-90-set	Run actions/checkout@v4	2026-09-12T01:25:44.0237326Z   show-progress: true
al-felony-nonconviction-90-set	Run actions/checkout@v4	2026-09-12T01:25:44.0238233Z   lfs: false
al-felony-nonconviction-90-set	Run actions/checkout@v4	2026-09-12T01:25:44.0238986Z   submodules: false
al-felony-nonconviction-90-set	Run actions/checkout@v4	2026-09-12T01:25:44.0239773Z   set-safe-directory: true
al-felony-nonconviction-90-set	Run actions/checkout@v4	2026-09-12T01:25:44.0240695Z   allow-unsafe-pr-checkout: false
al-felony-nonconviction-90-set	Run actions/checkout@v4	2026-09-12T01:25:44.0241794Z ##[endgroup]
al-felony-nonconviction-90-set	Run actions/checkout@v4	2026-09-12T01:25:44.1091427Z Syncing repository: Roger-LegalEase/legalease-partner-dashboard-clean
al-felony-nonconviction-90-set	Run actions/checkout@v4	2026-09-12T01:25:44.1094685Z ##[group]Getting Git version info
al-felony-nonconviction-90-set	Run actions/checkout@v4	2026-09-12T01:25:44.1096399Z Working directory is '/home/runner/work/legalease-partner-dashboard-clean/legalease-partner-dashboard-clean'
al-felony-nonconviction-90-set	Run actions/checkout@v4	2026-09-12T01:25:44.1098625Z [command]/usr/bin/git version
al-felony-nonconviction-90-set	Run actions/checkout@v4	2026-09-12T01:25:44.2702594Z git version 2.55.0
al-felony-nonconviction-90-set	Run actions/checkout@v4	2026-09-12T01:25:44.2720565Z ##[endgroup]
al-felony-nonconviction-90-set	Run actions/checkout@v4	2026-09-12T01:25:44.2732839Z Temporarily overriding HOME='/home/runner/work/_temp/a33e6535-58b5-415e-9a26-d7abc09b12cb' before making global git config changes
al-felony-nonconviction-90-set	Run actions/checkout@v4	2026-09-12T01:25:44.2737104Z Adding repository directory to the temporary git global config as a safe directory
al-felony-nonconviction-90-set	Run actions/checkout@v4	2026-09-12T01:25:44.2740464Z [command]/usr/bin/git config --global --add safe.directory /home/runner/work/legalease-partner-dashboard-clean/legalease-partner-dashboard-clean
al-felony-nonconviction-90-set	Run actions/checkout@v4	2026-09-12T01:25:44.2778911Z Deleting the contents of '/home/runner/work/legalease-partner-dashboard-clean/legalease-partner-dashboard-clean'
al-felony-nonconviction-90-set	Run actions/checkout@v4	2026-09-12T01:25:44.2783676Z ##[group]Initializing the repository
al-felony-nonconviction-90-set	Run actions/checkout@v4	2026-09-12T01:25:44.2786696Z [command]/usr/bin/git init /home/runner/work/legalease-partner-dashboard-clean/legalease-partner-dashboard-clean
al-felony-nonconviction-90-set	Run actions/checkout@v4	2026-09-12T01:25:44.2858379Z hint: Using 'master' as the name for the initial branch. This default branch name
al-felony-nonconviction-90-set	Run actions/checkout@v4	2026-09-12T01:25:44.2860728Z hint: will change to "main" in Git 3.0. To configure the initial branch name
al-felony-nonconviction-90-set	Run actions/checkout@v4	2026-09-12T01:25:44.2862563Z hint: to use in all of your new repositories, which will suppress this warning,
al-felony-nonconviction-90-set	Run actions/checkout@v4	2026-09-12T01:25:44.2864296Z hint: call:
al-felony-nonconviction-90-set	Run actions/checkout@v4	2026-09-12T01:25:44.2865011Z hint:
al-felony-nonconviction-90-set	Run actions/checkout@v4	2026-09-12T01:25:44.2866159Z hint: 	git config --global init.defaultBranch <name>
al-felony-nonconviction-90-set	Run actions/checkout@v4	2026-09-12T01:25:44.2867591Z hint:
al-felony-nonconviction-90-set	Run actions/checkout@v4	2026-09-12T01:25:44.2868612Z hint: Names commonly chosen instead of 'master' are 'main', 'trunk' and
al-felony-nonconviction-90-set	Run actions/checkout@v4	2026-09-12T01:25:44.2870223Z hint: 'development'. The just-created branch can be renamed via this command:
al-felony-nonconviction-90-set	Run actions/checkout@v4	2026-09-12T01:25:44.2871876Z hint:
al-felony-nonconviction-90-set	Run actions/checkout@v4	2026-09-12T01:25:44.2872737Z hint: 	git branch -m <name>
al-felony-nonconviction-90-set	Run actions/checkout@v4	2026-09-12T01:25:44.2874129Z hint:
al-felony-nonconviction-90-set	Run actions/checkout@v4	2026-09-12T01:25:44.2875373Z hint: Disable this message with "git config set advice.defaultBranchName false"
al-felony-nonconviction-90-set	Run actions/checkout@v4	2026-09-12T01:25:44.2877727Z Initialized empty Git repository in /home/runner/work/legalease-partner-dashboard-clean/legalease-partner-dashboard-clean/.git/
al-felony-nonconviction-90-set	Run actions/checkout@v4	2026-09-12T01:25:44.2881735Z [command]/usr/bin/git remote add origin https://github.com/Roger-LegalEase/legalease-partner-dashboard-clean
al-felony-nonconviction-90-set	Run actions/checkout@v4	2026-09-12T01:25:44.2902469Z ##[endgroup]
al-felony-nonconviction-90-set	Run actions/checkout@v4	2026-09-12T01:25:44.2904145Z ##[group]Disabling automatic garbage collection
al-felony-nonconviction-90-set	Run actions/checkout@v4	2026-09-12T01:25:44.2905810Z [command]/usr/bin/git config --local gc.auto 0
al-felony-nonconviction-90-set	Run actions/checkout@v4	2026-09-12T01:25:44.2928604Z ##[endgroup]
al-felony-nonconviction-90-set	Run actions/checkout@v4	2026-09-12T01:25:44.2930049Z ##[group]Setting up auth
al-felony-nonconviction-90-set	Run actions/checkout@v4	2026-09-12T01:25:44.2933532Z [command]/usr/bin/git config --local --name-only --get-regexp core\.sshCommand
al-felony-nonconviction-90-set	Run actions/checkout@v4	2026-09-12T01:25:44.2959297Z [command]/usr/bin/git submodule foreach --recursive sh -c "git config --local --name-only --get-regexp 'core\.sshCommand' && git config --local --unset-all 'core.sshCommand' || :"
al-felony-nonconviction-90-set	Run actions/checkout@v4	2026-09-12T01:25:44.3251910Z [command]/usr/bin/git config --local --name-only --get-regexp http\.https\:\/\/github\.com\/\.extraheader
al-felony-nonconviction-90-set	Run actions/checkout@v4	2026-09-12T01:25:44.3278284Z [command]/usr/bin/git submodule foreach --recursive sh -c "git config --local --name-only --get-regexp 'http\.https\:\/\/github\.com\/\.extraheader' && git config --local --unset-all 'http.https://github.com/.extraheader' || :"
al-felony-nonconviction-90-set	Run actions/checkout@v4	2026-09-12T01:25:44.3432150Z [command]/usr/bin/git config --local --name-only --get-regexp ^includeIf\.gitdir:
al-felony-nonconviction-90-set	Run actions/checkout@v4	2026-09-12T01:25:44.3458414Z [command]/usr/bin/git submodule foreach --recursive git config --local --show-origin --name-only --get-regexp remote.origin.url
al-felony-nonconviction-90-set	Run actions/checkout@v4	2026-09-12T01:25:44.3615434Z [command]/usr/bin/git config --local http.https://github.com/.extraheader AUTHORIZATION: basic ***
al-felony-nonconviction-90-set	Run actions/checkout@v4	2026-09-12T01:25:44.3640533Z ##[endgroup]
al-felony-nonconviction-90-set	Run actions/checkout@v4	2026-09-12T01:25:44.3642327Z ##[group]Fetching the repository
al-felony-nonconviction-90-set	Run actions/checkout@v4	2026-09-12T01:25:44.3648621Z [command]/usr/bin/git -c protocol.version=2 fetch --no-tags --prune --no-recurse-submodules --depth=1 origin e38cb2ecae5ada6668fa6c7b9739eac208da6378
al-felony-nonconviction-90-set	Run actions/checkout@v4	2026-09-12T01:26:51.5358820Z From https://github.com/Roger-LegalEase/legalease-partner-dashboard-clean
al-felony-nonconviction-90-set	Run actions/checkout@v4	2026-09-12T01:26:51.5360614Z  * branch              e38cb2ecae5ada6668fa6c7b9739eac208da6378 -> FETCH_HEAD
al-felony-nonconviction-90-set	Run actions/checkout@v4	2026-09-12T01:26:51.5377845Z ##[endgroup]
al-felony-nonconviction-90-set	Run actions/checkout@v4	2026-09-12T01:26:51.5384016Z ##[group]Determining the checkout info
al-felony-nonconviction-90-set	Run actions/checkout@v4	2026-09-12T01:26:51.5385855Z ##[endgroup]
al-felony-nonconviction-90-set	Run actions/checkout@v4	2026-09-12T01:26:51.5405966Z [command]/usr/bin/git sparse-checkout disable
al-felony-nonconviction-90-set	Run actions/checkout@v4	2026-09-12T01:26:51.5431506Z [command]/usr/bin/git config --local --unset-all extensions.worktreeConfig
al-felony-nonconviction-90-set	Run actions/checkout@v4	2026-09-12T01:26:51.5454443Z ##[group]Checking out the ref
al-felony-nonconviction-90-set	Run actions/checkout@v4	2026-09-12T01:26:51.5474468Z [command]/usr/bin/git checkout --progress --force e38cb2ecae5ada6668fa6c7b9739eac208da6378
al-felony-nonconviction-90-set	Run actions/checkout@v4	2026-09-12T01:26:52.5827302Z Updating files:  13% (3325/24090)
al-felony-nonconviction-90-set	Run actions/checkout@v4	2026-09-12T01:26:52.6477912Z Updating files:  14% (3373/24090)
al-felony-nonconviction-90-set	Run actions/checkout@v4	2026-09-12T01:26:52.7267406Z Updating files:  15% (3614/24090)
al-felony-nonconviction-90-set	Run actions/checkout@v4	2026-09-12T01:26:52.7873472Z Updating files:  16% (3855/24090)
al-felony-nonconviction-90-set	Run actions/checkout@v4	2026-09-12T01:26:52.8818391Z Updating files:  17% (4096/24090)
al-felony-nonconviction-90-set	Run actions/checkout@v4	2026-09-12T01:26:52.9943926Z Updating files:  18% (4337/24090)
al-felony-nonconviction-90-set	Run actions/checkout@v4	2026-09-12T01:26:53.1786083Z Updating files:  19% (4578/24090)
al-felony-nonconviction-90-set	Run actions/checkout@v4	2026-09-12T01:26:53.3086187Z Updating files:  20% (4818/24090)
al-felony-nonconviction-90-set	Run actions/checkout@v4	2026-09-12T01:26:53.4984950Z Updating files:  21% (5059/24090)
al-felony-nonconviction-90-set	Run actions/checkout@v4	2026-09-12T01:26:53.5687288Z Updating files:  22% (5300/24090)
al-felony-nonconviction-90-set	Run actions/checkout@v4	2026-09-12T01:26:53.5755210Z Updating files:  23% (5541/24090)
al-felony-nonconviction-90-set	Run actions/checkout@v4	2026-09-12T01:26:53.6362611Z Updating files:  23% (5596/24090)
al-felony-nonconviction-90-set	Run actions/checkout@v4	2026-09-12T01:26:53.7043490Z Updating files:  24% (5782/24090)
al-felony-nonconviction-90-set	Run actions/checkout@v4	2026-09-12T01:26:53.7818587Z Updating files:  25% (6023/24090)
al-felony-nonconviction-90-set	Run actions/checkout@v4	2026-09-12T01:26:53.8967514Z Updating files:  26% (6264/24090)
al-felony-nonconviction-90-set	Run actions/checkout@v4	2026-09-12T01:26:54.0397412Z Updating files:  27% (6505/24090)
al-felony-nonconviction-90-set	Run actions/checkout@v4	2026-09-12T01:26:54.2623709Z Updating files:  28% (6746/24090)
al-felony-nonconviction-90-set	Run actions/checkout@v4	2026-09-12T01:26:54.3819905Z Updating files:  29% (6987/24090)
al-felony-nonconviction-90-set	Run actions/checkout@v4	2026-09-12T01:26:54.5085180Z Updating files:  30% (7227/24090)
al-felony-nonconviction-90-set	Run actions/checkout@v4	2026-09-12T01:26:54.5745477Z Updating files:  31% (7468/24090)
al-felony-nonconviction-90-set	Run actions/checkout@v4	2026-09-12T01:26:54.5974171Z Updating files:  31% (7596/24090)
al-felony-nonconviction-90-set	Run actions/checkout@v4	2026-09-12T01:26:54.6414831Z Updating files:  32% (7709/24090)
al-felony-nonconviction-90-set	Run actions/checkout@v4	2026-09-12T01:26:54.7590863Z Updating files:  33% (7950/24090)
al-felony-nonconviction-90-set	Run actions/checkout@v4	2026-09-12T01:26:54.8075220Z Updating files:  34% (8191/24090)
al-felony-nonconviction-90-set	Run actions/checkout@v4	2026-09-12T01:26:54.8502407Z Updating files:  35% (8432/24090)
al-felony-nonconviction-90-set	Run actions/checkout@v4	2026-09-12T01:26:54.8956444Z Updating files:  36% (8673/24090)
al-felony-nonconviction-90-set	Run actions/checkout@v4	2026-09-12T01:26:54.9879016Z Updating files:  37% (8914/24090)
al-felony-nonconviction-90-set	Run actions/checkout@v4	2026-09-12T01:26:55.0170829Z Updating files:  38% (9155/24090)
al-felony-nonconviction-90-set	Run actions/checkout@v4	2026-09-12T01:26:55.0412131Z Updating files:  39% (9396/24090)
al-felony-nonconviction-90-set	Run actions/checkout@v4	2026-09-12T01:26:55.0743230Z Updating files:  40% (9636/24090)
al-felony-nonconviction-90-set	Run actions/checkout@v4	2026-09-12T01:26:55.0947983Z Updating files:  41% (9877/24090)
al-felony-nonconviction-90-set	Run actions/checkout@v4	2026-09-12T01:26:55.1046244Z Updating files:  42% (10118/24090)
al-felony-nonconviction-90-set	Run actions/checkout@v4	2026-09-12T01:26:55.1205054Z Updating files:  43% (10359/24090)
al-felony-nonconviction-90-set	Run actions/checkout@v4	2026-09-12T01:26:55.1587435Z Updating files:  44% (10600/24090)
al-felony-nonconviction-90-set	Run actions/checkout@v4	2026-09-12T01:26:55.1710195Z Updating files:  45% (10841/24090)
al-felony-nonconviction-90-set	Run actions/checkout@v4	2026-09-12T01:26:55.3844034Z Updating files:  46% (11082/24090)
al-felony-nonconviction-90-set	Run actions/checkout@v4	2026-09-12T01:26:55.4988597Z Updating files:  47% (11323/24090)
al-felony-nonconviction-90-set	Run actions/checkout@v4	2026-09-12T01:26:55.5208255Z Updating files:  48% (11564/24090)
al-felony-nonconviction-90-set	Run actions/checkout@v4	2026-09-12T01:26:55.5369606Z Updating files:  49% (11805/24090)
al-felony-nonconviction-90-set	Run actions/checkout@v4	2026-09-12T01:26:55.5442948Z Updating files:  50% (12045/24090)
al-felony-nonconviction-90-set	Run actions/checkout@v4	2026-09-12T01:26:55.5563024Z Updating files:  51% (12286/24090)
al-felony-nonconviction-90-set	Run actions/checkout@v4	2026-09-12T01:26:55.5746354Z Updating files:  52% (12527/24090)
al-felony-nonconviction-90-set	Run actions/checkout@v4	2026-09-12T01:26:55.6031656Z Updating files:  52% (12707/24090)
al-felony-nonconviction-90-set	Run actions/checkout@v4	2026-09-12T01:26:55.7041026Z Updating files:  53% (12768/24090)
al-felony-nonconviction-90-set	Run actions/checkout@v4	2026-09-12T01:26:55.7258953Z Updating files:  54% (13009/24090)
al-felony-nonconviction-90-set	Run actions/checkout@v4	2026-09-12T01:26:55.7686906Z Updating files:  55% (13250/24090)
al-felony-nonconviction-90-set	Run actions/checkout@v4	2026-09-12T01:26:55.7837976Z Updating files:  56% (13491/24090)
al-felony-nonconviction-90-set	Run actions/checkout@v4	2026-09-12T01:26:55.9185313Z Updating files:  57% (13732/24090)
al-felony-nonconviction-90-set	Run actions/checkout@v4	2026-09-12T01:26:55.9395899Z Updating files:  58% (13973/24090)
al-felony-nonconviction-90-set	Run actions/checkout@v4	2026-09-12T01:26:56.0011216Z Updating files:  59% (14214/24090)
al-felony-nonconviction-90-set	Run actions/checkout@v4	2026-09-12T01:26:56.1375605Z Updating files:  60% (14454/24090)
al-felony-nonconviction-90-set	Run actions/checkout@v4	2026-09-12T01:26:56.1734876Z Updating files:  61% (14695/24090)
al-felony-nonconviction-90-set	Run actions/checkout@v4	2026-09-12T01:26:56.2216020Z Updating files:  62% (14936/24090)
al-felony-nonconviction-90-set	Run actions/checkout@v4	2026-09-12T01:26:56.3699500Z Updating files:  63% (15177/24090)
al-felony-nonconviction-90-set	Run actions/checkout@v4	2026-09-12T01:26:56.5760198Z Updating files:  64% (15418/24090)
al-felony-nonconviction-90-set	Run actions/checkout@v4	2026-09-12T01:26:56.7487331Z Updating files:  64% (15549/24090)
al-felony-nonconviction-90-set	Run actions/checkout@v4	2026-09-12T01:26:57.1124574Z Updating files:  65% (15659/24090)
al-felony-nonconviction-90-set	Run actions/checkout@v4	2026-09-12T01:26:57.2282737Z Updating files:  66% (15900/24090)
al-felony-nonconviction-90-set	Run actions/checkout@v4	2026-09-12T01:26:57.3642869Z Updating files:  67% (16141/24090)
al-felony-nonconviction-90-set	Run actions/checkout@v4	2026-09-12T01:26:57.4475735Z Updating files:  68% (16382/24090)
al-felony-nonconviction-90-set	Run actions/checkout@v4	2026-09-12T01:26:57.5591899Z Updating files:  69% (16623/24090)
al-felony-nonconviction-90-set	Run actions/checkout@v4	2026-09-12T01:26:57.5748141Z Updating files:  70% (16863/24090)
al-felony-nonconviction-90-set	Run actions/checkout@v4	2026-09-12T01:26:57.6035472Z Updating files:  70% (16932/24090)
al-felony-nonconviction-90-set	Run actions/checkout@v4	2026-09-12T01:26:57.6606659Z Updating files:  71% (17104/24090)
al-felony-nonconviction-90-set	Run actions/checkout@v4	2026-09-12T01:26:57.8342960Z Updating files:  72% (17345/24090)
al-felony-nonconviction-90-set	Run actions/checkout@v4	2026-09-12T01:26:57.9240127Z Updating files:  73% (17586/24090)
al-felony-nonconviction-90-set	Run actions/checkout@v4	2026-09-12T01:26:58.0522378Z Updating files:  74% (17827/24090)
al-felony-nonconviction-90-set	Run actions/checkout@v4	2026-09-12T01:26:58.1542244Z Updating files:  75% (18068/24090)
al-felony-nonconviction-90-set	Run actions/checkout@v4	2026-09-12T01:26:58.1658896Z Updating files:  76% (18309/24090)
al-felony-nonconviction-90-set	Run actions/checkout@v4	2026-09-12T01:26:58.1766939Z Updating files:  77% (18550/24090)
al-felony-nonconviction-90-set	Run actions/checkout@v4	2026-09-12T01:26:58.1843467Z Updating files:  78% (18791/24090)
al-felony-nonconviction-90-set	Run actions/checkout@v4	2026-09-12T01:26:58.3164092Z Updating files:  79% (19032/24090)
al-felony-nonconviction-90-set	Run actions/checkout@v4	2026-09-12T01:26:58.4365595Z Updating files:  80% (19272/24090)
al-felony-nonconviction-90-set	Run actions/checkout@v4	2026-09-12T01:26:58.5745929Z Updating files:  81% (19513/24090)
al-felony-nonconviction-90-set	Run actions/checkout@v4	2026-09-12T01:26:58.5862606Z Updating files:  81% (19702/24090)
al-felony-nonconviction-90-set	Run actions/checkout@v4	2026-09-12T01:26:58.6374227Z Updating files:  82% (19754/24090)
al-felony-nonconviction-90-set	Run actions/checkout@v4	2026-09-12T01:26:58.6590164Z Updating files:  83% (19995/24090)
al-felony-nonconviction-90-set	Run actions/checkout@v4	2026-09-12T01:26:58.6769243Z Updating files:  84% (20236/24090)
al-felony-nonconviction-90-set	Run actions/checkout@v4	2026-09-12T01:26:58.6927286Z Updating files:  85% (20477/24090)
al-felony-nonconviction-90-set	Run actions/checkout@v4	2026-09-12T01:26:58.7079430Z Updating files:  86% (20718/24090)
al-felony-nonconviction-90-set	Run actions/checkout@v4	2026-09-12T01:26:58.7269395Z Updating files:  87% (20959/24090)
al-felony-nonconviction-90-set	Run actions/checkout@v4	2026-09-12T01:26:58.7383435Z Updating files:  88% (21200/24090)
al-felony-nonconviction-90-set	Run actions/checkout@v4	2026-09-12T01:26:58.7550845Z Updating files:  89% (21441/24090)
al-felony-nonconviction-90-set	Run actions/checkout@v4	2026-09-12T01:26:58.7729342Z Updating files:  90% (21681/24090)
al-felony-nonconviction-90-set	Run actions/checkout@v4	2026-09-12T01:26:58.7971401Z Updating files:  91% (21922/24090)
al-felony-nonconviction-90-set	Run actions/checkout@v4	2026-09-12T01:26:58.8038739Z Updating files:  92% (22163/24090)
al-felony-nonconviction-90-set	Run actions/checkout@v4	2026-09-12T01:26:58.8557541Z Updating files:  93% (22404/24090)
al-felony-nonconviction-90-set	Run actions/checkout@v4	2026-09-12T01:26:59.1031703Z Updating files:  94% (22645/24090)
al-felony-nonconviction-90-set	Run actions/checkout@v4	2026-09-12T01:26:59.1378123Z Updating files:  95% (22886/24090)
al-felony-nonconviction-90-set	Run actions/checkout@v4	2026-09-12T01:26:59.2029867Z Updating files:  96% (23127/24090)
al-felony-nonconviction-90-set	Run actions/checkout@v4	2026-09-12T01:26:59.2518229Z Updating files:  97% (23368/24090)
al-felony-nonconviction-90-set	Run actions/checkout@v4	2026-09-12T01:26:59.3258430Z Updating files:  98% (23609/24090)
al-felony-nonconviction-90-set	Run actions/checkout@v4	2026-09-12T01:26:59.3719803Z Updating files:  99% (23850/24090)
al-felony-nonconviction-90-set	Run actions/checkout@v4	2026-09-12T01:26:59.3720357Z Updating files: 100% (24090/24090)
al-felony-nonconviction-90-set	Run actions/checkout@v4	2026-09-12T01:26:59.3720955Z Updating files: 100% (24090/24090), done.
al-felony-nonconviction-90-set	Run actions/checkout@v4	2026-09-12T01:26:59.5579748Z Note: switching to 'e38cb2ecae5ada6668fa6c7b9739eac208da6378'.
al-felony-nonconviction-90-set	Run actions/checkout@v4	2026-09-12T01:26:59.5580513Z 
al-felony-nonconviction-90-set	Run actions/checkout@v4	2026-09-12T01:26:59.5581059Z You are in 'detached HEAD' state. You can look around, make experimental
al-felony-nonconviction-90-set	Run actions/checkout@v4	2026-09-12T01:26:59.5581746Z changes and commit them, and you can discard any commits you make in this
al-felony-nonconviction-90-set	Run actions/checkout@v4	2026-09-12T01:26:59.5582408Z state without impacting any branches by switching back to a branch.
al-felony-nonconviction-90-set	Run actions/checkout@v4	2026-09-12T01:26:59.5582815Z 
al-felony-nonconviction-90-set	Run actions/checkout@v4	2026-09-12T01:26:59.5583066Z If you want to create a new branch to retain commits you create, you may
al-felony-nonconviction-90-set	Run actions/checkout@v4	2026-09-12T01:26:59.5583874Z do so (now or later) by using -c with the switch command. Example:
al-felony-nonconviction-90-set	Run actions/checkout@v4	2026-09-12T01:26:59.5584238Z 
al-felony-nonconviction-90-set	Run actions/checkout@v4	2026-09-12T01:26:59.5584480Z   git switch -c <new-branch-name>
al-felony-nonconviction-90-set	Run actions/checkout@v4	2026-09-12T01:26:59.5584663Z 
al-felony-nonconviction-90-set	Run actions/checkout@v4	2026-09-12T01:26:59.5584803Z Or undo this operation with:
al-felony-nonconviction-90-set	Run actions/checkout@v4	2026-09-12T01:26:59.5585015Z 
al-felony-nonconviction-90-set	Run actions/checkout@v4	2026-09-12T01:26:59.5585145Z   git switch -
al-felony-nonconviction-90-set	Run actions/checkout@v4	2026-09-12T01:26:59.5585258Z 
al-felony-nonconviction-90-set	Run actions/checkout@v4	2026-09-12T01:26:59.5585511Z Turn off this advice by setting config variable advice.detachedHead to false
al-felony-nonconviction-90-set	Run actions/checkout@v4	2026-09-12T01:26:59.5585804Z 
al-felony-nonconviction-90-set	Run actions/checkout@v4	2026-09-12T01:26:59.5586010Z HEAD is now at e38cb2ec fix(al): reserve clerk captions across six expungement packets
al-felony-nonconviction-90-set	Run actions/checkout@v4	2026-09-12T01:26:59.5752798Z ##[endgroup]
al-felony-nonconviction-90-set	Run actions/checkout@v4	2026-09-12T01:26:59.5756128Z [command]/usr/bin/git log -1 --format=%H
al-felony-nonconviction-90-set	Run actions/checkout@v4	2026-09-12T01:26:59.5777813Z e38cb2ecae5ada6668fa6c7b9739eac208da6378
al-felony-nonconviction-90-set	Refuse a movable ref and prove the checkout is the pinned commit	﻿2026-09-12T01:26:59.5951541Z ##[group]Run set -euo pipefail
al-felony-nonconviction-90-set	Refuse a movable ref and prove the checkout is the pinned commit	2026-09-12T01:26:59.5951997Z ^[[36;1mset -euo pipefail^[[0m
al-felony-nonconviction-90-set	Refuse a movable ref and prove the checkout is the pinned commit	2026-09-12T01:26:59.5952408Z ^[[36;1m# actions/checkout accepts a branch or tag here despite the input^[[0m
al-felony-nonconviction-90-set	Refuse a movable ref and prove the checkout is the pinned commit	2026-09-12T01:26:59.5952913Z ^[[36;1m# description. Three jobs resolve this ref independently, so a branch^[[0m
al-felony-nonconviction-90-set	Refuse a movable ref and prove the checkout is the pinned commit	2026-09-12T01:26:59.5953721Z ^[[36;1m# that moves mid-run would have them inspect different commits while^[[0m
al-felony-nonconviction-90-set	Refuse a movable ref and prove the checkout is the pinned commit	2026-09-12T01:26:59.5954162Z ^[[36;1m# every receipt recorded the literal branch name as the pin. An^[[0m
al-felony-nonconviction-90-set	Refuse a movable ref and prove the checkout is the pinned commit	2026-09-12T01:26:59.5954732Z ^[[36;1m# immutable 40-hex commit, verified against the checked-out HEAD, is^[[0m
al-felony-nonconviction-90-set	Refuse a movable ref and prove the checkout is the pinned commit	2026-09-12T01:26:59.5955179Z ^[[36;1m# the only input that makes a receipt findable again.^[[0m
al-felony-nonconviction-90-set	Refuse a movable ref and prove the checkout is the pinned commit	2026-09-12T01:26:59.5955586Z ^[[36;1mcase "$REF" in^[[0m
al-felony-nonconviction-90-set	Refuse a movable ref and prove the checkout is the pinned commit	2026-09-12T01:26:59.5956031Z ^[[36;1m  *[!0-9a-f]* | "") echo "REFUSED: commit_sha must be a full 40-character commit hash, got '$REF'"; exit 1;;^[[0m
al-felony-nonconviction-90-set	Refuse a movable ref and prove the checkout is the pinned commit	2026-09-12T01:26:59.5956458Z ^[[36;1mesac^[[0m
al-felony-nonconviction-90-set	Refuse a movable ref and prove the checkout is the pinned commit	2026-09-12T01:26:59.5956823Z ^[[36;1m[ "${#REF}" -eq 40 ] || { echo "REFUSED: commit_sha must be 40 hex characters, got ${#REF}"; exit 1; }^[[0m
al-felony-nonconviction-90-set	Refuse a movable ref and prove the checkout is the pinned commit	2026-09-12T01:26:59.5957419Z ^[[36;1mHEAD_SHA="$(git rev-parse HEAD)"^[[0m
al-felony-nonconviction-90-set	Refuse a movable ref and prove the checkout is the pinned commit	2026-09-12T01:26:59.5957824Z ^[[36;1m[ "$HEAD_SHA" = "$REF" ] || { echo "REFUSED: checked out $HEAD_SHA but the pin says $REF"; exit 1; }^[[0m
al-felony-nonconviction-90-set	Refuse a movable ref and prove the checkout is the pinned commit	2026-09-12T01:26:59.5958378Z ^[[36;1mecho "pinned commit confirmed: $HEAD_SHA"^[[0m
al-felony-nonconviction-90-set	Refuse a movable ref and prove the checkout is the pinned commit	2026-09-12T01:26:59.5981618Z shell: /usr/bin/bash -e {0}
al-felony-nonconviction-90-set	Refuse a movable ref and prove the checkout is the pinned commit	2026-09-12T01:26:59.5981930Z env:
al-felony-nonconviction-90-set	Refuse a movable ref and prove the checkout is the pinned commit	2026-09-12T01:26:59.5982279Z   REF: e38cb2ecae5ada6668fa6c7b9739eac208da6378
al-felony-nonconviction-90-set	Refuse a movable ref and prove the checkout is the pinned commit	2026-09-12T01:26:59.5982607Z ##[endgroup]
al-felony-nonconviction-90-set	Refuse a movable ref and prove the checkout is the pinned commit	2026-09-12T01:26:59.6097992Z pinned commit confirmed: e38cb2ecae5ada6668fa6c7b9739eac208da6378
al-felony-nonconviction-90-set	Run actions/setup-node@v4	﻿2026-09-12T01:26:59.6175978Z Node 20 is being deprecated. This workflow is running with Node 24 by default. If you need to temporarily use Node 20, you can set the ACTIONS_ALLOW_USE_UNSECURE_NODE_VERSION=true environment variable. For more information see: https://github.blog/changelog/2025-09-19-deprecation-of-node-20-on-github-actions-runners/
al-felony-nonconviction-90-set	Run actions/setup-node@v4	2026-09-12T01:26:59.6177253Z ##[group]Run actions/setup-node@v4
al-felony-nonconviction-90-set	Run actions/setup-node@v4	2026-09-12T01:26:59.6177538Z with:
al-felony-nonconviction-90-set	Run actions/setup-node@v4	2026-09-12T01:26:59.6177799Z   node-version: 22
al-felony-nonconviction-90-set	Run actions/setup-node@v4	2026-09-12T01:26:59.6178147Z   always-auth: false
al-felony-nonconviction-90-set	Run actions/setup-node@v4	2026-09-12T01:26:59.6178533Z   check-latest: false
al-felony-nonconviction-90-set	Run actions/setup-node@v4	2026-09-12T01:26:59.6181929Z   token: ***
al-felony-nonconviction-90-set	Run actions/setup-node@v4	2026-09-12T01:26:59.6182264Z ##[endgroup]
al-felony-nonconviction-90-set	Run actions/setup-node@v4	2026-09-12T01:26:59.7616814Z Found in cache @ /opt/hostedtoolcache/node/22.23.2/x64
al-felony-nonconviction-90-set	Run actions/setup-node@v4	2026-09-12T01:26:59.7619532Z (node:2058) [DEP0040] DeprecationWarning: The `punycode` module is deprecated. Please use a userland alternative instead.
al-felony-nonconviction-90-set	Run actions/setup-node@v4	2026-09-12T01:26:59.7620163Z (Use `node --trace-deprecation ...` to show where the warning was created)
al-felony-nonconviction-90-set	Run actions/setup-node@v4	2026-09-12T01:26:59.7621646Z ##[group]Environment details
al-felony-nonconviction-90-set	Run actions/setup-node@v4	2026-09-12T01:27:00.0841102Z node: v22.23.2
al-felony-nonconviction-90-set	Run actions/setup-node@v4	2026-09-12T01:27:00.0841479Z npm: 10.9.8
al-felony-nonconviction-90-set	Run actions/setup-node@v4	2026-09-12T01:27:00.0841909Z yarn: 1.22.22
al-felony-nonconviction-90-set	Run actions/setup-node@v4	2026-09-12T01:27:00.0842540Z ##[endgroup]
al-felony-nonconviction-90-set	Run npm ci --cache /tmp/npm-cache	﻿2026-09-12T01:27:00.0924383Z ##[group]Run npm ci --cache /tmp/npm-cache
al-felony-nonconviction-90-set	Run npm ci --cache /tmp/npm-cache	2026-09-12T01:27:00.0924795Z ^[[36;1mnpm ci --cache /tmp/npm-cache^[[0m
al-felony-nonconviction-90-set	Run npm ci --cache /tmp/npm-cache	2026-09-12T01:27:00.0950830Z shell: /usr/bin/bash -e {0}
al-felony-nonconviction-90-set	Run npm ci --cache /tmp/npm-cache	2026-09-12T01:27:00.0951156Z ##[endgroup]
al-felony-nonconviction-90-set	Run npm ci --cache /tmp/npm-cache	2026-09-12T01:27:15.1012888Z 
al-felony-nonconviction-90-set	Run npm ci --cache /tmp/npm-cache	2026-09-12T01:27:15.1019358Z added 492 packages, and audited 493 packages in 15s
al-felony-nonconviction-90-set	Run npm ci --cache /tmp/npm-cache	2026-09-12T01:27:15.1019735Z 
al-felony-nonconviction-90-set	Run npm ci --cache /tmp/npm-cache	2026-09-12T01:27:15.1020004Z 186 packages are looking for funding
al-felony-nonconviction-90-set	Run npm ci --cache /tmp/npm-cache	2026-09-12T01:27:15.1020308Z   run `npm fund` for details
al-felony-nonconviction-90-set	Run npm ci --cache /tmp/npm-cache	2026-09-12T01:27:15.2463083Z 
al-felony-nonconviction-90-set	Run npm ci --cache /tmp/npm-cache	2026-09-12T01:27:15.2464580Z 39 vulnerabilities (2 low, 29 moderate, 7 high, 1 critical)
al-felony-nonconviction-90-set	Run npm ci --cache /tmp/npm-cache	2026-09-12T01:27:15.2465054Z 
al-felony-nonconviction-90-set	Run npm ci --cache /tmp/npm-cache	2026-09-12T01:27:15.2465343Z To address issues that do not require attention, run:
al-felony-nonconviction-90-set	Run npm ci --cache /tmp/npm-cache	2026-09-12T01:27:15.2466133Z   npm audit fix
al-felony-nonconviction-90-set	Run npm ci --cache /tmp/npm-cache	2026-09-12T01:27:15.2466316Z 
al-felony-nonconviction-90-set	Run npm ci --cache /tmp/npm-cache	2026-09-12T01:27:15.2466555Z To address all issues, run:
al-felony-nonconviction-90-set	Run npm ci --cache /tmp/npm-cache	2026-09-12T01:27:15.2466986Z   npm audit fix --force
al-felony-nonconviction-90-set	Run npm ci --cache /tmp/npm-cache	2026-09-12T01:27:15.2467250Z 
al-felony-nonconviction-90-set	Run npm ci --cache /tmp/npm-cache	2026-09-12T01:27:15.2467429Z Run `npm audit` for details.
al-felony-nonconviction-90-set	Run actions/setup-python@v5	﻿2026-09-12T01:27:15.2860278Z Node 20 is being deprecated. This workflow is running with Node 24 by default. If you need to temporarily use Node 20, you can set the ACTIONS_ALLOW_USE_UNSECURE_NODE_VERSION=true environment variable. For more information see: https://github.blog/changelog/2025-09-19-deprecation-of-node-20-on-github-actions-runners/
al-felony-nonconviction-90-set	Run actions/setup-python@v5	2026-09-12T01:27:15.2861314Z ##[group]Run actions/setup-python@v5
al-felony-nonconviction-90-set	Run actions/setup-python@v5	2026-09-12T01:27:15.2861592Z with:
al-felony-nonconviction-90-set	Run actions/setup-python@v5	2026-09-12T01:27:15.2861892Z   python-version: 3.12
al-felony-nonconviction-90-set	Run actions/setup-python@v5	2026-09-12T01:27:15.2862158Z   check-latest: false
al-felony-nonconviction-90-set	Run actions/setup-python@v5	2026-09-12T01:27:15.2864694Z   token: ***
al-felony-nonconviction-90-set	Run actions/setup-python@v5	2026-09-12T01:27:15.2865068Z   update-environment: true
al-felony-nonconviction-90-set	Run actions/setup-python@v5	2026-09-12T01:27:15.2865334Z   allow-prereleases: false
al-felony-nonconviction-90-set	Run actions/setup-python@v5	2026-09-12T01:27:15.2865650Z   freethreaded: false
al-felony-nonconviction-90-set	Run actions/setup-python@v5	2026-09-12T01:27:15.2865914Z ##[endgroup]
al-felony-nonconviction-90-set	Run actions/setup-python@v5	2026-09-12T01:27:15.3947822Z ##[group]Installed versions
al-felony-nonconviction-90-set	Run actions/setup-python@v5	2026-09-12T01:27:15.4029984Z (node:2144) [DEP0040] DeprecationWarning: The `punycode` module is deprecated. Please use a userland alternative instead.
al-felony-nonconviction-90-set	Run actions/setup-python@v5	2026-09-12T01:27:15.4031081Z (Use `node --trace-deprecation ...` to show where the warning was created)
al-felony-nonconviction-90-set	Run actions/setup-python@v5	2026-09-12T01:27:15.4031859Z Successfully set up CPython (3.12.14)
al-felony-nonconviction-90-set	Run actions/setup-python@v5	2026-09-12T01:27:15.4032573Z ##[endgroup]
al-felony-nonconviction-90-set	Install the pinned encrypted-PDF reader	﻿2026-09-12T01:27:15.4146769Z ##[group]Run python -m pip install --disable-pip-version-check pikepdf==10.12.0
al-felony-nonconviction-90-set	Install the pinned encrypted-PDF reader	2026-09-12T01:27:15.4147489Z ^[[36;1mpython -m pip install --disable-pip-version-check pikepdf==10.12.0^[[0m
al-felony-nonconviction-90-set	Install the pinned encrypted-PDF reader	2026-09-12T01:27:15.4177359Z shell: /usr/bin/bash -e {0}
al-felony-nonconviction-90-set	Install the pinned encrypted-PDF reader	2026-09-12T01:27:15.4177656Z env:
al-felony-nonconviction-90-set	Install the pinned encrypted-PDF reader	2026-09-12T01:27:15.4178057Z   pythonLocation: /opt/hostedtoolcache/Python/3.12.14/x64
al-felony-nonconviction-90-set	Install the pinned encrypted-PDF reader	2026-09-12T01:27:15.4178552Z   PKG_CONFIG_PATH: /opt/hostedtoolcache/Python/3.12.14/x64/lib/pkgconfig
al-felony-nonconviction-90-set	Install the pinned encrypted-PDF reader	2026-09-12T01:27:15.4178963Z   Python_ROOT_DIR: /opt/hostedtoolcache/Python/3.12.14/x64
al-felony-nonconviction-90-set	Install the pinned encrypted-PDF reader	2026-09-12T01:27:15.4179364Z   Python2_ROOT_DIR: /opt/hostedtoolcache/Python/3.12.14/x64
al-felony-nonconviction-90-set	Install the pinned encrypted-PDF reader	2026-09-12T01:27:15.4179739Z   Python3_ROOT_DIR: /opt/hostedtoolcache/Python/3.12.14/x64
al-felony-nonconviction-90-set	Install the pinned encrypted-PDF reader	2026-09-12T01:27:15.4180117Z   LD_LIBRARY_PATH: /opt/hostedtoolcache/Python/3.12.14/x64/lib
al-felony-nonconviction-90-set	Install the pinned encrypted-PDF reader	2026-09-12T01:27:15.4180443Z ##[endgroup]
al-felony-nonconviction-90-set	Install the pinned encrypted-PDF reader	2026-09-12T01:27:16.7694925Z Collecting pikepdf==10.12.0
al-felony-nonconviction-90-set	Install the pinned encrypted-PDF reader	2026-09-12T01:27:16.8313290Z   Downloading pikepdf-10.12.0-cp312-cp312-manylinux_2_27_x86_64.manylinux_2_28_x86_64.whl.metadata (11 kB)
al-felony-nonconviction-90-set	Install the pinned encrypted-PDF reader	2026-09-12T01:27:17.0613811Z Collecting Pillow>=10.0.1 (from pikepdf==10.12.0)
al-felony-nonconviction-90-set	Install the pinned encrypted-PDF reader	2026-09-12T01:27:17.0643450Z   Downloading pillow-12.3.0-cp312-cp312-manylinux_2_27_x86_64.manylinux_2_28_x86_64.whl.metadata (9.1 kB)
al-felony-nonconviction-90-set	Install the pinned encrypted-PDF reader	2026-09-12T01:27:17.2548418Z Collecting lxml>=4.8 (from pikepdf==10.12.0)
al-felony-nonconviction-90-set	Install the pinned encrypted-PDF reader	2026-09-12T01:27:17.2579933Z   Downloading lxml-6.1.3-cp312-cp312-manylinux_2_26_x86_64.manylinux_2_28_x86_64.whl.metadata (3.3 kB)
al-felony-nonconviction-90-set	Install the pinned encrypted-PDF reader	2026-09-12T01:27:17.2780214Z Collecting packaging (from pikepdf==10.12.0)
al-felony-nonconviction-90-set	Install the pinned encrypted-PDF reader	2026-09-12T01:27:17.2809091Z   Downloading packaging-26.3-py3-none-any.whl.metadata (3.5 kB)
al-felony-nonconviction-90-set	Install the pinned encrypted-PDF reader	2026-09-12T01:27:17.3007408Z Downloading pikepdf-10.12.0-cp312-cp312-manylinux_2_27_x86_64.manylinux_2_28_x86_64.whl (2.3 MB)
al-felony-nonconviction-90-set	Install the pinned encrypted-PDF reader	2026-09-12T01:27:17.3338353Z    ━━━━━━━━━━━━━━━━━━━━━━━━━━━━━━━━━━━━━━━━ 2.3/2.3 MB 95.1 MB/s  0:00:00
al-felony-nonconviction-90-set	Install the pinned encrypted-PDF reader	2026-09-12T01:27:17.3375791Z Downloading lxml-6.1.3-cp312-cp312-manylinux_2_26_x86_64.manylinux_2_28_x86_64.whl (5.2 MB)
al-felony-nonconviction-90-set	Install the pinned encrypted-PDF reader	2026-09-12T01:27:17.4576480Z    ━━━━━━━━━━━━━━━━━━━━━━━━━━━━━━━━━━━━━━━━ 5.2/5.2 MB 42.3 MB/s  0:00:00
al-felony-nonconviction-90-set	Install the pinned encrypted-PDF reader	2026-09-12T01:27:17.4609427Z Downloading pillow-12.3.0-cp312-cp312-manylinux_2_27_x86_64.manylinux_2_28_x86_64.whl (6.9 MB)
al-felony-nonconviction-90-set	Install the pinned encrypted-PDF reader	2026-09-12T01:27:17.5106792Z    ━━━━━━━━━━━━━━━━━━━━━━━━━━━━━━━━━━━━━━━━ 6.9/6.9 MB 139.7 MB/s  0:00:00
al-felony-nonconviction-90-set	Install the pinned encrypted-PDF reader	2026-09-12T01:27:17.5136472Z Downloading packaging-26.3-py3-none-any.whl (129 kB)
al-felony-nonconviction-90-set	Install the pinned encrypted-PDF reader	2026-09-12T01:27:17.5653270Z Installing collected packages: Pillow, packaging, lxml, pikepdf
al-felony-nonconviction-90-set	Install the pinned encrypted-PDF reader	2026-09-12T01:27:18.1688483Z 
al-felony-nonconviction-90-set	Install the pinned encrypted-PDF reader	2026-09-12T01:27:18.1698026Z Successfully installed Pillow-12.3.0 lxml-6.1.3 packaging-26.3 pikepdf-10.12.0
al-felony-nonconviction-90-set	Provision the browser	﻿2026-09-12T01:27:18.2291732Z ##[group]Run set -euo pipefail
al-felony-nonconviction-90-set	Provision the browser	2026-09-12T01:27:18.2292124Z ^[[36;1mset -euo pipefail^[[0m
al-felony-nonconviction-90-set	Provision the browser	2026-09-12T01:27:18.2292507Z ^[[36;1mexport PLAYWRIGHT_BROWSERS_PATH="$HOME/.cache/ms-playwright"^[[0m
al-felony-nonconviction-90-set	Provision the browser	2026-09-12T01:27:18.2292934Z ^[[36;1mnpx --yes playwright install --with-deps chromium^[[0m
al-felony-nonconviction-90-set	Provision the browser	2026-09-12T01:27:18.2293616Z ^[[36;1mecho "PLAYWRIGHT_BROWSERS_PATH=$PLAYWRIGHT_BROWSERS_PATH" >> "$GITHUB_ENV"^[[0m
al-felony-nonconviction-90-set	Provision the browser	2026-09-12T01:27:18.2315770Z shell: /usr/bin/bash -e {0}
al-felony-nonconviction-90-set	Provision the browser	2026-09-12T01:27:18.2316096Z env:
al-felony-nonconviction-90-set	Provision the browser	2026-09-12T01:27:18.2316468Z   pythonLocation: /opt/hostedtoolcache/Python/3.12.14/x64
al-felony-nonconviction-90-set	Provision the browser	2026-09-12T01:27:18.2316894Z   PKG_CONFIG_PATH: /opt/hostedtoolcache/Python/3.12.14/x64/lib/pkgconfig
al-felony-nonconviction-90-set	Provision the browser	2026-09-12T01:27:18.2317335Z   Python_ROOT_DIR: /opt/hostedtoolcache/Python/3.12.14/x64
al-felony-nonconviction-90-set	Provision the browser	2026-09-12T01:27:18.2317849Z   Python2_ROOT_DIR: /opt/hostedtoolcache/Python/3.12.14/x64
al-felony-nonconviction-90-set	Provision the browser	2026-09-12T01:27:18.2318232Z   Python3_ROOT_DIR: /opt/hostedtoolcache/Python/3.12.14/x64
al-felony-nonconviction-90-set	Provision the browser	2026-09-12T01:27:18.2318618Z   LD_LIBRARY_PATH: /opt/hostedtoolcache/Python/3.12.14/x64/lib
al-felony-nonconviction-90-set	Provision the browser	2026-09-12T01:27:18.2319084Z ##[endgroup]
al-felony-nonconviction-90-set	Provision the browser	2026-09-12T01:27:18.7988603Z Installing dependencies...
al-felony-nonconviction-90-set	Provision the browser	2026-09-12T01:27:18.8033898Z Switching to root user to install dependencies...
al-felony-nonconviction-90-set	Provision the browser	2026-09-12T01:27:18.8834837Z Get:1 file:/etc/apt/apt-mirrors.txt Mirrorlist [144 B]
al-felony-nonconviction-90-set	Provision the browser	2026-09-12T01:27:18.9311925Z Hit:2 http://azure.archive.ubuntu.com/ubuntu noble InRelease
al-felony-nonconviction-90-set	Provision the browser	2026-09-12T01:27:18.9323481Z Get:6 https://packages.microsoft.com/ubuntu/24.04/prod noble InRelease [3600 B]
al-felony-nonconviction-90-set	Provision the browser	2026-09-12T01:27:18.9364955Z Get:3 http://azure.archive.ubuntu.com/ubuntu noble-updates InRelease [126 kB]
al-felony-nonconviction-90-set	Provision the browser	2026-09-12T01:27:18.9388875Z Get:4 http://azure.archive.ubuntu.com/ubuntu noble-backports InRelease [126 kB]
al-felony-nonconviction-90-set	Provision the browser	2026-09-12T01:27:18.9406092Z Get:5 http://azure.archive.ubuntu.com/ubuntu noble-security InRelease [126 kB]
al-felony-nonconviction-90-set	Provision the browser	2026-09-12T01:27:18.9875243Z Get:7 https://dl.google.com/linux/chrome-stable/deb stable InRelease [2548 B]
al-felony-nonconviction-90-set	Provision the browser	2026-09-12T01:27:19.0191079Z Get:8 https://packages.microsoft.com/ubuntu/24.04/prod noble/main amd64 Packages [463 kB]
al-felony-nonconviction-90-set	Provision the browser	2026-09-12T01:27:19.0324962Z Get:9 https://packages.microsoft.com/ubuntu/24.04/prod noble/main arm64 Packages [414 kB]
al-felony-nonconviction-90-set	Provision the browser	2026-09-12T01:27:19.0552675Z Get:10 http://azure.archive.ubuntu.com/ubuntu noble-updates/main amd64 Packages [1263 kB]
al-felony-nonconviction-90-set	Provision the browser	2026-09-12T01:27:19.0610896Z Get:11 http://azure.archive.ubuntu.com/ubuntu noble-updates/main Translation-en [292 kB]
al-felony-nonconviction-90-set	Provision the browser	2026-09-12T01:27:19.0627862Z Get:12 http://azure.archive.ubuntu.com/ubuntu noble-updates/main amd64 Components [180 kB]
al-felony-nonconviction-90-set	Provision the browser	2026-09-12T01:27:19.0634355Z Get:13 http://azure.archive.ubuntu.com/ubuntu noble-updates/universe amd64 Packages [1690 kB]
al-felony-nonconviction-90-set	Provision the browser	2026-09-12T01:27:19.0697540Z Get:14 http://azure.archive.ubuntu.com/ubuntu noble-updates/universe amd64 Components [387 kB]
al-felony-nonconviction-90-set	Provision the browser	2026-09-12T01:27:19.0724777Z Get:15 http://azure.archive.ubuntu.com/ubuntu noble-updates/restricted amd64 Packages [1544 kB]
al-felony-nonconviction-90-set	Provision the browser	2026-09-12T01:27:19.0800351Z Get:16 http://azure.archive.ubuntu.com/ubuntu noble-updates/restricted Translation-en [354 kB]
al-felony-nonconviction-90-set	Provision the browser	2026-09-12T01:27:19.0804872Z Get:17 http://azure.archive.ubuntu.com/ubuntu noble-updates/multiverse amd64 Components [940 B]
al-felony-nonconviction-90-set	Provision the browser	2026-09-12T01:27:19.0970764Z Get:18 http://azure.archive.ubuntu.com/ubuntu noble-backports/main amd64 Components [5748 B]
al-felony-nonconviction-90-set	Provision the browser	2026-09-12T01:27:19.0994489Z Get:19 http://azure.archive.ubuntu.com/ubuntu noble-backports/universe amd64 Components [12.6 kB]
al-felony-nonconviction-90-set	Provision the browser	2026-09-12T01:27:19.1772784Z Get:20 http://azure.archive.ubuntu.com/ubuntu noble-security/main amd64 Packages [1006 kB]
al-felony-nonconviction-90-set	Provision the browser	2026-09-12T01:27:19.1818447Z Get:21 http://azure.archive.ubuntu.com/ubuntu noble-security/main Translation-en [213 kB]
al-felony-nonconviction-90-set	Provision the browser	2026-09-12T01:27:19.1833651Z Get:22 http://azure.archive.ubuntu.com/ubuntu noble-security/main amd64 Components [46.5 kB]
al-felony-nonconviction-90-set	Provision the browser	2026-09-12T01:27:19.1843234Z Get:23 http://azure.archive.ubuntu.com/ubuntu noble-security/universe amd64 Packages [1206 kB]
al-felony-nonconviction-90-set	Provision the browser	2026-09-12T01:27:19.1894004Z Get:24 http://azure.archive.ubuntu.com/ubuntu noble-security/universe amd64 Components [76.3 kB]
al-felony-nonconviction-90-set	Provision the browser	2026-09-12T01:27:19.1904473Z Get:25 http://azure.archive.ubuntu.com/ubuntu noble-security/restricted amd64 Packages [1445 kB]
al-felony-nonconviction-90-set	Provision the browser	2026-09-12T01:27:19.1962320Z Get:26 http://azure.archive.ubuntu.com/ubuntu noble-security/restricted Translation-en [336 kB]
al-felony-nonconviction-90-set	Provision the browser	2026-09-12T01:27:19.2290580Z Get:27 https://dl.google.com/linux/chrome-stable/deb stable/main amd64 Packages [1413 B]
al-felony-nonconviction-90-set	Provision the browser	2026-09-12T01:27:23.6649649Z Fetched 11.3 MB in 1s (10.0 MB/s)
al-felony-nonconviction-90-set	Provision the browser	2026-09-12T01:27:24.3024831Z Reading package lists...
al-felony-nonconviction-90-set	Provision the browser	2026-09-12T01:27:24.3224335Z Reading package lists...
al-felony-nonconviction-90-set	Provision the browser	2026-09-12T01:27:24.4278904Z Building dependency tree...
al-felony-nonconviction-90-set	Provision the browser	2026-09-12T01:27:24.4283328Z Reading state information...
al-felony-nonconviction-90-set	Provision the browser	2026-09-12T01:27:24.5659676Z libasound2t64 is already the newest version (1.2.11-1ubuntu0.3).
al-felony-nonconviction-90-set	Provision the browser	2026-09-12T01:27:24.5660722Z libasound2t64 set to manually installed.
al-felony-nonconviction-90-set	Provision the browser	2026-09-12T01:27:24.5661496Z libatk-bridge2.0-0t64 is already the newest version (2.52.0-1build1).
al-felony-nonconviction-90-set	Provision the browser	2026-09-12T01:27:24.5662663Z libatk-bridge2.0-0t64 set to manually installed.
al-felony-nonconviction-90-set	Provision the browser	2026-09-12T01:27:24.5663562Z libatk1.0-0t64 is already the newest version (2.52.0-1build1).
al-felony-nonconviction-90-set	Provision the browser	2026-09-12T01:27:24.5664383Z libatk1.0-0t64 set to manually installed.
al-felony-nonconviction-90-set	Provision the browser	2026-09-12T01:27:24.5664901Z libatspi2.0-0t64 is already the newest version (2.52.0-1build1).
al-felony-nonconviction-90-set	Provision the browser	2026-09-12T01:27:24.5665606Z libatspi2.0-0t64 set to manually installed.
al-felony-nonconviction-90-set	Provision the browser	2026-09-12T01:27:24.5666291Z libcairo2 is already the newest version (1.18.0-3build1).
al-felony-nonconviction-90-set	Provision the browser	2026-09-12T01:27:24.5666732Z libcairo2 set to manually installed.
al-felony-nonconviction-90-set	Provision the browser	2026-09-12T01:27:24.5667299Z libcups2t64 is already the newest version (2.4.7-1.2ubuntu7.14).
al-felony-nonconviction-90-set	Provision the browser	2026-09-12T01:27:24.5667753Z libcups2t64 set to manually installed.
al-felony-nonconviction-90-set	Provision the browser	2026-09-12T01:27:24.5668197Z libdbus-1-3 is already the newest version (1.14.10-4ubuntu4.1).
al-felony-nonconviction-90-set	Provision the browser	2026-09-12T01:27:24.5668653Z libdbus-1-3 set to manually installed.
al-felony-nonconviction-90-set	Provision the browser	2026-09-12T01:27:24.5669051Z libdrm2 is already the newest version (2.4.125-1ubuntu0.1~24.04.2).
al-felony-nonconviction-90-set	Provision the browser	2026-09-12T01:27:24.5669543Z libdrm2 set to manually installed.
al-felony-nonconviction-90-set	Provision the browser	2026-09-12T01:27:24.5669961Z libgbm1 is already the newest version (25.2.8-0ubuntu0.24.04.2).
al-felony-nonconviction-90-set	Provision the browser	2026-09-12T01:27:24.5670379Z libgbm1 set to manually installed.
al-felony-nonconviction-90-set	Provision the browser	2026-09-12T01:27:24.5670859Z libglib2.0-0t64 is already the newest version (2.80.0-6ubuntu3.8).
al-felony-nonconviction-90-set	Provision the browser	2026-09-12T01:27:24.5671239Z libglib2.0-0t64 set to manually installed.
al-felony-nonconviction-90-set	Provision the browser	2026-09-12T01:27:24.5671690Z libnspr4 is already the newest version (2:4.35-1.1build1).
al-felony-nonconviction-90-set	Provision the browser	2026-09-12T01:27:24.5672058Z libnspr4 set to manually installed.
al-felony-nonconviction-90-set	Provision the browser	2026-09-12T01:27:24.5672435Z libnss3 is already the newest version (2:3.98-1ubuntu0.2).
al-felony-nonconviction-90-set	Provision the browser	2026-09-12T01:27:24.5672844Z libnss3 set to manually installed.
al-felony-nonconviction-90-set	Provision the browser	2026-09-12T01:27:24.5673369Z libpango-1.0-0 is already the newest version (1.52.1+ds-1build1).
al-felony-nonconviction-90-set	Provision the browser	2026-09-12T01:27:24.5673951Z libpango-1.0-0 set to manually installed.
al-felony-nonconviction-90-set	Provision the browser	2026-09-12T01:27:24.5674467Z libx11-6 is already the newest version (2:1.8.7-1build1).
al-felony-nonconviction-90-set	Provision the browser	2026-09-12T01:27:24.5674946Z libx11-6 set to manually installed.
al-felony-nonconviction-90-set	Provision the browser	2026-09-12T01:27:24.5675461Z libxcb1 is already the newest version (1.15-1ubuntu2).
al-felony-nonconviction-90-set	Provision the browser	2026-09-12T01:27:24.5675909Z libxcb1 set to manually installed.
al-felony-nonconviction-90-set	Provision the browser	2026-09-12T01:27:24.5676498Z libxcomposite1 is already the newest version (1:0.4.5-1build3).
al-felony-nonconviction-90-set	Provision the browser	2026-09-12T01:27:24.5677124Z libxcomposite1 set to manually installed.
al-felony-nonconviction-90-set	Provision the browser	2026-09-12T01:27:24.5677703Z libxdamage1 is already the newest version (1:1.1.6-1build1).
al-felony-nonconviction-90-set	Provision the browser	2026-09-12T01:27:24.5678284Z libxdamage1 set to manually installed.
al-felony-nonconviction-90-set	Provision the browser	2026-09-12T01:27:24.5678949Z libxext6 is already the newest version (2:1.3.4-1build2).
al-felony-nonconviction-90-set	Provision the browser	2026-09-12T01:27:24.5679592Z libxext6 set to manually installed.
al-felony-nonconviction-90-set	Provision the browser	2026-09-12T01:27:24.5680237Z libxfixes3 is already the newest version (1:6.0.0-2build1).
al-felony-nonconviction-90-set	Provision the browser	2026-09-12T01:27:24.5680877Z libxfixes3 set to manually installed.
al-felony-nonconviction-90-set	Provision the browser	2026-09-12T01:27:24.5681491Z libxkbcommon0 is already the newest version (1.6.0-1build1).
al-felony-nonconviction-90-set	Provision the browser	2026-09-12T01:27:24.5682121Z libxkbcommon0 set to manually installed.
al-felony-nonconviction-90-set	Provision the browser	2026-09-12T01:27:24.5682775Z libxrandr2 is already the newest version (2:1.5.2-2build1).
al-felony-nonconviction-90-set	Provision the browser	2026-09-12T01:27:24.5683557Z libxrandr2 set to manually installed.
al-felony-nonconviction-90-set	Provision the browser	2026-09-12T01:27:24.5684142Z xvfb is already the newest version (2:21.1.12-1ubuntu1.6).
al-felony-nonconviction-90-set	Provision the browser	2026-09-12T01:27:24.5684947Z fonts-noto-color-emoji is already the newest version (2.047-0ubuntu0.24.04.1).
al-felony-nonconviction-90-set	Provision the browser	2026-09-12T01:27:24.5686157Z libfontconfig1 is already the newest version (2.15.0-1.1ubuntu2).
al-felony-nonconviction-90-set	Provision the browser	2026-09-12T01:27:24.5686814Z libfontconfig1 set to manually installed.
al-felony-nonconviction-90-set	Provision the browser	2026-09-12T01:27:24.5687464Z libfreetype6 is already the newest version (2.13.2+dfsg-1ubuntu0.1).
al-felony-nonconviction-90-set	Provision the browser	2026-09-12T01:27:24.5688095Z libfreetype6 set to manually installed.
al-felony-nonconviction-90-set	Provision the browser	2026-09-12T01:27:24.5688704Z fonts-liberation is already the newest version (1:2.1.5-3).
al-felony-nonconviction-90-set	Provision the browser	2026-09-12T01:27:24.5689332Z fonts-liberation set to manually installed.
al-felony-nonconviction-90-set	Provision the browser	2026-09-12T01:27:24.5689986Z The following additional packages will be installed:
al-felony-nonconviction-90-set	Provision the browser	2026-09-12T01:27:24.5690512Z   xfonts-encodings xfonts-utils
al-felony-nonconviction-90-set	Provision the browser	2026-09-12T01:27:24.5690966Z Recommended packages:
al-felony-nonconviction-90-set	Provision the browser	2026-09-12T01:27:24.5691391Z   fonts-ipafont-mincho fonts-tlwg-loma
al-felony-nonconviction-90-set	Provision the browser	2026-09-12T01:27:24.5909498Z The following NEW packages will be installed:
al-felony-nonconviction-90-set	Provision the browser	2026-09-12T01:27:24.5910467Z   fonts-freefont-ttf fonts-ipafont-gothic fonts-tlwg-loma-otf fonts-unifont
al-felony-nonconviction-90-set	Provision the browser	2026-09-12T01:27:24.5916778Z   fonts-wqy-zenhei xfonts-cyrillic xfonts-encodings xfonts-scalable
al-felony-nonconviction-90-set	Provision the browser	2026-09-12T01:27:24.5917529Z   xfonts-utils
al-felony-nonconviction-90-set	Provision the browser	2026-09-12T01:27:24.6087765Z 0 upgraded, 9 newly installed, 0 to remove and 50 not upgraded.
al-felony-nonconviction-90-set	Provision the browser	2026-09-12T01:27:24.6088345Z Need to get 21.1 MB of archives.
al-felony-nonconviction-90-set	Provision the browser	2026-09-12T01:27:24.6088937Z After this operation, 79.5 MB of additional disk space will be used.
al-felony-nonconviction-90-set	Provision the browser	2026-09-12T01:27:24.6089640Z Get:1 file:/etc/apt/apt-mirrors.txt Mirrorlist [144 B]
al-felony-nonconviction-90-set	Provision the browser	2026-09-12T01:27:24.6832022Z Get:2 http://azure.archive.ubuntu.com/ubuntu noble/universe amd64 fonts-ipafont-gothic all 00303-21ubuntu1 [3513 kB]
al-felony-nonconviction-90-set	Provision the browser	2026-09-12T01:27:24.7759815Z Get:3 http://azure.archive.ubuntu.com/ubuntu noble/main amd64 fonts-freefont-ttf all 20211204+svn4273-2 [5641 kB]
al-felony-nonconviction-90-set	Provision the browser	2026-09-12T01:27:24.8816644Z Get:4 http://azure.archive.ubuntu.com/ubuntu noble/universe amd64 fonts-tlwg-loma-otf all 1:0.7.3-1 [107 kB]
al-felony-nonconviction-90-set	Provision the browser	2026-09-12T01:27:24.9279124Z Get:5 http://azure.archive.ubuntu.com/ubuntu noble/universe amd64 fonts-unifont all 1:15.1.01-1build1 [2993 kB]
al-felony-nonconviction-90-set	Provision the browser	2026-09-12T01:27:24.9934848Z Get:6 http://azure.archive.ubuntu.com/ubuntu noble/universe amd64 fonts-wqy-zenhei all 0.9.45-8 [7472 kB]
al-felony-nonconviction-90-set	Provision the browser	2026-09-12T01:27:25.1365393Z Get:7 http://azure.archive.ubuntu.com/ubuntu noble/main amd64 xfonts-encodings all 1:1.0.5-0ubuntu2 [578 kB]
al-felony-nonconviction-90-set	Provision the browser	2026-09-12T01:27:25.1894885Z Get:8 http://azure.archive.ubuntu.com/ubuntu noble/main amd64 xfonts-utils amd64 1:7.7+6build3 [94.4 kB]
al-felony-nonconviction-90-set	Provision the browser	2026-09-12T01:27:25.2416873Z Get:9 http://azure.archive.ubuntu.com/ubuntu noble/universe amd64 xfonts-cyrillic all 1:1.0.5+nmu1 [384 kB]
al-felony-nonconviction-90-set	Provision the browser	2026-09-12T01:27:25.2952966Z Get:10 http://azure.archive.ubuntu.com/ubuntu noble/main amd64 xfonts-scalable all 1:1.0.3-1.3 [304 kB]
al-felony-nonconviction-90-set	Provision the browser	2026-09-12T01:27:25.5102283Z Fetched 21.1 MB in 1s (30.2 MB/s)
al-felony-nonconviction-90-set	Provision the browser	2026-09-12T01:27:25.5301295Z Selecting previously unselected package fonts-ipafont-gothic.
al-felony-nonconviction-90-set	Provision the browser	2026-09-12T01:27:25.5468902Z (Reading database ... 
al-felony-nonconviction-90-set	Provision the browser	2026-09-12T01:27:25.5469614Z (Reading database ... 5%
al-felony-nonconviction-90-set	Provision the browser	2026-09-12T01:27:25.5470062Z (Reading database ... 10%
al-felony-nonconviction-90-set	Provision the browser	2026-09-12T01:27:25.5470780Z (Reading database ... 15%
al-felony-nonconviction-90-set	Provision the browser	2026-09-12T01:27:25.5471253Z (Reading database ... 20%
al-felony-nonconviction-90-set	Provision the browser	2026-09-12T01:27:25.5471573Z (Reading database ... 25%
al-felony-nonconviction-90-set	Provision the browser	2026-09-12T01:27:25.5471893Z (Reading database ... 30%
al-felony-nonconviction-90-set	Provision the browser	2026-09-12T01:27:25.5472166Z (Reading database ... 35%
al-felony-nonconviction-90-set	Provision the browser	2026-09-12T01:27:25.5472449Z (Reading database ... 40%
al-felony-nonconviction-90-set	Provision the browser	2026-09-12T01:27:25.5472743Z (Reading database ... 45%
al-felony-nonconviction-90-set	Provision the browser	2026-09-12T01:27:25.5473017Z (Reading database ... 50%
al-felony-nonconviction-90-set	Provision the browser	2026-09-12T01:27:25.5498216Z (Reading database ... 55%
al-felony-nonconviction-90-set	Provision the browser	2026-09-12T01:27:25.9993822Z (Reading database ... 60%
al-felony-nonconviction-90-set	Provision the browser	2026-09-12T01:27:26.2559094Z (Reading database ... 65%
al-felony-nonconviction-90-set	Provision the browser	2026-09-12T01:27:26.6511019Z (Reading database ... 70%
al-felony-nonconviction-90-set	Provision the browser	2026-09-12T01:27:26.8059544Z (Reading database ... 75%
al-felony-nonconviction-90-set	Provision the browser	2026-09-12T01:27:27.1061326Z (Reading database ... 80%
al-felony-nonconviction-90-set	Provision the browser	2026-09-12T01:27:27.5920782Z (Reading database ... 85%
al-felony-nonconviction-90-set	Provision the browser	2026-09-12T01:27:27.8482730Z (Reading database ... 90%
al-felony-nonconviction-90-set	Provision the browser	2026-09-12T01:27:28.3220778Z (Reading database ... 95%
al-felony-nonconviction-90-set	Provision the browser	2026-09-12T01:27:28.3221663Z (Reading database ... 100%
al-felony-nonconviction-90-set	Provision the browser	2026-09-12T01:27:28.3222458Z (Reading database ... 201818 files and directories currently installed.)
al-felony-nonconviction-90-set	Provision the browser	2026-09-12T01:27:28.3259962Z Preparing to unpack .../0-fonts-ipafont-gothic_00303-21ubuntu1_all.deb ...
al-felony-nonconviction-90-set	Provision the browser	2026-09-12T01:27:28.3487213Z Unpacking fonts-ipafont-gothic (00303-21ubuntu1) ...
al-felony-nonconviction-90-set	Provision the browser	2026-09-12T01:27:28.6478067Z Selecting previously unselected package fonts-freefont-ttf.
al-felony-nonconviction-90-set	Provision the browser	2026-09-12T01:27:28.6580768Z Preparing to unpack .../1-fonts-freefont-ttf_20211204+svn4273-2_all.deb ...
al-felony-nonconviction-90-set	Provision the browser	2026-09-12T01:27:28.6592320Z Unpacking fonts-freefont-ttf (20211204+svn4273-2) ...
al-felony-nonconviction-90-set	Provision the browser	2026-09-12T01:27:28.7901210Z Selecting previously unselected package fonts-tlwg-loma-otf.
al-felony-nonconviction-90-set	Provision the browser	2026-09-12T01:27:28.8000171Z Preparing to unpack .../2-fonts-tlwg-loma-otf_1%3a0.7.3-1_all.deb ...
al-felony-nonconviction-90-set	Provision the browser	2026-09-12T01:27:28.8011629Z Unpacking fonts-tlwg-loma-otf (1:0.7.3-1) ...
al-felony-nonconviction-90-set	Provision the browser	2026-09-12T01:27:28.8188848Z Selecting previously unselected package fonts-unifont.
al-felony-nonconviction-90-set	Provision the browser	2026-09-12T01:27:28.8278692Z Preparing to unpack .../3-fonts-unifont_1%3a15.1.01-1build1_all.deb ...
al-felony-nonconviction-90-set	Provision the browser	2026-09-12T01:27:28.8543897Z Unpacking fonts-unifont (1:15.1.01-1build1) ...
al-felony-nonconviction-90-set	Provision the browser	2026-09-12T01:27:29.0640210Z Selecting previously unselected package fonts-wqy-zenhei.
al-felony-nonconviction-90-set	Provision the browser	2026-09-12T01:27:29.0736908Z Preparing to unpack .../4-fonts-wqy-zenhei_0.9.45-8_all.deb ...
al-felony-nonconviction-90-set	Provision the browser	2026-09-12T01:27:29.0812865Z Unpacking fonts-wqy-zenhei (0.9.45-8) ...
al-felony-nonconviction-90-set	Provision the browser	2026-09-12T01:27:29.5904212Z Selecting previously unselected package xfonts-encodings.
al-felony-nonconviction-90-set	Provision the browser	2026-09-12T01:27:29.6006498Z Preparing to unpack .../5-xfonts-encodings_1%3a1.0.5-0ubuntu2_all.deb ...
al-felony-nonconviction-90-set	Provision the browser	2026-09-12T01:27:29.6018841Z Unpacking xfonts-encodings (1:1.0.5-0ubuntu2) ...
al-felony-nonconviction-90-set	Provision the browser	2026-09-12T01:27:29.6320097Z Selecting previously unselected package xfonts-utils.
al-felony-nonconviction-90-set	Provision the browser	2026-09-12T01:27:29.6420187Z Preparing to unpack .../6-xfonts-utils_1%3a7.7+6build3_amd64.deb ...
al-felony-nonconviction-90-set	Provision the browser	2026-09-12T01:27:29.7539037Z Unpacking xfonts-utils (1:7.7+6build3) ...
al-felony-nonconviction-90-set	Provision the browser	2026-09-12T01:27:29.7857863Z Selecting previously unselected package xfonts-cyrillic.
al-felony-nonconviction-90-set	Provision the browser	2026-09-12T01:27:29.7955092Z Preparing to unpack .../7-xfonts-cyrillic_1%3a1.0.5+nmu1_all.deb ...
al-felony-nonconviction-90-set	Provision the browser	2026-09-12T01:27:29.7968951Z Unpacking xfonts-cyrillic (1:1.0.5+nmu1) ...
al-felony-nonconviction-90-set	Provision the browser	2026-09-12T01:27:29.8326618Z Selecting previously unselected package xfonts-scalable.
al-felony-nonconviction-90-set	Provision the browser	2026-09-12T01:27:29.8422990Z Preparing to unpack .../8-xfonts-scalable_1%3a1.0.3-1.3_all.deb ...
al-felony-nonconviction-90-set	Provision the browser	2026-09-12T01:27:29.8434803Z Unpacking xfonts-scalable (1:1.0.3-1.3) ...
al-felony-nonconviction-90-set	Provision the browser	2026-09-12T01:27:29.9533623Z Setting up fonts-wqy-zenhei (0.9.45-8) ...
al-felony-nonconviction-90-set	Provision the browser	2026-09-12T01:27:29.9650365Z Setting up fonts-freefont-ttf (20211204+svn4273-2) ...
al-felony-nonconviction-90-set	Provision the browser	2026-09-12T01:27:29.9699295Z Setting up fonts-tlwg-loma-otf (1:0.7.3-1) ...
al-felony-nonconviction-90-set	Provision the browser	2026-09-12T01:27:29.9733967Z Setting up xfonts-encodings (1:1.0.5-0ubuntu2) ...
al-felony-nonconviction-90-set	Provision the browser	2026-09-12T01:27:29.9765800Z Setting up fonts-ipafont-gothic (00303-21ubuntu1) ...
al-felony-nonconviction-90-set	Provision the browser	2026-09-12T01:27:29.9821847Z update-alternatives: using /usr/share/fonts/opentype/ipafont-gothic/ipag.ttf to provide /usr/share/fonts/truetype/fonts-japanese-gothic.ttf (fonts-japanese-gothic.ttf) in auto mode
al-felony-nonconviction-90-set	Provision the browser	2026-09-12T01:27:29.9853292Z Setting up fonts-unifont (1:15.1.01-1build1) ...
al-felony-nonconviction-90-set	Provision the browser	2026-09-12T01:27:29.9957522Z Setting up xfonts-utils (1:7.7+6build3) ...
al-felony-nonconviction-90-set	Provision the browser	2026-09-12T01:27:30.0076235Z Setting up xfonts-cyrillic (1:1.0.5+nmu1) ...
al-felony-nonconviction-90-set	Provision the browser	2026-09-12T01:27:30.1861221Z Setting up xfonts-scalable (1:1.0.3-1.3) ...
al-felony-nonconviction-90-set	Provision the browser	2026-09-12T01:27:30.2095027Z Processing triggers for man-db (2.12.0-4build2) ...
al-felony-nonconviction-90-set	Provision the browser	2026-09-12T01:27:30.3341561Z Not building database; man-db/auto-update is not 'true'.
al-felony-nonconviction-90-set	Provision the browser	2026-09-12T01:27:30.3355160Z Processing triggers for fontconfig (2.15.0-1.1ubuntu2) ...
al-felony-nonconviction-90-set	Provision the browser	2026-09-12T01:27:30.8472363Z 
al-felony-nonconviction-90-set	Provision the browser	2026-09-12T01:27:30.8473441Z Running kernel seems to be up-to-date.
al-felony-nonconviction-90-set	Provision the browser	2026-09-12T01:27:30.8473884Z 
al-felony-nonconviction-90-set	Provision the browser	2026-09-12T01:27:30.8474083Z No services need to be restarted.
al-felony-nonconviction-90-set	Provision the browser	2026-09-12T01:27:30.8474273Z 
al-felony-nonconviction-90-set	Provision the browser	2026-09-12T01:27:30.8474523Z No containers need to be restarted.
al-felony-nonconviction-90-set	Provision the browser	2026-09-12T01:27:30.8474748Z 
al-felony-nonconviction-90-set	Provision the browser	2026-09-12T01:27:30.8474930Z No user sessions are running outdated binaries.
al-felony-nonconviction-90-set	Provision the browser	2026-09-12T01:27:30.8475171Z 
al-felony-nonconviction-90-set	Provision the browser	2026-09-12T01:27:30.8475458Z No VM guests are running outdated hypervisor (qemu) binaries on this host.
al-felony-nonconviction-90-set	Provision the browser	2026-09-12T01:27:31.4847034Z Downloading Chrome for Testing 148.0.7778.96 (playwright chromium v1223) from https://cdn.playwright.dev/builds/cft/148.0.7778.96/linux64/chrome-linux64.zip
al-felony-nonconviction-90-set	Provision the browser	2026-09-12T01:27:32.4366567Z |                                                                                |   0% of 175.4 MiB
al-felony-nonconviction-90-set	Provision the browser	2026-09-12T01:27:32.5230327Z |■■■■■■■■                                                                        |  10% of 175.4 MiB
al-felony-nonconviction-90-set	Provision the browser	2026-09-12T01:27:32.5841491Z |■■■■■■■■■■■■■■■■                                                                |  20% of 175.4 MiB
al-felony-nonconviction-90-set	Provision the browser	2026-09-12T01:27:32.6274160Z |■■■■■■■■■■■■■■■■■■■■■■■■                                                        |  30% of 175.4 MiB
al-felony-nonconviction-90-set	Provision the browser	2026-09-12T01:27:32.6782942Z |■■■■■■■■■■■■■■■■■■■■■■■■■■■■■■■■                                                |  40% of 175.4 MiB
al-felony-nonconviction-90-set	Provision the browser	2026-09-12T01:27:32.7295838Z |■■■■■■■■■■■■■■■■■■■■■■■■■■■■■■■■■■■■■■■■                                        |  50% of 175.4 MiB
al-felony-nonconviction-90-set	Provision the browser	2026-09-12T01:27:32.7865892Z |■■■■■■■■■■■■■■■■■■■■■■■■■■■■■■■■■■■■■■■■■■■■■■■■                                |  60% of 175.4 MiB
al-felony-nonconviction-90-set	Provision the browser	2026-09-12T01:27:32.8494162Z |■■■■■■■■■■■■■■■■■■■■■■■■■■■■■■■■■■■■■■■■■■■■■■■■■■■■■■■■                        |  70% of 175.4 MiB
al-felony-nonconviction-90-set	Provision the browser	2026-09-12T01:27:32.9074565Z |■■■■■■■■■■■■■■■■■■■■■■■■■■■■■■■■■■■■■■■■■■■■■■■■■■■■■■■■■■■■■■■■                |  80% of 175.4 MiB
al-felony-nonconviction-90-set	Provision the browser	2026-09-12T01:27:32.9603485Z |■■■■■■■■■■■■■■■■■■■■■■■■■■■■■■■■■■■■■■■■■■■■■■■■■■■■■■■■■■■■■■■■■■■■■■■■        |  90% of 175.4 MiB
al-felony-nonconviction-90-set	Provision the browser	2026-09-12T01:27:33.0255329Z |■■■■■■■■■■■■■■■■■■■■■■■■■■■■■■■■■■■■■■■■■■■■■■■■■■■■■■■■■■■■■■■■■■■■■■■■■■■■■■■■| 100% of 175.4 MiB
al-felony-nonconviction-90-set	Provision the browser	2026-09-12T01:27:35.4704480Z Chrome for Testing 148.0.7778.96 (playwright chromium v1223) downloaded to /home/runner/.cache/ms-playwright/chromium-1223
al-felony-nonconviction-90-set	Provision the browser	2026-09-12T01:27:35.4705693Z Downloading FFmpeg (playwright ffmpeg v1011) from https://cdn.playwright.dev/dbazure/download/playwright/builds/ffmpeg/1011/ffmpeg-linux.zip
al-felony-nonconviction-90-set	Provision the browser	2026-09-12T01:27:36.3824888Z |                                                                                |   0% of 2.3 MiB
al-felony-nonconviction-90-set	Provision the browser	2026-09-12T01:27:36.3857816Z |■■■■■■■■                                                                        |  10% of 2.3 MiB
al-felony-nonconviction-90-set	Provision the browser	2026-09-12T01:27:36.3882179Z |■■■■■■■■■■■■■■■■                                                                |  20% of 2.3 MiB
al-felony-nonconviction-90-set	Provision the browser	2026-09-12T01:27:36.3895410Z |■■■■■■■■■■■■■■■■■■■■■■■■                                                        |  30% of 2.3 MiB
al-felony-nonconviction-90-set	Provision the browser	2026-09-12T01:27:36.3912162Z |■■■■■■■■■■■■■■■■■■■■■■■■■■■■■■■■                                                |  40% of 2.3 MiB
al-felony-nonconviction-90-set	Provision the browser	2026-09-12T01:27:36.3926465Z |■■■■■■■■■■■■■■■■■■■■■■■■■■■■■■■■■■■■■■■■                                        |  50% of 2.3 MiB
al-felony-nonconviction-90-set	Provision the browser	2026-09-12T01:27:36.3935437Z |■■■■■■■■■■■■■■■■■■■■■■■■■■■■■■■■■■■■■■■■■■■■■■■■                                |  60% of 2.3 MiB
al-felony-nonconviction-90-set	Provision the browser	2026-09-12T01:27:36.3942396Z |■■■■■■■■■■■■■■■■■■■■■■■■■■■■■■■■■■■■■■■■■■■■■■■■■■■■■■■■                        |  70% of 2.3 MiB
al-felony-nonconviction-90-set	Provision the browser	2026-09-12T01:27:36.3949671Z |■■■■■■■■■■■■■■■■■■■■■■■■■■■■■■■■■■■■■■■■■■■■■■■■■■■■■■■■■■■■■■■■                |  80% of 2.3 MiB
al-felony-nonconviction-90-set	Provision the browser	2026-09-12T01:27:36.3966641Z |■■■■■■■■■■■■■■■■■■■■■■■■■■■■■■■■■■■■■■■■■■■■■■■■■■■■■■■■■■■■■■■■■■■■■■■■        |  90% of 2.3 MiB
al-felony-nonconviction-90-set	Provision the browser	2026-09-12T01:27:36.3967586Z |■■■■■■■■■■■■■■■■■■■■■■■■■■■■■■■■■■■■■■■■■■■■■■■■■■■■■■■■■■■■■■■■■■■■■■■■■■■■■■■■| 100% of 2.3 MiB
al-felony-nonconviction-90-set	Provision the browser	2026-09-12T01:27:36.4431290Z FFmpeg (playwright ffmpeg v1011) downloaded to /home/runner/.cache/ms-playwright/ffmpeg-1011
al-felony-nonconviction-90-set	Provision the browser	2026-09-12T01:27:36.4434003Z Downloading Chrome Headless Shell 148.0.7778.96 (playwright chromium-headless-shell v1223) from https://cdn.playwright.dev/builds/cft/148.0.7778.96/linux64/chrome-headless-shell-linux64.zip
al-felony-nonconviction-90-set	Provision the browser	2026-09-12T01:27:37.3802712Z |                                                                                |   0% of 113.2 MiB
al-felony-nonconviction-90-set	Provision the browser	2026-09-12T01:27:37.4967508Z |■■■■■■■■                                                                        |  10% of 113.2 MiB
al-felony-nonconviction-90-set	Provision the browser	2026-09-12T01:27:37.5641417Z |■■■■■■■■■■■■■■■■                                                                |  20% of 113.2 MiB
al-felony-nonconviction-90-set	Provision the browser	2026-09-12T01:27:37.6178382Z |■■■■■■■■■■■■■■■■■■■■■■■■                                                        |  30% of 113.2 MiB
al-felony-nonconviction-90-set	Provision the browser	2026-09-12T01:27:37.6655112Z |■■■■■■■■■■■■■■■■■■■■■■■■■■■■■■■■                                                |  40% of 113.2 MiB
al-felony-nonconviction-90-set	Provision the browser	2026-09-12T01:27:37.7050477Z |■■■■■■■■■■■■■■■■■■■■■■■■■■■■■■■■■■■■■■■■                                        |  50% of 113.2 MiB
al-felony-nonconviction-90-set	Provision the browser	2026-09-12T01:27:37.7311609Z |■■■■■■■■■■■■■■■■■■■■■■■■■■■■■■■■■■■■■■■■■■■■■■■■                                |  60% of 113.2 MiB
al-felony-nonconviction-90-set	Provision the browser	2026-09-12T01:27:37.7557766Z |■■■■■■■■■■■■■■■■■■■■■■■■■■■■■■■■■■■■■■■■■■■■■■■■■■■■■■■■                        |  70% of 113.2 MiB
al-felony-nonconviction-90-set	Provision the browser	2026-09-12T01:27:37.7778767Z |■■■■■■■■■■■■■■■■■■■■■■■■■■■■■■■■■■■■■■■■■■■■■■■■■■■■■■■■■■■■■■■■                |  80% of 113.2 MiB
al-felony-nonconviction-90-set	Provision the browser	2026-09-12T01:27:37.8034678Z |■■■■■■■■■■■■■■■■■■■■■■■■■■■■■■■■■■■■■■■■■■■■■■■■■■■■■■■■■■■■■■■■■■■■■■■■        |  90% of 113.2 MiB
al-felony-nonconviction-90-set	Provision the browser	2026-09-12T01:27:37.8307358Z |■■■■■■■■■■■■■■■■■■■■■■■■■■■■■■■■■■■■■■■■■■■■■■■■■■■■■■■■■■■■■■■■■■■■■■■■■■■■■■■■| 100% of 113.2 MiB
al-felony-nonconviction-90-set	Provision the browser	2026-09-12T01:27:39.6159625Z Chrome Headless Shell 148.0.7778.96 (playwright chromium-headless-shell v1223) downloaded to /home/runner/.cache/ms-playwright/chromium_headless_shell-1223
al-felony-nonconviction-90-set	Render and measure al-felony-nonconviction-90-set	﻿2026-09-12T01:27:39.6352094Z ##[group]Run node scripts/rcap-raster-batch.mjs \
al-felony-nonconviction-90-set	Render and measure al-felony-nonconviction-90-set	2026-09-12T01:27:39.6352736Z ^[[36;1mnode scripts/rcap-raster-batch.mjs \^[[0m
al-felony-nonconviction-90-set	Render and measure al-felony-nonconviction-90-set	2026-09-12T01:27:39.6353476Z ^[[36;1m  --manifest "$MANIFEST_PATH" \^[[0m
al-felony-nonconviction-90-set	Render and measure al-felony-nonconviction-90-set	2026-09-12T01:27:39.6353915Z ^[[36;1m  --family "$FAMILY" \^[[0m
al-felony-nonconviction-90-set	Render and measure al-felony-nonconviction-90-set	2026-09-12T01:27:39.6354382Z ^[[36;1m  --commit "$COMMIT_SHA" \^[[0m
al-felony-nonconviction-90-set	Render and measure al-felony-nonconviction-90-set	2026-09-12T01:27:39.6354805Z ^[[36;1m  --scale "$REQUESTED_SCALE" \^[[0m
al-felony-nonconviction-90-set	Render and measure al-felony-nonconviction-90-set	2026-09-12T01:27:39.6355238Z ^[[36;1m  --run-id "$WORKFLOW_RUN_ID" \^[[0m
al-felony-nonconviction-90-set	Render and measure al-felony-nonconviction-90-set	2026-09-12T01:27:39.6355632Z ^[[36;1m  --out raster-out^[[0m
al-felony-nonconviction-90-set	Render and measure al-felony-nonconviction-90-set	2026-09-12T01:27:39.6384790Z shell: /usr/bin/bash -e {0}
al-felony-nonconviction-90-set	Render and measure al-felony-nonconviction-90-set	2026-09-12T01:27:39.6385242Z env:
al-felony-nonconviction-90-set	Render and measure al-felony-nonconviction-90-set	2026-09-12T01:27:39.6386050Z   pythonLocation: /opt/hostedtoolcache/Python/3.12.14/x64
al-felony-nonconviction-90-set	Render and measure al-felony-nonconviction-90-set	2026-09-12T01:27:39.6386885Z   PKG_CONFIG_PATH: /opt/hostedtoolcache/Python/3.12.14/x64/lib/pkgconfig
al-felony-nonconviction-90-set	Render and measure al-felony-nonconviction-90-set	2026-09-12T01:27:39.6387557Z   Python_ROOT_DIR: /opt/hostedtoolcache/Python/3.12.14/x64
al-felony-nonconviction-90-set	Render and measure al-felony-nonconviction-90-set	2026-09-12T01:27:39.6388184Z   Python2_ROOT_DIR: /opt/hostedtoolcache/Python/3.12.14/x64
al-felony-nonconviction-90-set	Render and measure al-felony-nonconviction-90-set	2026-09-12T01:27:39.6388736Z   Python3_ROOT_DIR: /opt/hostedtoolcache/Python/3.12.14/x64
al-felony-nonconviction-90-set	Render and measure al-felony-nonconviction-90-set	2026-09-12T01:27:39.6389458Z   LD_LIBRARY_PATH: /opt/hostedtoolcache/Python/3.12.14/x64/lib
al-felony-nonconviction-90-set	Render and measure al-felony-nonconviction-90-set	2026-09-12T01:27:39.6390095Z   PLAYWRIGHT_BROWSERS_PATH: /home/runner/.cache/ms-playwright
al-felony-nonconviction-90-set	Render and measure al-felony-nonconviction-90-set	2026-09-12T01:27:39.6390937Z   MANIFEST_PATH: data/rcap-grade-a/packet-factory-24h/warp-20260912/al-clerk-caption-six/raster-manifest.json
al-felony-nonconviction-90-set	Render and measure al-felony-nonconviction-90-set	2026-09-12T01:27:39.6391748Z   FAMILY: al-felony-nonconviction-90-set
al-felony-nonconviction-90-set	Render and measure al-felony-nonconviction-90-set	2026-09-12T01:27:39.6392256Z   COMMIT_SHA: e38cb2ecae5ada6668fa6c7b9739eac208da6378
al-felony-nonconviction-90-set	Render and measure al-felony-nonconviction-90-set	2026-09-12T01:27:39.6392748Z   REQUESTED_SCALE: 2.5
al-felony-nonconviction-90-set	Render and measure al-felony-nonconviction-90-set	2026-09-12T01:27:39.6393327Z   WORKFLOW_RUN_ID: 34664588051
al-felony-nonconviction-90-set	Render and measure al-felony-nonconviction-90-set	2026-09-12T01:27:39.6393745Z ##[endgroup]
al-felony-nonconviction-90-set	Render and measure al-felony-nonconviction-90-set	2026-09-12T01:31:45.2914138Z RCAP_RECEIPT_BEGIN family=al-felony-nonconviction-90-set run=34664588051 commit=e38cb2ecae5ada6668fa6c7b9739eac208da6378
al-felony-nonconviction-90-set	Render and measure al-felony-nonconviction-90-set	2026-09-12T01:31:45.2968688Z RCAP_RECEIPT_VERDICT {"schemaVersion":"rcap-raster-family-verdict/v1","familyId":"al-felony-nonconviction-90-set","verdict":"RASTER_PASS","packetCommitSha":"e38cb2ecae5ada6668fa6c7b9739eac208da6378","workflowRunId":"34664588051","requestedScale":2.5,"cssPxPerPt":1.3333333333333333,"browserExecutable":"/home/runner/.cache/ms-playwright/chromium-1223/chrome-linux64/chrome","resolvedBy":"PLAYWRIGHT_BROWSERS_PATH","operatingSystem":"Linux 6.17.0-1022-azure x64","nodeVersion":"v22.23.2","hashesBound":{"canonical":{"path":"data/rcap-all50/overlays/census-v1/al/al-felony-nonconviction-90-set--official-pdf-fill/fixtures/canonical.pdf","pinned":"40eccc47f8c05a9ce44f467e29e6239a27bfda884c66301b68b4e81b81342b8c"},"boundary":{"path":"data/rcap-all50/overlays/census-v1/al/al-felony-nonconviction-90-set--official-pdf-fill/fixtures/boundary.pdf","pinned":"0f867cd52916aec34559b7ec514e064167130c50dc7679d588462c22fc5b7e86"}},"documentsRendered":[{"role":"canonical","document":"canonical.pdf","path":"data/rcap-all50/overlays/census-v1/al/al-felony-nonconviction-90-set--official-pdf-fill/fixtures/canonical.pdf","pinned":"40eccc47f8c05a9ce44f467e29e6239a27bfda884c66301b68b4e81b81342b8c"},{"role":"boundary","document":"boundary.pdf","path":"data/rcap-all50/overlays/census-v1/al/al-felony-nonconviction-90-set--official-pdf-fill/fixtures/boundary.pdf","pinned":"0f867cd52916aec34559b7ec514e064167130c50dc7679d588462c22fc5b7e86"}],"documentsDigest":"77d077ff3863e029dc0960277a77f4caf38ee4690964994e5e3e6dd1c9d06a60","coversTheWholeFamily":true,"decryptionTransforms":[],"decryptionRule":"An encrypted source is hashed before any transform; Poppler and qpdf must independently agree on its page count; the temporary derivative is decrypted and serialized with explicit objects, then admitted only when geometry, decoded page content, fields/widgets, and XFA remain identical; only that temporary transport is passed to pdf-lib for calibrated rendering; the queued packet bytes are never modified.","pagesMeasured":22,"measurements":[{"kind":"canonical","document":"canonical.pdf","page":1,"png":"al-felony-nonconviction-90-set/canonical/page-001.png","bytes":501134,"pngSha256":"b46fd9b81944f26cbf1602d30ae1bf4f86141d679a14a6ef5876b3810efa849c","pngWidth":2040,"pngHeight":2640,"paper":{"x0":204,"y0":3,"x1":2243,"y1":2642,"width":2040,"height":2640},"pxPerPt":3.3333333333333335,"expectedPxPerPt":3.333333333333333,"pageWidthPt":612,"pageHeightPt":792,"expectedPx":{"width":2039.9999999999998,"height":2639.9999999999995,"tolerancePx":6.666666666666666},"calibrationResidualPx":0,"inkFractionInsidePaper":0.06878583630421865,"nonblank":true,"croppedToThePage":true},{"kind":"canonical","document":"canonical.pdf","page":2,"png":"al-felony-nonconviction-90-set/canonical/page-002.png","bytes":541350,"pngSha256":"8e8443461a26bd1a2f334b2cbe2dc7543c73d3f5092a2f007ff55bb9a006da68","pngWidth":2040,"pngHeight":2640,"paper":{"x0":204,"y0":3,"x1":2243,"y1":2642,"width":2040,"height":2640},"pxPerPt":3.3333333333333335,"expectedPxPerPt":3.333333333333333,"pageWidthPt":612,"pageHeightPt":792,"expectedPx":{"width":2039.9999999999998,"height":2639.9999999999995,"tolerancePx":6.666666666666666},"calibrationResidualPx":0,"inkFractionInsidePaper":0.06971015300059417,"nonblank":true,"croppedToThePage":true},{"kind":"canonical","document":"canonical.pdf","page":3,"png":"al-felony-nonconviction-90-set/canonical/page-003.png","bytes":533662,"pngSha256":"5302716023e85bfc6c21eddd6a220adb9ff51e77c191d77a8c38cae799198add","pngWidth":2040,"pngHeight":2640,"paper":{"x0":204,"y0":3,"x1":2243,"y1":2642,"width":2040,"height":2640},"pxPerPt":3.3333333333333335,"expectedPxPerPt":3.333333333333333,"pageWidthPt":612,"pageHeightPt":792,"expectedPx":{"width":2039.9999999999998,"height":2639.9999999999995,"tolerancePx":6.666666666666666},"calibrationResidualPx":0,"inkFractionInsidePaper":0.07394607843137255,"nonblank":true,"croppedToThePage":true},{"kind":"canonical","document":"canonical.pdf","page":4,"png":"al-felony-nonconviction-90-set/canonical/page-004.png","bytes":552918,"pngSha256":"e6c86ba6138e7d42edc73b67b0d43e9aafdc419fd95963a439d03df6e71752a6","pngWidth":2040,"pngHeight":2640,"paper":{"x0":204,"y0":3,"x1":2243,"y1":2642,"width":2040,"height":2640},"pxPerPt":3.3333333333333335,"expectedPxPerPt":3.333333333333333,"pageWidthPt":612,"pageHeightPt":792,"expectedPx":{"width":2039.9999999999998,"height":2639.9999999999995,"tolerancePx":6.666666666666666},"calibrationResidualPx":0,"inkFractionInsidePaper":0.08551674836601307,"nonblank":true,"croppedToThePage":true},{"kind":"canonical","document":"canonical.pdf","page":5,"png":"al-felony-nonconviction-90-set/canonical/page-005.png","bytes":376595,"pngSha256":"18f8c16cf684fb84a0b33798f807be24f4618de33d8df1abb8f9cfab6aded6db","pngWidth":2040,"pngHeight":2640,"paper":{"x0":204,"y0":3,"x1":2243,"y1":2642,"width":2040,"height":2640},"pxPerPt":3.3333333333333335,"expectedPxPerPt":3.333333333333333,"pageWidthPt":612,"pageHeightPt":792,"expectedPx":{"width":2039.9999999999998,"height":2639.9999999999995,"tolerancePx":6.666666666666666},"calibrationResidualPx":0,"inkFractionInsidePaper":0.053209855912061794,"nonblank":true,"croppedToThePage":true},{"kind":"canonical","document":"canonical.pdf","page":6,"png":"al-felony-nonconviction-90-set/canonical/page-006.png","bytes":359319,"pngSha256":"c277aabfaa35ecd8c7fedab701ca1a9b990558df4cb3db03353babc7f9bfda43","pngWidth":2040,"pngHeight":2640,"paper":{"x0":204,"y0":3,"x1":2243,"y1":2642,"width":2040,"height":2640},"pxPerPt":3.3333333333333335,"expectedPxPerPt":3.333333333333333,"pageWidthPt":612,"pageHeightPt":792,"expectedPx":{"width":2039.9999999999998,"height":2639.9999999999995,"tolerancePx":6.666666666666666},"calibrationResidualPx":0,"inkFractionInsidePaper":0.040051619132501486,"nonblank":true,"croppedToThePage":true},{"kind":"canonical","document":"canonical.pdf","page":7,"png":"al-felony-nonconviction-90-set/canonical/page-007.png","bytes":434042,"pngSha256":"68a594b4e3298b1d3b2d58d9e97846aa3186721993f43d79356936aaad3899b0","pngWidth":2040,"pngHeight":2640,"paper":{"x0":204,"y0":3,"x1":2243,"y1":2642,"width":2040,"height":2640},"pxPerPt":3.3333333333333335,"expectedPxPerPt":3.333333333333333,"pageWidthPt":612,"pageHeightPt":792,"expectedPx":{"width":2039.9999999999998,"height":2639.9999999999995,"tolerancePx":6.666666666666666},"calibrationResidualPx":0,"inkFractionInsidePaper":0.057026515151515154,"nonblank":true,"croppedToThePage":true},{"kind":"canonical","document":"canonical.pdf","page":8,"png":"al-felony-nonconviction-90-set/canonical/page-008.png","bytes":872723,"pngSha256":"fba565776a6bddc9e13ba86ce28c194bf6ba4482681038a98af0006cdf439d70","pngWidth":2040,"pngHeight":2640,"paper":{"x0":204,"y0":3,"x1":2243,"y1":2642,"width":2040,"height":2640},"pxPerPt":3.3333333333333335,"expectedPxPerPt":3.333333333333333,"pageWidthPt":612,"pageHeightPt":792,"expectedPx":{"width":2039.9999999999998,"height":2639.9999999999995,"tolerancePx":6.666666666666666},"calibrationResidualPx":0,"inkFractionInsidePaper":0.10128045157456922,"nonblank":true,"croppedToThePage":true},{"kind":"canonical","document":"canonical.pdf","page":9,"png":"al-felony-nonconviction-90-set/canonical/page-009.png","bytes":457405,"pngSha256":"10c55e4dfdd90530fff8db9690252b795f392d4fd9b05f7705d96a55e0e7bf91","pngWidth":2040,"pngHeight":2640,"paper":{"x0":204,"y0":3,"x1":2243,"y1":2642,"width":2040,"height":2640},"pxPerPt":3.3333333333333335,"expectedPxPerPt":3.333333333333333,"pageWidthPt":612,"pageHeightPt":792,"expectedPx":{"width":2039.9999999999998,"height":2639.9999999999995,"tolerancePx":6.666666666666666},"calibrationResidualPx":0,"inkFractionInsidePaper":0.053917483660130716,"nonblank":true,"croppedToThePage":true},{"kind":"canonical","document":"canonical.pdf","page":10,"png":"al-felony-nonconviction-90-set/canonical/page-010.png","bytes":473307,"pngSha256":"3a656c7e97655b5af51a010e2371e45bdb12c54eb11b32ee04a10c152b09fc3b","pngWidth":2040,"pngHeight":2640,"paper":{"x0":204,"y0":3,"x1":2243,"y1":2642,"width":2040,"height":2640},"pxPerPt":3.3333333333333335,"expectedPxPerPt":3.333333333333333,"pageWidthPt":612,"pageHeightPt":792,"expectedPx":{"width":2039.9999999999998,"height":2639.9999999999995,"tolerancePx":6.666666666666666},"calibrationResidualPx":0,"inkFractionInsidePaper":0.05459484551396316,"nonblank":true,"croppedToThePage":true},{"kind":"canonical","document":"canonical.pdf","page":11,"png":"al-felony-nonconviction-90-set/canonical/page-011.png","bytes":427956,"pngSha256":"3d8753a2fd235f0a0ce226962e7b6918fe2c75b96c62e43b0c544edec4d2f170","pngWidth":2040,"pngHeight":2640,"paper":{"x0":204,"y0":3,"x1":2243,"y1":2642,"width":2040,"height":2640},"pxPerPt":3.3333333333333335,"expectedPxPerPt":3.333333333333333,"pageWidthPt":612,"pageHeightPt":792,"expectedPx":{"width":2039.9999999999998,"height":2639.9999999999995,"tolerancePx":6.666666666666666},"calibrationResidualPx":0,"inkFractionInsidePaper":0.05390875668449198,"nonblank":true,"croppedToThePage":true},{"kind":"boundary","document":"boundary.pdf","page":1,"png":"al-felony-nonconviction-90-set/boundary/page-001.png","bytes":507944,"pngSha256":"2d2691f5f8511da99f759b8881b2906155db049a95ca716cff385bd00c3e8e1e","pngWidth":2040,"pngHeight":2640,"paper":{"x0":204,"y0":3,"x1":2243,"y1":2642,"width":2040,"height":2640},"pxPerPt":3.3333333333333335,"expectedPxPerPt":3.333333333333333,"pageWidthPt":612,"pageHeightPt":792,"expectedPx":{"width":2039.9999999999998,"height":2639.9999999999995,"tolerancePx":6.666666666666666},"calibrationResidualPx":0,"inkFractionInsidePaper":0.07024584076054664,"nonblank":true,"croppedToThePage":true},{"kind":"boundary","document":"boundary.pdf","page":2,"png":"al-felony-nonconviction-90-set/boundary/page-002.png","bytes":541350,"pngSha256":"8e8443461a26bd1a2f334b2cbe2dc7543c73d3f5092a2f007ff55bb9a006da68","pngWidth":2040,"pngHeight":2640,"paper":{"x0":204,"y0":3,"x1":2243,"y1":2642,"width":2040,"height":2640},"pxPerPt":3.3333333333333335,"expectedPxPerPt":3.333333333333333,"pageWidthPt":612,"pageHeightPt":792,"expectedPx":{"width":2039.9999999999998,"height":2639.9999999999995,"tolerancePx":6.666666666666666},"calibrationResidualPx":0,"inkFractionInsidePaper":0.06971015300059417,"nonblank":true,"croppedToThePage":true},{"kind":"boundary","document":"boundary.pdf","page":3,"png":"al-felony-nonconviction-90-set/boundary/page-003.png","bytes":533662,"pngSha256":"5302716023e85bfc6c21eddd6a220adb9ff51e77c191d77a8c38cae799198add","pngWidth":2040,"pngHeight":2640,"paper":{"x0":204,"y0":3,"x1":2243,"y1":2642,"width":2040,"height":2640},"pxPerPt":3.3333333333333335,"expectedPxPerPt":3.333333333333333,"pageWidthPt":612,"pageHeightPt":792,"expectedPx":{"width":2039.9999999999998,"height":2639.9999999999995,"tolerancePx":6.666666666666666},"calibrationResidualPx":0,"inkFractionInsidePaper":0.07394607843137255,"nonblank":true,"croppedToThePage":true},{"kind":"boundary","document":"boundary.pdf","page":4,"png":"al-felony-nonconviction-90-set/boundary/page-004.png","bytes":552918,"pngSha256":"e6c86ba6138e7d42edc73b67b0d43e9aafdc419fd95963a439d03df6e71752a6","pngWidth":2040,"pngHeight":2640,"paper":{"x0":204,"y0":3,"x1":2243,"y1":2642,"width":2040,"height":2640},"pxPerPt":3.3333333333333335,"expectedPxPerPt":3.333333333333333,"pageWidthPt":612,"pageHeightPt":792,"expectedPx":{"width":2039.9999999999998,"height":2639.9999999999995,"tolerancePx":6.666666666666666},"calibrationResidualPx":0,"inkFractionInsidePaper":0.08551674836601307,"nonblank":true,"croppedToThePage":true},{"kind":"boundary","document":"boundary.pdf","page":5,"png":"al-felony-nonconviction-90-set/boundary/page-005.png","bytes":376595,"pngSha256":"18f8c16cf684fb84a0b33798f807be24f4618de33d8df1abb8f9cfab6aded6db","pngWidth":2040,"pngHeight":2640,"paper":{"x0":204,"y0":3,"x1":2243,"y1":2642,"width":2040,"height":2640},"pxPerPt":3.3333333333333335,"expectedPxPerPt":3.333333333333333,"pageWidthPt":612,"pageHeightPt":792,"expectedPx":{"width":2039.9999999999998,"height":2639.9999999999995,"tolerancePx":6.666666666666666},"calibrationResidualPx":0,"inkFractionInsidePaper":0.053209855912061794,"nonblank":true,"croppedToThePage":true},{"kind":"boundary","document":"boundary.pdf","page":6,"png":"al-felony-nonconviction-90-set/boundary/page-006.png","bytes":359873,"pngSha256":"16dfea476e05bf3cb4da8ff5e5902cb0e153eb85e7f176c609c0bc353d058273","pngWidth":2040,"pngHeight":2640,"paper":{"x0":204,"y0":3,"x1":2243,"y1":2642,"width":2040,"height":2640},"pxPerPt":3.3333333333333335,"expectedPxPerPt":3.333333333333333,"pageWidthPt":612,"pageHeightPt":792,"expectedPx":{"width":2039.9999999999998,"height":2639.9999999999995,"tolerancePx":6.666666666666666},"calibrationResidualPx":0,"inkFractionInsidePaper":0.040203691325014855,"nonblank":true,"croppedToThePage":true},{"kind":"boundary","document":"boundary.pdf","page":7,"png":"al-felony-nonconviction-90-set/boundary/page-007.png","bytes":434042,"pngSha256":"68a594b4e3298b1d3b2d58d9e97846aa3186721993f43d79356936aaad3899b0","pngWidth":2040,"pngHeight":2640,"paper":{"x0":204,"y0":3,"x1":2243,"y1":2642,"width":2040,"height":2640},"pxPerPt":3.3333333333333335,"expectedPxPerPt":3.333333333333333,"pageWidthPt":612,"pageHeightPt":792,"expectedPx":{"width":2039.9999999999998,"height":2639.9999999999995,"tolerancePx":6.666666666666666},"calibrationResidualPx":0,"inkFractionInsidePaper":0.057026515151515154,"nonblank":true,"croppedToThePage":true},{"kind":"boundary","document":"boundary.pdf","page":8,"png":"al-felony-nonconviction-90-set/boundary/page-008.png","bytes":872723,"pngSha256":"fba565776a6bddc9e13ba86ce28c194bf6ba4482681038a98af0006cdf439d70","pngWidth":2040,"pngHeight":2640,"paper":{"x0":204,"y0":3,"x1":2243,"y1":2642,"width":2040,"height":2640},"pxPerPt":3.3333333333333335,"expectedPxPerPt":3.333333333333333,"pageWidthPt":612,"pageHeightPt":792,"expectedPx":{"width":2039.9999999999998,"height":2639.9999999999995,"tolerancePx":6.666666666666666},"calibrationResidualPx":0,"inkFractionInsidePaper":0.10128045157456922,"nonblank":true,"croppedToThePage":true},{"kind":"boundary","document":"boundary.pdf","page":9,"png":"al-felony-nonconviction-90-set/boundary/page-009.png","bytes":467647,"pngSha256":"1f5dac4144933ac2900fcd73482d0b301a1337875e44db1976d19451b0bf7734","pngWidth":2040,"pngHeight":2640,"paper":{"x0":204,"y0":3,"x1":2243,"y1":2642,"width":2040,"height":2640},"pxPerPt":3.3333333333333335,"expectedPxPerPt":3.333333333333333,"pageWidthPt":612,"pageHeightPt":792,"expectedPx":{"width":2039.9999999999998,"height":2639.9999999999995,"tolerancePx":6.666666666666666},"calibrationResidualPx":0,"inkFractionInsidePaper":0.05539679887106358,"nonblank":true,"croppedToThePage":true},{"kind":"boundary","document":"boundary.pdf","page":10,"png":"al-felony-nonconviction-90-set/boundary/page-010.png","bytes":476842,"pngSha256":"6bcb80b908fa73154fb7d739df0f88343a548779e4aa6ee61601d92b80f94b34","pngWidth":2040,"pngHeight":2640,"paper":{"x0":204,"y0":3,"x1":2243,"y1":2642,"width":2040,"height":2640},"pxPerPt":3.3333333333333335,"expectedPxPerPt":3.333333333333333,"pageWidthPt":612,"pageHeightPt":792,"expectedPx":{"width":2039.9999999999998,"height":2639.9999999999995,"tolerancePx":6.666666666666666},"calibrationResidualPx":0,"inkFractionInsidePaper":0.05504827688651218,"nonblank":true,"croppedToThePage":true},{"kind":"boundary","document":"boundary.pdf","page":11,"png":"al-felony-nonconviction-90-set/boundary/page-011.png","bytes":427956,"pngSha256":"3d8753a2fd235f0a0ce226962e7b6918fe2c75b96c62e43b0c544edec4d2f170","pngWidth":2040,"pngHeight":2640,"paper":{"x0":204,"y0":3,"x1":2243,"y1":2642,"width":2040,"height":2640},"pxPerPt":3.3333333333333335,"expectedPxPerPt":3.333333333333333,"pageWidthPt":612,"pageHeightPt":792,"expectedPx":{"width":2039.9999999999998,"height":2639.9999999999995,"tolerancePx":6.666666666666666},"calibrationResidualPx":0,"inkFractionInsidePaper":0.05390875668449198,"nonblank":true,"croppedToThePage":true}],"problems":[],"environmentProblems":[],"whatThisDoesNotDecide":"This is one gate. RASTER_PASS does not make a family PASS_COMPLETE, promotes nothing, and opens no commercial route.","packetPdfsModified":0,"bodiesCommitted":0,"commercialRoutesOpened":0,"productionTouched":false}
al-felony-nonconviction-90-set	Render and measure al-felony-nonconviction-90-set	2026-09-12T01:31:45.3025400Z RCAP_RECEIPT_INVENTORY [{"runId":"34664588051","familyId":"al-felony-nonconviction-90-set","member":"al-felony-nonconviction-90-set/canonical/page-001.png","bytes":501134,"sha256":"b46fd9b81944f26cbf1602d30ae1bf4f86141d679a14a6ef5876b3810efa849c","pngWidth":2040,"pngHeight":2640},{"runId":"34664588051","familyId":"al-felony-nonconviction-90-set","member":"al-felony-nonconviction-90-set/canonical/page-002.png","bytes":541350,"sha256":"8e8443461a26bd1a2f334b2cbe2dc7543c73d3f5092a2f007ff55bb9a006da68","pngWidth":2040,"pngHeight":2640},{"runId":"34664588051","familyId":"al-felony-nonconviction-90-set","member":"al-felony-nonconviction-90-set/canonical/page-003.png","bytes":533662,"sha256":"5302716023e85bfc6c21eddd6a220adb9ff51e77c191d77a8c38cae799198add","pngWidth":2040,"pngHeight":2640},{"runId":"34664588051","familyId":"al-felony-nonconviction-90-set","member":"al-felony-nonconviction-90-set/canonical/page-004.png","bytes":552918,"sha256":"e6c86ba6138e7d42edc73b67b0d43e9aafdc419fd95963a439d03df6e71752a6","pngWidth":2040,"pngHeight":2640},{"runId":"34664588051","familyId":"al-felony-nonconviction-90-set","member":"al-felony-nonconviction-90-set/canonical/page-005.png","bytes":376595,"sha256":"18f8c16cf684fb84a0b33798f807be24f4618de33d8df1abb8f9cfab6aded6db","pngWidth":2040,"pngHeight":2640},{"runId":"34664588051","familyId":"al-felony-nonconviction-90-set","member":"al-felony-nonconviction-90-set/canonical/page-006.png","bytes":359319,"sha256":"c277aabfaa35ecd8c7fedab701ca1a9b990558df4cb3db03353babc7f9bfda43","pngWidth":2040,"pngHeight":2640},{"runId":"34664588051","familyId":"al-felony-nonconviction-90-set","member":"al-felony-nonconviction-90-set/canonical/page-007.png","bytes":434042,"sha256":"68a594b4e3298b1d3b2d58d9e97846aa3186721993f43d79356936aaad3899b0","pngWidth":2040,"pngHeight":2640},{"runId":"34664588051","familyId":"al-felony-nonconviction-90-set","member":"al-felony-nonconviction-90-set/canonical/page-008.png","bytes":872723,"sha256":"fba565776a6bddc9e13ba86ce28c194bf6ba4482681038a98af0006cdf439d70","pngWidth":2040,"pngHeight":2640},{"runId":"34664588051","familyId":"al-felony-nonconviction-90-set","member":"al-felony-nonconviction-90-set/canonical/page-009.png","bytes":457405,"sha256":"10c55e4dfdd90530fff8db9690252b795f392d4fd9b05f7705d96a55e0e7bf91","pngWidth":2040,"pngHeight":2640},{"runId":"34664588051","familyId":"al-felony-nonconviction-90-set","member":"al-felony-nonconviction-90-set/canonical/page-010.png","bytes":473307,"sha256":"3a656c7e97655b5af51a010e2371e45bdb12c54eb11b32ee04a10c152b09fc3b","pngWidth":2040,"pngHeight":2640},{"runId":"34664588051","familyId":"al-felony-nonconviction-90-set","member":"al-felony-nonconviction-90-set/canonical/page-011.png","bytes":427956,"sha256":"3d8753a2fd235f0a0ce226962e7b6918fe2c75b96c62e43b0c544edec4d2f170","pngWidth":2040,"pngHeight":2640},{"runId":"34664588051","familyId":"al-felony-nonconviction-90-set","member":"al-felony-nonconviction-90-set/boundary/page-001.png","bytes":507944,"sha256":"2d2691f5f8511da99f759b8881b2906155db049a95ca716cff385bd00c3e8e1e","pngWidth":2040,"pngHeight":2640},{"runId":"34664588051","familyId":"al-felony-nonconviction-90-set","member":"al-felony-nonconviction-90-set/boundary/page-002.png","bytes":541350,"sha256":"8e8443461a26bd1a2f334b2cbe2dc7543c73d3f5092a2f007ff55bb9a006da68","pngWidth":2040,"pngHeight":2640},{"runId":"34664588051","familyId":"al-felony-nonconviction-90-set","member":"al-felony-nonconviction-90-set/boundary/page-003.png","bytes":533662,"sha256":"5302716023e85bfc6c21eddd6a220adb9ff51e77c191d77a8c38cae799198add","pngWidth":2040,"pngHeight":2640},{"runId":"34664588051","familyId":"al-felony-nonconviction-90-set","member":"al-felony-nonconviction-90-set/boundary/page-004.png","bytes":552918,"sha256":"e6c86ba6138e7d42edc73b67b0d43e9aafdc419fd95963a439d03df6e71752a6","pngWidth":2040,"pngHeight":2640},{"runId":"34664588051","familyId":"al-felony-nonconviction-90-set","member":"al-felony-nonconviction-90-set/boundary/page-005.png","bytes":376595,"sha256":"18f8c16cf684fb84a0b33798f807be24f4618de33d8df1abb8f9cfab6aded6db","pngWidth":2040,"pngHeight":2640},{"runId":"34664588051","familyId":"al-felony-nonconviction-90-set","member":"al-felony-nonconviction-90-set/boundary/page-006.png","bytes":359873,"sha256":"16dfea476e05bf3cb4da8ff5e5902cb0e153eb85e7f176c609c0bc353d058273","pngWidth":2040,"pngHeight":2640},{"runId":"34664588051","familyId":"al-felony-nonconviction-90-set","member":"al-felony-nonconviction-90-set/boundary/page-007.png","bytes":434042,"sha256":"68a594b4e3298b1d3b2d58d9e97846aa3186721993f43d79356936aaad3899b0","pngWidth":2040,"pngHeight":2640},{"runId":"34664588051","familyId":"al-felony-nonconviction-90-set","member":"al-felony-nonconviction-90-set/boundary/page-008.png","bytes":872723,"sha256":"fba565776a6bddc9e13ba86ce28c194bf6ba4482681038a98af0006cdf439d70","pngWidth":2040,"pngHeight":2640},{"runId":"34664588051","familyId":"al-felony-nonconviction-90-set","member":"al-felony-nonconviction-90-set/boundary/page-009.png","bytes":467647,"sha256":"1f5dac4144933ac2900fcd73482d0b301a1337875e44db1976d19451b0bf7734","pngWidth":2040,"pngHeight":2640},{"runId":"34664588051","familyId":"al-felony-nonconviction-90-set","member":"al-felony-nonconviction-90-set/boundary/page-010.png","bytes":476842,"sha256":"6bcb80b908fa73154fb7d739df0f88343a548779e4aa6ee61601d92b80f94b34","pngWidth":2040,"pngHeight":2640},{"runId":"34664588051","familyId":"al-felony-nonconviction-90-set","member":"al-felony-nonconviction-90-set/boundary/page-011.png","bytes":427956,"sha256":"3d8753a2fd235f0a0ce226962e7b6918fe2c75b96c62e43b0c544edec4d2f170","pngWidth":2040,"pngHeight":2640}]
al-felony-nonconviction-90-set	Render and measure al-felony-nonconviction-90-set	2026-09-12T01:31:45.3041490Z RCAP_RECEIPT_END family=al-felony-nonconviction-90-set run=34664588051 pages=22
al-felony-nonconviction-90-set	Render and measure al-felony-nonconviction-90-set	2026-09-12T01:31:45.3042803Z RASTER_PASS al-felony-nonconviction-90-set — 2 document(s), 22 page(s) measured, 0 problem(s)
al-felony-nonconviction-90-set	Print the verdict and the page digests to the log	﻿2026-09-12T01:31:45.3071850Z ##[group]Run set -uo pipefail
al-felony-nonconviction-90-set	Print the verdict and the page digests to the log	2026-09-12T01:31:45.3072199Z ^[[36;1mset -uo pipefail^[[0m
al-felony-nonconviction-90-set	Print the verdict and the page digests to the log	2026-09-12T01:31:45.3072508Z ^[[36;1mfor v in raster-out/*.verdict.json; do^[[0m
al-felony-nonconviction-90-set	Print the verdict and the page digests to the log	2026-09-12T01:31:45.3072912Z ^[[36;1m  [ -e "$v" ] || continue^[[0m
al-felony-nonconviction-90-set	Print the verdict and the page digests to the log	2026-09-12T01:31:45.3073432Z ^[[36;1m  echo "===== BEGIN VERDICT $(basename "$v") ====="^[[0m
al-felony-nonconviction-90-set	Print the verdict and the page digests to the log	2026-09-12T01:31:45.3073787Z ^[[36;1m  cat "$v"^[[0m
al-felony-nonconviction-90-set	Print the verdict and the page digests to the log	2026-09-12T01:31:45.3074082Z ^[[36;1m  echo "===== END VERDICT $(basename "$v") ====="^[[0m
al-felony-nonconviction-90-set	Print the verdict and the page digests to the log	2026-09-12T01:31:45.3074399Z ^[[36;1mdone^[[0m
al-felony-nonconviction-90-set	Print the verdict and the page digests to the log	2026-09-12T01:31:45.3074678Z ^[[36;1mecho "===== BEGIN PAGE DIGESTS ====="^[[0m
al-felony-nonconviction-90-set	Print the verdict and the page digests to the log	2026-09-12T01:31:45.3075117Z ^[[36;1mfind raster-out -type f -name '*.png' -print0 | sort -z | xargs -0 -r sha256sum^[[0m
al-felony-nonconviction-90-set	Print the verdict and the page digests to the log	2026-09-12T01:31:45.3075527Z ^[[36;1mecho "===== END PAGE DIGESTS ====="^[[0m
al-felony-nonconviction-90-set	Print the verdict and the page digests to the log	2026-09-12T01:31:45.3096745Z shell: /usr/bin/bash -e {0}
al-felony-nonconviction-90-set	Print the verdict and the page digests to the log	2026-09-12T01:31:45.3097095Z env:
al-felony-nonconviction-90-set	Print the verdict and the page digests to the log	2026-09-12T01:31:45.3097406Z   pythonLocation: /opt/hostedtoolcache/Python/3.12.14/x64
al-felony-nonconviction-90-set	Print the verdict and the page digests to the log	2026-09-12T01:31:45.3097854Z   PKG_CONFIG_PATH: /opt/hostedtoolcache/Python/3.12.14/x64/lib/pkgconfig
al-felony-nonconviction-90-set	Print the verdict and the page digests to the log	2026-09-12T01:31:45.3098375Z   Python_ROOT_DIR: /opt/hostedtoolcache/Python/3.12.14/x64
al-felony-nonconviction-90-set	Print the verdict and the page digests to the log	2026-09-12T01:31:45.3098786Z   Python2_ROOT_DIR: /opt/hostedtoolcache/Python/3.12.14/x64
al-felony-nonconviction-90-set	Print the verdict and the page digests to the log	2026-09-12T01:31:45.3099170Z   Python3_ROOT_DIR: /opt/hostedtoolcache/Python/3.12.14/x64
al-felony-nonconviction-90-set	Print the verdict and the page digests to the log	2026-09-12T01:31:45.3099531Z   LD_LIBRARY_PATH: /opt/hostedtoolcache/Python/3.12.14/x64/lib
al-felony-nonconviction-90-set	Print the verdict and the page digests to the log	2026-09-12T01:31:45.3099959Z   PLAYWRIGHT_BROWSERS_PATH: /home/runner/.cache/ms-playwright
al-felony-nonconviction-90-set	Print the verdict and the page digests to the log	2026-09-12T01:31:45.3100332Z ##[endgroup]
al-felony-nonconviction-90-set	Print the verdict and the page digests to the log	2026-09-12T01:31:45.3150849Z ===== BEGIN VERDICT al-felony-nonconviction-90-set.verdict.json =====
al-felony-nonconviction-90-set	Print the verdict and the page digests to the log	2026-09-12T01:31:45.3157557Z {
al-felony-nonconviction-90-set	Print the verdict and the page digests to the log	2026-09-12T01:31:45.3158104Z   "schemaVersion": "rcap-raster-family-verdict/v1",
al-felony-nonconviction-90-set	Print the verdict and the page digests to the log	2026-09-12T01:31:45.3158711Z   "familyId": "al-felony-nonconviction-90-set",
al-felony-nonconviction-90-set	Print the verdict and the page digests to the log	2026-09-12T01:31:45.3159187Z   "verdict": "RASTER_PASS",
al-felony-nonconviction-90-set	Print the verdict and the page digests to the log	2026-09-12T01:31:45.3159761Z   "packetCommitSha": "e38cb2ecae5ada6668fa6c7b9739eac208da6378",
al-felony-nonconviction-90-set	Print the verdict and the page digests to the log	2026-09-12T01:31:45.3160271Z   "workflowRunId": "34664588051",
al-felony-nonconviction-90-set	Print the verdict and the page digests to the log	2026-09-12T01:31:45.3160597Z   "requestedScale": 2.5,
al-felony-nonconviction-90-set	Print the verdict and the page digests to the log	2026-09-12T01:31:45.3160916Z   "cssPxPerPt": 1.3333333333333333,
al-felony-nonconviction-90-set	Print the verdict and the page digests to the log	2026-09-12T01:31:45.3161366Z   "browserExecutable": "/home/runner/.cache/ms-playwright/chromium-1223/chrome-linux64/chrome",
al-felony-nonconviction-90-set	Print the verdict and the page digests to the log	2026-09-12T01:31:45.3162049Z   "resolvedBy": "PLAYWRIGHT_BROWSERS_PATH",
al-felony-nonconviction-90-set	Print the verdict and the page digests to the log	2026-09-12T01:31:45.3162403Z   "operatingSystem": "Linux 6.17.0-1022-azure x64",
al-felony-nonconviction-90-set	Print the verdict and the page digests to the log	2026-09-12T01:31:45.3162766Z   "nodeVersion": "v22.23.2",
al-felony-nonconviction-90-set	Print the verdict and the page digests to the log	2026-09-12T01:31:45.3163041Z   "hashesBound": {
al-felony-nonconviction-90-set	Print the verdict and the page digests to the log	2026-09-12T01:31:45.3163465Z     "canonical": {
al-felony-nonconviction-90-set	Print the verdict and the page digests to the log	2026-09-12T01:31:45.3164191Z       "path": "data/rcap-all50/overlays/census-v1/al/al-felony-nonconviction-90-set--official-pdf-fill/fixtures/canonical.pdf",
al-felony-nonconviction-90-set	Print the verdict and the page digests to the log	2026-09-12T01:31:45.3164854Z       "pinned": "40eccc47f8c05a9ce44f467e29e6239a27bfda884c66301b68b4e81b81342b8c"
al-felony-nonconviction-90-set	Print the verdict and the page digests to the log	2026-09-12T01:31:45.3165286Z     },
al-felony-nonconviction-90-set	Print the verdict and the page digests to the log	2026-09-12T01:31:45.3165524Z     "boundary": {
al-felony-nonconviction-90-set	Print the verdict and the page digests to the log	2026-09-12T01:31:45.3166040Z       "path": "data/rcap-all50/overlays/census-v1/al/al-felony-nonconviction-90-set--official-pdf-fill/fixtures/boundary.pdf",
al-felony-nonconviction-90-set	Print the verdict and the page digests to the log	2026-09-12T01:31:45.3166733Z       "pinned": "0f867cd52916aec34559b7ec514e064167130c50dc7679d588462c22fc5b7e86"
al-felony-nonconviction-90-set	Print the verdict and the page digests to the log	2026-09-12T01:31:45.3167114Z     }
al-felony-nonconviction-90-set	Print the verdict and the page digests to the log	2026-09-12T01:31:45.3167393Z   },
al-felony-nonconviction-90-set	Print the verdict and the page digests to the log	2026-09-12T01:31:45.3167639Z   "documentsRendered": [
al-felony-nonconviction-90-set	Print the verdict and the page digests to the log	2026-09-12T01:31:45.3167889Z     {
al-felony-nonconviction-90-set	Print the verdict and the page digests to the log	2026-09-12T01:31:45.3168185Z       "role": "canonical",
al-felony-nonconviction-90-set	Print the verdict and the page digests to the log	2026-09-12T01:31:45.3168506Z       "document": "canonical.pdf",
al-felony-nonconviction-90-set	Print the verdict and the page digests to the log	2026-09-12T01:31:45.3169305Z       "path": "data/rcap-all50/overlays/census-v1/al/al-felony-nonconviction-90-set--official-pdf-fill/fixtures/canonical.pdf",
al-felony-nonconviction-90-set	Print the verdict and the page digests to the log	2026-09-12T01:31:45.3169939Z       "pinned": "40eccc47f8c05a9ce44f467e29e6239a27bfda884c66301b68b4e81b81342b8c"
al-felony-nonconviction-90-set	Print the verdict and the page digests to the log	2026-09-12T01:31:45.3170462Z     },
al-felony-nonconviction-90-set	Print the verdict and the page digests to the log	2026-09-12T01:31:45.3170800Z     {
al-felony-nonconviction-90-set	Print the verdict and the page digests to the log	2026-09-12T01:31:45.3171094Z       "role": "boundary",
al-felony-nonconviction-90-set	Print the verdict and the page digests to the log	2026-09-12T01:31:45.3171560Z       "document": "boundary.pdf",
al-felony-nonconviction-90-set	Print the verdict and the page digests to the log	2026-09-12T01:31:45.3172361Z       "path": "data/rcap-all50/overlays/census-v1/al/al-felony-nonconviction-90-set--official-pdf-fill/fixtures/boundary.pdf",
al-felony-nonconviction-90-set	Print the verdict and the page digests to the log	2026-09-12T01:31:45.3173617Z       "pinned": "0f867cd52916aec34559b7ec514e064167130c50dc7679d588462c22fc5b7e86"
al-felony-nonconviction-90-set	Print the verdict and the page digests to the log	2026-09-12T01:31:45.3174245Z     }
al-felony-nonconviction-90-set	Print the verdict and the page digests to the log	2026-09-12T01:31:45.3174577Z   ],
al-felony-nonconviction-90-set	Print the verdict and the page digests to the log	2026-09-12T01:31:45.3175176Z   "documentsDigest": "77d077ff3863e029dc0960277a77f4caf38ee4690964994e5e3e6dd1c9d06a60",
al-felony-nonconviction-90-set	Print the verdict and the page digests to the log	2026-09-12T01:31:45.3175836Z   "coversTheWholeFamily": true,
al-felony-nonconviction-90-set	Print the verdict and the page digests to the log	2026-09-12T01:31:45.3176277Z   "decryptionTransforms": [],
al-felony-nonconviction-90-set	Print the verdict and the page digests to the log	2026-09-12T01:31:45.3178500Z   "decryptionRule": "An encrypted source is hashed before any transform; Poppler and qpdf must independently agree on its page count; the temporary derivative is decrypted and serialized with explicit objects, then admitted only when geometry, decoded page content, fields/widgets, and XFA remain identical; only that temporary transport is passed to pdf-lib for calibrated rendering; the queued packet bytes are never modified.",
al-felony-nonconviction-90-set	Print the verdict and the page digests to the log	2026-09-12T01:31:45.3180503Z   "pagesMeasured": 22,
al-felony-nonconviction-90-set	Print the verdict and the page digests to the log	2026-09-12T01:31:45.3180897Z   "measurements": [
al-felony-nonconviction-90-set	Print the verdict and the page digests to the log	2026-09-12T01:31:45.3181237Z     {
al-felony-nonconviction-90-set	Print the verdict and the page digests to the log	2026-09-12T01:31:45.3181603Z       "kind": "canonical",
al-felony-nonconviction-90-set	Print the verdict and the page digests to the log	2026-09-12T01:31:45.3182027Z       "document": "canonical.pdf",
al-felony-nonconviction-90-set	Print the verdict and the page digests to the log	2026-09-12T01:31:45.3182465Z       "page": 1,
al-felony-nonconviction-90-set	Print the verdict and the page digests to the log	2026-09-12T01:31:45.3183023Z       "png": "al-felony-nonconviction-90-set/canonical/page-001.png",
al-felony-nonconviction-90-set	Print the verdict and the page digests to the log	2026-09-12T01:31:45.3183747Z       "bytes": 501134,
al-felony-nonconviction-90-set	Print the verdict and the page digests to the log	2026-09-12T01:31:45.3184446Z       "pngSha256": "b46fd9b81944f26cbf1602d30ae1bf4f86141d679a14a6ef5876b3810efa849c",
al-felony-nonconviction-90-set	Print the verdict and the page digests to the log	2026-09-12T01:31:45.3185079Z       "pngWidth": 2040,
al-felony-nonconviction-90-set	Print the verdict and the page digests to the log	2026-09-12T01:31:45.3185495Z       "pngHeight": 2640,
al-felony-nonconviction-90-set	Print the verdict and the page digests to the log	2026-09-12T01:31:45.3185980Z       "paper": {
al-felony-nonconviction-90-set	Print the verdict and the page digests to the log	2026-09-12T01:31:45.3186372Z         "x0": 204,
al-felony-nonconviction-90-set	Print the verdict and the page digests to the log	2026-09-12T01:31:45.3186688Z         "y0": 3,
al-felony-nonconviction-90-set	Print the verdict and the page digests to the log	2026-09-12T01:31:45.3187089Z         "x1": 2243,
al-felony-nonconviction-90-set	Print the verdict and the page digests to the log	2026-09-12T01:31:45.3187398Z         "y1": 2642,
al-felony-nonconviction-90-set	Print the verdict and the page digests to the log	2026-09-12T01:31:45.3187755Z         "width": 2040,
al-felony-nonconviction-90-set	Print the verdict and the page digests to the log	2026-09-12T01:31:45.3188098Z         "height": 2640
al-felony-nonconviction-90-set	Print the verdict and the page digests to the log	2026-09-12T01:31:45.3188427Z       },
al-felony-nonconviction-90-set	Print the verdict and the page digests to the log	2026-09-12T01:31:45.3188793Z       "pxPerPt": 3.3333333333333335,
al-felony-nonconviction-90-set	Print the verdict and the page digests to the log	2026-09-12T01:31:45.3189117Z       "expectedPxPerPt": 3.333333333333333,
al-felony-nonconviction-90-set	Print the verdict and the page digests to the log	2026-09-12T01:31:45.3189457Z       "pageWidthPt": 612,
al-felony-nonconviction-90-set	Print the verdict and the page digests to the log	2026-09-12T01:31:45.3189741Z       "pageHeightPt": 792,
al-felony-nonconviction-90-set	Print the verdict and the page digests to the log	2026-09-12T01:31:45.3190019Z       "expectedPx": {
al-felony-nonconviction-90-set	Print the verdict and the page digests to the log	2026-09-12T01:31:45.3190489Z         "width": 2039.9999999999998,
al-felony-nonconviction-90-set	Print the verdict and the page digests to the log	2026-09-12T01:31:45.3190828Z         "height": 2639.9999999999995,
al-felony-nonconviction-90-set	Print the verdict and the page digests to the log	2026-09-12T01:31:45.3191177Z         "tolerancePx": 6.666666666666666
al-felony-nonconviction-90-set	Print the verdict and the page digests to the log	2026-09-12T01:31:45.3191470Z       },
al-felony-nonconviction-90-set	Print the verdict and the page digests to the log	2026-09-12T01:31:45.3191738Z       "calibrationResidualPx": 0,
al-felony-nonconviction-90-set	Print the verdict and the page digests to the log	2026-09-12T01:31:45.3192110Z       "inkFractionInsidePaper": 0.06878583630421865,
al-felony-nonconviction-90-set	Print the verdict and the page digests to the log	2026-09-12T01:31:45.3192455Z       "nonblank": true,
al-felony-nonconviction-90-set	Print the verdict and the page digests to the log	2026-09-12T01:31:45.3192772Z       "croppedToThePage": true
al-felony-nonconviction-90-set	Print the verdict and the page digests to the log	2026-09-12T01:31:45.3193048Z     },
al-felony-nonconviction-90-set	Print the verdict and the page digests to the log	2026-09-12T01:31:45.3193473Z     {
al-felony-nonconviction-90-set	Print the verdict and the page digests to the log	2026-09-12T01:31:45.3193976Z       "kind": "canonical",
al-felony-nonconviction-90-set	Print the verdict and the page digests to the log	2026-09-12T01:31:45.3194278Z       "document": "canonical.pdf",
al-felony-nonconviction-90-set	Print the verdict and the page digests to the log	2026-09-12T01:31:45.3194609Z       "page": 2,
al-felony-nonconviction-90-set	Print the verdict and the page digests to the log	2026-09-12T01:31:45.3194948Z       "png": "al-felony-nonconviction-90-set/canonical/page-002.png",
al-felony-nonconviction-90-set	Print the verdict and the page digests to the log	2026-09-12T01:31:45.3195363Z       "bytes": 541350,
al-felony-nonconviction-90-set	Print the verdict and the page digests to the log	2026-09-12T01:31:45.3195770Z       "pngSha256": "8e8443461a26bd1a2f334b2cbe2dc7543c73d3f5092a2f007ff55bb9a006da68",
al-felony-nonconviction-90-set	Print the verdict and the page digests to the log	2026-09-12T01:31:45.3196178Z       "pngWidth": 2040,
al-felony-nonconviction-90-set	Print the verdict and the page digests to the log	2026-09-12T01:31:45.3196493Z       "pngHeight": 2640,
al-felony-nonconviction-90-set	Print the verdict and the page digests to the log	2026-09-12T01:31:45.3196743Z       "paper": {
al-felony-nonconviction-90-set	Print the verdict and the page digests to the log	2026-09-12T01:31:45.3197040Z         "x0": 204,
al-felony-nonconviction-90-set	Print the verdict and the page digests to the log	2026-09-12T01:31:45.3197284Z         "y0": 3,
al-felony-nonconviction-90-set	Print the verdict and the page digests to the log	2026-09-12T01:31:45.3197531Z         "x1": 2243,
al-felony-nonconviction-90-set	Print the verdict and the page digests to the log	2026-09-12T01:31:45.3197785Z         "y1": 2642,
al-felony-nonconviction-90-set	Print the verdict and the page digests to the log	2026-09-12T01:31:45.3198050Z         "width": 2040,
al-felony-nonconviction-90-set	Print the verdict and the page digests to the log	2026-09-12T01:31:45.3198359Z         "height": 2640
al-felony-nonconviction-90-set	Print the verdict and the page digests to the log	2026-09-12T01:31:45.3198607Z       },
al-felony-nonconviction-90-set	Print the verdict and the page digests to the log	2026-09-12T01:31:45.3198865Z       "pxPerPt": 3.3333333333333335,
al-felony-nonconviction-90-set	Print the verdict and the page digests to the log	2026-09-12T01:31:45.3199196Z       "expectedPxPerPt": 3.333333333333333,
al-felony-nonconviction-90-set	Print the verdict and the page digests to the log	2026-09-12T01:31:45.3199543Z       "pageWidthPt": 612,
al-felony-nonconviction-90-set	Print the verdict and the page digests to the log	2026-09-12T01:31:45.3199850Z       "pageHeightPt": 792,
al-felony-nonconviction-90-set	Print the verdict and the page digests to the log	2026-09-12T01:31:45.3200123Z       "expectedPx": {
al-felony-nonconviction-90-set	Print the verdict and the page digests to the log	2026-09-12T01:31:45.3200409Z         "width": 2039.9999999999998,
al-felony-nonconviction-90-set	Print the verdict and the page digests to the log	2026-09-12T01:31:45.3200818Z         "height": 2639.9999999999995,
al-felony-nonconviction-90-set	Print the verdict and the page digests to the log	2026-09-12T01:31:45.3201154Z         "tolerancePx": 6.666666666666666
al-felony-nonconviction-90-set	Print the verdict and the page digests to the log	2026-09-12T01:31:45.3201483Z       },
al-felony-nonconviction-90-set	Print the verdict and the page digests to the log	2026-09-12T01:31:45.3201762Z       "calibrationResidualPx": 0,
al-felony-nonconviction-90-set	Print the verdict and the page digests to the log	2026-09-12T01:31:45.3202187Z       "inkFractionInsidePaper": 0.06971015300059417,
al-felony-nonconviction-90-set	Print the verdict and the page digests to the log	2026-09-12T01:31:45.3202512Z       "nonblank": true,
al-felony-nonconviction-90-set	Print the verdict and the page digests to the log	2026-09-12T01:31:45.3202884Z       "croppedToThePage": true
al-felony-nonconviction-90-set	Print the verdict and the page digests to the log	2026-09-12T01:31:45.3203398Z     },
al-felony-nonconviction-90-set	Print the verdict and the page digests to the log	2026-09-12T01:31:45.3203639Z     {
al-felony-nonconviction-90-set	Print the verdict and the page digests to the log	2026-09-12T01:31:45.3203887Z       "kind": "canonical",
al-felony-nonconviction-90-set	Print the verdict and the page digests to the log	2026-09-12T01:31:45.3204245Z       "document": "canonical.pdf",
al-felony-nonconviction-90-set	Print the verdict and the page digests to the log	2026-09-12T01:31:45.3204514Z       "page": 3,
al-felony-nonconviction-90-set	Print the verdict and the page digests to the log	2026-09-12T01:31:45.3204971Z       "png": "al-felony-nonconviction-90-set/canonical/page-003.png",
al-felony-nonconviction-90-set	Print the verdict and the page digests to the log	2026-09-12T01:31:45.3205464Z       "bytes": 533662,
al-felony-nonconviction-90-set	Print the verdict and the page digests to the log	2026-09-12T01:31:45.3205906Z       "pngSha256": "5302716023e85bfc6c21eddd6a220adb9ff51e77c191d77a8c38cae799198add",
al-felony-nonconviction-90-set	Print the verdict and the page digests to the log	2026-09-12T01:31:45.3206373Z       "pngWidth": 2040,
al-felony-nonconviction-90-set	Print the verdict and the page digests to the log	2026-09-12T01:31:45.3206634Z       "pngHeight": 2640,
al-felony-nonconviction-90-set	Print the verdict and the page digests to the log	2026-09-12T01:31:45.3206921Z       "paper": {
al-felony-nonconviction-90-set	Print the verdict and the page digests to the log	2026-09-12T01:31:45.3207170Z         "x0": 204,
al-felony-nonconviction-90-set	Print the verdict and the page digests to the log	2026-09-12T01:31:45.3207430Z         "y0": 3,
al-felony-nonconviction-90-set	Print the verdict and the page digests to the log	2026-09-12T01:31:45.3207733Z         "x1": 2243,
al-felony-nonconviction-90-set	Print the verdict and the page digests to the log	2026-09-12T01:31:45.3207963Z         "y1": 2642,
al-felony-nonconviction-90-set	Print the verdict and the page digests to the log	2026-09-12T01:31:45.3208241Z         "width": 2040,
al-felony-nonconviction-90-set	Print the verdict and the page digests to the log	2026-09-12T01:31:45.3208496Z         "height": 2640
al-felony-nonconviction-90-set	Print the verdict and the page digests to the log	2026-09-12T01:31:45.3208852Z       },
al-felony-nonconviction-90-set	Print the verdict and the page digests to the log	2026-09-12T01:31:45.3209221Z       "pxPerPt": 3.3333333333333335,
al-felony-nonconviction-90-set	Print the verdict and the page digests to the log	2026-09-12T01:31:45.3209559Z       "expectedPxPerPt": 3.333333333333333,
al-felony-nonconviction-90-set	Print the verdict and the page digests to the log	2026-09-12T01:31:45.3209900Z       "pageWidthPt": 612,
al-felony-nonconviction-90-set	Print the verdict and the page digests to the log	2026-09-12T01:31:45.3210180Z       "pageHeightPt": 792,
al-felony-nonconviction-90-set	Print the verdict and the page digests to the log	2026-09-12T01:31:45.3210451Z       "expectedPx": {
al-felony-nonconviction-90-set	Print the verdict and the page digests to the log	2026-09-12T01:31:45.3210758Z         "width": 2039.9999999999998,
al-felony-nonconviction-90-set	Print the verdict and the page digests to the log	2026-09-12T01:31:45.3211057Z         "height": 2639.9999999999995,
al-felony-nonconviction-90-set	Print the verdict and the page digests to the log	2026-09-12T01:31:45.3211417Z         "tolerancePx": 6.666666666666666
al-felony-nonconviction-90-set	Print the verdict and the page digests to the log	2026-09-12T01:31:45.3211696Z       },
al-felony-nonconviction-90-set	Print the verdict and the page digests to the log	2026-09-12T01:31:45.3211961Z       "calibrationResidualPx": 0,
al-felony-nonconviction-90-set	Print the verdict and the page digests to the log	2026-09-12T01:31:45.3212394Z       "inkFractionInsidePaper": 0.07394607843137255,
al-felony-nonconviction-90-set	Print the verdict and the page digests to the log	2026-09-12T01:31:45.3212840Z       "nonblank": true,
al-felony-nonconviction-90-set	Print the verdict and the page digests to the log	2026-09-12T01:31:45.3213551Z       "croppedToThePage": true
al-felony-nonconviction-90-set	Print the verdict and the page digests to the log	2026-09-12T01:31:45.3213920Z     },
al-felony-nonconviction-90-set	Print the verdict and the page digests to the log	2026-09-12T01:31:45.3214161Z     {
al-felony-nonconviction-90-set	Print the verdict and the page digests to the log	2026-09-12T01:31:45.3214432Z       "kind": "canonical",
al-felony-nonconviction-90-set	Print the verdict and the page digests to the log	2026-09-12T01:31:45.3214731Z       "document": "canonical.pdf",
al-felony-nonconviction-90-set	Print the verdict and the page digests to the log	2026-09-12T01:31:45.3215023Z       "page": 4,
al-felony-nonconviction-90-set	Print the verdict and the page digests to the log	2026-09-12T01:31:45.3215391Z       "png": "al-felony-nonconviction-90-set/canonical/page-004.png",
al-felony-nonconviction-90-set	Print the verdict and the page digests to the log	2026-09-12T01:31:45.3215762Z       "bytes": 552918,
al-felony-nonconviction-90-set	Print the verdict and the page digests to the log	2026-09-12T01:31:45.3216179Z       "pngSha256": "e6c86ba6138e7d42edc73b67b0d43e9aafdc419fd95963a439d03df6e71752a6",
al-felony-nonconviction-90-set	Print the verdict and the page digests to the log	2026-09-12T01:31:45.3216734Z       "pngWidth": 2040,
al-felony-nonconviction-90-set	Print the verdict and the page digests to the log	2026-09-12T01:31:45.3217079Z       "pngHeight": 2640,
al-felony-nonconviction-90-set	Print the verdict and the page digests to the log	2026-09-12T01:31:45.3217375Z       "paper": {
al-felony-nonconviction-90-set	Print the verdict and the page digests to the log	2026-09-12T01:31:45.3217639Z         "x0": 204,
al-felony-nonconviction-90-set	Print the verdict and the page digests to the log	2026-09-12T01:31:45.3217893Z         "y0": 3,
al-felony-nonconviction-90-set	Print the verdict and the page digests to the log	2026-09-12T01:31:45.3218133Z         "x1": 2243,
al-felony-nonconviction-90-set	Print the verdict and the page digests to the log	2026-09-12T01:31:45.3218393Z         "y1": 2642,
al-felony-nonconviction-90-set	Print the verdict and the page digests to the log	2026-09-12T01:31:45.3218638Z         "width": 2040,
al-felony-nonconviction-90-set	Print the verdict and the page digests to the log	2026-09-12T01:31:45.3218979Z         "height": 2640
al-felony-nonconviction-90-set	Print the verdict and the page digests to the log	2026-09-12T01:31:45.3219322Z       },
al-felony-nonconviction-90-set	Print the verdict and the page digests to the log	2026-09-12T01:31:45.3219772Z       "pxPerPt": 3.3333333333333335,
al-felony-nonconviction-90-set	Print the verdict and the page digests to the log	2026-09-12T01:31:45.3220095Z       "expectedPxPerPt": 3.333333333333333,
al-felony-nonconviction-90-set	Print the verdict and the page digests to the log	2026-09-12T01:31:45.3220395Z       "pageWidthPt": 612,
al-felony-nonconviction-90-set	Print the verdict and the page digests to the log	2026-09-12T01:31:45.3220717Z       "pageHeightPt": 792,
al-felony-nonconviction-90-set	Print the verdict and the page digests to the log	2026-09-12T01:31:45.3220995Z       "expectedPx": {
al-felony-nonconviction-90-set	Print the verdict and the page digests to the log	2026-09-12T01:31:45.3221272Z         "width": 2039.9999999999998,
al-felony-nonconviction-90-set	Print the verdict and the page digests to the log	2026-09-12T01:31:45.3221628Z         "height": 2639.9999999999995,
al-felony-nonconviction-90-set	Print the verdict and the page digests to the log	2026-09-12T01:31:45.3222058Z         "tolerancePx": 6.666666666666666
al-felony-nonconviction-90-set	Print the verdict and the page digests to the log	2026-09-12T01:31:45.3222459Z       },
al-felony-nonconviction-90-set	Print the verdict and the page digests to the log	2026-09-12T01:31:45.3222773Z       "calibrationResidualPx": 0,
al-felony-nonconviction-90-set	Print the verdict and the page digests to the log	2026-09-12T01:31:45.3223410Z       "inkFractionInsidePaper": 0.08551674836601307,
al-felony-nonconviction-90-set	Print the verdict and the page digests to the log	2026-09-12T01:31:45.3223829Z       "nonblank": true,
al-felony-nonconviction-90-set	Print the verdict and the page digests to the log	2026-09-12T01:31:45.3224114Z       "croppedToThePage": true
al-felony-nonconviction-90-set	Print the verdict and the page digests to the log	2026-09-12T01:31:45.3224398Z     },
al-felony-nonconviction-90-set	Print the verdict and the page digests to the log	2026-09-12T01:31:45.3224767Z     {
al-felony-nonconviction-90-set	Print the verdict and the page digests to the log	2026-09-12T01:31:45.3225034Z       "kind": "canonical",
al-felony-nonconviction-90-set	Print the verdict and the page digests to the log	2026-09-12T01:31:45.3225447Z       "document": "canonical.pdf",
al-felony-nonconviction-90-set	Print the verdict and the page digests to the log	2026-09-12T01:31:45.3225891Z       "page": 5,
al-felony-nonconviction-90-set	Print the verdict and the page digests to the log	2026-09-12T01:31:45.3226222Z       "png": "al-felony-nonconviction-90-set/canonical/page-005.png",
al-felony-nonconviction-90-set	Print the verdict and the page digests to the log	2026-09-12T01:31:45.3226596Z       "bytes": 376595,
al-felony-nonconviction-90-set	Print the verdict and the page digests to the log	2026-09-12T01:31:45.3227034Z       "pngSha256": "18f8c16cf684fb84a0b33798f807be24f4618de33d8df1abb8f9cfab6aded6db",
al-felony-nonconviction-90-set	Print the verdict and the page digests to the log	2026-09-12T01:31:45.3227457Z       "pngWidth": 2040,
al-felony-nonconviction-90-set	Print the verdict and the page digests to the log	2026-09-12T01:31:45.3227746Z       "pngHeight": 2640,
al-felony-nonconviction-90-set	Print the verdict and the page digests to the log	2026-09-12T01:31:45.3227995Z       "paper": {
al-felony-nonconviction-90-set	Print the verdict and the page digests to the log	2026-09-12T01:31:45.3228263Z         "x0": 204,
al-felony-nonconviction-90-set	Print the verdict and the page digests to the log	2026-09-12T01:31:45.3228531Z         "y0": 3,
al-felony-nonconviction-90-set	Print the verdict and the page digests to the log	2026-09-12T01:31:45.3228785Z         "x1": 2243,
al-felony-nonconviction-90-set	Print the verdict and the page digests to the log	2026-09-12T01:31:45.3229046Z         "y1": 2642,
al-felony-nonconviction-90-set	Print the verdict and the page digests to the log	2026-09-12T01:31:45.3229295Z         "width": 2040,
al-felony-nonconviction-90-set	Print the verdict and the page digests to the log	2026-09-12T01:31:45.3229581Z         "height": 2640
al-felony-nonconviction-90-set	Print the verdict and the page digests to the log	2026-09-12T01:31:45.3229835Z       },
al-felony-nonconviction-90-set	Print the verdict and the page digests to the log	2026-09-12T01:31:45.3230137Z       "pxPerPt": 3.3333333333333335,
al-felony-nonconviction-90-set	Print the verdict and the page digests to the log	2026-09-12T01:31:45.3230476Z       "expectedPxPerPt": 3.333333333333333,
al-felony-nonconviction-90-set	Print the verdict and the page digests to the log	2026-09-12T01:31:45.3230767Z       "pageWidthPt": 612,
al-felony-nonconviction-90-set	Print the verdict and the page digests to the log	2026-09-12T01:31:45.3231082Z       "pageHeightPt": 792,
al-felony-nonconviction-90-set	Print the verdict and the page digests to the log	2026-09-12T01:31:45.3231445Z       "expectedPx": {
al-felony-nonconviction-90-set	Print the verdict and the page digests to the log	2026-09-12T01:31:45.3231835Z         "width": 2039.9999999999998,
al-felony-nonconviction-90-set	Print the verdict and the page digests to the log	2026-09-12T01:31:45.3232149Z         "height": 2639.9999999999995,
al-felony-nonconviction-90-set	Print the verdict and the page digests to the log	2026-09-12T01:31:45.3232438Z         "tolerancePx": 6.666666666666666
al-felony-nonconviction-90-set	Print the verdict and the page digests to the log	2026-09-12T01:31:45.3232737Z       },
al-felony-nonconviction-90-set	Print the verdict and the page digests to the log	2026-09-12T01:31:45.3232999Z       "calibrationResidualPx": 0,
al-felony-nonconviction-90-set	Print the verdict and the page digests to the log	2026-09-12T01:31:45.3233560Z       "inkFractionInsidePaper": 0.053209855912061794,
al-felony-nonconviction-90-set	Print the verdict and the page digests to the log	2026-09-12T01:31:45.3233941Z       "nonblank": true,
al-felony-nonconviction-90-set	Print the verdict and the page digests to the log	2026-09-12T01:31:45.3234208Z       "croppedToThePage": true
al-felony-nonconviction-90-set	Print the verdict and the page digests to the log	2026-09-12T01:31:45.3234498Z     },
al-felony-nonconviction-90-set	Print the verdict and the page digests to the log	2026-09-12T01:31:45.3234724Z     {
al-felony-nonconviction-90-set	Print the verdict and the page digests to the log	2026-09-12T01:31:45.3234994Z       "kind": "canonical",
al-felony-nonconviction-90-set	Print the verdict and the page digests to the log	2026-09-12T01:31:45.3235468Z       "document": "canonical.pdf",
al-felony-nonconviction-90-set	Print the verdict and the page digests to the log	2026-09-12T01:31:45.3235879Z       "page": 6,
al-felony-nonconviction-90-set	Print the verdict and the page digests to the log	2026-09-12T01:31:45.3236244Z       "png": "al-felony-nonconviction-90-set/canonical/page-006.png",
al-felony-nonconviction-90-set	Print the verdict and the page digests to the log	2026-09-12T01:31:45.3236600Z       "bytes": 359319,
al-felony-nonconviction-90-set	Print the verdict and the page digests to the log	2026-09-12T01:31:45.3237016Z       "pngSha256": "c277aabfaa35ecd8c7fedab701ca1a9b990558df4cb3db03353babc7f9bfda43",
al-felony-nonconviction-90-set	Print the verdict and the page digests to the log	2026-09-12T01:31:45.3237570Z       "pngWidth": 2040,
al-felony-nonconviction-90-set	Print the verdict and the page digests to the log	2026-09-12T01:31:45.3237819Z       "pngHeight": 2640,
al-felony-nonconviction-90-set	Print the verdict and the page digests to the log	2026-09-12T01:31:45.3238119Z       "paper": {
al-felony-nonconviction-90-set	Print the verdict and the page digests to the log	2026-09-12T01:31:45.3238430Z         "x0": 204,
al-felony-nonconviction-90-set	Print the verdict and the page digests to the log	2026-09-12T01:31:45.3238779Z         "y0": 3,
al-felony-nonconviction-90-set	Print the verdict and the page digests to the log	2026-09-12T01:31:45.3239046Z         "x1": 2243,
al-felony-nonconviction-90-set	Print the verdict and the page digests to the log	2026-09-12T01:31:45.3239308Z         "y1": 2642,
al-felony-nonconviction-90-set	Print the verdict and the page digests to the log	2026-09-12T01:31:45.3239581Z         "width": 2040,
al-felony-nonconviction-90-set	Print the verdict and the page digests to the log	2026-09-12T01:31:45.3239840Z         "height": 2640
al-felony-nonconviction-90-set	Print the verdict and the page digests to the log	2026-09-12T01:31:45.3240108Z       },
al-felony-nonconviction-90-set	Print the verdict and the page digests to the log	2026-09-12T01:31:45.3240379Z       "pxPerPt": 3.3333333333333335,
al-felony-nonconviction-90-set	Print the verdict and the page digests to the log	2026-09-12T01:31:45.3240691Z       "expectedPxPerPt": 3.333333333333333,
al-felony-nonconviction-90-set	Print the verdict and the page digests to the log	2026-09-12T01:31:45.3241044Z       "pageWidthPt": 612,
al-felony-nonconviction-90-set	Print the verdict and the page digests to the log	2026-09-12T01:31:45.3241347Z       "pageHeightPt": 792,
al-felony-nonconviction-90-set	Print the verdict and the page digests to the log	2026-09-12T01:31:45.3241745Z       "expectedPx": {
al-felony-nonconviction-90-set	Print the verdict and the page digests to the log	2026-09-12T01:31:45.3242217Z         "width": 2039.9999999999998,
al-felony-nonconviction-90-set	Print the verdict and the page digests to the log	2026-09-12T01:31:45.3242520Z         "height": 2639.9999999999995,
al-felony-nonconviction-90-set	Print the verdict and the page digests to the log	2026-09-12T01:31:45.3242865Z         "tolerancePx": 6.666666666666666
al-felony-nonconviction-90-set	Print the verdict and the page digests to the log	2026-09-12T01:31:45.3243364Z       },
al-felony-nonconviction-90-set	Print the verdict and the page digests to the log	2026-09-12T01:31:45.3243655Z       "calibrationResidualPx": 0,
al-felony-nonconviction-90-set	Print the verdict and the page digests to the log	2026-09-12T01:31:45.3244006Z       "inkFractionInsidePaper": 0.040051619132501486,
al-felony-nonconviction-90-set	Print the verdict and the page digests to the log	2026-09-12T01:31:45.3244324Z       "nonblank": true,
al-felony-nonconviction-90-set	Print the verdict and the page digests to the log	2026-09-12T01:31:45.3244733Z       "croppedToThePage": true
al-felony-nonconviction-90-set	Print the verdict and the page digests to the log	2026-09-12T01:31:45.3245257Z     },
al-felony-nonconviction-90-set	Print the verdict and the page digests to the log	2026-09-12T01:31:45.3245491Z     {
al-felony-nonconviction-90-set	Print the verdict and the page digests to the log	2026-09-12T01:31:45.3245742Z       "kind": "canonical",
al-felony-nonconviction-90-set	Print the verdict and the page digests to the log	2026-09-12T01:31:45.3246030Z       "document": "canonical.pdf",
al-felony-nonconviction-90-set	Print the verdict and the page digests to the log	2026-09-12T01:31:45.3246330Z       "page": 7,
al-felony-nonconviction-90-set	Print the verdict and the page digests to the log	2026-09-12T01:31:45.3246721Z       "png": "al-felony-nonconviction-90-set/canonical/page-007.png",
al-felony-nonconviction-90-set	Print the verdict and the page digests to the log	2026-09-12T01:31:45.3247072Z       "bytes": 434042,
al-felony-nonconviction-90-set	Print the verdict and the page digests to the log	2026-09-12T01:31:45.3247475Z       "pngSha256": "68a594b4e3298b1d3b2d58d9e97846aa3186721993f43d79356936aaad3899b0",
al-felony-nonconviction-90-set	Print the verdict and the page digests to the log	2026-09-12T01:31:45.3247867Z       "pngWidth": 2040,
al-felony-nonconviction-90-set	Print the verdict and the page digests to the log	2026-09-12T01:31:45.3248334Z       "pngHeight": 2640,
al-felony-nonconviction-90-set	Print the verdict and the page digests to the log	2026-09-12T01:31:45.3248815Z       "paper": {
al-felony-nonconviction-90-set	Print the verdict and the page digests to the log	2026-09-12T01:31:45.3249093Z         "x0": 204,
al-felony-nonconviction-90-set	Print the verdict and the page digests to the log	2026-09-12T01:31:45.3249355Z         "y0": 3,
al-felony-nonconviction-90-set	Print the verdict and the page digests to the log	2026-09-12T01:31:45.3249607Z         "x1": 2243,
al-felony-nonconviction-90-set	Print the verdict and the page digests to the log	2026-09-12T01:31:45.3249867Z         "y1": 2642,
al-felony-nonconviction-90-set	Print the verdict and the page digests to the log	2026-09-12T01:31:45.3250133Z         "width": 2040,
al-felony-nonconviction-90-set	Print the verdict and the page digests to the log	2026-09-12T01:31:45.3250424Z         "height": 2640
al-felony-nonconviction-90-set	Print the verdict and the page digests to the log	2026-09-12T01:31:45.3250681Z       },
al-felony-nonconviction-90-set	Print the verdict and the page digests to the log	2026-09-12T01:31:45.3250943Z       "pxPerPt": 3.3333333333333335,
al-felony-nonconviction-90-set	Print the verdict and the page digests to the log	2026-09-12T01:31:45.3251276Z       "expectedPxPerPt": 3.333333333333333,
al-felony-nonconviction-90-set	Print the verdict and the page digests to the log	2026-09-12T01:31:45.3251599Z       "pageWidthPt": 612,
al-felony-nonconviction-90-set	Print the verdict and the page digests to the log	2026-09-12T01:31:45.3251919Z       "pageHeightPt": 792,
al-felony-nonconviction-90-set	Print the verdict and the page digests to the log	2026-09-12T01:31:45.3252355Z       "expectedPx": {
al-felony-nonconviction-90-set	Print the verdict and the page digests to the log	2026-09-12T01:31:45.3252650Z         "width": 2039.9999999999998,
al-felony-nonconviction-90-set	Print the verdict and the page digests to the log	2026-09-12T01:31:45.3252981Z         "height": 2639.9999999999995,
al-felony-nonconviction-90-set	Print the verdict and the page digests to the log	2026-09-12T01:31:45.3253517Z         "tolerancePx": 6.666666666666666
al-felony-nonconviction-90-set	Print the verdict and the page digests to the log	2026-09-12T01:31:45.3253795Z       },
al-felony-nonconviction-90-set	Print the verdict and the page digests to the log	2026-09-12T01:31:45.3254122Z       "calibrationResidualPx": 0,
al-felony-nonconviction-90-set	Print the verdict and the page digests to the log	2026-09-12T01:31:45.3254467Z       "inkFractionInsidePaper": 0.057026515151515154,
al-felony-nonconviction-90-set	Print the verdict and the page digests to the log	2026-09-12T01:31:45.3254825Z       "nonblank": true,
al-felony-nonconviction-90-set	Print the verdict and the page digests to the log	2026-09-12T01:31:45.3255111Z       "croppedToThePage": true
al-felony-nonconviction-90-set	Print the verdict and the page digests to the log	2026-09-12T01:31:45.3255375Z     },
al-felony-nonconviction-90-set	Print the verdict and the page digests to the log	2026-09-12T01:31:45.3255636Z     {
al-felony-nonconviction-90-set	Print the verdict and the page digests to the log	2026-09-12T01:31:45.3256011Z       "kind": "canonical",
al-felony-nonconviction-90-set	Print the verdict and the page digests to the log	2026-09-12T01:31:45.3256558Z       "document": "canonical.pdf",
al-felony-nonconviction-90-set	Print the verdict and the page digests to the log	2026-09-12T01:31:45.3256855Z       "page": 8,
al-felony-nonconviction-90-set	Print the verdict and the page digests to the log	2026-09-12T01:31:45.3257186Z       "png": "al-felony-nonconviction-90-set/canonical/page-008.png",
al-felony-nonconviction-90-set	Print the verdict and the page digests to the log	2026-09-12T01:31:45.3257569Z       "bytes": 872723,
al-felony-nonconviction-90-set	Print the verdict and the page digests to the log	2026-09-12T01:31:45.3258011Z       "pngSha256": "fba565776a6bddc9e13ba86ce28c194bf6ba4482681038a98af0006cdf439d70",
al-felony-nonconviction-90-set	Print the verdict and the page digests to the log	2026-09-12T01:31:45.3258441Z       "pngWidth": 2040,
al-felony-nonconviction-90-set	Print the verdict and the page digests to the log	2026-09-12T01:31:45.3258709Z       "pngHeight": 2640,
al-felony-nonconviction-90-set	Print the verdict and the page digests to the log	2026-09-12T01:31:45.3258959Z       "paper": {
al-felony-nonconviction-90-set	Print the verdict and the page digests to the log	2026-09-12T01:31:45.3259235Z         "x0": 204,
al-felony-nonconviction-90-set	Print the verdict and the page digests to the log	2026-09-12T01:31:45.3259486Z         "y0": 3,
al-felony-nonconviction-90-set	Print the verdict and the page digests to the log	2026-09-12T01:31:45.3259906Z         "x1": 2243,
al-felony-nonconviction-90-set	Print the verdict and the page digests to the log	2026-09-12T01:31:45.3260210Z         "y1": 2642,
al-felony-nonconviction-90-set	Print the verdict and the page digests to the log	2026-09-12T01:31:45.3260445Z         "width": 2040,
al-felony-nonconviction-90-set	Print the verdict and the page digests to the log	2026-09-12T01:31:45.3260726Z         "height": 2640
al-felony-nonconviction-90-set	Print the verdict and the page digests to the log	2026-09-12T01:31:45.3260974Z       },
al-felony-nonconviction-90-set	Print the verdict and the page digests to the log	2026-09-12T01:31:45.3261385Z       "pxPerPt": 3.3333333333333335,
al-felony-nonconviction-90-set	Print the verdict and the page digests to the log	2026-09-12T01:31:45.3261702Z       "expectedPxPerPt": 3.333333333333333,
al-felony-nonconviction-90-set	Print the verdict and the page digests to the log	2026-09-12T01:31:45.3261998Z       "pageWidthPt": 612,
al-felony-nonconviction-90-set	Print the verdict and the page digests to the log	2026-09-12T01:31:45.3262368Z       "pageHeightPt": 792,
al-felony-nonconviction-90-set	Print the verdict and the page digests to the log	2026-09-12T01:31:45.3262755Z       "expectedPx": {
al-felony-nonconviction-90-set	Print the verdict and the page digests to the log	2026-09-12T01:31:45.3263043Z         "width": 2039.9999999999998,
al-felony-nonconviction-90-set	Print the verdict and the page digests to the log	2026-09-12T01:31:45.3263764Z         "height": 2639.9999999999995,
al-felony-nonconviction-90-set	Print the verdict and the page digests to the log	2026-09-12T01:31:45.3264119Z         "tolerancePx": 6.666666666666666
al-felony-nonconviction-90-set	Print the verdict and the page digests to the log	2026-09-12T01:31:45.3264435Z       },
al-felony-nonconviction-90-set	Print the verdict and the page digests to the log	2026-09-12T01:31:45.3264723Z       "calibrationResidualPx": 0,
al-felony-nonconviction-90-set	Print the verdict and the page digests to the log	2026-09-12T01:31:45.3265171Z       "inkFractionInsidePaper": 0.10128045157456922,
al-felony-nonconviction-90-set	Print the verdict and the page digests to the log	2026-09-12T01:31:45.3265631Z       "nonblank": true,
al-felony-nonconviction-90-set	Print the verdict and the page digests to the log	2026-09-12T01:31:45.3265907Z       "croppedToThePage": true
al-felony-nonconviction-90-set	Print the verdict and the page digests to the log	2026-09-12T01:31:45.3266217Z     },
al-felony-nonconviction-90-set	Print the verdict and the page digests to the log	2026-09-12T01:31:45.3266478Z     {
al-felony-nonconviction-90-set	Print the verdict and the page digests to the log	2026-09-12T01:31:45.3266724Z       "kind": "canonical",
al-felony-nonconviction-90-set	Print the verdict and the page digests to the log	2026-09-12T01:31:45.3267027Z       "document": "canonical.pdf",
al-felony-nonconviction-90-set	Print the verdict and the page digests to the log	2026-09-12T01:31:45.3267330Z       "page": 9,
al-felony-nonconviction-90-set	Print the verdict and the page digests to the log	2026-09-12T01:31:45.3267699Z       "png": "al-felony-nonconviction-90-set/canonical/page-009.png",
al-felony-nonconviction-90-set	Print the verdict and the page digests to the log	2026-09-12T01:31:45.3268149Z       "bytes": 457405,
al-felony-nonconviction-90-set	Print the verdict and the page digests to the log	2026-09-12T01:31:45.3268665Z       "pngSha256": "10c55e4dfdd90530fff8db9690252b795f392d4fd9b05f7705d96a55e0e7bf91",
al-felony-nonconviction-90-set	Print the verdict and the page digests to the log	2026-09-12T01:31:45.3269078Z       "pngWidth": 2040,
al-felony-nonconviction-90-set	Print the verdict and the page digests to the log	2026-09-12T01:31:45.3269365Z       "pngHeight": 2640,
al-felony-nonconviction-90-set	Print the verdict and the page digests to the log	2026-09-12T01:31:45.3269653Z       "paper": {
al-felony-nonconviction-90-set	Print the verdict and the page digests to the log	2026-09-12T01:31:45.3269927Z         "x0": 204,
al-felony-nonconviction-90-set	Print the verdict and the page digests to the log	2026-09-12T01:31:45.3270174Z         "y0": 3,
al-felony-nonconviction-90-set	Print the verdict and the page digests to the log	2026-09-12T01:31:45.3270430Z         "x1": 2243,
al-felony-nonconviction-90-set	Print the verdict and the page digests to the log	2026-09-12T01:31:45.3270677Z         "y1": 2642,
al-felony-nonconviction-90-set	Print the verdict and the page digests to the log	2026-09-12T01:31:45.3270986Z         "width": 2040,
al-felony-nonconviction-90-set	Print the verdict and the page digests to the log	2026-09-12T01:31:45.3271252Z         "height": 2640
al-felony-nonconviction-90-set	Print the verdict and the page digests to the log	2026-09-12T01:31:45.3271499Z       },
al-felony-nonconviction-90-set	Print the verdict and the page digests to the log	2026-09-12T01:31:45.3271771Z       "pxPerPt": 3.3333333333333335,
al-felony-nonconviction-90-set	Print the verdict and the page digests to the log	2026-09-12T01:31:45.3272174Z       "expectedPxPerPt": 3.333333333333333,
al-felony-nonconviction-90-set	Print the verdict and the page digests to the log	2026-09-12T01:31:45.3272545Z       "pageWidthPt": 612,
al-felony-nonconviction-90-set	Print the verdict and the page digests to the log	2026-09-12T01:31:45.3272822Z       "pageHeightPt": 792,
al-felony-nonconviction-90-set	Print the verdict and the page digests to the log	2026-09-12T01:31:45.3273095Z       "expectedPx": {
al-felony-nonconviction-90-set	Print the verdict and the page digests to the log	2026-09-12T01:31:45.3273705Z         "width": 2039.9999999999998,
al-felony-nonconviction-90-set	Print the verdict and the page digests to the log	2026-09-12T01:31:45.3274043Z         "height": 2639.9999999999995,
al-felony-nonconviction-90-set	Print the verdict and the page digests to the log	2026-09-12T01:31:45.3274520Z         "tolerancePx": 6.666666666666666
al-felony-nonconviction-90-set	Print the verdict and the page digests to the log	2026-09-12T01:31:45.3274879Z       },
al-felony-nonconviction-90-set	Print the verdict and the page digests to the log	2026-09-12T01:31:45.3275147Z       "calibrationResidualPx": 0,
al-felony-nonconviction-90-set	Print the verdict and the page digests to the log	2026-09-12T01:31:45.3275495Z       "inkFractionInsidePaper": 0.053917483660130716,
al-felony-nonconviction-90-set	Print the verdict and the page digests to the log	2026-09-12T01:31:45.3275813Z       "nonblank": true,
al-felony-nonconviction-90-set	Print the verdict and the page digests to the log	2026-09-12T01:31:45.3276133Z       "croppedToThePage": true
al-felony-nonconviction-90-set	Print the verdict and the page digests to the log	2026-09-12T01:31:45.3276438Z     },
al-felony-nonconviction-90-set	Print the verdict and the page digests to the log	2026-09-12T01:31:45.3276666Z     {
al-felony-nonconviction-90-set	Print the verdict and the page digests to the log	2026-09-12T01:31:45.3276916Z       "kind": "canonical",
al-felony-nonconviction-90-set	Print the verdict and the page digests to the log	2026-09-12T01:31:45.3277207Z       "document": "canonical.pdf",
al-felony-nonconviction-90-set	Print the verdict and the page digests to the log	2026-09-12T01:31:45.3277614Z       "page": 10,
al-felony-nonconviction-90-set	Print the verdict and the page digests to the log	2026-09-12T01:31:45.3278058Z       "png": "al-felony-nonconviction-90-set/canonical/page-010.png",
al-felony-nonconviction-90-set	Print the verdict and the page digests to the log	2026-09-12T01:31:45.3278456Z       "bytes": 473307,
al-felony-nonconviction-90-set	Print the verdict and the page digests to the log	2026-09-12T01:31:45.3278856Z       "pngSha256": "3a656c7e97655b5af51a010e2371e45bdb12c54eb11b32ee04a10c152b09fc3b",
al-felony-nonconviction-90-set	Print the verdict and the page digests to the log	2026-09-12T01:31:45.3279268Z       "pngWidth": 2040,
al-felony-nonconviction-90-set	Print the verdict and the page digests to the log	2026-09-12T01:31:45.3279566Z       "pngHeight": 2640,
al-felony-nonconviction-90-set	Print the verdict and the page digests to the log	2026-09-12T01:31:45.3279828Z       "paper": {
al-felony-nonconviction-90-set	Print the verdict and the page digests to the log	2026-09-12T01:31:45.3280108Z         "x0": 204,
al-felony-nonconviction-90-set	Print the verdict and the page digests to the log	2026-09-12T01:31:45.3280362Z         "y0": 3,
al-felony-nonconviction-90-set	Print the verdict and the page digests to the log	2026-09-12T01:31:45.3280642Z         "x1": 2243,
al-felony-nonconviction-90-set	Print the verdict and the page digests to the log	2026-09-12T01:31:45.3281035Z         "y1": 2642,
al-felony-nonconviction-90-set	Print the verdict and the page digests to the log	2026-09-12T01:31:45.3281365Z         "width": 2040,
al-felony-nonconviction-90-set	Print the verdict and the page digests to the log	2026-09-12T01:31:45.3281672Z         "height": 2640
al-felony-nonconviction-90-set	Print the verdict and the page digests to the log	2026-09-12T01:31:45.3281960Z       },
al-felony-nonconviction-90-set	Print the verdict and the page digests to the log	2026-09-12T01:31:45.3282227Z       "pxPerPt": 3.3333333333333335,
al-felony-nonconviction-90-set	Print the verdict and the page digests to the log	2026-09-12T01:31:45.3282580Z       "expectedPxPerPt": 3.333333333333333,
al-felony-nonconviction-90-set	Print the verdict and the page digests to the log	2026-09-12T01:31:45.3282884Z       "pageWidthPt": 612,
al-felony-nonconviction-90-set	Print the verdict and the page digests to the log	2026-09-12T01:31:45.3283412Z       "pageHeightPt": 792,
al-felony-nonconviction-90-set	Print the verdict and the page digests to the log	2026-09-12T01:31:45.3283713Z       "expectedPx": {
al-felony-nonconviction-90-set	Print the verdict and the page digests to the log	2026-09-12T01:31:45.3284142Z         "width": 2039.9999999999998,
al-felony-nonconviction-90-set	Print the verdict and the page digests to the log	2026-09-12T01:31:45.3284716Z         "height": 2639.9999999999995,
al-felony-nonconviction-90-set	Print the verdict and the page digests to the log	2026-09-12T01:31:45.3285027Z         "tolerancePx": 6.666666666666666
al-felony-nonconviction-90-set	Print the verdict and the page digests to the log	2026-09-12T01:31:45.3285313Z       },
al-felony-nonconviction-90-set	Print the verdict and the page digests to the log	2026-09-12T01:31:45.3285676Z       "calibrationResidualPx": 0,
al-felony-nonconviction-90-set	Print the verdict and the page digests to the log	2026-09-12T01:31:45.3286053Z       "inkFractionInsidePaper": 0.05459484551396316,
al-felony-nonconviction-90-set	Print the verdict and the page digests to the log	2026-09-12T01:31:45.3286400Z       "nonblank": true,
al-felony-nonconviction-90-set	Print the verdict and the page digests to the log	2026-09-12T01:31:45.3286694Z       "croppedToThePage": true
al-felony-nonconviction-90-set	Print the verdict and the page digests to the log	2026-09-12T01:31:45.3287083Z     },
al-felony-nonconviction-90-set	Print the verdict and the page digests to the log	2026-09-12T01:31:45.3287490Z     {
al-felony-nonconviction-90-set	Print the verdict and the page digests to the log	2026-09-12T01:31:45.3287761Z       "kind": "canonical",
al-felony-nonconviction-90-set	Print the verdict and the page digests to the log	2026-09-12T01:31:45.3288097Z       "document": "canonical.pdf",
al-felony-nonconviction-90-set	Print the verdict and the page digests to the log	2026-09-12T01:31:45.3288380Z       "page": 11,
al-felony-nonconviction-90-set	Print the verdict and the page digests to the log	2026-09-12T01:31:45.3288722Z       "png": "al-felony-nonconviction-90-set/canonical/page-011.png",
al-felony-nonconviction-90-set	Print the verdict and the page digests to the log	2026-09-12T01:31:45.3289104Z       "bytes": 427956,
al-felony-nonconviction-90-set	Print the verdict and the page digests to the log	2026-09-12T01:31:45.3289654Z       "pngSha256": "3d8753a2fd235f0a0ce226962e7b6918fe2c75b96c62e43b0c544edec4d2f170",
al-felony-nonconviction-90-set	Print the verdict and the page digests to the log	2026-09-12T01:31:45.3290363Z       "pngWidth": 2040,
al-felony-nonconviction-90-set	Print the verdict and the page digests to the log	2026-09-12T01:31:45.3290961Z       "pngHeight": 2640,
al-felony-nonconviction-90-set	Print the verdict and the page digests to the log	2026-09-12T01:31:45.3291309Z       "paper": {
al-felony-nonconviction-90-set	Print the verdict and the page digests to the log	2026-09-12T01:31:45.3291640Z         "x0": 204,
al-felony-nonconviction-90-set	Print the verdict and the page digests to the log	2026-09-12T01:31:45.3291967Z         "y0": 3,
al-felony-nonconviction-90-set	Print the verdict and the page digests to the log	2026-09-12T01:31:45.3292215Z         "x1": 2243,
al-felony-nonconviction-90-set	Print the verdict and the page digests to the log	2026-09-12T01:31:45.3292486Z         "y1": 2642,
al-felony-nonconviction-90-set	Print the verdict and the page digests to the log	2026-09-12T01:31:45.3292742Z         "width": 2040,
al-felony-nonconviction-90-set	Print the verdict and the page digests to the log	2026-09-12T01:31:45.3293005Z         "height": 2640
al-felony-nonconviction-90-set	Print the verdict and the page digests to the log	2026-09-12T01:31:45.3293345Z       },
al-felony-nonconviction-90-set	Print the verdict and the page digests to the log	2026-09-12T01:31:45.3293639Z       "pxPerPt": 3.3333333333333335,
al-felony-nonconviction-90-set	Print the verdict and the page digests to the log	2026-09-12T01:31:45.3293967Z       "expectedPxPerPt": 3.333333333333333,
al-felony-nonconviction-90-set	Print the verdict and the page digests to the log	2026-09-12T01:31:45.3294272Z       "pageWidthPt": 612,
al-felony-nonconviction-90-set	Print the verdict and the page digests to the log	2026-09-12T01:31:45.3294550Z       "pageHeightPt": 792,
al-felony-nonconviction-90-set	Print the verdict and the page digests to the log	2026-09-12T01:31:45.3294836Z       "expectedPx": {
al-felony-nonconviction-90-set	Print the verdict and the page digests to the log	2026-09-12T01:31:45.3295114Z         "width": 2039.9999999999998,
al-felony-nonconviction-90-set	Print the verdict and the page digests to the log	2026-09-12T01:31:45.3295456Z         "height": 2639.9999999999995,
al-felony-nonconviction-90-set	Print the verdict and the page digests to the log	2026-09-12T01:31:45.3295782Z         "tolerancePx": 6.666666666666666
al-felony-nonconviction-90-set	Print the verdict and the page digests to the log	2026-09-12T01:31:45.3296046Z       },
al-felony-nonconviction-90-set	Print the verdict and the page digests to the log	2026-09-12T01:31:45.3296325Z       "calibrationResidualPx": 0,
al-felony-nonconviction-90-set	Print the verdict and the page digests to the log	2026-09-12T01:31:45.3296736Z       "inkFractionInsidePaper": 0.05390875668449198,
al-felony-nonconviction-90-set	Print the verdict and the page digests to the log	2026-09-12T01:31:45.3297086Z       "nonblank": true,
al-felony-nonconviction-90-set	Print the verdict and the page digests to the log	2026-09-12T01:31:45.3297387Z       "croppedToThePage": true
al-felony-nonconviction-90-set	Print the verdict and the page digests to the log	2026-09-12T01:31:45.3297649Z     },
al-felony-nonconviction-90-set	Print the verdict and the page digests to the log	2026-09-12T01:31:45.3297904Z     {
al-felony-nonconviction-90-set	Print the verdict and the page digests to the log	2026-09-12T01:31:45.3298144Z       "kind": "boundary",
al-felony-nonconviction-90-set	Print the verdict and the page digests to the log	2026-09-12T01:31:45.3298433Z       "document": "boundary.pdf",
al-felony-nonconviction-90-set	Print the verdict and the page digests to the log	2026-09-12T01:31:45.3298768Z       "page": 1,
al-felony-nonconviction-90-set	Print the verdict and the page digests to the log	2026-09-12T01:31:45.3299089Z       "png": "al-felony-nonconviction-90-set/boundary/page-001.png",
al-felony-nonconviction-90-set	Print the verdict and the page digests to the log	2026-09-12T01:31:45.3299458Z       "bytes": 507944,
al-felony-nonconviction-90-set	Print the verdict and the page digests to the log	2026-09-12T01:31:45.3299851Z       "pngSha256": "2d2691f5f8511da99f759b8881b2906155db049a95ca716cff385bd00c3e8e1e",
al-felony-nonconviction-90-set	Print the verdict and the page digests to the log	2026-09-12T01:31:45.3300248Z       "pngWidth": 2040,
al-felony-nonconviction-90-set	Print the verdict and the page digests to the log	2026-09-12T01:31:45.3300573Z       "pngHeight": 2640,
al-felony-nonconviction-90-set	Print the verdict and the page digests to the log	2026-09-12T01:31:45.3300820Z       "paper": {
al-felony-nonconviction-90-set	Print the verdict and the page digests to the log	2026-09-12T01:31:45.3301089Z         "x0": 204,
al-felony-nonconviction-90-set	Print the verdict and the page digests to the log	2026-09-12T01:31:45.3301334Z         "y0": 3,
al-felony-nonconviction-90-set	Print the verdict and the page digests to the log	2026-09-12T01:31:45.3301575Z         "x1": 2243,
al-felony-nonconviction-90-set	Print the verdict and the page digests to the log	2026-09-12T01:31:45.3301848Z         "y1": 2642,
al-felony-nonconviction-90-set	Print the verdict and the page digests to the log	2026-09-12T01:31:45.3302116Z         "width": 2040,
al-felony-nonconviction-90-set	Print the verdict and the page digests to the log	2026-09-12T01:31:45.3302397Z         "height": 2640
al-felony-nonconviction-90-set	Print the verdict and the page digests to the log	2026-09-12T01:31:45.3302643Z       },
al-felony-nonconviction-90-set	Print the verdict and the page digests to the log	2026-09-12T01:31:45.3302903Z       "pxPerPt": 3.3333333333333335,
al-felony-nonconviction-90-set	Print the verdict and the page digests to the log	2026-09-12T01:31:45.3303320Z       "expectedPxPerPt": 3.333333333333333,
al-felony-nonconviction-90-set	Print the verdict and the page digests to the log	2026-09-12T01:31:45.3303642Z       "pageWidthPt": 612,
al-felony-nonconviction-90-set	Print the verdict and the page digests to the log	2026-09-12T01:31:45.3303946Z       "pageHeightPt": 792,
al-felony-nonconviction-90-set	Print the verdict and the page digests to the log	2026-09-12T01:31:45.3304217Z       "expectedPx": {
al-felony-nonconviction-90-set	Print the verdict and the page digests to the log	2026-09-12T01:31:45.3304499Z         "width": 2039.9999999999998,
al-felony-nonconviction-90-set	Print the verdict and the page digests to the log	2026-09-12T01:31:45.3304834Z         "height": 2639.9999999999995,
al-felony-nonconviction-90-set	Print the verdict and the page digests to the log	2026-09-12T01:31:45.3305149Z         "tolerancePx": 6.666666666666666
al-felony-nonconviction-90-set	Print the verdict and the page digests to the log	2026-09-12T01:31:45.3305471Z       },
al-felony-nonconviction-90-set	Print the verdict and the page digests to the log	2026-09-12T01:31:45.3305731Z       "calibrationResidualPx": 0,
al-felony-nonconviction-90-set	Print the verdict and the page digests to the log	2026-09-12T01:31:45.3306088Z       "inkFractionInsidePaper": 0.07024584076054664,
al-felony-nonconviction-90-set	Print the verdict and the page digests to the log	2026-09-12T01:31:45.3306410Z       "nonblank": true,
al-felony-nonconviction-90-set	Print the verdict and the page digests to the log	2026-09-12T01:31:45.3306686Z       "croppedToThePage": true
al-felony-nonconviction-90-set	Print the verdict and the page digests to the log	2026-09-12T01:31:45.3306997Z     },
al-felony-nonconviction-90-set	Print the verdict and the page digests to the log	2026-09-12T01:31:45.3307230Z     {
al-felony-nonconviction-90-set	Print the verdict and the page digests to the log	2026-09-12T01:31:45.3307496Z       "kind": "boundary",
al-felony-nonconviction-90-set	Print the verdict and the page digests to the log	2026-09-12T01:31:45.3307800Z       "document": "boundary.pdf",
al-felony-nonconviction-90-set	Print the verdict and the page digests to the log	2026-09-12T01:31:45.3308079Z       "page": 2,
al-felony-nonconviction-90-set	Print the verdict and the page digests to the log	2026-09-12T01:31:45.3308505Z       "png": "al-felony-nonconviction-90-set/boundary/page-002.png",
al-felony-nonconviction-90-set	Print the verdict and the page digests to the log	2026-09-12T01:31:45.3308887Z       "bytes": 541350,
al-felony-nonconviction-90-set	Print the verdict and the page digests to the log	2026-09-12T01:31:45.3309366Z       "pngSha256": "8e8443461a26bd1a2f334b2cbe2dc7543c73d3f5092a2f007ff55bb9a006da68",
al-felony-nonconviction-90-set	Print the verdict and the page digests to the log	2026-09-12T01:31:45.3309784Z       "pngWidth": 2040,
al-felony-nonconviction-90-set	Print the verdict and the page digests to the log	2026-09-12T01:31:45.3310056Z       "pngHeight": 2640,
al-felony-nonconviction-90-set	Print the verdict and the page digests to the log	2026-09-12T01:31:45.3310340Z       "paper": {
al-felony-nonconviction-90-set	Print the verdict and the page digests to the log	2026-09-12T01:31:45.3310641Z         "x0": 204,
al-felony-nonconviction-90-set	Print the verdict and the page digests to the log	2026-09-12T01:31:45.3310893Z         "y0": 3,
al-felony-nonconviction-90-set	Print the verdict and the page digests to the log	2026-09-12T01:31:45.3311151Z         "x1": 2243,
al-felony-nonconviction-90-set	Print the verdict and the page digests to the log	2026-09-12T01:31:45.3311401Z         "y1": 2642,
al-felony-nonconviction-90-set	Print the verdict and the page digests to the log	2026-09-12T01:31:45.3311659Z         "width": 2040,
al-felony-nonconviction-90-set	Print the verdict and the page digests to the log	2026-09-12T01:31:45.3311918Z         "height": 2640
al-felony-nonconviction-90-set	Print the verdict and the page digests to the log	2026-09-12T01:31:45.3312213Z       },
al-felony-nonconviction-90-set	Print the verdict and the page digests to the log	2026-09-12T01:31:45.3312486Z       "pxPerPt": 3.3333333333333335,
al-felony-nonconviction-90-set	Print the verdict and the page digests to the log	2026-09-12T01:31:45.3312808Z       "expectedPxPerPt": 3.333333333333333,
al-felony-nonconviction-90-set	Print the verdict and the page digests to the log	2026-09-12T01:31:45.3313193Z       "pageWidthPt": 612,
al-felony-nonconviction-90-set	Print the verdict and the page digests to the log	2026-09-12T01:31:45.3313575Z       "pageHeightPt": 792,
al-felony-nonconviction-90-set	Print the verdict and the page digests to the log	2026-09-12T01:31:45.3313887Z       "expectedPx": {
al-felony-nonconviction-90-set	Print the verdict and the page digests to the log	2026-09-12T01:31:45.3314181Z         "width": 2039.9999999999998,
al-felony-nonconviction-90-set	Print the verdict and the page digests to the log	2026-09-12T01:31:45.3314484Z         "height": 2639.9999999999995,
al-felony-nonconviction-90-set	Print the verdict and the page digests to the log	2026-09-12T01:31:45.3314824Z         "tolerancePx": 6.666666666666666
al-felony-nonconviction-90-set	Print the verdict and the page digests to the log	2026-09-12T01:31:45.3315118Z       },
al-felony-nonconviction-90-set	Print the verdict and the page digests to the log	2026-09-12T01:31:45.3315375Z       "calibrationResidualPx": 0,
al-felony-nonconviction-90-set	Print the verdict and the page digests to the log	2026-09-12T01:31:45.3315773Z       "inkFractionInsidePaper": 0.06971015300059417,
al-felony-nonconviction-90-set	Print the verdict and the page digests to the log	2026-09-12T01:31:45.3316094Z       "nonblank": true,
al-felony-nonconviction-90-set	Print the verdict and the page digests to the log	2026-09-12T01:31:45.3316389Z       "croppedToThePage": true
al-felony-nonconviction-90-set	Print the verdict and the page digests to the log	2026-09-12T01:31:45.3316683Z     },
al-felony-nonconviction-90-set	Print the verdict and the page digests to the log	2026-09-12T01:31:45.3316901Z     {
al-felony-nonconviction-90-set	Print the verdict and the page digests to the log	2026-09-12T01:31:45.3317198Z       "kind": "boundary",
al-felony-nonconviction-90-set	Print the verdict and the page digests to the log	2026-09-12T01:31:45.3317489Z       "document": "boundary.pdf",
al-felony-nonconviction-90-set	Print the verdict and the page digests to the log	2026-09-12T01:31:45.3317774Z       "page": 3,
al-felony-nonconviction-90-set	Print the verdict and the page digests to the log	2026-09-12T01:31:45.3318126Z       "png": "al-felony-nonconviction-90-set/boundary/page-003.png",
al-felony-nonconviction-90-set	Print the verdict and the page digests to the log	2026-09-12T01:31:45.3318529Z       "bytes": 533662,
al-felony-nonconviction-90-set	Print the verdict and the page digests to the log	2026-09-12T01:31:45.3318952Z       "pngSha256": "5302716023e85bfc6c21eddd6a220adb9ff51e77c191d77a8c38cae799198add",
al-felony-nonconviction-90-set	Print the verdict and the page digests to the log	2026-09-12T01:31:45.3319391Z       "pngWidth": 2040,
al-felony-nonconviction-90-set	Print the verdict and the page digests to the log	2026-09-12T01:31:45.3319696Z       "pngHeight": 2640,
al-felony-nonconviction-90-set	Print the verdict and the page digests to the log	2026-09-12T01:31:45.3319961Z       "paper": {
al-felony-nonconviction-90-set	Print the verdict and the page digests to the log	2026-09-12T01:31:45.3320193Z         "x0": 204,
al-felony-nonconviction-90-set	Print the verdict and the page digests to the log	2026-09-12T01:31:45.3320461Z         "y0": 3,
al-felony-nonconviction-90-set	Print the verdict and the page digests to the log	2026-09-12T01:31:45.3320733Z         "x1": 2243,
al-felony-nonconviction-90-set	Print the verdict and the page digests to the log	2026-09-12T01:31:45.3321007Z         "y1": 2642,
al-felony-nonconviction-90-set	Print the verdict and the page digests to the log	2026-09-12T01:31:45.3321257Z         "width": 2040,
al-felony-nonconviction-90-set	Print the verdict and the page digests to the log	2026-09-12T01:31:45.3321500Z         "height": 2640
al-felony-nonconviction-90-set	Print the verdict and the page digests to the log	2026-09-12T01:31:45.3321768Z       },
al-felony-nonconviction-90-set	Print the verdict and the page digests to the log	2026-09-12T01:31:45.3322027Z       "pxPerPt": 3.3333333333333335,
al-felony-nonconviction-90-set	Print the verdict and the page digests to the log	2026-09-12T01:31:45.3322398Z       "expectedPxPerPt": 3.333333333333333,
al-felony-nonconviction-90-set	Print the verdict and the page digests to the log	2026-09-12T01:31:45.3322699Z       "pageWidthPt": 612,
al-felony-nonconviction-90-set	Print the verdict and the page digests to the log	2026-09-12T01:31:45.3322962Z       "pageHeightPt": 792,
al-felony-nonconviction-90-set	Print the verdict and the page digests to the log	2026-09-12T01:31:45.3323323Z       "expectedPx": {
al-felony-nonconviction-90-set	Print the verdict and the page digests to the log	2026-09-12T01:31:45.3323607Z         "width": 2039.9999999999998,
al-felony-nonconviction-90-set	Print the verdict and the page digests to the log	2026-09-12T01:31:45.3323970Z         "height": 2639.9999999999995,
al-felony-nonconviction-90-set	Print the verdict and the page digests to the log	2026-09-12T01:31:45.3324273Z         "tolerancePx": 6.666666666666666
al-felony-nonconviction-90-set	Print the verdict and the page digests to the log	2026-09-12T01:31:45.3324537Z       },
al-felony-nonconviction-90-set	Print the verdict and the page digests to the log	2026-09-12T01:31:45.3324827Z       "calibrationResidualPx": 0,
al-felony-nonconviction-90-set	Print the verdict and the page digests to the log	2026-09-12T01:31:45.3325160Z       "inkFractionInsidePaper": 0.07394607843137255,
al-felony-nonconviction-90-set	Print the verdict and the page digests to the log	2026-09-12T01:31:45.3325500Z       "nonblank": true,
al-felony-nonconviction-90-set	Print the verdict and the page digests to the log	2026-09-12T01:31:45.3325831Z       "croppedToThePage": true
al-felony-nonconviction-90-set	Print the verdict and the page digests to the log	2026-09-12T01:31:45.3326088Z     },
al-felony-nonconviction-90-set	Print the verdict and the page digests to the log	2026-09-12T01:31:45.3326340Z     {
al-felony-nonconviction-90-set	Print the verdict and the page digests to the log	2026-09-12T01:31:45.3326582Z       "kind": "boundary",
al-felony-nonconviction-90-set	Print the verdict and the page digests to the log	2026-09-12T01:31:45.3326893Z       "document": "boundary.pdf",
al-felony-nonconviction-90-set	Print the verdict and the page digests to the log	2026-09-12T01:31:45.3327215Z       "page": 4,
al-felony-nonconviction-90-set	Print the verdict and the page digests to the log	2026-09-12T01:31:45.3327533Z       "png": "al-felony-nonconviction-90-set/boundary/page-004.png",
al-felony-nonconviction-90-set	Print the verdict and the page digests to the log	2026-09-12T01:31:45.3327908Z       "bytes": 552918,
al-felony-nonconviction-90-set	Print the verdict and the page digests to the log	2026-09-12T01:31:45.3328312Z       "pngSha256": "e6c86ba6138e7d42edc73b67b0d43e9aafdc419fd95963a439d03df6e71752a6",
al-felony-nonconviction-90-set	Print the verdict and the page digests to the log	2026-09-12T01:31:45.3328741Z       "pngWidth": 2040,
al-felony-nonconviction-90-set	Print the verdict and the page digests to the log	2026-09-12T01:31:45.3329049Z       "pngHeight": 2640,
al-felony-nonconviction-90-set	Print the verdict and the page digests to the log	2026-09-12T01:31:45.3329302Z       "paper": {
al-felony-nonconviction-90-set	Print the verdict and the page digests to the log	2026-09-12T01:31:45.3329576Z         "x0": 204,
al-felony-nonconviction-90-set	Print the verdict and the page digests to the log	2026-09-12T01:31:45.3329822Z         "y0": 3,
al-felony-nonconviction-90-set	Print the verdict and the page digests to the log	2026-09-12T01:31:45.3330153Z         "x1": 2243,
al-felony-nonconviction-90-set	Print the verdict and the page digests to the log	2026-09-12T01:31:45.3330408Z         "y1": 2642,
al-felony-nonconviction-90-set	Print the verdict and the page digests to the log	2026-09-12T01:31:45.3330676Z         "width": 2040,
al-felony-nonconviction-90-set	Print the verdict and the page digests to the log	2026-09-12T01:31:45.3330957Z         "height": 2640
al-felony-nonconviction-90-set	Print the verdict and the page digests to the log	2026-09-12T01:31:45.3331233Z       },
al-felony-nonconviction-90-set	Print the verdict and the page digests to the log	2026-09-12T01:31:45.3331500Z       "pxPerPt": 3.3333333333333335,
al-felony-nonconviction-90-set	Print the verdict and the page digests to the log	2026-09-12T01:31:45.3331835Z       "expectedPxPerPt": 3.333333333333333,
al-felony-nonconviction-90-set	Print the verdict and the page digests to the log	2026-09-12T01:31:45.3332145Z       "pageWidthPt": 612,
al-felony-nonconviction-90-set	Print the verdict and the page digests to the log	2026-09-12T01:31:45.3332463Z       "pageHeightPt": 792,
al-felony-nonconviction-90-set	Print the verdict and the page digests to the log	2026-09-12T01:31:45.3332753Z       "expectedPx": {
al-felony-nonconviction-90-set	Print the verdict and the page digests to the log	2026-09-12T01:31:45.3333039Z         "width": 2039.9999999999998,
al-felony-nonconviction-90-set	Print the verdict and the page digests to the log	2026-09-12T01:31:45.3333516Z         "height": 2639.9999999999995,
al-felony-nonconviction-90-set	Print the verdict and the page digests to the log	2026-09-12T01:31:45.3333827Z         "tolerancePx": 6.666666666666666
al-felony-nonconviction-90-set	Print the verdict and the page digests to the log	2026-09-12T01:31:45.3334175Z       },
al-felony-nonconviction-90-set	Print the verdict and the page digests to the log	2026-09-12T01:31:45.3334464Z       "calibrationResidualPx": 0,
al-felony-nonconviction-90-set	Print the verdict and the page digests to the log	2026-09-12T01:31:45.3334804Z       "inkFractionInsidePaper": 0.08551674836601307,
al-felony-nonconviction-90-set	Print the verdict and the page digests to the log	2026-09-12T01:31:45.3335124Z       "nonblank": true,
al-felony-nonconviction-90-set	Print the verdict and the page digests to the log	2026-09-12T01:31:45.3335410Z       "croppedToThePage": true
al-felony-nonconviction-90-set	Print the verdict and the page digests to the log	2026-09-12T01:31:45.3335694Z     },
al-felony-nonconviction-90-set	Print the verdict and the page digests to the log	2026-09-12T01:31:45.3335969Z     {
al-felony-nonconviction-90-set	Print the verdict and the page digests to the log	2026-09-12T01:31:45.3336209Z       "kind": "boundary",
al-felony-nonconviction-90-set	Print the verdict and the page digests to the log	2026-09-12T01:31:45.3336504Z       "document": "boundary.pdf",
al-felony-nonconviction-90-set	Print the verdict and the page digests to the log	2026-09-12T01:31:45.3336784Z       "page": 5,
al-felony-nonconviction-90-set	Print the verdict and the page digests to the log	2026-09-12T01:31:45.3337129Z       "png": "al-felony-nonconviction-90-set/boundary/page-005.png",
al-felony-nonconviction-90-set	Print the verdict and the page digests to the log	2026-09-12T01:31:45.3337524Z       "bytes": 376595,
al-felony-nonconviction-90-set	Print the verdict and the page digests to the log	2026-09-12T01:31:45.3337927Z       "pngSha256": "18f8c16cf684fb84a0b33798f807be24f4618de33d8df1abb8f9cfab6aded6db",
al-felony-nonconviction-90-set	Print the verdict and the page digests to the log	2026-09-12T01:31:45.3338339Z       "pngWidth": 2040,
al-felony-nonconviction-90-set	Print the verdict and the page digests to the log	2026-09-12T01:31:45.3338598Z       "pngHeight": 2640,
al-felony-nonconviction-90-set	Print the verdict and the page digests to the log	2026-09-12T01:31:45.3338870Z       "paper": {
al-felony-nonconviction-90-set	Print the verdict and the page digests to the log	2026-09-12T01:31:45.3339126Z         "x0": 204,
al-felony-nonconviction-90-set	Print the verdict and the page digests to the log	2026-09-12T01:31:45.3339401Z         "y0": 3,
al-felony-nonconviction-90-set	Print the verdict and the page digests to the log	2026-09-12T01:31:45.3339652Z         "x1": 2243,
al-felony-nonconviction-90-set	Print the verdict and the page digests to the log	2026-09-12T01:31:45.3339897Z         "y1": 2642,
al-felony-nonconviction-90-set	Print the verdict and the page digests to the log	2026-09-12T01:31:45.3340245Z         "width": 2040,
al-felony-nonconviction-90-set	Print the verdict and the page digests to the log	2026-09-12T01:31:45.3340498Z         "height": 2640
al-felony-nonconviction-90-set	Print the verdict and the page digests to the log	2026-09-12T01:31:45.3340777Z       },
al-felony-nonconviction-90-set	Print the verdict and the page digests to the log	2026-09-12T01:31:45.3341046Z       "pxPerPt": 3.3333333333333335,
al-felony-nonconviction-90-set	Print the verdict and the page digests to the log	2026-09-12T01:31:45.3341362Z       "expectedPxPerPt": 3.333333333333333,
al-felony-nonconviction-90-set	Print the verdict and the page digests to the log	2026-09-12T01:31:45.3341696Z       "pageWidthPt": 612,
al-felony-nonconviction-90-set	Print the verdict and the page digests to the log	2026-09-12T01:31:45.3341968Z       "pageHeightPt": 792,
al-felony-nonconviction-90-set	Print the verdict and the page digests to the log	2026-09-12T01:31:45.3342229Z       "expectedPx": {
al-felony-nonconviction-90-set	Print the verdict and the page digests to the log	2026-09-12T01:31:45.3342563Z         "width": 2039.9999999999998,
al-felony-nonconviction-90-set	Print the verdict and the page digests to the log	2026-09-12T01:31:45.3342862Z         "height": 2639.9999999999995,
al-felony-nonconviction-90-set	Print the verdict and the page digests to the log	2026-09-12T01:31:45.3343267Z         "tolerancePx": 6.666666666666666
al-felony-nonconviction-90-set	Print the verdict and the page digests to the log	2026-09-12T01:31:45.3343556Z       },
al-felony-nonconviction-90-set	Print the verdict and the page digests to the log	2026-09-12T01:31:45.3343802Z       "calibrationResidualPx": 0,
al-felony-nonconviction-90-set	Print the verdict and the page digests to the log	2026-09-12T01:31:45.3344190Z       "inkFractionInsidePaper": 0.053209855912061794,
al-felony-nonconviction-90-set	Print the verdict and the page digests to the log	2026-09-12T01:31:45.3344506Z       "nonblank": true,
al-felony-nonconviction-90-set	Print the verdict and the page digests to the log	2026-09-12T01:31:45.3344819Z       "croppedToThePage": true
al-felony-nonconviction-90-set	Print the verdict and the page digests to the log	2026-09-12T01:31:45.3345086Z     },
al-felony-nonconviction-90-set	Print the verdict and the page digests to the log	2026-09-12T01:31:45.3345304Z     {
al-felony-nonconviction-90-set	Print the verdict and the page digests to the log	2026-09-12T01:31:45.3345569Z       "kind": "boundary",
al-felony-nonconviction-90-set	Print the verdict and the page digests to the log	2026-09-12T01:31:45.3345906Z       "document": "boundary.pdf",
al-felony-nonconviction-90-set	Print the verdict and the page digests to the log	2026-09-12T01:31:45.3346197Z       "page": 6,
al-felony-nonconviction-90-set	Print the verdict and the page digests to the log	2026-09-12T01:31:45.3346538Z       "png": "al-felony-nonconviction-90-set/boundary/page-006.png",
al-felony-nonconviction-90-set	Print the verdict and the page digests to the log	2026-09-12T01:31:45.3346870Z       "bytes": 359873,
al-felony-nonconviction-90-set	Print the verdict and the page digests to the log	2026-09-12T01:31:45.3347299Z       "pngSha256": "16dfea476e05bf3cb4da8ff5e5902cb0e153eb85e7f176c609c0bc353d058273",
al-felony-nonconviction-90-set	Print the verdict and the page digests to the log	2026-09-12T01:31:45.3347758Z       "pngWidth": 2040,
al-felony-nonconviction-90-set	Print the verdict and the page digests to the log	2026-09-12T01:31:45.3348042Z       "pngHeight": 2640,
al-felony-nonconviction-90-set	Print the verdict and the page digests to the log	2026-09-12T01:31:45.3348309Z       "paper": {
al-felony-nonconviction-90-set	Print the verdict and the page digests to the log	2026-09-12T01:31:45.3348544Z         "x0": 204,
al-felony-nonconviction-90-set	Print the verdict and the page digests to the log	2026-09-12T01:31:45.3348817Z         "y0": 3,
al-felony-nonconviction-90-set	Print the verdict and the page digests to the log	2026-09-12T01:31:45.3349080Z         "x1": 2243,
al-felony-nonconviction-90-set	Print the verdict and the page digests to the log	2026-09-12T01:31:45.3349371Z         "y1": 2642,
al-felony-nonconviction-90-set	Print the verdict and the page digests to the log	2026-09-12T01:31:45.3349617Z         "width": 2040,
al-felony-nonconviction-90-set	Print the verdict and the page digests to the log	2026-09-12T01:31:45.3349855Z         "height": 2640
al-felony-nonconviction-90-set	Print the verdict and the page digests to the log	2026-09-12T01:31:45.3350126Z       },
al-felony-nonconviction-90-set	Print the verdict and the page digests to the log	2026-09-12T01:31:45.3350401Z       "pxPerPt": 3.3333333333333335,
al-felony-nonconviction-90-set	Print the verdict and the page digests to the log	2026-09-12T01:31:45.3350717Z       "expectedPxPerPt": 3.333333333333333,
al-felony-nonconviction-90-set	Print the verdict and the page digests to the log	2026-09-12T01:31:45.3351070Z       "pageWidthPt": 612,
al-felony-nonconviction-90-set	Print the verdict and the page digests to the log	2026-09-12T01:31:45.3351326Z       "pageHeightPt": 792,
al-felony-nonconviction-90-set	Print the verdict and the page digests to the log	2026-09-12T01:31:45.3351622Z       "expectedPx": {
al-felony-nonconviction-90-set	Print the verdict and the page digests to the log	2026-09-12T01:31:45.3351976Z         "width": 2039.9999999999998,
al-felony-nonconviction-90-set	Print the verdict and the page digests to the log	2026-09-12T01:31:45.3352271Z         "height": 2639.9999999999995,
al-felony-nonconviction-90-set	Print the verdict and the page digests to the log	2026-09-12T01:31:45.3352618Z         "tolerancePx": 6.666666666666666
al-felony-nonconviction-90-set	Print the verdict and the page digests to the log	2026-09-12T01:31:45.3352881Z       },
al-felony-nonconviction-90-set	Print the verdict and the page digests to the log	2026-09-12T01:31:45.3353255Z       "calibrationResidualPx": 0,
al-felony-nonconviction-90-set	Print the verdict and the page digests to the log	2026-09-12T01:31:45.3353722Z       "inkFractionInsidePaper": 0.040203691325014855,
al-felony-nonconviction-90-set	Print the verdict and the page digests to the log	2026-09-12T01:31:45.3354045Z       "nonblank": true,
al-felony-nonconviction-90-set	Print the verdict and the page digests to the log	2026-09-12T01:31:45.3354382Z       "croppedToThePage": true
al-felony-nonconviction-90-set	Print the verdict and the page digests to the log	2026-09-12T01:31:45.3354642Z     },
al-felony-nonconviction-90-set	Print the verdict and the page digests to the log	2026-09-12T01:31:45.3354913Z     {
al-felony-nonconviction-90-set	Print the verdict and the page digests to the log	2026-09-12T01:31:45.3355163Z       "kind": "boundary",
al-felony-nonconviction-90-set	Print the verdict and the page digests to the log	2026-09-12T01:31:45.3355446Z       "document": "boundary.pdf",
al-felony-nonconviction-90-set	Print the verdict and the page digests to the log	2026-09-12T01:31:45.3355731Z       "page": 7,
al-felony-nonconviction-90-set	Print the verdict and the page digests to the log	2026-09-12T01:31:45.3356087Z       "png": "al-felony-nonconviction-90-set/boundary/page-007.png",
al-felony-nonconviction-90-set	Print the verdict and the page digests to the log	2026-09-12T01:31:45.3356509Z       "bytes": 434042,
al-felony-nonconviction-90-set	Print the verdict and the page digests to the log	2026-09-12T01:31:45.3356917Z       "pngSha256": "68a594b4e3298b1d3b2d58d9e97846aa3186721993f43d79356936aaad3899b0",
al-felony-nonconviction-90-set	Print the verdict and the page digests to the log	2026-09-12T01:31:45.3357310Z       "pngWidth": 2040,
al-felony-nonconviction-90-set	Print the verdict and the page digests to the log	2026-09-12T01:31:45.3357591Z       "pngHeight": 2640,
al-felony-nonconviction-90-set	Print the verdict and the page digests to the log	2026-09-12T01:31:45.3357866Z       "paper": {
al-felony-nonconviction-90-set	Print the verdict and the page digests to the log	2026-09-12T01:31:45.3358149Z         "x0": 204,
al-felony-nonconviction-90-set	Print the verdict and the page digests to the log	2026-09-12T01:31:45.3358395Z         "y0": 3,
al-felony-nonconviction-90-set	Print the verdict and the page digests to the log	2026-09-12T01:31:45.3456286Z         "x1": 2243,
al-felony-nonconviction-90-set	Print the verdict and the page digests to the log	2026-09-12T01:31:45.3456706Z         "y1": 2642,
al-felony-nonconviction-90-set	Print the verdict and the page digests to the log	2026-09-12T01:31:45.3456909Z         "width": 2040,
al-felony-nonconviction-90-set	Print the verdict and the page digests to the log	2026-09-12T01:31:45.3457098Z         "height": 2640
al-felony-nonconviction-90-set	Print the verdict and the page digests to the log	2026-09-12T01:31:45.3457279Z       },
al-felony-nonconviction-90-set	Print the verdict and the page digests to the log	2026-09-12T01:31:45.3457477Z       "pxPerPt": 3.3333333333333335,
al-felony-nonconviction-90-set	Print the verdict and the page digests to the log	2026-09-12T01:31:45.3457739Z       "expectedPxPerPt": 3.333333333333333,
al-felony-nonconviction-90-set	Print the verdict and the page digests to the log	2026-09-12T01:31:45.3457977Z       "pageWidthPt": 612,
al-felony-nonconviction-90-set	Print the verdict and the page digests to the log	2026-09-12T01:31:45.3458184Z       "pageHeightPt": 792,
al-felony-nonconviction-90-set	Print the verdict and the page digests to the log	2026-09-12T01:31:45.3458382Z       "expectedPx": {
al-felony-nonconviction-90-set	Print the verdict and the page digests to the log	2026-09-12T01:31:45.3458599Z         "width": 2039.9999999999998,
al-felony-nonconviction-90-set	Print the verdict and the page digests to the log	2026-09-12T01:31:45.3458996Z         "height": 2639.9999999999995,
al-felony-nonconviction-90-set	Print the verdict and the page digests to the log	2026-09-12T01:31:45.3459250Z         "tolerancePx": 6.666666666666666
al-felony-nonconviction-90-set	Print the verdict and the page digests to the log	2026-09-12T01:31:45.3459480Z       },
al-felony-nonconviction-90-set	Print the verdict and the page digests to the log	2026-09-12T01:31:45.3459679Z       "calibrationResidualPx": 0,
al-felony-nonconviction-90-set	Print the verdict and the page digests to the log	2026-09-12T01:31:45.3459946Z       "inkFractionInsidePaper": 0.057026515151515154,
al-felony-nonconviction-90-set	Print the verdict and the page digests to the log	2026-09-12T01:31:45.3460194Z       "nonblank": true,
al-felony-nonconviction-90-set	Print the verdict and the page digests to the log	2026-09-12T01:31:45.3460400Z       "croppedToThePage": true
al-felony-nonconviction-90-set	Print the verdict and the page digests to the log	2026-09-12T01:31:45.3460593Z     },
al-felony-nonconviction-90-set	Print the verdict and the page digests to the log	2026-09-12T01:31:45.3460752Z     {
al-felony-nonconviction-90-set	Print the verdict and the page digests to the log	2026-09-12T01:31:45.3460907Z       "kind": "boundary",
al-felony-nonconviction-90-set	Print the verdict and the page digests to the log	2026-09-12T01:31:45.3461118Z       "document": "boundary.pdf",
al-felony-nonconviction-90-set	Print the verdict and the page digests to the log	2026-09-12T01:31:45.3461317Z       "page": 8,
al-felony-nonconviction-90-set	Print the verdict and the page digests to the log	2026-09-12T01:31:45.3461590Z       "png": "al-felony-nonconviction-90-set/boundary/page-008.png",
al-felony-nonconviction-90-set	Print the verdict and the page digests to the log	2026-09-12T01:31:45.3461908Z       "bytes": 872723,
al-felony-nonconviction-90-set	Print the verdict and the page digests to the log	2026-09-12T01:31:45.3462243Z       "pngSha256": "fba565776a6bddc9e13ba86ce28c194bf6ba4482681038a98af0006cdf439d70",
al-felony-nonconviction-90-set	Print the verdict and the page digests to the log	2026-09-12T01:31:45.3462578Z       "pngWidth": 2040,
al-felony-nonconviction-90-set	Print the verdict and the page digests to the log	2026-09-12T01:31:45.3462775Z       "pngHeight": 2640,
al-felony-nonconviction-90-set	Print the verdict and the page digests to the log	2026-09-12T01:31:45.3462970Z       "paper": {
al-felony-nonconviction-90-set	Print the verdict and the page digests to the log	2026-09-12T01:31:45.3463221Z         "x0": 204,
al-felony-nonconviction-90-set	Print the verdict and the page digests to the log	2026-09-12T01:31:45.3463473Z         "y0": 3,
al-felony-nonconviction-90-set	Print the verdict and the page digests to the log	2026-09-12T01:31:45.3463708Z         "x1": 2243,
al-felony-nonconviction-90-set	Print the verdict and the page digests to the log	2026-09-12T01:31:45.3463873Z         "y1": 2642,
al-felony-nonconviction-90-set	Print the verdict and the page digests to the log	2026-09-12T01:31:45.3464041Z         "width": 2040,
al-felony-nonconviction-90-set	Print the verdict and the page digests to the log	2026-09-12T01:31:45.3464219Z         "height": 2640
al-felony-nonconviction-90-set	Print the verdict and the page digests to the log	2026-09-12T01:31:45.3464393Z       },
al-felony-nonconviction-90-set	Print the verdict and the page digests to the log	2026-09-12T01:31:45.3464582Z       "pxPerPt": 3.3333333333333335,
al-felony-nonconviction-90-set	Print the verdict and the page digests to the log	2026-09-12T01:31:45.3464826Z       "expectedPxPerPt": 3.333333333333333,
al-felony-nonconviction-90-set	Print the verdict and the page digests to the log	2026-09-12T01:31:45.3465055Z       "pageWidthPt": 612,
al-felony-nonconviction-90-set	Print the verdict and the page digests to the log	2026-09-12T01:31:45.3465264Z       "pageHeightPt": 792,
al-felony-nonconviction-90-set	Print the verdict and the page digests to the log	2026-09-12T01:31:45.3465459Z       "expectedPx": {
al-felony-nonconviction-90-set	Print the verdict and the page digests to the log	2026-09-12T01:31:45.3465658Z         "width": 2039.9999999999998,
al-felony-nonconviction-90-set	Print the verdict and the page digests to the log	2026-09-12T01:31:45.3465880Z         "height": 2639.9999999999995,
al-felony-nonconviction-90-set	Print the verdict and the page digests to the log	2026-09-12T01:31:45.3466112Z         "tolerancePx": 6.666666666666666
al-felony-nonconviction-90-set	Print the verdict and the page digests to the log	2026-09-12T01:31:45.3466313Z       },
al-felony-nonconviction-90-set	Print the verdict and the page digests to the log	2026-09-12T01:31:45.3466508Z       "calibrationResidualPx": 0,
al-felony-nonconviction-90-set	Print the verdict and the page digests to the log	2026-09-12T01:31:45.3466780Z       "inkFractionInsidePaper": 0.10128045157456922,
al-felony-nonconviction-90-set	Print the verdict and the page digests to the log	2026-09-12T01:31:45.3467025Z       "nonblank": true,
al-felony-nonconviction-90-set	Print the verdict and the page digests to the log	2026-09-12T01:31:45.3467232Z       "croppedToThePage": true
al-felony-nonconviction-90-set	Print the verdict and the page digests to the log	2026-09-12T01:31:45.3467517Z     },
al-felony-nonconviction-90-set	Print the verdict and the page digests to the log	2026-09-12T01:31:45.3467677Z     {
al-felony-nonconviction-90-set	Print the verdict and the page digests to the log	2026-09-12T01:31:45.3467856Z       "kind": "boundary",
al-felony-nonconviction-90-set	Print the verdict and the page digests to the log	2026-09-12T01:31:45.3468071Z       "document": "boundary.pdf",
al-felony-nonconviction-90-set	Print the verdict and the page digests to the log	2026-09-12T01:31:45.3468271Z       "page": 9,
al-felony-nonconviction-90-set	Print the verdict and the page digests to the log	2026-09-12T01:31:45.3468531Z       "png": "al-felony-nonconviction-90-set/boundary/page-009.png",
al-felony-nonconviction-90-set	Print the verdict and the page digests to the log	2026-09-12T01:31:45.3468805Z       "bytes": 467647,
al-felony-nonconviction-90-set	Print the verdict and the page digests to the log	2026-09-12T01:31:45.3469119Z       "pngSha256": "1f5dac4144933ac2900fcd73482d0b301a1337875e44db1976d19451b0bf7734",
al-felony-nonconviction-90-set	Print the verdict and the page digests to the log	2026-09-12T01:31:45.3469450Z       "pngWidth": 2040,
al-felony-nonconviction-90-set	Print the verdict and the page digests to the log	2026-09-12T01:31:45.3469635Z       "pngHeight": 2640,
al-felony-nonconviction-90-set	Print the verdict and the page digests to the log	2026-09-12T01:31:45.3469811Z       "paper": {
al-felony-nonconviction-90-set	Print the verdict and the page digests to the log	2026-09-12T01:31:45.3469975Z         "x0": 204,
al-felony-nonconviction-90-set	Print the verdict and the page digests to the log	2026-09-12T01:31:45.3470132Z         "y0": 3,
al-felony-nonconviction-90-set	Print the verdict and the page digests to the log	2026-09-12T01:31:45.3470293Z         "x1": 2243,
al-felony-nonconviction-90-set	Print the verdict and the page digests to the log	2026-09-12T01:31:45.3470453Z         "y1": 2642,
al-felony-nonconviction-90-set	Print the verdict and the page digests to the log	2026-09-12T01:31:45.3470629Z         "width": 2040,
al-felony-nonconviction-90-set	Print the verdict and the page digests to the log	2026-09-12T01:31:45.3470811Z         "height": 2640
al-felony-nonconviction-90-set	Print the verdict and the page digests to the log	2026-09-12T01:31:45.3470976Z       },
al-felony-nonconviction-90-set	Print the verdict and the page digests to the log	2026-09-12T01:31:45.3471190Z       "pxPerPt": 3.3333333333333335,
al-felony-nonconviction-90-set	Print the verdict and the page digests to the log	2026-09-12T01:31:45.3471441Z       "expectedPxPerPt": 3.333333333333333,
al-felony-nonconviction-90-set	Print the verdict and the page digests to the log	2026-09-12T01:31:45.3471666Z       "pageWidthPt": 612,
al-felony-nonconviction-90-set	Print the verdict and the page digests to the log	2026-09-12T01:31:45.3471855Z       "pageHeightPt": 792,
al-felony-nonconviction-90-set	Print the verdict and the page digests to the log	2026-09-12T01:31:45.3472042Z       "expectedPx": {
al-felony-nonconviction-90-set	Print the verdict and the page digests to the log	2026-09-12T01:31:45.3472238Z         "width": 2039.9999999999998,
al-felony-nonconviction-90-set	Print the verdict and the page digests to the log	2026-09-12T01:31:45.3472460Z         "height": 2639.9999999999995,
al-felony-nonconviction-90-set	Print the verdict and the page digests to the log	2026-09-12T01:31:45.3472691Z         "tolerancePx": 6.666666666666666
al-felony-nonconviction-90-set	Print the verdict and the page digests to the log	2026-09-12T01:31:45.3472895Z       },
al-felony-nonconviction-90-set	Print the verdict and the page digests to the log	2026-09-12T01:31:45.3473079Z       "calibrationResidualPx": 0,
al-felony-nonconviction-90-set	Print the verdict and the page digests to the log	2026-09-12T01:31:45.3473537Z       "inkFractionInsidePaper": 0.05539679887106358,
al-felony-nonconviction-90-set	Print the verdict and the page digests to the log	2026-09-12T01:31:45.3473788Z       "nonblank": true,
al-felony-nonconviction-90-set	Print the verdict and the page digests to the log	2026-09-12T01:31:45.3474003Z       "croppedToThePage": true
al-felony-nonconviction-90-set	Print the verdict and the page digests to the log	2026-09-12T01:31:45.3474197Z     },
al-felony-nonconviction-90-set	Print the verdict and the page digests to the log	2026-09-12T01:31:45.3474349Z     {
al-felony-nonconviction-90-set	Print the verdict and the page digests to the log	2026-09-12T01:31:45.3474580Z       "kind": "boundary",
al-felony-nonconviction-90-set	Print the verdict and the page digests to the log	2026-09-12T01:31:45.3474791Z       "document": "boundary.pdf",
al-felony-nonconviction-90-set	Print the verdict and the page digests to the log	2026-09-12T01:31:45.3475019Z       "page": 10,
al-felony-nonconviction-90-set	Print the verdict and the page digests to the log	2026-09-12T01:31:45.3475314Z       "png": "al-felony-nonconviction-90-set/boundary/page-010.png",
al-felony-nonconviction-90-set	Print the verdict and the page digests to the log	2026-09-12T01:31:45.3475597Z       "bytes": 476842,
al-felony-nonconviction-90-set	Print the verdict and the page digests to the log	2026-09-12T01:31:45.3475920Z       "pngSha256": "6bcb80b908fa73154fb7d739df0f88343a548779e4aa6ee61601d92b80f94b34",
al-felony-nonconviction-90-set	Print the verdict and the page digests to the log	2026-09-12T01:31:45.3476245Z       "pngWidth": 2040,
al-felony-nonconviction-90-set	Print the verdict and the page digests to the log	2026-09-12T01:31:45.3476430Z       "pngHeight": 2640,
al-felony-nonconviction-90-set	Print the verdict and the page digests to the log	2026-09-12T01:31:45.3476608Z       "paper": {
al-felony-nonconviction-90-set	Print the verdict and the page digests to the log	2026-09-12T01:31:45.3476769Z         "x0": 204,
al-felony-nonconviction-90-set	Print the verdict and the page digests to the log	2026-09-12T01:31:45.3476931Z         "y0": 3,
al-felony-nonconviction-90-set	Print the verdict and the page digests to the log	2026-09-12T01:31:45.3477090Z         "x1": 2243,
al-felony-nonconviction-90-set	Print the verdict and the page digests to the log	2026-09-12T01:31:45.3477254Z         "y1": 2642,
al-felony-nonconviction-90-set	Print the verdict and the page digests to the log	2026-09-12T01:31:45.3477416Z         "width": 2040,
al-felony-nonconviction-90-set	Print the verdict and the page digests to the log	2026-09-12T01:31:45.3477586Z         "height": 2640
al-felony-nonconviction-90-set	Print the verdict and the page digests to the log	2026-09-12T01:31:45.3477750Z       },
al-felony-nonconviction-90-set	Print the verdict and the page digests to the log	2026-09-12T01:31:45.3477926Z       "pxPerPt": 3.3333333333333335,
al-felony-nonconviction-90-set	Print the verdict and the page digests to the log	2026-09-12T01:31:45.3478164Z       "expectedPxPerPt": 3.333333333333333,
al-felony-nonconviction-90-set	Print the verdict and the page digests to the log	2026-09-12T01:31:45.3478389Z       "pageWidthPt": 612,
al-felony-nonconviction-90-set	Print the verdict and the page digests to the log	2026-09-12T01:31:45.3478583Z       "pageHeightPt": 792,
al-felony-nonconviction-90-set	Print the verdict and the page digests to the log	2026-09-12T01:31:45.3478777Z       "expectedPx": {
al-felony-nonconviction-90-set	Print the verdict and the page digests to the log	2026-09-12T01:31:45.3478972Z         "width": 2039.9999999999998,
al-felony-nonconviction-90-set	Print the verdict and the page digests to the log	2026-09-12T01:31:45.3479189Z         "height": 2639.9999999999995,
al-felony-nonconviction-90-set	Print the verdict and the page digests to the log	2026-09-12T01:31:45.3479422Z         "tolerancePx": 6.666666666666666
al-felony-nonconviction-90-set	Print the verdict and the page digests to the log	2026-09-12T01:31:45.3479627Z       },
al-felony-nonconviction-90-set	Print the verdict and the page digests to the log	2026-09-12T01:31:45.3479813Z       "calibrationResidualPx": 0,
al-felony-nonconviction-90-set	Print the verdict and the page digests to the log	2026-09-12T01:31:45.3480069Z       "inkFractionInsidePaper": 0.05504827688651218,
al-felony-nonconviction-90-set	Print the verdict and the page digests to the log	2026-09-12T01:31:45.3480310Z       "nonblank": true,
al-felony-nonconviction-90-set	Print the verdict and the page digests to the log	2026-09-12T01:31:45.3480526Z       "croppedToThePage": true
al-felony-nonconviction-90-set	Print the verdict and the page digests to the log	2026-09-12T01:31:45.3480718Z     },
al-felony-nonconviction-90-set	Print the verdict and the page digests to the log	2026-09-12T01:31:45.3480872Z     {
al-felony-nonconviction-90-set	Print the verdict and the page digests to the log	2026-09-12T01:31:45.3481034Z       "kind": "boundary",
al-felony-nonconviction-90-set	Print the verdict and the page digests to the log	2026-09-12T01:31:45.3481241Z       "document": "boundary.pdf",
al-felony-nonconviction-90-set	Print the verdict and the page digests to the log	2026-09-12T01:31:45.3481441Z       "page": 11,
al-felony-nonconviction-90-set	Print the verdict and the page digests to the log	2026-09-12T01:31:45.3481711Z       "png": "al-felony-nonconviction-90-set/boundary/page-011.png",
al-felony-nonconviction-90-set	Print the verdict and the page digests to the log	2026-09-12T01:31:45.3481987Z       "bytes": 427956,
al-felony-nonconviction-90-set	Print the verdict and the page digests to the log	2026-09-12T01:31:45.3482309Z       "pngSha256": "3d8753a2fd235f0a0ce226962e7b6918fe2c75b96c62e43b0c544edec4d2f170",
al-felony-nonconviction-90-set	Print the verdict and the page digests to the log	2026-09-12T01:31:45.3482636Z       "pngWidth": 2040,
al-felony-nonconviction-90-set	Print the verdict and the page digests to the log	2026-09-12T01:31:45.3482896Z       "pngHeight": 2640,
al-felony-nonconviction-90-set	Print the verdict and the page digests to the log	2026-09-12T01:31:45.3483081Z       "paper": {
al-felony-nonconviction-90-set	Print the verdict and the page digests to the log	2026-09-12T01:31:45.3483565Z         "x0": 204,
al-felony-nonconviction-90-set	Print the verdict and the page digests to the log	2026-09-12T01:31:45.3483734Z         "y0": 3,
al-felony-nonconviction-90-set	Print the verdict and the page digests to the log	2026-09-12T01:31:45.3483892Z         "x1": 2243,
al-felony-nonconviction-90-set	Print the verdict and the page digests to the log	2026-09-12T01:31:45.3484051Z         "y1": 2642,
al-felony-nonconviction-90-set	Print the verdict and the page digests to the log	2026-09-12T01:31:45.3484217Z         "width": 2040,
al-felony-nonconviction-90-set	Print the verdict and the page digests to the log	2026-09-12T01:31:45.3484389Z         "height": 2640
al-felony-nonconviction-90-set	Print the verdict and the page digests to the log	2026-09-12T01:31:45.3484565Z       },
al-felony-nonconviction-90-set	Print the verdict and the page digests to the log	2026-09-12T01:31:45.3484745Z       "pxPerPt": 3.3333333333333335,
al-felony-nonconviction-90-set	Print the verdict and the page digests to the log	2026-09-12T01:31:45.3484977Z       "expectedPxPerPt": 3.333333333333333,
al-felony-nonconviction-90-set	Print the verdict and the page digests to the log	2026-09-12T01:31:45.3485193Z       "pageWidthPt": 612,
al-felony-nonconviction-90-set	Print the verdict and the page digests to the log	2026-09-12T01:31:45.3485380Z       "pageHeightPt": 792,
al-felony-nonconviction-90-set	Print the verdict and the page digests to the log	2026-09-12T01:31:45.3485567Z       "expectedPx": {
al-felony-nonconviction-90-set	Print the verdict and the page digests to the log	2026-09-12T01:31:45.3485768Z         "width": 2039.9999999999998,
al-felony-nonconviction-90-set	Print the verdict and the page digests to the log	2026-09-12T01:31:45.3485995Z         "height": 2639.9999999999995,
al-felony-nonconviction-90-set	Print the verdict and the page digests to the log	2026-09-12T01:31:45.3486230Z         "tolerancePx": 6.666666666666666
al-felony-nonconviction-90-set	Print the verdict and the page digests to the log	2026-09-12T01:31:45.3486424Z       },
al-felony-nonconviction-90-set	Print the verdict and the page digests to the log	2026-09-12T01:31:45.3486600Z       "calibrationResidualPx": 0,
al-felony-nonconviction-90-set	Print the verdict and the page digests to the log	2026-09-12T01:31:45.3486851Z       "inkFractionInsidePaper": 0.05390875668449198,
al-felony-nonconviction-90-set	Print the verdict and the page digests to the log	2026-09-12T01:31:45.3487090Z       "nonblank": true,
al-felony-nonconviction-90-set	Print the verdict and the page digests to the log	2026-09-12T01:31:45.3487289Z       "croppedToThePage": true
al-felony-nonconviction-90-set	Print the verdict and the page digests to the log	2026-09-12T01:31:45.3487475Z     }
al-felony-nonconviction-90-set	Print the verdict and the page digests to the log	2026-09-12T01:31:45.3487617Z   ],
al-felony-nonconviction-90-set	Print the verdict and the page digests to the log	2026-09-12T01:31:45.3487768Z   "problems": [],
al-felony-nonconviction-90-set	Print the verdict and the page digests to the log	2026-09-12T01:31:45.3487951Z   "environmentProblems": [],
al-felony-nonconviction-90-set	Print the verdict and the page digests to the log	2026-09-12T01:31:45.3488459Z   "whatThisDoesNotDecide": "This is one gate. RASTER_PASS does not make a family PASS_COMPLETE, promotes nothing, and opens no commercial route.",
al-felony-nonconviction-90-set	Print the verdict and the page digests to the log	2026-09-12T01:31:45.3488931Z   "packetPdfsModified": 0,
al-felony-nonconviction-90-set	Print the verdict and the page digests to the log	2026-09-12T01:31:45.3489131Z   "bodiesCommitted": 0,
al-felony-nonconviction-90-set	Print the verdict and the page digests to the log	2026-09-12T01:31:45.3489335Z   "commercialRoutesOpened": 0,
al-felony-nonconviction-90-set	Print the verdict and the page digests to the log	2026-09-12T01:31:45.3489544Z   "productionTouched": false
al-felony-nonconviction-90-set	Print the verdict and the page digests to the log	2026-09-12T01:31:45.3489737Z }
al-felony-nonconviction-90-set	Print the verdict and the page digests to the log	2026-09-12T01:31:45.3490103Z ===== END VERDICT al-felony-nonconviction-90-set.verdict.json =====
al-felony-nonconviction-90-set	Print the verdict and the page digests to the log	2026-09-12T01:31:45.3490424Z ===== BEGIN PAGE DIGESTS =====
al-felony-nonconviction-90-set	Print the verdict and the page digests to the log	2026-09-12T01:31:45.3490990Z 2d2691f5f8511da99f759b8881b2906155db049a95ca716cff385bd00c3e8e1e  raster-out/al-felony-nonconviction-90-set/boundary/page-001.png
al-felony-nonconviction-90-set	Print the verdict and the page digests to the log	2026-09-12T01:31:45.3491770Z 8e8443461a26bd1a2f334b2cbe2dc7543c73d3f5092a2f007ff55bb9a006da68  raster-out/al-felony-nonconviction-90-set/boundary/page-002.png
al-felony-nonconviction-90-set	Print the verdict and the page digests to the log	2026-09-12T01:31:45.3492537Z 5302716023e85bfc6c21eddd6a220adb9ff51e77c191d77a8c38cae799198add  raster-out/al-felony-nonconviction-90-set/boundary/page-003.png
al-felony-nonconviction-90-set	Print the verdict and the page digests to the log	2026-09-12T01:31:45.3493365Z e6c86ba6138e7d42edc73b67b0d43e9aafdc419fd95963a439d03df6e71752a6  raster-out/al-felony-nonconviction-90-set/boundary/page-004.png
al-felony-nonconviction-90-set	Print the verdict and the page digests to the log	2026-09-12T01:31:45.3494153Z 18f8c16cf684fb84a0b33798f807be24f4618de33d8df1abb8f9cfab6aded6db  raster-out/al-felony-nonconviction-90-set/boundary/page-005.png
al-felony-nonconviction-90-set	Print the verdict and the page digests to the log	2026-09-12T01:31:45.3494917Z 16dfea476e05bf3cb4da8ff5e5902cb0e153eb85e7f176c609c0bc353d058273  raster-out/al-felony-nonconviction-90-set/boundary/page-006.png
al-felony-nonconviction-90-set	Print the verdict and the page digests to the log	2026-09-12T01:31:45.3495670Z 68a594b4e3298b1d3b2d58d9e97846aa3186721993f43d79356936aaad3899b0  raster-out/al-felony-nonconviction-90-set/boundary/page-007.png
al-felony-nonconviction-90-set	Print the verdict and the page digests to the log	2026-09-12T01:31:45.3496428Z fba565776a6bddc9e13ba86ce28c194bf6ba4482681038a98af0006cdf439d70  raster-out/al-felony-nonconviction-90-set/boundary/page-008.png
al-felony-nonconviction-90-set	Print the verdict and the page digests to the log	2026-09-12T01:31:45.3497185Z 1f5dac4144933ac2900fcd73482d0b301a1337875e44db1976d19451b0bf7734  raster-out/al-felony-nonconviction-90-set/boundary/page-009.png
al-felony-nonconviction-90-set	Print the verdict and the page digests to the log	2026-09-12T01:31:45.3497940Z 6bcb80b908fa73154fb7d739df0f88343a548779e4aa6ee61601d92b80f94b34  raster-out/al-felony-nonconviction-90-set/boundary/page-010.png
al-felony-nonconviction-90-set	Print the verdict and the page digests to the log	2026-09-12T01:31:45.3498714Z 3d8753a2fd235f0a0ce226962e7b6918fe2c75b96c62e43b0c544edec4d2f170  raster-out/al-felony-nonconviction-90-set/boundary/page-011.png
al-felony-nonconviction-90-set	Print the verdict and the page digests to the log	2026-09-12T01:31:45.3499513Z 6c67103a248fd038722d9beeca40d0921319ed598e7092591ec8b2b8e61c5969  raster-out/al-felony-nonconviction-90-set/boundary/page-calibration.png
al-felony-nonconviction-90-set	Print the verdict and the page digests to the log	2026-09-12T01:31:45.3500312Z b46fd9b81944f26cbf1602d30ae1bf4f86141d679a14a6ef5876b3810efa849c  raster-out/al-felony-nonconviction-90-set/canonical/page-001.png
al-felony-nonconviction-90-set	Print the verdict and the page digests to the log	2026-09-12T01:31:45.3501183Z 8e8443461a26bd1a2f334b2cbe2dc7543c73d3f5092a2f007ff55bb9a006da68  raster-out/al-felony-nonconviction-90-set/canonical/page-002.png
al-felony-nonconviction-90-set	Print the verdict and the page digests to the log	2026-09-12T01:31:45.3501959Z 5302716023e85bfc6c21eddd6a220adb9ff51e77c191d77a8c38cae799198add  raster-out/al-felony-nonconviction-90-set/canonical/page-003.png
al-felony-nonconviction-90-set	Print the verdict and the page digests to the log	2026-09-12T01:31:45.3502742Z e6c86ba6138e7d42edc73b67b0d43e9aafdc419fd95963a439d03df6e71752a6  raster-out/al-felony-nonconviction-90-set/canonical/page-004.png
al-felony-nonconviction-90-set	Print the verdict and the page digests to the log	2026-09-12T01:31:45.3503698Z 18f8c16cf684fb84a0b33798f807be24f4618de33d8df1abb8f9cfab6aded6db  raster-out/al-felony-nonconviction-90-set/canonical/page-005.png
al-felony-nonconviction-90-set	Print the verdict and the page digests to the log	2026-09-12T01:31:45.3504486Z c277aabfaa35ecd8c7fedab701ca1a9b990558df4cb3db03353babc7f9bfda43  raster-out/al-felony-nonconviction-90-set/canonical/page-006.png
al-felony-nonconviction-90-set	Print the verdict and the page digests to the log	2026-09-12T01:31:45.3505267Z 68a594b4e3298b1d3b2d58d9e97846aa3186721993f43d79356936aaad3899b0  raster-out/al-felony-nonconviction-90-set/canonical/page-007.png
al-felony-nonconviction-90-set	Print the verdict and the page digests to the log	2026-09-12T01:31:45.3506044Z fba565776a6bddc9e13ba86ce28c194bf6ba4482681038a98af0006cdf439d70  raster-out/al-felony-nonconviction-90-set/canonical/page-008.png
al-felony-nonconviction-90-set	Print the verdict and the page digests to the log	2026-09-12T01:31:45.3506817Z 10c55e4dfdd90530fff8db9690252b795f392d4fd9b05f7705d96a55e0e7bf91  raster-out/al-felony-nonconviction-90-set/canonical/page-009.png
al-felony-nonconviction-90-set	Print the verdict and the page digests to the log	2026-09-12T01:31:45.3507581Z 3a656c7e97655b5af51a010e2371e45bdb12c54eb11b32ee04a10c152b09fc3b  raster-out/al-felony-nonconviction-90-set/canonical/page-010.png
al-felony-nonconviction-90-set	Print the verdict and the page digests to the log	2026-09-12T01:31:45.3508344Z 3d8753a2fd235f0a0ce226962e7b6918fe2c75b96c62e43b0c544edec4d2f170  raster-out/al-felony-nonconviction-90-set/canonical/page-011.png
al-felony-nonconviction-90-set	Print the verdict and the page digests to the log	2026-09-12T01:31:45.3509146Z 6c67103a248fd038722d9beeca40d0921319ed598e7092591ec8b2b8e61c5969  raster-out/al-felony-nonconviction-90-set/canonical/page-calibration.png
al-felony-nonconviction-90-set	Print the verdict and the page digests to the log	2026-09-12T01:31:45.3509636Z ===== END PAGE DIGESTS =====
al-felony-nonconviction-90-set	Refuse a modified packet byte	﻿2026-09-12T01:31:45.3527737Z ##[group]Run set -euo pipefail
al-felony-nonconviction-90-set	Refuse a modified packet byte	2026-09-12T01:31:45.3527991Z ^[[36;1mset -euo pipefail^[[0m
al-felony-nonconviction-90-set	Refuse a modified packet byte	2026-09-12T01:31:45.3528278Z ^[[36;1m# The render writes only under raster-out/. If a tracked file moved,^[[0m
al-felony-nonconviction-90-set	Refuse a modified packet byte	2026-09-12T01:31:45.3528605Z ^[[36;1m# something wrote where it must not.^[[0m
al-felony-nonconviction-90-set	Refuse a modified packet byte	2026-09-12T01:31:45.3528880Z ^[[36;1mgit diff --quiet && git diff --cached --quiet \^[[0m
al-felony-nonconviction-90-set	Refuse a modified packet byte	2026-09-12T01:31:45.3529262Z ^[[36;1m  || { echo "REFUSED: the render modified tracked files"; git status --porcelain; exit 1; }^[[0m
al-felony-nonconviction-90-set	Refuse a modified packet byte	2026-09-12T01:31:45.3546509Z shell: /usr/bin/bash -e {0}
al-felony-nonconviction-90-set	Refuse a modified packet byte	2026-09-12T01:31:45.3546729Z env:
al-felony-nonconviction-90-set	Refuse a modified packet byte	2026-09-12T01:31:45.3546955Z   pythonLocation: /opt/hostedtoolcache/Python/3.12.14/x64
al-felony-nonconviction-90-set	Refuse a modified packet byte	2026-09-12T01:31:45.3547301Z   PKG_CONFIG_PATH: /opt/hostedtoolcache/Python/3.12.14/x64/lib/pkgconfig
al-felony-nonconviction-90-set	Refuse a modified packet byte	2026-09-12T01:31:45.3547641Z   Python_ROOT_DIR: /opt/hostedtoolcache/Python/3.12.14/x64
al-felony-nonconviction-90-set	Refuse a modified packet byte	2026-09-12T01:31:45.3547946Z   Python2_ROOT_DIR: /opt/hostedtoolcache/Python/3.12.14/x64
al-felony-nonconviction-90-set	Refuse a modified packet byte	2026-09-12T01:31:45.3548252Z   Python3_ROOT_DIR: /opt/hostedtoolcache/Python/3.12.14/x64
al-felony-nonconviction-90-set	Refuse a modified packet byte	2026-09-12T01:31:45.3548599Z   LD_LIBRARY_PATH: /opt/hostedtoolcache/Python/3.12.14/x64/lib
al-felony-nonconviction-90-set	Refuse a modified packet byte	2026-09-12T01:31:45.3548919Z   PLAYWRIGHT_BROWSERS_PATH: /home/runner/.cache/ms-playwright
al-felony-nonconviction-90-set	Refuse a modified packet byte	2026-09-12T01:31:45.3549185Z ##[endgroup]
al-felony-nonconviction-90-set	Artifact-safe label for this family	﻿2026-09-12T01:31:45.7365062Z ##[group]Run printf 'FAMILY_SLUG=%s\n' "$(printf '%s' "$FAMILY" | tr -c 'A-Za-z0-9._-' '_')" >> "$GITHUB_ENV"
al-felony-nonconviction-90-set	Artifact-safe label for this family	2026-09-12T01:31:45.7365612Z ^[[36;1mprintf 'FAMILY_SLUG=%s\n' "$(printf '%s' "$FAMILY" | tr -c 'A-Za-z0-9._-' '_')" >> "$GITHUB_ENV"^[[0m
al-felony-nonconviction-90-set	Artifact-safe label for this family	2026-09-12T01:31:45.7386274Z shell: /usr/bin/bash -e {0}
al-felony-nonconviction-90-set	Artifact-safe label for this family	2026-09-12T01:31:45.7386511Z env:
al-felony-nonconviction-90-set	Artifact-safe label for this family	2026-09-12T01:31:45.7386743Z   pythonLocation: /opt/hostedtoolcache/Python/3.12.14/x64
al-felony-nonconviction-90-set	Artifact-safe label for this family	2026-09-12T01:31:45.7387102Z   PKG_CONFIG_PATH: /opt/hostedtoolcache/Python/3.12.14/x64/lib/pkgconfig
al-felony-nonconviction-90-set	Artifact-safe label for this family	2026-09-12T01:31:45.7387443Z   Python_ROOT_DIR: /opt/hostedtoolcache/Python/3.12.14/x64
al-felony-nonconviction-90-set	Artifact-safe label for this family	2026-09-12T01:31:45.7387746Z   Python2_ROOT_DIR: /opt/hostedtoolcache/Python/3.12.14/x64
al-felony-nonconviction-90-set	Artifact-safe label for this family	2026-09-12T01:31:45.7388047Z   Python3_ROOT_DIR: /opt/hostedtoolcache/Python/3.12.14/x64
al-felony-nonconviction-90-set	Artifact-safe label for this family	2026-09-12T01:31:45.7388349Z   LD_LIBRARY_PATH: /opt/hostedtoolcache/Python/3.12.14/x64/lib
al-felony-nonconviction-90-set	Artifact-safe label for this family	2026-09-12T01:31:45.7388671Z   PLAYWRIGHT_BROWSERS_PATH: /home/runner/.cache/ms-playwright
al-felony-nonconviction-90-set	Artifact-safe label for this family	2026-09-12T01:31:45.7389081Z   FAMILY: al-felony-nonconviction-90-set
al-felony-nonconviction-90-set	Artifact-safe label for this family	2026-09-12T01:31:45.7389357Z ##[endgroup]
al-felony-nonconviction-90-set	Run actions/upload-artifact@v4	﻿2026-09-12T01:31:45.7488656Z Node 20 is being deprecated. This workflow is running with Node 24 by default. If you need to temporarily use Node 20, you can set the ACTIONS_ALLOW_USE_UNSECURE_NODE_VERSION=true environment variable. For more information see: https://github.blog/changelog/2025-09-19-deprecation-of-node-20-on-github-actions-runners/
al-felony-nonconviction-90-set	Run actions/upload-artifact@v4	2026-09-12T01:31:45.7489609Z ##[group]Run actions/upload-artifact@v4
al-felony-nonconviction-90-set	Run actions/upload-artifact@v4	2026-09-12T01:31:45.7489830Z with:
al-felony-nonconviction-90-set	Run actions/upload-artifact@v4	2026-09-12T01:31:45.7490067Z   name: rcap-raster-al-felony-nonconviction-90-set-34664588051
al-felony-nonconviction-90-set	Run actions/upload-artifact@v4	2026-09-12T01:31:45.7490355Z   path: raster-out/
al-felony-nonconviction-90-set	Run actions/upload-artifact@v4	2026-09-12T01:31:45.7490548Z   if-no-files-found: error
al-felony-nonconviction-90-set	Run actions/upload-artifact@v4	2026-09-12T01:31:45.7490746Z   retention-days: 14
al-felony-nonconviction-90-set	Run actions/upload-artifact@v4	2026-09-12T01:31:45.7490929Z   compression-level: 6
al-felony-nonconviction-90-set	Run actions/upload-artifact@v4	2026-09-12T01:31:45.7491110Z   overwrite: false
al-felony-nonconviction-90-set	Run actions/upload-artifact@v4	2026-09-12T01:31:45.7491290Z   include-hidden-files: false
al-felony-nonconviction-90-set	Run actions/upload-artifact@v4	2026-09-12T01:31:45.7491479Z env:
al-felony-nonconviction-90-set	Run actions/upload-artifact@v4	2026-09-12T01:31:45.7491702Z   pythonLocation: /opt/hostedtoolcache/Python/3.12.14/x64
al-felony-nonconviction-90-set	Run actions/upload-artifact@v4	2026-09-12T01:31:45.7492030Z   PKG_CONFIG_PATH: /opt/hostedtoolcache/Python/3.12.14/x64/lib/pkgconfig
al-felony-nonconviction-90-set	Run actions/upload-artifact@v4	2026-09-12T01:31:45.7492406Z   Python_ROOT_DIR: /opt/hostedtoolcache/Python/3.12.14/x64
al-felony-nonconviction-90-set	Run actions/upload-artifact@v4	2026-09-12T01:31:45.7492709Z   Python2_ROOT_DIR: /opt/hostedtoolcache/Python/3.12.14/x64
al-felony-nonconviction-90-set	Run actions/upload-artifact@v4	2026-09-12T01:31:45.7493008Z   Python3_ROOT_DIR: /opt/hostedtoolcache/Python/3.12.14/x64
al-felony-nonconviction-90-set	Run actions/upload-artifact@v4	2026-09-12T01:31:45.7493557Z   LD_LIBRARY_PATH: /opt/hostedtoolcache/Python/3.12.14/x64/lib
al-felony-nonconviction-90-set	Run actions/upload-artifact@v4	2026-09-12T01:31:45.7493891Z   PLAYWRIGHT_BROWSERS_PATH: /home/runner/.cache/ms-playwright
al-felony-nonconviction-90-set	Run actions/upload-artifact@v4	2026-09-12T01:31:45.7494193Z   FAMILY_SLUG: al-felony-nonconviction-90-set
al-felony-nonconviction-90-set	Run actions/upload-artifact@v4	2026-09-12T01:31:45.7494438Z ##[endgroup]
al-felony-nonconviction-90-set	Run actions/upload-artifact@v4	2026-09-12T01:31:45.8862033Z (node:6385) [DEP0040] DeprecationWarning: The `punycode` module is deprecated. Please use a userland alternative instead.
al-felony-nonconviction-90-set	Run actions/upload-artifact@v4	2026-09-12T01:31:45.8862692Z (Use `node --trace-deprecation ...` to show where the warning was created)
al-felony-nonconviction-90-set	Run actions/upload-artifact@v4	2026-09-12T01:31:45.8974584Z With the provided path, there will be 30 files uploaded
al-felony-nonconviction-90-set	Run actions/upload-artifact@v4	2026-09-12T01:31:45.8975518Z Artifact name is valid!
al-felony-nonconviction-90-set	Run actions/upload-artifact@v4	2026-09-12T01:31:45.8976018Z Root directory input is valid!
al-felony-nonconviction-90-set	Run actions/upload-artifact@v4	2026-09-12T01:31:46.2249683Z Beginning upload of artifact content to blob storage
al-felony-nonconviction-90-set	Run actions/upload-artifact@v4	2026-09-12T01:31:46.4958541Z (node:6385) [DEP0169] DeprecationWarning: `url.parse()` behavior is not standardized and prone to errors that have security implications. Use the WHATWG URL API instead. CVEs are not issued for `url.parse()` vulnerabilities.
al-felony-nonconviction-90-set	Run actions/upload-artifact@v4	2026-09-12T01:31:47.2389016Z Uploaded bytes 8388608
al-felony-nonconviction-90-set	Run actions/upload-artifact@v4	2026-09-12T01:31:47.3719748Z Uploaded bytes 11417436
al-felony-nonconviction-90-set	Run actions/upload-artifact@v4	2026-09-12T01:31:47.4335423Z Finished uploading artifact content to blob storage!
al-felony-nonconviction-90-set	Run actions/upload-artifact@v4	2026-09-12T01:31:47.4336209Z SHA256 digest of uploaded artifact zip is 0e7d3b0cdd15381e345cdfaeffa49663899cad68012fee6b18c7736ab3b2d59c
al-felony-nonconviction-90-set	Run actions/upload-artifact@v4	2026-09-12T01:31:47.4338273Z Finalizing artifact upload
al-felony-nonconviction-90-set	Run actions/upload-artifact@v4	2026-09-12T01:31:47.6735571Z Artifact rcap-raster-al-felony-nonconviction-90-set-34664588051.zip successfully finalized. Artifact ID 10289415029
al-felony-nonconviction-90-set	Run actions/upload-artifact@v4	2026-09-12T01:31:47.6736680Z Artifact rcap-raster-al-felony-nonconviction-90-set-34664588051 has been successfully uploaded! Final size is 11417436 bytes. Artifact ID is 10289415029
al-felony-nonconviction-90-set	Run actions/upload-artifact@v4	2026-09-12T01:31:47.6740431Z Artifact download URL: https://github.com/Roger-LegalEase/legalease-partner-dashboard-clean/actions/runs/34664588051/artifacts/10289415029
al-felony-nonconviction-90-set	Post Run actions/setup-python@v5	﻿2026-09-12T01:31:47.6886694Z Node 20 is being deprecated. This workflow is running with Node 24 by default. If you need to temporarily use Node 20, you can set the ACTIONS_ALLOW_USE_UNSECURE_NODE_VERSION=true environment variable. For more information see: https://github.blog/changelog/2025-09-19-deprecation-of-node-20-on-github-actions-runners/
al-felony-nonconviction-90-set	Post Run actions/setup-python@v5	2026-09-12T01:31:47.6887624Z Post job cleanup.
al-felony-nonconviction-90-set	Post Run actions/setup-python@v5	2026-09-12T01:31:47.7855910Z (node:6399) [DEP0040] DeprecationWarning: The `punycode` module is deprecated. Please use a userland alternative instead.
al-felony-nonconviction-90-set	Post Run actions/setup-python@v5	2026-09-12T01:31:47.7856569Z (Use `node --trace-deprecation ...` to show where the warning was created)
al-felony-nonconviction-90-set	Post Run actions/setup-node@v4	﻿2026-09-12T01:31:47.7976392Z Node 20 is being deprecated. This workflow is running with Node 24 by default. If you need to temporarily use Node 20, you can set the ACTIONS_ALLOW_USE_UNSECURE_NODE_VERSION=true environment variable. For more information see: https://github.blog/changelog/2025-09-19-deprecation-of-node-20-on-github-actions-runners/
al-felony-nonconviction-90-set	Post Run actions/setup-node@v4	2026-09-12T01:31:47.7977994Z Post job cleanup.
al-felony-nonconviction-90-set	Post Run actions/setup-node@v4	2026-09-12T01:31:47.9035870Z (node:6407) [DEP0040] DeprecationWarning: The `punycode` module is deprecated. Please use a userland alternative instead.
al-felony-nonconviction-90-set	Post Run actions/setup-node@v4	2026-09-12T01:31:47.9036905Z (Use `node --trace-deprecation ...` to show where the warning was created)
al-felony-nonconviction-90-set	Post Run actions/checkout@v4	﻿2026-09-12T01:31:47.9141558Z Node 20 is being deprecated. This workflow is running with Node 24 by default. If you need to temporarily use Node 20, you can set the ACTIONS_ALLOW_USE_UNSECURE_NODE_VERSION=true environment variable. For more information see: https://github.blog/changelog/2025-09-19-deprecation-of-node-20-on-github-actions-runners/
al-felony-nonconviction-90-set	Post Run actions/checkout@v4	2026-09-12T01:31:47.9142640Z Post job cleanup.
al-felony-nonconviction-90-set	Post Run actions/checkout@v4	2026-09-12T01:31:47.9899154Z [command]/usr/bin/git version
al-felony-nonconviction-90-set	Post Run actions/checkout@v4	2026-09-12T01:31:47.9928994Z git version 2.55.0
al-felony-nonconviction-90-set	Post Run actions/checkout@v4	2026-09-12T01:31:47.9956374Z Temporarily overriding HOME='/home/runner/work/_temp/9d060cad-fafc-4d6a-a5ca-d08f268e2b9c' before making global git config changes
al-felony-nonconviction-90-set	Post Run actions/checkout@v4	2026-09-12T01:31:47.9957909Z Adding repository directory to the temporary git global config as a safe directory
al-felony-nonconviction-90-set	Post Run actions/checkout@v4	2026-09-12T01:31:47.9961843Z [command]/usr/bin/git config --global --add safe.directory /home/runner/work/legalease-partner-dashboard-clean/legalease-partner-dashboard-clean
al-felony-nonconviction-90-set	Post Run actions/checkout@v4	2026-09-12T01:31:47.9991544Z [command]/usr/bin/git config --local --name-only --get-regexp core\.sshCommand
al-felony-nonconviction-90-set	Post Run actions/checkout@v4	2026-09-12T01:31:48.0021669Z [command]/usr/bin/git submodule foreach --recursive sh -c "git config --local --name-only --get-regexp 'core\.sshCommand' && git config --local --unset-all 'core.sshCommand' || :"
al-felony-nonconviction-90-set	Post Run actions/checkout@v4	2026-09-12T01:31:48.0236465Z [command]/usr/bin/git config --local --name-only --get-regexp http\.https\:\/\/github\.com\/\.extraheader
al-felony-nonconviction-90-set	Post Run actions/checkout@v4	2026-09-12T01:31:48.0253728Z http.https://github.com/.extraheader
al-felony-nonconviction-90-set	Post Run actions/checkout@v4	2026-09-12T01:31:48.0261593Z [command]/usr/bin/git config --local --unset-all http.https://github.com/.extraheader
al-felony-nonconviction-90-set	Post Run actions/checkout@v4	2026-09-12T01:31:48.0286404Z [command]/usr/bin/git submodule foreach --recursive sh -c "git config --local --name-only --get-regexp 'http\.https\:\/\/github\.com\/\.extraheader' && git config --local --unset-all 'http.https://github.com/.extraheader' || :"
al-felony-nonconviction-90-set	Post Run actions/checkout@v4	2026-09-12T01:31:48.0491487Z [command]/usr/bin/git config --local --name-only --get-regexp ^includeIf\.gitdir:
al-felony-nonconviction-90-set	Post Run actions/checkout@v4	2026-09-12T01:31:48.0515348Z [command]/usr/bin/git submodule foreach --recursive git config --local --show-origin --name-only --get-regexp remote.origin.url
al-felony-nonconviction-90-set	Complete job	﻿2026-09-12T01:31:48.0836619Z Cleaning up orphan processes
al-felony-nonconviction-90-set	Complete job	2026-09-12T01:31:48.1041491Z ##[warning]Node.js 20 is deprecated. The following actions target Node.js 20 but are being forced to run on Node.js 24: actions/checkout@v4, actions/setup-node@v4, actions/setup-python@v5, actions/upload-artifact@v4. For more information see: https://github.blog/changelog/2025-09-19-deprecation-of-node-20-on-github-actions-runners/
