al-felony-dwop-set	Set up job	﻿2026-09-12T01:25:42.2154358Z Current runner version: '2.337.0'
al-felony-dwop-set	Set up job	2026-09-12T01:25:42.2193844Z ##[group]Runner Image Provisioner
al-felony-dwop-set	Set up job	2026-09-12T01:25:42.2195159Z Hosted Compute Agent
al-felony-dwop-set	Set up job	2026-09-12T01:25:42.2196272Z Version: 20260828.587
al-felony-dwop-set	Set up job	2026-09-12T01:25:42.2197720Z Commit: abac92662cab4cc7352de4f9f9d2e2419aad9c29
al-felony-dwop-set	Set up job	2026-09-12T01:25:42.2199225Z Build Date: 2026-08-28T16:44:25Z
al-felony-dwop-set	Set up job	2026-09-12T01:25:42.2200542Z Worker ID: {64fe0cc9-5b34-4a4a-8186-43da4c108c0e}
al-felony-dwop-set	Set up job	2026-09-12T01:25:42.2201842Z Azure Region: eastus
al-felony-dwop-set	Set up job	2026-09-12T01:25:42.2202979Z ##[endgroup]
al-felony-dwop-set	Set up job	2026-09-12T01:25:42.2205571Z ##[group]Operating System
al-felony-dwop-set	Set up job	2026-09-12T01:25:42.2207135Z Ubuntu
al-felony-dwop-set	Set up job	2026-09-12T01:25:42.2208133Z 24.04.5
al-felony-dwop-set	Set up job	2026-09-12T01:25:42.2209052Z LTS
al-felony-dwop-set	Set up job	2026-09-12T01:25:42.2210155Z ##[endgroup]
al-felony-dwop-set	Set up job	2026-09-12T01:25:42.2211158Z ##[group]Runner Image
al-felony-dwop-set	Set up job	2026-09-12T01:25:42.2212353Z Image: ubuntu-24.04
al-felony-dwop-set	Set up job	2026-09-12T01:25:42.2213339Z Version: 20260907.300.1
al-felony-dwop-set	Set up job	2026-09-12T01:25:42.2215433Z Included Software: https://github.com/actions/runner-images/blob/ubuntu24/20260907.300/images/ubuntu/Ubuntu2404-Readme.md
al-felony-dwop-set	Set up job	2026-09-12T01:25:42.2218766Z Image Release: https://github.com/actions/runner-images/releases/tag/ubuntu24%2F20260907.300
al-felony-dwop-set	Set up job	2026-09-12T01:25:42.2220707Z ##[endgroup]
al-felony-dwop-set	Set up job	2026-09-12T01:25:42.2222715Z ##[group]GITHUB_TOKEN Permissions
al-felony-dwop-set	Set up job	2026-09-12T01:25:42.2225560Z Contents: read
al-felony-dwop-set	Set up job	2026-09-12T01:25:42.2226828Z Metadata: read
al-felony-dwop-set	Set up job	2026-09-12T01:25:42.2227830Z ##[endgroup]
al-felony-dwop-set	Set up job	2026-09-12T01:25:42.2230881Z Secret source: Actions
al-felony-dwop-set	Set up job	2026-09-12T01:25:42.2232561Z Cache mode: write
al-felony-dwop-set	Set up job	2026-09-12T01:25:42.2233699Z Prepare workflow directory
al-felony-dwop-set	Set up job	2026-09-12T01:25:42.2696714Z Prepare all required actions
al-felony-dwop-set	Set up job	2026-09-12T01:25:42.2746630Z Getting action download info
al-felony-dwop-set	Set up job	2026-09-12T01:25:42.4338095Z Download action repository 'actions/checkout@v4' (SHA:11d5960a326750d5838078e36cf38b85af677262)
al-felony-dwop-set	Set up job	2026-09-12T01:25:42.5778358Z Download action repository 'actions/setup-node@v4' (SHA:49933ea5288caeca8642d1e84afbd3f7d6820020)
al-felony-dwop-set	Set up job	2026-09-12T01:25:42.6693828Z Download action repository 'actions/setup-python@v5' (SHA:a26af69be951a213d495a4c3e4e4022e16d87065)
al-felony-dwop-set	Set up job	2026-09-12T01:25:42.7994765Z Download action repository 'actions/upload-artifact@v4' (SHA:ea165f8d65b6e75b540449e92b4886f43607fa02)
al-felony-dwop-set	Set up job	2026-09-12T01:25:43.0876738Z Complete job name: al-felony-dwop-set
al-felony-dwop-set	Run actions/checkout@v4	﻿2026-09-12T01:25:43.1698269Z Node 20 is being deprecated. This workflow is running with Node 24 by default. If you need to temporarily use Node 20, you can set the ACTIONS_ALLOW_USE_UNSECURE_NODE_VERSION=true environment variable. For more information see: https://github.blog/changelog/2025-09-19-deprecation-of-node-20-on-github-actions-runners/
al-felony-dwop-set	Run actions/checkout@v4	2026-09-12T01:25:43.1708130Z ##[group]Run actions/checkout@v4
al-felony-dwop-set	Run actions/checkout@v4	2026-09-12T01:25:43.1708959Z with:
al-felony-dwop-set	Run actions/checkout@v4	2026-09-12T01:25:43.1709490Z   ref: e38cb2ecae5ada6668fa6c7b9739eac208da6378
al-felony-dwop-set	Run actions/checkout@v4	2026-09-12T01:25:43.1710350Z   repository: Roger-LegalEase/legalease-partner-dashboard-clean
al-felony-dwop-set	Run actions/checkout@v4	2026-09-12T01:25:43.1714511Z   token: ***
al-felony-dwop-set	Run actions/checkout@v4	2026-09-12T01:25:43.1714983Z   ssh-strict: true
al-felony-dwop-set	Run actions/checkout@v4	2026-09-12T01:25:43.1715455Z   ssh-user: git
al-felony-dwop-set	Run actions/checkout@v4	2026-09-12T01:25:43.1715939Z   persist-credentials: true
al-felony-dwop-set	Run actions/checkout@v4	2026-09-12T01:25:43.1716662Z   clean: true
al-felony-dwop-set	Run actions/checkout@v4	2026-09-12T01:25:43.1717192Z   sparse-checkout-cone-mode: true
al-felony-dwop-set	Run actions/checkout@v4	2026-09-12T01:25:43.1717760Z   fetch-depth: 1
al-felony-dwop-set	Run actions/checkout@v4	2026-09-12T01:25:43.1718218Z   fetch-tags: false
al-felony-dwop-set	Run actions/checkout@v4	2026-09-12T01:25:43.1718691Z   show-progress: true
al-felony-dwop-set	Run actions/checkout@v4	2026-09-12T01:25:43.1719242Z   lfs: false
al-felony-dwop-set	Run actions/checkout@v4	2026-09-12T01:25:43.1719815Z   submodules: false
al-felony-dwop-set	Run actions/checkout@v4	2026-09-12T01:25:43.1720425Z   set-safe-directory: true
al-felony-dwop-set	Run actions/checkout@v4	2026-09-12T01:25:43.1720981Z   allow-unsafe-pr-checkout: false
al-felony-dwop-set	Run actions/checkout@v4	2026-09-12T01:25:43.1721886Z ##[endgroup]
al-felony-dwop-set	Run actions/checkout@v4	2026-09-12T01:25:43.2816077Z Syncing repository: Roger-LegalEase/legalease-partner-dashboard-clean
al-felony-dwop-set	Run actions/checkout@v4	2026-09-12T01:25:43.2820151Z ##[group]Getting Git version info
al-felony-dwop-set	Run actions/checkout@v4	2026-09-12T01:25:43.2822194Z Working directory is '/home/runner/work/legalease-partner-dashboard-clean/legalease-partner-dashboard-clean'
al-felony-dwop-set	Run actions/checkout@v4	2026-09-12T01:25:43.2824810Z [command]/usr/bin/git version
al-felony-dwop-set	Run actions/checkout@v4	2026-09-12T01:25:43.2991794Z git version 2.55.0
al-felony-dwop-set	Run actions/checkout@v4	2026-09-12T01:25:43.3051656Z ##[endgroup]
al-felony-dwop-set	Run actions/checkout@v4	2026-09-12T01:25:43.3068778Z Temporarily overriding HOME='/home/runner/work/_temp/12a8ec22-58e7-45b1-8c7e-21901e8e4ea4' before making global git config changes
al-felony-dwop-set	Run actions/checkout@v4	2026-09-12T01:25:43.3072550Z Adding repository directory to the temporary git global config as a safe directory
al-felony-dwop-set	Run actions/checkout@v4	2026-09-12T01:25:43.3078792Z [command]/usr/bin/git config --global --add safe.directory /home/runner/work/legalease-partner-dashboard-clean/legalease-partner-dashboard-clean
al-felony-dwop-set	Run actions/checkout@v4	2026-09-12T01:25:43.3143461Z Deleting the contents of '/home/runner/work/legalease-partner-dashboard-clean/legalease-partner-dashboard-clean'
al-felony-dwop-set	Run actions/checkout@v4	2026-09-12T01:25:43.3151431Z ##[group]Initializing the repository
al-felony-dwop-set	Run actions/checkout@v4	2026-09-12T01:25:43.3157983Z [command]/usr/bin/git init /home/runner/work/legalease-partner-dashboard-clean/legalease-partner-dashboard-clean
al-felony-dwop-set	Run actions/checkout@v4	2026-09-12T01:25:43.3305764Z hint: Using 'master' as the name for the initial branch. This default branch name
al-felony-dwop-set	Run actions/checkout@v4	2026-09-12T01:25:43.3310269Z hint: will change to "main" in Git 3.0. To configure the initial branch name
al-felony-dwop-set	Run actions/checkout@v4	2026-09-12T01:25:43.3314283Z hint: to use in all of your new repositories, which will suppress this warning,
al-felony-dwop-set	Run actions/checkout@v4	2026-09-12T01:25:43.3316269Z hint: call:
al-felony-dwop-set	Run actions/checkout@v4	2026-09-12T01:25:43.3317641Z hint:
al-felony-dwop-set	Run actions/checkout@v4	2026-09-12T01:25:43.3319049Z hint: 	git config --global init.defaultBranch <name>
al-felony-dwop-set	Run actions/checkout@v4	2026-09-12T01:25:43.3320584Z hint:
al-felony-dwop-set	Run actions/checkout@v4	2026-09-12T01:25:43.3321898Z hint: Names commonly chosen instead of 'master' are 'main', 'trunk' and
al-felony-dwop-set	Run actions/checkout@v4	2026-09-12T01:25:43.3324004Z hint: 'development'. The just-created branch can be renamed via this command:
al-felony-dwop-set	Run actions/checkout@v4	2026-09-12T01:25:43.3325668Z hint:
al-felony-dwop-set	Run actions/checkout@v4	2026-09-12T01:25:43.3326923Z hint: 	git branch -m <name>
al-felony-dwop-set	Run actions/checkout@v4	2026-09-12T01:25:43.3328031Z hint:
al-felony-dwop-set	Run actions/checkout@v4	2026-09-12T01:25:43.3329432Z hint: Disable this message with "git config set advice.defaultBranchName false"
al-felony-dwop-set	Run actions/checkout@v4	2026-09-12T01:25:43.3332488Z Initialized empty Git repository in /home/runner/work/legalease-partner-dashboard-clean/legalease-partner-dashboard-clean/.git/
al-felony-dwop-set	Run actions/checkout@v4	2026-09-12T01:25:43.3338040Z [command]/usr/bin/git remote add origin https://github.com/Roger-LegalEase/legalease-partner-dashboard-clean
al-felony-dwop-set	Run actions/checkout@v4	2026-09-12T01:25:43.3403052Z ##[endgroup]
al-felony-dwop-set	Run actions/checkout@v4	2026-09-12T01:25:43.3404781Z ##[group]Disabling automatic garbage collection
al-felony-dwop-set	Run actions/checkout@v4	2026-09-12T01:25:43.3406685Z [command]/usr/bin/git config --local gc.auto 0
al-felony-dwop-set	Run actions/checkout@v4	2026-09-12T01:25:43.3448706Z ##[endgroup]
al-felony-dwop-set	Run actions/checkout@v4	2026-09-12T01:25:43.3450342Z ##[group]Setting up auth
al-felony-dwop-set	Run actions/checkout@v4	2026-09-12T01:25:43.3457273Z [command]/usr/bin/git config --local --name-only --get-regexp core\.sshCommand
al-felony-dwop-set	Run actions/checkout@v4	2026-09-12T01:25:43.3498498Z [command]/usr/bin/git submodule foreach --recursive sh -c "git config --local --name-only --get-regexp 'core\.sshCommand' && git config --local --unset-all 'core.sshCommand' || :"
al-felony-dwop-set	Run actions/checkout@v4	2026-09-12T01:25:43.3924914Z [command]/usr/bin/git config --local --name-only --get-regexp http\.https\:\/\/github\.com\/\.extraheader
al-felony-dwop-set	Run actions/checkout@v4	2026-09-12T01:25:43.3966233Z [command]/usr/bin/git submodule foreach --recursive sh -c "git config --local --name-only --get-regexp 'http\.https\:\/\/github\.com\/\.extraheader' && git config --local --unset-all 'http.https://github.com/.extraheader' || :"
al-felony-dwop-set	Run actions/checkout@v4	2026-09-12T01:25:43.4199908Z [command]/usr/bin/git config --local --name-only --get-regexp ^includeIf\.gitdir:
al-felony-dwop-set	Run actions/checkout@v4	2026-09-12T01:25:43.4236207Z [command]/usr/bin/git submodule foreach --recursive git config --local --show-origin --name-only --get-regexp remote.origin.url
al-felony-dwop-set	Run actions/checkout@v4	2026-09-12T01:25:43.4468503Z [command]/usr/bin/git config --local http.https://github.com/.extraheader AUTHORIZATION: basic ***
al-felony-dwop-set	Run actions/checkout@v4	2026-09-12T01:25:43.4511945Z ##[endgroup]
al-felony-dwop-set	Run actions/checkout@v4	2026-09-12T01:25:43.4513855Z ##[group]Fetching the repository
al-felony-dwop-set	Run actions/checkout@v4	2026-09-12T01:25:43.4524364Z [command]/usr/bin/git -c protocol.version=2 fetch --no-tags --prune --no-recurse-submodules --depth=1 origin e38cb2ecae5ada6668fa6c7b9739eac208da6378
al-felony-dwop-set	Run actions/checkout@v4	2026-09-12T01:26:47.6610257Z From https://github.com/Roger-LegalEase/legalease-partner-dashboard-clean
al-felony-dwop-set	Run actions/checkout@v4	2026-09-12T01:26:47.6612933Z  * branch              e38cb2ecae5ada6668fa6c7b9739eac208da6378 -> FETCH_HEAD
al-felony-dwop-set	Run actions/checkout@v4	2026-09-12T01:26:47.6623706Z ##[endgroup]
al-felony-dwop-set	Run actions/checkout@v4	2026-09-12T01:26:47.6624907Z ##[group]Determining the checkout info
al-felony-dwop-set	Run actions/checkout@v4	2026-09-12T01:26:47.6626195Z ##[endgroup]
al-felony-dwop-set	Run actions/checkout@v4	2026-09-12T01:26:47.6627120Z [command]/usr/bin/git sparse-checkout disable
al-felony-dwop-set	Run actions/checkout@v4	2026-09-12T01:26:47.6686467Z [command]/usr/bin/git config --local --unset-all extensions.worktreeConfig
al-felony-dwop-set	Run actions/checkout@v4	2026-09-12T01:26:47.6719429Z ##[group]Checking out the ref
al-felony-dwop-set	Run actions/checkout@v4	2026-09-12T01:26:47.6733394Z [command]/usr/bin/git checkout --progress --force e38cb2ecae5ada6668fa6c7b9739eac208da6378
al-felony-dwop-set	Run actions/checkout@v4	2026-09-12T01:26:48.7409448Z Updating files:  13% (3177/24090)
al-felony-dwop-set	Run actions/checkout@v4	2026-09-12T01:26:48.8121738Z Updating files:  14% (3373/24090)
al-felony-dwop-set	Run actions/checkout@v4	2026-09-12T01:26:48.8903158Z Updating files:  15% (3614/24090)
al-felony-dwop-set	Run actions/checkout@v4	2026-09-12T01:26:48.9525512Z Updating files:  16% (3855/24090)
al-felony-dwop-set	Run actions/checkout@v4	2026-09-12T01:26:49.0422313Z Updating files:  17% (4096/24090)
al-felony-dwop-set	Run actions/checkout@v4	2026-09-12T01:26:49.1506199Z Updating files:  18% (4337/24090)
al-felony-dwop-set	Run actions/checkout@v4	2026-09-12T01:26:49.3250681Z Updating files:  19% (4578/24090)
al-felony-dwop-set	Run actions/checkout@v4	2026-09-12T01:26:49.4435170Z Updating files:  20% (4818/24090)
al-felony-dwop-set	Run actions/checkout@v4	2026-09-12T01:26:49.6159779Z Updating files:  21% (5059/24090)
al-felony-dwop-set	Run actions/checkout@v4	2026-09-12T01:26:49.6855458Z Updating files:  22% (5300/24090)
al-felony-dwop-set	Run actions/checkout@v4	2026-09-12T01:26:49.7065061Z Updating files:  23% (5541/24090)
al-felony-dwop-set	Run actions/checkout@v4	2026-09-12T01:26:49.7549299Z Updating files:  23% (5649/24090)
al-felony-dwop-set	Run actions/checkout@v4	2026-09-12T01:26:49.8232013Z Updating files:  24% (5782/24090)
al-felony-dwop-set	Run actions/checkout@v4	2026-09-12T01:26:49.9000224Z Updating files:  25% (6023/24090)
al-felony-dwop-set	Run actions/checkout@v4	2026-09-12T01:26:50.0121307Z Updating files:  26% (6264/24090)
al-felony-dwop-set	Run actions/checkout@v4	2026-09-12T01:26:50.1439711Z Updating files:  27% (6505/24090)
al-felony-dwop-set	Run actions/checkout@v4	2026-09-12T01:26:50.3475072Z Updating files:  28% (6746/24090)
al-felony-dwop-set	Run actions/checkout@v4	2026-09-12T01:26:50.4606289Z Updating files:  29% (6987/24090)
al-felony-dwop-set	Run actions/checkout@v4	2026-09-12T01:26:50.5752192Z Updating files:  30% (7227/24090)
al-felony-dwop-set	Run actions/checkout@v4	2026-09-12T01:26:50.6642693Z Updating files:  31% (7468/24090)
al-felony-dwop-set	Run actions/checkout@v4	2026-09-12T01:26:50.7069167Z Updating files:  32% (7709/24090)
al-felony-dwop-set	Run actions/checkout@v4	2026-09-12T01:26:50.7092122Z Updating files:  32% (7942/24090)
al-felony-dwop-set	Run actions/checkout@v4	2026-09-12T01:26:50.8183142Z Updating files:  33% (7950/24090)
al-felony-dwop-set	Run actions/checkout@v4	2026-09-12T01:26:50.8689405Z Updating files:  34% (8191/24090)
al-felony-dwop-set	Run actions/checkout@v4	2026-09-12T01:26:50.9142934Z Updating files:  35% (8432/24090)
al-felony-dwop-set	Run actions/checkout@v4	2026-09-12T01:26:50.9603047Z Updating files:  36% (8673/24090)
al-felony-dwop-set	Run actions/checkout@v4	2026-09-12T01:26:51.0575439Z Updating files:  37% (8914/24090)
al-felony-dwop-set	Run actions/checkout@v4	2026-09-12T01:26:51.0891531Z Updating files:  38% (9155/24090)
al-felony-dwop-set	Run actions/checkout@v4	2026-09-12T01:26:51.1170395Z Updating files:  39% (9396/24090)
al-felony-dwop-set	Run actions/checkout@v4	2026-09-12T01:26:51.1531990Z Updating files:  40% (9636/24090)
al-felony-dwop-set	Run actions/checkout@v4	2026-09-12T01:26:51.1788186Z Updating files:  41% (9877/24090)
al-felony-dwop-set	Run actions/checkout@v4	2026-09-12T01:26:51.1953699Z Updating files:  42% (10118/24090)
al-felony-dwop-set	Run actions/checkout@v4	2026-09-12T01:26:51.2178787Z Updating files:  43% (10359/24090)
al-felony-dwop-set	Run actions/checkout@v4	2026-09-12T01:26:51.2625617Z Updating files:  44% (10600/24090)
al-felony-dwop-set	Run actions/checkout@v4	2026-09-12T01:26:51.2807483Z Updating files:  45% (10841/24090)
al-felony-dwop-set	Run actions/checkout@v4	2026-09-12T01:26:51.4924328Z Updating files:  46% (11082/24090)
al-felony-dwop-set	Run actions/checkout@v4	2026-09-12T01:26:51.6279815Z Updating files:  47% (11323/24090)
al-felony-dwop-set	Run actions/checkout@v4	2026-09-12T01:26:51.6563397Z Updating files:  48% (11564/24090)
al-felony-dwop-set	Run actions/checkout@v4	2026-09-12T01:26:51.6783514Z Updating files:  49% (11805/24090)
al-felony-dwop-set	Run actions/checkout@v4	2026-09-12T01:26:51.6911308Z Updating files:  50% (12045/24090)
al-felony-dwop-set	Run actions/checkout@v4	2026-09-12T01:26:51.7067543Z Updating files:  51% (12286/24090)
al-felony-dwop-set	Run actions/checkout@v4	2026-09-12T01:26:51.7082045Z Updating files:  51% (12507/24090)
al-felony-dwop-set	Run actions/checkout@v4	2026-09-12T01:26:51.7559152Z Updating files:  52% (12527/24090)
al-felony-dwop-set	Run actions/checkout@v4	2026-09-12T01:26:51.8545558Z Updating files:  53% (12768/24090)
al-felony-dwop-set	Run actions/checkout@v4	2026-09-12T01:26:51.8820336Z Updating files:  54% (13009/24090)
al-felony-dwop-set	Run actions/checkout@v4	2026-09-12T01:26:51.9388264Z Updating files:  55% (13250/24090)
al-felony-dwop-set	Run actions/checkout@v4	2026-09-12T01:26:51.9602321Z Updating files:  56% (13491/24090)
al-felony-dwop-set	Run actions/checkout@v4	2026-09-12T01:26:52.0207699Z Updating files:  57% (13732/24090)
al-felony-dwop-set	Run actions/checkout@v4	2026-09-12T01:26:52.0481624Z Updating files:  58% (13973/24090)
al-felony-dwop-set	Run actions/checkout@v4	2026-09-12T01:26:52.1123143Z Updating files:  59% (14214/24090)
al-felony-dwop-set	Run actions/checkout@v4	2026-09-12T01:26:52.2351795Z Updating files:  60% (14454/24090)
al-felony-dwop-set	Run actions/checkout@v4	2026-09-12T01:26:52.2742679Z Updating files:  61% (14695/24090)
al-felony-dwop-set	Run actions/checkout@v4	2026-09-12T01:26:52.3229755Z Updating files:  62% (14936/24090)
al-felony-dwop-set	Run actions/checkout@v4	2026-09-12T01:26:52.4562953Z Updating files:  63% (15177/24090)
al-felony-dwop-set	Run actions/checkout@v4	2026-09-12T01:26:52.7076545Z Updating files:  64% (15418/24090)
al-felony-dwop-set	Run actions/checkout@v4	2026-09-12T01:26:52.7869577Z Updating files:  64% (15599/24090)
al-felony-dwop-set	Run actions/checkout@v4	2026-09-12T01:26:53.1022957Z Updating files:  65% (15659/24090)
al-felony-dwop-set	Run actions/checkout@v4	2026-09-12T01:26:53.2425401Z Updating files:  66% (15900/24090)
al-felony-dwop-set	Run actions/checkout@v4	2026-09-12T01:26:53.3652787Z Updating files:  67% (16141/24090)
al-felony-dwop-set	Run actions/checkout@v4	2026-09-12T01:26:53.4467629Z Updating files:  68% (16382/24090)
al-felony-dwop-set	Run actions/checkout@v4	2026-09-12T01:26:53.5589191Z Updating files:  69% (16623/24090)
al-felony-dwop-set	Run actions/checkout@v4	2026-09-12T01:26:53.6209659Z Updating files:  70% (16863/24090)
al-felony-dwop-set	Run actions/checkout@v4	2026-09-12T01:26:53.6822821Z Updating files:  71% (17104/24090)
al-felony-dwop-set	Run actions/checkout@v4	2026-09-12T01:26:53.7064974Z Updating files:  72% (17345/24090)
al-felony-dwop-set	Run actions/checkout@v4	2026-09-12T01:26:53.8421982Z Updating files:  72% (17365/24090)
al-felony-dwop-set	Run actions/checkout@v4	2026-09-12T01:26:53.9307843Z Updating files:  73% (17586/24090)
al-felony-dwop-set	Run actions/checkout@v4	2026-09-12T01:26:54.0747699Z Updating files:  74% (17827/24090)
al-felony-dwop-set	Run actions/checkout@v4	2026-09-12T01:26:54.1734073Z Updating files:  75% (18068/24090)
al-felony-dwop-set	Run actions/checkout@v4	2026-09-12T01:26:54.1910831Z Updating files:  76% (18309/24090)
al-felony-dwop-set	Run actions/checkout@v4	2026-09-12T01:26:54.2069914Z Updating files:  77% (18550/24090)
al-felony-dwop-set	Run actions/checkout@v4	2026-09-12T01:26:54.2196950Z Updating files:  78% (18791/24090)
al-felony-dwop-set	Run actions/checkout@v4	2026-09-12T01:26:54.3395241Z Updating files:  79% (19032/24090)
al-felony-dwop-set	Run actions/checkout@v4	2026-09-12T01:26:54.4607203Z Updating files:  80% (19272/24090)
al-felony-dwop-set	Run actions/checkout@v4	2026-09-12T01:26:54.6092654Z Updating files:  81% (19513/24090)
al-felony-dwop-set	Run actions/checkout@v4	2026-09-12T01:26:54.6671412Z Updating files:  82% (19754/24090)
al-felony-dwop-set	Run actions/checkout@v4	2026-09-12T01:26:54.6950212Z Updating files:  83% (19995/24090)
al-felony-dwop-set	Run actions/checkout@v4	2026-09-12T01:26:54.7063435Z Updating files:  84% (20236/24090)
al-felony-dwop-set	Run actions/checkout@v4	2026-09-12T01:26:54.7183638Z Updating files:  84% (20343/24090)
al-felony-dwop-set	Run actions/checkout@v4	2026-09-12T01:26:54.7404156Z Updating files:  85% (20477/24090)
al-felony-dwop-set	Run actions/checkout@v4	2026-09-12T01:26:54.7618879Z Updating files:  86% (20718/24090)
al-felony-dwop-set	Run actions/checkout@v4	2026-09-12T01:26:54.7867339Z Updating files:  87% (20959/24090)
al-felony-dwop-set	Run actions/checkout@v4	2026-09-12T01:26:54.8098504Z Updating files:  88% (21200/24090)
al-felony-dwop-set	Run actions/checkout@v4	2026-09-12T01:26:54.9353124Z Updating files:  89% (21441/24090)
al-felony-dwop-set	Run actions/checkout@v4	2026-09-12T01:26:54.9590614Z Updating files:  90% (21681/24090)
al-felony-dwop-set	Run actions/checkout@v4	2026-09-12T01:26:54.9919441Z Updating files:  91% (21922/24090)
al-felony-dwop-set	Run actions/checkout@v4	2026-09-12T01:26:55.0041084Z Updating files:  92% (22163/24090)
al-felony-dwop-set	Run actions/checkout@v4	2026-09-12T01:26:55.0592239Z Updating files:  93% (22404/24090)
al-felony-dwop-set	Run actions/checkout@v4	2026-09-12T01:26:55.2877422Z Updating files:  94% (22645/24090)
al-felony-dwop-set	Run actions/checkout@v4	2026-09-12T01:26:55.3249126Z Updating files:  95% (22886/24090)
al-felony-dwop-set	Run actions/checkout@v4	2026-09-12T01:26:55.3880863Z Updating files:  96% (23127/24090)
al-felony-dwop-set	Run actions/checkout@v4	2026-09-12T01:26:55.4392749Z Updating files:  97% (23368/24090)
al-felony-dwop-set	Run actions/checkout@v4	2026-09-12T01:26:55.5090070Z Updating files:  98% (23609/24090)
al-felony-dwop-set	Run actions/checkout@v4	2026-09-12T01:26:55.5565243Z Updating files:  99% (23850/24090)
al-felony-dwop-set	Run actions/checkout@v4	2026-09-12T01:26:55.5565978Z Updating files: 100% (24090/24090)
al-felony-dwop-set	Run actions/checkout@v4	2026-09-12T01:26:55.5567020Z Updating files: 100% (24090/24090), done.
al-felony-dwop-set	Run actions/checkout@v4	2026-09-12T01:26:55.6875898Z Note: switching to 'e38cb2ecae5ada6668fa6c7b9739eac208da6378'.
al-felony-dwop-set	Run actions/checkout@v4	2026-09-12T01:26:55.6878849Z 
al-felony-dwop-set	Run actions/checkout@v4	2026-09-12T01:26:55.6879595Z You are in 'detached HEAD' state. You can look around, make experimental
al-felony-dwop-set	Run actions/checkout@v4	2026-09-12T01:26:55.6881103Z changes and commit them, and you can discard any commits you make in this
al-felony-dwop-set	Run actions/checkout@v4	2026-09-12T01:26:55.6882370Z state without impacting any branches by switching back to a branch.
al-felony-dwop-set	Run actions/checkout@v4	2026-09-12T01:26:55.6883187Z 
al-felony-dwop-set	Run actions/checkout@v4	2026-09-12T01:26:55.6883743Z If you want to create a new branch to retain commits you create, you may
al-felony-dwop-set	Run actions/checkout@v4	2026-09-12T01:26:55.6885085Z do so (now or later) by using -c with the switch command. Example:
al-felony-dwop-set	Run actions/checkout@v4	2026-09-12T01:26:55.6885863Z 
al-felony-dwop-set	Run actions/checkout@v4	2026-09-12T01:26:55.6886159Z   git switch -c <new-branch-name>
al-felony-dwop-set	Run actions/checkout@v4	2026-09-12T01:26:55.6886870Z 
al-felony-dwop-set	Run actions/checkout@v4	2026-09-12T01:26:55.6887157Z Or undo this operation with:
al-felony-dwop-set	Run actions/checkout@v4	2026-09-12T01:26:55.6887632Z 
al-felony-dwop-set	Run actions/checkout@v4	2026-09-12T01:26:55.6887901Z   git switch -
al-felony-dwop-set	Run actions/checkout@v4	2026-09-12T01:26:55.6888241Z 
al-felony-dwop-set	Run actions/checkout@v4	2026-09-12T01:26:55.6888701Z Turn off this advice by setting config variable advice.detachedHead to false
al-felony-dwop-set	Run actions/checkout@v4	2026-09-12T01:26:55.6889378Z 
al-felony-dwop-set	Run actions/checkout@v4	2026-09-12T01:26:55.6889895Z HEAD is now at e38cb2ec fix(al): reserve clerk captions across six expungement packets
al-felony-dwop-set	Run actions/checkout@v4	2026-09-12T01:26:55.7130846Z ##[endgroup]
al-felony-dwop-set	Run actions/checkout@v4	2026-09-12T01:26:55.7192261Z [command]/usr/bin/git log -1 --format=%H
al-felony-dwop-set	Run actions/checkout@v4	2026-09-12T01:26:55.7223950Z e38cb2ecae5ada6668fa6c7b9739eac208da6378
al-felony-dwop-set	Refuse a movable ref and prove the checkout is the pinned commit	﻿2026-09-12T01:26:55.7503084Z ##[group]Run set -euo pipefail
al-felony-dwop-set	Refuse a movable ref and prove the checkout is the pinned commit	2026-09-12T01:26:55.7503479Z ^[[36;1mset -euo pipefail^[[0m
al-felony-dwop-set	Refuse a movable ref and prove the checkout is the pinned commit	2026-09-12T01:26:55.7503880Z ^[[36;1m# actions/checkout accepts a branch or tag here despite the input^[[0m
al-felony-dwop-set	Refuse a movable ref and prove the checkout is the pinned commit	2026-09-12T01:26:55.7504411Z ^[[36;1m# description. Three jobs resolve this ref independently, so a branch^[[0m
al-felony-dwop-set	Refuse a movable ref and prove the checkout is the pinned commit	2026-09-12T01:26:55.7504923Z ^[[36;1m# that moves mid-run would have them inspect different commits while^[[0m
al-felony-dwop-set	Refuse a movable ref and prove the checkout is the pinned commit	2026-09-12T01:26:55.7505400Z ^[[36;1m# every receipt recorded the literal branch name as the pin. An^[[0m
al-felony-dwop-set	Refuse a movable ref and prove the checkout is the pinned commit	2026-09-12T01:26:55.7506117Z ^[[36;1m# immutable 40-hex commit, verified against the checked-out HEAD, is^[[0m
al-felony-dwop-set	Refuse a movable ref and prove the checkout is the pinned commit	2026-09-12T01:26:55.7506936Z ^[[36;1m# the only input that makes a receipt findable again.^[[0m
al-felony-dwop-set	Refuse a movable ref and prove the checkout is the pinned commit	2026-09-12T01:26:55.7507268Z ^[[36;1mcase "$REF" in^[[0m
al-felony-dwop-set	Refuse a movable ref and prove the checkout is the pinned commit	2026-09-12T01:26:55.7507973Z ^[[36;1m  *[!0-9a-f]* | "") echo "REFUSED: commit_sha must be a full 40-character commit hash, got '$REF'"; exit 1;;^[[0m
al-felony-dwop-set	Refuse a movable ref and prove the checkout is the pinned commit	2026-09-12T01:26:55.7508475Z ^[[36;1mesac^[[0m
al-felony-dwop-set	Refuse a movable ref and prove the checkout is the pinned commit	2026-09-12T01:26:55.7508879Z ^[[36;1m[ "${#REF}" -eq 40 ] || { echo "REFUSED: commit_sha must be 40 hex characters, got ${#REF}"; exit 1; }^[[0m
al-felony-dwop-set	Refuse a movable ref and prove the checkout is the pinned commit	2026-09-12T01:26:55.7509431Z ^[[36;1mHEAD_SHA="$(git rev-parse HEAD)"^[[0m
al-felony-dwop-set	Refuse a movable ref and prove the checkout is the pinned commit	2026-09-12T01:26:55.7509917Z ^[[36;1m[ "$HEAD_SHA" = "$REF" ] || { echo "REFUSED: checked out $HEAD_SHA but the pin says $REF"; exit 1; }^[[0m
al-felony-dwop-set	Refuse a movable ref and prove the checkout is the pinned commit	2026-09-12T01:26:55.7510438Z ^[[36;1mecho "pinned commit confirmed: $HEAD_SHA"^[[0m
al-felony-dwop-set	Refuse a movable ref and prove the checkout is the pinned commit	2026-09-12T01:26:55.7553328Z shell: /usr/bin/bash -e {0}
al-felony-dwop-set	Refuse a movable ref and prove the checkout is the pinned commit	2026-09-12T01:26:55.7553660Z env:
al-felony-dwop-set	Refuse a movable ref and prove the checkout is the pinned commit	2026-09-12T01:26:55.7553971Z   REF: e38cb2ecae5ada6668fa6c7b9739eac208da6378
al-felony-dwop-set	Refuse a movable ref and prove the checkout is the pinned commit	2026-09-12T01:26:55.7554301Z ##[endgroup]
al-felony-dwop-set	Refuse a movable ref and prove the checkout is the pinned commit	2026-09-12T01:26:55.7847486Z pinned commit confirmed: e38cb2ecae5ada6668fa6c7b9739eac208da6378
al-felony-dwop-set	Run actions/setup-node@v4	﻿2026-09-12T01:26:55.7946060Z Node 20 is being deprecated. This workflow is running with Node 24 by default. If you need to temporarily use Node 20, you can set the ACTIONS_ALLOW_USE_UNSECURE_NODE_VERSION=true environment variable. For more information see: https://github.blog/changelog/2025-09-19-deprecation-of-node-20-on-github-actions-runners/
al-felony-dwop-set	Run actions/setup-node@v4	2026-09-12T01:26:55.7947907Z ##[group]Run actions/setup-node@v4
al-felony-dwop-set	Run actions/setup-node@v4	2026-09-12T01:26:55.7948163Z with:
al-felony-dwop-set	Run actions/setup-node@v4	2026-09-12T01:26:55.7948372Z   node-version: 22
al-felony-dwop-set	Run actions/setup-node@v4	2026-09-12T01:26:55.7948576Z   always-auth: false
al-felony-dwop-set	Run actions/setup-node@v4	2026-09-12T01:26:55.7948801Z   check-latest: false
al-felony-dwop-set	Run actions/setup-node@v4	2026-09-12T01:26:55.7951217Z   token: ***
al-felony-dwop-set	Run actions/setup-node@v4	2026-09-12T01:26:55.7951425Z ##[endgroup]
al-felony-dwop-set	Run actions/setup-node@v4	2026-09-12T01:26:55.9468145Z Found in cache @ /opt/hostedtoolcache/node/22.23.2/x64
al-felony-dwop-set	Run actions/setup-node@v4	2026-09-12T01:26:55.9473357Z (node:2283) [DEP0040] DeprecationWarning: The `punycode` module is deprecated. Please use a userland alternative instead.
al-felony-dwop-set	Run actions/setup-node@v4	2026-09-12T01:26:55.9474867Z (Use `node --trace-deprecation ...` to show where the warning was created)
al-felony-dwop-set	Run actions/setup-node@v4	2026-09-12T01:26:55.9476634Z ##[group]Environment details
al-felony-dwop-set	Run actions/setup-node@v4	2026-09-12T01:26:56.4174074Z node: v22.23.2
al-felony-dwop-set	Run actions/setup-node@v4	2026-09-12T01:26:56.4174402Z npm: 10.9.8
al-felony-dwop-set	Run actions/setup-node@v4	2026-09-12T01:26:56.4174606Z yarn: 1.22.22
al-felony-dwop-set	Run actions/setup-node@v4	2026-09-12T01:26:56.4175646Z ##[endgroup]
al-felony-dwop-set	Run npm ci --cache /tmp/npm-cache	﻿2026-09-12T01:26:56.4299738Z ##[group]Run npm ci --cache /tmp/npm-cache
al-felony-dwop-set	Run npm ci --cache /tmp/npm-cache	2026-09-12T01:26:56.4300128Z ^[[36;1mnpm ci --cache /tmp/npm-cache^[[0m
al-felony-dwop-set	Run npm ci --cache /tmp/npm-cache	2026-09-12T01:26:56.4346209Z shell: /usr/bin/bash -e {0}
al-felony-dwop-set	Run npm ci --cache /tmp/npm-cache	2026-09-12T01:26:56.4346667Z ##[endgroup]
al-felony-dwop-set	Run npm ci --cache /tmp/npm-cache	2026-09-12T01:27:18.2668494Z 
al-felony-dwop-set	Run npm ci --cache /tmp/npm-cache	2026-09-12T01:27:18.2676322Z added 492 packages, and audited 493 packages in 22s
al-felony-dwop-set	Run npm ci --cache /tmp/npm-cache	2026-09-12T01:27:18.2676963Z 
al-felony-dwop-set	Run npm ci --cache /tmp/npm-cache	2026-09-12T01:27:18.2677209Z 186 packages are looking for funding
al-felony-dwop-set	Run npm ci --cache /tmp/npm-cache	2026-09-12T01:27:18.2677534Z   run `npm fund` for details
al-felony-dwop-set	Run npm ci --cache /tmp/npm-cache	2026-09-12T01:27:18.4535076Z 
al-felony-dwop-set	Run npm ci --cache /tmp/npm-cache	2026-09-12T01:27:18.4536136Z 39 vulnerabilities (2 low, 29 moderate, 7 high, 1 critical)
al-felony-dwop-set	Run npm ci --cache /tmp/npm-cache	2026-09-12T01:27:18.4537247Z 
al-felony-dwop-set	Run npm ci --cache /tmp/npm-cache	2026-09-12T01:27:18.4537676Z To address issues that do not require attention, run:
al-felony-dwop-set	Run npm ci --cache /tmp/npm-cache	2026-09-12T01:27:18.4538231Z   npm audit fix
al-felony-dwop-set	Run npm ci --cache /tmp/npm-cache	2026-09-12T01:27:18.4538433Z 
al-felony-dwop-set	Run npm ci --cache /tmp/npm-cache	2026-09-12T01:27:18.4538624Z To address all issues, run:
al-felony-dwop-set	Run npm ci --cache /tmp/npm-cache	2026-09-12T01:27:18.4539031Z   npm audit fix --force
al-felony-dwop-set	Run npm ci --cache /tmp/npm-cache	2026-09-12T01:27:18.4539263Z 
al-felony-dwop-set	Run npm ci --cache /tmp/npm-cache	2026-09-12T01:27:18.4539449Z Run `npm audit` for details.
al-felony-dwop-set	Run actions/setup-python@v5	﻿2026-09-12T01:27:18.5359207Z Node 20 is being deprecated. This workflow is running with Node 24 by default. If you need to temporarily use Node 20, you can set the ACTIONS_ALLOW_USE_UNSECURE_NODE_VERSION=true environment variable. For more information see: https://github.blog/changelog/2025-09-19-deprecation-of-node-20-on-github-actions-runners/
al-felony-dwop-set	Run actions/setup-python@v5	2026-09-12T01:27:18.5360575Z ##[group]Run actions/setup-python@v5
al-felony-dwop-set	Run actions/setup-python@v5	2026-09-12T01:27:18.5360843Z with:
al-felony-dwop-set	Run actions/setup-python@v5	2026-09-12T01:27:18.5361036Z   python-version: 3.12
al-felony-dwop-set	Run actions/setup-python@v5	2026-09-12T01:27:18.5361264Z   check-latest: false
al-felony-dwop-set	Run actions/setup-python@v5	2026-09-12T01:27:18.5363769Z   token: ***
al-felony-dwop-set	Run actions/setup-python@v5	2026-09-12T01:27:18.5364212Z   update-environment: true
al-felony-dwop-set	Run actions/setup-python@v5	2026-09-12T01:27:18.5364456Z   allow-prereleases: false
al-felony-dwop-set	Run actions/setup-python@v5	2026-09-12T01:27:18.5364687Z   freethreaded: false
al-felony-dwop-set	Run actions/setup-python@v5	2026-09-12T01:27:18.5364902Z ##[endgroup]
al-felony-dwop-set	Run actions/setup-python@v5	2026-09-12T01:27:18.6778887Z ##[group]Installed versions
al-felony-dwop-set	Run actions/setup-python@v5	2026-09-12T01:27:18.7141850Z (node:2354) [DEP0040] DeprecationWarning: The `punycode` module is deprecated. Please use a userland alternative instead.
al-felony-dwop-set	Run actions/setup-python@v5	2026-09-12T01:27:18.7143496Z (Use `node --trace-deprecation ...` to show where the warning was created)
al-felony-dwop-set	Run actions/setup-python@v5	2026-09-12T01:27:18.7144499Z Successfully set up CPython (3.12.14)
al-felony-dwop-set	Run actions/setup-python@v5	2026-09-12T01:27:18.7145328Z ##[endgroup]
al-felony-dwop-set	Install the pinned encrypted-PDF reader	﻿2026-09-12T01:27:18.7361793Z ##[group]Run python -m pip install --disable-pip-version-check pikepdf==10.12.0
al-felony-dwop-set	Install the pinned encrypted-PDF reader	2026-09-12T01:27:18.7362761Z ^[[36;1mpython -m pip install --disable-pip-version-check pikepdf==10.12.0^[[0m
al-felony-dwop-set	Install the pinned encrypted-PDF reader	2026-09-12T01:27:18.7470590Z shell: /usr/bin/bash -e {0}
al-felony-dwop-set	Install the pinned encrypted-PDF reader	2026-09-12T01:27:18.7471029Z env:
al-felony-dwop-set	Install the pinned encrypted-PDF reader	2026-09-12T01:27:18.7471603Z   pythonLocation: /opt/hostedtoolcache/Python/3.12.14/x64
al-felony-dwop-set	Install the pinned encrypted-PDF reader	2026-09-12T01:27:18.7472663Z   PKG_CONFIG_PATH: /opt/hostedtoolcache/Python/3.12.14/x64/lib/pkgconfig
al-felony-dwop-set	Install the pinned encrypted-PDF reader	2026-09-12T01:27:18.7473595Z   Python_ROOT_DIR: /opt/hostedtoolcache/Python/3.12.14/x64
al-felony-dwop-set	Install the pinned encrypted-PDF reader	2026-09-12T01:27:18.7474092Z   Python2_ROOT_DIR: /opt/hostedtoolcache/Python/3.12.14/x64
al-felony-dwop-set	Install the pinned encrypted-PDF reader	2026-09-12T01:27:18.7474758Z   Python3_ROOT_DIR: /opt/hostedtoolcache/Python/3.12.14/x64
al-felony-dwop-set	Install the pinned encrypted-PDF reader	2026-09-12T01:27:18.7475358Z   LD_LIBRARY_PATH: /opt/hostedtoolcache/Python/3.12.14/x64/lib
al-felony-dwop-set	Install the pinned encrypted-PDF reader	2026-09-12T01:27:18.7475782Z ##[endgroup]
al-felony-dwop-set	Install the pinned encrypted-PDF reader	2026-09-12T01:27:21.8089121Z Collecting pikepdf==10.12.0
al-felony-dwop-set	Install the pinned encrypted-PDF reader	2026-09-12T01:27:21.8641627Z   Downloading pikepdf-10.12.0-cp312-cp312-manylinux_2_27_x86_64.manylinux_2_28_x86_64.whl.metadata (11 kB)
al-felony-dwop-set	Install the pinned encrypted-PDF reader	2026-09-12T01:27:22.0247164Z Collecting Pillow>=10.0.1 (from pikepdf==10.12.0)
al-felony-dwop-set	Install the pinned encrypted-PDF reader	2026-09-12T01:27:22.0290880Z   Downloading pillow-12.3.0-cp312-cp312-manylinux_2_27_x86_64.manylinux_2_28_x86_64.whl.metadata (9.1 kB)
al-felony-dwop-set	Install the pinned encrypted-PDF reader	2026-09-12T01:27:22.2583629Z Collecting lxml>=4.8 (from pikepdf==10.12.0)
al-felony-dwop-set	Install the pinned encrypted-PDF reader	2026-09-12T01:27:22.2630042Z   Downloading lxml-6.1.3-cp312-cp312-manylinux_2_26_x86_64.manylinux_2_28_x86_64.whl.metadata (3.3 kB)
al-felony-dwop-set	Install the pinned encrypted-PDF reader	2026-09-12T01:27:22.2803440Z Collecting packaging (from pikepdf==10.12.0)
al-felony-dwop-set	Install the pinned encrypted-PDF reader	2026-09-12T01:27:22.2839192Z   Downloading packaging-26.3-py3-none-any.whl.metadata (3.5 kB)
al-felony-dwop-set	Install the pinned encrypted-PDF reader	2026-09-12T01:27:22.3011225Z Downloading pikepdf-10.12.0-cp312-cp312-manylinux_2_27_x86_64.manylinux_2_28_x86_64.whl (2.3 MB)
al-felony-dwop-set	Install the pinned encrypted-PDF reader	2026-09-12T01:27:22.3352455Z    ━━━━━━━━━━━━━━━━━━━━━━━━━━━━━━━━━━━━━━━━ 2.3/2.3 MB 106.5 MB/s  0:00:00
al-felony-dwop-set	Install the pinned encrypted-PDF reader	2026-09-12T01:27:22.3393168Z Downloading lxml-6.1.3-cp312-cp312-manylinux_2_26_x86_64.manylinux_2_28_x86_64.whl (5.2 MB)
al-felony-dwop-set	Install the pinned encrypted-PDF reader	2026-09-12T01:27:22.3601085Z    ━━━━━━━━━━━━━━━━━━━━━━━━━━━━━━━━━━━━━━━━ 5.2/5.2 MB 273.3 MB/s  0:00:00
al-felony-dwop-set	Install the pinned encrypted-PDF reader	2026-09-12T01:27:22.3658532Z Downloading pillow-12.3.0-cp312-cp312-manylinux_2_27_x86_64.manylinux_2_28_x86_64.whl (6.9 MB)
al-felony-dwop-set	Install the pinned encrypted-PDF reader	2026-09-12T01:27:22.3968217Z    ━━━━━━━━━━━━━━━━━━━━━━━━━━━━━━━━━━━━━━━━ 6.9/6.9 MB 236.7 MB/s  0:00:00
al-felony-dwop-set	Install the pinned encrypted-PDF reader	2026-09-12T01:27:22.4008301Z Downloading packaging-26.3-py3-none-any.whl (129 kB)
al-felony-dwop-set	Install the pinned encrypted-PDF reader	2026-09-12T01:27:22.5703384Z Installing collected packages: Pillow, packaging, lxml, pikepdf
al-felony-dwop-set	Install the pinned encrypted-PDF reader	2026-09-12T01:27:23.2274166Z 
al-felony-dwop-set	Install the pinned encrypted-PDF reader	2026-09-12T01:27:23.2286793Z Successfully installed Pillow-12.3.0 lxml-6.1.3 packaging-26.3 pikepdf-10.12.0
al-felony-dwop-set	Provision the browser	﻿2026-09-12T01:27:23.2983146Z ##[group]Run set -euo pipefail
al-felony-dwop-set	Provision the browser	2026-09-12T01:27:23.2983497Z ^[[36;1mset -euo pipefail^[[0m
al-felony-dwop-set	Provision the browser	2026-09-12T01:27:23.2983864Z ^[[36;1mexport PLAYWRIGHT_BROWSERS_PATH="$HOME/.cache/ms-playwright"^[[0m
al-felony-dwop-set	Provision the browser	2026-09-12T01:27:23.2984353Z ^[[36;1mnpx --yes playwright install --with-deps chromium^[[0m
al-felony-dwop-set	Provision the browser	2026-09-12T01:27:23.2984855Z ^[[36;1mecho "PLAYWRIGHT_BROWSERS_PATH=$PLAYWRIGHT_BROWSERS_PATH" >> "$GITHUB_ENV"^[[0m
al-felony-dwop-set	Provision the browser	2026-09-12T01:27:23.3022131Z shell: /usr/bin/bash -e {0}
al-felony-dwop-set	Provision the browser	2026-09-12T01:27:23.3022390Z env:
al-felony-dwop-set	Provision the browser	2026-09-12T01:27:23.3022660Z   pythonLocation: /opt/hostedtoolcache/Python/3.12.14/x64
al-felony-dwop-set	Provision the browser	2026-09-12T01:27:23.3023137Z   PKG_CONFIG_PATH: /opt/hostedtoolcache/Python/3.12.14/x64/lib/pkgconfig
al-felony-dwop-set	Provision the browser	2026-09-12T01:27:23.3023590Z   Python_ROOT_DIR: /opt/hostedtoolcache/Python/3.12.14/x64
al-felony-dwop-set	Provision the browser	2026-09-12T01:27:23.3024177Z   Python2_ROOT_DIR: /opt/hostedtoolcache/Python/3.12.14/x64
al-felony-dwop-set	Provision the browser	2026-09-12T01:27:23.3024580Z   Python3_ROOT_DIR: /opt/hostedtoolcache/Python/3.12.14/x64
al-felony-dwop-set	Provision the browser	2026-09-12T01:27:23.3024988Z   LD_LIBRARY_PATH: /opt/hostedtoolcache/Python/3.12.14/x64/lib
al-felony-dwop-set	Provision the browser	2026-09-12T01:27:23.3025366Z ##[endgroup]
al-felony-dwop-set	Provision the browser	2026-09-12T01:27:24.1215604Z Installing dependencies...
al-felony-dwop-set	Provision the browser	2026-09-12T01:27:24.1284326Z Switching to root user to install dependencies...
al-felony-dwop-set	Provision the browser	2026-09-12T01:27:24.2682936Z Get:1 file:/etc/apt/apt-mirrors.txt Mirrorlist [144 B]
al-felony-dwop-set	Provision the browser	2026-09-12T01:27:24.3181244Z Hit:2 http://azure.archive.ubuntu.com/ubuntu noble InRelease
al-felony-dwop-set	Provision the browser	2026-09-12T01:27:24.3187940Z Get:6 https://packages.microsoft.com/ubuntu/24.04/prod noble InRelease [3600 B]
al-felony-dwop-set	Provision the browser	2026-09-12T01:27:24.3221705Z Get:3 http://azure.archive.ubuntu.com/ubuntu noble-updates InRelease [126 kB]
al-felony-dwop-set	Provision the browser	2026-09-12T01:27:24.3285559Z Get:4 http://azure.archive.ubuntu.com/ubuntu noble-backports InRelease [126 kB]
al-felony-dwop-set	Provision the browser	2026-09-12T01:27:24.3336129Z Get:7 https://dl.google.com/linux/chrome-stable/deb stable InRelease [2548 B]
al-felony-dwop-set	Provision the browser	2026-09-12T01:27:24.3386925Z Get:5 http://azure.archive.ubuntu.com/ubuntu noble-security InRelease [126 kB]
al-felony-dwop-set	Provision the browser	2026-09-12T01:27:24.4918641Z Get:8 https://packages.microsoft.com/ubuntu/24.04/prod noble/main arm64 Packages [414 kB]
al-felony-dwop-set	Provision the browser	2026-09-12T01:27:24.5050248Z Get:9 https://packages.microsoft.com/ubuntu/24.04/prod noble/main amd64 Packages [463 kB]
al-felony-dwop-set	Provision the browser	2026-09-12T01:27:24.5479999Z Get:10 http://azure.archive.ubuntu.com/ubuntu noble-updates/main amd64 Packages [1263 kB]
al-felony-dwop-set	Provision the browser	2026-09-12T01:27:24.5549838Z Get:11 http://azure.archive.ubuntu.com/ubuntu noble-updates/main Translation-en [292 kB]
al-felony-dwop-set	Provision the browser	2026-09-12T01:27:24.5557520Z Get:12 http://azure.archive.ubuntu.com/ubuntu noble-updates/main amd64 Components [180 kB]
al-felony-dwop-set	Provision the browser	2026-09-12T01:27:24.5588010Z Get:13 http://azure.archive.ubuntu.com/ubuntu noble-updates/universe amd64 Packages [1690 kB]
al-felony-dwop-set	Provision the browser	2026-09-12T01:27:24.5688926Z Get:14 http://azure.archive.ubuntu.com/ubuntu noble-updates/universe amd64 Components [387 kB]
al-felony-dwop-set	Provision the browser	2026-09-12T01:27:24.5728634Z Get:15 http://azure.archive.ubuntu.com/ubuntu noble-updates/restricted amd64 Packages [1544 kB]
al-felony-dwop-set	Provision the browser	2026-09-12T01:27:24.5805378Z Get:16 http://azure.archive.ubuntu.com/ubuntu noble-updates/restricted Translation-en [354 kB]
al-felony-dwop-set	Provision the browser	2026-09-12T01:27:24.5831482Z Get:17 http://azure.archive.ubuntu.com/ubuntu noble-updates/multiverse amd64 Components [940 B]
al-felony-dwop-set	Provision the browser	2026-09-12T01:27:24.6064096Z Get:18 http://azure.archive.ubuntu.com/ubuntu noble-backports/main amd64 Components [5748 B]
al-felony-dwop-set	Provision the browser	2026-09-12T01:27:24.6077821Z Get:19 http://azure.archive.ubuntu.com/ubuntu noble-backports/universe amd64 Components [12.6 kB]
al-felony-dwop-set	Provision the browser	2026-09-12T01:27:24.6755340Z Get:20 https://dl.google.com/linux/chrome-stable/deb stable/main amd64 Packages [1413 B]
al-felony-dwop-set	Provision the browser	2026-09-12T01:27:24.7539309Z Get:21 http://azure.archive.ubuntu.com/ubuntu noble-security/main amd64 Packages [1006 kB]
al-felony-dwop-set	Provision the browser	2026-09-12T01:27:24.7596969Z Get:22 http://azure.archive.ubuntu.com/ubuntu noble-security/main Translation-en [213 kB]
al-felony-dwop-set	Provision the browser	2026-09-12T01:27:24.7615162Z Get:23 http://azure.archive.ubuntu.com/ubuntu noble-security/main amd64 Components [46.5 kB]
al-felony-dwop-set	Provision the browser	2026-09-12T01:27:24.7637698Z Get:24 http://azure.archive.ubuntu.com/ubuntu noble-security/universe amd64 Packages [1206 kB]
al-felony-dwop-set	Provision the browser	2026-09-12T01:27:24.7689796Z Get:25 http://azure.archive.ubuntu.com/ubuntu noble-security/universe amd64 Components [76.3 kB]
al-felony-dwop-set	Provision the browser	2026-09-12T01:27:24.7704346Z Get:26 http://azure.archive.ubuntu.com/ubuntu noble-security/restricted amd64 Packages [1445 kB]
al-felony-dwop-set	Provision the browser	2026-09-12T01:27:24.7774369Z Get:27 http://azure.archive.ubuntu.com/ubuntu noble-security/restricted Translation-en [336 kB]
al-felony-dwop-set	Provision the browser	2026-09-12T01:27:31.5695285Z Fetched 11.3 MB in 1s (8496 kB/s)
al-felony-dwop-set	Provision the browser	2026-09-12T01:27:32.4564014Z Reading package lists...
al-felony-dwop-set	Provision the browser	2026-09-12T01:27:32.4813372Z Reading package lists...
al-felony-dwop-set	Provision the browser	2026-09-12T01:27:32.6993154Z Building dependency tree...
al-felony-dwop-set	Provision the browser	2026-09-12T01:27:32.7001198Z Reading state information...
al-felony-dwop-set	Provision the browser	2026-09-12T01:27:32.8810511Z libasound2t64 is already the newest version (1.2.11-1ubuntu0.3).
al-felony-dwop-set	Provision the browser	2026-09-12T01:27:32.8811387Z libasound2t64 set to manually installed.
al-felony-dwop-set	Provision the browser	2026-09-12T01:27:32.8812168Z libatk-bridge2.0-0t64 is already the newest version (2.52.0-1build1).
al-felony-dwop-set	Provision the browser	2026-09-12T01:27:32.8813575Z libatk-bridge2.0-0t64 set to manually installed.
al-felony-dwop-set	Provision the browser	2026-09-12T01:27:32.8814341Z libatk1.0-0t64 is already the newest version (2.52.0-1build1).
al-felony-dwop-set	Provision the browser	2026-09-12T01:27:32.8815389Z libatk1.0-0t64 set to manually installed.
al-felony-dwop-set	Provision the browser	2026-09-12T01:27:32.8816996Z libatspi2.0-0t64 is already the newest version (2.52.0-1build1).
al-felony-dwop-set	Provision the browser	2026-09-12T01:27:32.8818144Z libatspi2.0-0t64 set to manually installed.
al-felony-dwop-set	Provision the browser	2026-09-12T01:27:32.8819152Z libcairo2 is already the newest version (1.18.0-3build1).
al-felony-dwop-set	Provision the browser	2026-09-12T01:27:32.8820275Z libcairo2 set to manually installed.
al-felony-dwop-set	Provision the browser	2026-09-12T01:27:32.8821589Z libcups2t64 is already the newest version (2.4.7-1.2ubuntu7.14).
al-felony-dwop-set	Provision the browser	2026-09-12T01:27:32.8822832Z libcups2t64 set to manually installed.
al-felony-dwop-set	Provision the browser	2026-09-12T01:27:32.8824102Z libdbus-1-3 is already the newest version (1.14.10-4ubuntu4.1).
al-felony-dwop-set	Provision the browser	2026-09-12T01:27:32.8825249Z libdbus-1-3 set to manually installed.
al-felony-dwop-set	Provision the browser	2026-09-12T01:27:32.8826812Z libdrm2 is already the newest version (2.4.125-1ubuntu0.1~24.04.2).
al-felony-dwop-set	Provision the browser	2026-09-12T01:27:32.8827966Z libdrm2 set to manually installed.
al-felony-dwop-set	Provision the browser	2026-09-12T01:27:32.8828705Z libgbm1 is already the newest version (25.2.8-0ubuntu0.24.04.2).
al-felony-dwop-set	Provision the browser	2026-09-12T01:27:32.8829429Z libgbm1 set to manually installed.
al-felony-dwop-set	Provision the browser	2026-09-12T01:27:32.8830229Z libglib2.0-0t64 is already the newest version (2.80.0-6ubuntu3.8).
al-felony-dwop-set	Provision the browser	2026-09-12T01:27:32.8831002Z libglib2.0-0t64 set to manually installed.
al-felony-dwop-set	Provision the browser	2026-09-12T01:27:32.8831737Z libnspr4 is already the newest version (2:4.35-1.1build1).
al-felony-dwop-set	Provision the browser	2026-09-12T01:27:32.8832437Z libnspr4 set to manually installed.
al-felony-dwop-set	Provision the browser	2026-09-12T01:27:32.8833139Z libnss3 is already the newest version (2:3.98-1ubuntu0.2).
al-felony-dwop-set	Provision the browser	2026-09-12T01:27:32.8833826Z libnss3 set to manually installed.
al-felony-dwop-set	Provision the browser	2026-09-12T01:27:32.8834583Z libpango-1.0-0 is already the newest version (1.52.1+ds-1build1).
al-felony-dwop-set	Provision the browser	2026-09-12T01:27:32.8835378Z libpango-1.0-0 set to manually installed.
al-felony-dwop-set	Provision the browser	2026-09-12T01:27:32.8836105Z libx11-6 is already the newest version (2:1.8.7-1build1).
al-felony-dwop-set	Provision the browser	2026-09-12T01:27:32.8836997Z libx11-6 set to manually installed.
al-felony-dwop-set	Provision the browser	2026-09-12T01:27:32.8837713Z libxcb1 is already the newest version (1.15-1ubuntu2).
al-felony-dwop-set	Provision the browser	2026-09-12T01:27:32.8838420Z libxcb1 set to manually installed.
al-felony-dwop-set	Provision the browser	2026-09-12T01:27:32.8839220Z libxcomposite1 is already the newest version (1:0.4.5-1build3).
al-felony-dwop-set	Provision the browser	2026-09-12T01:27:32.8840052Z libxcomposite1 set to manually installed.
al-felony-dwop-set	Provision the browser	2026-09-12T01:27:32.8840707Z libxdamage1 is already the newest version (1:1.1.6-1build1).
al-felony-dwop-set	Provision the browser	2026-09-12T01:27:32.8841123Z libxdamage1 set to manually installed.
al-felony-dwop-set	Provision the browser	2026-09-12T01:27:32.8841524Z libxext6 is already the newest version (2:1.3.4-1build2).
al-felony-dwop-set	Provision the browser	2026-09-12T01:27:32.8841893Z libxext6 set to manually installed.
al-felony-dwop-set	Provision the browser	2026-09-12T01:27:32.8842281Z libxfixes3 is already the newest version (1:6.0.0-2build1).
al-felony-dwop-set	Provision the browser	2026-09-12T01:27:32.8842660Z libxfixes3 set to manually installed.
al-felony-dwop-set	Provision the browser	2026-09-12T01:27:32.8843061Z libxkbcommon0 is already the newest version (1.6.0-1build1).
al-felony-dwop-set	Provision the browser	2026-09-12T01:27:32.8843460Z libxkbcommon0 set to manually installed.
al-felony-dwop-set	Provision the browser	2026-09-12T01:27:32.8843864Z libxrandr2 is already the newest version (2:1.5.2-2build1).
al-felony-dwop-set	Provision the browser	2026-09-12T01:27:32.8844254Z libxrandr2 set to manually installed.
al-felony-dwop-set	Provision the browser	2026-09-12T01:27:32.8844640Z xvfb is already the newest version (2:21.1.12-1ubuntu1.6).
al-felony-dwop-set	Provision the browser	2026-09-12T01:27:32.8845178Z fonts-noto-color-emoji is already the newest version (2.047-0ubuntu0.24.04.1).
al-felony-dwop-set	Provision the browser	2026-09-12T01:27:32.8846050Z libfontconfig1 is already the newest version (2.15.0-1.1ubuntu2).
al-felony-dwop-set	Provision the browser	2026-09-12T01:27:32.8846727Z libfontconfig1 set to manually installed.
al-felony-dwop-set	Provision the browser	2026-09-12T01:27:32.8847183Z libfreetype6 is already the newest version (2.13.2+dfsg-1ubuntu0.1).
al-felony-dwop-set	Provision the browser	2026-09-12T01:27:32.8847607Z libfreetype6 set to manually installed.
al-felony-dwop-set	Provision the browser	2026-09-12T01:27:32.8848018Z fonts-liberation is already the newest version (1:2.1.5-3).
al-felony-dwop-set	Provision the browser	2026-09-12T01:27:32.8848432Z fonts-liberation set to manually installed.
al-felony-dwop-set	Provision the browser	2026-09-12T01:27:32.8848829Z The following additional packages will be installed:
al-felony-dwop-set	Provision the browser	2026-09-12T01:27:32.8849182Z   xfonts-encodings xfonts-utils
al-felony-dwop-set	Provision the browser	2026-09-12T01:27:32.8849460Z Recommended packages:
al-felony-dwop-set	Provision the browser	2026-09-12T01:27:32.8849726Z   fonts-ipafont-mincho fonts-tlwg-loma
al-felony-dwop-set	Provision the browser	2026-09-12T01:27:32.9317500Z The following NEW packages will be installed:
al-felony-dwop-set	Provision the browser	2026-09-12T01:27:32.9318743Z   fonts-freefont-ttf fonts-ipafont-gothic fonts-tlwg-loma-otf fonts-unifont
al-felony-dwop-set	Provision the browser	2026-09-12T01:27:32.9329076Z   fonts-wqy-zenhei xfonts-cyrillic xfonts-encodings xfonts-scalable
al-felony-dwop-set	Provision the browser	2026-09-12T01:27:32.9330000Z   xfonts-utils
al-felony-dwop-set	Provision the browser	2026-09-12T01:27:32.9521171Z 0 upgraded, 9 newly installed, 0 to remove and 50 not upgraded.
al-felony-dwop-set	Provision the browser	2026-09-12T01:27:32.9521831Z Need to get 21.1 MB of archives.
al-felony-dwop-set	Provision the browser	2026-09-12T01:27:32.9522370Z After this operation, 79.5 MB of additional disk space will be used.
al-felony-dwop-set	Provision the browser	2026-09-12T01:27:32.9522988Z Get:1 file:/etc/apt/apt-mirrors.txt Mirrorlist [144 B]
al-felony-dwop-set	Provision the browser	2026-09-12T01:27:32.9797498Z Get:2 http://azure.archive.ubuntu.com/ubuntu noble/universe amd64 fonts-ipafont-gothic all 00303-21ubuntu1 [3513 kB]
al-felony-dwop-set	Provision the browser	2026-09-12T01:27:33.0086111Z Get:3 http://azure.archive.ubuntu.com/ubuntu noble/main amd64 fonts-freefont-ttf all 20211204+svn4273-2 [5641 kB]
al-felony-dwop-set	Provision the browser	2026-09-12T01:27:33.0601536Z Get:4 http://azure.archive.ubuntu.com/ubuntu noble/universe amd64 fonts-tlwg-loma-otf all 1:0.7.3-1 [107 kB]
al-felony-dwop-set	Provision the browser	2026-09-12T01:27:33.0677533Z Get:5 http://azure.archive.ubuntu.com/ubuntu noble/universe amd64 fonts-unifont all 1:15.1.01-1build1 [2993 kB]
al-felony-dwop-set	Provision the browser	2026-09-12T01:27:33.0996802Z Get:6 http://azure.archive.ubuntu.com/ubuntu noble/universe amd64 fonts-wqy-zenhei all 0.9.45-8 [7472 kB]
al-felony-dwop-set	Provision the browser	2026-09-12T01:27:33.1691765Z Get:7 http://azure.archive.ubuntu.com/ubuntu noble/main amd64 xfonts-encodings all 1:1.0.5-0ubuntu2 [578 kB]
al-felony-dwop-set	Provision the browser	2026-09-12T01:27:33.1806266Z Get:8 http://azure.archive.ubuntu.com/ubuntu noble/main amd64 xfonts-utils amd64 1:7.7+6build3 [94.4 kB]
al-felony-dwop-set	Provision the browser	2026-09-12T01:27:33.1880930Z Get:9 http://azure.archive.ubuntu.com/ubuntu noble/universe amd64 xfonts-cyrillic all 1:1.0.5+nmu1 [384 kB]
al-felony-dwop-set	Provision the browser	2026-09-12T01:27:33.1987280Z Get:10 http://azure.archive.ubuntu.com/ubuntu noble/main amd64 xfonts-scalable all 1:1.0.3-1.3 [304 kB]
al-felony-dwop-set	Provision the browser	2026-09-12T01:27:33.4884721Z Fetched 21.1 MB in 0s (81.2 MB/s)
al-felony-dwop-set	Provision the browser	2026-09-12T01:27:33.5428904Z Selecting previously unselected package fonts-ipafont-gothic.
al-felony-dwop-set	Provision the browser	2026-09-12T01:27:33.5938648Z (Reading database ... 
al-felony-dwop-set	Provision the browser	2026-09-12T01:27:33.5939373Z (Reading database ... 5%
al-felony-dwop-set	Provision the browser	2026-09-12T01:27:33.5940062Z (Reading database ... 10%
al-felony-dwop-set	Provision the browser	2026-09-12T01:27:33.5940683Z (Reading database ... 15%
al-felony-dwop-set	Provision the browser	2026-09-12T01:27:33.5941043Z (Reading database ... 20%
al-felony-dwop-set	Provision the browser	2026-09-12T01:27:33.5941457Z (Reading database ... 25%
al-felony-dwop-set	Provision the browser	2026-09-12T01:27:33.5941816Z (Reading database ... 30%
al-felony-dwop-set	Provision the browser	2026-09-12T01:27:33.5942161Z (Reading database ... 35%
al-felony-dwop-set	Provision the browser	2026-09-12T01:27:33.5942505Z (Reading database ... 40%
al-felony-dwop-set	Provision the browser	2026-09-12T01:27:33.5942851Z (Reading database ... 45%
al-felony-dwop-set	Provision the browser	2026-09-12T01:27:33.5943193Z (Reading database ... 50%
al-felony-dwop-set	Provision the browser	2026-09-12T01:27:33.6434093Z (Reading database ... 55%
al-felony-dwop-set	Provision the browser	2026-09-12T01:27:34.0193087Z (Reading database ... 60%
al-felony-dwop-set	Provision the browser	2026-09-12T01:27:34.2720657Z (Reading database ... 65%
al-felony-dwop-set	Provision the browser	2026-09-12T01:27:34.5167663Z (Reading database ... 70%
al-felony-dwop-set	Provision the browser	2026-09-12T01:27:34.7808208Z (Reading database ... 75%
al-felony-dwop-set	Provision the browser	2026-09-12T01:27:35.2448203Z (Reading database ... 80%
al-felony-dwop-set	Provision the browser	2026-09-12T01:27:35.7493600Z (Reading database ... 85%
al-felony-dwop-set	Provision the browser	2026-09-12T01:27:36.3297093Z (Reading database ... 90%
al-felony-dwop-set	Provision the browser	2026-09-12T01:27:36.9061845Z (Reading database ... 95%
al-felony-dwop-set	Provision the browser	2026-09-12T01:27:36.9062721Z (Reading database ... 100%
al-felony-dwop-set	Provision the browser	2026-09-12T01:27:36.9063836Z (Reading database ... 201818 files and directories currently installed.)
al-felony-dwop-set	Provision the browser	2026-09-12T01:27:36.9113107Z Preparing to unpack .../0-fonts-ipafont-gothic_00303-21ubuntu1_all.deb ...
al-felony-dwop-set	Provision the browser	2026-09-12T01:27:36.9220581Z Unpacking fonts-ipafont-gothic (00303-21ubuntu1) ...
al-felony-dwop-set	Provision the browser	2026-09-12T01:27:37.1627349Z Selecting previously unselected package fonts-freefont-ttf.
al-felony-dwop-set	Provision the browser	2026-09-12T01:27:37.1760063Z Preparing to unpack .../1-fonts-freefont-ttf_20211204+svn4273-2_all.deb ...
al-felony-dwop-set	Provision the browser	2026-09-12T01:27:37.1769047Z Unpacking fonts-freefont-ttf (20211204+svn4273-2) ...
al-felony-dwop-set	Provision the browser	2026-09-12T01:27:37.2649347Z Selecting previously unselected package fonts-tlwg-loma-otf.
al-felony-dwop-set	Provision the browser	2026-09-12T01:27:37.2787450Z Preparing to unpack .../2-fonts-tlwg-loma-otf_1%3a0.7.3-1_all.deb ...
al-felony-dwop-set	Provision the browser	2026-09-12T01:27:37.2797468Z Unpacking fonts-tlwg-loma-otf (1:0.7.3-1) ...
al-felony-dwop-set	Provision the browser	2026-09-12T01:27:37.3065730Z Selecting previously unselected package fonts-unifont.
al-felony-dwop-set	Provision the browser	2026-09-12T01:27:37.3201363Z Preparing to unpack .../3-fonts-unifont_1%3a15.1.01-1build1_all.deb ...
al-felony-dwop-set	Provision the browser	2026-09-12T01:27:37.3211447Z Unpacking fonts-unifont (1:15.1.01-1build1) ...
al-felony-dwop-set	Provision the browser	2026-09-12T01:27:37.4400805Z Selecting previously unselected package fonts-wqy-zenhei.
al-felony-dwop-set	Provision the browser	2026-09-12T01:27:37.4537449Z Preparing to unpack .../4-fonts-wqy-zenhei_0.9.45-8_all.deb ...
al-felony-dwop-set	Provision the browser	2026-09-12T01:27:37.4647433Z Unpacking fonts-wqy-zenhei (0.9.45-8) ...
al-felony-dwop-set	Provision the browser	2026-09-12T01:27:37.9331829Z Selecting previously unselected package xfonts-encodings.
al-felony-dwop-set	Provision the browser	2026-09-12T01:27:37.9469271Z Preparing to unpack .../5-xfonts-encodings_1%3a1.0.5-0ubuntu2_all.deb ...
al-felony-dwop-set	Provision the browser	2026-09-12T01:27:37.9477851Z Unpacking xfonts-encodings (1:1.0.5-0ubuntu2) ...
al-felony-dwop-set	Provision the browser	2026-09-12T01:27:37.9798696Z Selecting previously unselected package xfonts-utils.
al-felony-dwop-set	Provision the browser	2026-09-12T01:27:37.9934477Z Preparing to unpack .../6-xfonts-utils_1%3a7.7+6build3_amd64.deb ...
al-felony-dwop-set	Provision the browser	2026-09-12T01:27:37.9944354Z Unpacking xfonts-utils (1:7.7+6build3) ...
al-felony-dwop-set	Provision the browser	2026-09-12T01:27:38.0701770Z Selecting previously unselected package xfonts-cyrillic.
al-felony-dwop-set	Provision the browser	2026-09-12T01:27:38.0835840Z Preparing to unpack .../7-xfonts-cyrillic_1%3a1.0.5+nmu1_all.deb ...
al-felony-dwop-set	Provision the browser	2026-09-12T01:27:38.0845330Z Unpacking xfonts-cyrillic (1:1.0.5+nmu1) ...
al-felony-dwop-set	Provision the browser	2026-09-12T01:27:38.1212620Z Selecting previously unselected package xfonts-scalable.
al-felony-dwop-set	Provision the browser	2026-09-12T01:27:38.1352422Z Preparing to unpack .../8-xfonts-scalable_1%3a1.0.3-1.3_all.deb ...
al-felony-dwop-set	Provision the browser	2026-09-12T01:27:38.1363130Z Unpacking xfonts-scalable (1:1.0.3-1.3) ...
al-felony-dwop-set	Provision the browser	2026-09-12T01:27:38.2134321Z Setting up fonts-wqy-zenhei (0.9.45-8) ...
al-felony-dwop-set	Provision the browser	2026-09-12T01:27:38.2264302Z Setting up fonts-freefont-ttf (20211204+svn4273-2) ...
al-felony-dwop-set	Provision the browser	2026-09-12T01:27:38.2286845Z Setting up fonts-tlwg-loma-otf (1:0.7.3-1) ...
al-felony-dwop-set	Provision the browser	2026-09-12T01:27:38.2308349Z Setting up xfonts-encodings (1:1.0.5-0ubuntu2) ...
al-felony-dwop-set	Provision the browser	2026-09-12T01:27:38.2329545Z Setting up fonts-ipafont-gothic (00303-21ubuntu1) ...
al-felony-dwop-set	Provision the browser	2026-09-12T01:27:38.2404049Z update-alternatives: using /usr/share/fonts/opentype/ipafont-gothic/ipag.ttf to provide /usr/share/fonts/truetype/fonts-japanese-gothic.ttf (fonts-japanese-gothic.ttf) in auto mode
al-felony-dwop-set	Provision the browser	2026-09-12T01:27:38.2424450Z Setting up fonts-unifont (1:15.1.01-1build1) ...
al-felony-dwop-set	Provision the browser	2026-09-12T01:27:38.2446791Z Setting up xfonts-utils (1:7.7+6build3) ...
al-felony-dwop-set	Provision the browser	2026-09-12T01:27:38.2495648Z Setting up xfonts-cyrillic (1:1.0.5+nmu1) ...
al-felony-dwop-set	Provision the browser	2026-09-12T01:27:38.2943803Z Setting up xfonts-scalable (1:1.0.3-1.3) ...
al-felony-dwop-set	Provision the browser	2026-09-12T01:27:38.3326058Z Processing triggers for man-db (2.12.0-4build2) ...
al-felony-dwop-set	Provision the browser	2026-09-12T01:27:38.3352582Z Not building database; man-db/auto-update is not 'true'.
al-felony-dwop-set	Provision the browser	2026-09-12T01:27:38.3369124Z Processing triggers for fontconfig (2.15.0-1.1ubuntu2) ...
al-felony-dwop-set	Provision the browser	2026-09-12T01:27:39.6028976Z 
al-felony-dwop-set	Provision the browser	2026-09-12T01:27:39.6029851Z Running kernel seems to be up-to-date.
al-felony-dwop-set	Provision the browser	2026-09-12T01:27:39.6030374Z 
al-felony-dwop-set	Provision the browser	2026-09-12T01:27:39.6030731Z No services need to be restarted.
al-felony-dwop-set	Provision the browser	2026-09-12T01:27:39.6031005Z 
al-felony-dwop-set	Provision the browser	2026-09-12T01:27:39.6031341Z No containers need to be restarted.
al-felony-dwop-set	Provision the browser	2026-09-12T01:27:39.6031748Z 
al-felony-dwop-set	Provision the browser	2026-09-12T01:27:39.6032128Z No user sessions are running outdated binaries.
al-felony-dwop-set	Provision the browser	2026-09-12T01:27:39.6032692Z 
al-felony-dwop-set	Provision the browser	2026-09-12T01:27:39.6033404Z No VM guests are running outdated hypervisor (qemu) binaries on this host.
al-felony-dwop-set	Provision the browser	2026-09-12T01:27:40.8381533Z Downloading Chrome for Testing 148.0.7778.96 (playwright chromium v1223) from https://cdn.playwright.dev/builds/cft/148.0.7778.96/linux64/chrome-linux64.zip
al-felony-dwop-set	Provision the browser	2026-09-12T01:27:41.8592761Z |                                                                                |   0% of 175.4 MiB
al-felony-dwop-set	Provision the browser	2026-09-12T01:27:42.0276244Z |■■■■■■■■                                                                        |  10% of 175.4 MiB
al-felony-dwop-set	Provision the browser	2026-09-12T01:27:42.1105636Z |■■■■■■■■■■■■■■■■                                                                |  20% of 175.4 MiB
al-felony-dwop-set	Provision the browser	2026-09-12T01:27:42.1908644Z |■■■■■■■■■■■■■■■■■■■■■■■■                                                        |  30% of 175.4 MiB
al-felony-dwop-set	Provision the browser	2026-09-12T01:27:42.2696687Z |■■■■■■■■■■■■■■■■■■■■■■■■■■■■■■■■                                                |  40% of 175.4 MiB
al-felony-dwop-set	Provision the browser	2026-09-12T01:27:42.3456017Z |■■■■■■■■■■■■■■■■■■■■■■■■■■■■■■■■■■■■■■■■                                        |  50% of 175.4 MiB
al-felony-dwop-set	Provision the browser	2026-09-12T01:27:42.4205563Z |■■■■■■■■■■■■■■■■■■■■■■■■■■■■■■■■■■■■■■■■■■■■■■■■                                |  60% of 175.4 MiB
al-felony-dwop-set	Provision the browser	2026-09-12T01:27:42.4845829Z |■■■■■■■■■■■■■■■■■■■■■■■■■■■■■■■■■■■■■■■■■■■■■■■■■■■■■■■■                        |  70% of 175.4 MiB
al-felony-dwop-set	Provision the browser	2026-09-12T01:27:42.5456445Z |■■■■■■■■■■■■■■■■■■■■■■■■■■■■■■■■■■■■■■■■■■■■■■■■■■■■■■■■■■■■■■■■                |  80% of 175.4 MiB
al-felony-dwop-set	Provision the browser	2026-09-12T01:27:42.6104408Z |■■■■■■■■■■■■■■■■■■■■■■■■■■■■■■■■■■■■■■■■■■■■■■■■■■■■■■■■■■■■■■■■■■■■■■■■        |  90% of 175.4 MiB
al-felony-dwop-set	Provision the browser	2026-09-12T01:27:42.6716297Z |■■■■■■■■■■■■■■■■■■■■■■■■■■■■■■■■■■■■■■■■■■■■■■■■■■■■■■■■■■■■■■■■■■■■■■■■■■■■■■■■| 100% of 175.4 MiB
al-felony-dwop-set	Provision the browser	2026-09-12T01:27:45.3923078Z Chrome for Testing 148.0.7778.96 (playwright chromium v1223) downloaded to /home/runner/.cache/ms-playwright/chromium-1223
al-felony-dwop-set	Provision the browser	2026-09-12T01:27:45.3930290Z Downloading FFmpeg (playwright ffmpeg v1011) from https://cdn.playwright.dev/dbazure/download/playwright/builds/ffmpeg/1011/ffmpeg-linux.zip
al-felony-dwop-set	Provision the browser	2026-09-12T01:27:46.3852884Z |                                                                                |   0% of 2.3 MiB
al-felony-dwop-set	Provision the browser	2026-09-12T01:27:46.3896662Z |■■■■■■■■                                                                        |  10% of 2.3 MiB
al-felony-dwop-set	Provision the browser	2026-09-12T01:27:46.3929304Z |■■■■■■■■■■■■■■■■                                                                |  20% of 2.3 MiB
al-felony-dwop-set	Provision the browser	2026-09-12T01:27:46.3953405Z |■■■■■■■■■■■■■■■■■■■■■■■■                                                        |  30% of 2.3 MiB
al-felony-dwop-set	Provision the browser	2026-09-12T01:27:46.3968733Z |■■■■■■■■■■■■■■■■■■■■■■■■■■■■■■■■                                                |  40% of 2.3 MiB
al-felony-dwop-set	Provision the browser	2026-09-12T01:27:46.3987157Z |■■■■■■■■■■■■■■■■■■■■■■■■■■■■■■■■■■■■■■■■                                        |  50% of 2.3 MiB
al-felony-dwop-set	Provision the browser	2026-09-12T01:27:46.4007053Z |■■■■■■■■■■■■■■■■■■■■■■■■■■■■■■■■■■■■■■■■■■■■■■■■                                |  60% of 2.3 MiB
al-felony-dwop-set	Provision the browser	2026-09-12T01:27:46.4042583Z |■■■■■■■■■■■■■■■■■■■■■■■■■■■■■■■■■■■■■■■■■■■■■■■■■■■■■■■■                        |  70% of 2.3 MiB
al-felony-dwop-set	Provision the browser	2026-09-12T01:27:46.4058388Z |■■■■■■■■■■■■■■■■■■■■■■■■■■■■■■■■■■■■■■■■■■■■■■■■■■■■■■■■■■■■■■■■                |  80% of 2.3 MiB
al-felony-dwop-set	Provision the browser	2026-09-12T01:27:46.4071369Z |■■■■■■■■■■■■■■■■■■■■■■■■■■■■■■■■■■■■■■■■■■■■■■■■■■■■■■■■■■■■■■■■■■■■■■■■        |  90% of 2.3 MiB
al-felony-dwop-set	Provision the browser	2026-09-12T01:27:46.4083182Z |■■■■■■■■■■■■■■■■■■■■■■■■■■■■■■■■■■■■■■■■■■■■■■■■■■■■■■■■■■■■■■■■■■■■■■■■■■■■■■■■| 100% of 2.3 MiB
al-felony-dwop-set	Provision the browser	2026-09-12T01:27:46.4709148Z FFmpeg (playwright ffmpeg v1011) downloaded to /home/runner/.cache/ms-playwright/ffmpeg-1011
al-felony-dwop-set	Provision the browser	2026-09-12T01:27:46.4714238Z Downloading Chrome Headless Shell 148.0.7778.96 (playwright chromium-headless-shell v1223) from https://cdn.playwright.dev/builds/cft/148.0.7778.96/linux64/chrome-headless-shell-linux64.zip
al-felony-dwop-set	Provision the browser	2026-09-12T01:27:47.4663353Z |                                                                                |   0% of 113.2 MiB
al-felony-dwop-set	Provision the browser	2026-09-12T01:27:47.6105723Z |■■■■■■■■                                                                        |  10% of 113.2 MiB
al-felony-dwop-set	Provision the browser	2026-09-12T01:27:47.6907142Z |■■■■■■■■■■■■■■■■                                                                |  20% of 113.2 MiB
al-felony-dwop-set	Provision the browser	2026-09-12T01:27:47.7533828Z |■■■■■■■■■■■■■■■■■■■■■■■■                                                        |  30% of 113.2 MiB
al-felony-dwop-set	Provision the browser	2026-09-12T01:27:47.8056601Z |■■■■■■■■■■■■■■■■■■■■■■■■■■■■■■■■                                                |  40% of 113.2 MiB
al-felony-dwop-set	Provision the browser	2026-09-12T01:27:47.8479974Z |■■■■■■■■■■■■■■■■■■■■■■■■■■■■■■■■■■■■■■■■                                        |  50% of 113.2 MiB
al-felony-dwop-set	Provision the browser	2026-09-12T01:27:47.8925465Z |■■■■■■■■■■■■■■■■■■■■■■■■■■■■■■■■■■■■■■■■■■■■■■■■                                |  60% of 113.2 MiB
al-felony-dwop-set	Provision the browser	2026-09-12T01:27:47.9320154Z |■■■■■■■■■■■■■■■■■■■■■■■■■■■■■■■■■■■■■■■■■■■■■■■■■■■■■■■■                        |  70% of 113.2 MiB
al-felony-dwop-set	Provision the browser	2026-09-12T01:27:47.9777207Z |■■■■■■■■■■■■■■■■■■■■■■■■■■■■■■■■■■■■■■■■■■■■■■■■■■■■■■■■■■■■■■■■                |  80% of 113.2 MiB
al-felony-dwop-set	Provision the browser	2026-09-12T01:27:48.0188855Z |■■■■■■■■■■■■■■■■■■■■■■■■■■■■■■■■■■■■■■■■■■■■■■■■■■■■■■■■■■■■■■■■■■■■■■■■        |  90% of 113.2 MiB
al-felony-dwop-set	Provision the browser	2026-09-12T01:27:48.0608273Z |■■■■■■■■■■■■■■■■■■■■■■■■■■■■■■■■■■■■■■■■■■■■■■■■■■■■■■■■■■■■■■■■■■■■■■■■■■■■■■■■| 100% of 113.2 MiB
al-felony-dwop-set	Provision the browser	2026-09-12T01:27:50.0221930Z Chrome Headless Shell 148.0.7778.96 (playwright chromium-headless-shell v1223) downloaded to /home/runner/.cache/ms-playwright/chromium_headless_shell-1223
al-felony-dwop-set	Render and measure al-felony-dwop-set	﻿2026-09-12T01:27:50.0495031Z ##[group]Run node scripts/rcap-raster-batch.mjs \
al-felony-dwop-set	Render and measure al-felony-dwop-set	2026-09-12T01:27:50.0495558Z ^[[36;1mnode scripts/rcap-raster-batch.mjs \^[[0m
al-felony-dwop-set	Render and measure al-felony-dwop-set	2026-09-12T01:27:50.0495893Z ^[[36;1m  --manifest "$MANIFEST_PATH" \^[[0m
al-felony-dwop-set	Render and measure al-felony-dwop-set	2026-09-12T01:27:50.0496190Z ^[[36;1m  --family "$FAMILY" \^[[0m
al-felony-dwop-set	Render and measure al-felony-dwop-set	2026-09-12T01:27:50.0496883Z ^[[36;1m  --commit "$COMMIT_SHA" \^[[0m
al-felony-dwop-set	Render and measure al-felony-dwop-set	2026-09-12T01:27:50.0497176Z ^[[36;1m  --scale "$REQUESTED_SCALE" \^[[0m
al-felony-dwop-set	Render and measure al-felony-dwop-set	2026-09-12T01:27:50.0497470Z ^[[36;1m  --run-id "$WORKFLOW_RUN_ID" \^[[0m
al-felony-dwop-set	Render and measure al-felony-dwop-set	2026-09-12T01:27:50.0497751Z ^[[36;1m  --out raster-out^[[0m
al-felony-dwop-set	Render and measure al-felony-dwop-set	2026-09-12T01:27:50.0536080Z shell: /usr/bin/bash -e {0}
al-felony-dwop-set	Render and measure al-felony-dwop-set	2026-09-12T01:27:50.0536672Z env:
al-felony-dwop-set	Render and measure al-felony-dwop-set	2026-09-12T01:27:50.0536981Z   pythonLocation: /opt/hostedtoolcache/Python/3.12.14/x64
al-felony-dwop-set	Render and measure al-felony-dwop-set	2026-09-12T01:27:50.0537510Z   PKG_CONFIG_PATH: /opt/hostedtoolcache/Python/3.12.14/x64/lib/pkgconfig
al-felony-dwop-set	Render and measure al-felony-dwop-set	2026-09-12T01:27:50.0538012Z   Python_ROOT_DIR: /opt/hostedtoolcache/Python/3.12.14/x64
al-felony-dwop-set	Render and measure al-felony-dwop-set	2026-09-12T01:27:50.0538437Z   Python2_ROOT_DIR: /opt/hostedtoolcache/Python/3.12.14/x64
al-felony-dwop-set	Render and measure al-felony-dwop-set	2026-09-12T01:27:50.0538884Z   Python3_ROOT_DIR: /opt/hostedtoolcache/Python/3.12.14/x64
al-felony-dwop-set	Render and measure al-felony-dwop-set	2026-09-12T01:27:50.0539399Z   LD_LIBRARY_PATH: /opt/hostedtoolcache/Python/3.12.14/x64/lib
al-felony-dwop-set	Render and measure al-felony-dwop-set	2026-09-12T01:27:50.0539886Z   PLAYWRIGHT_BROWSERS_PATH: /home/runner/.cache/ms-playwright
al-felony-dwop-set	Render and measure al-felony-dwop-set	2026-09-12T01:27:50.0540601Z   MANIFEST_PATH: data/rcap-grade-a/packet-factory-24h/warp-20260912/al-clerk-caption-six/raster-manifest.json
al-felony-dwop-set	Render and measure al-felony-dwop-set	2026-09-12T01:27:50.0541245Z   FAMILY: al-felony-dwop-set
al-felony-dwop-set	Render and measure al-felony-dwop-set	2026-09-12T01:27:50.0541584Z   COMMIT_SHA: e38cb2ecae5ada6668fa6c7b9739eac208da6378
al-felony-dwop-set	Render and measure al-felony-dwop-set	2026-09-12T01:27:50.0541950Z   REQUESTED_SCALE: 2.5
al-felony-dwop-set	Render and measure al-felony-dwop-set	2026-09-12T01:27:50.0542201Z   WORKFLOW_RUN_ID: 34664588051
al-felony-dwop-set	Render and measure al-felony-dwop-set	2026-09-12T01:27:50.0542477Z ##[endgroup]
al-felony-dwop-set	Render and measure al-felony-dwop-set	2026-09-12T01:32:05.3488454Z RCAP_RECEIPT_BEGIN family=al-felony-dwop-set run=34664588051 commit=e38cb2ecae5ada6668fa6c7b9739eac208da6378
al-felony-dwop-set	Render and measure al-felony-dwop-set	2026-09-12T01:32:05.3674976Z RCAP_RECEIPT_VERDICT {"schemaVersion":"rcap-raster-family-verdict/v1","familyId":"al-felony-dwop-set","verdict":"RASTER_PASS","packetCommitSha":"e38cb2ecae5ada6668fa6c7b9739eac208da6378","workflowRunId":"34664588051","requestedScale":2.5,"cssPxPerPt":1.3333333333333333,"browserExecutable":"/home/runner/.cache/ms-playwright/chromium-1223/chrome-linux64/chrome","resolvedBy":"PLAYWRIGHT_BROWSERS_PATH","operatingSystem":"Linux 6.17.0-1022-azure x64","nodeVersion":"v22.23.2","hashesBound":{"canonical":{"path":"data/rcap-all50/overlays/census-v1/al/al-felony-dwop-set--official-pdf-fill/fixtures/canonical.pdf","pinned":"77f6fb0c16f67919bf70dd313e9fe37440a13fb14a45ff468a20b9948d9fc2f2"},"boundary":{"path":"data/rcap-all50/overlays/census-v1/al/al-felony-dwop-set--official-pdf-fill/fixtures/boundary.pdf","pinned":"ee75749847d352ab3eaf51da70a08d6b22e86aa1a972cc32b22a88eabcefd95c"}},"documentsRendered":[{"role":"canonical","document":"canonical.pdf","path":"data/rcap-all50/overlays/census-v1/al/al-felony-dwop-set--official-pdf-fill/fixtures/canonical.pdf","pinned":"77f6fb0c16f67919bf70dd313e9fe37440a13fb14a45ff468a20b9948d9fc2f2"},{"role":"boundary","document":"boundary.pdf","path":"data/rcap-all50/overlays/census-v1/al/al-felony-dwop-set--official-pdf-fill/fixtures/boundary.pdf","pinned":"ee75749847d352ab3eaf51da70a08d6b22e86aa1a972cc32b22a88eabcefd95c"}],"documentsDigest":"16fe33c0eff22e4bffb30b9ae15180a7a382928e20c9aafcf49c54e26ada1b98","coversTheWholeFamily":true,"decryptionTransforms":[],"decryptionRule":"An encrypted source is hashed before any transform; Poppler and qpdf must independently agree on its page count; the temporary derivative is decrypted and serialized with explicit objects, then admitted only when geometry, decoded page content, fields/widgets, and XFA remain identical; only that temporary transport is passed to pdf-lib for calibrated rendering; the queued packet bytes are never modified.","pagesMeasured":22,"measurements":[{"kind":"canonical","document":"canonical.pdf","page":1,"png":"al-felony-dwop-set/canonical/page-001.png","bytes":501134,"pngSha256":"b46fd9b81944f26cbf1602d30ae1bf4f86141d679a14a6ef5876b3810efa849c","pngWidth":2040,"pngHeight":2640,"paper":{"x0":204,"y0":3,"x1":2243,"y1":2642,"width":2040,"height":2640},"pxPerPt":3.3333333333333335,"expectedPxPerPt":3.333333333333333,"pageWidthPt":612,"pageHeightPt":792,"expectedPx":{"width":2039.9999999999998,"height":2639.9999999999995,"tolerancePx":6.666666666666666},"calibrationResidualPx":0,"inkFractionInsidePaper":0.06878583630421865,"nonblank":true,"croppedToThePage":true},{"kind":"canonical","document":"canonical.pdf","page":2,"png":"al-felony-dwop-set/canonical/page-002.png","bytes":541350,"pngSha256":"8e8443461a26bd1a2f334b2cbe2dc7543c73d3f5092a2f007ff55bb9a006da68","pngWidth":2040,"pngHeight":2640,"paper":{"x0":204,"y0":3,"x1":2243,"y1":2642,"width":2040,"height":2640},"pxPerPt":3.3333333333333335,"expectedPxPerPt":3.333333333333333,"pageWidthPt":612,"pageHeightPt":792,"expectedPx":{"width":2039.9999999999998,"height":2639.9999999999995,"tolerancePx":6.666666666666666},"calibrationResidualPx":0,"inkFractionInsidePaper":0.06971015300059417,"nonblank":true,"croppedToThePage":true},{"kind":"canonical","document":"canonical.pdf","page":3,"png":"al-felony-dwop-set/canonical/page-003.png","bytes":534146,"pngSha256":"363dccb2f3800f9d603fd0d7b8e38860cc51c73a6117c40a7bf427da8dd3abb3","pngWidth":2040,"pngHeight":2640,"paper":{"x0":204,"y0":3,"x1":2243,"y1":2642,"width":2040,"height":2640},"pxPerPt":3.3333333333333335,"expectedPxPerPt":3.333333333333333,"pageWidthPt":612,"pageHeightPt":792,"expectedPx":{"width":2039.9999999999998,"height":2639.9999999999995,"tolerancePx":6.666666666666666},"calibrationResidualPx":0,"inkFractionInsidePaper":0.07397207367795604,"nonblank":true,"croppedToThePage":true},{"kind":"canonical","document":"canonical.pdf","page":4,"png":"al-felony-dwop-set/canonical/page-004.png","bytes":552918,"pngSha256":"e6c86ba6138e7d42edc73b67b0d43e9aafdc419fd95963a439d03df6e71752a6","pngWidth":2040,"pngHeight":2640,"paper":{"x0":204,"y0":3,"x1":2243,"y1":2642,"width":2040,"height":2640},"pxPerPt":3.3333333333333335,"expectedPxPerPt":3.333333333333333,"pageWidthPt":612,"pageHeightPt":792,"expectedPx":{"width":2039.9999999999998,"height":2639.9999999999995,"tolerancePx":6.666666666666666},"calibrationResidualPx":0,"inkFractionInsidePaper":0.08551674836601307,"nonblank":true,"croppedToThePage":true},{"kind":"canonical","document":"canonical.pdf","page":5,"png":"al-felony-dwop-set/canonical/page-005.png","bytes":376595,"pngSha256":"18f8c16cf684fb84a0b33798f807be24f4618de33d8df1abb8f9cfab6aded6db","pngWidth":2040,"pngHeight":2640,"paper":{"x0":204,"y0":3,"x1":2243,"y1":2642,"width":2040,"height":2640},"pxPerPt":3.3333333333333335,"expectedPxPerPt":3.333333333333333,"pageWidthPt":612,"pageHeightPt":792,"expectedPx":{"width":2039.9999999999998,"height":2639.9999999999995,"tolerancePx":6.666666666666666},"calibrationResidualPx":0,"inkFractionInsidePaper":0.053209855912061794,"nonblank":true,"croppedToThePage":true},{"kind":"canonical","document":"canonical.pdf","page":6,"png":"al-felony-dwop-set/canonical/page-006.png","bytes":359319,"pngSha256":"c277aabfaa35ecd8c7fedab701ca1a9b990558df4cb3db03353babc7f9bfda43","pngWidth":2040,"pngHeight":2640,"paper":{"x0":204,"y0":3,"x1":2243,"y1":2642,"width":2040,"height":2640},"pxPerPt":3.3333333333333335,"expectedPxPerPt":3.333333333333333,"pageWidthPt":612,"pageHeightPt":792,"expectedPx":{"width":2039.9999999999998,"height":2639.9999999999995,"tolerancePx":6.666666666666666},"calibrationResidualPx":0,"inkFractionInsidePaper":0.040051619132501486,"nonblank":true,"croppedToThePage":true},{"kind":"canonical","document":"canonical.pdf","page":7,"png":"al-felony-dwop-set/canonical/page-007.png","bytes":434042,"pngSha256":"68a594b4e3298b1d3b2d58d9e97846aa3186721993f43d79356936aaad3899b0","pngWidth":2040,"pngHeight":2640,"paper":{"x0":204,"y0":3,"x1":2243,"y1":2642,"width":2040,"height":2640},"pxPerPt":3.3333333333333335,"expectedPxPerPt":3.333333333333333,"pageWidthPt":612,"pageHeightPt":792,"expectedPx":{"width":2039.9999999999998,"height":2639.9999999999995,"tolerancePx":6.666666666666666},"calibrationResidualPx":0,"inkFractionInsidePaper":0.057026515151515154,"nonblank":true,"croppedToThePage":true},{"kind":"canonical","document":"canonical.pdf","page":8,"png":"al-felony-dwop-set/canonical/page-008.png","bytes":872723,"pngSha256":"fba565776a6bddc9e13ba86ce28c194bf6ba4482681038a98af0006cdf439d70","pngWidth":2040,"pngHeight":2640,"paper":{"x0":204,"y0":3,"x1":2243,"y1":2642,"width":2040,"height":2640},"pxPerPt":3.3333333333333335,"expectedPxPerPt":3.333333333333333,"pageWidthPt":612,"pageHeightPt":792,"expectedPx":{"width":2039.9999999999998,"height":2639.9999999999995,"tolerancePx":6.666666666666666},"calibrationResidualPx":0,"inkFractionInsidePaper":0.10128045157456922,"nonblank":true,"croppedToThePage":true},{"kind":"canonical","document":"canonical.pdf","page":9,"png":"al-felony-dwop-set/canonical/page-009.png","bytes":457405,"pngSha256":"10c55e4dfdd90530fff8db9690252b795f392d4fd9b05f7705d96a55e0e7bf91","pngWidth":2040,"pngHeight":2640,"paper":{"x0":204,"y0":3,"x1":2243,"y1":2642,"width":2040,"height":2640},"pxPerPt":3.3333333333333335,"expectedPxPerPt":3.333333333333333,"pageWidthPt":612,"pageHeightPt":792,"expectedPx":{"width":2039.9999999999998,"height":2639.9999999999995,"tolerancePx":6.666666666666666},"calibrationResidualPx":0,"inkFractionInsidePaper":0.053917483660130716,"nonblank":true,"croppedToThePage":true},{"kind":"canonical","document":"canonical.pdf","page":10,"png":"al-felony-dwop-set/canonical/page-010.png","bytes":473307,"pngSha256":"3a656c7e97655b5af51a010e2371e45bdb12c54eb11b32ee04a10c152b09fc3b","pngWidth":2040,"pngHeight":2640,"paper":{"x0":204,"y0":3,"x1":2243,"y1":2642,"width":2040,"height":2640},"pxPerPt":3.3333333333333335,"expectedPxPerPt":3.333333333333333,"pageWidthPt":612,"pageHeightPt":792,"expectedPx":{"width":2039.9999999999998,"height":2639.9999999999995,"tolerancePx":6.666666666666666},"calibrationResidualPx":0,"inkFractionInsidePaper":0.05459484551396316,"nonblank":true,"croppedToThePage":true},{"kind":"canonical","document":"canonical.pdf","page":11,"png":"al-felony-dwop-set/canonical/page-011.png","bytes":427956,"pngSha256":"3d8753a2fd235f0a0ce226962e7b6918fe2c75b96c62e43b0c544edec4d2f170","pngWidth":2040,"pngHeight":2640,"paper":{"x0":204,"y0":3,"x1":2243,"y1":2642,"width":2040,"height":2640},"pxPerPt":3.3333333333333335,"expectedPxPerPt":3.333333333333333,"pageWidthPt":612,"pageHeightPt":792,"expectedPx":{"width":2039.9999999999998,"height":2639.9999999999995,"tolerancePx":6.666666666666666},"calibrationResidualPx":0,"inkFractionInsidePaper":0.05390875668449198,"nonblank":true,"croppedToThePage":true},{"kind":"boundary","document":"boundary.pdf","page":1,"png":"al-felony-dwop-set/boundary/page-001.png","bytes":507944,"pngSha256":"2d2691f5f8511da99f759b8881b2906155db049a95ca716cff385bd00c3e8e1e","pngWidth":2040,"pngHeight":2640,"paper":{"x0":204,"y0":3,"x1":2243,"y1":2642,"width":2040,"height":2640},"pxPerPt":3.3333333333333335,"expectedPxPerPt":3.333333333333333,"pageWidthPt":612,"pageHeightPt":792,"expectedPx":{"width":2039.9999999999998,"height":2639.9999999999995,"tolerancePx":6.666666666666666},"calibrationResidualPx":0,"inkFractionInsidePaper":0.07024584076054664,"nonblank":true,"croppedToThePage":true},{"kind":"boundary","document":"boundary.pdf","page":2,"png":"al-felony-dwop-set/boundary/page-002.png","bytes":541350,"pngSha256":"8e8443461a26bd1a2f334b2cbe2dc7543c73d3f5092a2f007ff55bb9a006da68","pngWidth":2040,"pngHeight":2640,"paper":{"x0":204,"y0":3,"x1":2243,"y1":2642,"width":2040,"height":2640},"pxPerPt":3.3333333333333335,"expectedPxPerPt":3.333333333333333,"pageWidthPt":612,"pageHeightPt":792,"expectedPx":{"width":2039.9999999999998,"height":2639.9999999999995,"tolerancePx":6.666666666666666},"calibrationResidualPx":0,"inkFractionInsidePaper":0.06971015300059417,"nonblank":true,"croppedToThePage":true},{"kind":"boundary","document":"boundary.pdf","page":3,"png":"al-felony-dwop-set/boundary/page-003.png","bytes":534146,"pngSha256":"363dccb2f3800f9d603fd0d7b8e38860cc51c73a6117c40a7bf427da8dd3abb3","pngWidth":2040,"pngHeight":2640,"paper":{"x0":204,"y0":3,"x1":2243,"y1":2642,"width":2040,"height":2640},"pxPerPt":3.3333333333333335,"expectedPxPerPt":3.333333333333333,"pageWidthPt":612,"pageHeightPt":792,"expectedPx":{"width":2039.9999999999998,"height":2639.9999999999995,"tolerancePx":6.666666666666666},"calibrationResidualPx":0,"inkFractionInsidePaper":0.07397207367795604,"nonblank":true,"croppedToThePage":true},{"kind":"boundary","document":"boundary.pdf","page":4,"png":"al-felony-dwop-set/boundary/page-004.png","bytes":552918,"pngSha256":"e6c86ba6138e7d42edc73b67b0d43e9aafdc419fd95963a439d03df6e71752a6","pngWidth":2040,"pngHeight":2640,"paper":{"x0":204,"y0":3,"x1":2243,"y1":2642,"width":2040,"height":2640},"pxPerPt":3.3333333333333335,"expectedPxPerPt":3.333333333333333,"pageWidthPt":612,"pageHeightPt":792,"expectedPx":{"width":2039.9999999999998,"height":2639.9999999999995,"tolerancePx":6.666666666666666},"calibrationResidualPx":0,"inkFractionInsidePaper":0.08551674836601307,"nonblank":true,"croppedToThePage":true},{"kind":"boundary","document":"boundary.pdf","page":5,"png":"al-felony-dwop-set/boundary/page-005.png","bytes":376595,"pngSha256":"18f8c16cf684fb84a0b33798f807be24f4618de33d8df1abb8f9cfab6aded6db","pngWidth":2040,"pngHeight":2640,"paper":{"x0":204,"y0":3,"x1":2243,"y1":2642,"width":2040,"height":2640},"pxPerPt":3.3333333333333335,"expectedPxPerPt":3.333333333333333,"pageWidthPt":612,"pageHeightPt":792,"expectedPx":{"width":2039.9999999999998,"height":2639.9999999999995,"tolerancePx":6.666666666666666},"calibrationResidualPx":0,"inkFractionInsidePaper":0.053209855912061794,"nonblank":true,"croppedToThePage":true},{"kind":"boundary","document":"boundary.pdf","page":6,"png":"al-felony-dwop-set/boundary/page-006.png","bytes":359873,"pngSha256":"16dfea476e05bf3cb4da8ff5e5902cb0e153eb85e7f176c609c0bc353d058273","pngWidth":2040,"pngHeight":2640,"paper":{"x0":204,"y0":3,"x1":2243,"y1":2642,"width":2040,"height":2640},"pxPerPt":3.3333333333333335,"expectedPxPerPt":3.333333333333333,"pageWidthPt":612,"pageHeightPt":792,"expectedPx":{"width":2039.9999999999998,"height":2639.9999999999995,"tolerancePx":6.666666666666666},"calibrationResidualPx":0,"inkFractionInsidePaper":0.040203691325014855,"nonblank":true,"croppedToThePage":true},{"kind":"boundary","document":"boundary.pdf","page":7,"png":"al-felony-dwop-set/boundary/page-007.png","bytes":434042,"pngSha256":"68a594b4e3298b1d3b2d58d9e97846aa3186721993f43d79356936aaad3899b0","pngWidth":2040,"pngHeight":2640,"paper":{"x0":204,"y0":3,"x1":2243,"y1":2642,"width":2040,"height":2640},"pxPerPt":3.3333333333333335,"expectedPxPerPt":3.333333333333333,"pageWidthPt":612,"pageHeightPt":792,"expectedPx":{"width":2039.9999999999998,"height":2639.9999999999995,"tolerancePx":6.666666666666666},"calibrationResidualPx":0,"inkFractionInsidePaper":0.057026515151515154,"nonblank":true,"croppedToThePage":true},{"kind":"boundary","document":"boundary.pdf","page":8,"png":"al-felony-dwop-set/boundary/page-008.png","bytes":872723,"pngSha256":"fba565776a6bddc9e13ba86ce28c194bf6ba4482681038a98af0006cdf439d70","pngWidth":2040,"pngHeight":2640,"paper":{"x0":204,"y0":3,"x1":2243,"y1":2642,"width":2040,"height":2640},"pxPerPt":3.3333333333333335,"expectedPxPerPt":3.333333333333333,"pageWidthPt":612,"pageHeightPt":792,"expectedPx":{"width":2039.9999999999998,"height":2639.9999999999995,"tolerancePx":6.666666666666666},"calibrationResidualPx":0,"inkFractionInsidePaper":0.10128045157456922,"nonblank":true,"croppedToThePage":true},{"kind":"boundary","document":"boundary.pdf","page":9,"png":"al-felony-dwop-set/boundary/page-009.png","bytes":467647,"pngSha256":"1f5dac4144933ac2900fcd73482d0b301a1337875e44db1976d19451b0bf7734","pngWidth":2040,"pngHeight":2640,"paper":{"x0":204,"y0":3,"x1":2243,"y1":2642,"width":2040,"height":2640},"pxPerPt":3.3333333333333335,"expectedPxPerPt":3.333333333333333,"pageWidthPt":612,"pageHeightPt":792,"expectedPx":{"width":2039.9999999999998,"height":2639.9999999999995,"tolerancePx":6.666666666666666},"calibrationResidualPx":0,"inkFractionInsidePaper":0.05539679887106358,"nonblank":true,"croppedToThePage":true},{"kind":"boundary","document":"boundary.pdf","page":10,"png":"al-felony-dwop-set/boundary/page-010.png","bytes":476842,"pngSha256":"6bcb80b908fa73154fb7d739df0f88343a548779e4aa6ee61601d92b80f94b34","pngWidth":2040,"pngHeight":2640,"paper":{"x0":204,"y0":3,"x1":2243,"y1":2642,"width":2040,"height":2640},"pxPerPt":3.3333333333333335,"expectedPxPerPt":3.333333333333333,"pageWidthPt":612,"pageHeightPt":792,"expectedPx":{"width":2039.9999999999998,"height":2639.9999999999995,"tolerancePx":6.666666666666666},"calibrationResidualPx":0,"inkFractionInsidePaper":0.05504827688651218,"nonblank":true,"croppedToThePage":true},{"kind":"boundary","document":"boundary.pdf","page":11,"png":"al-felony-dwop-set/boundary/page-011.png","bytes":427956,"pngSha256":"3d8753a2fd235f0a0ce226962e7b6918fe2c75b96c62e43b0c544edec4d2f170","pngWidth":2040,"pngHeight":2640,"paper":{"x0":204,"y0":3,"x1":2243,"y1":2642,"width":2040,"height":2640},"pxPerPt":3.3333333333333335,"expectedPxPerPt":3.333333333333333,"pageWidthPt":612,"pageHeightPt":792,"expectedPx":{"width":2039.9999999999998,"height":2639.9999999999995,"tolerancePx":6.666666666666666},"calibrationResidualPx":0,"inkFractionInsidePaper":0.05390875668449198,"nonblank":true,"croppedToThePage":true}],"problems":[],"environmentProblems":[],"whatThisDoesNotDecide":"This is one gate. RASTER_PASS does not make a family PASS_COMPLETE, promotes nothing, and opens no commercial route.","packetPdfsModified":0,"bodiesCommitted":0,"commercialRoutesOpened":0,"productionTouched":false}
al-felony-dwop-set	Render and measure al-felony-dwop-set	2026-09-12T01:32:05.3753197Z RCAP_RECEIPT_INVENTORY [{"runId":"34664588051","familyId":"al-felony-dwop-set","member":"al-felony-dwop-set/canonical/page-001.png","bytes":501134,"sha256":"b46fd9b81944f26cbf1602d30ae1bf4f86141d679a14a6ef5876b3810efa849c","pngWidth":2040,"pngHeight":2640},{"runId":"34664588051","familyId":"al-felony-dwop-set","member":"al-felony-dwop-set/canonical/page-002.png","bytes":541350,"sha256":"8e8443461a26bd1a2f334b2cbe2dc7543c73d3f5092a2f007ff55bb9a006da68","pngWidth":2040,"pngHeight":2640},{"runId":"34664588051","familyId":"al-felony-dwop-set","member":"al-felony-dwop-set/canonical/page-003.png","bytes":534146,"sha256":"363dccb2f3800f9d603fd0d7b8e38860cc51c73a6117c40a7bf427da8dd3abb3","pngWidth":2040,"pngHeight":2640},{"runId":"34664588051","familyId":"al-felony-dwop-set","member":"al-felony-dwop-set/canonical/page-004.png","bytes":552918,"sha256":"e6c86ba6138e7d42edc73b67b0d43e9aafdc419fd95963a439d03df6e71752a6","pngWidth":2040,"pngHeight":2640},{"runId":"34664588051","familyId":"al-felony-dwop-set","member":"al-felony-dwop-set/canonical/page-005.png","bytes":376595,"sha256":"18f8c16cf684fb84a0b33798f807be24f4618de33d8df1abb8f9cfab6aded6db","pngWidth":2040,"pngHeight":2640},{"runId":"34664588051","familyId":"al-felony-dwop-set","member":"al-felony-dwop-set/canonical/page-006.png","bytes":359319,"sha256":"c277aabfaa35ecd8c7fedab701ca1a9b990558df4cb3db03353babc7f9bfda43","pngWidth":2040,"pngHeight":2640},{"runId":"34664588051","familyId":"al-felony-dwop-set","member":"al-felony-dwop-set/canonical/page-007.png","bytes":434042,"sha256":"68a594b4e3298b1d3b2d58d9e97846aa3186721993f43d79356936aaad3899b0","pngWidth":2040,"pngHeight":2640},{"runId":"34664588051","familyId":"al-felony-dwop-set","member":"al-felony-dwop-set/canonical/page-008.png","bytes":872723,"sha256":"fba565776a6bddc9e13ba86ce28c194bf6ba4482681038a98af0006cdf439d70","pngWidth":2040,"pngHeight":2640},{"runId":"34664588051","familyId":"al-felony-dwop-set","member":"al-felony-dwop-set/canonical/page-009.png","bytes":457405,"sha256":"10c55e4dfdd90530fff8db9690252b795f392d4fd9b05f7705d96a55e0e7bf91","pngWidth":2040,"pngHeight":2640},{"runId":"34664588051","familyId":"al-felony-dwop-set","member":"al-felony-dwop-set/canonical/page-010.png","bytes":473307,"sha256":"3a656c7e97655b5af51a010e2371e45bdb12c54eb11b32ee04a10c152b09fc3b","pngWidth":2040,"pngHeight":2640},{"runId":"34664588051","familyId":"al-felony-dwop-set","member":"al-felony-dwop-set/canonical/page-011.png","bytes":427956,"sha256":"3d8753a2fd235f0a0ce226962e7b6918fe2c75b96c62e43b0c544edec4d2f170","pngWidth":2040,"pngHeight":2640},{"runId":"34664588051","familyId":"al-felony-dwop-set","member":"al-felony-dwop-set/boundary/page-001.png","bytes":507944,"sha256":"2d2691f5f8511da99f759b8881b2906155db049a95ca716cff385bd00c3e8e1e","pngWidth":2040,"pngHeight":2640},{"runId":"34664588051","familyId":"al-felony-dwop-set","member":"al-felony-dwop-set/boundary/page-002.png","bytes":541350,"sha256":"8e8443461a26bd1a2f334b2cbe2dc7543c73d3f5092a2f007ff55bb9a006da68","pngWidth":2040,"pngHeight":2640},{"runId":"34664588051","familyId":"al-felony-dwop-set","member":"al-felony-dwop-set/boundary/page-003.png","bytes":534146,"sha256":"363dccb2f3800f9d603fd0d7b8e38860cc51c73a6117c40a7bf427da8dd3abb3","pngWidth":2040,"pngHeight":2640},{"runId":"34664588051","familyId":"al-felony-dwop-set","member":"al-felony-dwop-set/boundary/page-004.png","bytes":552918,"sha256":"e6c86ba6138e7d42edc73b67b0d43e9aafdc419fd95963a439d03df6e71752a6","pngWidth":2040,"pngHeight":2640},{"runId":"34664588051","familyId":"al-felony-dwop-set","member":"al-felony-dwop-set/boundary/page-005.png","bytes":376595,"sha256":"18f8c16cf684fb84a0b33798f807be24f4618de33d8df1abb8f9cfab6aded6db","pngWidth":2040,"pngHeight":2640},{"runId":"34664588051","familyId":"al-felony-dwop-set","member":"al-felony-dwop-set/boundary/page-006.png","bytes":359873,"sha256":"16dfea476e05bf3cb4da8ff5e5902cb0e153eb85e7f176c609c0bc353d058273","pngWidth":2040,"pngHeight":2640},{"runId":"34664588051","familyId":"al-felony-dwop-set","member":"al-felony-dwop-set/boundary/page-007.png","bytes":434042,"sha256":"68a594b4e3298b1d3b2d58d9e97846aa3186721993f43d79356936aaad3899b0","pngWidth":2040,"pngHeight":2640},{"runId":"34664588051","familyId":"al-felony-dwop-set","member":"al-felony-dwop-set/boundary/page-008.png","bytes":872723,"sha256":"fba565776a6bddc9e13ba86ce28c194bf6ba4482681038a98af0006cdf439d70","pngWidth":2040,"pngHeight":2640},{"runId":"34664588051","familyId":"al-felony-dwop-set","member":"al-felony-dwop-set/boundary/page-009.png","bytes":467647,"sha256":"1f5dac4144933ac2900fcd73482d0b301a1337875e44db1976d19451b0bf7734","pngWidth":2040,"pngHeight":2640},{"runId":"34664588051","familyId":"al-felony-dwop-set","member":"al-felony-dwop-set/boundary/page-010.png","bytes":476842,"sha256":"6bcb80b908fa73154fb7d739df0f88343a548779e4aa6ee61601d92b80f94b34","pngWidth":2040,"pngHeight":2640},{"runId":"34664588051","familyId":"al-felony-dwop-set","member":"al-felony-dwop-set/boundary/page-011.png","bytes":427956,"sha256":"3d8753a2fd235f0a0ce226962e7b6918fe2c75b96c62e43b0c544edec4d2f170","pngWidth":2040,"pngHeight":2640}]
al-felony-dwop-set	Render and measure al-felony-dwop-set	2026-09-12T01:32:05.3772106Z RCAP_RECEIPT_END family=al-felony-dwop-set run=34664588051 pages=22
al-felony-dwop-set	Render and measure al-felony-dwop-set	2026-09-12T01:32:05.3773071Z RASTER_PASS al-felony-dwop-set — 2 document(s), 22 page(s) measured, 0 problem(s)
al-felony-dwop-set	Print the verdict and the page digests to the log	﻿2026-09-12T01:32:05.3869834Z ##[group]Run set -uo pipefail
al-felony-dwop-set	Print the verdict and the page digests to the log	2026-09-12T01:32:05.3870206Z ^[[36;1mset -uo pipefail^[[0m
al-felony-dwop-set	Print the verdict and the page digests to the log	2026-09-12T01:32:05.3870544Z ^[[36;1mfor v in raster-out/*.verdict.json; do^[[0m
al-felony-dwop-set	Print the verdict and the page digests to the log	2026-09-12T01:32:05.3870902Z ^[[36;1m  [ -e "$v" ] || continue^[[0m
al-felony-dwop-set	Print the verdict and the page digests to the log	2026-09-12T01:32:05.3871256Z ^[[36;1m  echo "===== BEGIN VERDICT $(basename "$v") ====="^[[0m
al-felony-dwop-set	Print the verdict and the page digests to the log	2026-09-12T01:32:05.3871628Z ^[[36;1m  cat "$v"^[[0m
al-felony-dwop-set	Print the verdict and the page digests to the log	2026-09-12T01:32:05.3871920Z ^[[36;1m  echo "===== END VERDICT $(basename "$v") ====="^[[0m
al-felony-dwop-set	Print the verdict and the page digests to the log	2026-09-12T01:32:05.3872276Z ^[[36;1mdone^[[0m
al-felony-dwop-set	Print the verdict and the page digests to the log	2026-09-12T01:32:05.3872532Z ^[[36;1mecho "===== BEGIN PAGE DIGESTS ====="^[[0m
al-felony-dwop-set	Print the verdict and the page digests to the log	2026-09-12T01:32:05.3873052Z ^[[36;1mfind raster-out -type f -name '*.png' -print0 | sort -z | xargs -0 -r sha256sum^[[0m
al-felony-dwop-set	Print the verdict and the page digests to the log	2026-09-12T01:32:05.3873581Z ^[[36;1mecho "===== END PAGE DIGESTS ====="^[[0m
al-felony-dwop-set	Print the verdict and the page digests to the log	2026-09-12T01:32:05.3911570Z shell: /usr/bin/bash -e {0}
al-felony-dwop-set	Print the verdict and the page digests to the log	2026-09-12T01:32:05.3911878Z env:
al-felony-dwop-set	Print the verdict and the page digests to the log	2026-09-12T01:32:05.3912201Z   pythonLocation: /opt/hostedtoolcache/Python/3.12.14/x64
al-felony-dwop-set	Print the verdict and the page digests to the log	2026-09-12T01:32:05.3912768Z   PKG_CONFIG_PATH: /opt/hostedtoolcache/Python/3.12.14/x64/lib/pkgconfig
al-felony-dwop-set	Print the verdict and the page digests to the log	2026-09-12T01:32:05.3913369Z   Python_ROOT_DIR: /opt/hostedtoolcache/Python/3.12.14/x64
al-felony-dwop-set	Print the verdict and the page digests to the log	2026-09-12T01:32:05.3913875Z   Python2_ROOT_DIR: /opt/hostedtoolcache/Python/3.12.14/x64
al-felony-dwop-set	Print the verdict and the page digests to the log	2026-09-12T01:32:05.3914370Z   Python3_ROOT_DIR: /opt/hostedtoolcache/Python/3.12.14/x64
al-felony-dwop-set	Print the verdict and the page digests to the log	2026-09-12T01:32:05.3914870Z   LD_LIBRARY_PATH: /opt/hostedtoolcache/Python/3.12.14/x64/lib
al-felony-dwop-set	Print the verdict and the page digests to the log	2026-09-12T01:32:05.3915402Z   PLAYWRIGHT_BROWSERS_PATH: /home/runner/.cache/ms-playwright
al-felony-dwop-set	Print the verdict and the page digests to the log	2026-09-12T01:32:05.3915846Z ##[endgroup]
al-felony-dwop-set	Print the verdict and the page digests to the log	2026-09-12T01:32:05.3993025Z ===== BEGIN VERDICT al-felony-dwop-set.verdict.json =====
al-felony-dwop-set	Print the verdict and the page digests to the log	2026-09-12T01:32:05.4002918Z {
al-felony-dwop-set	Print the verdict and the page digests to the log	2026-09-12T01:32:05.4003540Z   "schemaVersion": "rcap-raster-family-verdict/v1",
al-felony-dwop-set	Print the verdict and the page digests to the log	2026-09-12T01:32:05.4004534Z   "familyId": "al-felony-dwop-set",
al-felony-dwop-set	Print the verdict and the page digests to the log	2026-09-12T01:32:05.4005253Z   "verdict": "RASTER_PASS",
al-felony-dwop-set	Print the verdict and the page digests to the log	2026-09-12T01:32:05.4005845Z   "packetCommitSha": "e38cb2ecae5ada6668fa6c7b9739eac208da6378",
al-felony-dwop-set	Print the verdict and the page digests to the log	2026-09-12T01:32:05.4006653Z   "workflowRunId": "34664588051",
al-felony-dwop-set	Print the verdict and the page digests to the log	2026-09-12T01:32:05.4007215Z   "requestedScale": 2.5,
al-felony-dwop-set	Print the verdict and the page digests to the log	2026-09-12T01:32:05.4007791Z   "cssPxPerPt": 1.3333333333333333,
al-felony-dwop-set	Print the verdict and the page digests to the log	2026-09-12T01:32:05.4008863Z   "browserExecutable": "/home/runner/.cache/ms-playwright/chromium-1223/chrome-linux64/chrome",
al-felony-dwop-set	Print the verdict and the page digests to the log	2026-09-12T01:32:05.4010112Z   "resolvedBy": "PLAYWRIGHT_BROWSERS_PATH",
al-felony-dwop-set	Print the verdict and the page digests to the log	2026-09-12T01:32:05.4010779Z   "operatingSystem": "Linux 6.17.0-1022-azure x64",
al-felony-dwop-set	Print the verdict and the page digests to the log	2026-09-12T01:32:05.4011310Z   "nodeVersion": "v22.23.2",
al-felony-dwop-set	Print the verdict and the page digests to the log	2026-09-12T01:32:05.4011666Z   "hashesBound": {
al-felony-dwop-set	Print the verdict and the page digests to the log	2026-09-12T01:32:05.4011964Z     "canonical": {
al-felony-dwop-set	Print the verdict and the page digests to the log	2026-09-12T01:32:05.4012872Z       "path": "data/rcap-all50/overlays/census-v1/al/al-felony-dwop-set--official-pdf-fill/fixtures/canonical.pdf",
al-felony-dwop-set	Print the verdict and the page digests to the log	2026-09-12T01:32:05.4013931Z       "pinned": "77f6fb0c16f67919bf70dd313e9fe37440a13fb14a45ff468a20b9948d9fc2f2"
al-felony-dwop-set	Print the verdict and the page digests to the log	2026-09-12T01:32:05.4014507Z     },
al-felony-dwop-set	Print the verdict and the page digests to the log	2026-09-12T01:32:05.4014766Z     "boundary": {
al-felony-dwop-set	Print the verdict and the page digests to the log	2026-09-12T01:32:05.4015537Z       "path": "data/rcap-all50/overlays/census-v1/al/al-felony-dwop-set--official-pdf-fill/fixtures/boundary.pdf",
al-felony-dwop-set	Print the verdict and the page digests to the log	2026-09-12T01:32:05.4016865Z       "pinned": "ee75749847d352ab3eaf51da70a08d6b22e86aa1a972cc32b22a88eabcefd95c"
al-felony-dwop-set	Print the verdict and the page digests to the log	2026-09-12T01:32:05.4017677Z     }
al-felony-dwop-set	Print the verdict and the page digests to the log	2026-09-12T01:32:05.4017926Z   },
al-felony-dwop-set	Print the verdict and the page digests to the log	2026-09-12T01:32:05.4018252Z   "documentsRendered": [
al-felony-dwop-set	Print the verdict and the page digests to the log	2026-09-12T01:32:05.4018763Z     {
al-felony-dwop-set	Print the verdict and the page digests to the log	2026-09-12T01:32:05.4019085Z       "role": "canonical",
al-felony-dwop-set	Print the verdict and the page digests to the log	2026-09-12T01:32:05.4019470Z       "document": "canonical.pdf",
al-felony-dwop-set	Print the verdict and the page digests to the log	2026-09-12T01:32:05.4020311Z       "path": "data/rcap-all50/overlays/census-v1/al/al-felony-dwop-set--official-pdf-fill/fixtures/canonical.pdf",
al-felony-dwop-set	Print the verdict and the page digests to the log	2026-09-12T01:32:05.4021644Z       "pinned": "77f6fb0c16f67919bf70dd313e9fe37440a13fb14a45ff468a20b9948d9fc2f2"
al-felony-dwop-set	Print the verdict and the page digests to the log	2026-09-12T01:32:05.4022562Z     },
al-felony-dwop-set	Print the verdict and the page digests to the log	2026-09-12T01:32:05.4022878Z     {
al-felony-dwop-set	Print the verdict and the page digests to the log	2026-09-12T01:32:05.4023195Z       "role": "boundary",
al-felony-dwop-set	Print the verdict and the page digests to the log	2026-09-12T01:32:05.4023661Z       "document": "boundary.pdf",
al-felony-dwop-set	Print the verdict and the page digests to the log	2026-09-12T01:32:05.4024666Z       "path": "data/rcap-all50/overlays/census-v1/al/al-felony-dwop-set--official-pdf-fill/fixtures/boundary.pdf",
al-felony-dwop-set	Print the verdict and the page digests to the log	2026-09-12T01:32:05.4025978Z       "pinned": "ee75749847d352ab3eaf51da70a08d6b22e86aa1a972cc32b22a88eabcefd95c"
al-felony-dwop-set	Print the verdict and the page digests to the log	2026-09-12T01:32:05.4028207Z     }
al-felony-dwop-set	Print the verdict and the page digests to the log	2026-09-12T01:32:05.4028539Z   ],
al-felony-dwop-set	Print the verdict and the page digests to the log	2026-09-12T01:32:05.4029302Z   "documentsDigest": "16fe33c0eff22e4bffb30b9ae15180a7a382928e20c9aafcf49c54e26ada1b98",
al-felony-dwop-set	Print the verdict and the page digests to the log	2026-09-12T01:32:05.4030197Z   "coversTheWholeFamily": true,
al-felony-dwop-set	Print the verdict and the page digests to the log	2026-09-12T01:32:05.4030689Z   "decryptionTransforms": [],
al-felony-dwop-set	Print the verdict and the page digests to the log	2026-09-12T01:32:05.4033997Z   "decryptionRule": "An encrypted source is hashed before any transform; Poppler and qpdf must independently agree on its page count; the temporary derivative is decrypted and serialized with explicit objects, then admitted only when geometry, decoded page content, fields/widgets, and XFA remain identical; only that temporary transport is passed to pdf-lib for calibrated rendering; the queued packet bytes are never modified.",
al-felony-dwop-set	Print the verdict and the page digests to the log	2026-09-12T01:32:05.4037236Z   "pagesMeasured": 22,
al-felony-dwop-set	Print the verdict and the page digests to the log	2026-09-12T01:32:05.4037660Z   "measurements": [
al-felony-dwop-set	Print the verdict and the page digests to the log	2026-09-12T01:32:05.4038022Z     {
al-felony-dwop-set	Print the verdict and the page digests to the log	2026-09-12T01:32:05.4038363Z       "kind": "canonical",
al-felony-dwop-set	Print the verdict and the page digests to the log	2026-09-12T01:32:05.4038859Z       "document": "canonical.pdf",
al-felony-dwop-set	Print the verdict and the page digests to the log	2026-09-12T01:32:05.4039340Z       "page": 1,
al-felony-dwop-set	Print the verdict and the page digests to the log	2026-09-12T01:32:05.4039896Z       "png": "al-felony-dwop-set/canonical/page-001.png",
al-felony-dwop-set	Print the verdict and the page digests to the log	2026-09-12T01:32:05.4040475Z       "bytes": 501134,
al-felony-dwop-set	Print the verdict and the page digests to the log	2026-09-12T01:32:05.4041231Z       "pngSha256": "b46fd9b81944f26cbf1602d30ae1bf4f86141d679a14a6ef5876b3810efa849c",
al-felony-dwop-set	Print the verdict and the page digests to the log	2026-09-12T01:32:05.4042018Z       "pngWidth": 2040,
al-felony-dwop-set	Print the verdict and the page digests to the log	2026-09-12T01:32:05.4042406Z       "pngHeight": 2640,
al-felony-dwop-set	Print the verdict and the page digests to the log	2026-09-12T01:32:05.4042804Z       "paper": {
al-felony-dwop-set	Print the verdict and the page digests to the log	2026-09-12T01:32:05.4043159Z         "x0": 204,
al-felony-dwop-set	Print the verdict and the page digests to the log	2026-09-12T01:32:05.4043486Z         "y0": 3,
al-felony-dwop-set	Print the verdict and the page digests to the log	2026-09-12T01:32:05.4043814Z         "x1": 2243,
al-felony-dwop-set	Print the verdict and the page digests to the log	2026-09-12T01:32:05.4044155Z         "y1": 2642,
al-felony-dwop-set	Print the verdict and the page digests to the log	2026-09-12T01:32:05.4044489Z         "width": 2040,
al-felony-dwop-set	Print the verdict and the page digests to the log	2026-09-12T01:32:05.4044825Z         "height": 2640
al-felony-dwop-set	Print the verdict and the page digests to the log	2026-09-12T01:32:05.4045032Z       },
al-felony-dwop-set	Print the verdict and the page digests to the log	2026-09-12T01:32:05.4045248Z       "pxPerPt": 3.3333333333333335,
al-felony-dwop-set	Print the verdict and the page digests to the log	2026-09-12T01:32:05.4045546Z       "expectedPxPerPt": 3.333333333333333,
al-felony-dwop-set	Print the verdict and the page digests to the log	2026-09-12T01:32:05.4045832Z       "pageWidthPt": 612,
al-felony-dwop-set	Print the verdict and the page digests to the log	2026-09-12T01:32:05.4046073Z       "pageHeightPt": 792,
al-felony-dwop-set	Print the verdict and the page digests to the log	2026-09-12T01:32:05.4046309Z       "expectedPx": {
al-felony-dwop-set	Print the verdict and the page digests to the log	2026-09-12T01:32:05.4046854Z         "width": 2039.9999999999998,
al-felony-dwop-set	Print the verdict and the page digests to the log	2026-09-12T01:32:05.4047139Z         "height": 2639.9999999999995,
al-felony-dwop-set	Print the verdict and the page digests to the log	2026-09-12T01:32:05.4047418Z         "tolerancePx": 6.666666666666666
al-felony-dwop-set	Print the verdict and the page digests to the log	2026-09-12T01:32:05.4047676Z       },
al-felony-dwop-set	Print the verdict and the page digests to the log	2026-09-12T01:32:05.4047896Z       "calibrationResidualPx": 0,
al-felony-dwop-set	Print the verdict and the page digests to the log	2026-09-12T01:32:05.4048238Z       "inkFractionInsidePaper": 0.06878583630421865,
al-felony-dwop-set	Print the verdict and the page digests to the log	2026-09-12T01:32:05.4048546Z       "nonblank": true,
al-felony-dwop-set	Print the verdict and the page digests to the log	2026-09-12T01:32:05.4048792Z       "croppedToThePage": true
al-felony-dwop-set	Print the verdict and the page digests to the log	2026-09-12T01:32:05.4049026Z     },
al-felony-dwop-set	Print the verdict and the page digests to the log	2026-09-12T01:32:05.4049203Z     {
al-felony-dwop-set	Print the verdict and the page digests to the log	2026-09-12T01:32:05.4049387Z       "kind": "canonical",
al-felony-dwop-set	Print the verdict and the page digests to the log	2026-09-12T01:32:05.4049645Z       "document": "canonical.pdf",
al-felony-dwop-set	Print the verdict and the page digests to the log	2026-09-12T01:32:05.4049892Z       "page": 2,
al-felony-dwop-set	Print the verdict and the page digests to the log	2026-09-12T01:32:05.4050181Z       "png": "al-felony-dwop-set/canonical/page-002.png",
al-felony-dwop-set	Print the verdict and the page digests to the log	2026-09-12T01:32:05.4050493Z       "bytes": 541350,
al-felony-dwop-set	Print the verdict and the page digests to the log	2026-09-12T01:32:05.4050902Z       "pngSha256": "8e8443461a26bd1a2f334b2cbe2dc7543c73d3f5092a2f007ff55bb9a006da68",
al-felony-dwop-set	Print the verdict and the page digests to the log	2026-09-12T01:32:05.4051540Z       "pngWidth": 2040,
al-felony-dwop-set	Print the verdict and the page digests to the log	2026-09-12T01:32:05.4051761Z       "pngHeight": 2640,
al-felony-dwop-set	Print the verdict and the page digests to the log	2026-09-12T01:32:05.4051981Z       "paper": {
al-felony-dwop-set	Print the verdict and the page digests to the log	2026-09-12T01:32:05.4052174Z         "x0": 204,
al-felony-dwop-set	Print the verdict and the page digests to the log	2026-09-12T01:32:05.4052364Z         "y0": 3,
al-felony-dwop-set	Print the verdict and the page digests to the log	2026-09-12T01:32:05.4052557Z         "x1": 2243,
al-felony-dwop-set	Print the verdict and the page digests to the log	2026-09-12T01:32:05.4052746Z         "y1": 2642,
al-felony-dwop-set	Print the verdict and the page digests to the log	2026-09-12T01:32:05.4052935Z         "width": 2040,
al-felony-dwop-set	Print the verdict and the page digests to the log	2026-09-12T01:32:05.4053147Z         "height": 2640
al-felony-dwop-set	Print the verdict and the page digests to the log	2026-09-12T01:32:05.4053345Z       },
al-felony-dwop-set	Print the verdict and the page digests to the log	2026-09-12T01:32:05.4053560Z       "pxPerPt": 3.3333333333333335,
al-felony-dwop-set	Print the verdict and the page digests to the log	2026-09-12T01:32:05.4053864Z       "expectedPxPerPt": 3.333333333333333,
al-felony-dwop-set	Print the verdict and the page digests to the log	2026-09-12T01:32:05.4054151Z       "pageWidthPt": 612,
al-felony-dwop-set	Print the verdict and the page digests to the log	2026-09-12T01:32:05.4054390Z       "pageHeightPt": 792,
al-felony-dwop-set	Print the verdict and the page digests to the log	2026-09-12T01:32:05.4054619Z       "expectedPx": {
al-felony-dwop-set	Print the verdict and the page digests to the log	2026-09-12T01:32:05.4054860Z         "width": 2039.9999999999998,
al-felony-dwop-set	Print the verdict and the page digests to the log	2026-09-12T01:32:05.4055135Z         "height": 2639.9999999999995,
al-felony-dwop-set	Print the verdict and the page digests to the log	2026-09-12T01:32:05.4055573Z         "tolerancePx": 6.666666666666666
al-felony-dwop-set	Print the verdict and the page digests to the log	2026-09-12T01:32:05.4055831Z       },
al-felony-dwop-set	Print the verdict and the page digests to the log	2026-09-12T01:32:05.4056047Z       "calibrationResidualPx": 0,
al-felony-dwop-set	Print the verdict and the page digests to the log	2026-09-12T01:32:05.4056617Z       "inkFractionInsidePaper": 0.06971015300059417,
al-felony-dwop-set	Print the verdict and the page digests to the log	2026-09-12T01:32:05.4056956Z       "nonblank": true,
al-felony-dwop-set	Print the verdict and the page digests to the log	2026-09-12T01:32:05.4057249Z       "croppedToThePage": true
al-felony-dwop-set	Print the verdict and the page digests to the log	2026-09-12T01:32:05.4057494Z     },
al-felony-dwop-set	Print the verdict and the page digests to the log	2026-09-12T01:32:05.4057665Z     {
al-felony-dwop-set	Print the verdict and the page digests to the log	2026-09-12T01:32:05.4057851Z       "kind": "canonical",
al-felony-dwop-set	Print the verdict and the page digests to the log	2026-09-12T01:32:05.4058118Z       "document": "canonical.pdf",
al-felony-dwop-set	Print the verdict and the page digests to the log	2026-09-12T01:32:05.4058364Z       "page": 3,
al-felony-dwop-set	Print the verdict and the page digests to the log	2026-09-12T01:32:05.4058648Z       "png": "al-felony-dwop-set/canonical/page-003.png",
al-felony-dwop-set	Print the verdict and the page digests to the log	2026-09-12T01:32:05.4058959Z       "bytes": 534146,
al-felony-dwop-set	Print the verdict and the page digests to the log	2026-09-12T01:32:05.4059362Z       "pngSha256": "363dccb2f3800f9d603fd0d7b8e38860cc51c73a6117c40a7bf427da8dd3abb3",
al-felony-dwop-set	Print the verdict and the page digests to the log	2026-09-12T01:32:05.4059803Z       "pngWidth": 2040,
al-felony-dwop-set	Print the verdict and the page digests to the log	2026-09-12T01:32:05.4060018Z       "pngHeight": 2640,
al-felony-dwop-set	Print the verdict and the page digests to the log	2026-09-12T01:32:05.4060227Z       "paper": {
al-felony-dwop-set	Print the verdict and the page digests to the log	2026-09-12T01:32:05.4060430Z         "x0": 204,
al-felony-dwop-set	Print the verdict and the page digests to the log	2026-09-12T01:32:05.4060619Z         "y0": 3,
al-felony-dwop-set	Print the verdict and the page digests to the log	2026-09-12T01:32:05.4060807Z         "x1": 2243,
al-felony-dwop-set	Print the verdict and the page digests to the log	2026-09-12T01:32:05.4061002Z         "y1": 2642,
al-felony-dwop-set	Print the verdict and the page digests to the log	2026-09-12T01:32:05.4061190Z         "width": 2040,
al-felony-dwop-set	Print the verdict and the page digests to the log	2026-09-12T01:32:05.4061394Z         "height": 2640
al-felony-dwop-set	Print the verdict and the page digests to the log	2026-09-12T01:32:05.4061590Z       },
al-felony-dwop-set	Print the verdict and the page digests to the log	2026-09-12T01:32:05.4061797Z       "pxPerPt": 3.3333333333333335,
al-felony-dwop-set	Print the verdict and the page digests to the log	2026-09-12T01:32:05.4062084Z       "expectedPxPerPt": 3.333333333333333,
al-felony-dwop-set	Print the verdict and the page digests to the log	2026-09-12T01:32:05.4062368Z       "pageWidthPt": 612,
al-felony-dwop-set	Print the verdict and the page digests to the log	2026-09-12T01:32:05.4062598Z       "pageHeightPt": 792,
al-felony-dwop-set	Print the verdict and the page digests to the log	2026-09-12T01:32:05.4062825Z       "expectedPx": {
al-felony-dwop-set	Print the verdict and the page digests to the log	2026-09-12T01:32:05.4063058Z         "width": 2039.9999999999998,
al-felony-dwop-set	Print the verdict and the page digests to the log	2026-09-12T01:32:05.4063324Z         "height": 2639.9999999999995,
al-felony-dwop-set	Print the verdict and the page digests to the log	2026-09-12T01:32:05.4063600Z         "tolerancePx": 6.666666666666666
al-felony-dwop-set	Print the verdict and the page digests to the log	2026-09-12T01:32:05.4063851Z       },
al-felony-dwop-set	Print the verdict and the page digests to the log	2026-09-12T01:32:05.4064069Z       "calibrationResidualPx": 0,
al-felony-dwop-set	Print the verdict and the page digests to the log	2026-09-12T01:32:05.4064384Z       "inkFractionInsidePaper": 0.07397207367795604,
al-felony-dwop-set	Print the verdict and the page digests to the log	2026-09-12T01:32:05.4064687Z       "nonblank": true,
al-felony-dwop-set	Print the verdict and the page digests to the log	2026-09-12T01:32:05.4064931Z       "croppedToThePage": true
al-felony-dwop-set	Print the verdict and the page digests to the log	2026-09-12T01:32:05.4065165Z     },
al-felony-dwop-set	Print the verdict and the page digests to the log	2026-09-12T01:32:05.4065341Z     {
al-felony-dwop-set	Print the verdict and the page digests to the log	2026-09-12T01:32:05.4065520Z       "kind": "canonical",
al-felony-dwop-set	Print the verdict and the page digests to the log	2026-09-12T01:32:05.4065775Z       "document": "canonical.pdf",
al-felony-dwop-set	Print the verdict and the page digests to the log	2026-09-12T01:32:05.4066014Z       "page": 4,
al-felony-dwop-set	Print the verdict and the page digests to the log	2026-09-12T01:32:05.4066291Z       "png": "al-felony-dwop-set/canonical/page-004.png",
al-felony-dwop-set	Print the verdict and the page digests to the log	2026-09-12T01:32:05.4066826Z       "bytes": 552918,
al-felony-dwop-set	Print the verdict and the page digests to the log	2026-09-12T01:32:05.4067241Z       "pngSha256": "e6c86ba6138e7d42edc73b67b0d43e9aafdc419fd95963a439d03df6e71752a6",
al-felony-dwop-set	Print the verdict and the page digests to the log	2026-09-12T01:32:05.4067657Z       "pngWidth": 2040,
al-felony-dwop-set	Print the verdict and the page digests to the log	2026-09-12T01:32:05.4067868Z       "pngHeight": 2640,
al-felony-dwop-set	Print the verdict and the page digests to the log	2026-09-12T01:32:05.4068081Z       "paper": {
al-felony-dwop-set	Print the verdict and the page digests to the log	2026-09-12T01:32:05.4068270Z         "x0": 204,
al-felony-dwop-set	Print the verdict and the page digests to the log	2026-09-12T01:32:05.4068458Z         "y0": 3,
al-felony-dwop-set	Print the verdict and the page digests to the log	2026-09-12T01:32:05.4068644Z         "x1": 2243,
al-felony-dwop-set	Print the verdict and the page digests to the log	2026-09-12T01:32:05.4068830Z         "y1": 2642,
al-felony-dwop-set	Print the verdict and the page digests to the log	2026-09-12T01:32:05.4069027Z         "width": 2040,
al-felony-dwop-set	Print the verdict and the page digests to the log	2026-09-12T01:32:05.4069229Z         "height": 2640
al-felony-dwop-set	Print the verdict and the page digests to the log	2026-09-12T01:32:05.4069426Z       },
al-felony-dwop-set	Print the verdict and the page digests to the log	2026-09-12T01:32:05.4069633Z       "pxPerPt": 3.3333333333333335,
al-felony-dwop-set	Print the verdict and the page digests to the log	2026-09-12T01:32:05.4070082Z       "expectedPxPerPt": 3.333333333333333,
al-felony-dwop-set	Print the verdict and the page digests to the log	2026-09-12T01:32:05.4070355Z       "pageWidthPt": 612,
al-felony-dwop-set	Print the verdict and the page digests to the log	2026-09-12T01:32:05.4070580Z       "pageHeightPt": 792,
al-felony-dwop-set	Print the verdict and the page digests to the log	2026-09-12T01:32:05.4070804Z       "expectedPx": {
al-felony-dwop-set	Print the verdict and the page digests to the log	2026-09-12T01:32:05.4071032Z         "width": 2039.9999999999998,
al-felony-dwop-set	Print the verdict and the page digests to the log	2026-09-12T01:32:05.4071299Z         "height": 2639.9999999999995,
al-felony-dwop-set	Print the verdict and the page digests to the log	2026-09-12T01:32:05.4071581Z         "tolerancePx": 6.666666666666666
al-felony-dwop-set	Print the verdict and the page digests to the log	2026-09-12T01:32:05.4071831Z       },
al-felony-dwop-set	Print the verdict and the page digests to the log	2026-09-12T01:32:05.4072041Z       "calibrationResidualPx": 0,
al-felony-dwop-set	Print the verdict and the page digests to the log	2026-09-12T01:32:05.4072351Z       "inkFractionInsidePaper": 0.08551674836601307,
al-felony-dwop-set	Print the verdict and the page digests to the log	2026-09-12T01:32:05.4072643Z       "nonblank": true,
al-felony-dwop-set	Print the verdict and the page digests to the log	2026-09-12T01:32:05.4072885Z       "croppedToThePage": true
al-felony-dwop-set	Print the verdict and the page digests to the log	2026-09-12T01:32:05.4073114Z     },
al-felony-dwop-set	Print the verdict and the page digests to the log	2026-09-12T01:32:05.4073279Z     {
al-felony-dwop-set	Print the verdict and the page digests to the log	2026-09-12T01:32:05.4073459Z       "kind": "canonical",
al-felony-dwop-set	Print the verdict and the page digests to the log	2026-09-12T01:32:05.4073712Z       "document": "canonical.pdf",
al-felony-dwop-set	Print the verdict and the page digests to the log	2026-09-12T01:32:05.4074144Z       "page": 5,
al-felony-dwop-set	Print the verdict and the page digests to the log	2026-09-12T01:32:05.4074426Z       "png": "al-felony-dwop-set/canonical/page-005.png",
al-felony-dwop-set	Print the verdict and the page digests to the log	2026-09-12T01:32:05.4074734Z       "bytes": 376595,
al-felony-dwop-set	Print the verdict and the page digests to the log	2026-09-12T01:32:05.4075127Z       "pngSha256": "18f8c16cf684fb84a0b33798f807be24f4618de33d8df1abb8f9cfab6aded6db",
al-felony-dwop-set	Print the verdict and the page digests to the log	2026-09-12T01:32:05.4075537Z       "pngWidth": 2040,
al-felony-dwop-set	Print the verdict and the page digests to the log	2026-09-12T01:32:05.4075751Z       "pngHeight": 2640,
al-felony-dwop-set	Print the verdict and the page digests to the log	2026-09-12T01:32:05.4075966Z       "paper": {
al-felony-dwop-set	Print the verdict and the page digests to the log	2026-09-12T01:32:05.4076157Z         "x0": 204,
al-felony-dwop-set	Print the verdict and the page digests to the log	2026-09-12T01:32:05.4076719Z         "y0": 3,
al-felony-dwop-set	Print the verdict and the page digests to the log	2026-09-12T01:32:05.4076936Z         "x1": 2243,
al-felony-dwop-set	Print the verdict and the page digests to the log	2026-09-12T01:32:05.4077133Z         "y1": 2642,
al-felony-dwop-set	Print the verdict and the page digests to the log	2026-09-12T01:32:05.4077331Z         "width": 2040,
al-felony-dwop-set	Print the verdict and the page digests to the log	2026-09-12T01:32:05.4077540Z         "height": 2640
al-felony-dwop-set	Print the verdict and the page digests to the log	2026-09-12T01:32:05.4077739Z       },
al-felony-dwop-set	Print the verdict and the page digests to the log	2026-09-12T01:32:05.4077956Z       "pxPerPt": 3.3333333333333335,
al-felony-dwop-set	Print the verdict and the page digests to the log	2026-09-12T01:32:05.4078247Z       "expectedPxPerPt": 3.333333333333333,
al-felony-dwop-set	Print the verdict and the page digests to the log	2026-09-12T01:32:05.4078530Z       "pageWidthPt": 612,
al-felony-dwop-set	Print the verdict and the page digests to the log	2026-09-12T01:32:05.4078765Z       "pageHeightPt": 792,
al-felony-dwop-set	Print the verdict and the page digests to the log	2026-09-12T01:32:05.4079001Z       "expectedPx": {
al-felony-dwop-set	Print the verdict and the page digests to the log	2026-09-12T01:32:05.4079244Z         "width": 2039.9999999999998,
al-felony-dwop-set	Print the verdict and the page digests to the log	2026-09-12T01:32:05.4079517Z         "height": 2639.9999999999995,
al-felony-dwop-set	Print the verdict and the page digests to the log	2026-09-12T01:32:05.4079797Z         "tolerancePx": 6.666666666666666
al-felony-dwop-set	Print the verdict and the page digests to the log	2026-09-12T01:32:05.4080042Z       },
al-felony-dwop-set	Print the verdict and the page digests to the log	2026-09-12T01:32:05.4080256Z       "calibrationResidualPx": 0,
al-felony-dwop-set	Print the verdict and the page digests to the log	2026-09-12T01:32:05.4080575Z       "inkFractionInsidePaper": 0.053209855912061794,
al-felony-dwop-set	Print the verdict and the page digests to the log	2026-09-12T01:32:05.4080874Z       "nonblank": true,
al-felony-dwop-set	Print the verdict and the page digests to the log	2026-09-12T01:32:05.4081114Z       "croppedToThePage": true
al-felony-dwop-set	Print the verdict and the page digests to the log	2026-09-12T01:32:05.4081341Z     },
al-felony-dwop-set	Print the verdict and the page digests to the log	2026-09-12T01:32:05.4081509Z     {
al-felony-dwop-set	Print the verdict and the page digests to the log	2026-09-12T01:32:05.4081690Z       "kind": "canonical",
al-felony-dwop-set	Print the verdict and the page digests to the log	2026-09-12T01:32:05.4081945Z       "document": "canonical.pdf",
al-felony-dwop-set	Print the verdict and the page digests to the log	2026-09-12T01:32:05.4082196Z       "page": 6,
al-felony-dwop-set	Print the verdict and the page digests to the log	2026-09-12T01:32:05.4082476Z       "png": "al-felony-dwop-set/canonical/page-006.png",
al-felony-dwop-set	Print the verdict and the page digests to the log	2026-09-12T01:32:05.4082779Z       "bytes": 359319,
al-felony-dwop-set	Print the verdict and the page digests to the log	2026-09-12T01:32:05.4083185Z       "pngSha256": "c277aabfaa35ecd8c7fedab701ca1a9b990558df4cb3db03353babc7f9bfda43",
al-felony-dwop-set	Print the verdict and the page digests to the log	2026-09-12T01:32:05.4083619Z       "pngWidth": 2040,
al-felony-dwop-set	Print the verdict and the page digests to the log	2026-09-12T01:32:05.4083842Z       "pngHeight": 2640,
al-felony-dwop-set	Print the verdict and the page digests to the log	2026-09-12T01:32:05.4084059Z       "paper": {
al-felony-dwop-set	Print the verdict and the page digests to the log	2026-09-12T01:32:05.4084245Z         "x0": 204,
al-felony-dwop-set	Print the verdict and the page digests to the log	2026-09-12T01:32:05.4084433Z         "y0": 3,
al-felony-dwop-set	Print the verdict and the page digests to the log	2026-09-12T01:32:05.4084617Z         "x1": 2243,
al-felony-dwop-set	Print the verdict and the page digests to the log	2026-09-12T01:32:05.4084804Z         "y1": 2642,
al-felony-dwop-set	Print the verdict and the page digests to the log	2026-09-12T01:32:05.4084994Z         "width": 2040,
al-felony-dwop-set	Print the verdict and the page digests to the log	2026-09-12T01:32:05.4085201Z         "height": 2640
al-felony-dwop-set	Print the verdict and the page digests to the log	2026-09-12T01:32:05.4085394Z       },
al-felony-dwop-set	Print the verdict and the page digests to the log	2026-09-12T01:32:05.4085601Z       "pxPerPt": 3.3333333333333335,
al-felony-dwop-set	Print the verdict and the page digests to the log	2026-09-12T01:32:05.4085885Z       "expectedPxPerPt": 3.333333333333333,
al-felony-dwop-set	Print the verdict and the page digests to the log	2026-09-12T01:32:05.4086154Z       "pageWidthPt": 612,
al-felony-dwop-set	Print the verdict and the page digests to the log	2026-09-12T01:32:05.4086628Z       "pageHeightPt": 792,
al-felony-dwop-set	Print the verdict and the page digests to the log	2026-09-12T01:32:05.4086879Z       "expectedPx": {
al-felony-dwop-set	Print the verdict and the page digests to the log	2026-09-12T01:32:05.4087121Z         "width": 2039.9999999999998,
al-felony-dwop-set	Print the verdict and the page digests to the log	2026-09-12T01:32:05.4087391Z         "height": 2639.9999999999995,
al-felony-dwop-set	Print the verdict and the page digests to the log	2026-09-12T01:32:05.4087666Z         "tolerancePx": 6.666666666666666
al-felony-dwop-set	Print the verdict and the page digests to the log	2026-09-12T01:32:05.4087917Z       },
al-felony-dwop-set	Print the verdict and the page digests to the log	2026-09-12T01:32:05.4088133Z       "calibrationResidualPx": 0,
al-felony-dwop-set	Print the verdict and the page digests to the log	2026-09-12T01:32:05.4088609Z       "inkFractionInsidePaper": 0.040051619132501486,
al-felony-dwop-set	Print the verdict and the page digests to the log	2026-09-12T01:32:05.4088909Z       "nonblank": true,
al-felony-dwop-set	Print the verdict and the page digests to the log	2026-09-12T01:32:05.4089151Z       "croppedToThePage": true
al-felony-dwop-set	Print the verdict and the page digests to the log	2026-09-12T01:32:05.4089374Z     },
al-felony-dwop-set	Print the verdict and the page digests to the log	2026-09-12T01:32:05.4089544Z     {
al-felony-dwop-set	Print the verdict and the page digests to the log	2026-09-12T01:32:05.4089724Z       "kind": "canonical",
al-felony-dwop-set	Print the verdict and the page digests to the log	2026-09-12T01:32:05.4089991Z       "document": "canonical.pdf",
al-felony-dwop-set	Print the verdict and the page digests to the log	2026-09-12T01:32:05.4090235Z       "page": 7,
al-felony-dwop-set	Print the verdict and the page digests to the log	2026-09-12T01:32:05.4090513Z       "png": "al-felony-dwop-set/canonical/page-007.png",
al-felony-dwop-set	Print the verdict and the page digests to the log	2026-09-12T01:32:05.4090818Z       "bytes": 434042,
al-felony-dwop-set	Print the verdict and the page digests to the log	2026-09-12T01:32:05.4091202Z       "pngSha256": "68a594b4e3298b1d3b2d58d9e97846aa3186721993f43d79356936aaad3899b0",
al-felony-dwop-set	Print the verdict and the page digests to the log	2026-09-12T01:32:05.4091603Z       "pngWidth": 2040,
al-felony-dwop-set	Print the verdict and the page digests to the log	2026-09-12T01:32:05.4091825Z       "pngHeight": 2640,
al-felony-dwop-set	Print the verdict and the page digests to the log	2026-09-12T01:32:05.4092050Z       "paper": {
al-felony-dwop-set	Print the verdict and the page digests to the log	2026-09-12T01:32:05.4092238Z         "x0": 204,
al-felony-dwop-set	Print the verdict and the page digests to the log	2026-09-12T01:32:05.4092552Z         "y0": 3,
al-felony-dwop-set	Print the verdict and the page digests to the log	2026-09-12T01:32:05.4092739Z         "x1": 2243,
al-felony-dwop-set	Print the verdict and the page digests to the log	2026-09-12T01:32:05.4092942Z         "y1": 2642,
al-felony-dwop-set	Print the verdict and the page digests to the log	2026-09-12T01:32:05.4093143Z         "width": 2040,
al-felony-dwop-set	Print the verdict and the page digests to the log	2026-09-12T01:32:05.4093348Z         "height": 2640
al-felony-dwop-set	Print the verdict and the page digests to the log	2026-09-12T01:32:05.4093540Z       },
al-felony-dwop-set	Print the verdict and the page digests to the log	2026-09-12T01:32:05.4093747Z       "pxPerPt": 3.3333333333333335,
al-felony-dwop-set	Print the verdict and the page digests to the log	2026-09-12T01:32:05.4094035Z       "expectedPxPerPt": 3.333333333333333,
al-felony-dwop-set	Print the verdict and the page digests to the log	2026-09-12T01:32:05.4094309Z       "pageWidthPt": 612,
al-felony-dwop-set	Print the verdict and the page digests to the log	2026-09-12T01:32:05.4094543Z       "pageHeightPt": 792,
al-felony-dwop-set	Print the verdict and the page digests to the log	2026-09-12T01:32:05.4094767Z       "expectedPx": {
al-felony-dwop-set	Print the verdict and the page digests to the log	2026-09-12T01:32:05.4094998Z         "width": 2039.9999999999998,
al-felony-dwop-set	Print the verdict and the page digests to the log	2026-09-12T01:32:05.4095267Z         "height": 2639.9999999999995,
al-felony-dwop-set	Print the verdict and the page digests to the log	2026-09-12T01:32:05.4095539Z         "tolerancePx": 6.666666666666666
al-felony-dwop-set	Print the verdict and the page digests to the log	2026-09-12T01:32:05.4095782Z       },
al-felony-dwop-set	Print the verdict and the page digests to the log	2026-09-12T01:32:05.4096001Z       "calibrationResidualPx": 0,
al-felony-dwop-set	Print the verdict and the page digests to the log	2026-09-12T01:32:05.4096516Z       "inkFractionInsidePaper": 0.057026515151515154,
al-felony-dwop-set	Print the verdict and the page digests to the log	2026-09-12T01:32:05.4096955Z       "nonblank": true,
al-felony-dwop-set	Print the verdict and the page digests to the log	2026-09-12T01:32:05.4097245Z       "croppedToThePage": true
al-felony-dwop-set	Print the verdict and the page digests to the log	2026-09-12T01:32:05.4097481Z     },
al-felony-dwop-set	Print the verdict and the page digests to the log	2026-09-12T01:32:05.4097654Z     {
al-felony-dwop-set	Print the verdict and the page digests to the log	2026-09-12T01:32:05.4097838Z       "kind": "canonical",
al-felony-dwop-set	Print the verdict and the page digests to the log	2026-09-12T01:32:05.4098090Z       "document": "canonical.pdf",
al-felony-dwop-set	Print the verdict and the page digests to the log	2026-09-12T01:32:05.4098331Z       "page": 8,
al-felony-dwop-set	Print the verdict and the page digests to the log	2026-09-12T01:32:05.4098607Z       "png": "al-felony-dwop-set/canonical/page-008.png",
al-felony-dwop-set	Print the verdict and the page digests to the log	2026-09-12T01:32:05.4098906Z       "bytes": 872723,
al-felony-dwop-set	Print the verdict and the page digests to the log	2026-09-12T01:32:05.4099304Z       "pngSha256": "fba565776a6bddc9e13ba86ce28c194bf6ba4482681038a98af0006cdf439d70",
al-felony-dwop-set	Print the verdict and the page digests to the log	2026-09-12T01:32:05.4099717Z       "pngWidth": 2040,
al-felony-dwop-set	Print the verdict and the page digests to the log	2026-09-12T01:32:05.4099933Z       "pngHeight": 2640,
al-felony-dwop-set	Print the verdict and the page digests to the log	2026-09-12T01:32:05.4100148Z       "paper": {
al-felony-dwop-set	Print the verdict and the page digests to the log	2026-09-12T01:32:05.4100337Z         "x0": 204,
al-felony-dwop-set	Print the verdict and the page digests to the log	2026-09-12T01:32:05.4100526Z         "y0": 3,
al-felony-dwop-set	Print the verdict and the page digests to the log	2026-09-12T01:32:05.4100717Z         "x1": 2243,
al-felony-dwop-set	Print the verdict and the page digests to the log	2026-09-12T01:32:05.4100907Z         "y1": 2642,
al-felony-dwop-set	Print the verdict and the page digests to the log	2026-09-12T01:32:05.4101099Z         "width": 2040,
al-felony-dwop-set	Print the verdict and the page digests to the log	2026-09-12T01:32:05.4101300Z         "height": 2640
al-felony-dwop-set	Print the verdict and the page digests to the log	2026-09-12T01:32:05.4101492Z       },
al-felony-dwop-set	Print the verdict and the page digests to the log	2026-09-12T01:32:05.4101701Z       "pxPerPt": 3.3333333333333335,
al-felony-dwop-set	Print the verdict and the page digests to the log	2026-09-12T01:32:05.4101990Z       "expectedPxPerPt": 3.333333333333333,
al-felony-dwop-set	Print the verdict and the page digests to the log	2026-09-12T01:32:05.4102268Z       "pageWidthPt": 612,
al-felony-dwop-set	Print the verdict and the page digests to the log	2026-09-12T01:32:05.4102498Z       "pageHeightPt": 792,
al-felony-dwop-set	Print the verdict and the page digests to the log	2026-09-12T01:32:05.4102719Z       "expectedPx": {
al-felony-dwop-set	Print the verdict and the page digests to the log	2026-09-12T01:32:05.4102949Z         "width": 2039.9999999999998,
al-felony-dwop-set	Print the verdict and the page digests to the log	2026-09-12T01:32:05.4103215Z         "height": 2639.9999999999995,
al-felony-dwop-set	Print the verdict and the page digests to the log	2026-09-12T01:32:05.4103497Z         "tolerancePx": 6.666666666666666
al-felony-dwop-set	Print the verdict and the page digests to the log	2026-09-12T01:32:05.4103737Z       },
al-felony-dwop-set	Print the verdict and the page digests to the log	2026-09-12T01:32:05.4103950Z       "calibrationResidualPx": 0,
al-felony-dwop-set	Print the verdict and the page digests to the log	2026-09-12T01:32:05.4104262Z       "inkFractionInsidePaper": 0.10128045157456922,
al-felony-dwop-set	Print the verdict and the page digests to the log	2026-09-12T01:32:05.4104555Z       "nonblank": true,
al-felony-dwop-set	Print the verdict and the page digests to the log	2026-09-12T01:32:05.4104800Z       "croppedToThePage": true
al-felony-dwop-set	Print the verdict and the page digests to the log	2026-09-12T01:32:05.4105030Z     },
al-felony-dwop-set	Print the verdict and the page digests to the log	2026-09-12T01:32:05.4105197Z     {
al-felony-dwop-set	Print the verdict and the page digests to the log	2026-09-12T01:32:05.4105378Z       "kind": "canonical",
al-felony-dwop-set	Print the verdict and the page digests to the log	2026-09-12T01:32:05.4105629Z       "document": "canonical.pdf",
al-felony-dwop-set	Print the verdict and the page digests to the log	2026-09-12T01:32:05.4105868Z       "page": 9,
al-felony-dwop-set	Print the verdict and the page digests to the log	2026-09-12T01:32:05.4106150Z       "png": "al-felony-dwop-set/canonical/page-009.png",
al-felony-dwop-set	Print the verdict and the page digests to the log	2026-09-12T01:32:05.4106947Z       "bytes": 457405,
al-felony-dwop-set	Print the verdict and the page digests to the log	2026-09-12T01:32:05.4107375Z       "pngSha256": "10c55e4dfdd90530fff8db9690252b795f392d4fd9b05f7705d96a55e0e7bf91",
al-felony-dwop-set	Print the verdict and the page digests to the log	2026-09-12T01:32:05.4107804Z       "pngWidth": 2040,
al-felony-dwop-set	Print the verdict and the page digests to the log	2026-09-12T01:32:05.4108025Z       "pngHeight": 2640,
al-felony-dwop-set	Print the verdict and the page digests to the log	2026-09-12T01:32:05.4108245Z       "paper": {
al-felony-dwop-set	Print the verdict and the page digests to the log	2026-09-12T01:32:05.4108436Z         "x0": 204,
al-felony-dwop-set	Print the verdict and the page digests to the log	2026-09-12T01:32:05.4108630Z         "y0": 3,
al-felony-dwop-set	Print the verdict and the page digests to the log	2026-09-12T01:32:05.4108813Z         "x1": 2243,
al-felony-dwop-set	Print the verdict and the page digests to the log	2026-09-12T01:32:05.4109000Z         "y1": 2642,
al-felony-dwop-set	Print the verdict and the page digests to the log	2026-09-12T01:32:05.4109191Z         "width": 2040,
al-felony-dwop-set	Print the verdict and the page digests to the log	2026-09-12T01:32:05.4109397Z         "height": 2640
al-felony-dwop-set	Print the verdict and the page digests to the log	2026-09-12T01:32:05.4109594Z       },
al-felony-dwop-set	Print the verdict and the page digests to the log	2026-09-12T01:32:05.4109809Z       "pxPerPt": 3.3333333333333335,
al-felony-dwop-set	Print the verdict and the page digests to the log	2026-09-12T01:32:05.4110100Z       "expectedPxPerPt": 3.333333333333333,
al-felony-dwop-set	Print the verdict and the page digests to the log	2026-09-12T01:32:05.4110380Z       "pageWidthPt": 612,
al-felony-dwop-set	Print the verdict and the page digests to the log	2026-09-12T01:32:05.4110612Z       "pageHeightPt": 792,
al-felony-dwop-set	Print the verdict and the page digests to the log	2026-09-12T01:32:05.4110978Z       "expectedPx": {
al-felony-dwop-set	Print the verdict and the page digests to the log	2026-09-12T01:32:05.4111210Z         "width": 2039.9999999999998,
al-felony-dwop-set	Print the verdict and the page digests to the log	2026-09-12T01:32:05.4111489Z         "height": 2639.9999999999995,
al-felony-dwop-set	Print the verdict and the page digests to the log	2026-09-12T01:32:05.4111768Z         "tolerancePx": 6.666666666666666
al-felony-dwop-set	Print the verdict and the page digests to the log	2026-09-12T01:32:05.4112016Z       },
al-felony-dwop-set	Print the verdict and the page digests to the log	2026-09-12T01:32:05.4112231Z       "calibrationResidualPx": 0,
al-felony-dwop-set	Print the verdict and the page digests to the log	2026-09-12T01:32:05.4112547Z       "inkFractionInsidePaper": 0.053917483660130716,
al-felony-dwop-set	Print the verdict and the page digests to the log	2026-09-12T01:32:05.4112840Z       "nonblank": true,
al-felony-dwop-set	Print the verdict and the page digests to the log	2026-09-12T01:32:05.4113089Z       "croppedToThePage": true
al-felony-dwop-set	Print the verdict and the page digests to the log	2026-09-12T01:32:05.4113320Z     },
al-felony-dwop-set	Print the verdict and the page digests to the log	2026-09-12T01:32:05.4113489Z     {
al-felony-dwop-set	Print the verdict and the page digests to the log	2026-09-12T01:32:05.4113669Z       "kind": "canonical",
al-felony-dwop-set	Print the verdict and the page digests to the log	2026-09-12T01:32:05.4113921Z       "document": "canonical.pdf",
al-felony-dwop-set	Print the verdict and the page digests to the log	2026-09-12T01:32:05.4114163Z       "page": 10,
al-felony-dwop-set	Print the verdict and the page digests to the log	2026-09-12T01:32:05.4114458Z       "png": "al-felony-dwop-set/canonical/page-010.png",
al-felony-dwop-set	Print the verdict and the page digests to the log	2026-09-12T01:32:05.4115042Z       "bytes": 473307,
al-felony-dwop-set	Print the verdict and the page digests to the log	2026-09-12T01:32:05.4115761Z       "pngSha256": "3a656c7e97655b5af51a010e2371e45bdb12c54eb11b32ee04a10c152b09fc3b",
al-felony-dwop-set	Print the verdict and the page digests to the log	2026-09-12T01:32:05.4116577Z       "pngWidth": 2040,
al-felony-dwop-set	Print the verdict and the page digests to the log	2026-09-12T01:32:05.4116811Z       "pngHeight": 2640,
al-felony-dwop-set	Print the verdict and the page digests to the log	2026-09-12T01:32:05.4117035Z       "paper": {
al-felony-dwop-set	Print the verdict and the page digests to the log	2026-09-12T01:32:05.4117232Z         "x0": 204,
al-felony-dwop-set	Print the verdict and the page digests to the log	2026-09-12T01:32:05.4117420Z         "y0": 3,
al-felony-dwop-set	Print the verdict and the page digests to the log	2026-09-12T01:32:05.4117604Z         "x1": 2243,
al-felony-dwop-set	Print the verdict and the page digests to the log	2026-09-12T01:32:05.4117801Z         "y1": 2642,
al-felony-dwop-set	Print the verdict and the page digests to the log	2026-09-12T01:32:05.4118000Z         "width": 2040,
al-felony-dwop-set	Print the verdict and the page digests to the log	2026-09-12T01:32:05.4118208Z         "height": 2640
al-felony-dwop-set	Print the verdict and the page digests to the log	2026-09-12T01:32:05.4118411Z       },
al-felony-dwop-set	Print the verdict and the page digests to the log	2026-09-12T01:32:05.4118626Z       "pxPerPt": 3.3333333333333335,
al-felony-dwop-set	Print the verdict and the page digests to the log	2026-09-12T01:32:05.4118997Z       "expectedPxPerPt": 3.333333333333333,
al-felony-dwop-set	Print the verdict and the page digests to the log	2026-09-12T01:32:05.4119404Z       "pageWidthPt": 612,
al-felony-dwop-set	Print the verdict and the page digests to the log	2026-09-12T01:32:05.4119641Z       "pageHeightPt": 792,
al-felony-dwop-set	Print the verdict and the page digests to the log	2026-09-12T01:32:05.4119867Z       "expectedPx": {
al-felony-dwop-set	Print the verdict and the page digests to the log	2026-09-12T01:32:05.4120111Z         "width": 2039.9999999999998,
al-felony-dwop-set	Print the verdict and the page digests to the log	2026-09-12T01:32:05.4120380Z         "height": 2639.9999999999995,
al-felony-dwop-set	Print the verdict and the page digests to the log	2026-09-12T01:32:05.4120661Z         "tolerancePx": 6.666666666666666
al-felony-dwop-set	Print the verdict and the page digests to the log	2026-09-12T01:32:05.4120908Z       },
al-felony-dwop-set	Print the verdict and the page digests to the log	2026-09-12T01:32:05.4121133Z       "calibrationResidualPx": 0,
al-felony-dwop-set	Print the verdict and the page digests to the log	2026-09-12T01:32:05.4121457Z       "inkFractionInsidePaper": 0.05459484551396316,
al-felony-dwop-set	Print the verdict and the page digests to the log	2026-09-12T01:32:05.4121767Z       "nonblank": true,
al-felony-dwop-set	Print the verdict and the page digests to the log	2026-09-12T01:32:05.4122010Z       "croppedToThePage": true
al-felony-dwop-set	Print the verdict and the page digests to the log	2026-09-12T01:32:05.4122276Z     },
al-felony-dwop-set	Print the verdict and the page digests to the log	2026-09-12T01:32:05.4122445Z     {
al-felony-dwop-set	Print the verdict and the page digests to the log	2026-09-12T01:32:05.4122628Z       "kind": "canonical",
al-felony-dwop-set	Print the verdict and the page digests to the log	2026-09-12T01:32:05.4122934Z       "document": "canonical.pdf",
al-felony-dwop-set	Print the verdict and the page digests to the log	2026-09-12T01:32:05.4123317Z       "page": 11,
al-felony-dwop-set	Print the verdict and the page digests to the log	2026-09-12T01:32:05.4123613Z       "png": "al-felony-dwop-set/canonical/page-011.png",
al-felony-dwop-set	Print the verdict and the page digests to the log	2026-09-12T01:32:05.4123922Z       "bytes": 427956,
al-felony-dwop-set	Print the verdict and the page digests to the log	2026-09-12T01:32:05.4124352Z       "pngSha256": "3d8753a2fd235f0a0ce226962e7b6918fe2c75b96c62e43b0c544edec4d2f170",
al-felony-dwop-set	Print the verdict and the page digests to the log	2026-09-12T01:32:05.4124768Z       "pngWidth": 2040,
al-felony-dwop-set	Print the verdict and the page digests to the log	2026-09-12T01:32:05.4124988Z       "pngHeight": 2640,
al-felony-dwop-set	Print the verdict and the page digests to the log	2026-09-12T01:32:05.4125202Z       "paper": {
al-felony-dwop-set	Print the verdict and the page digests to the log	2026-09-12T01:32:05.4125392Z         "x0": 204,
al-felony-dwop-set	Print the verdict and the page digests to the log	2026-09-12T01:32:05.4125585Z         "y0": 3,
al-felony-dwop-set	Print the verdict and the page digests to the log	2026-09-12T01:32:05.4125775Z         "x1": 2243,
al-felony-dwop-set	Print the verdict and the page digests to the log	2026-09-12T01:32:05.4125967Z         "y1": 2642,
al-felony-dwop-set	Print the verdict and the page digests to the log	2026-09-12T01:32:05.4126596Z         "width": 2040,
al-felony-dwop-set	Print the verdict and the page digests to the log	2026-09-12T01:32:05.4127016Z         "height": 2640
al-felony-dwop-set	Print the verdict and the page digests to the log	2026-09-12T01:32:05.4127253Z       },
al-felony-dwop-set	Print the verdict and the page digests to the log	2026-09-12T01:32:05.4127551Z       "pxPerPt": 3.3333333333333335,
al-felony-dwop-set	Print the verdict and the page digests to the log	2026-09-12T01:32:05.4128002Z       "expectedPxPerPt": 3.333333333333333,
al-felony-dwop-set	Print the verdict and the page digests to the log	2026-09-12T01:32:05.4128478Z       "pageWidthPt": 612,
al-felony-dwop-set	Print the verdict and the page digests to the log	2026-09-12T01:32:05.4128730Z       "pageHeightPt": 792,
al-felony-dwop-set	Print the verdict and the page digests to the log	2026-09-12T01:32:05.4128962Z       "expectedPx": {
al-felony-dwop-set	Print the verdict and the page digests to the log	2026-09-12T01:32:05.4129203Z         "width": 2039.9999999999998,
al-felony-dwop-set	Print the verdict and the page digests to the log	2026-09-12T01:32:05.4129480Z         "height": 2639.9999999999995,
al-felony-dwop-set	Print the verdict and the page digests to the log	2026-09-12T01:32:05.4129764Z         "tolerancePx": 6.666666666666666
al-felony-dwop-set	Print the verdict and the page digests to the log	2026-09-12T01:32:05.4130014Z       },
al-felony-dwop-set	Print the verdict and the page digests to the log	2026-09-12T01:32:05.4130237Z       "calibrationResidualPx": 0,
al-felony-dwop-set	Print the verdict and the page digests to the log	2026-09-12T01:32:05.4130755Z       "inkFractionInsidePaper": 0.05390875668449198,
al-felony-dwop-set	Print the verdict and the page digests to the log	2026-09-12T01:32:05.4131244Z       "nonblank": true,
al-felony-dwop-set	Print the verdict and the page digests to the log	2026-09-12T01:32:05.4131501Z       "croppedToThePage": true
al-felony-dwop-set	Print the verdict and the page digests to the log	2026-09-12T01:32:05.4131917Z     },
al-felony-dwop-set	Print the verdict and the page digests to the log	2026-09-12T01:32:05.4132093Z     {
al-felony-dwop-set	Print the verdict and the page digests to the log	2026-09-12T01:32:05.4132291Z       "kind": "boundary",
al-felony-dwop-set	Print the verdict and the page digests to the log	2026-09-12T01:32:05.4132548Z       "document": "boundary.pdf",
al-felony-dwop-set	Print the verdict and the page digests to the log	2026-09-12T01:32:05.4132787Z       "page": 1,
al-felony-dwop-set	Print the verdict and the page digests to the log	2026-09-12T01:32:05.4133076Z       "png": "al-felony-dwop-set/boundary/page-001.png",
al-felony-dwop-set	Print the verdict and the page digests to the log	2026-09-12T01:32:05.4133662Z       "bytes": 507944,
al-felony-dwop-set	Print the verdict and the page digests to the log	2026-09-12T01:32:05.4134192Z       "pngSha256": "2d2691f5f8511da99f759b8881b2906155db049a95ca716cff385bd00c3e8e1e",
al-felony-dwop-set	Print the verdict and the page digests to the log	2026-09-12T01:32:05.4134641Z       "pngWidth": 2040,
al-felony-dwop-set	Print the verdict and the page digests to the log	2026-09-12T01:32:05.4134868Z       "pngHeight": 2640,
al-felony-dwop-set	Print the verdict and the page digests to the log	2026-09-12T01:32:05.4135087Z       "paper": {
al-felony-dwop-set	Print the verdict and the page digests to the log	2026-09-12T01:32:05.4135285Z         "x0": 204,
al-felony-dwop-set	Print the verdict and the page digests to the log	2026-09-12T01:32:05.4135479Z         "y0": 3,
al-felony-dwop-set	Print the verdict and the page digests to the log	2026-09-12T01:32:05.4135665Z         "x1": 2243,
al-felony-dwop-set	Print the verdict and the page digests to the log	2026-09-12T01:32:05.4135859Z         "y1": 2642,
al-felony-dwop-set	Print the verdict and the page digests to the log	2026-09-12T01:32:05.4136052Z         "width": 2040,
al-felony-dwop-set	Print the verdict and the page digests to the log	2026-09-12T01:32:05.4136262Z         "height": 2640
al-felony-dwop-set	Print the verdict and the page digests to the log	2026-09-12T01:32:05.4136617Z       },
al-felony-dwop-set	Print the verdict and the page digests to the log	2026-09-12T01:32:05.4136980Z       "pxPerPt": 3.3333333333333335,
al-felony-dwop-set	Print the verdict and the page digests to the log	2026-09-12T01:32:05.4137530Z       "expectedPxPerPt": 3.333333333333333,
al-felony-dwop-set	Print the verdict and the page digests to the log	2026-09-12T01:32:05.4137841Z       "pageWidthPt": 612,
al-felony-dwop-set	Print the verdict and the page digests to the log	2026-09-12T01:32:05.4138084Z       "pageHeightPt": 792,
al-felony-dwop-set	Print the verdict and the page digests to the log	2026-09-12T01:32:05.4138316Z       "expectedPx": {
al-felony-dwop-set	Print the verdict and the page digests to the log	2026-09-12T01:32:05.4138561Z         "width": 2039.9999999999998,
al-felony-dwop-set	Print the verdict and the page digests to the log	2026-09-12T01:32:05.4138844Z         "height": 2639.9999999999995,
al-felony-dwop-set	Print the verdict and the page digests to the log	2026-09-12T01:32:05.4139128Z         "tolerancePx": 6.666666666666666
al-felony-dwop-set	Print the verdict and the page digests to the log	2026-09-12T01:32:05.4139381Z       },
al-felony-dwop-set	Print the verdict and the page digests to the log	2026-09-12T01:32:05.4139596Z       "calibrationResidualPx": 0,
al-felony-dwop-set	Print the verdict and the page digests to the log	2026-09-12T01:32:05.4139918Z       "inkFractionInsidePaper": 0.07024584076054664,
al-felony-dwop-set	Print the verdict and the page digests to the log	2026-09-12T01:32:05.4140225Z       "nonblank": true,
al-felony-dwop-set	Print the verdict and the page digests to the log	2026-09-12T01:32:05.4140478Z       "croppedToThePage": true
al-felony-dwop-set	Print the verdict and the page digests to the log	2026-09-12T01:32:05.4140707Z     },
al-felony-dwop-set	Print the verdict and the page digests to the log	2026-09-12T01:32:05.4140883Z     {
al-felony-dwop-set	Print the verdict and the page digests to the log	2026-09-12T01:32:05.4141068Z       "kind": "boundary",
al-felony-dwop-set	Print the verdict and the page digests to the log	2026-09-12T01:32:05.4141319Z       "document": "boundary.pdf",
al-felony-dwop-set	Print the verdict and the page digests to the log	2026-09-12T01:32:05.4141565Z       "page": 2,
al-felony-dwop-set	Print the verdict and the page digests to the log	2026-09-12T01:32:05.4141856Z       "png": "al-felony-dwop-set/boundary/page-002.png",
al-felony-dwop-set	Print the verdict and the page digests to the log	2026-09-12T01:32:05.4142172Z       "bytes": 541350,
al-felony-dwop-set	Print the verdict and the page digests to the log	2026-09-12T01:32:05.4142586Z       "pngSha256": "8e8443461a26bd1a2f334b2cbe2dc7543c73d3f5092a2f007ff55bb9a006da68",
al-felony-dwop-set	Print the verdict and the page digests to the log	2026-09-12T01:32:05.4143011Z       "pngWidth": 2040,
al-felony-dwop-set	Print the verdict and the page digests to the log	2026-09-12T01:32:05.4143345Z       "pngHeight": 2640,
al-felony-dwop-set	Print the verdict and the page digests to the log	2026-09-12T01:32:05.4143772Z       "paper": {
al-felony-dwop-set	Print the verdict and the page digests to the log	2026-09-12T01:32:05.4143996Z         "x0": 204,
al-felony-dwop-set	Print the verdict and the page digests to the log	2026-09-12T01:32:05.4144202Z         "y0": 3,
al-felony-dwop-set	Print the verdict and the page digests to the log	2026-09-12T01:32:05.4144405Z         "x1": 2243,
al-felony-dwop-set	Print the verdict and the page digests to the log	2026-09-12T01:32:05.4144601Z         "y1": 2642,
al-felony-dwop-set	Print the verdict and the page digests to the log	2026-09-12T01:32:05.4144795Z         "width": 2040,
al-felony-dwop-set	Print the verdict and the page digests to the log	2026-09-12T01:32:05.4145004Z         "height": 2640
al-felony-dwop-set	Print the verdict and the page digests to the log	2026-09-12T01:32:05.4145202Z       },
al-felony-dwop-set	Print the verdict and the page digests to the log	2026-09-12T01:32:05.4145419Z       "pxPerPt": 3.3333333333333335,
al-felony-dwop-set	Print the verdict and the page digests to the log	2026-09-12T01:32:05.4145725Z       "expectedPxPerPt": 3.333333333333333,
al-felony-dwop-set	Print the verdict and the page digests to the log	2026-09-12T01:32:05.4146010Z       "pageWidthPt": 612,
al-felony-dwop-set	Print the verdict and the page digests to the log	2026-09-12T01:32:05.4146244Z       "pageHeightPt": 792,
al-felony-dwop-set	Print the verdict and the page digests to the log	2026-09-12T01:32:05.4146638Z       "expectedPx": {
al-felony-dwop-set	Print the verdict and the page digests to the log	2026-09-12T01:32:05.4146949Z         "width": 2039.9999999999998,
al-felony-dwop-set	Print the verdict and the page digests to the log	2026-09-12T01:32:05.4147528Z         "height": 2639.9999999999995,
al-felony-dwop-set	Print the verdict and the page digests to the log	2026-09-12T01:32:05.4148039Z         "tolerancePx": 6.666666666666666
al-felony-dwop-set	Print the verdict and the page digests to the log	2026-09-12T01:32:05.4148301Z       },
al-felony-dwop-set	Print the verdict and the page digests to the log	2026-09-12T01:32:05.4148523Z       "calibrationResidualPx": 0,
al-felony-dwop-set	Print the verdict and the page digests to the log	2026-09-12T01:32:05.4148847Z       "inkFractionInsidePaper": 0.06971015300059417,
al-felony-dwop-set	Print the verdict and the page digests to the log	2026-09-12T01:32:05.4149153Z       "nonblank": true,
al-felony-dwop-set	Print the verdict and the page digests to the log	2026-09-12T01:32:05.4149410Z       "croppedToThePage": true
al-felony-dwop-set	Print the verdict and the page digests to the log	2026-09-12T01:32:05.4149639Z     },
al-felony-dwop-set	Print the verdict and the page digests to the log	2026-09-12T01:32:05.4149811Z     {
al-felony-dwop-set	Print the verdict and the page digests to the log	2026-09-12T01:32:05.4149997Z       "kind": "boundary",
al-felony-dwop-set	Print the verdict and the page digests to the log	2026-09-12T01:32:05.4150244Z       "document": "boundary.pdf",
al-felony-dwop-set	Print the verdict and the page digests to the log	2026-09-12T01:32:05.4150561Z       "page": 3,
al-felony-dwop-set	Print the verdict and the page digests to the log	2026-09-12T01:32:05.4151150Z       "png": "al-felony-dwop-set/boundary/page-003.png",
al-felony-dwop-set	Print the verdict and the page digests to the log	2026-09-12T01:32:05.4151489Z       "bytes": 534146,
al-felony-dwop-set	Print the verdict and the page digests to the log	2026-09-12T01:32:05.4151895Z       "pngSha256": "363dccb2f3800f9d603fd0d7b8e38860cc51c73a6117c40a7bf427da8dd3abb3",
al-felony-dwop-set	Print the verdict and the page digests to the log	2026-09-12T01:32:05.4152325Z       "pngWidth": 2040,
al-felony-dwop-set	Print the verdict and the page digests to the log	2026-09-12T01:32:05.4152708Z       "pngHeight": 2640,
al-felony-dwop-set	Print the verdict and the page digests to the log	2026-09-12T01:32:05.4152928Z       "paper": {
al-felony-dwop-set	Print the verdict and the page digests to the log	2026-09-12T01:32:05.4153139Z         "x0": 204,
al-felony-dwop-set	Print the verdict and the page digests to the log	2026-09-12T01:32:05.4153330Z         "y0": 3,
al-felony-dwop-set	Print the verdict and the page digests to the log	2026-09-12T01:32:05.4153518Z         "x1": 2243,
al-felony-dwop-set	Print the verdict and the page digests to the log	2026-09-12T01:32:05.4153718Z         "y1": 2642,
al-felony-dwop-set	Print the verdict and the page digests to the log	2026-09-12T01:32:05.4154155Z         "width": 2040,
al-felony-dwop-set	Print the verdict and the page digests to the log	2026-09-12T01:32:05.4154499Z         "height": 2640
al-felony-dwop-set	Print the verdict and the page digests to the log	2026-09-12T01:32:05.4154719Z       },
al-felony-dwop-set	Print the verdict and the page digests to the log	2026-09-12T01:32:05.4154934Z       "pxPerPt": 3.3333333333333335,
al-felony-dwop-set	Print the verdict and the page digests to the log	2026-09-12T01:32:05.4155223Z       "expectedPxPerPt": 3.333333333333333,
al-felony-dwop-set	Print the verdict and the page digests to the log	2026-09-12T01:32:05.4155498Z       "pageWidthPt": 612,
al-felony-dwop-set	Print the verdict and the page digests to the log	2026-09-12T01:32:05.4155727Z       "pageHeightPt": 792,
al-felony-dwop-set	Print the verdict and the page digests to the log	2026-09-12T01:32:05.4155956Z       "expectedPx": {
al-felony-dwop-set	Print the verdict and the page digests to the log	2026-09-12T01:32:05.4156200Z         "width": 2039.9999999999998,
al-felony-dwop-set	Print the verdict and the page digests to the log	2026-09-12T01:32:05.4156617Z         "height": 2639.9999999999995,
al-felony-dwop-set	Print the verdict and the page digests to the log	2026-09-12T01:32:05.4156909Z         "tolerancePx": 6.666666666666666
al-felony-dwop-set	Print the verdict and the page digests to the log	2026-09-12T01:32:05.4157161Z       },
al-felony-dwop-set	Print the verdict and the page digests to the log	2026-09-12T01:32:05.4157601Z       "calibrationResidualPx": 0,
al-felony-dwop-set	Print the verdict and the page digests to the log	2026-09-12T01:32:05.4158124Z       "inkFractionInsidePaper": 0.07397207367795604,
al-felony-dwop-set	Print the verdict and the page digests to the log	2026-09-12T01:32:05.4158448Z       "nonblank": true,
al-felony-dwop-set	Print the verdict and the page digests to the log	2026-09-12T01:32:05.4158697Z       "croppedToThePage": true
al-felony-dwop-set	Print the verdict and the page digests to the log	2026-09-12T01:32:05.4158927Z     },
al-felony-dwop-set	Print the verdict and the page digests to the log	2026-09-12T01:32:05.4159099Z     {
al-felony-dwop-set	Print the verdict and the page digests to the log	2026-09-12T01:32:05.4159281Z       "kind": "boundary",
al-felony-dwop-set	Print the verdict and the page digests to the log	2026-09-12T01:32:05.4159530Z       "document": "boundary.pdf",
al-felony-dwop-set	Print the verdict and the page digests to the log	2026-09-12T01:32:05.4159773Z       "page": 4,
al-felony-dwop-set	Print the verdict and the page digests to the log	2026-09-12T01:32:05.4160060Z       "png": "al-felony-dwop-set/boundary/page-004.png",
al-felony-dwop-set	Print the verdict and the page digests to the log	2026-09-12T01:32:05.4160367Z       "bytes": 552918,
al-felony-dwop-set	Print the verdict and the page digests to the log	2026-09-12T01:32:05.4160772Z       "pngSha256": "e6c86ba6138e7d42edc73b67b0d43e9aafdc419fd95963a439d03df6e71752a6",
al-felony-dwop-set	Print the verdict and the page digests to the log	2026-09-12T01:32:05.4161480Z       "pngWidth": 2040,
al-felony-dwop-set	Print the verdict and the page digests to the log	2026-09-12T01:32:05.4161786Z       "pngHeight": 2640,
al-felony-dwop-set	Print the verdict and the page digests to the log	2026-09-12T01:32:05.4162021Z       "paper": {
al-felony-dwop-set	Print the verdict and the page digests to the log	2026-09-12T01:32:05.4162215Z         "x0": 204,
al-felony-dwop-set	Print the verdict and the page digests to the log	2026-09-12T01:32:05.4162420Z         "y0": 3,
al-felony-dwop-set	Print the verdict and the page digests to the log	2026-09-12T01:32:05.4162612Z         "x1": 2243,
al-felony-dwop-set	Print the verdict and the page digests to the log	2026-09-12T01:32:05.4162810Z         "y1": 2642,
al-felony-dwop-set	Print the verdict and the page digests to the log	2026-09-12T01:32:05.4163016Z         "width": 2040,
al-felony-dwop-set	Print the verdict and the page digests to the log	2026-09-12T01:32:05.4163237Z         "height": 2640
al-felony-dwop-set	Print the verdict and the page digests to the log	2026-09-12T01:32:05.4163436Z       },
al-felony-dwop-set	Print the verdict and the page digests to the log	2026-09-12T01:32:05.4163654Z       "pxPerPt": 3.3333333333333335,
al-felony-dwop-set	Print the verdict and the page digests to the log	2026-09-12T01:32:05.4163944Z       "expectedPxPerPt": 3.333333333333333,
al-felony-dwop-set	Print the verdict and the page digests to the log	2026-09-12T01:32:05.4164228Z       "pageWidthPt": 612,
al-felony-dwop-set	Print the verdict and the page digests to the log	2026-09-12T01:32:05.4164463Z       "pageHeightPt": 792,
al-felony-dwop-set	Print the verdict and the page digests to the log	2026-09-12T01:32:05.4164700Z       "expectedPx": {
al-felony-dwop-set	Print the verdict and the page digests to the log	2026-09-12T01:32:05.4164941Z         "width": 2039.9999999999998,
al-felony-dwop-set	Print the verdict and the page digests to the log	2026-09-12T01:32:05.4165472Z         "height": 2639.9999999999995,
al-felony-dwop-set	Print the verdict and the page digests to the log	2026-09-12T01:32:05.4165878Z         "tolerancePx": 6.666666666666666
al-felony-dwop-set	Print the verdict and the page digests to the log	2026-09-12T01:32:05.4166134Z       },
al-felony-dwop-set	Print the verdict and the page digests to the log	2026-09-12T01:32:05.4166604Z       "calibrationResidualPx": 0,
al-felony-dwop-set	Print the verdict and the page digests to the log	2026-09-12T01:32:05.4166954Z       "inkFractionInsidePaper": 0.08551674836601307,
al-felony-dwop-set	Print the verdict and the page digests to the log	2026-09-12T01:32:05.4167256Z       "nonblank": true,
al-felony-dwop-set	Print the verdict and the page digests to the log	2026-09-12T01:32:05.4167506Z       "croppedToThePage": true
al-felony-dwop-set	Print the verdict and the page digests to the log	2026-09-12T01:32:05.4167738Z     },
al-felony-dwop-set	Print the verdict and the page digests to the log	2026-09-12T01:32:05.4167910Z     {
al-felony-dwop-set	Print the verdict and the page digests to the log	2026-09-12T01:32:05.4168103Z       "kind": "boundary",
al-felony-dwop-set	Print the verdict and the page digests to the log	2026-09-12T01:32:05.4168537Z       "document": "boundary.pdf",
al-felony-dwop-set	Print the verdict and the page digests to the log	2026-09-12T01:32:05.4168782Z       "page": 5,
al-felony-dwop-set	Print the verdict and the page digests to the log	2026-09-12T01:32:05.4169068Z       "png": "al-felony-dwop-set/boundary/page-005.png",
al-felony-dwop-set	Print the verdict and the page digests to the log	2026-09-12T01:32:05.4169499Z       "bytes": 376595,
al-felony-dwop-set	Print the verdict and the page digests to the log	2026-09-12T01:32:05.4170175Z       "pngSha256": "18f8c16cf684fb84a0b33798f807be24f4618de33d8df1abb8f9cfab6aded6db",
al-felony-dwop-set	Print the verdict and the page digests to the log	2026-09-12T01:32:05.4170624Z       "pngWidth": 2040,
al-felony-dwop-set	Print the verdict and the page digests to the log	2026-09-12T01:32:05.4170848Z       "pngHeight": 2640,
al-felony-dwop-set	Print the verdict and the page digests to the log	2026-09-12T01:32:05.4171064Z       "paper": {
al-felony-dwop-set	Print the verdict and the page digests to the log	2026-09-12T01:32:05.4171261Z         "x0": 204,
al-felony-dwop-set	Print the verdict and the page digests to the log	2026-09-12T01:32:05.4171453Z         "y0": 3,
al-felony-dwop-set	Print the verdict and the page digests to the log	2026-09-12T01:32:05.4171641Z         "x1": 2243,
al-felony-dwop-set	Print the verdict and the page digests to the log	2026-09-12T01:32:05.4171836Z         "y1": 2642,
al-felony-dwop-set	Print the verdict and the page digests to the log	2026-09-12T01:32:05.4172041Z         "width": 2040,
al-felony-dwop-set	Print the verdict and the page digests to the log	2026-09-12T01:32:05.4172248Z         "height": 2640
al-felony-dwop-set	Print the verdict and the page digests to the log	2026-09-12T01:32:05.4172445Z       },
al-felony-dwop-set	Print the verdict and the page digests to the log	2026-09-12T01:32:05.4172659Z       "pxPerPt": 3.3333333333333335,
al-felony-dwop-set	Print the verdict and the page digests to the log	2026-09-12T01:32:05.4172952Z       "expectedPxPerPt": 3.333333333333333,
al-felony-dwop-set	Print the verdict and the page digests to the log	2026-09-12T01:32:05.4173456Z       "pageWidthPt": 612,
al-felony-dwop-set	Print the verdict and the page digests to the log	2026-09-12T01:32:05.4173952Z       "pageHeightPt": 792,
al-felony-dwop-set	Print the verdict and the page digests to the log	2026-09-12T01:32:05.4174286Z       "expectedPx": {
al-felony-dwop-set	Print the verdict and the page digests to the log	2026-09-12T01:32:05.4174537Z         "width": 2039.9999999999998,
al-felony-dwop-set	Print the verdict and the page digests to the log	2026-09-12T01:32:05.4174816Z         "height": 2639.9999999999995,
al-felony-dwop-set	Print the verdict and the page digests to the log	2026-09-12T01:32:05.4175103Z         "tolerancePx": 6.666666666666666
al-felony-dwop-set	Print the verdict and the page digests to the log	2026-09-12T01:32:05.4175360Z       },
al-felony-dwop-set	Print the verdict and the page digests to the log	2026-09-12T01:32:05.4175583Z       "calibrationResidualPx": 0,
al-felony-dwop-set	Print the verdict and the page digests to the log	2026-09-12T01:32:05.4175903Z       "inkFractionInsidePaper": 0.053209855912061794,
al-felony-dwop-set	Print the verdict and the page digests to the log	2026-09-12T01:32:05.4176205Z       "nonblank": true,
al-felony-dwop-set	Print the verdict and the page digests to the log	2026-09-12T01:32:05.4176771Z       "croppedToThePage": true
al-felony-dwop-set	Print the verdict and the page digests to the log	2026-09-12T01:32:05.4177192Z     },
al-felony-dwop-set	Print the verdict and the page digests to the log	2026-09-12T01:32:05.4177405Z     {
al-felony-dwop-set	Print the verdict and the page digests to the log	2026-09-12T01:32:05.4177598Z       "kind": "boundary",
al-felony-dwop-set	Print the verdict and the page digests to the log	2026-09-12T01:32:05.4177863Z       "document": "boundary.pdf",
al-felony-dwop-set	Print the verdict and the page digests to the log	2026-09-12T01:32:05.4178113Z       "page": 6,
al-felony-dwop-set	Print the verdict and the page digests to the log	2026-09-12T01:32:05.4178404Z       "png": "al-felony-dwop-set/boundary/page-006.png",
al-felony-dwop-set	Print the verdict and the page digests to the log	2026-09-12T01:32:05.4178731Z       "bytes": 359873,
al-felony-dwop-set	Print the verdict and the page digests to the log	2026-09-12T01:32:05.4179158Z       "pngSha256": "16dfea476e05bf3cb4da8ff5e5902cb0e153eb85e7f176c609c0bc353d058273",
al-felony-dwop-set	Print the verdict and the page digests to the log	2026-09-12T01:32:05.4179899Z       "pngWidth": 2040,
al-felony-dwop-set	Print the verdict and the page digests to the log	2026-09-12T01:32:05.4180195Z       "pngHeight": 2640,
al-felony-dwop-set	Print the verdict and the page digests to the log	2026-09-12T01:32:05.4180433Z       "paper": {
al-felony-dwop-set	Print the verdict and the page digests to the log	2026-09-12T01:32:05.4180643Z         "x0": 204,
al-felony-dwop-set	Print the verdict and the page digests to the log	2026-09-12T01:32:05.4180836Z         "y0": 3,
al-felony-dwop-set	Print the verdict and the page digests to the log	2026-09-12T01:32:05.4181032Z         "x1": 2243,
al-felony-dwop-set	Print the verdict and the page digests to the log	2026-09-12T01:32:05.4181238Z         "y1": 2642,
al-felony-dwop-set	Print the verdict and the page digests to the log	2026-09-12T01:32:05.4181440Z         "width": 2040,
al-felony-dwop-set	Print the verdict and the page digests to the log	2026-09-12T01:32:05.4181671Z         "height": 2640
al-felony-dwop-set	Print the verdict and the page digests to the log	2026-09-12T01:32:05.4181883Z       },
al-felony-dwop-set	Print the verdict and the page digests to the log	2026-09-12T01:32:05.4182109Z       "pxPerPt": 3.3333333333333335,
al-felony-dwop-set	Print the verdict and the page digests to the log	2026-09-12T01:32:05.4182421Z       "expectedPxPerPt": 3.333333333333333,
al-felony-dwop-set	Print the verdict and the page digests to the log	2026-09-12T01:32:05.4182795Z       "pageWidthPt": 612,
al-felony-dwop-set	Print the verdict and the page digests to the log	2026-09-12T01:32:05.4183284Z       "pageHeightPt": 792,
al-felony-dwop-set	Print the verdict and the page digests to the log	2026-09-12T01:32:05.4183553Z       "expectedPx": {
al-felony-dwop-set	Print the verdict and the page digests to the log	2026-09-12T01:32:05.4183804Z         "width": 2039.9999999999998,
al-felony-dwop-set	Print the verdict and the page digests to the log	2026-09-12T01:32:05.4184286Z         "height": 2639.9999999999995,
al-felony-dwop-set	Print the verdict and the page digests to the log	2026-09-12T01:32:05.4184695Z         "tolerancePx": 6.666666666666666
al-felony-dwop-set	Print the verdict and the page digests to the log	2026-09-12T01:32:05.4185093Z       },
al-felony-dwop-set	Print the verdict and the page digests to the log	2026-09-12T01:32:05.4185510Z       "calibrationResidualPx": 0,
al-felony-dwop-set	Print the verdict and the page digests to the log	2026-09-12T01:32:05.4185932Z       "inkFractionInsidePaper": 0.040203691325014855,
al-felony-dwop-set	Print the verdict and the page digests to the log	2026-09-12T01:32:05.4186527Z       "nonblank": true,
al-felony-dwop-set	Print the verdict and the page digests to the log	2026-09-12T01:32:05.4198791Z       "croppedToThePage": true
al-felony-dwop-set	Print the verdict and the page digests to the log	2026-09-12T01:32:05.4199394Z     },
al-felony-dwop-set	Print the verdict and the page digests to the log	2026-09-12T01:32:05.4199598Z     {
al-felony-dwop-set	Print the verdict and the page digests to the log	2026-09-12T01:32:05.4199802Z       "kind": "boundary",
al-felony-dwop-set	Print the verdict and the page digests to the log	2026-09-12T01:32:05.4200356Z       "document": "boundary.pdf",
al-felony-dwop-set	Print the verdict and the page digests to the log	2026-09-12T01:32:05.4200745Z       "page": 7,
al-felony-dwop-set	Print the verdict and the page digests to the log	2026-09-12T01:32:05.4201069Z       "png": "al-felony-dwop-set/boundary/page-007.png",
al-felony-dwop-set	Print the verdict and the page digests to the log	2026-09-12T01:32:05.4201410Z       "bytes": 434042,
al-felony-dwop-set	Print the verdict and the page digests to the log	2026-09-12T01:32:05.4201830Z       "pngSha256": "68a594b4e3298b1d3b2d58d9e97846aa3186721993f43d79356936aaad3899b0",
al-felony-dwop-set	Print the verdict and the page digests to the log	2026-09-12T01:32:05.4202279Z       "pngWidth": 2040,
al-felony-dwop-set	Print the verdict and the page digests to the log	2026-09-12T01:32:05.4202518Z       "pngHeight": 2640,
al-felony-dwop-set	Print the verdict and the page digests to the log	2026-09-12T01:32:05.4202761Z       "paper": {
al-felony-dwop-set	Print the verdict and the page digests to the log	2026-09-12T01:32:05.4202961Z         "x0": 204,
al-felony-dwop-set	Print the verdict and the page digests to the log	2026-09-12T01:32:05.4203653Z         "y0": 3,
al-felony-dwop-set	Print the verdict and the page digests to the log	2026-09-12T01:32:05.4203977Z         "x1": 2243,
al-felony-dwop-set	Print the verdict and the page digests to the log	2026-09-12T01:32:05.4204182Z         "y1": 2642,
al-felony-dwop-set	Print the verdict and the page digests to the log	2026-09-12T01:32:05.4204388Z         "width": 2040,
al-felony-dwop-set	Print the verdict and the page digests to the log	2026-09-12T01:32:05.4204601Z         "height": 2640
al-felony-dwop-set	Print the verdict and the page digests to the log	2026-09-12T01:32:05.4204808Z       },
al-felony-dwop-set	Print the verdict and the page digests to the log	2026-09-12T01:32:05.4205032Z       "pxPerPt": 3.3333333333333335,
al-felony-dwop-set	Print the verdict and the page digests to the log	2026-09-12T01:32:05.4205347Z       "expectedPxPerPt": 3.333333333333333,
al-felony-dwop-set	Print the verdict and the page digests to the log	2026-09-12T01:32:05.4205640Z       "pageWidthPt": 612,
al-felony-dwop-set	Print the verdict and the page digests to the log	2026-09-12T01:32:05.4205886Z       "pageHeightPt": 792,
al-felony-dwop-set	Print the verdict and the page digests to the log	2026-09-12T01:32:05.4206121Z       "expectedPx": {
al-felony-dwop-set	Print the verdict and the page digests to the log	2026-09-12T01:32:05.4206636Z         "width": 2039.9999999999998,
al-felony-dwop-set	Print the verdict and the page digests to the log	2026-09-12T01:32:05.4206951Z         "height": 2639.9999999999995,
al-felony-dwop-set	Print the verdict and the page digests to the log	2026-09-12T01:32:05.4207248Z         "tolerancePx": 6.666666666666666
al-felony-dwop-set	Print the verdict and the page digests to the log	2026-09-12T01:32:05.4207517Z       },
al-felony-dwop-set	Print the verdict and the page digests to the log	2026-09-12T01:32:05.4207741Z       "calibrationResidualPx": 0,
al-felony-dwop-set	Print the verdict and the page digests to the log	2026-09-12T01:32:05.4208079Z       "inkFractionInsidePaper": 0.057026515151515154,
al-felony-dwop-set	Print the verdict and the page digests to the log	2026-09-12T01:32:05.4208836Z       "nonblank": true,
al-felony-dwop-set	Print the verdict and the page digests to the log	2026-09-12T01:32:05.4209334Z       "croppedToThePage": true
al-felony-dwop-set	Print the verdict and the page digests to the log	2026-09-12T01:32:05.4209585Z     },
al-felony-dwop-set	Print the verdict and the page digests to the log	2026-09-12T01:32:05.4209773Z     {
al-felony-dwop-set	Print the verdict and the page digests to the log	2026-09-12T01:32:05.4209964Z       "kind": "boundary",
al-felony-dwop-set	Print the verdict and the page digests to the log	2026-09-12T01:32:05.4210229Z       "document": "boundary.pdf",
al-felony-dwop-set	Print the verdict and the page digests to the log	2026-09-12T01:32:05.4210481Z       "page": 8,
al-felony-dwop-set	Print the verdict and the page digests to the log	2026-09-12T01:32:05.4210775Z       "png": "al-felony-dwop-set/boundary/page-008.png",
al-felony-dwop-set	Print the verdict and the page digests to the log	2026-09-12T01:32:05.4211458Z       "bytes": 872723,
al-felony-dwop-set	Print the verdict and the page digests to the log	2026-09-12T01:32:05.4212232Z       "pngSha256": "fba565776a6bddc9e13ba86ce28c194bf6ba4482681038a98af0006cdf439d70",
al-felony-dwop-set	Print the verdict and the page digests to the log	2026-09-12T01:32:05.4212952Z       "pngWidth": 2040,
al-felony-dwop-set	Print the verdict and the page digests to the log	2026-09-12T01:32:05.4213348Z       "pngHeight": 2640,
al-felony-dwop-set	Print the verdict and the page digests to the log	2026-09-12T01:32:05.4213668Z       "paper": {
al-felony-dwop-set	Print the verdict and the page digests to the log	2026-09-12T01:32:05.4213873Z         "x0": 204,
al-felony-dwop-set	Print the verdict and the page digests to the log	2026-09-12T01:32:05.4214073Z         "y0": 3,
al-felony-dwop-set	Print the verdict and the page digests to the log	2026-09-12T01:32:05.4214266Z         "x1": 2243,
al-felony-dwop-set	Print the verdict and the page digests to the log	2026-09-12T01:32:05.4214455Z         "y1": 2642,
al-felony-dwop-set	Print the verdict and the page digests to the log	2026-09-12T01:32:05.4214646Z         "width": 2040,
al-felony-dwop-set	Print the verdict and the page digests to the log	2026-09-12T01:32:05.4214873Z         "height": 2640
al-felony-dwop-set	Print the verdict and the page digests to the log	2026-09-12T01:32:05.4215081Z       },
al-felony-dwop-set	Print the verdict and the page digests to the log	2026-09-12T01:32:05.4215303Z       "pxPerPt": 3.3333333333333335,
al-felony-dwop-set	Print the verdict and the page digests to the log	2026-09-12T01:32:05.4215617Z       "expectedPxPerPt": 3.333333333333333,
al-felony-dwop-set	Print the verdict and the page digests to the log	2026-09-12T01:32:05.4215905Z       "pageWidthPt": 612,
al-felony-dwop-set	Print the verdict and the page digests to the log	2026-09-12T01:32:05.4216148Z       "pageHeightPt": 792,
al-felony-dwop-set	Print the verdict and the page digests to the log	2026-09-12T01:32:05.4216551Z       "expectedPx": {
al-felony-dwop-set	Print the verdict and the page digests to the log	2026-09-12T01:32:05.4216797Z         "width": 2039.9999999999998,
al-felony-dwop-set	Print the verdict and the page digests to the log	2026-09-12T01:32:05.4217082Z         "height": 2639.9999999999995,
al-felony-dwop-set	Print the verdict and the page digests to the log	2026-09-12T01:32:05.4217362Z         "tolerancePx": 6.666666666666666
al-felony-dwop-set	Print the verdict and the page digests to the log	2026-09-12T01:32:05.4217616Z       },
al-felony-dwop-set	Print the verdict and the page digests to the log	2026-09-12T01:32:05.4217834Z       "calibrationResidualPx": 0,
al-felony-dwop-set	Print the verdict and the page digests to the log	2026-09-12T01:32:05.4218151Z       "inkFractionInsidePaper": 0.10128045157456922,
al-felony-dwop-set	Print the verdict and the page digests to the log	2026-09-12T01:32:05.4218448Z       "nonblank": true,
al-felony-dwop-set	Print the verdict and the page digests to the log	2026-09-12T01:32:05.4218687Z       "croppedToThePage": true
al-felony-dwop-set	Print the verdict and the page digests to the log	2026-09-12T01:32:05.4218916Z     },
al-felony-dwop-set	Print the verdict and the page digests to the log	2026-09-12T01:32:05.4219084Z     {
al-felony-dwop-set	Print the verdict and the page digests to the log	2026-09-12T01:32:05.4219265Z       "kind": "boundary",
al-felony-dwop-set	Print the verdict and the page digests to the log	2026-09-12T01:32:05.4219522Z       "document": "boundary.pdf",
al-felony-dwop-set	Print the verdict and the page digests to the log	2026-09-12T01:32:05.4219766Z       "page": 9,
al-felony-dwop-set	Print the verdict and the page digests to the log	2026-09-12T01:32:05.4220053Z       "png": "al-felony-dwop-set/boundary/page-009.png",
al-felony-dwop-set	Print the verdict and the page digests to the log	2026-09-12T01:32:05.4220365Z       "bytes": 467647,
al-felony-dwop-set	Print the verdict and the page digests to the log	2026-09-12T01:32:05.4220770Z       "pngSha256": "1f5dac4144933ac2900fcd73482d0b301a1337875e44db1976d19451b0bf7734",
al-felony-dwop-set	Print the verdict and the page digests to the log	2026-09-12T01:32:05.4221190Z       "pngWidth": 2040,
al-felony-dwop-set	Print the verdict and the page digests to the log	2026-09-12T01:32:05.4221414Z       "pngHeight": 2640,
al-felony-dwop-set	Print the verdict and the page digests to the log	2026-09-12T01:32:05.4221630Z       "paper": {
al-felony-dwop-set	Print the verdict and the page digests to the log	2026-09-12T01:32:05.4221827Z         "x0": 204,
al-felony-dwop-set	Print the verdict and the page digests to the log	2026-09-12T01:32:05.4222024Z         "y0": 3,
al-felony-dwop-set	Print the verdict and the page digests to the log	2026-09-12T01:32:05.4222256Z         "x1": 2243,
al-felony-dwop-set	Print the verdict and the page digests to the log	2026-09-12T01:32:05.4222455Z         "y1": 2642,
al-felony-dwop-set	Print the verdict and the page digests to the log	2026-09-12T01:32:05.4222650Z         "width": 2040,
al-felony-dwop-set	Print the verdict and the page digests to the log	2026-09-12T01:32:05.4222861Z         "height": 2640
al-felony-dwop-set	Print the verdict and the page digests to the log	2026-09-12T01:32:05.4223055Z       },
al-felony-dwop-set	Print the verdict and the page digests to the log	2026-09-12T01:32:05.4223269Z       "pxPerPt": 3.3333333333333335,
al-felony-dwop-set	Print the verdict and the page digests to the log	2026-09-12T01:32:05.4223560Z       "expectedPxPerPt": 3.333333333333333,
al-felony-dwop-set	Print the verdict and the page digests to the log	2026-09-12T01:32:05.4223840Z       "pageWidthPt": 612,
al-felony-dwop-set	Print the verdict and the page digests to the log	2026-09-12T01:32:05.4224080Z       "pageHeightPt": 792,
al-felony-dwop-set	Print the verdict and the page digests to the log	2026-09-12T01:32:05.4224482Z       "expectedPx": {
al-felony-dwop-set	Print the verdict and the page digests to the log	2026-09-12T01:32:05.4224719Z         "width": 2039.9999999999998,
al-felony-dwop-set	Print the verdict and the page digests to the log	2026-09-12T01:32:05.4224993Z         "height": 2639.9999999999995,
al-felony-dwop-set	Print the verdict and the page digests to the log	2026-09-12T01:32:05.4225271Z         "tolerancePx": 6.666666666666666
al-felony-dwop-set	Print the verdict and the page digests to the log	2026-09-12T01:32:05.4225522Z       },
al-felony-dwop-set	Print the verdict and the page digests to the log	2026-09-12T01:32:05.4225740Z       "calibrationResidualPx": 0,
al-felony-dwop-set	Print the verdict and the page digests to the log	2026-09-12T01:32:05.4226057Z       "inkFractionInsidePaper": 0.05539679887106358,
al-felony-dwop-set	Print the verdict and the page digests to the log	2026-09-12T01:32:05.4226489Z       "nonblank": true,
al-felony-dwop-set	Print the verdict and the page digests to the log	2026-09-12T01:32:05.4226748Z       "croppedToThePage": true
al-felony-dwop-set	Print the verdict and the page digests to the log	2026-09-12T01:32:05.4226979Z     },
al-felony-dwop-set	Print the verdict and the page digests to the log	2026-09-12T01:32:05.4227151Z     {
al-felony-dwop-set	Print the verdict and the page digests to the log	2026-09-12T01:32:05.4227337Z       "kind": "boundary",
al-felony-dwop-set	Print the verdict and the page digests to the log	2026-09-12T01:32:05.4227586Z       "document": "boundary.pdf",
al-felony-dwop-set	Print the verdict and the page digests to the log	2026-09-12T01:32:05.4227829Z       "page": 10,
al-felony-dwop-set	Print the verdict and the page digests to the log	2026-09-12T01:32:05.4228120Z       "png": "al-felony-dwop-set/boundary/page-010.png",
al-felony-dwop-set	Print the verdict and the page digests to the log	2026-09-12T01:32:05.4228425Z       "bytes": 476842,
al-felony-dwop-set	Print the verdict and the page digests to the log	2026-09-12T01:32:05.4228827Z       "pngSha256": "6bcb80b908fa73154fb7d739df0f88343a548779e4aa6ee61601d92b80f94b34",
al-felony-dwop-set	Print the verdict and the page digests to the log	2026-09-12T01:32:05.4229397Z       "pngWidth": 2040,
al-felony-dwop-set	Print the verdict and the page digests to the log	2026-09-12T01:32:05.4229614Z       "pngHeight": 2640,
al-felony-dwop-set	Print the verdict and the page digests to the log	2026-09-12T01:32:05.4229827Z       "paper": {
al-felony-dwop-set	Print the verdict and the page digests to the log	2026-09-12T01:32:05.4230030Z         "x0": 204,
al-felony-dwop-set	Print the verdict and the page digests to the log	2026-09-12T01:32:05.4230221Z         "y0": 3,
al-felony-dwop-set	Print the verdict and the page digests to the log	2026-09-12T01:32:05.4230417Z         "x1": 2243,
al-felony-dwop-set	Print the verdict and the page digests to the log	2026-09-12T01:32:05.4230608Z         "y1": 2642,
al-felony-dwop-set	Print the verdict and the page digests to the log	2026-09-12T01:32:05.4230802Z         "width": 2040,
al-felony-dwop-set	Print the verdict and the page digests to the log	2026-09-12T01:32:05.4231009Z         "height": 2640
al-felony-dwop-set	Print the verdict and the page digests to the log	2026-09-12T01:32:05.4231212Z       },
al-felony-dwop-set	Print the verdict and the page digests to the log	2026-09-12T01:32:05.4231422Z       "pxPerPt": 3.3333333333333335,
al-felony-dwop-set	Print the verdict and the page digests to the log	2026-09-12T01:32:05.4231711Z       "expectedPxPerPt": 3.333333333333333,
al-felony-dwop-set	Print the verdict and the page digests to the log	2026-09-12T01:32:05.4231985Z       "pageWidthPt": 612,
al-felony-dwop-set	Print the verdict and the page digests to the log	2026-09-12T01:32:05.4232215Z       "pageHeightPt": 792,
al-felony-dwop-set	Print the verdict and the page digests to the log	2026-09-12T01:32:05.4232445Z       "expectedPx": {
al-felony-dwop-set	Print the verdict and the page digests to the log	2026-09-12T01:32:05.4232687Z         "width": 2039.9999999999998,
al-felony-dwop-set	Print the verdict and the page digests to the log	2026-09-12T01:32:05.4232957Z         "height": 2639.9999999999995,
al-felony-dwop-set	Print the verdict and the page digests to the log	2026-09-12T01:32:05.4233241Z         "tolerancePx": 6.666666666666666
al-felony-dwop-set	Print the verdict and the page digests to the log	2026-09-12T01:32:05.4233492Z       },
al-felony-dwop-set	Print the verdict and the page digests to the log	2026-09-12T01:32:05.4233709Z       "calibrationResidualPx": 0,
al-felony-dwop-set	Print the verdict and the page digests to the log	2026-09-12T01:32:05.4234024Z       "inkFractionInsidePaper": 0.05504827688651218,
al-felony-dwop-set	Print the verdict and the page digests to the log	2026-09-12T01:32:05.4234326Z       "nonblank": true,
al-felony-dwop-set	Print the verdict and the page digests to the log	2026-09-12T01:32:05.4234571Z       "croppedToThePage": true
al-felony-dwop-set	Print the verdict and the page digests to the log	2026-09-12T01:32:05.4234800Z     },
al-felony-dwop-set	Print the verdict and the page digests to the log	2026-09-12T01:32:05.4234972Z     {
al-felony-dwop-set	Print the verdict and the page digests to the log	2026-09-12T01:32:05.4235156Z       "kind": "boundary",
al-felony-dwop-set	Print the verdict and the page digests to the log	2026-09-12T01:32:05.4235410Z       "document": "boundary.pdf",
al-felony-dwop-set	Print the verdict and the page digests to the log	2026-09-12T01:32:05.4235660Z       "page": 11,
al-felony-dwop-set	Print the verdict and the page digests to the log	2026-09-12T01:32:05.4235943Z       "png": "al-felony-dwop-set/boundary/page-011.png",
al-felony-dwop-set	Print the verdict and the page digests to the log	2026-09-12T01:32:05.4236247Z       "bytes": 427956,
al-felony-dwop-set	Print the verdict and the page digests to the log	2026-09-12T01:32:05.4236790Z       "pngSha256": "3d8753a2fd235f0a0ce226962e7b6918fe2c75b96c62e43b0c544edec4d2f170",
al-felony-dwop-set	Print the verdict and the page digests to the log	2026-09-12T01:32:05.4237219Z       "pngWidth": 2040,
al-felony-dwop-set	Print the verdict and the page digests to the log	2026-09-12T01:32:05.4237457Z       "pngHeight": 2640,
al-felony-dwop-set	Print the verdict and the page digests to the log	2026-09-12T01:32:05.4237683Z       "paper": {
al-felony-dwop-set	Print the verdict and the page digests to the log	2026-09-12T01:32:05.4237884Z         "x0": 204,
al-felony-dwop-set	Print the verdict and the page digests to the log	2026-09-12T01:32:05.4238090Z         "y0": 3,
al-felony-dwop-set	Print the verdict and the page digests to the log	2026-09-12T01:32:05.4238326Z         "x1": 2243,
al-felony-dwop-set	Print the verdict and the page digests to the log	2026-09-12T01:32:05.4238521Z         "y1": 2642,
al-felony-dwop-set	Print the verdict and the page digests to the log	2026-09-12T01:32:05.4238717Z         "width": 2040,
al-felony-dwop-set	Print the verdict and the page digests to the log	2026-09-12T01:32:05.4238928Z         "height": 2640
al-felony-dwop-set	Print the verdict and the page digests to the log	2026-09-12T01:32:05.4239130Z       },
al-felony-dwop-set	Print the verdict and the page digests to the log	2026-09-12T01:32:05.4239342Z       "pxPerPt": 3.3333333333333335,
al-felony-dwop-set	Print the verdict and the page digests to the log	2026-09-12T01:32:05.4239641Z       "expectedPxPerPt": 3.333333333333333,
al-felony-dwop-set	Print the verdict and the page digests to the log	2026-09-12T01:32:05.4239925Z       "pageWidthPt": 612,
al-felony-dwop-set	Print the verdict and the page digests to the log	2026-09-12T01:32:05.4240159Z       "pageHeightPt": 792,
al-felony-dwop-set	Print the verdict and the page digests to the log	2026-09-12T01:32:05.4240392Z       "expectedPx": {
al-felony-dwop-set	Print the verdict and the page digests to the log	2026-09-12T01:32:05.4240632Z         "width": 2039.9999999999998,
al-felony-dwop-set	Print the verdict and the page digests to the log	2026-09-12T01:32:05.4240904Z         "height": 2639.9999999999995,
al-felony-dwop-set	Print the verdict and the page digests to the log	2026-09-12T01:32:05.4241193Z         "tolerancePx": 6.666666666666666
al-felony-dwop-set	Print the verdict and the page digests to the log	2026-09-12T01:32:05.4241441Z       },
al-felony-dwop-set	Print the verdict and the page digests to the log	2026-09-12T01:32:05.4241660Z       "calibrationResidualPx": 0,
al-felony-dwop-set	Print the verdict and the page digests to the log	2026-09-12T01:32:05.4241976Z       "inkFractionInsidePaper": 0.05390875668449198,
al-felony-dwop-set	Print the verdict and the page digests to the log	2026-09-12T01:32:05.4242283Z       "nonblank": true,
al-felony-dwop-set	Print the verdict and the page digests to the log	2026-09-12T01:32:05.4242537Z       "croppedToThePage": true
al-felony-dwop-set	Print the verdict and the page digests to the log	2026-09-12T01:32:05.4242909Z     }
al-felony-dwop-set	Print the verdict and the page digests to the log	2026-09-12T01:32:05.4243083Z   ],
al-felony-dwop-set	Print the verdict and the page digests to the log	2026-09-12T01:32:05.4243262Z   "problems": [],
al-felony-dwop-set	Print the verdict and the page digests to the log	2026-09-12T01:32:05.4243480Z   "environmentProblems": [],
al-felony-dwop-set	Print the verdict and the page digests to the log	2026-09-12T01:32:05.4244160Z   "whatThisDoesNotDecide": "This is one gate. RASTER_PASS does not make a family PASS_COMPLETE, promotes nothing, and opens no commercial route.",
al-felony-dwop-set	Print the verdict and the page digests to the log	2026-09-12T01:32:05.4244795Z   "packetPdfsModified": 0,
al-felony-dwop-set	Print the verdict and the page digests to the log	2026-09-12T01:32:05.4245039Z   "bodiesCommitted": 0,
al-felony-dwop-set	Print the verdict and the page digests to the log	2026-09-12T01:32:05.4245308Z   "commercialRoutesOpened": 0,
al-felony-dwop-set	Print the verdict and the page digests to the log	2026-09-12T01:32:05.4245568Z   "productionTouched": false
al-felony-dwop-set	Print the verdict and the page digests to the log	2026-09-12T01:32:05.4245802Z }
al-felony-dwop-set	Print the verdict and the page digests to the log	2026-09-12T01:32:05.4246141Z ===== END VERDICT al-felony-dwop-set.verdict.json =====
al-felony-dwop-set	Print the verdict and the page digests to the log	2026-09-12T01:32:05.4246802Z ===== BEGIN PAGE DIGESTS =====
al-felony-dwop-set	Print the verdict and the page digests to the log	2026-09-12T01:32:05.4247489Z 2d2691f5f8511da99f759b8881b2906155db049a95ca716cff385bd00c3e8e1e  raster-out/al-felony-dwop-set/boundary/page-001.png
al-felony-dwop-set	Print the verdict and the page digests to the log	2026-09-12T01:32:05.4248468Z 8e8443461a26bd1a2f334b2cbe2dc7543c73d3f5092a2f007ff55bb9a006da68  raster-out/al-felony-dwop-set/boundary/page-002.png
al-felony-dwop-set	Print the verdict and the page digests to the log	2026-09-12T01:32:05.4249609Z 363dccb2f3800f9d603fd0d7b8e38860cc51c73a6117c40a7bf427da8dd3abb3  raster-out/al-felony-dwop-set/boundary/page-003.png
al-felony-dwop-set	Print the verdict and the page digests to the log	2026-09-12T01:32:05.4250573Z e6c86ba6138e7d42edc73b67b0d43e9aafdc419fd95963a439d03df6e71752a6  raster-out/al-felony-dwop-set/boundary/page-004.png
al-felony-dwop-set	Print the verdict and the page digests to the log	2026-09-12T01:32:05.4251537Z 18f8c16cf684fb84a0b33798f807be24f4618de33d8df1abb8f9cfab6aded6db  raster-out/al-felony-dwop-set/boundary/page-005.png
al-felony-dwop-set	Print the verdict and the page digests to the log	2026-09-12T01:32:05.4252506Z 16dfea476e05bf3cb4da8ff5e5902cb0e153eb85e7f176c609c0bc353d058273  raster-out/al-felony-dwop-set/boundary/page-006.png
al-felony-dwop-set	Print the verdict and the page digests to the log	2026-09-12T01:32:05.4253453Z 68a594b4e3298b1d3b2d58d9e97846aa3186721993f43d79356936aaad3899b0  raster-out/al-felony-dwop-set/boundary/page-007.png
al-felony-dwop-set	Print the verdict and the page digests to the log	2026-09-12T01:32:05.4254399Z fba565776a6bddc9e13ba86ce28c194bf6ba4482681038a98af0006cdf439d70  raster-out/al-felony-dwop-set/boundary/page-008.png
al-felony-dwop-set	Print the verdict and the page digests to the log	2026-09-12T01:32:05.4255351Z 1f5dac4144933ac2900fcd73482d0b301a1337875e44db1976d19451b0bf7734  raster-out/al-felony-dwop-set/boundary/page-009.png
al-felony-dwop-set	Print the verdict and the page digests to the log	2026-09-12T01:32:05.4256305Z 6bcb80b908fa73154fb7d739df0f88343a548779e4aa6ee61601d92b80f94b34  raster-out/al-felony-dwop-set/boundary/page-010.png
al-felony-dwop-set	Print the verdict and the page digests to the log	2026-09-12T01:32:05.4257434Z 3d8753a2fd235f0a0ce226962e7b6918fe2c75b96c62e43b0c544edec4d2f170  raster-out/al-felony-dwop-set/boundary/page-011.png
al-felony-dwop-set	Print the verdict and the page digests to the log	2026-09-12T01:32:05.4258445Z 6c67103a248fd038722d9beeca40d0921319ed598e7092591ec8b2b8e61c5969  raster-out/al-felony-dwop-set/boundary/page-calibration.png
al-felony-dwop-set	Print the verdict and the page digests to the log	2026-09-12T01:32:05.4259451Z b46fd9b81944f26cbf1602d30ae1bf4f86141d679a14a6ef5876b3810efa849c  raster-out/al-felony-dwop-set/canonical/page-001.png
al-felony-dwop-set	Print the verdict and the page digests to the log	2026-09-12T01:32:05.4260418Z 8e8443461a26bd1a2f334b2cbe2dc7543c73d3f5092a2f007ff55bb9a006da68  raster-out/al-felony-dwop-set/canonical/page-002.png
al-felony-dwop-set	Print the verdict and the page digests to the log	2026-09-12T01:32:05.4261381Z 363dccb2f3800f9d603fd0d7b8e38860cc51c73a6117c40a7bf427da8dd3abb3  raster-out/al-felony-dwop-set/canonical/page-003.png
al-felony-dwop-set	Print the verdict and the page digests to the log	2026-09-12T01:32:05.4262354Z e6c86ba6138e7d42edc73b67b0d43e9aafdc419fd95963a439d03df6e71752a6  raster-out/al-felony-dwop-set/canonical/page-004.png
al-felony-dwop-set	Print the verdict and the page digests to the log	2026-09-12T01:32:05.4263321Z 18f8c16cf684fb84a0b33798f807be24f4618de33d8df1abb8f9cfab6aded6db  raster-out/al-felony-dwop-set/canonical/page-005.png
al-felony-dwop-set	Print the verdict and the page digests to the log	2026-09-12T01:32:05.4264299Z c277aabfaa35ecd8c7fedab701ca1a9b990558df4cb3db03353babc7f9bfda43  raster-out/al-felony-dwop-set/canonical/page-006.png
al-felony-dwop-set	Print the verdict and the page digests to the log	2026-09-12T01:32:05.4265254Z 68a594b4e3298b1d3b2d58d9e97846aa3186721993f43d79356936aaad3899b0  raster-out/al-felony-dwop-set/canonical/page-007.png
al-felony-dwop-set	Print the verdict and the page digests to the log	2026-09-12T01:32:05.4266203Z fba565776a6bddc9e13ba86ce28c194bf6ba4482681038a98af0006cdf439d70  raster-out/al-felony-dwop-set/canonical/page-008.png
al-felony-dwop-set	Print the verdict and the page digests to the log	2026-09-12T01:32:05.4267272Z 10c55e4dfdd90530fff8db9690252b795f392d4fd9b05f7705d96a55e0e7bf91  raster-out/al-felony-dwop-set/canonical/page-009.png
al-felony-dwop-set	Print the verdict and the page digests to the log	2026-09-12T01:32:05.4268230Z 3a656c7e97655b5af51a010e2371e45bdb12c54eb11b32ee04a10c152b09fc3b  raster-out/al-felony-dwop-set/canonical/page-010.png
al-felony-dwop-set	Print the verdict and the page digests to the log	2026-09-12T01:32:05.4269185Z 3d8753a2fd235f0a0ce226962e7b6918fe2c75b96c62e43b0c544edec4d2f170  raster-out/al-felony-dwop-set/canonical/page-011.png
al-felony-dwop-set	Print the verdict and the page digests to the log	2026-09-12T01:32:05.4270319Z 6c67103a248fd038722d9beeca40d0921319ed598e7092591ec8b2b8e61c5969  raster-out/al-felony-dwop-set/canonical/page-calibration.png
al-felony-dwop-set	Print the verdict and the page digests to the log	2026-09-12T01:32:05.4270929Z ===== END PAGE DIGESTS =====
al-felony-dwop-set	Refuse a modified packet byte	﻿2026-09-12T01:32:05.4297185Z ##[group]Run set -euo pipefail
al-felony-dwop-set	Refuse a modified packet byte	2026-09-12T01:32:05.4297541Z ^[[36;1mset -euo pipefail^[[0m
al-felony-dwop-set	Refuse a modified packet byte	2026-09-12T01:32:05.4297912Z ^[[36;1m# The render writes only under raster-out/. If a tracked file moved,^[[0m
al-felony-dwop-set	Refuse a modified packet byte	2026-09-12T01:32:05.4298321Z ^[[36;1m# something wrote where it must not.^[[0m
al-felony-dwop-set	Refuse a modified packet byte	2026-09-12T01:32:05.4298660Z ^[[36;1mgit diff --quiet && git diff --cached --quiet \^[[0m
al-felony-dwop-set	Refuse a modified packet byte	2026-09-12T01:32:05.4299170Z ^[[36;1m  || { echo "REFUSED: the render modified tracked files"; git status --porcelain; exit 1; }^[[0m
al-felony-dwop-set	Refuse a modified packet byte	2026-09-12T01:32:05.4337135Z shell: /usr/bin/bash -e {0}
al-felony-dwop-set	Refuse a modified packet byte	2026-09-12T01:32:05.4337394Z env:
al-felony-dwop-set	Refuse a modified packet byte	2026-09-12T01:32:05.4337660Z   pythonLocation: /opt/hostedtoolcache/Python/3.12.14/x64
al-felony-dwop-set	Refuse a modified packet byte	2026-09-12T01:32:05.4338113Z   PKG_CONFIG_PATH: /opt/hostedtoolcache/Python/3.12.14/x64/lib/pkgconfig
al-felony-dwop-set	Refuse a modified packet byte	2026-09-12T01:32:05.4338570Z   Python_ROOT_DIR: /opt/hostedtoolcache/Python/3.12.14/x64
al-felony-dwop-set	Refuse a modified packet byte	2026-09-12T01:32:05.4338979Z   Python2_ROOT_DIR: /opt/hostedtoolcache/Python/3.12.14/x64
al-felony-dwop-set	Refuse a modified packet byte	2026-09-12T01:32:05.4339369Z   Python3_ROOT_DIR: /opt/hostedtoolcache/Python/3.12.14/x64
al-felony-dwop-set	Refuse a modified packet byte	2026-09-12T01:32:05.4339807Z   LD_LIBRARY_PATH: /opt/hostedtoolcache/Python/3.12.14/x64/lib
al-felony-dwop-set	Refuse a modified packet byte	2026-09-12T01:32:05.4340223Z   PLAYWRIGHT_BROWSERS_PATH: /home/runner/.cache/ms-playwright
al-felony-dwop-set	Refuse a modified packet byte	2026-09-12T01:32:05.4340565Z ##[endgroup]
al-felony-dwop-set	Artifact-safe label for this family	﻿2026-09-12T01:32:06.1230956Z ##[group]Run printf 'FAMILY_SLUG=%s\n' "$(printf '%s' "$FAMILY" | tr -c 'A-Za-z0-9._-' '_')" >> "$GITHUB_ENV"
al-felony-dwop-set	Artifact-safe label for this family	2026-09-12T01:32:06.1231911Z ^[[36;1mprintf 'FAMILY_SLUG=%s\n' "$(printf '%s' "$FAMILY" | tr -c 'A-Za-z0-9._-' '_')" >> "$GITHUB_ENV"^[[0m
al-felony-dwop-set	Artifact-safe label for this family	2026-09-12T01:32:06.1274248Z shell: /usr/bin/bash -e {0}
al-felony-dwop-set	Artifact-safe label for this family	2026-09-12T01:32:06.1274528Z env:
al-felony-dwop-set	Artifact-safe label for this family	2026-09-12T01:32:06.1274824Z   pythonLocation: /opt/hostedtoolcache/Python/3.12.14/x64
al-felony-dwop-set	Artifact-safe label for this family	2026-09-12T01:32:06.1275357Z   PKG_CONFIG_PATH: /opt/hostedtoolcache/Python/3.12.14/x64/lib/pkgconfig
al-felony-dwop-set	Artifact-safe label for this family	2026-09-12T01:32:06.1275983Z   Python_ROOT_DIR: /opt/hostedtoolcache/Python/3.12.14/x64
al-felony-dwop-set	Artifact-safe label for this family	2026-09-12T01:32:06.1276822Z   Python2_ROOT_DIR: /opt/hostedtoolcache/Python/3.12.14/x64
al-felony-dwop-set	Artifact-safe label for this family	2026-09-12T01:32:06.1277424Z   Python3_ROOT_DIR: /opt/hostedtoolcache/Python/3.12.14/x64
al-felony-dwop-set	Artifact-safe label for this family	2026-09-12T01:32:06.1277895Z   LD_LIBRARY_PATH: /opt/hostedtoolcache/Python/3.12.14/x64/lib
al-felony-dwop-set	Artifact-safe label for this family	2026-09-12T01:32:06.1278388Z   PLAYWRIGHT_BROWSERS_PATH: /home/runner/.cache/ms-playwright
al-felony-dwop-set	Artifact-safe label for this family	2026-09-12T01:32:06.1278806Z   FAMILY: al-felony-dwop-set
al-felony-dwop-set	Artifact-safe label for this family	2026-09-12T01:32:06.1279268Z ##[endgroup]
al-felony-dwop-set	Run actions/upload-artifact@v4	﻿2026-09-12T01:32:06.1420637Z Node 20 is being deprecated. This workflow is running with Node 24 by default. If you need to temporarily use Node 20, you can set the ACTIONS_ALLOW_USE_UNSECURE_NODE_VERSION=true environment variable. For more information see: https://github.blog/changelog/2025-09-19-deprecation-of-node-20-on-github-actions-runners/
al-felony-dwop-set	Run actions/upload-artifact@v4	2026-09-12T01:32:06.1422026Z ##[group]Run actions/upload-artifact@v4
al-felony-dwop-set	Run actions/upload-artifact@v4	2026-09-12T01:32:06.1422331Z with:
al-felony-dwop-set	Run actions/upload-artifact@v4	2026-09-12T01:32:06.1422575Z   name: rcap-raster-al-felony-dwop-set-34664588051
al-felony-dwop-set	Run actions/upload-artifact@v4	2026-09-12T01:32:06.1422895Z   path: raster-out/
al-felony-dwop-set	Run actions/upload-artifact@v4	2026-09-12T01:32:06.1423119Z   if-no-files-found: error
al-felony-dwop-set	Run actions/upload-artifact@v4	2026-09-12T01:32:06.1423353Z   retention-days: 14
al-felony-dwop-set	Run actions/upload-artifact@v4	2026-09-12T01:32:06.1423567Z   compression-level: 6
al-felony-dwop-set	Run actions/upload-artifact@v4	2026-09-12T01:32:06.1423785Z   overwrite: false
al-felony-dwop-set	Run actions/upload-artifact@v4	2026-09-12T01:32:06.1423995Z   include-hidden-files: false
al-felony-dwop-set	Run actions/upload-artifact@v4	2026-09-12T01:32:06.1424232Z env:
al-felony-dwop-set	Run actions/upload-artifact@v4	2026-09-12T01:32:06.1424484Z   pythonLocation: /opt/hostedtoolcache/Python/3.12.14/x64
al-felony-dwop-set	Run actions/upload-artifact@v4	2026-09-12T01:32:06.1424940Z   PKG_CONFIG_PATH: /opt/hostedtoolcache/Python/3.12.14/x64/lib/pkgconfig
al-felony-dwop-set	Run actions/upload-artifact@v4	2026-09-12T01:32:06.1425421Z   Python_ROOT_DIR: /opt/hostedtoolcache/Python/3.12.14/x64
al-felony-dwop-set	Run actions/upload-artifact@v4	2026-09-12T01:32:06.1425815Z   Python2_ROOT_DIR: /opt/hostedtoolcache/Python/3.12.14/x64
al-felony-dwop-set	Run actions/upload-artifact@v4	2026-09-12T01:32:06.1426204Z   Python3_ROOT_DIR: /opt/hostedtoolcache/Python/3.12.14/x64
al-felony-dwop-set	Run actions/upload-artifact@v4	2026-09-12T01:32:06.1427205Z   LD_LIBRARY_PATH: /opt/hostedtoolcache/Python/3.12.14/x64/lib
al-felony-dwop-set	Run actions/upload-artifact@v4	2026-09-12T01:32:06.1427832Z   PLAYWRIGHT_BROWSERS_PATH: /home/runner/.cache/ms-playwright
al-felony-dwop-set	Run actions/upload-artifact@v4	2026-09-12T01:32:06.1428191Z   FAMILY_SLUG: al-felony-dwop-set
al-felony-dwop-set	Run actions/upload-artifact@v4	2026-09-12T01:32:06.1428434Z ##[endgroup]
al-felony-dwop-set	Run actions/upload-artifact@v4	2026-09-12T01:32:06.3300958Z (node:6570) [DEP0040] DeprecationWarning: The `punycode` module is deprecated. Please use a userland alternative instead.
al-felony-dwop-set	Run actions/upload-artifact@v4	2026-09-12T01:32:06.3301899Z (Use `node --trace-deprecation ...` to show where the warning was created)
al-felony-dwop-set	Run actions/upload-artifact@v4	2026-09-12T01:32:06.3447173Z With the provided path, there will be 30 files uploaded
al-felony-dwop-set	Run actions/upload-artifact@v4	2026-09-12T01:32:06.3452098Z Artifact name is valid!
al-felony-dwop-set	Run actions/upload-artifact@v4	2026-09-12T01:32:06.3452826Z Root directory input is valid!
al-felony-dwop-set	Run actions/upload-artifact@v4	2026-09-12T01:32:06.5449485Z Beginning upload of artifact content to blob storage
al-felony-dwop-set	Run actions/upload-artifact@v4	2026-09-12T01:32:06.8901766Z (node:6570) [DEP0169] DeprecationWarning: `url.parse()` behavior is not standardized and prone to errors that have security implications. Use the WHATWG URL API instead. CVEs are not issued for `url.parse()` vulnerabilities.
al-felony-dwop-set	Run actions/upload-artifact@v4	2026-09-12T01:32:07.0861475Z Uploaded bytes 8388608
al-felony-dwop-set	Run actions/upload-artifact@v4	2026-09-12T01:32:07.1505117Z Uploaded bytes 11417541
al-felony-dwop-set	Run actions/upload-artifact@v4	2026-09-12T01:32:07.1677916Z Finished uploading artifact content to blob storage!
al-felony-dwop-set	Run actions/upload-artifact@v4	2026-09-12T01:32:07.1680203Z SHA256 digest of uploaded artifact zip is e7b4a9854bf35170248f7da0c366c410def45d41af779f925c9d5cc101071b54
al-felony-dwop-set	Run actions/upload-artifact@v4	2026-09-12T01:32:07.1682003Z Finalizing artifact upload
al-felony-dwop-set	Run actions/upload-artifact@v4	2026-09-12T01:32:07.3608760Z Artifact rcap-raster-al-felony-dwop-set-34664588051.zip successfully finalized. Artifact ID 10288995570
al-felony-dwop-set	Run actions/upload-artifact@v4	2026-09-12T01:32:07.3611813Z Artifact rcap-raster-al-felony-dwop-set-34664588051 has been successfully uploaded! Final size is 11417541 bytes. Artifact ID is 10288995570
al-felony-dwop-set	Run actions/upload-artifact@v4	2026-09-12T01:32:07.3618515Z Artifact download URL: https://github.com/Roger-LegalEase/legalease-partner-dashboard-clean/actions/runs/34664588051/artifacts/10288995570
al-felony-dwop-set	Post Run actions/setup-python@v5	﻿2026-09-12T01:32:07.3853436Z Node 20 is being deprecated. This workflow is running with Node 24 by default. If you need to temporarily use Node 20, you can set the ACTIONS_ALLOW_USE_UNSECURE_NODE_VERSION=true environment variable. For more information see: https://github.blog/changelog/2025-09-19-deprecation-of-node-20-on-github-actions-runners/
al-felony-dwop-set	Post Run actions/setup-python@v5	2026-09-12T01:32:07.3854797Z Post job cleanup.
al-felony-dwop-set	Post Run actions/setup-python@v5	2026-09-12T01:32:07.5145722Z (node:6582) [DEP0040] DeprecationWarning: The `punycode` module is deprecated. Please use a userland alternative instead.
al-felony-dwop-set	Post Run actions/setup-python@v5	2026-09-12T01:32:07.5148183Z (Use `node --trace-deprecation ...` to show where the warning was created)
al-felony-dwop-set	Post Run actions/setup-node@v4	﻿2026-09-12T01:32:07.5317549Z Node 20 is being deprecated. This workflow is running with Node 24 by default. If you need to temporarily use Node 20, you can set the ACTIONS_ALLOW_USE_UNSECURE_NODE_VERSION=true environment variable. For more information see: https://github.blog/changelog/2025-09-19-deprecation-of-node-20-on-github-actions-runners/
al-felony-dwop-set	Post Run actions/setup-node@v4	2026-09-12T01:32:07.5318886Z Post job cleanup.
al-felony-dwop-set	Post Run actions/setup-node@v4	2026-09-12T01:32:07.6705880Z (node:6590) [DEP0040] DeprecationWarning: The `punycode` module is deprecated. Please use a userland alternative instead.
al-felony-dwop-set	Post Run actions/setup-node@v4	2026-09-12T01:32:07.6707739Z (Use `node --trace-deprecation ...` to show where the warning was created)
al-felony-dwop-set	Post Run actions/checkout@v4	﻿2026-09-12T01:32:07.6955422Z Node 20 is being deprecated. This workflow is running with Node 24 by default. If you need to temporarily use Node 20, you can set the ACTIONS_ALLOW_USE_UNSECURE_NODE_VERSION=true environment variable. For more information see: https://github.blog/changelog/2025-09-19-deprecation-of-node-20-on-github-actions-runners/
al-felony-dwop-set	Post Run actions/checkout@v4	2026-09-12T01:32:07.6958189Z Post job cleanup.
al-felony-dwop-set	Post Run actions/checkout@v4	2026-09-12T01:32:07.7957885Z [command]/usr/bin/git version
al-felony-dwop-set	Post Run actions/checkout@v4	2026-09-12T01:32:07.8034166Z git version 2.55.0
al-felony-dwop-set	Post Run actions/checkout@v4	2026-09-12T01:32:07.8103419Z Temporarily overriding HOME='/home/runner/work/_temp/a480a3f1-9a0a-4f91-bc5f-bede917d9bff' before making global git config changes
al-felony-dwop-set	Post Run actions/checkout@v4	2026-09-12T01:32:07.8105532Z Adding repository directory to the temporary git global config as a safe directory
al-felony-dwop-set	Post Run actions/checkout@v4	2026-09-12T01:32:07.8114896Z [command]/usr/bin/git config --global --add safe.directory /home/runner/work/legalease-partner-dashboard-clean/legalease-partner-dashboard-clean
al-felony-dwop-set	Post Run actions/checkout@v4	2026-09-12T01:32:07.8169451Z [command]/usr/bin/git config --local --name-only --get-regexp core\.sshCommand
al-felony-dwop-set	Post Run actions/checkout@v4	2026-09-12T01:32:07.8217488Z [command]/usr/bin/git submodule foreach --recursive sh -c "git config --local --name-only --get-regexp 'core\.sshCommand' && git config --local --unset-all 'core.sshCommand' || :"
al-felony-dwop-set	Post Run actions/checkout@v4	2026-09-12T01:32:07.8529838Z [command]/usr/bin/git config --local --name-only --get-regexp http\.https\:\/\/github\.com\/\.extraheader
al-felony-dwop-set	Post Run actions/checkout@v4	2026-09-12T01:32:07.8562319Z http.https://github.com/.extraheader
al-felony-dwop-set	Post Run actions/checkout@v4	2026-09-12T01:32:07.8577209Z [command]/usr/bin/git config --local --unset-all http.https://github.com/.extraheader
al-felony-dwop-set	Post Run actions/checkout@v4	2026-09-12T01:32:07.8622408Z [command]/usr/bin/git submodule foreach --recursive sh -c "git config --local --name-only --get-regexp 'http\.https\:\/\/github\.com\/\.extraheader' && git config --local --unset-all 'http.https://github.com/.extraheader' || :"
al-felony-dwop-set	Post Run actions/checkout@v4	2026-09-12T01:32:07.8951750Z [command]/usr/bin/git config --local --name-only --get-regexp ^includeIf\.gitdir:
al-felony-dwop-set	Post Run actions/checkout@v4	2026-09-12T01:32:07.9002791Z [command]/usr/bin/git submodule foreach --recursive git config --local --show-origin --name-only --get-regexp remote.origin.url
al-felony-dwop-set	Complete job	﻿2026-09-12T01:32:07.9442195Z Cleaning up orphan processes
al-felony-dwop-set	Complete job	2026-09-12T01:32:07.9752287Z ##[warning]Node.js 20 is deprecated. The following actions target Node.js 20 but are being forced to run on Node.js 24: actions/checkout@v4, actions/setup-node@v4, actions/setup-python@v5, actions/upload-artifact@v4. For more information see: https://github.blog/changelog/2025-09-19-deprecation-of-node-20-on-github-actions-runners/
