al-misd-dwop-set	Set up job	﻿2026-09-12T01:25:43.3470984Z Current runner version: '2.337.0'
al-misd-dwop-set	Set up job	2026-09-12T01:25:43.3500093Z ##[group]Runner Image Provisioner
al-misd-dwop-set	Set up job	2026-09-12T01:25:43.3501153Z Hosted Compute Agent
al-misd-dwop-set	Set up job	2026-09-12T01:25:43.3501756Z Version: 20260828.587
al-misd-dwop-set	Set up job	2026-09-12T01:25:43.3502430Z Commit: abac92662cab4cc7352de4f9f9d2e2419aad9c29
al-misd-dwop-set	Set up job	2026-09-12T01:25:43.3503192Z Build Date: 2026-08-28T16:44:25Z
al-misd-dwop-set	Set up job	2026-09-12T01:25:43.3503873Z Worker ID: {65ee1f60-471b-4010-9df8-58a1eb33e2aa}
al-misd-dwop-set	Set up job	2026-09-12T01:25:43.3504648Z Azure Region: westus
al-misd-dwop-set	Set up job	2026-09-12T01:25:43.3505505Z ##[endgroup]
al-misd-dwop-set	Set up job	2026-09-12T01:25:43.3507216Z ##[group]Operating System
al-misd-dwop-set	Set up job	2026-09-12T01:25:43.3508009Z Ubuntu
al-misd-dwop-set	Set up job	2026-09-12T01:25:43.3508535Z 24.04.5
al-misd-dwop-set	Set up job	2026-09-12T01:25:43.3509120Z LTS
al-misd-dwop-set	Set up job	2026-09-12T01:25:43.3509658Z ##[endgroup]
al-misd-dwop-set	Set up job	2026-09-12T01:25:43.3510178Z ##[group]Runner Image
al-misd-dwop-set	Set up job	2026-09-12T01:25:43.3511280Z Image: ubuntu-24.04
al-misd-dwop-set	Set up job	2026-09-12T01:25:43.3511857Z Version: 20260907.300.1
al-misd-dwop-set	Set up job	2026-09-12T01:25:43.3512998Z Included Software: https://github.com/actions/runner-images/blob/ubuntu24/20260907.300/images/ubuntu/Ubuntu2404-Readme.md
al-misd-dwop-set	Set up job	2026-09-12T01:25:43.3514775Z Image Release: https://github.com/actions/runner-images/releases/tag/ubuntu24%2F20260907.300
al-misd-dwop-set	Set up job	2026-09-12T01:25:43.3516044Z ##[endgroup]
al-misd-dwop-set	Set up job	2026-09-12T01:25:43.3517199Z ##[group]GITHUB_TOKEN Permissions
al-misd-dwop-set	Set up job	2026-09-12T01:25:43.3519516Z Contents: read
al-misd-dwop-set	Set up job	2026-09-12T01:25:43.3520147Z Metadata: read
al-misd-dwop-set	Set up job	2026-09-12T01:25:43.3520776Z ##[endgroup]
al-misd-dwop-set	Set up job	2026-09-12T01:25:43.3522976Z Secret source: Actions
al-misd-dwop-set	Set up job	2026-09-12T01:25:43.3524057Z Cache mode: write
al-misd-dwop-set	Set up job	2026-09-12T01:25:43.3524835Z Prepare workflow directory
al-misd-dwop-set	Set up job	2026-09-12T01:25:43.3925476Z Prepare all required actions
al-misd-dwop-set	Set up job	2026-09-12T01:25:43.3984980Z Getting action download info
al-misd-dwop-set	Set up job	2026-09-12T01:25:43.7788084Z Download action repository 'actions/checkout@v4' (SHA:11d5960a326750d5838078e36cf38b85af677262)
al-misd-dwop-set	Set up job	2026-09-12T01:25:43.9474415Z Download action repository 'actions/setup-node@v4' (SHA:49933ea5288caeca8642d1e84afbd3f7d6820020)
al-misd-dwop-set	Set up job	2026-09-12T01:25:44.1048030Z Download action repository 'actions/setup-python@v5' (SHA:a26af69be951a213d495a4c3e4e4022e16d87065)
al-misd-dwop-set	Set up job	2026-09-12T01:25:44.2456320Z Download action repository 'actions/upload-artifact@v4' (SHA:ea165f8d65b6e75b540449e92b4886f43607fa02)
al-misd-dwop-set	Set up job	2026-09-12T01:25:44.5749291Z Complete job name: al-misd-dwop-set
al-misd-dwop-set	Run actions/checkout@v4	﻿2026-09-12T01:25:44.6693089Z Node 20 is being deprecated. This workflow is running with Node 24 by default. If you need to temporarily use Node 20, you can set the ACTIONS_ALLOW_USE_UNSECURE_NODE_VERSION=true environment variable. For more information see: https://github.blog/changelog/2025-09-19-deprecation-of-node-20-on-github-actions-runners/
al-misd-dwop-set	Run actions/checkout@v4	2026-09-12T01:25:44.6705170Z ##[group]Run actions/checkout@v4
al-misd-dwop-set	Run actions/checkout@v4	2026-09-12T01:25:44.6707158Z with:
al-misd-dwop-set	Run actions/checkout@v4	2026-09-12T01:25:44.6708249Z   ref: e38cb2ecae5ada6668fa6c7b9739eac208da6378
al-misd-dwop-set	Run actions/checkout@v4	2026-09-12T01:25:44.6709684Z   repository: Roger-LegalEase/legalease-partner-dashboard-clean
al-misd-dwop-set	Run actions/checkout@v4	2026-09-12T01:25:44.6720083Z   token: ***
al-misd-dwop-set	Run actions/checkout@v4	2026-09-12T01:25:44.6720890Z   ssh-strict: true
al-misd-dwop-set	Run actions/checkout@v4	2026-09-12T01:25:44.6721684Z   ssh-user: git
al-misd-dwop-set	Run actions/checkout@v4	2026-09-12T01:25:44.6722751Z   persist-credentials: true
al-misd-dwop-set	Run actions/checkout@v4	2026-09-12T01:25:44.6723673Z   clean: true
al-misd-dwop-set	Run actions/checkout@v4	2026-09-12T01:25:44.6724570Z   sparse-checkout-cone-mode: true
al-misd-dwop-set	Run actions/checkout@v4	2026-09-12T01:25:44.6725703Z   fetch-depth: 1
al-misd-dwop-set	Run actions/checkout@v4	2026-09-12T01:25:44.6726493Z   fetch-tags: false
al-misd-dwop-set	Run actions/checkout@v4	2026-09-12T01:25:44.6727309Z   show-progress: true
al-misd-dwop-set	Run actions/checkout@v4	2026-09-12T01:25:44.6728176Z   lfs: false
al-misd-dwop-set	Run actions/checkout@v4	2026-09-12T01:25:44.6728909Z   submodules: false
al-misd-dwop-set	Run actions/checkout@v4	2026-09-12T01:25:44.6729733Z   set-safe-directory: true
al-misd-dwop-set	Run actions/checkout@v4	2026-09-12T01:25:44.6730667Z   allow-unsafe-pr-checkout: false
al-misd-dwop-set	Run actions/checkout@v4	2026-09-12T01:25:44.6732049Z ##[endgroup]
al-misd-dwop-set	Run actions/checkout@v4	2026-09-12T01:25:44.7793487Z Syncing repository: Roger-LegalEase/legalease-partner-dashboard-clean
al-misd-dwop-set	Run actions/checkout@v4	2026-09-12T01:25:44.7797627Z ##[group]Getting Git version info
al-misd-dwop-set	Run actions/checkout@v4	2026-09-12T01:25:44.7800913Z Working directory is '/home/runner/work/legalease-partner-dashboard-clean/legalease-partner-dashboard-clean'
al-misd-dwop-set	Run actions/checkout@v4	2026-09-12T01:25:44.7804132Z [command]/usr/bin/git version
al-misd-dwop-set	Run actions/checkout@v4	2026-09-12T01:25:44.7868687Z git version 2.55.0
al-misd-dwop-set	Run actions/checkout@v4	2026-09-12T01:25:44.7896034Z ##[endgroup]
al-misd-dwop-set	Run actions/checkout@v4	2026-09-12T01:25:44.7926619Z Temporarily overriding HOME='/home/runner/work/_temp/95bc0062-3eab-4929-92a4-5daac6316685' before making global git config changes
al-misd-dwop-set	Run actions/checkout@v4	2026-09-12T01:25:44.7930719Z Adding repository directory to the temporary git global config as a safe directory
al-misd-dwop-set	Run actions/checkout@v4	2026-09-12T01:25:44.7934065Z [command]/usr/bin/git config --global --add safe.directory /home/runner/work/legalease-partner-dashboard-clean/legalease-partner-dashboard-clean
al-misd-dwop-set	Run actions/checkout@v4	2026-09-12T01:25:44.7984112Z Deleting the contents of '/home/runner/work/legalease-partner-dashboard-clean/legalease-partner-dashboard-clean'
al-misd-dwop-set	Run actions/checkout@v4	2026-09-12T01:25:44.7989078Z ##[group]Initializing the repository
al-misd-dwop-set	Run actions/checkout@v4	2026-09-12T01:25:44.7995863Z [command]/usr/bin/git init /home/runner/work/legalease-partner-dashboard-clean/legalease-partner-dashboard-clean
al-misd-dwop-set	Run actions/checkout@v4	2026-09-12T01:25:44.8119428Z hint: Using 'master' as the name for the initial branch. This default branch name
al-misd-dwop-set	Run actions/checkout@v4	2026-09-12T01:25:44.8123019Z hint: will change to "main" in Git 3.0. To configure the initial branch name
al-misd-dwop-set	Run actions/checkout@v4	2026-09-12T01:25:44.8127600Z hint: to use in all of your new repositories, which will suppress this warning,
al-misd-dwop-set	Run actions/checkout@v4	2026-09-12T01:25:44.8130085Z hint: call:
al-misd-dwop-set	Run actions/checkout@v4	2026-09-12T01:25:44.8131249Z hint:
al-misd-dwop-set	Run actions/checkout@v4	2026-09-12T01:25:44.8132807Z hint: 	git config --global init.defaultBranch <name>
al-misd-dwop-set	Run actions/checkout@v4	2026-09-12T01:25:44.8134675Z hint:
al-misd-dwop-set	Run actions/checkout@v4	2026-09-12T01:25:44.8136658Z hint: Names commonly chosen instead of 'master' are 'main', 'trunk' and
al-misd-dwop-set	Run actions/checkout@v4	2026-09-12T01:25:44.8139745Z hint: 'development'. The just-created branch can be renamed via this command:
al-misd-dwop-set	Run actions/checkout@v4	2026-09-12T01:25:44.8141856Z hint:
al-misd-dwop-set	Run actions/checkout@v4	2026-09-12T01:25:44.8143486Z hint: 	git branch -m <name>
al-misd-dwop-set	Run actions/checkout@v4	2026-09-12T01:25:44.8145760Z hint:
al-misd-dwop-set	Run actions/checkout@v4	2026-09-12T01:25:44.8147839Z hint: Disable this message with "git config set advice.defaultBranchName false"
al-misd-dwop-set	Run actions/checkout@v4	2026-09-12T01:25:44.8152382Z Initialized empty Git repository in /home/runner/work/legalease-partner-dashboard-clean/legalease-partner-dashboard-clean/.git/
al-misd-dwop-set	Run actions/checkout@v4	2026-09-12T01:25:44.8159763Z [command]/usr/bin/git remote add origin https://github.com/Roger-LegalEase/legalease-partner-dashboard-clean
al-misd-dwop-set	Run actions/checkout@v4	2026-09-12T01:25:44.8193426Z ##[endgroup]
al-misd-dwop-set	Run actions/checkout@v4	2026-09-12T01:25:44.8196243Z ##[group]Disabling automatic garbage collection
al-misd-dwop-set	Run actions/checkout@v4	2026-09-12T01:25:44.8198382Z [command]/usr/bin/git config --local gc.auto 0
al-misd-dwop-set	Run actions/checkout@v4	2026-09-12T01:25:44.8236581Z ##[endgroup]
al-misd-dwop-set	Run actions/checkout@v4	2026-09-12T01:25:44.8238727Z ##[group]Setting up auth
al-misd-dwop-set	Run actions/checkout@v4	2026-09-12T01:25:44.8243999Z [command]/usr/bin/git config --local --name-only --get-regexp core\.sshCommand
al-misd-dwop-set	Run actions/checkout@v4	2026-09-12T01:25:44.8299298Z [command]/usr/bin/git submodule foreach --recursive sh -c "git config --local --name-only --get-regexp 'core\.sshCommand' && git config --local --unset-all 'core.sshCommand' || :"
al-misd-dwop-set	Run actions/checkout@v4	2026-09-12T01:25:44.8682323Z [command]/usr/bin/git config --local --name-only --get-regexp http\.https\:\/\/github\.com\/\.extraheader
al-misd-dwop-set	Run actions/checkout@v4	2026-09-12T01:25:44.8725932Z [command]/usr/bin/git submodule foreach --recursive sh -c "git config --local --name-only --get-regexp 'http\.https\:\/\/github\.com\/\.extraheader' && git config --local --unset-all 'http.https://github.com/.extraheader' || :"
al-misd-dwop-set	Run actions/checkout@v4	2026-09-12T01:25:44.8965037Z [command]/usr/bin/git config --local --name-only --get-regexp ^includeIf\.gitdir:
al-misd-dwop-set	Run actions/checkout@v4	2026-09-12T01:25:44.9007825Z [command]/usr/bin/git submodule foreach --recursive git config --local --show-origin --name-only --get-regexp remote.origin.url
al-misd-dwop-set	Run actions/checkout@v4	2026-09-12T01:25:44.9246747Z [command]/usr/bin/git config --local http.https://github.com/.extraheader AUTHORIZATION: basic ***
al-misd-dwop-set	Run actions/checkout@v4	2026-09-12T01:25:44.9289722Z ##[endgroup]
al-misd-dwop-set	Run actions/checkout@v4	2026-09-12T01:25:44.9299860Z ##[group]Fetching the repository
al-misd-dwop-set	Run actions/checkout@v4	2026-09-12T01:25:44.9302448Z [command]/usr/bin/git -c protocol.version=2 fetch --no-tags --prune --no-recurse-submodules --depth=1 origin e38cb2ecae5ada6668fa6c7b9739eac208da6378
al-misd-dwop-set	Run actions/checkout@v4	2026-09-12T01:26:50.4141693Z From https://github.com/Roger-LegalEase/legalease-partner-dashboard-clean
al-misd-dwop-set	Run actions/checkout@v4	2026-09-12T01:26:50.4143282Z  * branch              e38cb2ecae5ada6668fa6c7b9739eac208da6378 -> FETCH_HEAD
al-misd-dwop-set	Run actions/checkout@v4	2026-09-12T01:26:50.4177290Z ##[endgroup]
al-misd-dwop-set	Run actions/checkout@v4	2026-09-12T01:26:50.4179186Z ##[group]Determining the checkout info
al-misd-dwop-set	Run actions/checkout@v4	2026-09-12T01:26:50.4180521Z ##[endgroup]
al-misd-dwop-set	Run actions/checkout@v4	2026-09-12T01:26:50.4181808Z [command]/usr/bin/git sparse-checkout disable
al-misd-dwop-set	Run actions/checkout@v4	2026-09-12T01:26:50.4222404Z [command]/usr/bin/git config --local --unset-all extensions.worktreeConfig
al-misd-dwop-set	Run actions/checkout@v4	2026-09-12T01:26:50.4259169Z ##[group]Checking out the ref
al-misd-dwop-set	Run actions/checkout@v4	2026-09-12T01:26:50.4264404Z [command]/usr/bin/git checkout --progress --force e38cb2ecae5ada6668fa6c7b9739eac208da6378
al-misd-dwop-set	Run actions/checkout@v4	2026-09-12T01:26:51.4995048Z Updating files:  13% (3160/24090)
al-misd-dwop-set	Run actions/checkout@v4	2026-09-12T01:26:51.5700222Z Updating files:  14% (3373/24090)
al-misd-dwop-set	Run actions/checkout@v4	2026-09-12T01:26:51.6489825Z Updating files:  15% (3614/24090)
al-misd-dwop-set	Run actions/checkout@v4	2026-09-12T01:26:51.7117004Z Updating files:  16% (3855/24090)
al-misd-dwop-set	Run actions/checkout@v4	2026-09-12T01:26:51.8016921Z Updating files:  17% (4096/24090)
al-misd-dwop-set	Run actions/checkout@v4	2026-09-12T01:26:51.9100356Z Updating files:  18% (4337/24090)
al-misd-dwop-set	Run actions/checkout@v4	2026-09-12T01:26:52.0770760Z Updating files:  19% (4578/24090)
al-misd-dwop-set	Run actions/checkout@v4	2026-09-12T01:26:52.1953238Z Updating files:  20% (4818/24090)
al-misd-dwop-set	Run actions/checkout@v4	2026-09-12T01:26:52.3681648Z Updating files:  21% (5059/24090)
al-misd-dwop-set	Run actions/checkout@v4	2026-09-12T01:26:52.4380230Z Updating files:  22% (5300/24090)
al-misd-dwop-set	Run actions/checkout@v4	2026-09-12T01:26:52.4627947Z Updating files:  23% (5541/24090)
al-misd-dwop-set	Run actions/checkout@v4	2026-09-12T01:26:52.5077163Z Updating files:  23% (5659/24090)
al-misd-dwop-set	Run actions/checkout@v4	2026-09-12T01:26:52.5774316Z Updating files:  24% (5782/24090)
al-misd-dwop-set	Run actions/checkout@v4	2026-09-12T01:26:52.6549537Z Updating files:  25% (6023/24090)
al-misd-dwop-set	Run actions/checkout@v4	2026-09-12T01:26:52.7696866Z Updating files:  26% (6264/24090)
al-misd-dwop-set	Run actions/checkout@v4	2026-09-12T01:26:52.8994695Z Updating files:  27% (6505/24090)
al-misd-dwop-set	Run actions/checkout@v4	2026-09-12T01:26:53.1033342Z Updating files:  28% (6746/24090)
al-misd-dwop-set	Run actions/checkout@v4	2026-09-12T01:26:53.2168947Z Updating files:  29% (6987/24090)
al-misd-dwop-set	Run actions/checkout@v4	2026-09-12T01:26:53.3315162Z Updating files:  30% (7227/24090)
al-misd-dwop-set	Run actions/checkout@v4	2026-09-12T01:26:53.4171602Z Updating files:  31% (7468/24090)
al-misd-dwop-set	Run actions/checkout@v4	2026-09-12T01:26:53.4619659Z Updating files:  32% (7709/24090)
al-misd-dwop-set	Run actions/checkout@v4	2026-09-12T01:26:53.4623213Z Updating files:  33% (7950/24090)
al-misd-dwop-set	Run actions/checkout@v4	2026-09-12T01:26:53.5702141Z Updating files:  33% (7960/24090)
al-misd-dwop-set	Run actions/checkout@v4	2026-09-12T01:26:53.6210507Z Updating files:  34% (8191/24090)
al-misd-dwop-set	Run actions/checkout@v4	2026-09-12T01:26:53.6668494Z Updating files:  35% (8432/24090)
al-misd-dwop-set	Run actions/checkout@v4	2026-09-12T01:26:53.7128453Z Updating files:  36% (8673/24090)
al-misd-dwop-set	Run actions/checkout@v4	2026-09-12T01:26:53.8154312Z Updating files:  37% (8914/24090)
al-misd-dwop-set	Run actions/checkout@v4	2026-09-12T01:26:53.8472580Z Updating files:  38% (9155/24090)
al-misd-dwop-set	Run actions/checkout@v4	2026-09-12T01:26:53.8754533Z Updating files:  39% (9396/24090)
al-misd-dwop-set	Run actions/checkout@v4	2026-09-12T01:26:53.9186340Z Updating files:  40% (9636/24090)
al-misd-dwop-set	Run actions/checkout@v4	2026-09-12T01:26:53.9385580Z Updating files:  41% (9877/24090)
al-misd-dwop-set	Run actions/checkout@v4	2026-09-12T01:26:53.9552206Z Updating files:  42% (10118/24090)
al-misd-dwop-set	Run actions/checkout@v4	2026-09-12T01:26:53.9778917Z Updating files:  43% (10359/24090)
al-misd-dwop-set	Run actions/checkout@v4	2026-09-12T01:26:54.0220228Z Updating files:  44% (10600/24090)
al-misd-dwop-set	Run actions/checkout@v4	2026-09-12T01:26:54.0404504Z Updating files:  45% (10841/24090)
al-misd-dwop-set	Run actions/checkout@v4	2026-09-12T01:26:54.2499540Z Updating files:  46% (11082/24090)
al-misd-dwop-set	Run actions/checkout@v4	2026-09-12T01:26:54.3834196Z Updating files:  47% (11323/24090)
al-misd-dwop-set	Run actions/checkout@v4	2026-09-12T01:26:54.4117061Z Updating files:  48% (11564/24090)
al-misd-dwop-set	Run actions/checkout@v4	2026-09-12T01:26:54.4334445Z Updating files:  49% (11805/24090)
al-misd-dwop-set	Run actions/checkout@v4	2026-09-12T01:26:54.4460336Z Updating files:  50% (12045/24090)
al-misd-dwop-set	Run actions/checkout@v4	2026-09-12T01:26:54.4627006Z Updating files:  51% (12286/24090)
al-misd-dwop-set	Run actions/checkout@v4	2026-09-12T01:26:54.4629801Z Updating files:  51% (12520/24090)
al-misd-dwop-set	Run actions/checkout@v4	2026-09-12T01:26:54.5104552Z Updating files:  52% (12527/24090)
al-misd-dwop-set	Run actions/checkout@v4	2026-09-12T01:26:54.6093026Z Updating files:  53% (12768/24090)
al-misd-dwop-set	Run actions/checkout@v4	2026-09-12T01:26:54.6370704Z Updating files:  54% (13009/24090)
al-misd-dwop-set	Run actions/checkout@v4	2026-09-12T01:26:54.6899001Z Updating files:  55% (13250/24090)
al-misd-dwop-set	Run actions/checkout@v4	2026-09-12T01:26:54.7099244Z Updating files:  56% (13491/24090)
al-misd-dwop-set	Run actions/checkout@v4	2026-09-12T01:26:54.7831133Z Updating files:  57% (13732/24090)
al-misd-dwop-set	Run actions/checkout@v4	2026-09-12T01:26:54.8125065Z Updating files:  58% (13973/24090)
al-misd-dwop-set	Run actions/checkout@v4	2026-09-12T01:26:54.8771213Z Updating files:  59% (14214/24090)
al-misd-dwop-set	Run actions/checkout@v4	2026-09-12T01:26:55.0004469Z Updating files:  60% (14454/24090)
al-misd-dwop-set	Run actions/checkout@v4	2026-09-12T01:26:55.0393823Z Updating files:  61% (14695/24090)
al-misd-dwop-set	Run actions/checkout@v4	2026-09-12T01:26:55.0879646Z Updating files:  62% (14936/24090)
al-misd-dwop-set	Run actions/checkout@v4	2026-09-12T01:26:55.2208389Z Updating files:  63% (15177/24090)
al-misd-dwop-set	Run actions/checkout@v4	2026-09-12T01:26:55.4629851Z Updating files:  64% (15418/24090)
al-misd-dwop-set	Run actions/checkout@v4	2026-09-12T01:26:55.5574148Z Updating files:  64% (15588/24090)
al-misd-dwop-set	Run actions/checkout@v4	2026-09-12T01:26:55.8732903Z Updating files:  65% (15659/24090)
al-misd-dwop-set	Run actions/checkout@v4	2026-09-12T01:26:56.0171698Z Updating files:  66% (15900/24090)
al-misd-dwop-set	Run actions/checkout@v4	2026-09-12T01:26:56.1411159Z Updating files:  67% (16141/24090)
al-misd-dwop-set	Run actions/checkout@v4	2026-09-12T01:26:56.2221087Z Updating files:  68% (16382/24090)
al-misd-dwop-set	Run actions/checkout@v4	2026-09-12T01:26:56.3295623Z Updating files:  69% (16623/24090)
al-misd-dwop-set	Run actions/checkout@v4	2026-09-12T01:26:56.3798640Z Updating files:  70% (16863/24090)
al-misd-dwop-set	Run actions/checkout@v4	2026-09-12T01:26:56.4454940Z Updating files:  71% (17104/24090)
al-misd-dwop-set	Run actions/checkout@v4	2026-09-12T01:26:56.4635913Z Updating files:  72% (17345/24090)
al-misd-dwop-set	Run actions/checkout@v4	2026-09-12T01:26:56.6092054Z Updating files:  72% (17359/24090)
al-misd-dwop-set	Run actions/checkout@v4	2026-09-12T01:26:56.6982691Z Updating files:  73% (17586/24090)
al-misd-dwop-set	Run actions/checkout@v4	2026-09-12T01:26:56.8368143Z Updating files:  74% (17827/24090)
al-misd-dwop-set	Run actions/checkout@v4	2026-09-12T01:26:56.9420461Z Updating files:  75% (18068/24090)
al-misd-dwop-set	Run actions/checkout@v4	2026-09-12T01:26:56.9598441Z Updating files:  76% (18309/24090)
al-misd-dwop-set	Run actions/checkout@v4	2026-09-12T01:26:56.9759411Z Updating files:  77% (18550/24090)
al-misd-dwop-set	Run actions/checkout@v4	2026-09-12T01:26:56.9902364Z Updating files:  78% (18791/24090)
al-misd-dwop-set	Run actions/checkout@v4	2026-09-12T01:26:57.1177247Z Updating files:  79% (19032/24090)
al-misd-dwop-set	Run actions/checkout@v4	2026-09-12T01:26:57.2395089Z Updating files:  80% (19272/24090)
al-misd-dwop-set	Run actions/checkout@v4	2026-09-12T01:26:57.3832332Z Updating files:  81% (19513/24090)
al-misd-dwop-set	Run actions/checkout@v4	2026-09-12T01:26:57.4422160Z Updating files:  82% (19754/24090)
al-misd-dwop-set	Run actions/checkout@v4	2026-09-12T01:26:57.4625020Z Updating files:  83% (19995/24090)
al-misd-dwop-set	Run actions/checkout@v4	2026-09-12T01:26:57.4699310Z Updating files:  83% (20175/24090)
al-misd-dwop-set	Run actions/checkout@v4	2026-09-12T01:26:57.4938166Z Updating files:  84% (20236/24090)
al-misd-dwop-set	Run actions/checkout@v4	2026-09-12T01:26:57.5148811Z Updating files:  85% (20477/24090)
al-misd-dwop-set	Run actions/checkout@v4	2026-09-12T01:26:57.5366504Z Updating files:  86% (20718/24090)
al-misd-dwop-set	Run actions/checkout@v4	2026-09-12T01:26:57.5618980Z Updating files:  87% (20959/24090)
al-misd-dwop-set	Run actions/checkout@v4	2026-09-12T01:26:57.5852574Z Updating files:  88% (21200/24090)
al-misd-dwop-set	Run actions/checkout@v4	2026-09-12T01:26:57.6659793Z Updating files:  89% (21441/24090)
al-misd-dwop-set	Run actions/checkout@v4	2026-09-12T01:26:57.6902589Z Updating files:  90% (21681/24090)
al-misd-dwop-set	Run actions/checkout@v4	2026-09-12T01:26:57.7229429Z Updating files:  91% (21922/24090)
al-misd-dwop-set	Run actions/checkout@v4	2026-09-12T01:26:57.7352730Z Updating files:  92% (22163/24090)
al-misd-dwop-set	Run actions/checkout@v4	2026-09-12T01:26:57.7928759Z Updating files:  93% (22404/24090)
al-misd-dwop-set	Run actions/checkout@v4	2026-09-12T01:26:58.0226516Z Updating files:  94% (22645/24090)
al-misd-dwop-set	Run actions/checkout@v4	2026-09-12T01:26:58.0665555Z Updating files:  95% (22886/24090)
al-misd-dwop-set	Run actions/checkout@v4	2026-09-12T01:26:58.1298874Z Updating files:  96% (23127/24090)
al-misd-dwop-set	Run actions/checkout@v4	2026-09-12T01:26:58.1800561Z Updating files:  97% (23368/24090)
al-misd-dwop-set	Run actions/checkout@v4	2026-09-12T01:26:58.2502995Z Updating files:  98% (23609/24090)
al-misd-dwop-set	Run actions/checkout@v4	2026-09-12T01:26:58.2977228Z Updating files:  99% (23850/24090)
al-misd-dwop-set	Run actions/checkout@v4	2026-09-12T01:26:58.2978169Z Updating files: 100% (24090/24090)
al-misd-dwop-set	Run actions/checkout@v4	2026-09-12T01:26:58.2978708Z Updating files: 100% (24090/24090), done.
al-misd-dwop-set	Run actions/checkout@v4	2026-09-12T01:26:58.3351809Z Note: switching to 'e38cb2ecae5ada6668fa6c7b9739eac208da6378'.
al-misd-dwop-set	Run actions/checkout@v4	2026-09-12T01:26:58.3353165Z 
al-misd-dwop-set	Run actions/checkout@v4	2026-09-12T01:26:58.3353762Z You are in 'detached HEAD' state. You can look around, make experimental
al-misd-dwop-set	Run actions/checkout@v4	2026-09-12T01:26:58.3354843Z changes and commit them, and you can discard any commits you make in this
al-misd-dwop-set	Run actions/checkout@v4	2026-09-12T01:26:58.3356125Z state without impacting any branches by switching back to a branch.
al-misd-dwop-set	Run actions/checkout@v4	2026-09-12T01:26:58.3356775Z 
al-misd-dwop-set	Run actions/checkout@v4	2026-09-12T01:26:58.3357315Z If you want to create a new branch to retain commits you create, you may
al-misd-dwop-set	Run actions/checkout@v4	2026-09-12T01:26:58.3358261Z do so (now or later) by using -c with the switch command. Example:
al-misd-dwop-set	Run actions/checkout@v4	2026-09-12T01:26:58.3358850Z 
al-misd-dwop-set	Run actions/checkout@v4	2026-09-12T01:26:58.3359360Z   git switch -c <new-branch-name>
al-misd-dwop-set	Run actions/checkout@v4	2026-09-12T01:26:58.3359833Z 
al-misd-dwop-set	Run actions/checkout@v4	2026-09-12T01:26:58.3360150Z Or undo this operation with:
al-misd-dwop-set	Run actions/checkout@v4	2026-09-12T01:26:58.3360612Z 
al-misd-dwop-set	Run actions/checkout@v4	2026-09-12T01:26:58.3360924Z   git switch -
al-misd-dwop-set	Run actions/checkout@v4	2026-09-12T01:26:58.3361321Z 
al-misd-dwop-set	Run actions/checkout@v4	2026-09-12T01:26:58.3361826Z Turn off this advice by setting config variable advice.detachedHead to false
al-misd-dwop-set	Run actions/checkout@v4	2026-09-12T01:26:58.3362580Z 
al-misd-dwop-set	Run actions/checkout@v4	2026-09-12T01:26:58.3363144Z HEAD is now at e38cb2ec fix(al): reserve clerk captions across six expungement packets
al-misd-dwop-set	Run actions/checkout@v4	2026-09-12T01:26:58.3607721Z ##[endgroup]
al-misd-dwop-set	Run actions/checkout@v4	2026-09-12T01:26:58.3665063Z [command]/usr/bin/git log -1 --format=%H
al-misd-dwop-set	Run actions/checkout@v4	2026-09-12T01:26:58.3696105Z e38cb2ecae5ada6668fa6c7b9739eac208da6378
al-misd-dwop-set	Refuse a movable ref and prove the checkout is the pinned commit	﻿2026-09-12T01:26:58.3931623Z ##[group]Run set -euo pipefail
al-misd-dwop-set	Refuse a movable ref and prove the checkout is the pinned commit	2026-09-12T01:26:58.3932022Z ^[[36;1mset -euo pipefail^[[0m
al-misd-dwop-set	Refuse a movable ref and prove the checkout is the pinned commit	2026-09-12T01:26:58.3932426Z ^[[36;1m# actions/checkout accepts a branch or tag here despite the input^[[0m
al-misd-dwop-set	Refuse a movable ref and prove the checkout is the pinned commit	2026-09-12T01:26:58.3932956Z ^[[36;1m# description. Three jobs resolve this ref independently, so a branch^[[0m
al-misd-dwop-set	Refuse a movable ref and prove the checkout is the pinned commit	2026-09-12T01:26:58.3933463Z ^[[36;1m# that moves mid-run would have them inspect different commits while^[[0m
al-misd-dwop-set	Refuse a movable ref and prove the checkout is the pinned commit	2026-09-12T01:26:58.3933938Z ^[[36;1m# every receipt recorded the literal branch name as the pin. An^[[0m
al-misd-dwop-set	Refuse a movable ref and prove the checkout is the pinned commit	2026-09-12T01:26:58.3934645Z ^[[36;1m# immutable 40-hex commit, verified against the checked-out HEAD, is^[[0m
al-misd-dwop-set	Refuse a movable ref and prove the checkout is the pinned commit	2026-09-12T01:26:58.3935089Z ^[[36;1m# the only input that makes a receipt findable again.^[[0m
al-misd-dwop-set	Refuse a movable ref and prove the checkout is the pinned commit	2026-09-12T01:26:58.3935794Z ^[[36;1mcase "$REF" in^[[0m
al-misd-dwop-set	Refuse a movable ref and prove the checkout is the pinned commit	2026-09-12T01:26:58.3936729Z ^[[36;1m  *[!0-9a-f]* | "") echo "REFUSED: commit_sha must be a full 40-character commit hash, got '$REF'"; exit 1;;^[[0m
al-misd-dwop-set	Refuse a movable ref and prove the checkout is the pinned commit	2026-09-12T01:26:58.3937223Z ^[[36;1mesac^[[0m
al-misd-dwop-set	Refuse a movable ref and prove the checkout is the pinned commit	2026-09-12T01:26:58.3937604Z ^[[36;1m[ "${#REF}" -eq 40 ] || { echo "REFUSED: commit_sha must be 40 hex characters, got ${#REF}"; exit 1; }^[[0m
al-misd-dwop-set	Refuse a movable ref and prove the checkout is the pinned commit	2026-09-12T01:26:58.3938130Z ^[[36;1mHEAD_SHA="$(git rev-parse HEAD)"^[[0m
al-misd-dwop-set	Refuse a movable ref and prove the checkout is the pinned commit	2026-09-12T01:26:58.3938583Z ^[[36;1m[ "$HEAD_SHA" = "$REF" ] || { echo "REFUSED: checked out $HEAD_SHA but the pin says $REF"; exit 1; }^[[0m
al-misd-dwop-set	Refuse a movable ref and prove the checkout is the pinned commit	2026-09-12T01:26:58.3939069Z ^[[36;1mecho "pinned commit confirmed: $HEAD_SHA"^[[0m
al-misd-dwop-set	Refuse a movable ref and prove the checkout is the pinned commit	2026-09-12T01:26:58.3983225Z shell: /usr/bin/bash -e {0}
al-misd-dwop-set	Refuse a movable ref and prove the checkout is the pinned commit	2026-09-12T01:26:58.3983512Z env:
al-misd-dwop-set	Refuse a movable ref and prove the checkout is the pinned commit	2026-09-12T01:26:58.3983765Z   REF: e38cb2ecae5ada6668fa6c7b9739eac208da6378
al-misd-dwop-set	Refuse a movable ref and prove the checkout is the pinned commit	2026-09-12T01:26:58.3984067Z ##[endgroup]
al-misd-dwop-set	Refuse a movable ref and prove the checkout is the pinned commit	2026-09-12T01:26:58.4365471Z pinned commit confirmed: e38cb2ecae5ada6668fa6c7b9739eac208da6378
al-misd-dwop-set	Run actions/setup-node@v4	﻿2026-09-12T01:26:58.4493525Z Node 20 is being deprecated. This workflow is running with Node 24 by default. If you need to temporarily use Node 20, you can set the ACTIONS_ALLOW_USE_UNSECURE_NODE_VERSION=true environment variable. For more information see: https://github.blog/changelog/2025-09-19-deprecation-of-node-20-on-github-actions-runners/
al-misd-dwop-set	Run actions/setup-node@v4	2026-09-12T01:26:58.4495513Z ##[group]Run actions/setup-node@v4
al-misd-dwop-set	Run actions/setup-node@v4	2026-09-12T01:26:58.4495782Z with:
al-misd-dwop-set	Run actions/setup-node@v4	2026-09-12T01:26:58.4495974Z   node-version: 22
al-misd-dwop-set	Run actions/setup-node@v4	2026-09-12T01:26:58.4496210Z   always-auth: false
al-misd-dwop-set	Run actions/setup-node@v4	2026-09-12T01:26:58.4496427Z   check-latest: false
al-misd-dwop-set	Run actions/setup-node@v4	2026-09-12T01:26:58.4499309Z   token: ***
al-misd-dwop-set	Run actions/setup-node@v4	2026-09-12T01:26:58.4499518Z ##[endgroup]
al-misd-dwop-set	Run actions/setup-node@v4	2026-09-12T01:26:58.6820259Z Found in cache @ /opt/hostedtoolcache/node/22.23.2/x64
al-misd-dwop-set	Run actions/setup-node@v4	2026-09-12T01:26:58.6824575Z (node:2282) [DEP0040] DeprecationWarning: The `punycode` module is deprecated. Please use a userland alternative instead.
al-misd-dwop-set	Run actions/setup-node@v4	2026-09-12T01:26:58.6825662Z (Use `node --trace-deprecation ...` to show where the warning was created)
al-misd-dwop-set	Run actions/setup-node@v4	2026-09-12T01:26:58.6828517Z ##[group]Environment details
al-misd-dwop-set	Run actions/setup-node@v4	2026-09-12T01:27:02.7086883Z node: v22.23.2
al-misd-dwop-set	Run actions/setup-node@v4	2026-09-12T01:27:02.7087326Z npm: 10.9.8
al-misd-dwop-set	Run actions/setup-node@v4	2026-09-12T01:27:02.7087666Z yarn: 1.22.22
al-misd-dwop-set	Run actions/setup-node@v4	2026-09-12T01:27:02.7088651Z ##[endgroup]
al-misd-dwop-set	Run npm ci --cache /tmp/npm-cache	﻿2026-09-12T01:27:02.7207717Z ##[group]Run npm ci --cache /tmp/npm-cache
al-misd-dwop-set	Run npm ci --cache /tmp/npm-cache	2026-09-12T01:27:02.7208094Z ^[[36;1mnpm ci --cache /tmp/npm-cache^[[0m
al-misd-dwop-set	Run npm ci --cache /tmp/npm-cache	2026-09-12T01:27:02.7252774Z shell: /usr/bin/bash -e {0}
al-misd-dwop-set	Run npm ci --cache /tmp/npm-cache	2026-09-12T01:27:02.7253050Z ##[endgroup]
al-misd-dwop-set	Run npm ci --cache /tmp/npm-cache	2026-09-12T01:27:26.0049690Z 
al-misd-dwop-set	Run npm ci --cache /tmp/npm-cache	2026-09-12T01:27:26.0059716Z added 492 packages, and audited 493 packages in 23s
al-misd-dwop-set	Run npm ci --cache /tmp/npm-cache	2026-09-12T01:27:26.0060104Z 
al-misd-dwop-set	Run npm ci --cache /tmp/npm-cache	2026-09-12T01:27:26.0060337Z 186 packages are looking for funding
al-misd-dwop-set	Run npm ci --cache /tmp/npm-cache	2026-09-12T01:27:26.0060655Z   run `npm fund` for details
al-misd-dwop-set	Run npm ci --cache /tmp/npm-cache	2026-09-12T01:27:26.1889635Z 
al-misd-dwop-set	Run npm ci --cache /tmp/npm-cache	2026-09-12T01:27:26.1890559Z 39 vulnerabilities (2 low, 29 moderate, 7 high, 1 critical)
al-misd-dwop-set	Run npm ci --cache /tmp/npm-cache	2026-09-12T01:27:26.1890993Z 
al-misd-dwop-set	Run npm ci --cache /tmp/npm-cache	2026-09-12T01:27:26.1891295Z To address issues that do not require attention, run:
al-misd-dwop-set	Run npm ci --cache /tmp/npm-cache	2026-09-12T01:27:26.1891792Z   npm audit fix
al-misd-dwop-set	Run npm ci --cache /tmp/npm-cache	2026-09-12T01:27:26.1891959Z 
al-misd-dwop-set	Run npm ci --cache /tmp/npm-cache	2026-09-12T01:27:26.1892119Z To address all issues, run:
al-misd-dwop-set	Run npm ci --cache /tmp/npm-cache	2026-09-12T01:27:26.1892470Z   npm audit fix --force
al-misd-dwop-set	Run npm ci --cache /tmp/npm-cache	2026-09-12T01:27:26.1892665Z 
al-misd-dwop-set	Run npm ci --cache /tmp/npm-cache	2026-09-12T01:27:26.1892829Z Run `npm audit` for details.
al-misd-dwop-set	Run actions/setup-python@v5	﻿2026-09-12T01:27:26.2717604Z Node 20 is being deprecated. This workflow is running with Node 24 by default. If you need to temporarily use Node 20, you can set the ACTIONS_ALLOW_USE_UNSECURE_NODE_VERSION=true environment variable. For more information see: https://github.blog/changelog/2025-09-19-deprecation-of-node-20-on-github-actions-runners/
al-misd-dwop-set	Run actions/setup-python@v5	2026-09-12T01:27:26.2718978Z ##[group]Run actions/setup-python@v5
al-misd-dwop-set	Run actions/setup-python@v5	2026-09-12T01:27:26.2719244Z with:
al-misd-dwop-set	Run actions/setup-python@v5	2026-09-12T01:27:26.2719442Z   python-version: 3.12
al-misd-dwop-set	Run actions/setup-python@v5	2026-09-12T01:27:26.2719673Z   check-latest: false
al-misd-dwop-set	Run actions/setup-python@v5	2026-09-12T01:27:26.2722500Z   token: ***
al-misd-dwop-set	Run actions/setup-python@v5	2026-09-12T01:27:26.2722915Z   update-environment: true
al-misd-dwop-set	Run actions/setup-python@v5	2026-09-12T01:27:26.2723161Z   allow-prereleases: false
al-misd-dwop-set	Run actions/setup-python@v5	2026-09-12T01:27:26.2723389Z   freethreaded: false
al-misd-dwop-set	Run actions/setup-python@v5	2026-09-12T01:27:26.2723601Z ##[endgroup]
al-misd-dwop-set	Run actions/setup-python@v5	2026-09-12T01:27:26.4134467Z ##[group]Installed versions
al-misd-dwop-set	Run actions/setup-python@v5	2026-09-12T01:27:26.4641496Z (node:2353) [DEP0040] DeprecationWarning: The `punycode` module is deprecated. Please use a userland alternative instead.
al-misd-dwop-set	Run actions/setup-python@v5	2026-09-12T01:27:26.4642884Z (Use `node --trace-deprecation ...` to show where the warning was created)
al-misd-dwop-set	Run actions/setup-python@v5	2026-09-12T01:27:26.4643720Z Successfully set up CPython (3.12.14)
al-misd-dwop-set	Run actions/setup-python@v5	2026-09-12T01:27:26.4644283Z ##[endgroup]
al-misd-dwop-set	Install the pinned encrypted-PDF reader	﻿2026-09-12T01:27:26.4820106Z ##[group]Run python -m pip install --disable-pip-version-check pikepdf==10.12.0
al-misd-dwop-set	Install the pinned encrypted-PDF reader	2026-09-12T01:27:26.4820757Z ^[[36;1mpython -m pip install --disable-pip-version-check pikepdf==10.12.0^[[0m
al-misd-dwop-set	Install the pinned encrypted-PDF reader	2026-09-12T01:27:26.4938825Z shell: /usr/bin/bash -e {0}
al-misd-dwop-set	Install the pinned encrypted-PDF reader	2026-09-12T01:27:26.4939127Z env:
al-misd-dwop-set	Install the pinned encrypted-PDF reader	2026-09-12T01:27:26.4939413Z   pythonLocation: /opt/hostedtoolcache/Python/3.12.14/x64
al-misd-dwop-set	Install the pinned encrypted-PDF reader	2026-09-12T01:27:26.4939918Z   PKG_CONFIG_PATH: /opt/hostedtoolcache/Python/3.12.14/x64/lib/pkgconfig
al-misd-dwop-set	Install the pinned encrypted-PDF reader	2026-09-12T01:27:26.4940373Z   Python_ROOT_DIR: /opt/hostedtoolcache/Python/3.12.14/x64
al-misd-dwop-set	Install the pinned encrypted-PDF reader	2026-09-12T01:27:26.4940775Z   Python2_ROOT_DIR: /opt/hostedtoolcache/Python/3.12.14/x64
al-misd-dwop-set	Install the pinned encrypted-PDF reader	2026-09-12T01:27:26.4941166Z   Python3_ROOT_DIR: /opt/hostedtoolcache/Python/3.12.14/x64
al-misd-dwop-set	Install the pinned encrypted-PDF reader	2026-09-12T01:27:26.4941713Z   LD_LIBRARY_PATH: /opt/hostedtoolcache/Python/3.12.14/x64/lib
al-misd-dwop-set	Install the pinned encrypted-PDF reader	2026-09-12T01:27:26.4942160Z ##[endgroup]
al-misd-dwop-set	Install the pinned encrypted-PDF reader	2026-09-12T01:27:31.0697249Z Collecting pikepdf==10.12.0
al-misd-dwop-set	Install the pinned encrypted-PDF reader	2026-09-12T01:27:31.1340515Z   Downloading pikepdf-10.12.0-cp312-cp312-manylinux_2_27_x86_64.manylinux_2_28_x86_64.whl.metadata (11 kB)
al-misd-dwop-set	Install the pinned encrypted-PDF reader	2026-09-12T01:27:31.2949353Z Collecting Pillow>=10.0.1 (from pikepdf==10.12.0)
al-misd-dwop-set	Install the pinned encrypted-PDF reader	2026-09-12T01:27:31.2983092Z   Downloading pillow-12.3.0-cp312-cp312-manylinux_2_27_x86_64.manylinux_2_28_x86_64.whl.metadata (9.1 kB)
al-misd-dwop-set	Install the pinned encrypted-PDF reader	2026-09-12T01:27:31.5228957Z Collecting lxml>=4.8 (from pikepdf==10.12.0)
al-misd-dwop-set	Install the pinned encrypted-PDF reader	2026-09-12T01:27:31.5263580Z   Downloading lxml-6.1.3-cp312-cp312-manylinux_2_26_x86_64.manylinux_2_28_x86_64.whl.metadata (3.3 kB)
al-misd-dwop-set	Install the pinned encrypted-PDF reader	2026-09-12T01:27:31.5433724Z Collecting packaging (from pikepdf==10.12.0)
al-misd-dwop-set	Install the pinned encrypted-PDF reader	2026-09-12T01:27:31.5466432Z   Downloading packaging-26.3-py3-none-any.whl.metadata (3.5 kB)
al-misd-dwop-set	Install the pinned encrypted-PDF reader	2026-09-12T01:27:31.5566271Z Downloading pikepdf-10.12.0-cp312-cp312-manylinux_2_27_x86_64.manylinux_2_28_x86_64.whl (2.3 MB)
al-misd-dwop-set	Install the pinned encrypted-PDF reader	2026-09-12T01:27:31.6542543Z    ━━━━━━━━━━━━━━━━━━━━━━━━━━━━━━━━━━━━━━━━ 2.3/2.3 MB 25.3 MB/s  0:00:00
al-misd-dwop-set	Install the pinned encrypted-PDF reader	2026-09-12T01:27:31.6582054Z Downloading lxml-6.1.3-cp312-cp312-manylinux_2_26_x86_64.manylinux_2_28_x86_64.whl (5.2 MB)
al-misd-dwop-set	Install the pinned encrypted-PDF reader	2026-09-12T01:27:31.6913413Z    ━━━━━━━━━━━━━━━━━━━━━━━━━━━━━━━━━━━━━━━━ 5.2/5.2 MB 168.9 MB/s  0:00:00
al-misd-dwop-set	Install the pinned encrypted-PDF reader	2026-09-12T01:27:31.6950096Z Downloading pillow-12.3.0-cp312-cp312-manylinux_2_27_x86_64.manylinux_2_28_x86_64.whl (6.9 MB)
al-misd-dwop-set	Install the pinned encrypted-PDF reader	2026-09-12T01:27:31.7240142Z    ━━━━━━━━━━━━━━━━━━━━━━━━━━━━━━━━━━━━━━━━ 6.9/6.9 MB 252.1 MB/s  0:00:00
al-misd-dwop-set	Install the pinned encrypted-PDF reader	2026-09-12T01:27:31.7275794Z Downloading packaging-26.3-py3-none-any.whl (129 kB)
al-misd-dwop-set	Install the pinned encrypted-PDF reader	2026-09-12T01:27:31.9674303Z Installing collected packages: Pillow, packaging, lxml, pikepdf
al-misd-dwop-set	Install the pinned encrypted-PDF reader	2026-09-12T01:27:32.6459120Z 
al-misd-dwop-set	Install the pinned encrypted-PDF reader	2026-09-12T01:27:32.6473813Z Successfully installed Pillow-12.3.0 lxml-6.1.3 packaging-26.3 pikepdf-10.12.0
al-misd-dwop-set	Provision the browser	﻿2026-09-12T01:27:32.7252391Z ##[group]Run set -euo pipefail
al-misd-dwop-set	Provision the browser	2026-09-12T01:27:32.7252737Z ^[[36;1mset -euo pipefail^[[0m
al-misd-dwop-set	Provision the browser	2026-09-12T01:27:32.7253111Z ^[[36;1mexport PLAYWRIGHT_BROWSERS_PATH="$HOME/.cache/ms-playwright"^[[0m
al-misd-dwop-set	Provision the browser	2026-09-12T01:27:32.7253568Z ^[[36;1mnpx --yes playwright install --with-deps chromium^[[0m
al-misd-dwop-set	Provision the browser	2026-09-12T01:27:32.7254047Z ^[[36;1mecho "PLAYWRIGHT_BROWSERS_PATH=$PLAYWRIGHT_BROWSERS_PATH" >> "$GITHUB_ENV"^[[0m
al-misd-dwop-set	Provision the browser	2026-09-12T01:27:32.7291674Z shell: /usr/bin/bash -e {0}
al-misd-dwop-set	Provision the browser	2026-09-12T01:27:32.7291932Z env:
al-misd-dwop-set	Provision the browser	2026-09-12T01:27:32.7292197Z   pythonLocation: /opt/hostedtoolcache/Python/3.12.14/x64
al-misd-dwop-set	Provision the browser	2026-09-12T01:27:32.7292657Z   PKG_CONFIG_PATH: /opt/hostedtoolcache/Python/3.12.14/x64/lib/pkgconfig
al-misd-dwop-set	Provision the browser	2026-09-12T01:27:32.7293107Z   Python_ROOT_DIR: /opt/hostedtoolcache/Python/3.12.14/x64
al-misd-dwop-set	Provision the browser	2026-09-12T01:27:32.7293491Z   Python2_ROOT_DIR: /opt/hostedtoolcache/Python/3.12.14/x64
al-misd-dwop-set	Provision the browser	2026-09-12T01:27:32.7294073Z   Python3_ROOT_DIR: /opt/hostedtoolcache/Python/3.12.14/x64
al-misd-dwop-set	Provision the browser	2026-09-12T01:27:32.7294456Z   LD_LIBRARY_PATH: /opt/hostedtoolcache/Python/3.12.14/x64/lib
al-misd-dwop-set	Provision the browser	2026-09-12T01:27:32.7294824Z ##[endgroup]
al-misd-dwop-set	Provision the browser	2026-09-12T01:27:33.5644993Z Installing dependencies...
al-misd-dwop-set	Provision the browser	2026-09-12T01:27:33.5713742Z Switching to root user to install dependencies...
al-misd-dwop-set	Provision the browser	2026-09-12T01:27:33.7535016Z Get:1 file:/etc/apt/apt-mirrors.txt Mirrorlist [144 B]
al-misd-dwop-set	Provision the browser	2026-09-12T01:27:33.7777684Z Get:6 https://packages.microsoft.com/ubuntu/24.04/prod noble InRelease [3600 B]
al-misd-dwop-set	Provision the browser	2026-09-12T01:27:33.8055613Z Hit:2 http://azure.archive.ubuntu.com/ubuntu noble InRelease
al-misd-dwop-set	Provision the browser	2026-09-12T01:27:33.8087571Z Get:3 http://azure.archive.ubuntu.com/ubuntu noble-updates InRelease [126 kB]
al-misd-dwop-set	Provision the browser	2026-09-12T01:27:33.8129441Z Get:4 http://azure.archive.ubuntu.com/ubuntu noble-backports InRelease [126 kB]
al-misd-dwop-set	Provision the browser	2026-09-12T01:27:33.8153599Z Get:5 http://azure.archive.ubuntu.com/ubuntu noble-security InRelease [126 kB]
al-misd-dwop-set	Provision the browser	2026-09-12T01:27:33.9177327Z Get:7 https://dl.google.com/linux/chrome-stable/deb stable InRelease [2548 B]
al-misd-dwop-set	Provision the browser	2026-09-12T01:27:33.9905545Z Get:8 https://packages.microsoft.com/ubuntu/24.04/prod noble/main arm64 Packages [414 kB]
al-misd-dwop-set	Provision the browser	2026-09-12T01:27:34.0067394Z Get:9 https://packages.microsoft.com/ubuntu/24.04/prod noble/main amd64 Packages [463 kB]
al-misd-dwop-set	Provision the browser	2026-09-12T01:27:34.0501052Z Get:10 http://azure.archive.ubuntu.com/ubuntu noble-updates/main amd64 Packages [1263 kB]
al-misd-dwop-set	Provision the browser	2026-09-12T01:27:34.0577662Z Get:11 http://azure.archive.ubuntu.com/ubuntu noble-updates/main Translation-en [292 kB]
al-misd-dwop-set	Provision the browser	2026-09-12T01:27:34.0613417Z Get:12 http://azure.archive.ubuntu.com/ubuntu noble-updates/main amd64 Components [180 kB]
al-misd-dwop-set	Provision the browser	2026-09-12T01:27:34.0637375Z Get:13 http://azure.archive.ubuntu.com/ubuntu noble-updates/universe amd64 Packages [1690 kB]
al-misd-dwop-set	Provision the browser	2026-09-12T01:27:34.0709110Z Get:14 http://azure.archive.ubuntu.com/ubuntu noble-updates/universe amd64 Components [387 kB]
al-misd-dwop-set	Provision the browser	2026-09-12T01:27:34.0732542Z Get:15 http://azure.archive.ubuntu.com/ubuntu noble-updates/restricted amd64 Packages [1544 kB]
al-misd-dwop-set	Provision the browser	2026-09-12T01:27:34.0809270Z Get:16 http://azure.archive.ubuntu.com/ubuntu noble-updates/restricted Translation-en [354 kB]
al-misd-dwop-set	Provision the browser	2026-09-12T01:27:34.0828912Z Get:17 http://azure.archive.ubuntu.com/ubuntu noble-updates/multiverse amd64 Components [940 B]
al-misd-dwop-set	Provision the browser	2026-09-12T01:27:34.1082244Z Get:18 http://azure.archive.ubuntu.com/ubuntu noble-backports/main amd64 Components [5748 B]
al-misd-dwop-set	Provision the browser	2026-09-12T01:27:34.1096886Z Get:19 http://azure.archive.ubuntu.com/ubuntu noble-backports/universe amd64 Components [12.6 kB]
al-misd-dwop-set	Provision the browser	2026-09-12T01:27:34.2097748Z Get:20 http://azure.archive.ubuntu.com/ubuntu noble-security/main amd64 Packages [1006 kB]
al-misd-dwop-set	Provision the browser	2026-09-12T01:27:34.2150161Z Get:21 http://azure.archive.ubuntu.com/ubuntu noble-security/main Translation-en [213 kB]
al-misd-dwop-set	Provision the browser	2026-09-12T01:27:34.2164350Z Get:22 http://azure.archive.ubuntu.com/ubuntu noble-security/main amd64 Components [46.5 kB]
al-misd-dwop-set	Provision the browser	2026-09-12T01:27:34.2171955Z Get:23 http://azure.archive.ubuntu.com/ubuntu noble-security/universe amd64 Packages [1206 kB]
al-misd-dwop-set	Provision the browser	2026-09-12T01:27:34.2231188Z Get:24 http://azure.archive.ubuntu.com/ubuntu noble-security/universe amd64 Components [76.3 kB]
al-misd-dwop-set	Provision the browser	2026-09-12T01:27:34.2248634Z Get:25 http://azure.archive.ubuntu.com/ubuntu noble-security/restricted amd64 Packages [1445 kB]
al-misd-dwop-set	Provision the browser	2026-09-12T01:27:34.2331555Z Get:26 http://azure.archive.ubuntu.com/ubuntu noble-security/restricted Translation-en [336 kB]
al-misd-dwop-set	Provision the browser	2026-09-12T01:27:34.2890525Z Get:27 https://dl.google.com/linux/chrome-stable/deb stable/main amd64 Packages [1413 B]
al-misd-dwop-set	Provision the browser	2026-09-12T01:27:39.1919753Z Fetched 11.3 MB in 1s (8467 kB/s)
al-misd-dwop-set	Provision the browser	2026-09-12T01:27:40.0962121Z Reading package lists...
al-misd-dwop-set	Provision the browser	2026-09-12T01:27:40.1208156Z Reading package lists...
al-misd-dwop-set	Provision the browser	2026-09-12T01:27:40.3456143Z Building dependency tree...
al-misd-dwop-set	Provision the browser	2026-09-12T01:27:40.3464299Z Reading state information...
al-misd-dwop-set	Provision the browser	2026-09-12T01:27:40.5803201Z libasound2t64 is already the newest version (1.2.11-1ubuntu0.3).
al-misd-dwop-set	Provision the browser	2026-09-12T01:27:40.5804269Z libasound2t64 set to manually installed.
al-misd-dwop-set	Provision the browser	2026-09-12T01:27:40.5805562Z libatk-bridge2.0-0t64 is already the newest version (2.52.0-1build1).
al-misd-dwop-set	Provision the browser	2026-09-12T01:27:40.5807231Z libatk-bridge2.0-0t64 set to manually installed.
al-misd-dwop-set	Provision the browser	2026-09-12T01:27:40.5807961Z libatk1.0-0t64 is already the newest version (2.52.0-1build1).
al-misd-dwop-set	Provision the browser	2026-09-12T01:27:40.5808902Z libatk1.0-0t64 set to manually installed.
al-misd-dwop-set	Provision the browser	2026-09-12T01:27:40.5810011Z libatspi2.0-0t64 is already the newest version (2.52.0-1build1).
al-misd-dwop-set	Provision the browser	2026-09-12T01:27:40.5811078Z libatspi2.0-0t64 set to manually installed.
al-misd-dwop-set	Provision the browser	2026-09-12T01:27:40.5812092Z libcairo2 is already the newest version (1.18.0-3build1).
al-misd-dwop-set	Provision the browser	2026-09-12T01:27:40.5813109Z libcairo2 set to manually installed.
al-misd-dwop-set	Provision the browser	2026-09-12T01:27:40.5814056Z libcups2t64 is already the newest version (2.4.7-1.2ubuntu7.14).
al-misd-dwop-set	Provision the browser	2026-09-12T01:27:40.5815046Z libcups2t64 set to manually installed.
al-misd-dwop-set	Provision the browser	2026-09-12T01:27:40.5816209Z libdbus-1-3 is already the newest version (1.14.10-4ubuntu4.1).
al-misd-dwop-set	Provision the browser	2026-09-12T01:27:40.5817215Z libdbus-1-3 set to manually installed.
al-misd-dwop-set	Provision the browser	2026-09-12T01:27:40.5818191Z libdrm2 is already the newest version (2.4.125-1ubuntu0.1~24.04.2).
al-misd-dwop-set	Provision the browser	2026-09-12T01:27:40.5819163Z libdrm2 set to manually installed.
al-misd-dwop-set	Provision the browser	2026-09-12T01:27:40.5820141Z libgbm1 is already the newest version (25.2.8-0ubuntu0.24.04.2).
al-misd-dwop-set	Provision the browser	2026-09-12T01:27:40.5821119Z libgbm1 set to manually installed.
al-misd-dwop-set	Provision the browser	2026-09-12T01:27:40.5822065Z libglib2.0-0t64 is already the newest version (2.80.0-6ubuntu3.8).
al-misd-dwop-set	Provision the browser	2026-09-12T01:27:40.5823049Z libglib2.0-0t64 set to manually installed.
al-misd-dwop-set	Provision the browser	2026-09-12T01:27:40.5823861Z libnspr4 is already the newest version (2:4.35-1.1build1).
al-misd-dwop-set	Provision the browser	2026-09-12T01:27:40.5824532Z libnspr4 set to manually installed.
al-misd-dwop-set	Provision the browser	2026-09-12T01:27:40.5825492Z libnss3 is already the newest version (2:3.98-1ubuntu0.2).
al-misd-dwop-set	Provision the browser	2026-09-12T01:27:40.5826211Z libnss3 set to manually installed.
al-misd-dwop-set	Provision the browser	2026-09-12T01:27:40.5826961Z libpango-1.0-0 is already the newest version (1.52.1+ds-1build1).
al-misd-dwop-set	Provision the browser	2026-09-12T01:27:40.5827721Z libpango-1.0-0 set to manually installed.
al-misd-dwop-set	Provision the browser	2026-09-12T01:27:40.5828487Z libx11-6 is already the newest version (2:1.8.7-1build1).
al-misd-dwop-set	Provision the browser	2026-09-12T01:27:40.5829169Z libx11-6 set to manually installed.
al-misd-dwop-set	Provision the browser	2026-09-12T01:27:40.5829852Z libxcb1 is already the newest version (1.15-1ubuntu2).
al-misd-dwop-set	Provision the browser	2026-09-12T01:27:40.5830503Z libxcb1 set to manually installed.
al-misd-dwop-set	Provision the browser	2026-09-12T01:27:40.5831307Z libxcomposite1 is already the newest version (1:0.4.5-1build3).
al-misd-dwop-set	Provision the browser	2026-09-12T01:27:40.5832148Z libxcomposite1 set to manually installed.
al-misd-dwop-set	Provision the browser	2026-09-12T01:27:40.5832953Z libxdamage1 is already the newest version (1:1.1.6-1build1).
al-misd-dwop-set	Provision the browser	2026-09-12T01:27:40.5833754Z libxdamage1 set to manually installed.
al-misd-dwop-set	Provision the browser	2026-09-12T01:27:40.5834270Z libxext6 is already the newest version (2:1.3.4-1build2).
al-misd-dwop-set	Provision the browser	2026-09-12T01:27:40.5834659Z libxext6 set to manually installed.
al-misd-dwop-set	Provision the browser	2026-09-12T01:27:40.5835054Z libxfixes3 is already the newest version (1:6.0.0-2build1).
al-misd-dwop-set	Provision the browser	2026-09-12T01:27:40.5835776Z libxfixes3 set to manually installed.
al-misd-dwop-set	Provision the browser	2026-09-12T01:27:40.5836190Z libxkbcommon0 is already the newest version (1.6.0-1build1).
al-misd-dwop-set	Provision the browser	2026-09-12T01:27:40.5836599Z libxkbcommon0 set to manually installed.
al-misd-dwop-set	Provision the browser	2026-09-12T01:27:40.5837004Z libxrandr2 is already the newest version (2:1.5.2-2build1).
al-misd-dwop-set	Provision the browser	2026-09-12T01:27:40.5837398Z libxrandr2 set to manually installed.
al-misd-dwop-set	Provision the browser	2026-09-12T01:27:40.5837801Z xvfb is already the newest version (2:21.1.12-1ubuntu1.6).
al-misd-dwop-set	Provision the browser	2026-09-12T01:27:40.5838364Z fonts-noto-color-emoji is already the newest version (2.047-0ubuntu0.24.04.1).
al-misd-dwop-set	Provision the browser	2026-09-12T01:27:40.5839264Z libfontconfig1 is already the newest version (2.15.0-1.1ubuntu2).
al-misd-dwop-set	Provision the browser	2026-09-12T01:27:40.5839695Z libfontconfig1 set to manually installed.
al-misd-dwop-set	Provision the browser	2026-09-12T01:27:40.5840149Z libfreetype6 is already the newest version (2.13.2+dfsg-1ubuntu0.1).
al-misd-dwop-set	Provision the browser	2026-09-12T01:27:40.5840586Z libfreetype6 set to manually installed.
al-misd-dwop-set	Provision the browser	2026-09-12T01:27:40.5841003Z fonts-liberation is already the newest version (1:2.1.5-3).
al-misd-dwop-set	Provision the browser	2026-09-12T01:27:40.5841418Z fonts-liberation set to manually installed.
al-misd-dwop-set	Provision the browser	2026-09-12T01:27:40.5841826Z The following additional packages will be installed:
al-misd-dwop-set	Provision the browser	2026-09-12T01:27:40.5842191Z   xfonts-encodings xfonts-utils
al-misd-dwop-set	Provision the browser	2026-09-12T01:27:40.5842495Z Recommended packages:
al-misd-dwop-set	Provision the browser	2026-09-12T01:27:40.5842765Z   fonts-ipafont-mincho fonts-tlwg-loma
al-misd-dwop-set	Provision the browser	2026-09-12T01:27:40.6349495Z The following NEW packages will be installed:
al-misd-dwop-set	Provision the browser	2026-09-12T01:27:40.6350473Z   fonts-freefont-ttf fonts-ipafont-gothic fonts-tlwg-loma-otf fonts-unifont
al-misd-dwop-set	Provision the browser	2026-09-12T01:27:40.6361467Z   fonts-wqy-zenhei xfonts-cyrillic xfonts-encodings xfonts-scalable
al-misd-dwop-set	Provision the browser	2026-09-12T01:27:40.6362181Z   xfonts-utils
al-misd-dwop-set	Provision the browser	2026-09-12T01:27:40.6586753Z 0 upgraded, 9 newly installed, 0 to remove and 50 not upgraded.
al-misd-dwop-set	Provision the browser	2026-09-12T01:27:40.6587564Z Need to get 21.1 MB of archives.
al-misd-dwop-set	Provision the browser	2026-09-12T01:27:40.6588024Z After this operation, 79.5 MB of additional disk space will be used.
al-misd-dwop-set	Provision the browser	2026-09-12T01:27:40.6588532Z Get:1 file:/etc/apt/apt-mirrors.txt Mirrorlist [144 B]
al-misd-dwop-set	Provision the browser	2026-09-12T01:27:40.7467381Z Get:2 http://azure.archive.ubuntu.com/ubuntu noble/universe amd64 fonts-ipafont-gothic all 00303-21ubuntu1 [3513 kB]
al-misd-dwop-set	Provision the browser	2026-09-12T01:27:40.8973248Z Get:3 http://azure.archive.ubuntu.com/ubuntu noble/main amd64 fonts-freefont-ttf all 20211204+svn4273-2 [5641 kB]
al-misd-dwop-set	Provision the browser	2026-09-12T01:27:41.0975897Z Get:4 http://azure.archive.ubuntu.com/ubuntu noble/universe amd64 fonts-tlwg-loma-otf all 1:0.7.3-1 [107 kB]
al-misd-dwop-set	Provision the browser	2026-09-12T01:27:41.1701754Z Get:5 http://azure.archive.ubuntu.com/ubuntu noble/universe amd64 fonts-unifont all 1:15.1.01-1build1 [2993 kB]
al-misd-dwop-set	Provision the browser	2026-09-12T01:27:41.3083972Z Get:6 http://azure.archive.ubuntu.com/ubuntu noble/universe amd64 fonts-wqy-zenhei all 0.9.45-8 [7472 kB]
al-misd-dwop-set	Provision the browser	2026-09-12T01:27:41.5480090Z Get:7 http://azure.archive.ubuntu.com/ubuntu noble/main amd64 xfonts-encodings all 1:1.0.5-0ubuntu2 [578 kB]
al-misd-dwop-set	Provision the browser	2026-09-12T01:27:41.6320548Z Get:8 http://azure.archive.ubuntu.com/ubuntu noble/main amd64 xfonts-utils amd64 1:7.7+6build3 [94.4 kB]
al-misd-dwop-set	Provision the browser	2026-09-12T01:27:41.7051009Z Get:9 http://azure.archive.ubuntu.com/ubuntu noble/universe amd64 xfonts-cyrillic all 1:1.0.5+nmu1 [384 kB]
al-misd-dwop-set	Provision the browser	2026-09-12T01:27:41.7829957Z Get:10 http://azure.archive.ubuntu.com/ubuntu noble/main amd64 xfonts-scalable all 1:1.0.3-1.3 [304 kB]
al-misd-dwop-set	Provision the browser	2026-09-12T01:27:42.0975590Z Fetched 21.1 MB in 1s (18.5 MB/s)
al-misd-dwop-set	Provision the browser	2026-09-12T01:27:42.1710117Z Selecting previously unselected package fonts-ipafont-gothic.
al-misd-dwop-set	Provision the browser	2026-09-12T01:27:42.2253178Z (Reading database ... 
al-misd-dwop-set	Provision the browser	2026-09-12T01:27:42.2253797Z (Reading database ... 5%
al-misd-dwop-set	Provision the browser	2026-09-12T01:27:42.2254335Z (Reading database ... 10%
al-misd-dwop-set	Provision the browser	2026-09-12T01:27:42.2254822Z (Reading database ... 15%
al-misd-dwop-set	Provision the browser	2026-09-12T01:27:42.2255499Z (Reading database ... 20%
al-misd-dwop-set	Provision the browser	2026-09-12T01:27:42.2255884Z (Reading database ... 25%
al-misd-dwop-set	Provision the browser	2026-09-12T01:27:42.2256190Z (Reading database ... 30%
al-misd-dwop-set	Provision the browser	2026-09-12T01:27:42.2256476Z (Reading database ... 35%
al-misd-dwop-set	Provision the browser	2026-09-12T01:27:42.2256766Z (Reading database ... 40%
al-misd-dwop-set	Provision the browser	2026-09-12T01:27:42.2257053Z (Reading database ... 45%
al-misd-dwop-set	Provision the browser	2026-09-12T01:27:42.2257346Z (Reading database ... 50%
al-misd-dwop-set	Provision the browser	2026-09-12T01:27:42.2912878Z (Reading database ... 55%
al-misd-dwop-set	Provision the browser	2026-09-12T01:27:42.8335019Z (Reading database ... 60%
al-misd-dwop-set	Provision the browser	2026-09-12T01:27:43.2331795Z (Reading database ... 65%
al-misd-dwop-set	Provision the browser	2026-09-12T01:27:43.5611334Z (Reading database ... 70%
al-misd-dwop-set	Provision the browser	2026-09-12T01:27:44.0224142Z (Reading database ... 75%
al-misd-dwop-set	Provision the browser	2026-09-12T01:27:44.7323781Z (Reading database ... 80%
al-misd-dwop-set	Provision the browser	2026-09-12T01:27:45.5579828Z (Reading database ... 85%
al-misd-dwop-set	Provision the browser	2026-09-12T01:27:46.8011431Z (Reading database ... 90%
al-misd-dwop-set	Provision the browser	2026-09-12T01:27:48.7137907Z (Reading database ... 95%
al-misd-dwop-set	Provision the browser	2026-09-12T01:27:48.7138609Z (Reading database ... 100%
al-misd-dwop-set	Provision the browser	2026-09-12T01:27:48.7139528Z (Reading database ... 201818 files and directories currently installed.)
al-misd-dwop-set	Provision the browser	2026-09-12T01:27:48.7184945Z Preparing to unpack .../0-fonts-ipafont-gothic_00303-21ubuntu1_all.deb ...
al-misd-dwop-set	Provision the browser	2026-09-12T01:27:48.7311927Z Unpacking fonts-ipafont-gothic (00303-21ubuntu1) ...
al-misd-dwop-set	Provision the browser	2026-09-12T01:27:48.9619267Z Selecting previously unselected package fonts-freefont-ttf.
al-misd-dwop-set	Provision the browser	2026-09-12T01:27:48.9749950Z Preparing to unpack .../1-fonts-freefont-ttf_20211204+svn4273-2_all.deb ...
al-misd-dwop-set	Provision the browser	2026-09-12T01:27:48.9759903Z Unpacking fonts-freefont-ttf (20211204+svn4273-2) ...
al-misd-dwop-set	Provision the browser	2026-09-12T01:27:49.0602637Z Selecting previously unselected package fonts-tlwg-loma-otf.
al-misd-dwop-set	Provision the browser	2026-09-12T01:27:49.0737966Z Preparing to unpack .../2-fonts-tlwg-loma-otf_1%3a0.7.3-1_all.deb ...
al-misd-dwop-set	Provision the browser	2026-09-12T01:27:49.0748146Z Unpacking fonts-tlwg-loma-otf (1:0.7.3-1) ...
al-misd-dwop-set	Provision the browser	2026-09-12T01:27:49.1038736Z Selecting previously unselected package fonts-unifont.
al-misd-dwop-set	Provision the browser	2026-09-12T01:27:49.1168597Z Preparing to unpack .../3-fonts-unifont_1%3a15.1.01-1build1_all.deb ...
al-misd-dwop-set	Provision the browser	2026-09-12T01:27:49.1177228Z Unpacking fonts-unifont (1:15.1.01-1build1) ...
al-misd-dwop-set	Provision the browser	2026-09-12T01:27:49.2364900Z Selecting previously unselected package fonts-wqy-zenhei.
al-misd-dwop-set	Provision the browser	2026-09-12T01:27:49.2491936Z Preparing to unpack .../4-fonts-wqy-zenhei_0.9.45-8_all.deb ...
al-misd-dwop-set	Provision the browser	2026-09-12T01:27:49.2595145Z Unpacking fonts-wqy-zenhei (0.9.45-8) ...
al-misd-dwop-set	Provision the browser	2026-09-12T01:27:49.7324061Z Selecting previously unselected package xfonts-encodings.
al-misd-dwop-set	Provision the browser	2026-09-12T01:27:49.7451787Z Preparing to unpack .../5-xfonts-encodings_1%3a1.0.5-0ubuntu2_all.deb ...
al-misd-dwop-set	Provision the browser	2026-09-12T01:27:49.7460132Z Unpacking xfonts-encodings (1:1.0.5-0ubuntu2) ...
al-misd-dwop-set	Provision the browser	2026-09-12T01:27:49.7776422Z Selecting previously unselected package xfonts-utils.
al-misd-dwop-set	Provision the browser	2026-09-12T01:27:49.7905701Z Preparing to unpack .../6-xfonts-utils_1%3a7.7+6build3_amd64.deb ...
al-misd-dwop-set	Provision the browser	2026-09-12T01:27:49.7913300Z Unpacking xfonts-utils (1:7.7+6build3) ...
al-misd-dwop-set	Provision the browser	2026-09-12T01:27:49.8854298Z Selecting previously unselected package xfonts-cyrillic.
al-misd-dwop-set	Provision the browser	2026-09-12T01:27:49.8983234Z Preparing to unpack .../7-xfonts-cyrillic_1%3a1.0.5+nmu1_all.deb ...
al-misd-dwop-set	Provision the browser	2026-09-12T01:27:49.8992109Z Unpacking xfonts-cyrillic (1:1.0.5+nmu1) ...
al-misd-dwop-set	Provision the browser	2026-09-12T01:27:49.9357347Z Selecting previously unselected package xfonts-scalable.
al-misd-dwop-set	Provision the browser	2026-09-12T01:27:49.9487281Z Preparing to unpack .../8-xfonts-scalable_1%3a1.0.3-1.3_all.deb ...
al-misd-dwop-set	Provision the browser	2026-09-12T01:27:49.9497363Z Unpacking xfonts-scalable (1:1.0.3-1.3) ...
al-misd-dwop-set	Provision the browser	2026-09-12T01:27:49.9926733Z Setting up fonts-wqy-zenhei (0.9.45-8) ...
al-misd-dwop-set	Provision the browser	2026-09-12T01:27:50.0052685Z Setting up fonts-freefont-ttf (20211204+svn4273-2) ...
al-misd-dwop-set	Provision the browser	2026-09-12T01:27:50.0073842Z Setting up fonts-tlwg-loma-otf (1:0.7.3-1) ...
al-misd-dwop-set	Provision the browser	2026-09-12T01:27:50.0094479Z Setting up xfonts-encodings (1:1.0.5-0ubuntu2) ...
al-misd-dwop-set	Provision the browser	2026-09-12T01:27:50.0116395Z Setting up fonts-ipafont-gothic (00303-21ubuntu1) ...
al-misd-dwop-set	Provision the browser	2026-09-12T01:27:50.0187302Z update-alternatives: using /usr/share/fonts/opentype/ipafont-gothic/ipag.ttf to provide /usr/share/fonts/truetype/fonts-japanese-gothic.ttf (fonts-japanese-gothic.ttf) in auto mode
al-misd-dwop-set	Provision the browser	2026-09-12T01:27:50.0204488Z Setting up fonts-unifont (1:15.1.01-1build1) ...
al-misd-dwop-set	Provision the browser	2026-09-12T01:27:50.0226328Z Setting up xfonts-utils (1:7.7+6build3) ...
al-misd-dwop-set	Provision the browser	2026-09-12T01:27:50.0271154Z Setting up xfonts-cyrillic (1:1.0.5+nmu1) ...
al-misd-dwop-set	Provision the browser	2026-09-12T01:27:50.0822629Z Setting up xfonts-scalable (1:1.0.3-1.3) ...
al-misd-dwop-set	Provision the browser	2026-09-12T01:27:50.1240823Z Processing triggers for man-db (2.12.0-4build2) ...
al-misd-dwop-set	Provision the browser	2026-09-12T01:27:50.1261558Z Not building database; man-db/auto-update is not 'true'.
al-misd-dwop-set	Provision the browser	2026-09-12T01:27:50.1276696Z Processing triggers for fontconfig (2.15.0-1.1ubuntu2) ...
al-misd-dwop-set	Provision the browser	2026-09-12T01:27:51.6664508Z 
al-misd-dwop-set	Provision the browser	2026-09-12T01:27:51.6665633Z Running kernel seems to be up-to-date.
al-misd-dwop-set	Provision the browser	2026-09-12T01:27:51.6666162Z 
al-misd-dwop-set	Provision the browser	2026-09-12T01:27:51.6666574Z No services need to be restarted.
al-misd-dwop-set	Provision the browser	2026-09-12T01:27:51.6667006Z 
al-misd-dwop-set	Provision the browser	2026-09-12T01:27:51.6667358Z No containers need to be restarted.
al-misd-dwop-set	Provision the browser	2026-09-12T01:27:51.6667849Z 
al-misd-dwop-set	Provision the browser	2026-09-12T01:27:51.6668288Z No user sessions are running outdated binaries.
al-misd-dwop-set	Provision the browser	2026-09-12T01:27:51.6668781Z 
al-misd-dwop-set	Provision the browser	2026-09-12T01:27:51.6669534Z No VM guests are running outdated hypervisor (qemu) binaries on this host.
al-misd-dwop-set	Provision the browser	2026-09-12T01:27:52.8522664Z Downloading Chrome for Testing 148.0.7778.96 (playwright chromium v1223) from https://cdn.playwright.dev/builds/cft/148.0.7778.96/linux64/chrome-linux64.zip
al-misd-dwop-set	Provision the browser	2026-09-12T01:27:53.9162391Z |                                                                                |   0% of 175.4 MiB
al-misd-dwop-set	Provision the browser	2026-09-12T01:27:54.2651813Z |■■■■■■■■                                                                        |  10% of 175.4 MiB
al-misd-dwop-set	Provision the browser	2026-09-12T01:27:54.4096560Z |■■■■■■■■■■■■■■■■                                                                |  20% of 175.4 MiB
al-misd-dwop-set	Provision the browser	2026-09-12T01:27:54.6070775Z |■■■■■■■■■■■■■■■■■■■■■■■■                                                        |  30% of 175.4 MiB
al-misd-dwop-set	Provision the browser	2026-09-12T01:27:54.8050130Z |■■■■■■■■■■■■■■■■■■■■■■■■■■■■■■■■                                                |  40% of 175.4 MiB
al-misd-dwop-set	Provision the browser	2026-09-12T01:27:54.9934200Z |■■■■■■■■■■■■■■■■■■■■■■■■■■■■■■■■■■■■■■■■                                        |  50% of 175.4 MiB
al-misd-dwop-set	Provision the browser	2026-09-12T01:27:55.2245334Z |■■■■■■■■■■■■■■■■■■■■■■■■■■■■■■■■■■■■■■■■■■■■■■■■                                |  60% of 175.4 MiB
al-misd-dwop-set	Provision the browser	2026-09-12T01:27:55.3532628Z |■■■■■■■■■■■■■■■■■■■■■■■■■■■■■■■■■■■■■■■■■■■■■■■■■■■■■■■■                        |  70% of 175.4 MiB
al-misd-dwop-set	Provision the browser	2026-09-12T01:27:55.5147269Z |■■■■■■■■■■■■■■■■■■■■■■■■■■■■■■■■■■■■■■■■■■■■■■■■■■■■■■■■■■■■■■■■                |  80% of 175.4 MiB
al-misd-dwop-set	Provision the browser	2026-09-12T01:27:55.6622014Z |■■■■■■■■■■■■■■■■■■■■■■■■■■■■■■■■■■■■■■■■■■■■■■■■■■■■■■■■■■■■■■■■■■■■■■■■        |  90% of 175.4 MiB
al-misd-dwop-set	Provision the browser	2026-09-12T01:27:55.9104682Z |■■■■■■■■■■■■■■■■■■■■■■■■■■■■■■■■■■■■■■■■■■■■■■■■■■■■■■■■■■■■■■■■■■■■■■■■■■■■■■■■| 100% of 175.4 MiB
al-misd-dwop-set	Provision the browser	2026-09-12T01:27:58.5875135Z Chrome for Testing 148.0.7778.96 (playwright chromium v1223) downloaded to /home/runner/.cache/ms-playwright/chromium-1223
al-misd-dwop-set	Provision the browser	2026-09-12T01:27:58.5879270Z Downloading FFmpeg (playwright ffmpeg v1011) from https://cdn.playwright.dev/dbazure/download/playwright/builds/ffmpeg/1011/ffmpeg-linux.zip
al-misd-dwop-set	Provision the browser	2026-09-12T01:27:59.5526007Z |                                                                                |   0% of 2.3 MiB
al-misd-dwop-set	Provision the browser	2026-09-12T01:27:59.5575526Z |■■■■■■■■                                                                        |  10% of 2.3 MiB
al-misd-dwop-set	Provision the browser	2026-09-12T01:27:59.5600711Z |■■■■■■■■■■■■■■■■                                                                |  20% of 2.3 MiB
al-misd-dwop-set	Provision the browser	2026-09-12T01:27:59.5614093Z |■■■■■■■■■■■■■■■■■■■■■■■■                                                        |  30% of 2.3 MiB
al-misd-dwop-set	Provision the browser	2026-09-12T01:27:59.5632175Z |■■■■■■■■■■■■■■■■■■■■■■■■■■■■■■■■                                                |  40% of 2.3 MiB
al-misd-dwop-set	Provision the browser	2026-09-12T01:27:59.5642959Z |■■■■■■■■■■■■■■■■■■■■■■■■■■■■■■■■■■■■■■■■                                        |  50% of 2.3 MiB
al-misd-dwop-set	Provision the browser	2026-09-12T01:27:59.5659728Z |■■■■■■■■■■■■■■■■■■■■■■■■■■■■■■■■■■■■■■■■■■■■■■■■                                |  60% of 2.3 MiB
al-misd-dwop-set	Provision the browser	2026-09-12T01:27:59.5673723Z |■■■■■■■■■■■■■■■■■■■■■■■■■■■■■■■■■■■■■■■■■■■■■■■■■■■■■■■■                        |  70% of 2.3 MiB
al-misd-dwop-set	Provision the browser	2026-09-12T01:27:59.5704897Z |■■■■■■■■■■■■■■■■■■■■■■■■■■■■■■■■■■■■■■■■■■■■■■■■■■■■■■■■■■■■■■■■                |  80% of 2.3 MiB
al-misd-dwop-set	Provision the browser	2026-09-12T01:27:59.5708378Z |■■■■■■■■■■■■■■■■■■■■■■■■■■■■■■■■■■■■■■■■■■■■■■■■■■■■■■■■■■■■■■■■■■■■■■■■        |  90% of 2.3 MiB
al-misd-dwop-set	Provision the browser	2026-09-12T01:27:59.5718616Z |■■■■■■■■■■■■■■■■■■■■■■■■■■■■■■■■■■■■■■■■■■■■■■■■■■■■■■■■■■■■■■■■■■■■■■■■■■■■■■■■| 100% of 2.3 MiB
al-misd-dwop-set	Provision the browser	2026-09-12T01:27:59.6353174Z FFmpeg (playwright ffmpeg v1011) downloaded to /home/runner/.cache/ms-playwright/ffmpeg-1011
al-misd-dwop-set	Provision the browser	2026-09-12T01:27:59.6356991Z Downloading Chrome Headless Shell 148.0.7778.96 (playwright chromium-headless-shell v1223) from https://cdn.playwright.dev/builds/cft/148.0.7778.96/linux64/chrome-headless-shell-linux64.zip
al-misd-dwop-set	Provision the browser	2026-09-12T01:28:00.6709964Z |                                                                                |   0% of 113.2 MiB
al-misd-dwop-set	Provision the browser	2026-09-12T01:28:00.7942937Z |■■■■■■■■                                                                        |  10% of 113.2 MiB
al-misd-dwop-set	Provision the browser	2026-09-12T01:28:00.8560422Z |■■■■■■■■■■■■■■■■                                                                |  20% of 113.2 MiB
al-misd-dwop-set	Provision the browser	2026-09-12T01:28:00.9146515Z |■■■■■■■■■■■■■■■■■■■■■■■■                                                        |  30% of 113.2 MiB
al-misd-dwop-set	Provision the browser	2026-09-12T01:28:01.0023339Z |■■■■■■■■■■■■■■■■■■■■■■■■■■■■■■■■                                                |  40% of 113.2 MiB
al-misd-dwop-set	Provision the browser	2026-09-12T01:28:01.0819896Z |■■■■■■■■■■■■■■■■■■■■■■■■■■■■■■■■■■■■■■■■                                        |  50% of 113.2 MiB
al-misd-dwop-set	Provision the browser	2026-09-12T01:28:01.1887880Z |■■■■■■■■■■■■■■■■■■■■■■■■■■■■■■■■■■■■■■■■■■■■■■■■                                |  60% of 113.2 MiB
al-misd-dwop-set	Provision the browser	2026-09-12T01:28:01.2633219Z |■■■■■■■■■■■■■■■■■■■■■■■■■■■■■■■■■■■■■■■■■■■■■■■■■■■■■■■■                        |  70% of 113.2 MiB
al-misd-dwop-set	Provision the browser	2026-09-12T01:28:01.3397442Z |■■■■■■■■■■■■■■■■■■■■■■■■■■■■■■■■■■■■■■■■■■■■■■■■■■■■■■■■■■■■■■■■                |  80% of 113.2 MiB
al-misd-dwop-set	Provision the browser	2026-09-12T01:28:01.4325929Z |■■■■■■■■■■■■■■■■■■■■■■■■■■■■■■■■■■■■■■■■■■■■■■■■■■■■■■■■■■■■■■■■■■■■■■■■        |  90% of 113.2 MiB
al-misd-dwop-set	Provision the browser	2026-09-12T01:28:01.5034573Z |■■■■■■■■■■■■■■■■■■■■■■■■■■■■■■■■■■■■■■■■■■■■■■■■■■■■■■■■■■■■■■■■■■■■■■■■■■■■■■■■| 100% of 113.2 MiB
al-misd-dwop-set	Provision the browser	2026-09-12T01:28:03.4541562Z Chrome Headless Shell 148.0.7778.96 (playwright chromium-headless-shell v1223) downloaded to /home/runner/.cache/ms-playwright/chromium_headless_shell-1223
al-misd-dwop-set	Render and measure al-misd-dwop-set	﻿2026-09-12T01:28:03.4822042Z ##[group]Run node scripts/rcap-raster-batch.mjs \
al-misd-dwop-set	Render and measure al-misd-dwop-set	2026-09-12T01:28:03.4822748Z ^[[36;1mnode scripts/rcap-raster-batch.mjs \^[[0m
al-misd-dwop-set	Render and measure al-misd-dwop-set	2026-09-12T01:28:03.4823316Z ^[[36;1m  --manifest "$MANIFEST_PATH" \^[[0m
al-misd-dwop-set	Render and measure al-misd-dwop-set	2026-09-12T01:28:03.4823817Z ^[[36;1m  --family "$FAMILY" \^[[0m
al-misd-dwop-set	Render and measure al-misd-dwop-set	2026-09-12T01:28:03.4824271Z ^[[36;1m  --commit "$COMMIT_SHA" \^[[0m
al-misd-dwop-set	Render and measure al-misd-dwop-set	2026-09-12T01:28:03.4824762Z ^[[36;1m  --scale "$REQUESTED_SCALE" \^[[0m
al-misd-dwop-set	Render and measure al-misd-dwop-set	2026-09-12T01:28:03.4825620Z ^[[36;1m  --run-id "$WORKFLOW_RUN_ID" \^[[0m
al-misd-dwop-set	Render and measure al-misd-dwop-set	2026-09-12T01:28:03.4826134Z ^[[36;1m  --out raster-out^[[0m
al-misd-dwop-set	Render and measure al-misd-dwop-set	2026-09-12T01:28:03.4881650Z shell: /usr/bin/bash -e {0}
al-misd-dwop-set	Render and measure al-misd-dwop-set	2026-09-12T01:28:03.4882118Z env:
al-misd-dwop-set	Render and measure al-misd-dwop-set	2026-09-12T01:28:03.4882596Z   pythonLocation: /opt/hostedtoolcache/Python/3.12.14/x64
al-misd-dwop-set	Render and measure al-misd-dwop-set	2026-09-12T01:28:03.4883424Z   PKG_CONFIG_PATH: /opt/hostedtoolcache/Python/3.12.14/x64/lib/pkgconfig
al-misd-dwop-set	Render and measure al-misd-dwop-set	2026-09-12T01:28:03.4884160Z   Python_ROOT_DIR: /opt/hostedtoolcache/Python/3.12.14/x64
al-misd-dwop-set	Render and measure al-misd-dwop-set	2026-09-12T01:28:03.4884850Z   Python2_ROOT_DIR: /opt/hostedtoolcache/Python/3.12.14/x64
al-misd-dwop-set	Render and measure al-misd-dwop-set	2026-09-12T01:28:03.4885809Z   Python3_ROOT_DIR: /opt/hostedtoolcache/Python/3.12.14/x64
al-misd-dwop-set	Render and measure al-misd-dwop-set	2026-09-12T01:28:03.4886617Z   LD_LIBRARY_PATH: /opt/hostedtoolcache/Python/3.12.14/x64/lib
al-misd-dwop-set	Render and measure al-misd-dwop-set	2026-09-12T01:28:03.4887367Z   PLAYWRIGHT_BROWSERS_PATH: /home/runner/.cache/ms-playwright
al-misd-dwop-set	Render and measure al-misd-dwop-set	2026-09-12T01:28:03.4888436Z   MANIFEST_PATH: data/rcap-grade-a/packet-factory-24h/warp-20260912/al-clerk-caption-six/raster-manifest.json
al-misd-dwop-set	Render and measure al-misd-dwop-set	2026-09-12T01:28:03.4889388Z   FAMILY: al-misd-dwop-set
al-misd-dwop-set	Render and measure al-misd-dwop-set	2026-09-12T01:28:03.4889914Z   COMMIT_SHA: e38cb2ecae5ada6668fa6c7b9739eac208da6378
al-misd-dwop-set	Render and measure al-misd-dwop-set	2026-09-12T01:28:03.4890498Z   REQUESTED_SCALE: 2.5
al-misd-dwop-set	Render and measure al-misd-dwop-set	2026-09-12T01:28:03.4890919Z   WORKFLOW_RUN_ID: 34664588051
al-misd-dwop-set	Render and measure al-misd-dwop-set	2026-09-12T01:28:03.4891349Z ##[endgroup]
al-misd-dwop-set	Render and measure al-misd-dwop-set	2026-09-12T01:32:18.0857584Z RCAP_RECEIPT_BEGIN family=al-misd-dwop-set run=34664588051 commit=e38cb2ecae5ada6668fa6c7b9739eac208da6378
al-misd-dwop-set	Render and measure al-misd-dwop-set	2026-09-12T01:32:18.0953243Z RCAP_RECEIPT_VERDICT {"schemaVersion":"rcap-raster-family-verdict/v1","familyId":"al-misd-dwop-set","verdict":"RASTER_PASS","packetCommitSha":"e38cb2ecae5ada6668fa6c7b9739eac208da6378","workflowRunId":"34664588051","requestedScale":2.5,"cssPxPerPt":1.3333333333333333,"browserExecutable":"/home/runner/.cache/ms-playwright/chromium-1223/chrome-linux64/chrome","resolvedBy":"PLAYWRIGHT_BROWSERS_PATH","operatingSystem":"Linux 6.17.0-1022-azure x64","nodeVersion":"v22.23.2","hashesBound":{"canonical":{"path":"data/rcap-all50/overlays/census-v1/al/al-misd-dwop-set--official-pdf-fill/fixtures/canonical.pdf","pinned":"a2df0dfe0a0ad320df505225005f673f82ccf73df531013ed5d28e5ccb125276"},"boundary":{"path":"data/rcap-all50/overlays/census-v1/al/al-misd-dwop-set--official-pdf-fill/fixtures/boundary.pdf","pinned":"6476c659e31c0c07a88462e36b5b8028344205276a2e84accc43fab2b7c8db61"}},"documentsRendered":[{"role":"canonical","document":"canonical.pdf","path":"data/rcap-all50/overlays/census-v1/al/al-misd-dwop-set--official-pdf-fill/fixtures/canonical.pdf","pinned":"a2df0dfe0a0ad320df505225005f673f82ccf73df531013ed5d28e5ccb125276"},{"role":"boundary","document":"boundary.pdf","path":"data/rcap-all50/overlays/census-v1/al/al-misd-dwop-set--official-pdf-fill/fixtures/boundary.pdf","pinned":"6476c659e31c0c07a88462e36b5b8028344205276a2e84accc43fab2b7c8db61"}],"documentsDigest":"ed9b3aeda5f5ff902f146b7b489b6be2a979a6870f293add0029942d14e92ade","coversTheWholeFamily":true,"decryptionTransforms":[],"decryptionRule":"An encrypted source is hashed before any transform; Poppler and qpdf must independently agree on its page count; the temporary derivative is decrypted and serialized with explicit objects, then admitted only when geometry, decoded page content, fields/widgets, and XFA remain identical; only that temporary transport is passed to pdf-lib for calibrated rendering; the queued packet bytes are never modified.","pagesMeasured":22,"measurements":[{"kind":"canonical","document":"canonical.pdf","page":1,"png":"al-misd-dwop-set/canonical/page-001.png","bytes":501836,"pngSha256":"8b4794b781a33d5b5d50406336a51c4c25397f14fcab22efb14fcfcc7717c8f8","pngWidth":2040,"pngHeight":2640,"paper":{"x0":204,"y0":3,"x1":2243,"y1":2642,"width":2040,"height":2640},"pxPerPt":3.3333333333333335,"expectedPxPerPt":3.333333333333333,"pageWidthPt":612,"pageHeightPt":792,"expectedPx":{"width":2039.9999999999998,"height":2639.9999999999995,"tolerancePx":6.666666666666666},"calibrationResidualPx":0,"inkFractionInsidePaper":0.06882705733808675,"nonblank":true,"croppedToThePage":true},{"kind":"canonical","document":"canonical.pdf","page":2,"png":"al-misd-dwop-set/canonical/page-002.png","bytes":541350,"pngSha256":"8e8443461a26bd1a2f334b2cbe2dc7543c73d3f5092a2f007ff55bb9a006da68","pngWidth":2040,"pngHeight":2640,"paper":{"x0":204,"y0":3,"x1":2243,"y1":2642,"width":2040,"height":2640},"pxPerPt":3.3333333333333335,"expectedPxPerPt":3.333333333333333,"pageWidthPt":612,"pageHeightPt":792,"expectedPx":{"width":2039.9999999999998,"height":2639.9999999999995,"tolerancePx":6.666666666666666},"calibrationResidualPx":0,"inkFractionInsidePaper":0.06971015300059417,"nonblank":true,"croppedToThePage":true},{"kind":"canonical","document":"canonical.pdf","page":3,"png":"al-misd-dwop-set/canonical/page-003.png","bytes":533409,"pngSha256":"6f76cf070199a0e34fee78b422414d0da22eb5ccb321967f8446db908f6a4fbd","pngWidth":2040,"pngHeight":2640,"paper":{"x0":204,"y0":3,"x1":2243,"y1":2642,"width":2040,"height":2640},"pxPerPt":3.3333333333333335,"expectedPxPerPt":3.333333333333333,"pageWidthPt":612,"pageHeightPt":792,"expectedPx":{"width":2039.9999999999998,"height":2639.9999999999995,"tolerancePx":6.666666666666666},"calibrationResidualPx":0,"inkFractionInsidePaper":0.07391228461081402,"nonblank":true,"croppedToThePage":true},{"kind":"canonical","document":"canonical.pdf","page":4,"png":"al-misd-dwop-set/canonical/page-004.png","bytes":552918,"pngSha256":"e6c86ba6138e7d42edc73b67b0d43e9aafdc419fd95963a439d03df6e71752a6","pngWidth":2040,"pngHeight":2640,"paper":{"x0":204,"y0":3,"x1":2243,"y1":2642,"width":2040,"height":2640},"pxPerPt":3.3333333333333335,"expectedPxPerPt":3.333333333333333,"pageWidthPt":612,"pageHeightPt":792,"expectedPx":{"width":2039.9999999999998,"height":2639.9999999999995,"tolerancePx":6.666666666666666},"calibrationResidualPx":0,"inkFractionInsidePaper":0.08551674836601307,"nonblank":true,"croppedToThePage":true},{"kind":"canonical","document":"canonical.pdf","page":5,"png":"al-misd-dwop-set/canonical/page-005.png","bytes":376595,"pngSha256":"18f8c16cf684fb84a0b33798f807be24f4618de33d8df1abb8f9cfab6aded6db","pngWidth":2040,"pngHeight":2640,"paper":{"x0":204,"y0":3,"x1":2243,"y1":2642,"width":2040,"height":2640},"pxPerPt":3.3333333333333335,"expectedPxPerPt":3.333333333333333,"pageWidthPt":612,"pageHeightPt":792,"expectedPx":{"width":2039.9999999999998,"height":2639.9999999999995,"tolerancePx":6.666666666666666},"calibrationResidualPx":0,"inkFractionInsidePaper":0.053209855912061794,"nonblank":true,"croppedToThePage":true},{"kind":"canonical","document":"canonical.pdf","page":6,"png":"al-misd-dwop-set/canonical/page-006.png","bytes":359319,"pngSha256":"c277aabfaa35ecd8c7fedab701ca1a9b990558df4cb3db03353babc7f9bfda43","pngWidth":2040,"pngHeight":2640,"paper":{"x0":204,"y0":3,"x1":2243,"y1":2642,"width":2040,"height":2640},"pxPerPt":3.3333333333333335,"expectedPxPerPt":3.333333333333333,"pageWidthPt":612,"pageHeightPt":792,"expectedPx":{"width":2039.9999999999998,"height":2639.9999999999995,"tolerancePx":6.666666666666666},"calibrationResidualPx":0,"inkFractionInsidePaper":0.040051619132501486,"nonblank":true,"croppedToThePage":true},{"kind":"canonical","document":"canonical.pdf","page":7,"png":"al-misd-dwop-set/canonical/page-007.png","bytes":434042,"pngSha256":"68a594b4e3298b1d3b2d58d9e97846aa3186721993f43d79356936aaad3899b0","pngWidth":2040,"pngHeight":2640,"paper":{"x0":204,"y0":3,"x1":2243,"y1":2642,"width":2040,"height":2640},"pxPerPt":3.3333333333333335,"expectedPxPerPt":3.333333333333333,"pageWidthPt":612,"pageHeightPt":792,"expectedPx":{"width":2039.9999999999998,"height":2639.9999999999995,"tolerancePx":6.666666666666666},"calibrationResidualPx":0,"inkFractionInsidePaper":0.057026515151515154,"nonblank":true,"croppedToThePage":true},{"kind":"canonical","document":"canonical.pdf","page":8,"png":"al-misd-dwop-set/canonical/page-008.png","bytes":872723,"pngSha256":"fba565776a6bddc9e13ba86ce28c194bf6ba4482681038a98af0006cdf439d70","pngWidth":2040,"pngHeight":2640,"paper":{"x0":204,"y0":3,"x1":2243,"y1":2642,"width":2040,"height":2640},"pxPerPt":3.3333333333333335,"expectedPxPerPt":3.333333333333333,"pageWidthPt":612,"pageHeightPt":792,"expectedPx":{"width":2039.9999999999998,"height":2639.9999999999995,"tolerancePx":6.666666666666666},"calibrationResidualPx":0,"inkFractionInsidePaper":0.10128045157456922,"nonblank":true,"croppedToThePage":true},{"kind":"canonical","document":"canonical.pdf","page":9,"png":"al-misd-dwop-set/canonical/page-009.png","bytes":457405,"pngSha256":"10c55e4dfdd90530fff8db9690252b795f392d4fd9b05f7705d96a55e0e7bf91","pngWidth":2040,"pngHeight":2640,"paper":{"x0":204,"y0":3,"x1":2243,"y1":2642,"width":2040,"height":2640},"pxPerPt":3.3333333333333335,"expectedPxPerPt":3.333333333333333,"pageWidthPt":612,"pageHeightPt":792,"expectedPx":{"width":2039.9999999999998,"height":2639.9999999999995,"tolerancePx":6.666666666666666},"calibrationResidualPx":0,"inkFractionInsidePaper":0.053917483660130716,"nonblank":true,"croppedToThePage":true},{"kind":"canonical","document":"canonical.pdf","page":10,"png":"al-misd-dwop-set/canonical/page-010.png","bytes":473307,"pngSha256":"3a656c7e97655b5af51a010e2371e45bdb12c54eb11b32ee04a10c152b09fc3b","pngWidth":2040,"pngHeight":2640,"paper":{"x0":204,"y0":3,"x1":2243,"y1":2642,"width":2040,"height":2640},"pxPerPt":3.3333333333333335,"expectedPxPerPt":3.333333333333333,"pageWidthPt":612,"pageHeightPt":792,"expectedPx":{"width":2039.9999999999998,"height":2639.9999999999995,"tolerancePx":6.666666666666666},"calibrationResidualPx":0,"inkFractionInsidePaper":0.05459484551396316,"nonblank":true,"croppedToThePage":true},{"kind":"canonical","document":"canonical.pdf","page":11,"png":"al-misd-dwop-set/canonical/page-011.png","bytes":427956,"pngSha256":"3d8753a2fd235f0a0ce226962e7b6918fe2c75b96c62e43b0c544edec4d2f170","pngWidth":2040,"pngHeight":2640,"paper":{"x0":204,"y0":3,"x1":2243,"y1":2642,"width":2040,"height":2640},"pxPerPt":3.3333333333333335,"expectedPxPerPt":3.333333333333333,"pageWidthPt":612,"pageHeightPt":792,"expectedPx":{"width":2039.9999999999998,"height":2639.9999999999995,"tolerancePx":6.666666666666666},"calibrationResidualPx":0,"inkFractionInsidePaper":0.05390875668449198,"nonblank":true,"croppedToThePage":true},{"kind":"boundary","document":"boundary.pdf","page":1,"png":"al-misd-dwop-set/boundary/page-001.png","bytes":508609,"pngSha256":"f29b146aeb3dfb4ab86b603429c2f4c56ed16535e177d24cfa82f71086b0ba7c","pngWidth":2040,"pngHeight":2640,"paper":{"x0":204,"y0":3,"x1":2243,"y1":2642,"width":2040,"height":2640},"pxPerPt":3.3333333333333335,"expectedPxPerPt":3.333333333333333,"pageWidthPt":612,"pageHeightPt":792,"expectedPx":{"width":2039.9999999999998,"height":2639.9999999999995,"tolerancePx":6.666666666666666},"calibrationResidualPx":0,"inkFractionInsidePaper":0.07028706179441474,"nonblank":true,"croppedToThePage":true},{"kind":"boundary","document":"boundary.pdf","page":2,"png":"al-misd-dwop-set/boundary/page-002.png","bytes":541350,"pngSha256":"8e8443461a26bd1a2f334b2cbe2dc7543c73d3f5092a2f007ff55bb9a006da68","pngWidth":2040,"pngHeight":2640,"paper":{"x0":204,"y0":3,"x1":2243,"y1":2642,"width":2040,"height":2640},"pxPerPt":3.3333333333333335,"expectedPxPerPt":3.333333333333333,"pageWidthPt":612,"pageHeightPt":792,"expectedPx":{"width":2039.9999999999998,"height":2639.9999999999995,"tolerancePx":6.666666666666666},"calibrationResidualPx":0,"inkFractionInsidePaper":0.06971015300059417,"nonblank":true,"croppedToThePage":true},{"kind":"boundary","document":"boundary.pdf","page":3,"png":"al-misd-dwop-set/boundary/page-003.png","bytes":533409,"pngSha256":"6f76cf070199a0e34fee78b422414d0da22eb5ccb321967f8446db908f6a4fbd","pngWidth":2040,"pngHeight":2640,"paper":{"x0":204,"y0":3,"x1":2243,"y1":2642,"width":2040,"height":2640},"pxPerPt":3.3333333333333335,"expectedPxPerPt":3.333333333333333,"pageWidthPt":612,"pageHeightPt":792,"expectedPx":{"width":2039.9999999999998,"height":2639.9999999999995,"tolerancePx":6.666666666666666},"calibrationResidualPx":0,"inkFractionInsidePaper":0.07391228461081402,"nonblank":true,"croppedToThePage":true},{"kind":"boundary","document":"boundary.pdf","page":4,"png":"al-misd-dwop-set/boundary/page-004.png","bytes":552918,"pngSha256":"e6c86ba6138e7d42edc73b67b0d43e9aafdc419fd95963a439d03df6e71752a6","pngWidth":2040,"pngHeight":2640,"paper":{"x0":204,"y0":3,"x1":2243,"y1":2642,"width":2040,"height":2640},"pxPerPt":3.3333333333333335,"expectedPxPerPt":3.333333333333333,"pageWidthPt":612,"pageHeightPt":792,"expectedPx":{"width":2039.9999999999998,"height":2639.9999999999995,"tolerancePx":6.666666666666666},"calibrationResidualPx":0,"inkFractionInsidePaper":0.08551674836601307,"nonblank":true,"croppedToThePage":true},{"kind":"boundary","document":"boundary.pdf","page":5,"png":"al-misd-dwop-set/boundary/page-005.png","bytes":376595,"pngSha256":"18f8c16cf684fb84a0b33798f807be24f4618de33d8df1abb8f9cfab6aded6db","pngWidth":2040,"pngHeight":2640,"paper":{"x0":204,"y0":3,"x1":2243,"y1":2642,"width":2040,"height":2640},"pxPerPt":3.3333333333333335,"expectedPxPerPt":3.333333333333333,"pageWidthPt":612,"pageHeightPt":792,"expectedPx":{"width":2039.9999999999998,"height":2639.9999999999995,"tolerancePx":6.666666666666666},"calibrationResidualPx":0,"inkFractionInsidePaper":0.053209855912061794,"nonblank":true,"croppedToThePage":true},{"kind":"boundary","document":"boundary.pdf","page":6,"png":"al-misd-dwop-set/boundary/page-006.png","bytes":359873,"pngSha256":"16dfea476e05bf3cb4da8ff5e5902cb0e153eb85e7f176c609c0bc353d058273","pngWidth":2040,"pngHeight":2640,"paper":{"x0":204,"y0":3,"x1":2243,"y1":2642,"width":2040,"height":2640},"pxPerPt":3.3333333333333335,"expectedPxPerPt":3.333333333333333,"pageWidthPt":612,"pageHeightPt":792,"expectedPx":{"width":2039.9999999999998,"height":2639.9999999999995,"tolerancePx":6.666666666666666},"calibrationResidualPx":0,"inkFractionInsidePaper":0.040203691325014855,"nonblank":true,"croppedToThePage":true},{"kind":"boundary","document":"boundary.pdf","page":7,"png":"al-misd-dwop-set/boundary/page-007.png","bytes":434042,"pngSha256":"68a594b4e3298b1d3b2d58d9e97846aa3186721993f43d79356936aaad3899b0","pngWidth":2040,"pngHeight":2640,"paper":{"x0":204,"y0":3,"x1":2243,"y1":2642,"width":2040,"height":2640},"pxPerPt":3.3333333333333335,"expectedPxPerPt":3.333333333333333,"pageWidthPt":612,"pageHeightPt":792,"expectedPx":{"width":2039.9999999999998,"height":2639.9999999999995,"tolerancePx":6.666666666666666},"calibrationResidualPx":0,"inkFractionInsidePaper":0.057026515151515154,"nonblank":true,"croppedToThePage":true},{"kind":"boundary","document":"boundary.pdf","page":8,"png":"al-misd-dwop-set/boundary/page-008.png","bytes":872723,"pngSha256":"fba565776a6bddc9e13ba86ce28c194bf6ba4482681038a98af0006cdf439d70","pngWidth":2040,"pngHeight":2640,"paper":{"x0":204,"y0":3,"x1":2243,"y1":2642,"width":2040,"height":2640},"pxPerPt":3.3333333333333335,"expectedPxPerPt":3.333333333333333,"pageWidthPt":612,"pageHeightPt":792,"expectedPx":{"width":2039.9999999999998,"height":2639.9999999999995,"tolerancePx":6.666666666666666},"calibrationResidualPx":0,"inkFractionInsidePaper":0.10128045157456922,"nonblank":true,"croppedToThePage":true},{"kind":"boundary","document":"boundary.pdf","page":9,"png":"al-misd-dwop-set/boundary/page-009.png","bytes":467647,"pngSha256":"1f5dac4144933ac2900fcd73482d0b301a1337875e44db1976d19451b0bf7734","pngWidth":2040,"pngHeight":2640,"paper":{"x0":204,"y0":3,"x1":2243,"y1":2642,"width":2040,"height":2640},"pxPerPt":3.3333333333333335,"expectedPxPerPt":3.333333333333333,"pageWidthPt":612,"pageHeightPt":792,"expectedPx":{"width":2039.9999999999998,"height":2639.9999999999995,"tolerancePx":6.666666666666666},"calibrationResidualPx":0,"inkFractionInsidePaper":0.05539679887106358,"nonblank":true,"croppedToThePage":true},{"kind":"boundary","document":"boundary.pdf","page":10,"png":"al-misd-dwop-set/boundary/page-010.png","bytes":476842,"pngSha256":"6bcb80b908fa73154fb7d739df0f88343a548779e4aa6ee61601d92b80f94b34","pngWidth":2040,"pngHeight":2640,"paper":{"x0":204,"y0":3,"x1":2243,"y1":2642,"width":2040,"height":2640},"pxPerPt":3.3333333333333335,"expectedPxPerPt":3.333333333333333,"pageWidthPt":612,"pageHeightPt":792,"expectedPx":{"width":2039.9999999999998,"height":2639.9999999999995,"tolerancePx":6.666666666666666},"calibrationResidualPx":0,"inkFractionInsidePaper":0.05504827688651218,"nonblank":true,"croppedToThePage":true},{"kind":"boundary","document":"boundary.pdf","page":11,"png":"al-misd-dwop-set/boundary/page-011.png","bytes":427956,"pngSha256":"3d8753a2fd235f0a0ce226962e7b6918fe2c75b96c62e43b0c544edec4d2f170","pngWidth":2040,"pngHeight":2640,"paper":{"x0":204,"y0":3,"x1":2243,"y1":2642,"width":2040,"height":2640},"pxPerPt":3.3333333333333335,"expectedPxPerPt":3.333333333333333,"pageWidthPt":612,"pageHeightPt":792,"expectedPx":{"width":2039.9999999999998,"height":2639.9999999999995,"tolerancePx":6.666666666666666},"calibrationResidualPx":0,"inkFractionInsidePaper":0.05390875668449198,"nonblank":true,"croppedToThePage":true}],"problems":[],"environmentProblems":[],"whatThisDoesNotDecide":"This is one gate. RASTER_PASS does not make a family PASS_COMPLETE, promotes nothing, and opens no commercial route.","packetPdfsModified":0,"bodiesCommitted":0,"commercialRoutesOpened":0,"productionTouched":false}
al-misd-dwop-set	Render and measure al-misd-dwop-set	2026-09-12T01:32:18.1033818Z RCAP_RECEIPT_INVENTORY [{"runId":"34664588051","familyId":"al-misd-dwop-set","member":"al-misd-dwop-set/canonical/page-001.png","bytes":501836,"sha256":"8b4794b781a33d5b5d50406336a51c4c25397f14fcab22efb14fcfcc7717c8f8","pngWidth":2040,"pngHeight":2640},{"runId":"34664588051","familyId":"al-misd-dwop-set","member":"al-misd-dwop-set/canonical/page-002.png","bytes":541350,"sha256":"8e8443461a26bd1a2f334b2cbe2dc7543c73d3f5092a2f007ff55bb9a006da68","pngWidth":2040,"pngHeight":2640},{"runId":"34664588051","familyId":"al-misd-dwop-set","member":"al-misd-dwop-set/canonical/page-003.png","bytes":533409,"sha256":"6f76cf070199a0e34fee78b422414d0da22eb5ccb321967f8446db908f6a4fbd","pngWidth":2040,"pngHeight":2640},{"runId":"34664588051","familyId":"al-misd-dwop-set","member":"al-misd-dwop-set/canonical/page-004.png","bytes":552918,"sha256":"e6c86ba6138e7d42edc73b67b0d43e9aafdc419fd95963a439d03df6e71752a6","pngWidth":2040,"pngHeight":2640},{"runId":"34664588051","familyId":"al-misd-dwop-set","member":"al-misd-dwop-set/canonical/page-005.png","bytes":376595,"sha256":"18f8c16cf684fb84a0b33798f807be24f4618de33d8df1abb8f9cfab6aded6db","pngWidth":2040,"pngHeight":2640},{"runId":"34664588051","familyId":"al-misd-dwop-set","member":"al-misd-dwop-set/canonical/page-006.png","bytes":359319,"sha256":"c277aabfaa35ecd8c7fedab701ca1a9b990558df4cb3db03353babc7f9bfda43","pngWidth":2040,"pngHeight":2640},{"runId":"34664588051","familyId":"al-misd-dwop-set","member":"al-misd-dwop-set/canonical/page-007.png","bytes":434042,"sha256":"68a594b4e3298b1d3b2d58d9e97846aa3186721993f43d79356936aaad3899b0","pngWidth":2040,"pngHeight":2640},{"runId":"34664588051","familyId":"al-misd-dwop-set","member":"al-misd-dwop-set/canonical/page-008.png","bytes":872723,"sha256":"fba565776a6bddc9e13ba86ce28c194bf6ba4482681038a98af0006cdf439d70","pngWidth":2040,"pngHeight":2640},{"runId":"34664588051","familyId":"al-misd-dwop-set","member":"al-misd-dwop-set/canonical/page-009.png","bytes":457405,"sha256":"10c55e4dfdd90530fff8db9690252b795f392d4fd9b05f7705d96a55e0e7bf91","pngWidth":2040,"pngHeight":2640},{"runId":"34664588051","familyId":"al-misd-dwop-set","member":"al-misd-dwop-set/canonical/page-010.png","bytes":473307,"sha256":"3a656c7e97655b5af51a010e2371e45bdb12c54eb11b32ee04a10c152b09fc3b","pngWidth":2040,"pngHeight":2640},{"runId":"34664588051","familyId":"al-misd-dwop-set","member":"al-misd-dwop-set/canonical/page-011.png","bytes":427956,"sha256":"3d8753a2fd235f0a0ce226962e7b6918fe2c75b96c62e43b0c544edec4d2f170","pngWidth":2040,"pngHeight":2640},{"runId":"34664588051","familyId":"al-misd-dwop-set","member":"al-misd-dwop-set/boundary/page-001.png","bytes":508609,"sha256":"f29b146aeb3dfb4ab86b603429c2f4c56ed16535e177d24cfa82f71086b0ba7c","pngWidth":2040,"pngHeight":2640},{"runId":"34664588051","familyId":"al-misd-dwop-set","member":"al-misd-dwop-set/boundary/page-002.png","bytes":541350,"sha256":"8e8443461a26bd1a2f334b2cbe2dc7543c73d3f5092a2f007ff55bb9a006da68","pngWidth":2040,"pngHeight":2640},{"runId":"34664588051","familyId":"al-misd-dwop-set","member":"al-misd-dwop-set/boundary/page-003.png","bytes":533409,"sha256":"6f76cf070199a0e34fee78b422414d0da22eb5ccb321967f8446db908f6a4fbd","pngWidth":2040,"pngHeight":2640},{"runId":"34664588051","familyId":"al-misd-dwop-set","member":"al-misd-dwop-set/boundary/page-004.png","bytes":552918,"sha256":"e6c86ba6138e7d42edc73b67b0d43e9aafdc419fd95963a439d03df6e71752a6","pngWidth":2040,"pngHeight":2640},{"runId":"34664588051","familyId":"al-misd-dwop-set","member":"al-misd-dwop-set/boundary/page-005.png","bytes":376595,"sha256":"18f8c16cf684fb84a0b33798f807be24f4618de33d8df1abb8f9cfab6aded6db","pngWidth":2040,"pngHeight":2640},{"runId":"34664588051","familyId":"al-misd-dwop-set","member":"al-misd-dwop-set/boundary/page-006.png","bytes":359873,"sha256":"16dfea476e05bf3cb4da8ff5e5902cb0e153eb85e7f176c609c0bc353d058273","pngWidth":2040,"pngHeight":2640},{"runId":"34664588051","familyId":"al-misd-dwop-set","member":"al-misd-dwop-set/boundary/page-007.png","bytes":434042,"sha256":"68a594b4e3298b1d3b2d58d9e97846aa3186721993f43d79356936aaad3899b0","pngWidth":2040,"pngHeight":2640},{"runId":"34664588051","familyId":"al-misd-dwop-set","member":"al-misd-dwop-set/boundary/page-008.png","bytes":872723,"sha256":"fba565776a6bddc9e13ba86ce28c194bf6ba4482681038a98af0006cdf439d70","pngWidth":2040,"pngHeight":2640},{"runId":"34664588051","familyId":"al-misd-dwop-set","member":"al-misd-dwop-set/boundary/page-009.png","bytes":467647,"sha256":"1f5dac4144933ac2900fcd73482d0b301a1337875e44db1976d19451b0bf7734","pngWidth":2040,"pngHeight":2640},{"runId":"34664588051","familyId":"al-misd-dwop-set","member":"al-misd-dwop-set/boundary/page-010.png","bytes":476842,"sha256":"6bcb80b908fa73154fb7d739df0f88343a548779e4aa6ee61601d92b80f94b34","pngWidth":2040,"pngHeight":2640},{"runId":"34664588051","familyId":"al-misd-dwop-set","member":"al-misd-dwop-set/boundary/page-011.png","bytes":427956,"sha256":"3d8753a2fd235f0a0ce226962e7b6918fe2c75b96c62e43b0c544edec4d2f170","pngWidth":2040,"pngHeight":2640}]
al-misd-dwop-set	Render and measure al-misd-dwop-set	2026-09-12T01:32:18.1053413Z RCAP_RECEIPT_END family=al-misd-dwop-set run=34664588051 pages=22
al-misd-dwop-set	Render and measure al-misd-dwop-set	2026-09-12T01:32:18.1054494Z RASTER_PASS al-misd-dwop-set — 2 document(s), 22 page(s) measured, 0 problem(s)
al-misd-dwop-set	Print the verdict and the page digests to the log	﻿2026-09-12T01:32:18.1109637Z ##[group]Run set -uo pipefail
al-misd-dwop-set	Print the verdict and the page digests to the log	2026-09-12T01:32:18.1109968Z ^[[36;1mset -uo pipefail^[[0m
al-misd-dwop-set	Print the verdict and the page digests to the log	2026-09-12T01:32:18.1110247Z ^[[36;1mfor v in raster-out/*.verdict.json; do^[[0m
al-misd-dwop-set	Print the verdict and the page digests to the log	2026-09-12T01:32:18.1110551Z ^[[36;1m  [ -e "$v" ] || continue^[[0m
al-misd-dwop-set	Print the verdict and the page digests to the log	2026-09-12T01:32:18.1110864Z ^[[36;1m  echo "===== BEGIN VERDICT $(basename "$v") ====="^[[0m
al-misd-dwop-set	Print the verdict and the page digests to the log	2026-09-12T01:32:18.1111176Z ^[[36;1m  cat "$v"^[[0m
al-misd-dwop-set	Print the verdict and the page digests to the log	2026-09-12T01:32:18.1111424Z ^[[36;1m  echo "===== END VERDICT $(basename "$v") ====="^[[0m
al-misd-dwop-set	Print the verdict and the page digests to the log	2026-09-12T01:32:18.1111723Z ^[[36;1mdone^[[0m
al-misd-dwop-set	Print the verdict and the page digests to the log	2026-09-12T01:32:18.1111939Z ^[[36;1mecho "===== BEGIN PAGE DIGESTS ====="^[[0m
al-misd-dwop-set	Print the verdict and the page digests to the log	2026-09-12T01:32:18.1112377Z ^[[36;1mfind raster-out -type f -name '*.png' -print0 | sort -z | xargs -0 -r sha256sum^[[0m
al-misd-dwop-set	Print the verdict and the page digests to the log	2026-09-12T01:32:18.1112820Z ^[[36;1mecho "===== END PAGE DIGESTS ====="^[[0m
al-misd-dwop-set	Print the verdict and the page digests to the log	2026-09-12T01:32:18.1150369Z shell: /usr/bin/bash -e {0}
al-misd-dwop-set	Print the verdict and the page digests to the log	2026-09-12T01:32:18.1150630Z env:
al-misd-dwop-set	Print the verdict and the page digests to the log	2026-09-12T01:32:18.1150897Z   pythonLocation: /opt/hostedtoolcache/Python/3.12.14/x64
al-misd-dwop-set	Print the verdict and the page digests to the log	2026-09-12T01:32:18.1151349Z   PKG_CONFIG_PATH: /opt/hostedtoolcache/Python/3.12.14/x64/lib/pkgconfig
al-misd-dwop-set	Print the verdict and the page digests to the log	2026-09-12T01:32:18.1151835Z   Python_ROOT_DIR: /opt/hostedtoolcache/Python/3.12.14/x64
al-misd-dwop-set	Print the verdict and the page digests to the log	2026-09-12T01:32:18.1152217Z   Python2_ROOT_DIR: /opt/hostedtoolcache/Python/3.12.14/x64
al-misd-dwop-set	Print the verdict and the page digests to the log	2026-09-12T01:32:18.1152609Z   Python3_ROOT_DIR: /opt/hostedtoolcache/Python/3.12.14/x64
al-misd-dwop-set	Print the verdict and the page digests to the log	2026-09-12T01:32:18.1152994Z   LD_LIBRARY_PATH: /opt/hostedtoolcache/Python/3.12.14/x64/lib
al-misd-dwop-set	Print the verdict and the page digests to the log	2026-09-12T01:32:18.1153402Z   PLAYWRIGHT_BROWSERS_PATH: /home/runner/.cache/ms-playwright
al-misd-dwop-set	Print the verdict and the page digests to the log	2026-09-12T01:32:18.1153759Z ##[endgroup]
al-misd-dwop-set	Print the verdict and the page digests to the log	2026-09-12T01:32:18.1228193Z ===== BEGIN VERDICT al-misd-dwop-set.verdict.json =====
al-misd-dwop-set	Print the verdict and the page digests to the log	2026-09-12T01:32:18.1237862Z {
al-misd-dwop-set	Print the verdict and the page digests to the log	2026-09-12T01:32:18.1238388Z   "schemaVersion": "rcap-raster-family-verdict/v1",
al-misd-dwop-set	Print the verdict and the page digests to the log	2026-09-12T01:32:18.1239033Z   "familyId": "al-misd-dwop-set",
al-misd-dwop-set	Print the verdict and the page digests to the log	2026-09-12T01:32:18.1239497Z   "verdict": "RASTER_PASS",
al-misd-dwop-set	Print the verdict and the page digests to the log	2026-09-12T01:32:18.1240134Z   "packetCommitSha": "e38cb2ecae5ada6668fa6c7b9739eac208da6378",
al-misd-dwop-set	Print the verdict and the page digests to the log	2026-09-12T01:32:18.1240652Z   "workflowRunId": "34664588051",
al-misd-dwop-set	Print the verdict and the page digests to the log	2026-09-12T01:32:18.1240940Z   "requestedScale": 2.5,
al-misd-dwop-set	Print the verdict and the page digests to the log	2026-09-12T01:32:18.1241198Z   "cssPxPerPt": 1.3333333333333333,
al-misd-dwop-set	Print the verdict and the page digests to the log	2026-09-12T01:32:18.1241705Z   "browserExecutable": "/home/runner/.cache/ms-playwright/chromium-1223/chrome-linux64/chrome",
al-misd-dwop-set	Print the verdict and the page digests to the log	2026-09-12T01:32:18.1242243Z   "resolvedBy": "PLAYWRIGHT_BROWSERS_PATH",
al-misd-dwop-set	Print the verdict and the page digests to the log	2026-09-12T01:32:18.1242601Z   "operatingSystem": "Linux 6.17.0-1022-azure x64",
al-misd-dwop-set	Print the verdict and the page digests to the log	2026-09-12T01:32:18.1242923Z   "nodeVersion": "v22.23.2",
al-misd-dwop-set	Print the verdict and the page digests to the log	2026-09-12T01:32:18.1243164Z   "hashesBound": {
al-misd-dwop-set	Print the verdict and the page digests to the log	2026-09-12T01:32:18.1243369Z     "canonical": {
al-misd-dwop-set	Print the verdict and the page digests to the log	2026-09-12T01:32:18.1243898Z       "path": "data/rcap-all50/overlays/census-v1/al/al-misd-dwop-set--official-pdf-fill/fixtures/canonical.pdf",
al-misd-dwop-set	Print the verdict and the page digests to the log	2026-09-12T01:32:18.1244621Z       "pinned": "a2df0dfe0a0ad320df505225005f673f82ccf73df531013ed5d28e5ccb125276"
al-misd-dwop-set	Print the verdict and the page digests to the log	2026-09-12T01:32:18.1245039Z     },
al-misd-dwop-set	Print the verdict and the page digests to the log	2026-09-12T01:32:18.1245393Z     "boundary": {
al-misd-dwop-set	Print the verdict and the page digests to the log	2026-09-12T01:32:18.1245917Z       "path": "data/rcap-all50/overlays/census-v1/al/al-misd-dwop-set--official-pdf-fill/fixtures/boundary.pdf",
al-misd-dwop-set	Print the verdict and the page digests to the log	2026-09-12T01:32:18.1246621Z       "pinned": "6476c659e31c0c07a88462e36b5b8028344205276a2e84accc43fab2b7c8db61"
al-misd-dwop-set	Print the verdict and the page digests to the log	2026-09-12T01:32:18.1247012Z     }
al-misd-dwop-set	Print the verdict and the page digests to the log	2026-09-12T01:32:18.1247186Z   },
al-misd-dwop-set	Print the verdict and the page digests to the log	2026-09-12T01:32:18.1247385Z   "documentsRendered": [
al-misd-dwop-set	Print the verdict and the page digests to the log	2026-09-12T01:32:18.1247839Z     {
al-misd-dwop-set	Print the verdict and the page digests to the log	2026-09-12T01:32:18.1248026Z       "role": "canonical",
al-misd-dwop-set	Print the verdict and the page digests to the log	2026-09-12T01:32:18.1248286Z       "document": "canonical.pdf",
al-misd-dwop-set	Print the verdict and the page digests to the log	2026-09-12T01:32:18.1249155Z       "path": "data/rcap-all50/overlays/census-v1/al/al-misd-dwop-set--official-pdf-fill/fixtures/canonical.pdf",
al-misd-dwop-set	Print the verdict and the page digests to the log	2026-09-12T01:32:18.1250322Z       "pinned": "a2df0dfe0a0ad320df505225005f673f82ccf73df531013ed5d28e5ccb125276"
al-misd-dwop-set	Print the verdict and the page digests to the log	2026-09-12T01:32:18.1250746Z     },
al-misd-dwop-set	Print the verdict and the page digests to the log	2026-09-12T01:32:18.1250924Z     {
al-misd-dwop-set	Print the verdict and the page digests to the log	2026-09-12T01:32:18.1251190Z       "role": "boundary",
al-misd-dwop-set	Print the verdict and the page digests to the log	2026-09-12T01:32:18.1251668Z       "document": "boundary.pdf",
al-misd-dwop-set	Print the verdict and the page digests to the log	2026-09-12T01:32:18.1252668Z       "path": "data/rcap-all50/overlays/census-v1/al/al-misd-dwop-set--official-pdf-fill/fixtures/boundary.pdf",
al-misd-dwop-set	Print the verdict and the page digests to the log	2026-09-12T01:32:18.1253945Z       "pinned": "6476c659e31c0c07a88462e36b5b8028344205276a2e84accc43fab2b7c8db61"
al-misd-dwop-set	Print the verdict and the page digests to the log	2026-09-12T01:32:18.1254957Z     }
al-misd-dwop-set	Print the verdict and the page digests to the log	2026-09-12T01:32:18.1255501Z   ],
al-misd-dwop-set	Print the verdict and the page digests to the log	2026-09-12T01:32:18.1256254Z   "documentsDigest": "ed9b3aeda5f5ff902f146b7b489b6be2a979a6870f293add0029942d14e92ade",
al-misd-dwop-set	Print the verdict and the page digests to the log	2026-09-12T01:32:18.1257165Z   "coversTheWholeFamily": true,
al-misd-dwop-set	Print the verdict and the page digests to the log	2026-09-12T01:32:18.1257779Z   "decryptionTransforms": [],
al-misd-dwop-set	Print the verdict and the page digests to the log	2026-09-12T01:32:18.1261019Z   "decryptionRule": "An encrypted source is hashed before any transform; Poppler and qpdf must independently agree on its page count; the temporary derivative is decrypted and serialized with explicit objects, then admitted only when geometry, decoded page content, fields/widgets, and XFA remain identical; only that temporary transport is passed to pdf-lib for calibrated rendering; the queued packet bytes are never modified.",
al-misd-dwop-set	Print the verdict and the page digests to the log	2026-09-12T01:32:18.1262916Z   "pagesMeasured": 22,
al-misd-dwop-set	Print the verdict and the page digests to the log	2026-09-12T01:32:18.1263150Z   "measurements": [
al-misd-dwop-set	Print the verdict and the page digests to the log	2026-09-12T01:32:18.1263351Z     {
al-misd-dwop-set	Print the verdict and the page digests to the log	2026-09-12T01:32:18.1263541Z       "kind": "canonical",
al-misd-dwop-set	Print the verdict and the page digests to the log	2026-09-12T01:32:18.1263818Z       "document": "canonical.pdf",
al-misd-dwop-set	Print the verdict and the page digests to the log	2026-09-12T01:32:18.1264164Z       "page": 1,
al-misd-dwop-set	Print the verdict and the page digests to the log	2026-09-12T01:32:18.1264693Z       "png": "al-misd-dwop-set/canonical/page-001.png",
al-misd-dwop-set	Print the verdict and the page digests to the log	2026-09-12T01:32:18.1265504Z       "bytes": 501836,
al-misd-dwop-set	Print the verdict and the page digests to the log	2026-09-12T01:32:18.1266302Z       "pngSha256": "8b4794b781a33d5b5d50406336a51c4c25397f14fcab22efb14fcfcc7717c8f8",
al-misd-dwop-set	Print the verdict and the page digests to the log	2026-09-12T01:32:18.1266981Z       "pngWidth": 2040,
al-misd-dwop-set	Print the verdict and the page digests to the log	2026-09-12T01:32:18.1267218Z       "pngHeight": 2640,
al-misd-dwop-set	Print the verdict and the page digests to the log	2026-09-12T01:32:18.1267450Z       "paper": {
al-misd-dwop-set	Print the verdict and the page digests to the log	2026-09-12T01:32:18.1267650Z         "x0": 204,
al-misd-dwop-set	Print the verdict and the page digests to the log	2026-09-12T01:32:18.1267859Z         "y0": 3,
al-misd-dwop-set	Print the verdict and the page digests to the log	2026-09-12T01:32:18.1268048Z         "x1": 2243,
al-misd-dwop-set	Print the verdict and the page digests to the log	2026-09-12T01:32:18.1268246Z         "y1": 2642,
al-misd-dwop-set	Print the verdict and the page digests to the log	2026-09-12T01:32:18.1268443Z         "width": 2040,
al-misd-dwop-set	Print the verdict and the page digests to the log	2026-09-12T01:32:18.1268672Z         "height": 2640
al-misd-dwop-set	Print the verdict and the page digests to the log	2026-09-12T01:32:18.1268880Z       },
al-misd-dwop-set	Print the verdict and the page digests to the log	2026-09-12T01:32:18.1269349Z       "pxPerPt": 3.3333333333333335,
al-misd-dwop-set	Print the verdict and the page digests to the log	2026-09-12T01:32:18.1269904Z       "expectedPxPerPt": 3.333333333333333,
al-misd-dwop-set	Print the verdict and the page digests to the log	2026-09-12T01:32:18.1270493Z       "pageWidthPt": 612,
al-misd-dwop-set	Print the verdict and the page digests to the log	2026-09-12T01:32:18.1270939Z       "pageHeightPt": 792,
al-misd-dwop-set	Print the verdict and the page digests to the log	2026-09-12T01:32:18.1271364Z       "expectedPx": {
al-misd-dwop-set	Print the verdict and the page digests to the log	2026-09-12T01:32:18.1271821Z         "width": 2039.9999999999998,
al-misd-dwop-set	Print the verdict and the page digests to the log	2026-09-12T01:32:18.1272314Z         "height": 2639.9999999999995,
al-misd-dwop-set	Print the verdict and the page digests to the log	2026-09-12T01:32:18.1272845Z         "tolerancePx": 6.666666666666666
al-misd-dwop-set	Print the verdict and the page digests to the log	2026-09-12T01:32:18.1273302Z       },
al-misd-dwop-set	Print the verdict and the page digests to the log	2026-09-12T01:32:18.1273693Z       "calibrationResidualPx": 0,
al-misd-dwop-set	Print the verdict and the page digests to the log	2026-09-12T01:32:18.1274295Z       "inkFractionInsidePaper": 0.06882705733808675,
al-misd-dwop-set	Print the verdict and the page digests to the log	2026-09-12T01:32:18.1274857Z       "nonblank": true,
al-misd-dwop-set	Print the verdict and the page digests to the log	2026-09-12T01:32:18.1275569Z       "croppedToThePage": true
al-misd-dwop-set	Print the verdict and the page digests to the log	2026-09-12T01:32:18.1276023Z     },
al-misd-dwop-set	Print the verdict and the page digests to the log	2026-09-12T01:32:18.1276348Z     {
al-misd-dwop-set	Print the verdict and the page digests to the log	2026-09-12T01:32:18.1276694Z       "kind": "canonical",
al-misd-dwop-set	Print the verdict and the page digests to the log	2026-09-12T01:32:18.1277236Z       "document": "canonical.pdf",
al-misd-dwop-set	Print the verdict and the page digests to the log	2026-09-12T01:32:18.1277693Z       "page": 2,
al-misd-dwop-set	Print the verdict and the page digests to the log	2026-09-12T01:32:18.1278203Z       "png": "al-misd-dwop-set/canonical/page-002.png",
al-misd-dwop-set	Print the verdict and the page digests to the log	2026-09-12T01:32:18.1278649Z       "bytes": 541350,
al-misd-dwop-set	Print the verdict and the page digests to the log	2026-09-12T01:32:18.1279084Z       "pngSha256": "8e8443461a26bd1a2f334b2cbe2dc7543c73d3f5092a2f007ff55bb9a006da68",
al-misd-dwop-set	Print the verdict and the page digests to the log	2026-09-12T01:32:18.1279546Z       "pngWidth": 2040,
al-misd-dwop-set	Print the verdict and the page digests to the log	2026-09-12T01:32:18.1279772Z       "pngHeight": 2640,
al-misd-dwop-set	Print the verdict and the page digests to the log	2026-09-12T01:32:18.1280001Z       "paper": {
al-misd-dwop-set	Print the verdict and the page digests to the log	2026-09-12T01:32:18.1280430Z         "x0": 204,
al-misd-dwop-set	Print the verdict and the page digests to the log	2026-09-12T01:32:18.1280630Z         "y0": 3,
al-misd-dwop-set	Print the verdict and the page digests to the log	2026-09-12T01:32:18.1280823Z         "x1": 2243,
al-misd-dwop-set	Print the verdict and the page digests to the log	2026-09-12T01:32:18.1281018Z         "y1": 2642,
al-misd-dwop-set	Print the verdict and the page digests to the log	2026-09-12T01:32:18.1281213Z         "width": 2040,
al-misd-dwop-set	Print the verdict and the page digests to the log	2026-09-12T01:32:18.1281431Z         "height": 2640
al-misd-dwop-set	Print the verdict and the page digests to the log	2026-09-12T01:32:18.1281634Z       },
al-misd-dwop-set	Print the verdict and the page digests to the log	2026-09-12T01:32:18.1281852Z       "pxPerPt": 3.3333333333333335,
al-misd-dwop-set	Print the verdict and the page digests to the log	2026-09-12T01:32:18.1282155Z       "expectedPxPerPt": 3.333333333333333,
al-misd-dwop-set	Print the verdict and the page digests to the log	2026-09-12T01:32:18.1282441Z       "pageWidthPt": 612,
al-misd-dwop-set	Print the verdict and the page digests to the log	2026-09-12T01:32:18.1282679Z       "pageHeightPt": 792,
al-misd-dwop-set	Print the verdict and the page digests to the log	2026-09-12T01:32:18.1282919Z       "expectedPx": {
al-misd-dwop-set	Print the verdict and the page digests to the log	2026-09-12T01:32:18.1283157Z         "width": 2039.9999999999998,
al-misd-dwop-set	Print the verdict and the page digests to the log	2026-09-12T01:32:18.1283437Z         "height": 2639.9999999999995,
al-misd-dwop-set	Print the verdict and the page digests to the log	2026-09-12T01:32:18.1283877Z         "tolerancePx": 6.666666666666666
al-misd-dwop-set	Print the verdict and the page digests to the log	2026-09-12T01:32:18.1284128Z       },
al-misd-dwop-set	Print the verdict and the page digests to the log	2026-09-12T01:32:18.1284347Z       "calibrationResidualPx": 0,
al-misd-dwop-set	Print the verdict and the page digests to the log	2026-09-12T01:32:18.1284676Z       "inkFractionInsidePaper": 0.06971015300059417,
al-misd-dwop-set	Print the verdict and the page digests to the log	2026-09-12T01:32:18.1284983Z       "nonblank": true,
al-misd-dwop-set	Print the verdict and the page digests to the log	2026-09-12T01:32:18.1285493Z       "croppedToThePage": true
al-misd-dwop-set	Print the verdict and the page digests to the log	2026-09-12T01:32:18.1285755Z     },
al-misd-dwop-set	Print the verdict and the page digests to the log	2026-09-12T01:32:18.1285937Z     {
al-misd-dwop-set	Print the verdict and the page digests to the log	2026-09-12T01:32:18.1286132Z       "kind": "canonical",
al-misd-dwop-set	Print the verdict and the page digests to the log	2026-09-12T01:32:18.1286403Z       "document": "canonical.pdf",
al-misd-dwop-set	Print the verdict and the page digests to the log	2026-09-12T01:32:18.1286655Z       "page": 3,
al-misd-dwop-set	Print the verdict and the page digests to the log	2026-09-12T01:32:18.1286935Z       "png": "al-misd-dwop-set/canonical/page-003.png",
al-misd-dwop-set	Print the verdict and the page digests to the log	2026-09-12T01:32:18.1287269Z       "bytes": 533409,
al-misd-dwop-set	Print the verdict and the page digests to the log	2026-09-12T01:32:18.1287680Z       "pngSha256": "6f76cf070199a0e34fee78b422414d0da22eb5ccb321967f8446db908f6a4fbd",
al-misd-dwop-set	Print the verdict and the page digests to the log	2026-09-12T01:32:18.1288110Z       "pngWidth": 2040,
al-misd-dwop-set	Print the verdict and the page digests to the log	2026-09-12T01:32:18.1288335Z       "pngHeight": 2640,
al-misd-dwop-set	Print the verdict and the page digests to the log	2026-09-12T01:32:18.1288552Z       "paper": {
al-misd-dwop-set	Print the verdict and the page digests to the log	2026-09-12T01:32:18.1288748Z         "x0": 204,
al-misd-dwop-set	Print the verdict and the page digests to the log	2026-09-12T01:32:18.1288948Z         "y0": 3,
al-misd-dwop-set	Print the verdict and the page digests to the log	2026-09-12T01:32:18.1289136Z         "x1": 2243,
al-misd-dwop-set	Print the verdict and the page digests to the log	2026-09-12T01:32:18.1289340Z         "y1": 2642,
al-misd-dwop-set	Print the verdict and the page digests to the log	2026-09-12T01:32:18.1289547Z         "width": 2040,
al-misd-dwop-set	Print the verdict and the page digests to the log	2026-09-12T01:32:18.1289775Z         "height": 2640
al-misd-dwop-set	Print the verdict and the page digests to the log	2026-09-12T01:32:18.1289975Z       },
al-misd-dwop-set	Print the verdict and the page digests to the log	2026-09-12T01:32:18.1290187Z       "pxPerPt": 3.3333333333333335,
al-misd-dwop-set	Print the verdict and the page digests to the log	2026-09-12T01:32:18.1290483Z       "expectedPxPerPt": 3.333333333333333,
al-misd-dwop-set	Print the verdict and the page digests to the log	2026-09-12T01:32:18.1290766Z       "pageWidthPt": 612,
al-misd-dwop-set	Print the verdict and the page digests to the log	2026-09-12T01:32:18.1291002Z       "pageHeightPt": 792,
al-misd-dwop-set	Print the verdict and the page digests to the log	2026-09-12T01:32:18.1291230Z       "expectedPx": {
al-misd-dwop-set	Print the verdict and the page digests to the log	2026-09-12T01:32:18.1291470Z         "width": 2039.9999999999998,
al-misd-dwop-set	Print the verdict and the page digests to the log	2026-09-12T01:32:18.1291745Z         "height": 2639.9999999999995,
al-misd-dwop-set	Print the verdict and the page digests to the log	2026-09-12T01:32:18.1292031Z         "tolerancePx": 6.666666666666666
al-misd-dwop-set	Print the verdict and the page digests to the log	2026-09-12T01:32:18.1292283Z       },
al-misd-dwop-set	Print the verdict and the page digests to the log	2026-09-12T01:32:18.1292506Z       "calibrationResidualPx": 0,
al-misd-dwop-set	Print the verdict and the page digests to the log	2026-09-12T01:32:18.1292828Z       "inkFractionInsidePaper": 0.07391228461081402,
al-misd-dwop-set	Print the verdict and the page digests to the log	2026-09-12T01:32:18.1293127Z       "nonblank": true,
al-misd-dwop-set	Print the verdict and the page digests to the log	2026-09-12T01:32:18.1293377Z       "croppedToThePage": true
al-misd-dwop-set	Print the verdict and the page digests to the log	2026-09-12T01:32:18.1293607Z     },
al-misd-dwop-set	Print the verdict and the page digests to the log	2026-09-12T01:32:18.1293780Z     {
al-misd-dwop-set	Print the verdict and the page digests to the log	2026-09-12T01:32:18.1293971Z       "kind": "canonical",
al-misd-dwop-set	Print the verdict and the page digests to the log	2026-09-12T01:32:18.1294229Z       "document": "canonical.pdf",
al-misd-dwop-set	Print the verdict and the page digests to the log	2026-09-12T01:32:18.1294481Z       "page": 4,
al-misd-dwop-set	Print the verdict and the page digests to the log	2026-09-12T01:32:18.1294756Z       "png": "al-misd-dwop-set/canonical/page-004.png",
al-misd-dwop-set	Print the verdict and the page digests to the log	2026-09-12T01:32:18.1295059Z       "bytes": 552918,
al-misd-dwop-set	Print the verdict and the page digests to the log	2026-09-12T01:32:18.1295715Z       "pngSha256": "e6c86ba6138e7d42edc73b67b0d43e9aafdc419fd95963a439d03df6e71752a6",
al-misd-dwop-set	Print the verdict and the page digests to the log	2026-09-12T01:32:18.1296157Z       "pngWidth": 2040,
al-misd-dwop-set	Print the verdict and the page digests to the log	2026-09-12T01:32:18.1296384Z       "pngHeight": 2640,
al-misd-dwop-set	Print the verdict and the page digests to the log	2026-09-12T01:32:18.1296608Z       "paper": {
al-misd-dwop-set	Print the verdict and the page digests to the log	2026-09-12T01:32:18.1296811Z         "x0": 204,
al-misd-dwop-set	Print the verdict and the page digests to the log	2026-09-12T01:32:18.1297017Z         "y0": 3,
al-misd-dwop-set	Print the verdict and the page digests to the log	2026-09-12T01:32:18.1297217Z         "x1": 2243,
al-misd-dwop-set	Print the verdict and the page digests to the log	2026-09-12T01:32:18.1297435Z         "y1": 2642,
al-misd-dwop-set	Print the verdict and the page digests to the log	2026-09-12T01:32:18.1297632Z         "width": 2040,
al-misd-dwop-set	Print the verdict and the page digests to the log	2026-09-12T01:32:18.1297841Z         "height": 2640
al-misd-dwop-set	Print the verdict and the page digests to the log	2026-09-12T01:32:18.1298050Z       },
al-misd-dwop-set	Print the verdict and the page digests to the log	2026-09-12T01:32:18.1298267Z       "pxPerPt": 3.3333333333333335,
al-misd-dwop-set	Print the verdict and the page digests to the log	2026-09-12T01:32:18.1298581Z       "expectedPxPerPt": 3.333333333333333,
al-misd-dwop-set	Print the verdict and the page digests to the log	2026-09-12T01:32:18.1298869Z       "pageWidthPt": 612,
al-misd-dwop-set	Print the verdict and the page digests to the log	2026-09-12T01:32:18.1299358Z       "pageHeightPt": 792,
al-misd-dwop-set	Print the verdict and the page digests to the log	2026-09-12T01:32:18.1299614Z       "expectedPx": {
al-misd-dwop-set	Print the verdict and the page digests to the log	2026-09-12T01:32:18.1299857Z         "width": 2039.9999999999998,
al-misd-dwop-set	Print the verdict and the page digests to the log	2026-09-12T01:32:18.1300135Z         "height": 2639.9999999999995,
al-misd-dwop-set	Print the verdict and the page digests to the log	2026-09-12T01:32:18.1300423Z         "tolerancePx": 6.666666666666666
al-misd-dwop-set	Print the verdict and the page digests to the log	2026-09-12T01:32:18.1300675Z       },
al-misd-dwop-set	Print the verdict and the page digests to the log	2026-09-12T01:32:18.1300895Z       "calibrationResidualPx": 0,
al-misd-dwop-set	Print the verdict and the page digests to the log	2026-09-12T01:32:18.1301224Z       "inkFractionInsidePaper": 0.08551674836601307,
al-misd-dwop-set	Print the verdict and the page digests to the log	2026-09-12T01:32:18.1301535Z       "nonblank": true,
al-misd-dwop-set	Print the verdict and the page digests to the log	2026-09-12T01:32:18.1301787Z       "croppedToThePage": true
al-misd-dwop-set	Print the verdict and the page digests to the log	2026-09-12T01:32:18.1302031Z     },
al-misd-dwop-set	Print the verdict and the page digests to the log	2026-09-12T01:32:18.1302237Z     {
al-misd-dwop-set	Print the verdict and the page digests to the log	2026-09-12T01:32:18.1302429Z       "kind": "canonical",
al-misd-dwop-set	Print the verdict and the page digests to the log	2026-09-12T01:32:18.1302698Z       "document": "canonical.pdf",
al-misd-dwop-set	Print the verdict and the page digests to the log	2026-09-12T01:32:18.1303074Z       "page": 5,
al-misd-dwop-set	Print the verdict and the page digests to the log	2026-09-12T01:32:18.1303361Z       "png": "al-misd-dwop-set/canonical/page-005.png",
al-misd-dwop-set	Print the verdict and the page digests to the log	2026-09-12T01:32:18.1303671Z       "bytes": 376595,
al-misd-dwop-set	Print the verdict and the page digests to the log	2026-09-12T01:32:18.1304088Z       "pngSha256": "18f8c16cf684fb84a0b33798f807be24f4618de33d8df1abb8f9cfab6aded6db",
al-misd-dwop-set	Print the verdict and the page digests to the log	2026-09-12T01:32:18.1304531Z       "pngWidth": 2040,
al-misd-dwop-set	Print the verdict and the page digests to the log	2026-09-12T01:32:18.1304760Z       "pngHeight": 2640,
al-misd-dwop-set	Print the verdict and the page digests to the log	2026-09-12T01:32:18.1304982Z       "paper": {
al-misd-dwop-set	Print the verdict and the page digests to the log	2026-09-12T01:32:18.1305385Z         "x0": 204,
al-misd-dwop-set	Print the verdict and the page digests to the log	2026-09-12T01:32:18.1305635Z         "y0": 3,
al-misd-dwop-set	Print the verdict and the page digests to the log	2026-09-12T01:32:18.1305832Z         "x1": 2243,
al-misd-dwop-set	Print the verdict and the page digests to the log	2026-09-12T01:32:18.1306034Z         "y1": 2642,
al-misd-dwop-set	Print the verdict and the page digests to the log	2026-09-12T01:32:18.1306235Z         "width": 2040,
al-misd-dwop-set	Print the verdict and the page digests to the log	2026-09-12T01:32:18.1306456Z         "height": 2640
al-misd-dwop-set	Print the verdict and the page digests to the log	2026-09-12T01:32:18.1306660Z       },
al-misd-dwop-set	Print the verdict and the page digests to the log	2026-09-12T01:32:18.1306880Z       "pxPerPt": 3.3333333333333335,
al-misd-dwop-set	Print the verdict and the page digests to the log	2026-09-12T01:32:18.1307177Z       "expectedPxPerPt": 3.333333333333333,
al-misd-dwop-set	Print the verdict and the page digests to the log	2026-09-12T01:32:18.1307461Z       "pageWidthPt": 612,
al-misd-dwop-set	Print the verdict and the page digests to the log	2026-09-12T01:32:18.1307704Z       "pageHeightPt": 792,
al-misd-dwop-set	Print the verdict and the page digests to the log	2026-09-12T01:32:18.1307944Z       "expectedPx": {
al-misd-dwop-set	Print the verdict and the page digests to the log	2026-09-12T01:32:18.1308182Z         "width": 2039.9999999999998,
al-misd-dwop-set	Print the verdict and the page digests to the log	2026-09-12T01:32:18.1308457Z         "height": 2639.9999999999995,
al-misd-dwop-set	Print the verdict and the page digests to the log	2026-09-12T01:32:18.1308744Z         "tolerancePx": 6.666666666666666
al-misd-dwop-set	Print the verdict and the page digests to the log	2026-09-12T01:32:18.1309000Z       },
al-misd-dwop-set	Print the verdict and the page digests to the log	2026-09-12T01:32:18.1309225Z       "calibrationResidualPx": 0,
al-misd-dwop-set	Print the verdict and the page digests to the log	2026-09-12T01:32:18.1309562Z       "inkFractionInsidePaper": 0.053209855912061794,
al-misd-dwop-set	Print the verdict and the page digests to the log	2026-09-12T01:32:18.1309876Z       "nonblank": true,
al-misd-dwop-set	Print the verdict and the page digests to the log	2026-09-12T01:32:18.1310124Z       "croppedToThePage": true
al-misd-dwop-set	Print the verdict and the page digests to the log	2026-09-12T01:32:18.1310357Z     },
al-misd-dwop-set	Print the verdict and the page digests to the log	2026-09-12T01:32:18.1310533Z     {
al-misd-dwop-set	Print the verdict and the page digests to the log	2026-09-12T01:32:18.1310727Z       "kind": "canonical",
al-misd-dwop-set	Print the verdict and the page digests to the log	2026-09-12T01:32:18.1310991Z       "document": "canonical.pdf",
al-misd-dwop-set	Print the verdict and the page digests to the log	2026-09-12T01:32:18.1311243Z       "page": 6,
al-misd-dwop-set	Print the verdict and the page digests to the log	2026-09-12T01:32:18.1311520Z       "png": "al-misd-dwop-set/canonical/page-006.png",
al-misd-dwop-set	Print the verdict and the page digests to the log	2026-09-12T01:32:18.1311825Z       "bytes": 359319,
al-misd-dwop-set	Print the verdict and the page digests to the log	2026-09-12T01:32:18.1312244Z       "pngSha256": "c277aabfaa35ecd8c7fedab701ca1a9b990558df4cb3db03353babc7f9bfda43",
al-misd-dwop-set	Print the verdict and the page digests to the log	2026-09-12T01:32:18.1312697Z       "pngWidth": 2040,
al-misd-dwop-set	Print the verdict and the page digests to the log	2026-09-12T01:32:18.1312917Z       "pngHeight": 2640,
al-misd-dwop-set	Print the verdict and the page digests to the log	2026-09-12T01:32:18.1313171Z       "paper": {
al-misd-dwop-set	Print the verdict and the page digests to the log	2026-09-12T01:32:18.1313366Z         "x0": 204,
al-misd-dwop-set	Print the verdict and the page digests to the log	2026-09-12T01:32:18.1313564Z         "y0": 3,
al-misd-dwop-set	Print the verdict and the page digests to the log	2026-09-12T01:32:18.1313758Z         "x1": 2243,
al-misd-dwop-set	Print the verdict and the page digests to the log	2026-09-12T01:32:18.1313949Z         "y1": 2642,
al-misd-dwop-set	Print the verdict and the page digests to the log	2026-09-12T01:32:18.1314145Z         "width": 2040,
al-misd-dwop-set	Print the verdict and the page digests to the log	2026-09-12T01:32:18.1314355Z         "height": 2640
al-misd-dwop-set	Print the verdict and the page digests to the log	2026-09-12T01:32:18.1314554Z       },
al-misd-dwop-set	Print the verdict and the page digests to the log	2026-09-12T01:32:18.1314762Z       "pxPerPt": 3.3333333333333335,
al-misd-dwop-set	Print the verdict and the page digests to the log	2026-09-12T01:32:18.1315057Z       "expectedPxPerPt": 3.333333333333333,
al-misd-dwop-set	Print the verdict and the page digests to the log	2026-09-12T01:32:18.1315803Z       "pageWidthPt": 612,
al-misd-dwop-set	Print the verdict and the page digests to the log	2026-09-12T01:32:18.1316051Z       "pageHeightPt": 792,
al-misd-dwop-set	Print the verdict and the page digests to the log	2026-09-12T01:32:18.1316282Z       "expectedPx": {
al-misd-dwop-set	Print the verdict and the page digests to the log	2026-09-12T01:32:18.1316517Z         "width": 2039.9999999999998,
al-misd-dwop-set	Print the verdict and the page digests to the log	2026-09-12T01:32:18.1316801Z         "height": 2639.9999999999995,
al-misd-dwop-set	Print the verdict and the page digests to the log	2026-09-12T01:32:18.1317088Z         "tolerancePx": 6.666666666666666
al-misd-dwop-set	Print the verdict and the page digests to the log	2026-09-12T01:32:18.1317347Z       },
al-misd-dwop-set	Print the verdict and the page digests to the log	2026-09-12T01:32:18.1317565Z       "calibrationResidualPx": 0,
al-misd-dwop-set	Print the verdict and the page digests to the log	2026-09-12T01:32:18.1317887Z       "inkFractionInsidePaper": 0.040051619132501486,
al-misd-dwop-set	Print the verdict and the page digests to the log	2026-09-12T01:32:18.1318190Z       "nonblank": true,
al-misd-dwop-set	Print the verdict and the page digests to the log	2026-09-12T01:32:18.1318589Z       "croppedToThePage": true
al-misd-dwop-set	Print the verdict and the page digests to the log	2026-09-12T01:32:18.1318829Z     },
al-misd-dwop-set	Print the verdict and the page digests to the log	2026-09-12T01:32:18.1319002Z     {
al-misd-dwop-set	Print the verdict and the page digests to the log	2026-09-12T01:32:18.1319189Z       "kind": "canonical",
al-misd-dwop-set	Print the verdict and the page digests to the log	2026-09-12T01:32:18.1319449Z       "document": "canonical.pdf",
al-misd-dwop-set	Print the verdict and the page digests to the log	2026-09-12T01:32:18.1319701Z       "page": 7,
al-misd-dwop-set	Print the verdict and the page digests to the log	2026-09-12T01:32:18.1319975Z       "png": "al-misd-dwop-set/canonical/page-007.png",
al-misd-dwop-set	Print the verdict and the page digests to the log	2026-09-12T01:32:18.1320288Z       "bytes": 434042,
al-misd-dwop-set	Print the verdict and the page digests to the log	2026-09-12T01:32:18.1320686Z       "pngSha256": "68a594b4e3298b1d3b2d58d9e97846aa3186721993f43d79356936aaad3899b0",
al-misd-dwop-set	Print the verdict and the page digests to the log	2026-09-12T01:32:18.1321110Z       "pngWidth": 2040,
al-misd-dwop-set	Print the verdict and the page digests to the log	2026-09-12T01:32:18.1321328Z       "pngHeight": 2640,
al-misd-dwop-set	Print the verdict and the page digests to the log	2026-09-12T01:32:18.1321547Z       "paper": {
al-misd-dwop-set	Print the verdict and the page digests to the log	2026-09-12T01:32:18.1321741Z         "x0": 204,
al-misd-dwop-set	Print the verdict and the page digests to the log	2026-09-12T01:32:18.1321940Z         "y0": 3,
al-misd-dwop-set	Print the verdict and the page digests to the log	2026-09-12T01:32:18.1322249Z         "x1": 2243,
al-misd-dwop-set	Print the verdict and the page digests to the log	2026-09-12T01:32:18.1322444Z         "y1": 2642,
al-misd-dwop-set	Print the verdict and the page digests to the log	2026-09-12T01:32:18.1322641Z         "width": 2040,
al-misd-dwop-set	Print the verdict and the page digests to the log	2026-09-12T01:32:18.1322854Z         "height": 2640
al-misd-dwop-set	Print the verdict and the page digests to the log	2026-09-12T01:32:18.1323052Z       },
al-misd-dwop-set	Print the verdict and the page digests to the log	2026-09-12T01:32:18.1323272Z       "pxPerPt": 3.3333333333333335,
al-misd-dwop-set	Print the verdict and the page digests to the log	2026-09-12T01:32:18.1323565Z       "expectedPxPerPt": 3.333333333333333,
al-misd-dwop-set	Print the verdict and the page digests to the log	2026-09-12T01:32:18.1323845Z       "pageWidthPt": 612,
al-misd-dwop-set	Print the verdict and the page digests to the log	2026-09-12T01:32:18.1324081Z       "pageHeightPt": 792,
al-misd-dwop-set	Print the verdict and the page digests to the log	2026-09-12T01:32:18.1324313Z       "expectedPx": {
al-misd-dwop-set	Print the verdict and the page digests to the log	2026-09-12T01:32:18.1324547Z         "width": 2039.9999999999998,
al-misd-dwop-set	Print the verdict and the page digests to the log	2026-09-12T01:32:18.1324830Z         "height": 2639.9999999999995,
al-misd-dwop-set	Print the verdict and the page digests to the log	2026-09-12T01:32:18.1325117Z         "tolerancePx": 6.666666666666666
al-misd-dwop-set	Print the verdict and the page digests to the log	2026-09-12T01:32:18.1325620Z       },
al-misd-dwop-set	Print the verdict and the page digests to the log	2026-09-12T01:32:18.1325848Z       "calibrationResidualPx": 0,
al-misd-dwop-set	Print the verdict and the page digests to the log	2026-09-12T01:32:18.1326172Z       "inkFractionInsidePaper": 0.057026515151515154,
al-misd-dwop-set	Print the verdict and the page digests to the log	2026-09-12T01:32:18.1326481Z       "nonblank": true,
al-misd-dwop-set	Print the verdict and the page digests to the log	2026-09-12T01:32:18.1326733Z       "croppedToThePage": true
al-misd-dwop-set	Print the verdict and the page digests to the log	2026-09-12T01:32:18.1326972Z     },
al-misd-dwop-set	Print the verdict and the page digests to the log	2026-09-12T01:32:18.1327146Z     {
al-misd-dwop-set	Print the verdict and the page digests to the log	2026-09-12T01:32:18.1327334Z       "kind": "canonical",
al-misd-dwop-set	Print the verdict and the page digests to the log	2026-09-12T01:32:18.1327597Z       "document": "canonical.pdf",
al-misd-dwop-set	Print the verdict and the page digests to the log	2026-09-12T01:32:18.1327867Z       "page": 8,
al-misd-dwop-set	Print the verdict and the page digests to the log	2026-09-12T01:32:18.1328159Z       "png": "al-misd-dwop-set/canonical/page-008.png",
al-misd-dwop-set	Print the verdict and the page digests to the log	2026-09-12T01:32:18.1328467Z       "bytes": 872723,
al-misd-dwop-set	Print the verdict and the page digests to the log	2026-09-12T01:32:18.1328876Z       "pngSha256": "fba565776a6bddc9e13ba86ce28c194bf6ba4482681038a98af0006cdf439d70",
al-misd-dwop-set	Print the verdict and the page digests to the log	2026-09-12T01:32:18.1329310Z       "pngWidth": 2040,
al-misd-dwop-set	Print the verdict and the page digests to the log	2026-09-12T01:32:18.1329532Z       "pngHeight": 2640,
al-misd-dwop-set	Print the verdict and the page digests to the log	2026-09-12T01:32:18.1329755Z       "paper": {
al-misd-dwop-set	Print the verdict and the page digests to the log	2026-09-12T01:32:18.1329963Z         "x0": 204,
al-misd-dwop-set	Print the verdict and the page digests to the log	2026-09-12T01:32:18.1330157Z         "y0": 3,
al-misd-dwop-set	Print the verdict and the page digests to the log	2026-09-12T01:32:18.1330346Z         "x1": 2243,
al-misd-dwop-set	Print the verdict and the page digests to the log	2026-09-12T01:32:18.1330539Z         "y1": 2642,
al-misd-dwop-set	Print the verdict and the page digests to the log	2026-09-12T01:32:18.1330736Z         "width": 2040,
al-misd-dwop-set	Print the verdict and the page digests to the log	2026-09-12T01:32:18.1330945Z         "height": 2640
al-misd-dwop-set	Print the verdict and the page digests to the log	2026-09-12T01:32:18.1331153Z       },
al-misd-dwop-set	Print the verdict and the page digests to the log	2026-09-12T01:32:18.1331367Z       "pxPerPt": 3.3333333333333335,
al-misd-dwop-set	Print the verdict and the page digests to the log	2026-09-12T01:32:18.1331676Z       "expectedPxPerPt": 3.333333333333333,
al-misd-dwop-set	Print the verdict and the page digests to the log	2026-09-12T01:32:18.1331961Z       "pageWidthPt": 612,
al-misd-dwop-set	Print the verdict and the page digests to the log	2026-09-12T01:32:18.1332192Z       "pageHeightPt": 792,
al-misd-dwop-set	Print the verdict and the page digests to the log	2026-09-12T01:32:18.1332428Z       "expectedPx": {
al-misd-dwop-set	Print the verdict and the page digests to the log	2026-09-12T01:32:18.1332668Z         "width": 2039.9999999999998,
al-misd-dwop-set	Print the verdict and the page digests to the log	2026-09-12T01:32:18.1332940Z         "height": 2639.9999999999995,
al-misd-dwop-set	Print the verdict and the page digests to the log	2026-09-12T01:32:18.1333221Z         "tolerancePx": 6.666666666666666
al-misd-dwop-set	Print the verdict and the page digests to the log	2026-09-12T01:32:18.1333473Z       },
al-misd-dwop-set	Print the verdict and the page digests to the log	2026-09-12T01:32:18.1333690Z       "calibrationResidualPx": 0,
al-misd-dwop-set	Print the verdict and the page digests to the log	2026-09-12T01:32:18.1334009Z       "inkFractionInsidePaper": 0.10128045157456922,
al-misd-dwop-set	Print the verdict and the page digests to the log	2026-09-12T01:32:18.1334314Z       "nonblank": true,
al-misd-dwop-set	Print the verdict and the page digests to the log	2026-09-12T01:32:18.1334561Z       "croppedToThePage": true
al-misd-dwop-set	Print the verdict and the page digests to the log	2026-09-12T01:32:18.1334793Z     },
al-misd-dwop-set	Print the verdict and the page digests to the log	2026-09-12T01:32:18.1334966Z     {
al-misd-dwop-set	Print the verdict and the page digests to the log	2026-09-12T01:32:18.1335340Z       "kind": "canonical",
al-misd-dwop-set	Print the verdict and the page digests to the log	2026-09-12T01:32:18.1335655Z       "document": "canonical.pdf",
al-misd-dwop-set	Print the verdict and the page digests to the log	2026-09-12T01:32:18.1335912Z       "page": 9,
al-misd-dwop-set	Print the verdict and the page digests to the log	2026-09-12T01:32:18.1336192Z       "png": "al-misd-dwop-set/canonical/page-009.png",
al-misd-dwop-set	Print the verdict and the page digests to the log	2026-09-12T01:32:18.1336495Z       "bytes": 457405,
al-misd-dwop-set	Print the verdict and the page digests to the log	2026-09-12T01:32:18.1336896Z       "pngSha256": "10c55e4dfdd90530fff8db9690252b795f392d4fd9b05f7705d96a55e0e7bf91",
al-misd-dwop-set	Print the verdict and the page digests to the log	2026-09-12T01:32:18.1337481Z       "pngWidth": 2040,
al-misd-dwop-set	Print the verdict and the page digests to the log	2026-09-12T01:32:18.1337709Z       "pngHeight": 2640,
al-misd-dwop-set	Print the verdict and the page digests to the log	2026-09-12T01:32:18.1337925Z       "paper": {
al-misd-dwop-set	Print the verdict and the page digests to the log	2026-09-12T01:32:18.1338118Z         "x0": 204,
al-misd-dwop-set	Print the verdict and the page digests to the log	2026-09-12T01:32:18.1338314Z         "y0": 3,
al-misd-dwop-set	Print the verdict and the page digests to the log	2026-09-12T01:32:18.1338505Z         "x1": 2243,
al-misd-dwop-set	Print the verdict and the page digests to the log	2026-09-12T01:32:18.1338699Z         "y1": 2642,
al-misd-dwop-set	Print the verdict and the page digests to the log	2026-09-12T01:32:18.1338900Z         "width": 2040,
al-misd-dwop-set	Print the verdict and the page digests to the log	2026-09-12T01:32:18.1339119Z         "height": 2640
al-misd-dwop-set	Print the verdict and the page digests to the log	2026-09-12T01:32:18.1339322Z       },
al-misd-dwop-set	Print the verdict and the page digests to the log	2026-09-12T01:32:18.1339539Z       "pxPerPt": 3.3333333333333335,
al-misd-dwop-set	Print the verdict and the page digests to the log	2026-09-12T01:32:18.1339827Z       "expectedPxPerPt": 3.333333333333333,
al-misd-dwop-set	Print the verdict and the page digests to the log	2026-09-12T01:32:18.1340104Z       "pageWidthPt": 612,
al-misd-dwop-set	Print the verdict and the page digests to the log	2026-09-12T01:32:18.1340342Z       "pageHeightPt": 792,
al-misd-dwop-set	Print the verdict and the page digests to the log	2026-09-12T01:32:18.1340571Z       "expectedPx": {
al-misd-dwop-set	Print the verdict and the page digests to the log	2026-09-12T01:32:18.1340937Z         "width": 2039.9999999999998,
al-misd-dwop-set	Print the verdict and the page digests to the log	2026-09-12T01:32:18.1341214Z         "height": 2639.9999999999995,
al-misd-dwop-set	Print the verdict and the page digests to the log	2026-09-12T01:32:18.1341495Z         "tolerancePx": 6.666666666666666
al-misd-dwop-set	Print the verdict and the page digests to the log	2026-09-12T01:32:18.1341747Z       },
al-misd-dwop-set	Print the verdict and the page digests to the log	2026-09-12T01:32:18.1341974Z       "calibrationResidualPx": 0,
al-misd-dwop-set	Print the verdict and the page digests to the log	2026-09-12T01:32:18.1342288Z       "inkFractionInsidePaper": 0.053917483660130716,
al-misd-dwop-set	Print the verdict and the page digests to the log	2026-09-12T01:32:18.1342589Z       "nonblank": true,
al-misd-dwop-set	Print the verdict and the page digests to the log	2026-09-12T01:32:18.1342831Z       "croppedToThePage": true
al-misd-dwop-set	Print the verdict and the page digests to the log	2026-09-12T01:32:18.1343076Z     },
al-misd-dwop-set	Print the verdict and the page digests to the log	2026-09-12T01:32:18.1343249Z     {
al-misd-dwop-set	Print the verdict and the page digests to the log	2026-09-12T01:32:18.1343439Z       "kind": "canonical",
al-misd-dwop-set	Print the verdict and the page digests to the log	2026-09-12T01:32:18.1343694Z       "document": "canonical.pdf",
al-misd-dwop-set	Print the verdict and the page digests to the log	2026-09-12T01:32:18.1343946Z       "page": 10,
al-misd-dwop-set	Print the verdict and the page digests to the log	2026-09-12T01:32:18.1344223Z       "png": "al-misd-dwop-set/canonical/page-010.png",
al-misd-dwop-set	Print the verdict and the page digests to the log	2026-09-12T01:32:18.1344525Z       "bytes": 473307,
al-misd-dwop-set	Print the verdict and the page digests to the log	2026-09-12T01:32:18.1344925Z       "pngSha256": "3a656c7e97655b5af51a010e2371e45bdb12c54eb11b32ee04a10c152b09fc3b",
al-misd-dwop-set	Print the verdict and the page digests to the log	2026-09-12T01:32:18.1345651Z       "pngWidth": 2040,
al-misd-dwop-set	Print the verdict and the page digests to the log	2026-09-12T01:32:18.1345894Z       "pngHeight": 2640,
al-misd-dwop-set	Print the verdict and the page digests to the log	2026-09-12T01:32:18.1346114Z       "paper": {
al-misd-dwop-set	Print the verdict and the page digests to the log	2026-09-12T01:32:18.1346308Z         "x0": 204,
al-misd-dwop-set	Print the verdict and the page digests to the log	2026-09-12T01:32:18.1346505Z         "y0": 3,
al-misd-dwop-set	Print the verdict and the page digests to the log	2026-09-12T01:32:18.1346704Z         "x1": 2243,
al-misd-dwop-set	Print the verdict and the page digests to the log	2026-09-12T01:32:18.1346901Z         "y1": 2642,
al-misd-dwop-set	Print the verdict and the page digests to the log	2026-09-12T01:32:18.1347098Z         "width": 2040,
al-misd-dwop-set	Print the verdict and the page digests to the log	2026-09-12T01:32:18.1347305Z         "height": 2640
al-misd-dwop-set	Print the verdict and the page digests to the log	2026-09-12T01:32:18.1347508Z       },
al-misd-dwop-set	Print the verdict and the page digests to the log	2026-09-12T01:32:18.1347715Z       "pxPerPt": 3.3333333333333335,
al-misd-dwop-set	Print the verdict and the page digests to the log	2026-09-12T01:32:18.1348005Z       "expectedPxPerPt": 3.333333333333333,
al-misd-dwop-set	Print the verdict and the page digests to the log	2026-09-12T01:32:18.1348296Z       "pageWidthPt": 612,
al-misd-dwop-set	Print the verdict and the page digests to the log	2026-09-12T01:32:18.1348532Z       "pageHeightPt": 792,
al-misd-dwop-set	Print the verdict and the page digests to the log	2026-09-12T01:32:18.1348760Z       "expectedPx": {
al-misd-dwop-set	Print the verdict and the page digests to the log	2026-09-12T01:32:18.1348995Z         "width": 2039.9999999999998,
al-misd-dwop-set	Print the verdict and the page digests to the log	2026-09-12T01:32:18.1349265Z         "height": 2639.9999999999995,
al-misd-dwop-set	Print the verdict and the page digests to the log	2026-09-12T01:32:18.1349548Z         "tolerancePx": 6.666666666666666
al-misd-dwop-set	Print the verdict and the page digests to the log	2026-09-12T01:32:18.1349814Z       },
al-misd-dwop-set	Print the verdict and the page digests to the log	2026-09-12T01:32:18.1350031Z       "calibrationResidualPx": 0,
al-misd-dwop-set	Print the verdict and the page digests to the log	2026-09-12T01:32:18.1350357Z       "inkFractionInsidePaper": 0.05459484551396316,
al-misd-dwop-set	Print the verdict and the page digests to the log	2026-09-12T01:32:18.1350656Z       "nonblank": true,
al-misd-dwop-set	Print the verdict and the page digests to the log	2026-09-12T01:32:18.1350901Z       "croppedToThePage": true
al-misd-dwop-set	Print the verdict and the page digests to the log	2026-09-12T01:32:18.1351134Z     },
al-misd-dwop-set	Print the verdict and the page digests to the log	2026-09-12T01:32:18.1351311Z     {
al-misd-dwop-set	Print the verdict and the page digests to the log	2026-09-12T01:32:18.1351496Z       "kind": "canonical",
al-misd-dwop-set	Print the verdict and the page digests to the log	2026-09-12T01:32:18.1351749Z       "document": "canonical.pdf",
al-misd-dwop-set	Print the verdict and the page digests to the log	2026-09-12T01:32:18.1352002Z       "page": 11,
al-misd-dwop-set	Print the verdict and the page digests to the log	2026-09-12T01:32:18.1352279Z       "png": "al-misd-dwop-set/canonical/page-011.png",
al-misd-dwop-set	Print the verdict and the page digests to the log	2026-09-12T01:32:18.1352582Z       "bytes": 427956,
al-misd-dwop-set	Print the verdict and the page digests to the log	2026-09-12T01:32:18.1352988Z       "pngSha256": "3d8753a2fd235f0a0ce226962e7b6918fe2c75b96c62e43b0c544edec4d2f170",
al-misd-dwop-set	Print the verdict and the page digests to the log	2026-09-12T01:32:18.1353417Z       "pngWidth": 2040,
al-misd-dwop-set	Print the verdict and the page digests to the log	2026-09-12T01:32:18.1353639Z       "pngHeight": 2640,
al-misd-dwop-set	Print the verdict and the page digests to the log	2026-09-12T01:32:18.1353857Z       "paper": {
al-misd-dwop-set	Print the verdict and the page digests to the log	2026-09-12T01:32:18.1354051Z         "x0": 204,
al-misd-dwop-set	Print the verdict and the page digests to the log	2026-09-12T01:32:18.1354243Z         "y0": 3,
al-misd-dwop-set	Print the verdict and the page digests to the log	2026-09-12T01:32:18.1354435Z         "x1": 2243,
al-misd-dwop-set	Print the verdict and the page digests to the log	2026-09-12T01:32:18.1354633Z         "y1": 2642,
al-misd-dwop-set	Print the verdict and the page digests to the log	2026-09-12T01:32:18.1354829Z         "width": 2040,
al-misd-dwop-set	Print the verdict and the page digests to the log	2026-09-12T01:32:18.1355038Z         "height": 2640
al-misd-dwop-set	Print the verdict and the page digests to the log	2026-09-12T01:32:18.1355479Z       },
al-misd-dwop-set	Print the verdict and the page digests to the log	2026-09-12T01:32:18.1355703Z       "pxPerPt": 3.3333333333333335,
al-misd-dwop-set	Print the verdict and the page digests to the log	2026-09-12T01:32:18.1356491Z       "expectedPxPerPt": 3.333333333333333,
al-misd-dwop-set	Print the verdict and the page digests to the log	2026-09-12T01:32:18.1356813Z       "pageWidthPt": 612,
al-misd-dwop-set	Print the verdict and the page digests to the log	2026-09-12T01:32:18.1357055Z       "pageHeightPt": 792,
al-misd-dwop-set	Print the verdict and the page digests to the log	2026-09-12T01:32:18.1357299Z       "expectedPx": {
al-misd-dwop-set	Print the verdict and the page digests to the log	2026-09-12T01:32:18.1357539Z         "width": 2039.9999999999998,
al-misd-dwop-set	Print the verdict and the page digests to the log	2026-09-12T01:32:18.1357812Z         "height": 2639.9999999999995,
al-misd-dwop-set	Print the verdict and the page digests to the log	2026-09-12T01:32:18.1358100Z         "tolerancePx": 6.666666666666666
al-misd-dwop-set	Print the verdict and the page digests to the log	2026-09-12T01:32:18.1358355Z       },
al-misd-dwop-set	Print the verdict and the page digests to the log	2026-09-12T01:32:18.1358575Z       "calibrationResidualPx": 0,
al-misd-dwop-set	Print the verdict and the page digests to the log	2026-09-12T01:32:18.1358898Z       "inkFractionInsidePaper": 0.05390875668449198,
al-misd-dwop-set	Print the verdict and the page digests to the log	2026-09-12T01:32:18.1359202Z       "nonblank": true,
al-misd-dwop-set	Print the verdict and the page digests to the log	2026-09-12T01:32:18.1359468Z       "croppedToThePage": true
al-misd-dwop-set	Print the verdict and the page digests to the log	2026-09-12T01:32:18.1359708Z     },
al-misd-dwop-set	Print the verdict and the page digests to the log	2026-09-12T01:32:18.1360053Z     {
al-misd-dwop-set	Print the verdict and the page digests to the log	2026-09-12T01:32:18.1360240Z       "kind": "boundary",
al-misd-dwop-set	Print the verdict and the page digests to the log	2026-09-12T01:32:18.1360497Z       "document": "boundary.pdf",
al-misd-dwop-set	Print the verdict and the page digests to the log	2026-09-12T01:32:18.1360745Z       "page": 1,
al-misd-dwop-set	Print the verdict and the page digests to the log	2026-09-12T01:32:18.1361020Z       "png": "al-misd-dwop-set/boundary/page-001.png",
al-misd-dwop-set	Print the verdict and the page digests to the log	2026-09-12T01:32:18.1361349Z       "bytes": 508609,
al-misd-dwop-set	Print the verdict and the page digests to the log	2026-09-12T01:32:18.1361758Z       "pngSha256": "f29b146aeb3dfb4ab86b603429c2f4c56ed16535e177d24cfa82f71086b0ba7c",
al-misd-dwop-set	Print the verdict and the page digests to the log	2026-09-12T01:32:18.1362192Z       "pngWidth": 2040,
al-misd-dwop-set	Print the verdict and the page digests to the log	2026-09-12T01:32:18.1362415Z       "pngHeight": 2640,
al-misd-dwop-set	Print the verdict and the page digests to the log	2026-09-12T01:32:18.1362635Z       "paper": {
al-misd-dwop-set	Print the verdict and the page digests to the log	2026-09-12T01:32:18.1362835Z         "x0": 204,
al-misd-dwop-set	Print the verdict and the page digests to the log	2026-09-12T01:32:18.1363028Z         "y0": 3,
al-misd-dwop-set	Print the verdict and the page digests to the log	2026-09-12T01:32:18.1363218Z         "x1": 2243,
al-misd-dwop-set	Print the verdict and the page digests to the log	2026-09-12T01:32:18.1363413Z         "y1": 2642,
al-misd-dwop-set	Print the verdict and the page digests to the log	2026-09-12T01:32:18.1363612Z         "width": 2040,
al-misd-dwop-set	Print the verdict and the page digests to the log	2026-09-12T01:32:18.1363817Z         "height": 2640
al-misd-dwop-set	Print the verdict and the page digests to the log	2026-09-12T01:32:18.1364021Z       },
al-misd-dwop-set	Print the verdict and the page digests to the log	2026-09-12T01:32:18.1364229Z       "pxPerPt": 3.3333333333333335,
al-misd-dwop-set	Print the verdict and the page digests to the log	2026-09-12T01:32:18.1364527Z       "expectedPxPerPt": 3.333333333333333,
al-misd-dwop-set	Print the verdict and the page digests to the log	2026-09-12T01:32:18.1364807Z       "pageWidthPt": 612,
al-misd-dwop-set	Print the verdict and the page digests to the log	2026-09-12T01:32:18.1365041Z       "pageHeightPt": 792,
al-misd-dwop-set	Print the verdict and the page digests to the log	2026-09-12T01:32:18.1365548Z       "expectedPx": {
al-misd-dwop-set	Print the verdict and the page digests to the log	2026-09-12T01:32:18.1365812Z         "width": 2039.9999999999998,
al-misd-dwop-set	Print the verdict and the page digests to the log	2026-09-12T01:32:18.1366089Z         "height": 2639.9999999999995,
al-misd-dwop-set	Print the verdict and the page digests to the log	2026-09-12T01:32:18.1366376Z         "tolerancePx": 6.666666666666666
al-misd-dwop-set	Print the verdict and the page digests to the log	2026-09-12T01:32:18.1366630Z       },
al-misd-dwop-set	Print the verdict and the page digests to the log	2026-09-12T01:32:18.1366846Z       "calibrationResidualPx": 0,
al-misd-dwop-set	Print the verdict and the page digests to the log	2026-09-12T01:32:18.1367164Z       "inkFractionInsidePaper": 0.07028706179441474,
al-misd-dwop-set	Print the verdict and the page digests to the log	2026-09-12T01:32:18.1367470Z       "nonblank": true,
al-misd-dwop-set	Print the verdict and the page digests to the log	2026-09-12T01:32:18.1367718Z       "croppedToThePage": true
al-misd-dwop-set	Print the verdict and the page digests to the log	2026-09-12T01:32:18.1367952Z     },
al-misd-dwop-set	Print the verdict and the page digests to the log	2026-09-12T01:32:18.1368124Z     {
al-misd-dwop-set	Print the verdict and the page digests to the log	2026-09-12T01:32:18.1368307Z       "kind": "boundary",
al-misd-dwop-set	Print the verdict and the page digests to the log	2026-09-12T01:32:18.1368559Z       "document": "boundary.pdf",
al-misd-dwop-set	Print the verdict and the page digests to the log	2026-09-12T01:32:18.1368808Z       "page": 2,
al-misd-dwop-set	Print the verdict and the page digests to the log	2026-09-12T01:32:18.1369077Z       "png": "al-misd-dwop-set/boundary/page-002.png",
al-misd-dwop-set	Print the verdict and the page digests to the log	2026-09-12T01:32:18.1369386Z       "bytes": 541350,
al-misd-dwop-set	Print the verdict and the page digests to the log	2026-09-12T01:32:18.1369965Z       "pngSha256": "8e8443461a26bd1a2f334b2cbe2dc7543c73d3f5092a2f007ff55bb9a006da68",
al-misd-dwop-set	Print the verdict and the page digests to the log	2026-09-12T01:32:18.1370705Z       "pngWidth": 2040,
al-misd-dwop-set	Print the verdict and the page digests to the log	2026-09-12T01:32:18.1371033Z       "pngHeight": 2640,
al-misd-dwop-set	Print the verdict and the page digests to the log	2026-09-12T01:32:18.1371263Z       "paper": {
al-misd-dwop-set	Print the verdict and the page digests to the log	2026-09-12T01:32:18.1371458Z         "x0": 204,
al-misd-dwop-set	Print the verdict and the page digests to the log	2026-09-12T01:32:18.1371650Z         "y0": 3,
al-misd-dwop-set	Print the verdict and the page digests to the log	2026-09-12T01:32:18.1371839Z         "x1": 2243,
al-misd-dwop-set	Print the verdict and the page digests to the log	2026-09-12T01:32:18.1372034Z         "y1": 2642,
al-misd-dwop-set	Print the verdict and the page digests to the log	2026-09-12T01:32:18.1372231Z         "width": 2040,
al-misd-dwop-set	Print the verdict and the page digests to the log	2026-09-12T01:32:18.1372451Z         "height": 2640
al-misd-dwop-set	Print the verdict and the page digests to the log	2026-09-12T01:32:18.1372652Z       },
al-misd-dwop-set	Print the verdict and the page digests to the log	2026-09-12T01:32:18.1372864Z       "pxPerPt": 3.3333333333333335,
al-misd-dwop-set	Print the verdict and the page digests to the log	2026-09-12T01:32:18.1373155Z       "expectedPxPerPt": 3.333333333333333,
al-misd-dwop-set	Print the verdict and the page digests to the log	2026-09-12T01:32:18.1373441Z       "pageWidthPt": 612,
al-misd-dwop-set	Print the verdict and the page digests to the log	2026-09-12T01:32:18.1373891Z       "pageHeightPt": 792,
al-misd-dwop-set	Print the verdict and the page digests to the log	2026-09-12T01:32:18.1374303Z       "expectedPx": {
al-misd-dwop-set	Print the verdict and the page digests to the log	2026-09-12T01:32:18.1374619Z         "width": 2039.9999999999998,
al-misd-dwop-set	Print the verdict and the page digests to the log	2026-09-12T01:32:18.1374904Z         "height": 2639.9999999999995,
al-misd-dwop-set	Print the verdict and the page digests to the log	2026-09-12T01:32:18.1375448Z         "tolerancePx": 6.666666666666666
al-misd-dwop-set	Print the verdict and the page digests to the log	2026-09-12T01:32:18.1375732Z       },
al-misd-dwop-set	Print the verdict and the page digests to the log	2026-09-12T01:32:18.1375959Z       "calibrationResidualPx": 0,
al-misd-dwop-set	Print the verdict and the page digests to the log	2026-09-12T01:32:18.1376463Z       "inkFractionInsidePaper": 0.06971015300059417,
al-misd-dwop-set	Print the verdict and the page digests to the log	2026-09-12T01:32:18.1376769Z       "nonblank": true,
al-misd-dwop-set	Print the verdict and the page digests to the log	2026-09-12T01:32:18.1377018Z       "croppedToThePage": true
al-misd-dwop-set	Print the verdict and the page digests to the log	2026-09-12T01:32:18.1377259Z     },
al-misd-dwop-set	Print the verdict and the page digests to the log	2026-09-12T01:32:18.1377437Z     {
al-misd-dwop-set	Print the verdict and the page digests to the log	2026-09-12T01:32:18.1377628Z       "kind": "boundary",
al-misd-dwop-set	Print the verdict and the page digests to the log	2026-09-12T01:32:18.1378120Z       "document": "boundary.pdf",
al-misd-dwop-set	Print the verdict and the page digests to the log	2026-09-12T01:32:18.1378545Z       "page": 3,
al-misd-dwop-set	Print the verdict and the page digests to the log	2026-09-12T01:32:18.1378893Z       "png": "al-misd-dwop-set/boundary/page-003.png",
al-misd-dwop-set	Print the verdict and the page digests to the log	2026-09-12T01:32:18.1379197Z       "bytes": 533409,
al-misd-dwop-set	Print the verdict and the page digests to the log	2026-09-12T01:32:18.1379598Z       "pngSha256": "6f76cf070199a0e34fee78b422414d0da22eb5ccb321967f8446db908f6a4fbd",
al-misd-dwop-set	Print the verdict and the page digests to the log	2026-09-12T01:32:18.1380040Z       "pngWidth": 2040,
al-misd-dwop-set	Print the verdict and the page digests to the log	2026-09-12T01:32:18.1380260Z       "pngHeight": 2640,
al-misd-dwop-set	Print the verdict and the page digests to the log	2026-09-12T01:32:18.1380637Z       "paper": {
al-misd-dwop-set	Print the verdict and the page digests to the log	2026-09-12T01:32:18.1380835Z         "x0": 204,
al-misd-dwop-set	Print the verdict and the page digests to the log	2026-09-12T01:32:18.1381031Z         "y0": 3,
al-misd-dwop-set	Print the verdict and the page digests to the log	2026-09-12T01:32:18.1381223Z         "x1": 2243,
al-misd-dwop-set	Print the verdict and the page digests to the log	2026-09-12T01:32:18.1381423Z         "y1": 2642,
al-misd-dwop-set	Print the verdict and the page digests to the log	2026-09-12T01:32:18.1381634Z         "width": 2040,
al-misd-dwop-set	Print the verdict and the page digests to the log	2026-09-12T01:32:18.1381947Z         "height": 2640
al-misd-dwop-set	Print the verdict and the page digests to the log	2026-09-12T01:32:18.1382304Z       },
al-misd-dwop-set	Print the verdict and the page digests to the log	2026-09-12T01:32:18.1382673Z       "pxPerPt": 3.3333333333333335,
al-misd-dwop-set	Print the verdict and the page digests to the log	2026-09-12T01:32:18.1383037Z       "expectedPxPerPt": 3.333333333333333,
al-misd-dwop-set	Print the verdict and the page digests to the log	2026-09-12T01:32:18.1383324Z       "pageWidthPt": 612,
al-misd-dwop-set	Print the verdict and the page digests to the log	2026-09-12T01:32:18.1383565Z       "pageHeightPt": 792,
al-misd-dwop-set	Print the verdict and the page digests to the log	2026-09-12T01:32:18.1383799Z       "expectedPx": {
al-misd-dwop-set	Print the verdict and the page digests to the log	2026-09-12T01:32:18.1384040Z         "width": 2039.9999999999998,
al-misd-dwop-set	Print the verdict and the page digests to the log	2026-09-12T01:32:18.1384313Z         "height": 2639.9999999999995,
al-misd-dwop-set	Print the verdict and the page digests to the log	2026-09-12T01:32:18.1384611Z         "tolerancePx": 6.666666666666666
al-misd-dwop-set	Print the verdict and the page digests to the log	2026-09-12T01:32:18.1385080Z       },
al-misd-dwop-set	Print the verdict and the page digests to the log	2026-09-12T01:32:18.1385658Z       "calibrationResidualPx": 0,
al-misd-dwop-set	Print the verdict and the page digests to the log	2026-09-12T01:32:18.1386090Z       "inkFractionInsidePaper": 0.07391228461081402,
al-misd-dwop-set	Print the verdict and the page digests to the log	2026-09-12T01:32:18.1386402Z       "nonblank": true,
al-misd-dwop-set	Print the verdict and the page digests to the log	2026-09-12T01:32:18.1386651Z       "croppedToThePage": true
al-misd-dwop-set	Print the verdict and the page digests to the log	2026-09-12T01:32:18.1386884Z     },
al-misd-dwop-set	Print the verdict and the page digests to the log	2026-09-12T01:32:18.1387064Z     {
al-misd-dwop-set	Print the verdict and the page digests to the log	2026-09-12T01:32:18.1387256Z       "kind": "boundary",
al-misd-dwop-set	Print the verdict and the page digests to the log	2026-09-12T01:32:18.1387510Z       "document": "boundary.pdf",
al-misd-dwop-set	Print the verdict and the page digests to the log	2026-09-12T01:32:18.1387908Z       "page": 4,
al-misd-dwop-set	Print the verdict and the page digests to the log	2026-09-12T01:32:18.1388394Z       "png": "al-misd-dwop-set/boundary/page-004.png",
al-misd-dwop-set	Print the verdict and the page digests to the log	2026-09-12T01:32:18.1388796Z       "bytes": 552918,
al-misd-dwop-set	Print the verdict and the page digests to the log	2026-09-12T01:32:18.1389215Z       "pngSha256": "e6c86ba6138e7d42edc73b67b0d43e9aafdc419fd95963a439d03df6e71752a6",
al-misd-dwop-set	Print the verdict and the page digests to the log	2026-09-12T01:32:18.1389651Z       "pngWidth": 2040,
al-misd-dwop-set	Print the verdict and the page digests to the log	2026-09-12T01:32:18.1389886Z       "pngHeight": 2640,
al-misd-dwop-set	Print the verdict and the page digests to the log	2026-09-12T01:32:18.1390115Z       "paper": {
al-misd-dwop-set	Print the verdict and the page digests to the log	2026-09-12T01:32:18.1390310Z         "x0": 204,
al-misd-dwop-set	Print the verdict and the page digests to the log	2026-09-12T01:32:18.1390504Z         "y0": 3,
al-misd-dwop-set	Print the verdict and the page digests to the log	2026-09-12T01:32:18.1390699Z         "x1": 2243,
al-misd-dwop-set	Print the verdict and the page digests to the log	2026-09-12T01:32:18.1390967Z         "y1": 2642,
al-misd-dwop-set	Print the verdict and the page digests to the log	2026-09-12T01:32:18.1391315Z         "width": 2040,
al-misd-dwop-set	Print the verdict and the page digests to the log	2026-09-12T01:32:18.1391689Z         "height": 2640
al-misd-dwop-set	Print the verdict and the page digests to the log	2026-09-12T01:32:18.1391974Z       },
al-misd-dwop-set	Print the verdict and the page digests to the log	2026-09-12T01:32:18.1392189Z       "pxPerPt": 3.3333333333333335,
al-misd-dwop-set	Print the verdict and the page digests to the log	2026-09-12T01:32:18.1392488Z       "expectedPxPerPt": 3.333333333333333,
al-misd-dwop-set	Print the verdict and the page digests to the log	2026-09-12T01:32:18.1392779Z       "pageWidthPt": 612,
al-misd-dwop-set	Print the verdict and the page digests to the log	2026-09-12T01:32:18.1393015Z       "pageHeightPt": 792,
al-misd-dwop-set	Print the verdict and the page digests to the log	2026-09-12T01:32:18.1393248Z       "expectedPx": {
al-misd-dwop-set	Print the verdict and the page digests to the log	2026-09-12T01:32:18.1393483Z         "width": 2039.9999999999998,
al-misd-dwop-set	Print the verdict and the page digests to the log	2026-09-12T01:32:18.1393765Z         "height": 2639.9999999999995,
al-misd-dwop-set	Print the verdict and the page digests to the log	2026-09-12T01:32:18.1394059Z         "tolerancePx": 6.666666666666666
al-misd-dwop-set	Print the verdict and the page digests to the log	2026-09-12T01:32:18.1394314Z       },
al-misd-dwop-set	Print the verdict and the page digests to the log	2026-09-12T01:32:18.1394536Z       "calibrationResidualPx": 0,
al-misd-dwop-set	Print the verdict and the page digests to the log	2026-09-12T01:32:18.1394850Z       "inkFractionInsidePaper": 0.08551674836601307,
al-misd-dwop-set	Print the verdict and the page digests to the log	2026-09-12T01:32:18.1395155Z       "nonblank": true,
al-misd-dwop-set	Print the verdict and the page digests to the log	2026-09-12T01:32:18.1395659Z       "croppedToThePage": true
al-misd-dwop-set	Print the verdict and the page digests to the log	2026-09-12T01:32:18.1395900Z     },
al-misd-dwop-set	Print the verdict and the page digests to the log	2026-09-12T01:32:18.1396073Z     {
al-misd-dwop-set	Print the verdict and the page digests to the log	2026-09-12T01:32:18.1396257Z       "kind": "boundary",
al-misd-dwop-set	Print the verdict and the page digests to the log	2026-09-12T01:32:18.1396531Z       "document": "boundary.pdf",
al-misd-dwop-set	Print the verdict and the page digests to the log	2026-09-12T01:32:18.1396780Z       "page": 5,
al-misd-dwop-set	Print the verdict and the page digests to the log	2026-09-12T01:32:18.1397053Z       "png": "al-misd-dwop-set/boundary/page-005.png",
al-misd-dwop-set	Print the verdict and the page digests to the log	2026-09-12T01:32:18.1397623Z       "bytes": 376595,
al-misd-dwop-set	Print the verdict and the page digests to the log	2026-09-12T01:32:18.1398352Z       "pngSha256": "18f8c16cf684fb84a0b33798f807be24f4618de33d8df1abb8f9cfab6aded6db",
al-misd-dwop-set	Print the verdict and the page digests to the log	2026-09-12T01:32:18.1398889Z       "pngWidth": 2040,
al-misd-dwop-set	Print the verdict and the page digests to the log	2026-09-12T01:32:18.1399113Z       "pngHeight": 2640,
al-misd-dwop-set	Print the verdict and the page digests to the log	2026-09-12T01:32:18.1399334Z       "paper": {
al-misd-dwop-set	Print the verdict and the page digests to the log	2026-09-12T01:32:18.1399529Z         "x0": 204,
al-misd-dwop-set	Print the verdict and the page digests to the log	2026-09-12T01:32:18.1399729Z         "y0": 3,
al-misd-dwop-set	Print the verdict and the page digests to the log	2026-09-12T01:32:18.1399919Z         "x1": 2243,
al-misd-dwop-set	Print the verdict and the page digests to the log	2026-09-12T01:32:18.1400112Z         "y1": 2642,
al-misd-dwop-set	Print the verdict and the page digests to the log	2026-09-12T01:32:18.1400310Z         "width": 2040,
al-misd-dwop-set	Print the verdict and the page digests to the log	2026-09-12T01:32:18.1400520Z         "height": 2640
al-misd-dwop-set	Print the verdict and the page digests to the log	2026-09-12T01:32:18.1400723Z       },
al-misd-dwop-set	Print the verdict and the page digests to the log	2026-09-12T01:32:18.1400942Z       "pxPerPt": 3.3333333333333335,
al-misd-dwop-set	Print the verdict and the page digests to the log	2026-09-12T01:32:18.1401444Z       "expectedPxPerPt": 3.333333333333333,
al-misd-dwop-set	Print the verdict and the page digests to the log	2026-09-12T01:32:18.1402078Z       "pageWidthPt": 612,
al-misd-dwop-set	Print the verdict and the page digests to the log	2026-09-12T01:32:18.1402321Z       "pageHeightPt": 792,
al-misd-dwop-set	Print the verdict and the page digests to the log	2026-09-12T01:32:18.1402553Z       "expectedPx": {
al-misd-dwop-set	Print the verdict and the page digests to the log	2026-09-12T01:32:18.1402791Z         "width": 2039.9999999999998,
al-misd-dwop-set	Print the verdict and the page digests to the log	2026-09-12T01:32:18.1403069Z         "height": 2639.9999999999995,
al-misd-dwop-set	Print the verdict and the page digests to the log	2026-09-12T01:32:18.1403364Z         "tolerancePx": 6.666666666666666
al-misd-dwop-set	Print the verdict and the page digests to the log	2026-09-12T01:32:18.1403620Z       },
al-misd-dwop-set	Print the verdict and the page digests to the log	2026-09-12T01:32:18.1403839Z       "calibrationResidualPx": 0,
al-misd-dwop-set	Print the verdict and the page digests to the log	2026-09-12T01:32:18.1404159Z       "inkFractionInsidePaper": 0.053209855912061794,
al-misd-dwop-set	Print the verdict and the page digests to the log	2026-09-12T01:32:18.1404462Z       "nonblank": true,
al-misd-dwop-set	Print the verdict and the page digests to the log	2026-09-12T01:32:18.1404880Z       "croppedToThePage": true
al-misd-dwop-set	Print the verdict and the page digests to the log	2026-09-12T01:32:18.1405473Z     },
al-misd-dwop-set	Print the verdict and the page digests to the log	2026-09-12T01:32:18.1405761Z     {
al-misd-dwop-set	Print the verdict and the page digests to the log	2026-09-12T01:32:18.1405965Z       "kind": "boundary",
al-misd-dwop-set	Print the verdict and the page digests to the log	2026-09-12T01:32:18.1406231Z       "document": "boundary.pdf",
al-misd-dwop-set	Print the verdict and the page digests to the log	2026-09-12T01:32:18.1406495Z       "page": 6,
al-misd-dwop-set	Print the verdict and the page digests to the log	2026-09-12T01:32:18.1406790Z       "png": "al-misd-dwop-set/boundary/page-006.png",
al-misd-dwop-set	Print the verdict and the page digests to the log	2026-09-12T01:32:18.1407104Z       "bytes": 359873,
al-misd-dwop-set	Print the verdict and the page digests to the log	2026-09-12T01:32:18.1407531Z       "pngSha256": "16dfea476e05bf3cb4da8ff5e5902cb0e153eb85e7f176c609c0bc353d058273",
al-misd-dwop-set	Print the verdict and the page digests to the log	2026-09-12T01:32:18.1407983Z       "pngWidth": 2040,
al-misd-dwop-set	Print the verdict and the page digests to the log	2026-09-12T01:32:18.1408404Z       "pngHeight": 2640,
al-misd-dwop-set	Print the verdict and the page digests to the log	2026-09-12T01:32:18.1408803Z       "paper": {
al-misd-dwop-set	Print the verdict and the page digests to the log	2026-09-12T01:32:18.1409095Z         "x0": 204,
al-misd-dwop-set	Print the verdict and the page digests to the log	2026-09-12T01:32:18.1409298Z         "y0": 3,
al-misd-dwop-set	Print the verdict and the page digests to the log	2026-09-12T01:32:18.1409495Z         "x1": 2243,
al-misd-dwop-set	Print the verdict and the page digests to the log	2026-09-12T01:32:18.1409700Z         "y1": 2642,
al-misd-dwop-set	Print the verdict and the page digests to the log	2026-09-12T01:32:18.1409898Z         "width": 2040,
al-misd-dwop-set	Print the verdict and the page digests to the log	2026-09-12T01:32:18.1410118Z         "height": 2640
al-misd-dwop-set	Print the verdict and the page digests to the log	2026-09-12T01:32:18.1410327Z       },
al-misd-dwop-set	Print the verdict and the page digests to the log	2026-09-12T01:32:18.1410682Z       "pxPerPt": 3.3333333333333335,
al-misd-dwop-set	Print the verdict and the page digests to the log	2026-09-12T01:32:18.1422450Z       "expectedPxPerPt": 3.333333333333333,
al-misd-dwop-set	Print the verdict and the page digests to the log	2026-09-12T01:32:18.1422969Z       "pageWidthPt": 612,
al-misd-dwop-set	Print the verdict and the page digests to the log	2026-09-12T01:32:18.1423378Z       "pageHeightPt": 792,
al-misd-dwop-set	Print the verdict and the page digests to the log	2026-09-12T01:32:18.1423639Z       "expectedPx": {
al-misd-dwop-set	Print the verdict and the page digests to the log	2026-09-12T01:32:18.1423898Z         "width": 2039.9999999999998,
al-misd-dwop-set	Print the verdict and the page digests to the log	2026-09-12T01:32:18.1424194Z         "height": 2639.9999999999995,
al-misd-dwop-set	Print the verdict and the page digests to the log	2026-09-12T01:32:18.1424500Z         "tolerancePx": 6.666666666666666
al-misd-dwop-set	Print the verdict and the page digests to the log	2026-09-12T01:32:18.1424770Z       },
al-misd-dwop-set	Print the verdict and the page digests to the log	2026-09-12T01:32:18.1425006Z       "calibrationResidualPx": 0,
al-misd-dwop-set	Print the verdict and the page digests to the log	2026-09-12T01:32:18.1425650Z       "inkFractionInsidePaper": 0.040203691325014855,
al-misd-dwop-set	Print the verdict and the page digests to the log	2026-09-12T01:32:18.1425996Z       "nonblank": true,
al-misd-dwop-set	Print the verdict and the page digests to the log	2026-09-12T01:32:18.1426262Z       "croppedToThePage": true
al-misd-dwop-set	Print the verdict and the page digests to the log	2026-09-12T01:32:18.1426510Z     },
al-misd-dwop-set	Print the verdict and the page digests to the log	2026-09-12T01:32:18.1426690Z     {
al-misd-dwop-set	Print the verdict and the page digests to the log	2026-09-12T01:32:18.1426891Z       "kind": "boundary",
al-misd-dwop-set	Print the verdict and the page digests to the log	2026-09-12T01:32:18.1427159Z       "document": "boundary.pdf",
al-misd-dwop-set	Print the verdict and the page digests to the log	2026-09-12T01:32:18.1427454Z       "page": 7,
al-misd-dwop-set	Print the verdict and the page digests to the log	2026-09-12T01:32:18.1427858Z       "png": "al-misd-dwop-set/boundary/page-007.png",
al-misd-dwop-set	Print the verdict and the page digests to the log	2026-09-12T01:32:18.1428179Z       "bytes": 434042,
al-misd-dwop-set	Print the verdict and the page digests to the log	2026-09-12T01:32:18.1428586Z       "pngSha256": "68a594b4e3298b1d3b2d58d9e97846aa3186721993f43d79356936aaad3899b0",
al-misd-dwop-set	Print the verdict and the page digests to the log	2026-09-12T01:32:18.1429035Z       "pngWidth": 2040,
al-misd-dwop-set	Print the verdict and the page digests to the log	2026-09-12T01:32:18.1429273Z       "pngHeight": 2640,
al-misd-dwop-set	Print the verdict and the page digests to the log	2026-09-12T01:32:18.1429497Z       "paper": {
al-misd-dwop-set	Print the verdict and the page digests to the log	2026-09-12T01:32:18.1429705Z         "x0": 204,
al-misd-dwop-set	Print the verdict and the page digests to the log	2026-09-12T01:32:18.1429900Z         "y0": 3,
al-misd-dwop-set	Print the verdict and the page digests to the log	2026-09-12T01:32:18.1430092Z         "x1": 2243,
al-misd-dwop-set	Print the verdict and the page digests to the log	2026-09-12T01:32:18.1430346Z         "y1": 2642,
al-misd-dwop-set	Print the verdict and the page digests to the log	2026-09-12T01:32:18.1430654Z         "width": 2040,
al-misd-dwop-set	Print the verdict and the page digests to the log	2026-09-12T01:32:18.1431077Z         "height": 2640
al-misd-dwop-set	Print the verdict and the page digests to the log	2026-09-12T01:32:18.1431290Z       },
al-misd-dwop-set	Print the verdict and the page digests to the log	2026-09-12T01:32:18.1431511Z       "pxPerPt": 3.3333333333333335,
al-misd-dwop-set	Print the verdict and the page digests to the log	2026-09-12T01:32:18.1431816Z       "expectedPxPerPt": 3.333333333333333,
al-misd-dwop-set	Print the verdict and the page digests to the log	2026-09-12T01:32:18.1432114Z       "pageWidthPt": 612,
al-misd-dwop-set	Print the verdict and the page digests to the log	2026-09-12T01:32:18.1432358Z       "pageHeightPt": 792,
al-misd-dwop-set	Print the verdict and the page digests to the log	2026-09-12T01:32:18.1432596Z       "expectedPx": {
al-misd-dwop-set	Print the verdict and the page digests to the log	2026-09-12T01:32:18.1432835Z         "width": 2039.9999999999998,
al-misd-dwop-set	Print the verdict and the page digests to the log	2026-09-12T01:32:18.1433255Z         "height": 2639.9999999999995,
al-misd-dwop-set	Print the verdict and the page digests to the log	2026-09-12T01:32:18.1433565Z         "tolerancePx": 6.666666666666666
al-misd-dwop-set	Print the verdict and the page digests to the log	2026-09-12T01:32:18.1433835Z       },
al-misd-dwop-set	Print the verdict and the page digests to the log	2026-09-12T01:32:18.1434060Z       "calibrationResidualPx": 0,
al-misd-dwop-set	Print the verdict and the page digests to the log	2026-09-12T01:32:18.1434384Z       "inkFractionInsidePaper": 0.057026515151515154,
al-misd-dwop-set	Print the verdict and the page digests to the log	2026-09-12T01:32:18.1434837Z       "nonblank": true,
al-misd-dwop-set	Print the verdict and the page digests to the log	2026-09-12T01:32:18.1435089Z       "croppedToThePage": true
al-misd-dwop-set	Print the verdict and the page digests to the log	2026-09-12T01:32:18.1435582Z     },
al-misd-dwop-set	Print the verdict and the page digests to the log	2026-09-12T01:32:18.1435772Z     {
al-misd-dwop-set	Print the verdict and the page digests to the log	2026-09-12T01:32:18.1435962Z       "kind": "boundary",
al-misd-dwop-set	Print the verdict and the page digests to the log	2026-09-12T01:32:18.1436220Z       "document": "boundary.pdf",
al-misd-dwop-set	Print the verdict and the page digests to the log	2026-09-12T01:32:18.1436471Z       "page": 8,
al-misd-dwop-set	Print the verdict and the page digests to the log	2026-09-12T01:32:18.1436926Z       "png": "al-misd-dwop-set/boundary/page-008.png",
al-misd-dwop-set	Print the verdict and the page digests to the log	2026-09-12T01:32:18.1437318Z       "bytes": 872723,
al-misd-dwop-set	Print the verdict and the page digests to the log	2026-09-12T01:32:18.1437743Z       "pngSha256": "fba565776a6bddc9e13ba86ce28c194bf6ba4482681038a98af0006cdf439d70",
al-misd-dwop-set	Print the verdict and the page digests to the log	2026-09-12T01:32:18.1438190Z       "pngWidth": 2040,
al-misd-dwop-set	Print the verdict and the page digests to the log	2026-09-12T01:32:18.1438418Z       "pngHeight": 2640,
al-misd-dwop-set	Print the verdict and the page digests to the log	2026-09-12T01:32:18.1438640Z       "paper": {
al-misd-dwop-set	Print the verdict and the page digests to the log	2026-09-12T01:32:18.1438840Z         "x0": 204,
al-misd-dwop-set	Print the verdict and the page digests to the log	2026-09-12T01:32:18.1439037Z         "y0": 3,
al-misd-dwop-set	Print the verdict and the page digests to the log	2026-09-12T01:32:18.1439233Z         "x1": 2243,
al-misd-dwop-set	Print the verdict and the page digests to the log	2026-09-12T01:32:18.1439429Z         "y1": 2642,
al-misd-dwop-set	Print the verdict and the page digests to the log	2026-09-12T01:32:18.1439622Z         "width": 2040,
al-misd-dwop-set	Print the verdict and the page digests to the log	2026-09-12T01:32:18.1439830Z         "height": 2640
al-misd-dwop-set	Print the verdict and the page digests to the log	2026-09-12T01:32:18.1440032Z       },
al-misd-dwop-set	Print the verdict and the page digests to the log	2026-09-12T01:32:18.1440245Z       "pxPerPt": 3.3333333333333335,
al-misd-dwop-set	Print the verdict and the page digests to the log	2026-09-12T01:32:18.1440546Z       "expectedPxPerPt": 3.333333333333333,
al-misd-dwop-set	Print the verdict and the page digests to the log	2026-09-12T01:32:18.1440831Z       "pageWidthPt": 612,
al-misd-dwop-set	Print the verdict and the page digests to the log	2026-09-12T01:32:18.1441072Z       "pageHeightPt": 792,
al-misd-dwop-set	Print the verdict and the page digests to the log	2026-09-12T01:32:18.1441305Z       "expectedPx": {
al-misd-dwop-set	Print the verdict and the page digests to the log	2026-09-12T01:32:18.1441544Z         "width": 2039.9999999999998,
al-misd-dwop-set	Print the verdict and the page digests to the log	2026-09-12T01:32:18.1441820Z         "height": 2639.9999999999995,
al-misd-dwop-set	Print the verdict and the page digests to the log	2026-09-12T01:32:18.1442111Z         "tolerancePx": 6.666666666666666
al-misd-dwop-set	Print the verdict and the page digests to the log	2026-09-12T01:32:18.1442359Z       },
al-misd-dwop-set	Print the verdict and the page digests to the log	2026-09-12T01:32:18.1442574Z       "calibrationResidualPx": 0,
al-misd-dwop-set	Print the verdict and the page digests to the log	2026-09-12T01:32:18.1442898Z       "inkFractionInsidePaper": 0.10128045157456922,
al-misd-dwop-set	Print the verdict and the page digests to the log	2026-09-12T01:32:18.1443358Z       "nonblank": true,
al-misd-dwop-set	Print the verdict and the page digests to the log	2026-09-12T01:32:18.1443607Z       "croppedToThePage": true
al-misd-dwop-set	Print the verdict and the page digests to the log	2026-09-12T01:32:18.1443843Z     },
al-misd-dwop-set	Print the verdict and the page digests to the log	2026-09-12T01:32:18.1444015Z     {
al-misd-dwop-set	Print the verdict and the page digests to the log	2026-09-12T01:32:18.1444198Z       "kind": "boundary",
al-misd-dwop-set	Print the verdict and the page digests to the log	2026-09-12T01:32:18.1444453Z       "document": "boundary.pdf",
al-misd-dwop-set	Print the verdict and the page digests to the log	2026-09-12T01:32:18.1444702Z       "page": 9,
al-misd-dwop-set	Print the verdict and the page digests to the log	2026-09-12T01:32:18.1444986Z       "png": "al-misd-dwop-set/boundary/page-009.png",
al-misd-dwop-set	Print the verdict and the page digests to the log	2026-09-12T01:32:18.1445573Z       "bytes": 467647,
al-misd-dwop-set	Print the verdict and the page digests to the log	2026-09-12T01:32:18.1445989Z       "pngSha256": "1f5dac4144933ac2900fcd73482d0b301a1337875e44db1976d19451b0bf7734",
al-misd-dwop-set	Print the verdict and the page digests to the log	2026-09-12T01:32:18.1446423Z       "pngWidth": 2040,
al-misd-dwop-set	Print the verdict and the page digests to the log	2026-09-12T01:32:18.1446758Z       "pngHeight": 2640,
al-misd-dwop-set	Print the verdict and the page digests to the log	2026-09-12T01:32:18.1447089Z       "paper": {
al-misd-dwop-set	Print the verdict and the page digests to the log	2026-09-12T01:32:18.1447291Z         "x0": 204,
al-misd-dwop-set	Print the verdict and the page digests to the log	2026-09-12T01:32:18.1447490Z         "y0": 3,
al-misd-dwop-set	Print the verdict and the page digests to the log	2026-09-12T01:32:18.1447679Z         "x1": 2243,
al-misd-dwop-set	Print the verdict and the page digests to the log	2026-09-12T01:32:18.1447871Z         "y1": 2642,
al-misd-dwop-set	Print the verdict and the page digests to the log	2026-09-12T01:32:18.1448068Z         "width": 2040,
al-misd-dwop-set	Print the verdict and the page digests to the log	2026-09-12T01:32:18.1448280Z         "height": 2640
al-misd-dwop-set	Print the verdict and the page digests to the log	2026-09-12T01:32:18.1448478Z       },
al-misd-dwop-set	Print the verdict and the page digests to the log	2026-09-12T01:32:18.1448693Z       "pxPerPt": 3.3333333333333335,
al-misd-dwop-set	Print the verdict and the page digests to the log	2026-09-12T01:32:18.1448997Z       "expectedPxPerPt": 3.333333333333333,
al-misd-dwop-set	Print the verdict and the page digests to the log	2026-09-12T01:32:18.1449278Z       "pageWidthPt": 612,
al-misd-dwop-set	Print the verdict and the page digests to the log	2026-09-12T01:32:18.1449514Z       "pageHeightPt": 792,
al-misd-dwop-set	Print the verdict and the page digests to the log	2026-09-12T01:32:18.1449749Z       "expectedPx": {
al-misd-dwop-set	Print the verdict and the page digests to the log	2026-09-12T01:32:18.1449984Z         "width": 2039.9999999999998,
al-misd-dwop-set	Print the verdict and the page digests to the log	2026-09-12T01:32:18.1450463Z         "height": 2639.9999999999995,
al-misd-dwop-set	Print the verdict and the page digests to the log	2026-09-12T01:32:18.1450782Z         "tolerancePx": 6.666666666666666
al-misd-dwop-set	Print the verdict and the page digests to the log	2026-09-12T01:32:18.1451212Z       },
al-misd-dwop-set	Print the verdict and the page digests to the log	2026-09-12T01:32:18.1451436Z       "calibrationResidualPx": 0,
al-misd-dwop-set	Print the verdict and the page digests to the log	2026-09-12T01:32:18.1451762Z       "inkFractionInsidePaper": 0.05539679887106358,
al-misd-dwop-set	Print the verdict and the page digests to the log	2026-09-12T01:32:18.1452064Z       "nonblank": true,
al-misd-dwop-set	Print the verdict and the page digests to the log	2026-09-12T01:32:18.1452318Z       "croppedToThePage": true
al-misd-dwop-set	Print the verdict and the page digests to the log	2026-09-12T01:32:18.1452548Z     },
al-misd-dwop-set	Print the verdict and the page digests to the log	2026-09-12T01:32:18.1452723Z     {
al-misd-dwop-set	Print the verdict and the page digests to the log	2026-09-12T01:32:18.1452907Z       "kind": "boundary",
al-misd-dwop-set	Print the verdict and the page digests to the log	2026-09-12T01:32:18.1453159Z       "document": "boundary.pdf",
al-misd-dwop-set	Print the verdict and the page digests to the log	2026-09-12T01:32:18.1453508Z       "page": 10,
al-misd-dwop-set	Print the verdict and the page digests to the log	2026-09-12T01:32:18.1453914Z       "png": "al-misd-dwop-set/boundary/page-010.png",
al-misd-dwop-set	Print the verdict and the page digests to the log	2026-09-12T01:32:18.1454223Z       "bytes": 476842,
al-misd-dwop-set	Print the verdict and the page digests to the log	2026-09-12T01:32:18.1454624Z       "pngSha256": "6bcb80b908fa73154fb7d739df0f88343a548779e4aa6ee61601d92b80f94b34",
al-misd-dwop-set	Print the verdict and the page digests to the log	2026-09-12T01:32:18.1455406Z       "pngWidth": 2040,
al-misd-dwop-set	Print the verdict and the page digests to the log	2026-09-12T01:32:18.1455650Z       "pngHeight": 2640,
al-misd-dwop-set	Print the verdict and the page digests to the log	2026-09-12T01:32:18.1455878Z       "paper": {
al-misd-dwop-set	Print the verdict and the page digests to the log	2026-09-12T01:32:18.1456084Z         "x0": 204,
al-misd-dwop-set	Print the verdict and the page digests to the log	2026-09-12T01:32:18.1456286Z         "y0": 3,
al-misd-dwop-set	Print the verdict and the page digests to the log	2026-09-12T01:32:18.1456476Z         "x1": 2243,
al-misd-dwop-set	Print the verdict and the page digests to the log	2026-09-12T01:32:18.1456670Z         "y1": 2642,
al-misd-dwop-set	Print the verdict and the page digests to the log	2026-09-12T01:32:18.1456969Z         "width": 2040,
al-misd-dwop-set	Print the verdict and the page digests to the log	2026-09-12T01:32:18.1457308Z         "height": 2640
al-misd-dwop-set	Print the verdict and the page digests to the log	2026-09-12T01:32:18.1457517Z       },
al-misd-dwop-set	Print the verdict and the page digests to the log	2026-09-12T01:32:18.1457731Z       "pxPerPt": 3.3333333333333335,
al-misd-dwop-set	Print the verdict and the page digests to the log	2026-09-12T01:32:18.1458030Z       "expectedPxPerPt": 3.333333333333333,
al-misd-dwop-set	Print the verdict and the page digests to the log	2026-09-12T01:32:18.1458313Z       "pageWidthPt": 612,
al-misd-dwop-set	Print the verdict and the page digests to the log	2026-09-12T01:32:18.1458544Z       "pageHeightPt": 792,
al-misd-dwop-set	Print the verdict and the page digests to the log	2026-09-12T01:32:18.1458777Z       "expectedPx": {
al-misd-dwop-set	Print the verdict and the page digests to the log	2026-09-12T01:32:18.1459018Z         "width": 2039.9999999999998,
al-misd-dwop-set	Print the verdict and the page digests to the log	2026-09-12T01:32:18.1459510Z         "height": 2639.9999999999995,
al-misd-dwop-set	Print the verdict and the page digests to the log	2026-09-12T01:32:18.1460020Z         "tolerancePx": 6.666666666666666
al-misd-dwop-set	Print the verdict and the page digests to the log	2026-09-12T01:32:18.1460461Z       },
al-misd-dwop-set	Print the verdict and the page digests to the log	2026-09-12T01:32:18.1460843Z       "calibrationResidualPx": 0,
al-misd-dwop-set	Print the verdict and the page digests to the log	2026-09-12T01:32:18.1461346Z       "inkFractionInsidePaper": 0.05504827688651218,
al-misd-dwop-set	Print the verdict and the page digests to the log	2026-09-12T01:32:18.1461671Z       "nonblank": true,
al-misd-dwop-set	Print the verdict and the page digests to the log	2026-09-12T01:32:18.1461930Z       "croppedToThePage": true
al-misd-dwop-set	Print the verdict and the page digests to the log	2026-09-12T01:32:18.1462279Z     },
al-misd-dwop-set	Print the verdict and the page digests to the log	2026-09-12T01:32:18.1462541Z     {
al-misd-dwop-set	Print the verdict and the page digests to the log	2026-09-12T01:32:18.1462732Z       "kind": "boundary",
al-misd-dwop-set	Print the verdict and the page digests to the log	2026-09-12T01:32:18.1463001Z       "document": "boundary.pdf",
al-misd-dwop-set	Print the verdict and the page digests to the log	2026-09-12T01:32:18.1463249Z       "page": 11,
al-misd-dwop-set	Print the verdict and the page digests to the log	2026-09-12T01:32:18.1463529Z       "png": "al-misd-dwop-set/boundary/page-011.png",
al-misd-dwop-set	Print the verdict and the page digests to the log	2026-09-12T01:32:18.1463833Z       "bytes": 427956,
al-misd-dwop-set	Print the verdict and the page digests to the log	2026-09-12T01:32:18.1464301Z       "pngSha256": "3d8753a2fd235f0a0ce226962e7b6918fe2c75b96c62e43b0c544edec4d2f170",
al-misd-dwop-set	Print the verdict and the page digests to the log	2026-09-12T01:32:18.1465081Z       "pngWidth": 2040,
al-misd-dwop-set	Print the verdict and the page digests to the log	2026-09-12T01:32:18.1465730Z       "pngHeight": 2640,
al-misd-dwop-set	Print the verdict and the page digests to the log	2026-09-12T01:32:18.1466124Z       "paper": {
al-misd-dwop-set	Print the verdict and the page digests to the log	2026-09-12T01:32:18.1466528Z         "x0": 204,
al-misd-dwop-set	Print the verdict and the page digests to the log	2026-09-12T01:32:18.1466849Z         "y0": 3,
al-misd-dwop-set	Print the verdict and the page digests to the log	2026-09-12T01:32:18.1467203Z         "x1": 2243,
al-misd-dwop-set	Print the verdict and the page digests to the log	2026-09-12T01:32:18.1467550Z         "y1": 2642,
al-misd-dwop-set	Print the verdict and the page digests to the log	2026-09-12T01:32:18.1467832Z         "width": 2040,
al-misd-dwop-set	Print the verdict and the page digests to the log	2026-09-12T01:32:18.1468058Z         "height": 2640
al-misd-dwop-set	Print the verdict and the page digests to the log	2026-09-12T01:32:18.1468274Z       },
al-misd-dwop-set	Print the verdict and the page digests to the log	2026-09-12T01:32:18.1468497Z       "pxPerPt": 3.3333333333333335,
al-misd-dwop-set	Print the verdict and the page digests to the log	2026-09-12T01:32:18.1468800Z       "expectedPxPerPt": 3.333333333333333,
al-misd-dwop-set	Print the verdict and the page digests to the log	2026-09-12T01:32:18.1469093Z       "pageWidthPt": 612,
al-misd-dwop-set	Print the verdict and the page digests to the log	2026-09-12T01:32:18.1469329Z       "pageHeightPt": 792,
al-misd-dwop-set	Print the verdict and the page digests to the log	2026-09-12T01:32:18.1469564Z       "expectedPx": {
al-misd-dwop-set	Print the verdict and the page digests to the log	2026-09-12T01:32:18.1469803Z         "width": 2039.9999999999998,
al-misd-dwop-set	Print the verdict and the page digests to the log	2026-09-12T01:32:18.1470079Z         "height": 2639.9999999999995,
al-misd-dwop-set	Print the verdict and the page digests to the log	2026-09-12T01:32:18.1470367Z         "tolerancePx": 6.666666666666666
al-misd-dwop-set	Print the verdict and the page digests to the log	2026-09-12T01:32:18.1470625Z       },
al-misd-dwop-set	Print the verdict and the page digests to the log	2026-09-12T01:32:18.1470844Z       "calibrationResidualPx": 0,
al-misd-dwop-set	Print the verdict and the page digests to the log	2026-09-12T01:32:18.1471170Z       "inkFractionInsidePaper": 0.05390875668449198,
al-misd-dwop-set	Print the verdict and the page digests to the log	2026-09-12T01:32:18.1471478Z       "nonblank": true,
al-misd-dwop-set	Print the verdict and the page digests to the log	2026-09-12T01:32:18.1471729Z       "croppedToThePage": true
al-misd-dwop-set	Print the verdict and the page digests to the log	2026-09-12T01:32:18.1471973Z     }
al-misd-dwop-set	Print the verdict and the page digests to the log	2026-09-12T01:32:18.1472155Z   ],
al-misd-dwop-set	Print the verdict and the page digests to the log	2026-09-12T01:32:18.1472336Z   "problems": [],
al-misd-dwop-set	Print the verdict and the page digests to the log	2026-09-12T01:32:18.1472563Z   "environmentProblems": [],
al-misd-dwop-set	Print the verdict and the page digests to the log	2026-09-12T01:32:18.1473255Z   "whatThisDoesNotDecide": "This is one gate. RASTER_PASS does not make a family PASS_COMPLETE, promotes nothing, and opens no commercial route.",
al-misd-dwop-set	Print the verdict and the page digests to the log	2026-09-12T01:32:18.1474078Z   "packetPdfsModified": 0,
al-misd-dwop-set	Print the verdict and the page digests to the log	2026-09-12T01:32:18.1474325Z   "bodiesCommitted": 0,
al-misd-dwop-set	Print the verdict and the page digests to the log	2026-09-12T01:32:18.1474579Z   "commercialRoutesOpened": 0,
al-misd-dwop-set	Print the verdict and the page digests to the log	2026-09-12T01:32:18.1474841Z   "productionTouched": false
al-misd-dwop-set	Print the verdict and the page digests to the log	2026-09-12T01:32:18.1475075Z }
al-misd-dwop-set	Print the verdict and the page digests to the log	2026-09-12T01:32:18.1475653Z ===== END VERDICT al-misd-dwop-set.verdict.json =====
al-misd-dwop-set	Print the verdict and the page digests to the log	2026-09-12T01:32:18.1476020Z ===== BEGIN PAGE DIGESTS =====
al-misd-dwop-set	Print the verdict and the page digests to the log	2026-09-12T01:32:18.1476757Z f29b146aeb3dfb4ab86b603429c2f4c56ed16535e177d24cfa82f71086b0ba7c  raster-out/al-misd-dwop-set/boundary/page-001.png
al-misd-dwop-set	Print the verdict and the page digests to the log	2026-09-12T01:32:18.1477769Z 8e8443461a26bd1a2f334b2cbe2dc7543c73d3f5092a2f007ff55bb9a006da68  raster-out/al-misd-dwop-set/boundary/page-002.png
al-misd-dwop-set	Print the verdict and the page digests to the log	2026-09-12T01:32:18.1478916Z 6f76cf070199a0e34fee78b422414d0da22eb5ccb321967f8446db908f6a4fbd  raster-out/al-misd-dwop-set/boundary/page-003.png
al-misd-dwop-set	Print the verdict and the page digests to the log	2026-09-12T01:32:18.1479904Z e6c86ba6138e7d42edc73b67b0d43e9aafdc419fd95963a439d03df6e71752a6  raster-out/al-misd-dwop-set/boundary/page-004.png
al-misd-dwop-set	Print the verdict and the page digests to the log	2026-09-12T01:32:18.1480918Z 18f8c16cf684fb84a0b33798f807be24f4618de33d8df1abb8f9cfab6aded6db  raster-out/al-misd-dwop-set/boundary/page-005.png
al-misd-dwop-set	Print the verdict and the page digests to the log	2026-09-12T01:32:18.1481911Z 16dfea476e05bf3cb4da8ff5e5902cb0e153eb85e7f176c609c0bc353d058273  raster-out/al-misd-dwop-set/boundary/page-006.png
al-misd-dwop-set	Print the verdict and the page digests to the log	2026-09-12T01:32:18.1482887Z 68a594b4e3298b1d3b2d58d9e97846aa3186721993f43d79356936aaad3899b0  raster-out/al-misd-dwop-set/boundary/page-007.png
al-misd-dwop-set	Print the verdict and the page digests to the log	2026-09-12T01:32:18.1483856Z fba565776a6bddc9e13ba86ce28c194bf6ba4482681038a98af0006cdf439d70  raster-out/al-misd-dwop-set/boundary/page-008.png
al-misd-dwop-set	Print the verdict and the page digests to the log	2026-09-12T01:32:18.1484826Z 1f5dac4144933ac2900fcd73482d0b301a1337875e44db1976d19451b0bf7734  raster-out/al-misd-dwop-set/boundary/page-009.png
al-misd-dwop-set	Print the verdict and the page digests to the log	2026-09-12T01:32:18.1486077Z 6bcb80b908fa73154fb7d739df0f88343a548779e4aa6ee61601d92b80f94b34  raster-out/al-misd-dwop-set/boundary/page-010.png
al-misd-dwop-set	Print the verdict and the page digests to the log	2026-09-12T01:32:18.1487060Z 3d8753a2fd235f0a0ce226962e7b6918fe2c75b96c62e43b0c544edec4d2f170  raster-out/al-misd-dwop-set/boundary/page-011.png
al-misd-dwop-set	Print the verdict and the page digests to the log	2026-09-12T01:32:18.1488090Z 6c67103a248fd038722d9beeca40d0921319ed598e7092591ec8b2b8e61c5969  raster-out/al-misd-dwop-set/boundary/page-calibration.png
al-misd-dwop-set	Print the verdict and the page digests to the log	2026-09-12T01:32:18.1489117Z 8b4794b781a33d5b5d50406336a51c4c25397f14fcab22efb14fcfcc7717c8f8  raster-out/al-misd-dwop-set/canonical/page-001.png
al-misd-dwop-set	Print the verdict and the page digests to the log	2026-09-12T01:32:18.1490111Z 8e8443461a26bd1a2f334b2cbe2dc7543c73d3f5092a2f007ff55bb9a006da68  raster-out/al-misd-dwop-set/canonical/page-002.png
al-misd-dwop-set	Print the verdict and the page digests to the log	2026-09-12T01:32:18.1491110Z 6f76cf070199a0e34fee78b422414d0da22eb5ccb321967f8446db908f6a4fbd  raster-out/al-misd-dwop-set/canonical/page-003.png
al-misd-dwop-set	Print the verdict and the page digests to the log	2026-09-12T01:32:18.1492101Z e6c86ba6138e7d42edc73b67b0d43e9aafdc419fd95963a439d03df6e71752a6  raster-out/al-misd-dwop-set/canonical/page-004.png
al-misd-dwop-set	Print the verdict and the page digests to the log	2026-09-12T01:32:18.1493102Z 18f8c16cf684fb84a0b33798f807be24f4618de33d8df1abb8f9cfab6aded6db  raster-out/al-misd-dwop-set/canonical/page-005.png
al-misd-dwop-set	Print the verdict and the page digests to the log	2026-09-12T01:32:18.1494121Z c277aabfaa35ecd8c7fedab701ca1a9b990558df4cb3db03353babc7f9bfda43  raster-out/al-misd-dwop-set/canonical/page-006.png
al-misd-dwop-set	Print the verdict and the page digests to the log	2026-09-12T01:32:18.1495120Z 68a594b4e3298b1d3b2d58d9e97846aa3186721993f43d79356936aaad3899b0  raster-out/al-misd-dwop-set/canonical/page-007.png
al-misd-dwop-set	Print the verdict and the page digests to the log	2026-09-12T01:32:18.1496330Z fba565776a6bddc9e13ba86ce28c194bf6ba4482681038a98af0006cdf439d70  raster-out/al-misd-dwop-set/canonical/page-008.png
al-misd-dwop-set	Print the verdict and the page digests to the log	2026-09-12T01:32:18.1497322Z 10c55e4dfdd90530fff8db9690252b795f392d4fd9b05f7705d96a55e0e7bf91  raster-out/al-misd-dwop-set/canonical/page-009.png
al-misd-dwop-set	Print the verdict and the page digests to the log	2026-09-12T01:32:18.1498317Z 3a656c7e97655b5af51a010e2371e45bdb12c54eb11b32ee04a10c152b09fc3b  raster-out/al-misd-dwop-set/canonical/page-010.png
al-misd-dwop-set	Print the verdict and the page digests to the log	2026-09-12T01:32:18.1499309Z 3d8753a2fd235f0a0ce226962e7b6918fe2c75b96c62e43b0c544edec4d2f170  raster-out/al-misd-dwop-set/canonical/page-011.png
al-misd-dwop-set	Print the verdict and the page digests to the log	2026-09-12T01:32:18.1500365Z 6c67103a248fd038722d9beeca40d0921319ed598e7092591ec8b2b8e61c5969  raster-out/al-misd-dwop-set/canonical/page-calibration.png
al-misd-dwop-set	Print the verdict and the page digests to the log	2026-09-12T01:32:18.1501001Z ===== END PAGE DIGESTS =====
al-misd-dwop-set	Refuse a modified packet byte	﻿2026-09-12T01:32:18.1526873Z ##[group]Run set -euo pipefail
al-misd-dwop-set	Refuse a modified packet byte	2026-09-12T01:32:18.1527204Z ^[[36;1mset -euo pipefail^[[0m
al-misd-dwop-set	Refuse a modified packet byte	2026-09-12T01:32:18.1527569Z ^[[36;1m# The render writes only under raster-out/. If a tracked file moved,^[[0m
al-misd-dwop-set	Refuse a modified packet byte	2026-09-12T01:32:18.1527987Z ^[[36;1m# something wrote where it must not.^[[0m
al-misd-dwop-set	Refuse a modified packet byte	2026-09-12T01:32:18.1528328Z ^[[36;1mgit diff --quiet && git diff --cached --quiet \^[[0m
al-misd-dwop-set	Refuse a modified packet byte	2026-09-12T01:32:18.1528823Z ^[[36;1m  || { echo "REFUSED: the render modified tracked files"; git status --porcelain; exit 1; }^[[0m
al-misd-dwop-set	Refuse a modified packet byte	2026-09-12T01:32:18.1565848Z shell: /usr/bin/bash -e {0}
al-misd-dwop-set	Refuse a modified packet byte	2026-09-12T01:32:18.1566112Z env:
al-misd-dwop-set	Refuse a modified packet byte	2026-09-12T01:32:18.1566379Z   pythonLocation: /opt/hostedtoolcache/Python/3.12.14/x64
al-misd-dwop-set	Refuse a modified packet byte	2026-09-12T01:32:18.1566828Z   PKG_CONFIG_PATH: /opt/hostedtoolcache/Python/3.12.14/x64/lib/pkgconfig
al-misd-dwop-set	Refuse a modified packet byte	2026-09-12T01:32:18.1567262Z   Python_ROOT_DIR: /opt/hostedtoolcache/Python/3.12.14/x64
al-misd-dwop-set	Refuse a modified packet byte	2026-09-12T01:32:18.1567671Z   Python2_ROOT_DIR: /opt/hostedtoolcache/Python/3.12.14/x64
al-misd-dwop-set	Refuse a modified packet byte	2026-09-12T01:32:18.1568058Z   Python3_ROOT_DIR: /opt/hostedtoolcache/Python/3.12.14/x64
al-misd-dwop-set	Refuse a modified packet byte	2026-09-12T01:32:18.1568491Z   LD_LIBRARY_PATH: /opt/hostedtoolcache/Python/3.12.14/x64/lib
al-misd-dwop-set	Refuse a modified packet byte	2026-09-12T01:32:18.1568905Z   PLAYWRIGHT_BROWSERS_PATH: /home/runner/.cache/ms-playwright
al-misd-dwop-set	Refuse a modified packet byte	2026-09-12T01:32:18.1569241Z ##[endgroup]
al-misd-dwop-set	Artifact-safe label for this family	﻿2026-09-12T01:32:18.5429796Z ##[group]Run printf 'FAMILY_SLUG=%s\n' "$(printf '%s' "$FAMILY" | tr -c 'A-Za-z0-9._-' '_')" >> "$GITHUB_ENV"
al-misd-dwop-set	Artifact-safe label for this family	2026-09-12T01:32:18.5430522Z ^[[36;1mprintf 'FAMILY_SLUG=%s\n' "$(printf '%s' "$FAMILY" | tr -c 'A-Za-z0-9._-' '_')" >> "$GITHUB_ENV"^[[0m
al-misd-dwop-set	Artifact-safe label for this family	2026-09-12T01:32:18.5468874Z shell: /usr/bin/bash -e {0}
al-misd-dwop-set	Artifact-safe label for this family	2026-09-12T01:32:18.5469146Z env:
al-misd-dwop-set	Artifact-safe label for this family	2026-09-12T01:32:18.5469411Z   pythonLocation: /opt/hostedtoolcache/Python/3.12.14/x64
al-misd-dwop-set	Artifact-safe label for this family	2026-09-12T01:32:18.5469860Z   PKG_CONFIG_PATH: /opt/hostedtoolcache/Python/3.12.14/x64/lib/pkgconfig
al-misd-dwop-set	Artifact-safe label for this family	2026-09-12T01:32:18.5470306Z   Python_ROOT_DIR: /opt/hostedtoolcache/Python/3.12.14/x64
al-misd-dwop-set	Artifact-safe label for this family	2026-09-12T01:32:18.5470707Z   Python2_ROOT_DIR: /opt/hostedtoolcache/Python/3.12.14/x64
al-misd-dwop-set	Artifact-safe label for this family	2026-09-12T01:32:18.5471104Z   Python3_ROOT_DIR: /opt/hostedtoolcache/Python/3.12.14/x64
al-misd-dwop-set	Artifact-safe label for this family	2026-09-12T01:32:18.5471492Z   LD_LIBRARY_PATH: /opt/hostedtoolcache/Python/3.12.14/x64/lib
al-misd-dwop-set	Artifact-safe label for this family	2026-09-12T01:32:18.5471896Z   PLAYWRIGHT_BROWSERS_PATH: /home/runner/.cache/ms-playwright
al-misd-dwop-set	Artifact-safe label for this family	2026-09-12T01:32:18.5472246Z   FAMILY: al-misd-dwop-set
al-misd-dwop-set	Artifact-safe label for this family	2026-09-12T01:32:18.5472516Z ##[endgroup]
al-misd-dwop-set	Run actions/upload-artifact@v4	﻿2026-09-12T01:32:18.5599268Z Node 20 is being deprecated. This workflow is running with Node 24 by default. If you need to temporarily use Node 20, you can set the ACTIONS_ALLOW_USE_UNSECURE_NODE_VERSION=true environment variable. For more information see: https://github.blog/changelog/2025-09-19-deprecation-of-node-20-on-github-actions-runners/
al-misd-dwop-set	Run actions/upload-artifact@v4	2026-09-12T01:32:18.5600636Z ##[group]Run actions/upload-artifact@v4
al-misd-dwop-set	Run actions/upload-artifact@v4	2026-09-12T01:32:18.5600907Z with:
al-misd-dwop-set	Run actions/upload-artifact@v4	2026-09-12T01:32:18.5601140Z   name: rcap-raster-al-misd-dwop-set-34664588051
al-misd-dwop-set	Run actions/upload-artifact@v4	2026-09-12T01:32:18.5601445Z   path: raster-out/
al-misd-dwop-set	Run actions/upload-artifact@v4	2026-09-12T01:32:18.5601657Z   if-no-files-found: error
al-misd-dwop-set	Run actions/upload-artifact@v4	2026-09-12T01:32:18.5601891Z   retention-days: 14
al-misd-dwop-set	Run actions/upload-artifact@v4	2026-09-12T01:32:18.5602116Z   compression-level: 6
al-misd-dwop-set	Run actions/upload-artifact@v4	2026-09-12T01:32:18.5602324Z   overwrite: false
al-misd-dwop-set	Run actions/upload-artifact@v4	2026-09-12T01:32:18.5602533Z   include-hidden-files: false
al-misd-dwop-set	Run actions/upload-artifact@v4	2026-09-12T01:32:18.5602761Z env:
al-misd-dwop-set	Run actions/upload-artifact@v4	2026-09-12T01:32:18.5603008Z   pythonLocation: /opt/hostedtoolcache/Python/3.12.14/x64
al-misd-dwop-set	Run actions/upload-artifact@v4	2026-09-12T01:32:18.5603438Z   PKG_CONFIG_PATH: /opt/hostedtoolcache/Python/3.12.14/x64/lib/pkgconfig
al-misd-dwop-set	Run actions/upload-artifact@v4	2026-09-12T01:32:18.5603896Z   Python_ROOT_DIR: /opt/hostedtoolcache/Python/3.12.14/x64
al-misd-dwop-set	Run actions/upload-artifact@v4	2026-09-12T01:32:18.5604278Z   Python2_ROOT_DIR: /opt/hostedtoolcache/Python/3.12.14/x64
al-misd-dwop-set	Run actions/upload-artifact@v4	2026-09-12T01:32:18.5604664Z   Python3_ROOT_DIR: /opt/hostedtoolcache/Python/3.12.14/x64
al-misd-dwop-set	Run actions/upload-artifact@v4	2026-09-12T01:32:18.5605050Z   LD_LIBRARY_PATH: /opt/hostedtoolcache/Python/3.12.14/x64/lib
al-misd-dwop-set	Run actions/upload-artifact@v4	2026-09-12T01:32:18.5605780Z   PLAYWRIGHT_BROWSERS_PATH: /home/runner/.cache/ms-playwright
al-misd-dwop-set	Run actions/upload-artifact@v4	2026-09-12T01:32:18.5606136Z   FAMILY_SLUG: al-misd-dwop-set
al-misd-dwop-set	Run actions/upload-artifact@v4	2026-09-12T01:32:18.5606376Z ##[endgroup]
al-misd-dwop-set	Run actions/upload-artifact@v4	2026-09-12T01:32:18.7394695Z (node:6565) [DEP0040] DeprecationWarning: The `punycode` module is deprecated. Please use a userland alternative instead.
al-misd-dwop-set	Run actions/upload-artifact@v4	2026-09-12T01:32:18.7396311Z (Use `node --trace-deprecation ...` to show where the warning was created)
al-misd-dwop-set	Run actions/upload-artifact@v4	2026-09-12T01:32:18.7558125Z With the provided path, there will be 30 files uploaded
al-misd-dwop-set	Run actions/upload-artifact@v4	2026-09-12T01:32:18.7565830Z Artifact name is valid!
al-misd-dwop-set	Run actions/upload-artifact@v4	2026-09-12T01:32:18.7566721Z Root directory input is valid!
al-misd-dwop-set	Run actions/upload-artifact@v4	2026-09-12T01:32:19.1429749Z Beginning upload of artifact content to blob storage
al-misd-dwop-set	Run actions/upload-artifact@v4	2026-09-12T01:32:19.4713971Z (node:6565) [DEP0169] DeprecationWarning: `url.parse()` behavior is not standardized and prone to errors that have security implications. Use the WHATWG URL API instead. CVEs are not issued for `url.parse()` vulnerabilities.
al-misd-dwop-set	Run actions/upload-artifact@v4	2026-09-12T01:32:20.4874205Z Uploaded bytes 8388608
al-misd-dwop-set	Run actions/upload-artifact@v4	2026-09-12T01:32:20.6468403Z Uploaded bytes 11417812
al-misd-dwop-set	Run actions/upload-artifact@v4	2026-09-12T01:32:20.7252301Z Finished uploading artifact content to blob storage!
al-misd-dwop-set	Run actions/upload-artifact@v4	2026-09-12T01:32:20.7254444Z SHA256 digest of uploaded artifact zip is 29e4548410f98dfddac9648a6405678b54d9e55f5c71b5308b20da022378136a
al-misd-dwop-set	Run actions/upload-artifact@v4	2026-09-12T01:32:20.7270191Z Finalizing artifact upload
al-misd-dwop-set	Run actions/upload-artifact@v4	2026-09-12T01:32:20.9731703Z Artifact rcap-raster-al-misd-dwop-set-34664588051.zip successfully finalized. Artifact ID 10288795980
al-misd-dwop-set	Run actions/upload-artifact@v4	2026-09-12T01:32:20.9733997Z Artifact rcap-raster-al-misd-dwop-set-34664588051 has been successfully uploaded! Final size is 11417812 bytes. Artifact ID is 10288795980
al-misd-dwop-set	Run actions/upload-artifact@v4	2026-09-12T01:32:20.9739258Z Artifact download URL: https://github.com/Roger-LegalEase/legalease-partner-dashboard-clean/actions/runs/34664588051/artifacts/10288795980
al-misd-dwop-set	Post Run actions/setup-python@v5	﻿2026-09-12T01:32:20.9940072Z Node 20 is being deprecated. This workflow is running with Node 24 by default. If you need to temporarily use Node 20, you can set the ACTIONS_ALLOW_USE_UNSECURE_NODE_VERSION=true environment variable. For more information see: https://github.blog/changelog/2025-09-19-deprecation-of-node-20-on-github-actions-runners/
al-misd-dwop-set	Post Run actions/setup-python@v5	2026-09-12T01:32:20.9941399Z Post job cleanup.
al-misd-dwop-set	Post Run actions/setup-python@v5	2026-09-12T01:32:21.1224035Z (node:6578) [DEP0040] DeprecationWarning: The `punycode` module is deprecated. Please use a userland alternative instead.
al-misd-dwop-set	Post Run actions/setup-python@v5	2026-09-12T01:32:21.1225080Z (Use `node --trace-deprecation ...` to show where the warning was created)
al-misd-dwop-set	Post Run actions/setup-node@v4	﻿2026-09-12T01:32:21.1400220Z Node 20 is being deprecated. This workflow is running with Node 24 by default. If you need to temporarily use Node 20, you can set the ACTIONS_ALLOW_USE_UNSECURE_NODE_VERSION=true environment variable. For more information see: https://github.blog/changelog/2025-09-19-deprecation-of-node-20-on-github-actions-runners/
al-misd-dwop-set	Post Run actions/setup-node@v4	2026-09-12T01:32:21.1401563Z Post job cleanup.
al-misd-dwop-set	Post Run actions/setup-node@v4	2026-09-12T01:32:21.2644440Z (node:6586) [DEP0040] DeprecationWarning: The `punycode` module is deprecated. Please use a userland alternative instead.
al-misd-dwop-set	Post Run actions/setup-node@v4	2026-09-12T01:32:21.2645728Z (Use `node --trace-deprecation ...` to show where the warning was created)
al-misd-dwop-set	Post Run actions/checkout@v4	﻿2026-09-12T01:32:21.2818803Z Node 20 is being deprecated. This workflow is running with Node 24 by default. If you need to temporarily use Node 20, you can set the ACTIONS_ALLOW_USE_UNSECURE_NODE_VERSION=true environment variable. For more information see: https://github.blog/changelog/2025-09-19-deprecation-of-node-20-on-github-actions-runners/
al-misd-dwop-set	Post Run actions/checkout@v4	2026-09-12T01:32:21.2820129Z Post job cleanup.
al-misd-dwop-set	Post Run actions/checkout@v4	2026-09-12T01:32:21.3856004Z [command]/usr/bin/git version
al-misd-dwop-set	Post Run actions/checkout@v4	2026-09-12T01:32:21.3903670Z git version 2.55.0
al-misd-dwop-set	Post Run actions/checkout@v4	2026-09-12T01:32:21.3949718Z Temporarily overriding HOME='/home/runner/work/_temp/965a378e-f88f-4188-a9e1-7248d85456aa' before making global git config changes
al-misd-dwop-set	Post Run actions/checkout@v4	2026-09-12T01:32:21.3957053Z Adding repository directory to the temporary git global config as a safe directory
al-misd-dwop-set	Post Run actions/checkout@v4	2026-09-12T01:32:21.3958730Z [command]/usr/bin/git config --global --add safe.directory /home/runner/work/legalease-partner-dashboard-clean/legalease-partner-dashboard-clean
al-misd-dwop-set	Post Run actions/checkout@v4	2026-09-12T01:32:21.4001041Z [command]/usr/bin/git config --local --name-only --get-regexp core\.sshCommand
al-misd-dwop-set	Post Run actions/checkout@v4	2026-09-12T01:32:21.4041828Z [command]/usr/bin/git submodule foreach --recursive sh -c "git config --local --name-only --get-regexp 'core\.sshCommand' && git config --local --unset-all 'core.sshCommand' || :"
al-misd-dwop-set	Post Run actions/checkout@v4	2026-09-12T01:32:21.4359812Z [command]/usr/bin/git config --local --name-only --get-regexp http\.https\:\/\/github\.com\/\.extraheader
al-misd-dwop-set	Post Run actions/checkout@v4	2026-09-12T01:32:21.4389392Z http.https://github.com/.extraheader
al-misd-dwop-set	Post Run actions/checkout@v4	2026-09-12T01:32:21.4403010Z [command]/usr/bin/git config --local --unset-all http.https://github.com/.extraheader
al-misd-dwop-set	Post Run actions/checkout@v4	2026-09-12T01:32:21.4442056Z [command]/usr/bin/git submodule foreach --recursive sh -c "git config --local --name-only --get-regexp 'http\.https\:\/\/github\.com\/\.extraheader' && git config --local --unset-all 'http.https://github.com/.extraheader' || :"
al-misd-dwop-set	Post Run actions/checkout@v4	2026-09-12T01:32:21.4743610Z [command]/usr/bin/git config --local --name-only --get-regexp ^includeIf\.gitdir:
al-misd-dwop-set	Post Run actions/checkout@v4	2026-09-12T01:32:21.4806862Z [command]/usr/bin/git submodule foreach --recursive git config --local --show-origin --name-only --get-regexp remote.origin.url
al-misd-dwop-set	Complete job	﻿2026-09-12T01:32:21.5212156Z Cleaning up orphan processes
al-misd-dwop-set	Complete job	2026-09-12T01:32:21.5622602Z ##[warning]Node.js 20 is deprecated. The following actions target Node.js 20 but are being forced to run on Node.js 24: actions/checkout@v4, actions/setup-node@v4, actions/setup-python@v5, actions/upload-artifact@v4. For more information see: https://github.blog/changelog/2025-09-19-deprecation-of-node-20-on-github-actions-runners/
