nm_conviction-set	Set up job	﻿2026-09-12T00:39:46.2834385Z Current runner version: '2.337.0'
nm_conviction-set	Set up job	2026-09-12T00:39:46.2860971Z ##[group]Runner Image Provisioner
nm_conviction-set	Set up job	2026-09-12T00:39:46.2861904Z Hosted Compute Agent
nm_conviction-set	Set up job	2026-09-12T00:39:46.2862628Z Version: 20260828.587
nm_conviction-set	Set up job	2026-09-12T00:39:46.2863318Z Commit: abac92662cab4cc7352de4f9f9d2e2419aad9c29
nm_conviction-set	Set up job	2026-09-12T00:39:46.2864074Z Build Date: 2026-08-28T16:44:25Z
nm_conviction-set	Set up job	2026-09-12T00:39:46.2864868Z Worker ID: {d20e5502-6935-4043-aa27-1b2b3946fd8d}
nm_conviction-set	Set up job	2026-09-12T00:39:46.2865638Z Azure Region: eastus2
nm_conviction-set	Set up job	2026-09-12T00:39:46.2866464Z ##[endgroup]
nm_conviction-set	Set up job	2026-09-12T00:39:46.2867878Z ##[group]Operating System
nm_conviction-set	Set up job	2026-09-12T00:39:46.2868505Z Ubuntu
nm_conviction-set	Set up job	2026-09-12T00:39:46.2869203Z 24.04.5
nm_conviction-set	Set up job	2026-09-12T00:39:46.2869786Z LTS
nm_conviction-set	Set up job	2026-09-12T00:39:46.2870719Z ##[endgroup]
nm_conviction-set	Set up job	2026-09-12T00:39:46.2871326Z ##[group]Runner Image
nm_conviction-set	Set up job	2026-09-12T00:39:46.2871947Z Image: ubuntu-24.04
nm_conviction-set	Set up job	2026-09-12T00:39:46.2872596Z Version: 20260907.300.1
nm_conviction-set	Set up job	2026-09-12T00:39:46.2873723Z Included Software: https://github.com/actions/runner-images/blob/ubuntu24/20260907.300/images/ubuntu/Ubuntu2404-Readme.md
nm_conviction-set	Set up job	2026-09-12T00:39:46.2875535Z Image Release: https://github.com/actions/runner-images/releases/tag/ubuntu24%2F20260907.300
nm_conviction-set	Set up job	2026-09-12T00:39:46.2876664Z ##[endgroup]
nm_conviction-set	Set up job	2026-09-12T00:39:46.2877927Z ##[group]GITHUB_TOKEN Permissions
nm_conviction-set	Set up job	2026-09-12T00:39:46.2880350Z Contents: read
nm_conviction-set	Set up job	2026-09-12T00:39:46.2881142Z Metadata: read
nm_conviction-set	Set up job	2026-09-12T00:39:46.2881832Z ##[endgroup]
nm_conviction-set	Set up job	2026-09-12T00:39:46.2884025Z Secret source: Actions
nm_conviction-set	Set up job	2026-09-12T00:39:46.2884994Z Cache mode: write
nm_conviction-set	Set up job	2026-09-12T00:39:46.2886333Z Prepare workflow directory
nm_conviction-set	Set up job	2026-09-12T00:39:46.3207129Z Prepare all required actions
nm_conviction-set	Set up job	2026-09-12T00:39:46.3255115Z Getting action download info
nm_conviction-set	Set up job	2026-09-12T00:39:46.5326308Z Download action repository 'actions/checkout@v4' (SHA:11d5960a326750d5838078e36cf38b85af677262)
nm_conviction-set	Set up job	2026-09-12T00:39:46.6184102Z Download action repository 'actions/setup-node@v4' (SHA:49933ea5288caeca8642d1e84afbd3f7d6820020)
nm_conviction-set	Set up job	2026-09-12T00:39:46.7075229Z Download action repository 'actions/setup-python@v5' (SHA:a26af69be951a213d495a4c3e4e4022e16d87065)
nm_conviction-set	Set up job	2026-09-12T00:39:46.7931034Z Download action repository 'actions/upload-artifact@v4' (SHA:ea165f8d65b6e75b540449e92b4886f43607fa02)
nm_conviction-set	Set up job	2026-09-12T00:39:47.0216589Z Complete job name: nm_conviction-set
nm_conviction-set	Run actions/checkout@v4	﻿2026-09-12T00:39:47.0926999Z Node 20 is being deprecated. This workflow is running with Node 24 by default. If you need to temporarily use Node 20, you can set the ACTIONS_ALLOW_USE_UNSECURE_NODE_VERSION=true environment variable. For more information see: https://github.blog/changelog/2025-09-19-deprecation-of-node-20-on-github-actions-runners/
nm_conviction-set	Run actions/checkout@v4	2026-09-12T00:39:47.0936017Z ##[group]Run actions/checkout@v4
nm_conviction-set	Run actions/checkout@v4	2026-09-12T00:39:47.0936741Z with:
nm_conviction-set	Run actions/checkout@v4	2026-09-12T00:39:47.0937218Z   ref: 900e79e966556b6286c360f95fbaeaddb85271b3
nm_conviction-set	Run actions/checkout@v4	2026-09-12T00:39:47.0937992Z   repository: Roger-LegalEase/legalease-partner-dashboard-clean
nm_conviction-set	Run actions/checkout@v4	2026-09-12T00:39:47.0942374Z   token: ***
nm_conviction-set	Run actions/checkout@v4	2026-09-12T00:39:47.0942814Z   ssh-strict: true
nm_conviction-set	Run actions/checkout@v4	2026-09-12T00:39:47.0943250Z   ssh-user: git
nm_conviction-set	Run actions/checkout@v4	2026-09-12T00:39:47.0943696Z   persist-credentials: true
nm_conviction-set	Run actions/checkout@v4	2026-09-12T00:39:47.0944177Z   clean: true
nm_conviction-set	Run actions/checkout@v4	2026-09-12T00:39:47.0944646Z   sparse-checkout-cone-mode: true
nm_conviction-set	Run actions/checkout@v4	2026-09-12T00:39:47.0945166Z   fetch-depth: 1
nm_conviction-set	Run actions/checkout@v4	2026-09-12T00:39:47.0945594Z   fetch-tags: false
nm_conviction-set	Run actions/checkout@v4	2026-09-12T00:39:47.0946376Z   show-progress: true
nm_conviction-set	Run actions/checkout@v4	2026-09-12T00:39:47.0946858Z   lfs: false
nm_conviction-set	Run actions/checkout@v4	2026-09-12T00:39:47.0947274Z   submodules: false
nm_conviction-set	Run actions/checkout@v4	2026-09-12T00:39:47.0947717Z   set-safe-directory: true
nm_conviction-set	Run actions/checkout@v4	2026-09-12T00:39:47.0948220Z   allow-unsafe-pr-checkout: false
nm_conviction-set	Run actions/checkout@v4	2026-09-12T00:39:47.0949056Z ##[endgroup]
nm_conviction-set	Run actions/checkout@v4	2026-09-12T00:39:47.1915927Z Syncing repository: Roger-LegalEase/legalease-partner-dashboard-clean
nm_conviction-set	Run actions/checkout@v4	2026-09-12T00:39:47.1918199Z ##[group]Getting Git version info
nm_conviction-set	Run actions/checkout@v4	2026-09-12T00:39:47.1919759Z Working directory is '/home/runner/work/legalease-partner-dashboard-clean/legalease-partner-dashboard-clean'
nm_conviction-set	Run actions/checkout@v4	2026-09-12T00:39:47.1921125Z [command]/usr/bin/git version
nm_conviction-set	Run actions/checkout@v4	2026-09-12T00:39:47.1999439Z git version 2.55.0
nm_conviction-set	Run actions/checkout@v4	2026-09-12T00:39:47.2020524Z ##[endgroup]
nm_conviction-set	Run actions/checkout@v4	2026-09-12T00:39:47.2035436Z Temporarily overriding HOME='/home/runner/work/_temp/e6f75922-3653-4505-90cb-8b16c5ff86ac' before making global git config changes
nm_conviction-set	Run actions/checkout@v4	2026-09-12T00:39:47.2037892Z Adding repository directory to the temporary git global config as a safe directory
nm_conviction-set	Run actions/checkout@v4	2026-09-12T00:39:47.2040974Z [command]/usr/bin/git config --global --add safe.directory /home/runner/work/legalease-partner-dashboard-clean/legalease-partner-dashboard-clean
nm_conviction-set	Run actions/checkout@v4	2026-09-12T00:39:47.2095131Z Deleting the contents of '/home/runner/work/legalease-partner-dashboard-clean/legalease-partner-dashboard-clean'
nm_conviction-set	Run actions/checkout@v4	2026-09-12T00:39:47.2099503Z ##[group]Initializing the repository
nm_conviction-set	Run actions/checkout@v4	2026-09-12T00:39:47.2105020Z [command]/usr/bin/git init /home/runner/work/legalease-partner-dashboard-clean/legalease-partner-dashboard-clean
nm_conviction-set	Run actions/checkout@v4	2026-09-12T00:39:47.2182385Z hint: Using 'master' as the name for the initial branch. This default branch name
nm_conviction-set	Run actions/checkout@v4	2026-09-12T00:39:47.2184512Z hint: will change to "main" in Git 3.0. To configure the initial branch name
nm_conviction-set	Run actions/checkout@v4	2026-09-12T00:39:47.2186393Z hint: to use in all of your new repositories, which will suppress this warning,
nm_conviction-set	Run actions/checkout@v4	2026-09-12T00:39:47.2187660Z hint: call:
nm_conviction-set	Run actions/checkout@v4	2026-09-12T00:39:47.2188517Z hint:
nm_conviction-set	Run actions/checkout@v4	2026-09-12T00:39:47.2189282Z hint: 	git config --global init.defaultBranch <name>
nm_conviction-set	Run actions/checkout@v4	2026-09-12T00:39:47.2190065Z hint:
nm_conviction-set	Run actions/checkout@v4	2026-09-12T00:39:47.2190825Z hint: Names commonly chosen instead of 'master' are 'main', 'trunk' and
nm_conviction-set	Run actions/checkout@v4	2026-09-12T00:39:47.2191906Z hint: 'development'. The just-created branch can be renamed via this command:
nm_conviction-set	Run actions/checkout@v4	2026-09-12T00:39:47.2192794Z hint:
nm_conviction-set	Run actions/checkout@v4	2026-09-12T00:39:47.2193359Z hint: 	git branch -m <name>
nm_conviction-set	Run actions/checkout@v4	2026-09-12T00:39:47.2194162Z hint:
nm_conviction-set	Run actions/checkout@v4	2026-09-12T00:39:47.2195063Z hint: Disable this message with "git config set advice.defaultBranchName false"
nm_conviction-set	Run actions/checkout@v4	2026-09-12T00:39:47.2196914Z Initialized empty Git repository in /home/runner/work/legalease-partner-dashboard-clean/legalease-partner-dashboard-clean/.git/
nm_conviction-set	Run actions/checkout@v4	2026-09-12T00:39:47.2199100Z [command]/usr/bin/git remote add origin https://github.com/Roger-LegalEase/legalease-partner-dashboard-clean
nm_conviction-set	Run actions/checkout@v4	2026-09-12T00:39:47.2237733Z ##[endgroup]
nm_conviction-set	Run actions/checkout@v4	2026-09-12T00:39:47.2238553Z ##[group]Disabling automatic garbage collection
nm_conviction-set	Run actions/checkout@v4	2026-09-12T00:39:47.2242017Z [command]/usr/bin/git config --local gc.auto 0
nm_conviction-set	Run actions/checkout@v4	2026-09-12T00:39:47.2273817Z ##[endgroup]
nm_conviction-set	Run actions/checkout@v4	2026-09-12T00:39:47.2274619Z ##[group]Setting up auth
nm_conviction-set	Run actions/checkout@v4	2026-09-12T00:39:47.2281053Z [command]/usr/bin/git config --local --name-only --get-regexp core\.sshCommand
nm_conviction-set	Run actions/checkout@v4	2026-09-12T00:39:47.2314795Z [command]/usr/bin/git submodule foreach --recursive sh -c "git config --local --name-only --get-regexp 'core\.sshCommand' && git config --local --unset-all 'core.sshCommand' || :"
nm_conviction-set	Run actions/checkout@v4	2026-09-12T00:39:47.2669769Z [command]/usr/bin/git config --local --name-only --get-regexp http\.https\:\/\/github\.com\/\.extraheader
nm_conviction-set	Run actions/checkout@v4	2026-09-12T00:39:47.2722410Z [command]/usr/bin/git submodule foreach --recursive sh -c "git config --local --name-only --get-regexp 'http\.https\:\/\/github\.com\/\.extraheader' && git config --local --unset-all 'http.https://github.com/.extraheader' || :"
nm_conviction-set	Run actions/checkout@v4	2026-09-12T00:39:47.2985885Z [command]/usr/bin/git config --local --name-only --get-regexp ^includeIf\.gitdir:
nm_conviction-set	Run actions/checkout@v4	2026-09-12T00:39:47.3028904Z [command]/usr/bin/git submodule foreach --recursive git config --local --show-origin --name-only --get-regexp remote.origin.url
nm_conviction-set	Run actions/checkout@v4	2026-09-12T00:39:47.3289293Z [command]/usr/bin/git config --local http.https://github.com/.extraheader AUTHORIZATION: basic ***
nm_conviction-set	Run actions/checkout@v4	2026-09-12T00:39:47.3333116Z ##[endgroup]
nm_conviction-set	Run actions/checkout@v4	2026-09-12T00:39:47.3334585Z ##[group]Fetching the repository
nm_conviction-set	Run actions/checkout@v4	2026-09-12T00:39:47.3343980Z [command]/usr/bin/git -c protocol.version=2 fetch --no-tags --prune --no-recurse-submodules --depth=1 origin 900e79e966556b6286c360f95fbaeaddb85271b3
nm_conviction-set	Run actions/checkout@v4	2026-09-12T00:40:51.2883231Z From https://github.com/Roger-LegalEase/legalease-partner-dashboard-clean
nm_conviction-set	Run actions/checkout@v4	2026-09-12T00:40:51.2884734Z  * branch              900e79e966556b6286c360f95fbaeaddb85271b3 -> FETCH_HEAD
nm_conviction-set	Run actions/checkout@v4	2026-09-12T00:40:51.2890609Z ##[endgroup]
nm_conviction-set	Run actions/checkout@v4	2026-09-12T00:40:51.2891481Z ##[group]Determining the checkout info
nm_conviction-set	Run actions/checkout@v4	2026-09-12T00:40:51.2892214Z ##[endgroup]
nm_conviction-set	Run actions/checkout@v4	2026-09-12T00:40:51.2897163Z [command]/usr/bin/git sparse-checkout disable
nm_conviction-set	Run actions/checkout@v4	2026-09-12T00:40:51.2948513Z [command]/usr/bin/git config --local --unset-all extensions.worktreeConfig
nm_conviction-set	Run actions/checkout@v4	2026-09-12T00:40:51.2985460Z ##[group]Checking out the ref
nm_conviction-set	Run actions/checkout@v4	2026-09-12T00:40:51.2990749Z [command]/usr/bin/git checkout --progress --force 900e79e966556b6286c360f95fbaeaddb85271b3
nm_conviction-set	Run actions/checkout@v4	2026-09-12T00:40:52.3802938Z Updating files:  12% (2918/23952)
nm_conviction-set	Run actions/checkout@v4	2026-09-12T00:40:52.4349181Z Updating files:  13% (3114/23952)
nm_conviction-set	Run actions/checkout@v4	2026-09-12T00:40:52.5094921Z Updating files:  14% (3354/23952)
nm_conviction-set	Run actions/checkout@v4	2026-09-12T00:40:52.5928067Z Updating files:  15% (3593/23952)
nm_conviction-set	Run actions/checkout@v4	2026-09-12T00:40:52.6586090Z Updating files:  16% (3833/23952)
nm_conviction-set	Run actions/checkout@v4	2026-09-12T00:40:52.7513201Z Updating files:  17% (4072/23952)
nm_conviction-set	Run actions/checkout@v4	2026-09-12T00:40:52.8631024Z Updating files:  18% (4312/23952)
nm_conviction-set	Run actions/checkout@v4	2026-09-12T00:40:53.0464099Z Updating files:  19% (4551/23952)
nm_conviction-set	Run actions/checkout@v4	2026-09-12T00:40:53.1743128Z Updating files:  20% (4791/23952)
nm_conviction-set	Run actions/checkout@v4	2026-09-12T00:40:53.3401809Z Updating files:  21% (5030/23952)
nm_conviction-set	Run actions/checkout@v4	2026-09-12T00:40:53.3669279Z Updating files:  21% (5238/23952)
nm_conviction-set	Run actions/checkout@v4	2026-09-12T00:40:53.4423277Z Updating files:  22% (5270/23952)
nm_conviction-set	Run actions/checkout@v4	2026-09-12T00:40:53.5042894Z Updating files:  23% (5509/23952)
nm_conviction-set	Run actions/checkout@v4	2026-09-12T00:40:53.5851163Z Updating files:  24% (5749/23952)
nm_conviction-set	Run actions/checkout@v4	2026-09-12T00:40:53.6695365Z Updating files:  25% (5988/23952)
nm_conviction-set	Run actions/checkout@v4	2026-09-12T00:40:53.7944204Z Updating files:  26% (6228/23952)
nm_conviction-set	Run actions/checkout@v4	2026-09-12T00:40:53.9227551Z Updating files:  27% (6468/23952)
nm_conviction-set	Run actions/checkout@v4	2026-09-12T00:40:54.1375695Z Updating files:  28% (6707/23952)
nm_conviction-set	Run actions/checkout@v4	2026-09-12T00:40:54.2595895Z Updating files:  29% (6947/23952)
nm_conviction-set	Run actions/checkout@v4	2026-09-12T00:40:54.3406655Z Updating files:  30% (7186/23952)
nm_conviction-set	Run actions/checkout@v4	2026-09-12T00:40:54.3889356Z Updating files:  30% (7318/23952)
nm_conviction-set	Run actions/checkout@v4	2026-09-12T00:40:54.4933202Z Updating files:  31% (7426/23952)
nm_conviction-set	Run actions/checkout@v4	2026-09-12T00:40:54.5330589Z Updating files:  32% (7665/23952)
nm_conviction-set	Run actions/checkout@v4	2026-09-12T00:40:54.6412842Z Updating files:  33% (7905/23952)
nm_conviction-set	Run actions/checkout@v4	2026-09-12T00:40:54.7090521Z Updating files:  34% (8144/23952)
nm_conviction-set	Run actions/checkout@v4	2026-09-12T00:40:54.7584976Z Updating files:  35% (8384/23952)
nm_conviction-set	Run actions/checkout@v4	2026-09-12T00:40:54.7985291Z Updating files:  36% (8623/23952)
nm_conviction-set	Run actions/checkout@v4	2026-09-12T00:40:54.8895355Z Updating files:  37% (8863/23952)
nm_conviction-set	Run actions/checkout@v4	2026-09-12T00:40:54.9416624Z Updating files:  38% (9102/23952)
nm_conviction-set	Run actions/checkout@v4	2026-09-12T00:40:54.9701108Z Updating files:  39% (9342/23952)
nm_conviction-set	Run actions/checkout@v4	2026-09-12T00:40:55.0118082Z Updating files:  40% (9581/23952)
nm_conviction-set	Run actions/checkout@v4	2026-09-12T00:40:55.0361357Z Updating files:  41% (9821/23952)
nm_conviction-set	Run actions/checkout@v4	2026-09-12T00:40:55.0527213Z Updating files:  42% (10060/23952)
nm_conviction-set	Run actions/checkout@v4	2026-09-12T00:40:55.0782838Z Updating files:  43% (10300/23952)
nm_conviction-set	Run actions/checkout@v4	2026-09-12T00:40:55.1228121Z Updating files:  44% (10539/23952)
nm_conviction-set	Run actions/checkout@v4	2026-09-12T00:40:55.1418615Z Updating files:  45% (10779/23952)
nm_conviction-set	Run actions/checkout@v4	2026-09-12T00:40:55.2796471Z Updating files:  46% (11018/23952)
nm_conviction-set	Run actions/checkout@v4	2026-09-12T00:40:55.3700807Z Updating files:  47% (11258/23952)
nm_conviction-set	Run actions/checkout@v4	2026-09-12T00:40:55.5030516Z Updating files:  47% (11300/23952)
nm_conviction-set	Run actions/checkout@v4	2026-09-12T00:40:55.5326273Z Updating files:  48% (11497/23952)
nm_conviction-set	Run actions/checkout@v4	2026-09-12T00:40:55.5509268Z Updating files:  49% (11737/23952)
nm_conviction-set	Run actions/checkout@v4	2026-09-12T00:40:55.5661648Z Updating files:  50% (11976/23952)
nm_conviction-set	Run actions/checkout@v4	2026-09-12T00:40:55.5826412Z Updating files:  51% (12216/23952)
nm_conviction-set	Run actions/checkout@v4	2026-09-12T00:40:55.6121143Z Updating files:  52% (12456/23952)
nm_conviction-set	Run actions/checkout@v4	2026-09-12T00:40:55.6568723Z Updating files:  53% (12695/23952)
nm_conviction-set	Run actions/checkout@v4	2026-09-12T00:40:55.7636873Z Updating files:  54% (12935/23952)
nm_conviction-set	Run actions/checkout@v4	2026-09-12T00:40:55.8073350Z Updating files:  55% (13174/23952)
nm_conviction-set	Run actions/checkout@v4	2026-09-12T00:40:55.8416379Z Updating files:  56% (13414/23952)
nm_conviction-set	Run actions/checkout@v4	2026-09-12T00:40:55.9120026Z Updating files:  57% (13653/23952)
nm_conviction-set	Run actions/checkout@v4	2026-09-12T00:40:55.9403961Z Updating files:  58% (13893/23952)
nm_conviction-set	Run actions/checkout@v4	2026-09-12T00:40:56.0079721Z Updating files:  59% (14132/23952)
nm_conviction-set	Run actions/checkout@v4	2026-09-12T00:40:56.1107630Z Updating files:  60% (14372/23952)
nm_conviction-set	Run actions/checkout@v4	2026-09-12T00:40:56.1876072Z Updating files:  61% (14611/23952)
nm_conviction-set	Run actions/checkout@v4	2026-09-12T00:40:56.2373185Z Updating files:  62% (14851/23952)
nm_conviction-set	Run actions/checkout@v4	2026-09-12T00:40:56.2890300Z Updating files:  63% (15090/23952)
nm_conviction-set	Run actions/checkout@v4	2026-09-12T00:40:56.3407835Z Updating files:  64% (15330/23952)
nm_conviction-set	Run actions/checkout@v4	2026-09-12T00:40:56.6512230Z Updating files:  64% (15371/23952)
nm_conviction-set	Run actions/checkout@v4	2026-09-12T00:40:57.0027686Z Updating files:  65% (15569/23952)
nm_conviction-set	Run actions/checkout@v4	2026-09-12T00:40:57.1935144Z Updating files:  66% (15809/23952)
nm_conviction-set	Run actions/checkout@v4	2026-09-12T00:40:57.3149316Z Updating files:  67% (16048/23952)
nm_conviction-set	Run actions/checkout@v4	2026-09-12T00:40:57.3459743Z Updating files:  68% (16288/23952)
nm_conviction-set	Run actions/checkout@v4	2026-09-12T00:40:57.3852397Z Updating files:  68% (16391/23952)
nm_conviction-set	Run actions/checkout@v4	2026-09-12T00:40:57.5406930Z Updating files:  69% (16527/23952)
nm_conviction-set	Run actions/checkout@v4	2026-09-12T00:40:57.5997599Z Updating files:  70% (16767/23952)
nm_conviction-set	Run actions/checkout@v4	2026-09-12T00:40:57.6305312Z Updating files:  71% (17006/23952)
nm_conviction-set	Run actions/checkout@v4	2026-09-12T00:40:57.7741665Z Updating files:  72% (17246/23952)
nm_conviction-set	Run actions/checkout@v4	2026-09-12T00:40:57.8859497Z Updating files:  73% (17485/23952)
nm_conviction-set	Run actions/checkout@v4	2026-09-12T00:40:58.0718085Z Updating files:  74% (17725/23952)
nm_conviction-set	Run actions/checkout@v4	2026-09-12T00:40:58.1306497Z Updating files:  75% (17964/23952)
nm_conviction-set	Run actions/checkout@v4	2026-09-12T00:40:58.1481961Z Updating files:  76% (18204/23952)
nm_conviction-set	Run actions/checkout@v4	2026-09-12T00:40:58.1625945Z Updating files:  77% (18444/23952)
nm_conviction-set	Run actions/checkout@v4	2026-09-12T00:40:58.1761788Z Updating files:  78% (18683/23952)
nm_conviction-set	Run actions/checkout@v4	2026-09-12T00:40:58.3270928Z Updating files:  79% (18923/23952)
nm_conviction-set	Run actions/checkout@v4	2026-09-12T00:40:58.3412968Z Updating files:  80% (19162/23952)
nm_conviction-set	Run actions/checkout@v4	2026-09-12T00:40:58.4428296Z Updating files:  80% (19180/23952)
nm_conviction-set	Run actions/checkout@v4	2026-09-12T00:40:58.5933917Z Updating files:  81% (19402/23952)
nm_conviction-set	Run actions/checkout@v4	2026-09-12T00:40:58.6547174Z Updating files:  82% (19641/23952)
nm_conviction-set	Run actions/checkout@v4	2026-09-12T00:40:58.6825617Z Updating files:  83% (19881/23952)
nm_conviction-set	Run actions/checkout@v4	2026-09-12T00:40:58.7073277Z Updating files:  84% (20120/23952)
nm_conviction-set	Run actions/checkout@v4	2026-09-12T00:40:58.7293543Z Updating files:  85% (20360/23952)
nm_conviction-set	Run actions/checkout@v4	2026-09-12T00:40:58.7503974Z Updating files:  86% (20599/23952)
nm_conviction-set	Run actions/checkout@v4	2026-09-12T00:40:58.7768466Z Updating files:  87% (20839/23952)
nm_conviction-set	Run actions/checkout@v4	2026-09-12T00:40:58.7973738Z Updating files:  88% (21078/23952)
nm_conviction-set	Run actions/checkout@v4	2026-09-12T00:40:58.8224576Z Updating files:  89% (21318/23952)
nm_conviction-set	Run actions/checkout@v4	2026-09-12T00:40:58.8512943Z Updating files:  90% (21557/23952)
nm_conviction-set	Run actions/checkout@v4	2026-09-12T00:40:58.8786292Z Updating files:  91% (21797/23952)
nm_conviction-set	Run actions/checkout@v4	2026-09-12T00:40:58.8901562Z Updating files:  92% (22036/23952)
nm_conviction-set	Run actions/checkout@v4	2026-09-12T00:40:58.9614190Z Updating files:  93% (22276/23952)
nm_conviction-set	Run actions/checkout@v4	2026-09-12T00:40:59.1986090Z Updating files:  94% (22515/23952)
nm_conviction-set	Run actions/checkout@v4	2026-09-12T00:40:59.2461649Z Updating files:  95% (22755/23952)
nm_conviction-set	Run actions/checkout@v4	2026-09-12T00:40:59.3055239Z Updating files:  96% (22994/23952)
nm_conviction-set	Run actions/checkout@v4	2026-09-12T00:40:59.3409045Z Updating files:  97% (23234/23952)
nm_conviction-set	Run actions/checkout@v4	2026-09-12T00:40:59.3580864Z Updating files:  97% (23391/23952)
nm_conviction-set	Run actions/checkout@v4	2026-09-12T00:40:59.4335596Z Updating files:  98% (23473/23952)
nm_conviction-set	Run actions/checkout@v4	2026-09-12T00:40:59.4834335Z Updating files:  99% (23713/23952)
nm_conviction-set	Run actions/checkout@v4	2026-09-12T00:40:59.4835260Z Updating files: 100% (23952/23952)
nm_conviction-set	Run actions/checkout@v4	2026-09-12T00:40:59.4836254Z Updating files: 100% (23952/23952), done.
nm_conviction-set	Run actions/checkout@v4	2026-09-12T00:40:59.5620146Z Note: switching to '900e79e966556b6286c360f95fbaeaddb85271b3'.
nm_conviction-set	Run actions/checkout@v4	2026-09-12T00:40:59.5620938Z 
nm_conviction-set	Run actions/checkout@v4	2026-09-12T00:40:59.5621533Z You are in 'detached HEAD' state. You can look around, make experimental
nm_conviction-set	Run actions/checkout@v4	2026-09-12T00:40:59.5622318Z changes and commit them, and you can discard any commits you make in this
nm_conviction-set	Run actions/checkout@v4	2026-09-12T00:40:59.5623009Z state without impacting any branches by switching back to a branch.
nm_conviction-set	Run actions/checkout@v4	2026-09-12T00:40:59.5623437Z 
nm_conviction-set	Run actions/checkout@v4	2026-09-12T00:40:59.5623735Z If you want to create a new branch to retain commits you create, you may
nm_conviction-set	Run actions/checkout@v4	2026-09-12T00:40:59.5624431Z do so (now or later) by using -c with the switch command. Example:
nm_conviction-set	Run actions/checkout@v4	2026-09-12T00:40:59.5624831Z 
nm_conviction-set	Run actions/checkout@v4	2026-09-12T00:40:59.5625000Z   git switch -c <new-branch-name>
nm_conviction-set	Run actions/checkout@v4	2026-09-12T00:40:59.5625298Z 
nm_conviction-set	Run actions/checkout@v4	2026-09-12T00:40:59.5625460Z Or undo this operation with:
nm_conviction-set	Run actions/checkout@v4	2026-09-12T00:40:59.5625929Z 
nm_conviction-set	Run actions/checkout@v4	2026-09-12T00:40:59.5626063Z   git switch -
nm_conviction-set	Run actions/checkout@v4	2026-09-12T00:40:59.5626252Z 
nm_conviction-set	Run actions/checkout@v4	2026-09-12T00:40:59.5626595Z Turn off this advice by setting config variable advice.detachedHead to false
nm_conviction-set	Run actions/checkout@v4	2026-09-12T00:40:59.5627096Z 
nm_conviction-set	Run actions/checkout@v4	2026-09-12T00:40:59.5627528Z HEAD is now at 900e79e9 raster: reuse exact canonical originals while rendering repaired boundaries
nm_conviction-set	Run actions/checkout@v4	2026-09-12T00:40:59.5853109Z ##[endgroup]
nm_conviction-set	Run actions/checkout@v4	2026-09-12T00:40:59.5918685Z [command]/usr/bin/git log -1 --format=%H
nm_conviction-set	Run actions/checkout@v4	2026-09-12T00:40:59.5948734Z 900e79e966556b6286c360f95fbaeaddb85271b3
nm_conviction-set	Refuse a movable ref and prove the checkout is the pinned commit	﻿2026-09-12T00:40:59.6168797Z ##[group]Run set -euo pipefail
nm_conviction-set	Refuse a movable ref and prove the checkout is the pinned commit	2026-09-12T00:40:59.6169187Z ^[[36;1mset -euo pipefail^[[0m
nm_conviction-set	Refuse a movable ref and prove the checkout is the pinned commit	2026-09-12T00:40:59.6169570Z ^[[36;1m# actions/checkout accepts a branch or tag here despite the input^[[0m
nm_conviction-set	Refuse a movable ref and prove the checkout is the pinned commit	2026-09-12T00:40:59.6170105Z ^[[36;1m# description. Three jobs resolve this ref independently, so a branch^[[0m
nm_conviction-set	Refuse a movable ref and prove the checkout is the pinned commit	2026-09-12T00:40:59.6170614Z ^[[36;1m# that moves mid-run would have them inspect different commits while^[[0m
nm_conviction-set	Refuse a movable ref and prove the checkout is the pinned commit	2026-09-12T00:40:59.6171300Z ^[[36;1m# every receipt recorded the literal branch name as the pin. An^[[0m
nm_conviction-set	Refuse a movable ref and prove the checkout is the pinned commit	2026-09-12T00:40:59.6171761Z ^[[36;1m# immutable 40-hex commit, verified against the checked-out HEAD, is^[[0m
nm_conviction-set	Refuse a movable ref and prove the checkout is the pinned commit	2026-09-12T00:40:59.6172186Z ^[[36;1m# the only input that makes a receipt findable again.^[[0m
nm_conviction-set	Refuse a movable ref and prove the checkout is the pinned commit	2026-09-12T00:40:59.6172516Z ^[[36;1mcase "$REF" in^[[0m
nm_conviction-set	Refuse a movable ref and prove the checkout is the pinned commit	2026-09-12T00:40:59.6172965Z ^[[36;1m  *[!0-9a-f]* | "") echo "REFUSED: commit_sha must be a full 40-character commit hash, got '$REF'"; exit 1;;^[[0m
nm_conviction-set	Refuse a movable ref and prove the checkout is the pinned commit	2026-09-12T00:40:59.6173435Z ^[[36;1mesac^[[0m
nm_conviction-set	Refuse a movable ref and prove the checkout is the pinned commit	2026-09-12T00:40:59.6173839Z ^[[36;1m[ "${#REF}" -eq 40 ] || { echo "REFUSED: commit_sha must be 40 hex characters, got ${#REF}"; exit 1; }^[[0m
nm_conviction-set	Refuse a movable ref and prove the checkout is the pinned commit	2026-09-12T00:40:59.6174351Z ^[[36;1mHEAD_SHA="$(git rev-parse HEAD)"^[[0m
nm_conviction-set	Refuse a movable ref and prove the checkout is the pinned commit	2026-09-12T00:40:59.6174807Z ^[[36;1m[ "$HEAD_SHA" = "$REF" ] || { echo "REFUSED: checked out $HEAD_SHA but the pin says $REF"; exit 1; }^[[0m
nm_conviction-set	Refuse a movable ref and prove the checkout is the pinned commit	2026-09-12T00:40:59.6175283Z ^[[36;1mecho "pinned commit confirmed: $HEAD_SHA"^[[0m
nm_conviction-set	Refuse a movable ref and prove the checkout is the pinned commit	2026-09-12T00:40:59.6218735Z shell: /usr/bin/bash -e {0}
nm_conviction-set	Refuse a movable ref and prove the checkout is the pinned commit	2026-09-12T00:40:59.6219009Z env:
nm_conviction-set	Refuse a movable ref and prove the checkout is the pinned commit	2026-09-12T00:40:59.6219251Z   REF: 900e79e966556b6286c360f95fbaeaddb85271b3
nm_conviction-set	Refuse a movable ref and prove the checkout is the pinned commit	2026-09-12T00:40:59.6219557Z ##[endgroup]
nm_conviction-set	Refuse a movable ref and prove the checkout is the pinned commit	2026-09-12T00:40:59.7079345Z pinned commit confirmed: 900e79e966556b6286c360f95fbaeaddb85271b3
nm_conviction-set	Run actions/setup-node@v4	﻿2026-09-12T00:40:59.7170003Z Node 20 is being deprecated. This workflow is running with Node 24 by default. If you need to temporarily use Node 20, you can set the ACTIONS_ALLOW_USE_UNSECURE_NODE_VERSION=true environment variable. For more information see: https://github.blog/changelog/2025-09-19-deprecation-of-node-20-on-github-actions-runners/
nm_conviction-set	Run actions/setup-node@v4	2026-09-12T00:40:59.7171534Z ##[group]Run actions/setup-node@v4
nm_conviction-set	Run actions/setup-node@v4	2026-09-12T00:40:59.7171814Z with:
nm_conviction-set	Run actions/setup-node@v4	2026-09-12T00:40:59.7172014Z   node-version: 22
nm_conviction-set	Run actions/setup-node@v4	2026-09-12T00:40:59.7172229Z   always-auth: false
nm_conviction-set	Run actions/setup-node@v4	2026-09-12T00:40:59.7172451Z   check-latest: false
nm_conviction-set	Run actions/setup-node@v4	2026-09-12T00:40:59.7175086Z   token: ***
nm_conviction-set	Run actions/setup-node@v4	2026-09-12T00:40:59.7175297Z ##[endgroup]
nm_conviction-set	Run actions/setup-node@v4	2026-09-12T00:40:59.9133440Z Found in cache @ /opt/hostedtoolcache/node/22.23.2/x64
nm_conviction-set	Run actions/setup-node@v4	2026-09-12T00:40:59.9143164Z (node:2333) [DEP0040] DeprecationWarning: The `punycode` module is deprecated. Please use a userland alternative instead.
nm_conviction-set	Run actions/setup-node@v4	2026-09-12T00:40:59.9144401Z (Use `node --trace-deprecation ...` to show where the warning was created)
nm_conviction-set	Run actions/setup-node@v4	2026-09-12T00:40:59.9147663Z ##[group]Environment details
nm_conviction-set	Run actions/setup-node@v4	2026-09-12T00:41:00.3142446Z node: v22.23.2
nm_conviction-set	Run actions/setup-node@v4	2026-09-12T00:41:00.3142932Z npm: 10.9.8
nm_conviction-set	Run actions/setup-node@v4	2026-09-12T00:41:00.3143229Z yarn: 1.22.22
nm_conviction-set	Run actions/setup-node@v4	2026-09-12T00:41:00.3144951Z ##[endgroup]
nm_conviction-set	Run npm ci --cache /tmp/npm-cache	﻿2026-09-12T00:41:00.3273278Z ##[group]Run npm ci --cache /tmp/npm-cache
nm_conviction-set	Run npm ci --cache /tmp/npm-cache	2026-09-12T00:41:00.3273627Z ^[[36;1mnpm ci --cache /tmp/npm-cache^[[0m
nm_conviction-set	Run npm ci --cache /tmp/npm-cache	2026-09-12T00:41:00.3323414Z shell: /usr/bin/bash -e {0}
nm_conviction-set	Run npm ci --cache /tmp/npm-cache	2026-09-12T00:41:00.3323691Z ##[endgroup]
nm_conviction-set	Run npm ci --cache /tmp/npm-cache	2026-09-12T00:41:19.6184208Z 
nm_conviction-set	Run npm ci --cache /tmp/npm-cache	2026-09-12T00:41:19.6193244Z added 492 packages, and audited 493 packages in 19s
nm_conviction-set	Run npm ci --cache /tmp/npm-cache	2026-09-12T00:41:19.6193706Z 
nm_conviction-set	Run npm ci --cache /tmp/npm-cache	2026-09-12T00:41:19.6194041Z 186 packages are looking for funding
nm_conviction-set	Run npm ci --cache /tmp/npm-cache	2026-09-12T00:41:19.6194582Z   run `npm fund` for details
nm_conviction-set	Run npm ci --cache /tmp/npm-cache	2026-09-12T00:41:19.8043346Z 
nm_conviction-set	Run npm ci --cache /tmp/npm-cache	2026-09-12T00:41:19.8044686Z 39 vulnerabilities (2 low, 29 moderate, 7 high, 1 critical)
nm_conviction-set	Run npm ci --cache /tmp/npm-cache	2026-09-12T00:41:19.8045148Z 
nm_conviction-set	Run npm ci --cache /tmp/npm-cache	2026-09-12T00:41:19.8045489Z To address issues that do not require attention, run:
nm_conviction-set	Run npm ci --cache /tmp/npm-cache	2026-09-12T00:41:19.8046238Z   npm audit fix
nm_conviction-set	Run npm ci --cache /tmp/npm-cache	2026-09-12T00:41:19.8046440Z 
nm_conviction-set	Run npm ci --cache /tmp/npm-cache	2026-09-12T00:41:19.8046619Z To address all issues, run:
nm_conviction-set	Run npm ci --cache /tmp/npm-cache	2026-09-12T00:41:19.8047026Z   npm audit fix --force
nm_conviction-set	Run npm ci --cache /tmp/npm-cache	2026-09-12T00:41:19.8047254Z 
nm_conviction-set	Run npm ci --cache /tmp/npm-cache	2026-09-12T00:41:19.8047434Z Run `npm audit` for details.
nm_conviction-set	Run actions/setup-python@v5	﻿2026-09-12T00:41:19.8869122Z Node 20 is being deprecated. This workflow is running with Node 24 by default. If you need to temporarily use Node 20, you can set the ACTIONS_ALLOW_USE_UNSECURE_NODE_VERSION=true environment variable. For more information see: https://github.blog/changelog/2025-09-19-deprecation-of-node-20-on-github-actions-runners/
nm_conviction-set	Run actions/setup-python@v5	2026-09-12T00:41:19.8870326Z ##[group]Run actions/setup-python@v5
nm_conviction-set	Run actions/setup-python@v5	2026-09-12T00:41:19.8870599Z with:
nm_conviction-set	Run actions/setup-python@v5	2026-09-12T00:41:19.8870972Z   python-version: 3.12
nm_conviction-set	Run actions/setup-python@v5	2026-09-12T00:41:19.8871207Z   check-latest: false
nm_conviction-set	Run actions/setup-python@v5	2026-09-12T00:41:19.8873786Z   token: ***
nm_conviction-set	Run actions/setup-python@v5	2026-09-12T00:41:19.8874011Z   update-environment: true
nm_conviction-set	Run actions/setup-python@v5	2026-09-12T00:41:19.8874265Z   allow-prereleases: false
nm_conviction-set	Run actions/setup-python@v5	2026-09-12T00:41:19.8874491Z   freethreaded: false
nm_conviction-set	Run actions/setup-python@v5	2026-09-12T00:41:19.8874711Z ##[endgroup]
nm_conviction-set	Run actions/setup-python@v5	2026-09-12T00:41:20.0209054Z ##[group]Installed versions
nm_conviction-set	Run actions/setup-python@v5	2026-09-12T00:41:20.0300661Z (node:2402) [DEP0040] DeprecationWarning: The `punycode` module is deprecated. Please use a userland alternative instead.
nm_conviction-set	Run actions/setup-python@v5	2026-09-12T00:41:20.0302001Z (Use `node --trace-deprecation ...` to show where the warning was created)
nm_conviction-set	Run actions/setup-python@v5	2026-09-12T00:41:20.0302905Z Successfully set up CPython (3.12.14)
nm_conviction-set	Run actions/setup-python@v5	2026-09-12T00:41:20.0303598Z ##[endgroup]
nm_conviction-set	Install the pinned encrypted-PDF reader	﻿2026-09-12T00:41:20.0477087Z ##[group]Run python -m pip install --disable-pip-version-check pikepdf==10.12.0
nm_conviction-set	Install the pinned encrypted-PDF reader	2026-09-12T00:41:20.0477976Z ^[[36;1mpython -m pip install --disable-pip-version-check pikepdf==10.12.0^[[0m
nm_conviction-set	Install the pinned encrypted-PDF reader	2026-09-12T00:41:20.0530737Z shell: /usr/bin/bash -e {0}
nm_conviction-set	Install the pinned encrypted-PDF reader	2026-09-12T00:41:20.0531015Z env:
nm_conviction-set	Install the pinned encrypted-PDF reader	2026-09-12T00:41:20.0531295Z   pythonLocation: /opt/hostedtoolcache/Python/3.12.14/x64
nm_conviction-set	Install the pinned encrypted-PDF reader	2026-09-12T00:41:20.0531761Z   PKG_CONFIG_PATH: /opt/hostedtoolcache/Python/3.12.14/x64/lib/pkgconfig
nm_conviction-set	Install the pinned encrypted-PDF reader	2026-09-12T00:41:20.0532217Z   Python_ROOT_DIR: /opt/hostedtoolcache/Python/3.12.14/x64
nm_conviction-set	Install the pinned encrypted-PDF reader	2026-09-12T00:41:20.0532609Z   Python2_ROOT_DIR: /opt/hostedtoolcache/Python/3.12.14/x64
nm_conviction-set	Install the pinned encrypted-PDF reader	2026-09-12T00:41:20.0532994Z   Python3_ROOT_DIR: /opt/hostedtoolcache/Python/3.12.14/x64
nm_conviction-set	Install the pinned encrypted-PDF reader	2026-09-12T00:41:20.0533369Z   LD_LIBRARY_PATH: /opt/hostedtoolcache/Python/3.12.14/x64/lib
nm_conviction-set	Install the pinned encrypted-PDF reader	2026-09-12T00:41:20.0533690Z ##[endgroup]
nm_conviction-set	Install the pinned encrypted-PDF reader	2026-09-12T00:41:20.9831509Z Collecting pikepdf==10.12.0
nm_conviction-set	Install the pinned encrypted-PDF reader	2026-09-12T00:41:21.0532537Z   Downloading pikepdf-10.12.0-cp312-cp312-manylinux_2_27_x86_64.manylinux_2_28_x86_64.whl.metadata (11 kB)
nm_conviction-set	Install the pinned encrypted-PDF reader	2026-09-12T00:41:21.2149910Z Collecting Pillow>=10.0.1 (from pikepdf==10.12.0)
nm_conviction-set	Install the pinned encrypted-PDF reader	2026-09-12T00:41:21.2225635Z   Downloading pillow-12.3.0-cp312-cp312-manylinux_2_27_x86_64.manylinux_2_28_x86_64.whl.metadata (9.1 kB)
nm_conviction-set	Install the pinned encrypted-PDF reader	2026-09-12T00:41:21.4404862Z Collecting lxml>=4.8 (from pikepdf==10.12.0)
nm_conviction-set	Install the pinned encrypted-PDF reader	2026-09-12T00:41:21.4518606Z   Downloading lxml-6.1.3-cp312-cp312-manylinux_2_26_x86_64.manylinux_2_28_x86_64.whl.metadata (3.3 kB)
nm_conviction-set	Install the pinned encrypted-PDF reader	2026-09-12T00:41:21.4723491Z Collecting packaging (from pikepdf==10.12.0)
nm_conviction-set	Install the pinned encrypted-PDF reader	2026-09-12T00:41:21.4794224Z   Downloading packaging-26.3-py3-none-any.whl.metadata (3.5 kB)
nm_conviction-set	Install the pinned encrypted-PDF reader	2026-09-12T00:41:21.4918991Z Downloading pikepdf-10.12.0-cp312-cp312-manylinux_2_27_x86_64.manylinux_2_28_x86_64.whl (2.3 MB)
nm_conviction-set	Install the pinned encrypted-PDF reader	2026-09-12T00:41:21.5391175Z    ━━━━━━━━━━━━━━━━━━━━━━━━━━━━━━━━━━━━━━━━ 2.3/2.3 MB 71.2 MB/s  0:00:00
nm_conviction-set	Install the pinned encrypted-PDF reader	2026-09-12T00:41:21.5514715Z Downloading lxml-6.1.3-cp312-cp312-manylinux_2_26_x86_64.manylinux_2_28_x86_64.whl (5.2 MB)
nm_conviction-set	Install the pinned encrypted-PDF reader	2026-09-12T00:41:21.5763588Z    ━━━━━━━━━━━━━━━━━━━━━━━━━━━━━━━━━━━━━━━━ 5.2/5.2 MB 222.0 MB/s  0:00:00
nm_conviction-set	Install the pinned encrypted-PDF reader	2026-09-12T00:41:21.5849819Z Downloading pillow-12.3.0-cp312-cp312-manylinux_2_27_x86_64.manylinux_2_28_x86_64.whl (6.9 MB)
nm_conviction-set	Install the pinned encrypted-PDF reader	2026-09-12T00:41:21.6302231Z    ━━━━━━━━━━━━━━━━━━━━━━━━━━━━━━━━━━━━━━━━ 6.9/6.9 MB 157.9 MB/s  0:00:00
nm_conviction-set	Install the pinned encrypted-PDF reader	2026-09-12T00:41:21.6378845Z Downloading packaging-26.3-py3-none-any.whl (129 kB)
nm_conviction-set	Install the pinned encrypted-PDF reader	2026-09-12T00:41:21.6991520Z Installing collected packages: Pillow, packaging, lxml, pikepdf
nm_conviction-set	Install the pinned encrypted-PDF reader	2026-09-12T00:41:22.3636689Z 
nm_conviction-set	Install the pinned encrypted-PDF reader	2026-09-12T00:41:22.3648534Z Successfully installed Pillow-12.3.0 lxml-6.1.3 packaging-26.3 pikepdf-10.12.0
nm_conviction-set	Provision the browser	﻿2026-09-12T00:41:22.4281761Z ##[group]Run set -euo pipefail
nm_conviction-set	Provision the browser	2026-09-12T00:41:22.4282099Z ^[[36;1mset -euo pipefail^[[0m
nm_conviction-set	Provision the browser	2026-09-12T00:41:22.4282453Z ^[[36;1mexport PLAYWRIGHT_BROWSERS_PATH="$HOME/.cache/ms-playwright"^[[0m
nm_conviction-set	Provision the browser	2026-09-12T00:41:22.4282908Z ^[[36;1mnpx --yes playwright install --with-deps chromium^[[0m
nm_conviction-set	Provision the browser	2026-09-12T00:41:22.4283365Z ^[[36;1mecho "PLAYWRIGHT_BROWSERS_PATH=$PLAYWRIGHT_BROWSERS_PATH" >> "$GITHUB_ENV"^[[0m
nm_conviction-set	Provision the browser	2026-09-12T00:41:22.4323579Z shell: /usr/bin/bash -e {0}
nm_conviction-set	Provision the browser	2026-09-12T00:41:22.4323830Z env:
nm_conviction-set	Provision the browser	2026-09-12T00:41:22.4324098Z   pythonLocation: /opt/hostedtoolcache/Python/3.12.14/x64
nm_conviction-set	Provision the browser	2026-09-12T00:41:22.4324526Z   PKG_CONFIG_PATH: /opt/hostedtoolcache/Python/3.12.14/x64/lib/pkgconfig
nm_conviction-set	Provision the browser	2026-09-12T00:41:22.4325135Z   Python_ROOT_DIR: /opt/hostedtoolcache/Python/3.12.14/x64
nm_conviction-set	Provision the browser	2026-09-12T00:41:22.4325517Z   Python2_ROOT_DIR: /opt/hostedtoolcache/Python/3.12.14/x64
nm_conviction-set	Provision the browser	2026-09-12T00:41:22.4326013Z   Python3_ROOT_DIR: /opt/hostedtoolcache/Python/3.12.14/x64
nm_conviction-set	Provision the browser	2026-09-12T00:41:22.4326380Z   LD_LIBRARY_PATH: /opt/hostedtoolcache/Python/3.12.14/x64/lib
nm_conviction-set	Provision the browser	2026-09-12T00:41:22.4326740Z ##[endgroup]
nm_conviction-set	Provision the browser	2026-09-12T00:41:23.1996440Z Installing dependencies...
nm_conviction-set	Provision the browser	2026-09-12T00:41:23.2060378Z Switching to root user to install dependencies...
nm_conviction-set	Provision the browser	2026-09-12T00:41:23.2979696Z Get:1 file:/etc/apt/apt-mirrors.txt Mirrorlist [144 B]
nm_conviction-set	Provision the browser	2026-09-12T00:41:23.3488354Z Get:6 https://packages.microsoft.com/ubuntu/24.04/prod noble InRelease [3600 B]
nm_conviction-set	Provision the browser	2026-09-12T00:41:23.3507235Z Hit:2 http://azure.archive.ubuntu.com/ubuntu noble InRelease
nm_conviction-set	Provision the browser	2026-09-12T00:41:23.3519573Z Get:3 http://azure.archive.ubuntu.com/ubuntu noble-updates InRelease [126 kB]
nm_conviction-set	Provision the browser	2026-09-12T00:41:23.3560778Z Get:4 http://azure.archive.ubuntu.com/ubuntu noble-backports InRelease [126 kB]
nm_conviction-set	Provision the browser	2026-09-12T00:41:23.3607078Z Get:5 http://azure.archive.ubuntu.com/ubuntu noble-security InRelease [126 kB]
nm_conviction-set	Provision the browser	2026-09-12T00:41:23.3860827Z Get:7 https://dl.google.com/linux/chrome-stable/deb stable InRelease [2548 B]
nm_conviction-set	Provision the browser	2026-09-12T00:41:23.4318581Z Get:8 https://packages.microsoft.com/ubuntu/24.04/prod noble/main amd64 Packages [463 kB]
nm_conviction-set	Provision the browser	2026-09-12T00:41:23.4497156Z Get:9 https://packages.microsoft.com/ubuntu/24.04/prod noble/main arm64 Packages [414 kB]
nm_conviction-set	Provision the browser	2026-09-12T00:41:23.5432824Z Get:10 http://azure.archive.ubuntu.com/ubuntu noble-updates/main amd64 Packages [1263 kB]
nm_conviction-set	Provision the browser	2026-09-12T00:41:23.5511758Z Get:11 http://azure.archive.ubuntu.com/ubuntu noble-updates/main Translation-en [292 kB]
nm_conviction-set	Provision the browser	2026-09-12T00:41:23.5531953Z Get:12 http://azure.archive.ubuntu.com/ubuntu noble-updates/main amd64 Components [180 kB]
nm_conviction-set	Provision the browser	2026-09-12T00:41:23.5547856Z Get:13 http://azure.archive.ubuntu.com/ubuntu noble-updates/universe amd64 Packages [1690 kB]
nm_conviction-set	Provision the browser	2026-09-12T00:41:23.5648623Z Get:14 http://azure.archive.ubuntu.com/ubuntu noble-updates/universe amd64 Components [387 kB]
nm_conviction-set	Provision the browser	2026-09-12T00:41:23.5673106Z Get:15 http://azure.archive.ubuntu.com/ubuntu noble-updates/restricted amd64 Packages [1544 kB]
nm_conviction-set	Provision the browser	2026-09-12T00:41:23.5773163Z Get:16 http://azure.archive.ubuntu.com/ubuntu noble-updates/restricted Translation-en [354 kB]
nm_conviction-set	Provision the browser	2026-09-12T00:41:23.5789733Z Get:17 http://azure.archive.ubuntu.com/ubuntu noble-updates/multiverse amd64 Components [940 B]
nm_conviction-set	Provision the browser	2026-09-12T00:41:23.5999255Z Get:18 http://azure.archive.ubuntu.com/ubuntu noble-backports/main amd64 Components [5748 B]
nm_conviction-set	Provision the browser	2026-09-12T00:41:23.6005384Z Get:19 http://azure.archive.ubuntu.com/ubuntu noble-backports/universe amd64 Components [12.6 kB]
nm_conviction-set	Provision the browser	2026-09-12T00:41:23.6958792Z Get:20 http://azure.archive.ubuntu.com/ubuntu noble-security/main amd64 Packages [1006 kB]
nm_conviction-set	Provision the browser	2026-09-12T00:41:23.7020614Z Get:21 http://azure.archive.ubuntu.com/ubuntu noble-security/main Translation-en [213 kB]
nm_conviction-set	Provision the browser	2026-09-12T00:41:23.7036422Z Get:22 http://azure.archive.ubuntu.com/ubuntu noble-security/main amd64 Components [46.5 kB]
nm_conviction-set	Provision the browser	2026-09-12T00:41:23.7045674Z Get:23 http://azure.archive.ubuntu.com/ubuntu noble-security/universe amd64 Packages [1206 kB]
nm_conviction-set	Provision the browser	2026-09-12T00:41:23.7116524Z Get:24 http://azure.archive.ubuntu.com/ubuntu noble-security/universe amd64 Components [76.3 kB]
nm_conviction-set	Provision the browser	2026-09-12T00:41:23.7148421Z Get:25 http://azure.archive.ubuntu.com/ubuntu noble-security/restricted amd64 Packages [1445 kB]
nm_conviction-set	Provision the browser	2026-09-12T00:41:23.7209474Z Get:26 http://azure.archive.ubuntu.com/ubuntu noble-security/restricted Translation-en [336 kB]
nm_conviction-set	Provision the browser	2026-09-12T00:41:23.7287273Z Get:27 https://dl.google.com/linux/chrome-stable/deb stable/main amd64 Packages [1413 B]
nm_conviction-set	Provision the browser	2026-09-12T00:41:27.9751800Z Fetched 11.3 MB in 1s (8355 kB/s)
nm_conviction-set	Provision the browser	2026-09-12T00:41:28.7608642Z Reading package lists...
nm_conviction-set	Provision the browser	2026-09-12T00:41:28.7864316Z Reading package lists...
nm_conviction-set	Provision the browser	2026-09-12T00:41:28.9748431Z Building dependency tree...
nm_conviction-set	Provision the browser	2026-09-12T00:41:28.9755976Z Reading state information...
nm_conviction-set	Provision the browser	2026-09-12T00:41:29.1294580Z libasound2t64 is already the newest version (1.2.11-1ubuntu0.3).
nm_conviction-set	Provision the browser	2026-09-12T00:41:29.1296162Z libasound2t64 set to manually installed.
nm_conviction-set	Provision the browser	2026-09-12T00:41:29.1296898Z libatk-bridge2.0-0t64 is already the newest version (2.52.0-1build1).
nm_conviction-set	Provision the browser	2026-09-12T00:41:29.1297621Z libatk-bridge2.0-0t64 set to manually installed.
nm_conviction-set	Provision the browser	2026-09-12T00:41:29.1298326Z libatk1.0-0t64 is already the newest version (2.52.0-1build1).
nm_conviction-set	Provision the browser	2026-09-12T00:41:29.1298944Z libatk1.0-0t64 set to manually installed.
nm_conviction-set	Provision the browser	2026-09-12T00:41:29.1299629Z libatspi2.0-0t64 is already the newest version (2.52.0-1build1).
nm_conviction-set	Provision the browser	2026-09-12T00:41:29.1300284Z libatspi2.0-0t64 set to manually installed.
nm_conviction-set	Provision the browser	2026-09-12T00:41:29.1301073Z libcairo2 is already the newest version (1.18.0-3build1).
nm_conviction-set	Provision the browser	2026-09-12T00:41:29.1301672Z libcairo2 set to manually installed.
nm_conviction-set	Provision the browser	2026-09-12T00:41:29.1302326Z libcups2t64 is already the newest version (2.4.7-1.2ubuntu7.14).
nm_conviction-set	Provision the browser	2026-09-12T00:41:29.1302925Z libcups2t64 set to manually installed.
nm_conviction-set	Provision the browser	2026-09-12T00:41:29.1303336Z libdbus-1-3 is already the newest version (1.14.10-4ubuntu4.1).
nm_conviction-set	Provision the browser	2026-09-12T00:41:29.1303748Z libdbus-1-3 set to manually installed.
nm_conviction-set	Provision the browser	2026-09-12T00:41:29.1304171Z libdrm2 is already the newest version (2.4.125-1ubuntu0.1~24.04.2).
nm_conviction-set	Provision the browser	2026-09-12T00:41:29.1304578Z libdrm2 set to manually installed.
nm_conviction-set	Provision the browser	2026-09-12T00:41:29.1304972Z libgbm1 is already the newest version (25.2.8-0ubuntu0.24.04.2).
nm_conviction-set	Provision the browser	2026-09-12T00:41:29.1305351Z libgbm1 set to manually installed.
nm_conviction-set	Provision the browser	2026-09-12T00:41:29.1305973Z libglib2.0-0t64 is already the newest version (2.80.0-6ubuntu3.8).
nm_conviction-set	Provision the browser	2026-09-12T00:41:29.1306392Z libglib2.0-0t64 set to manually installed.
nm_conviction-set	Provision the browser	2026-09-12T00:41:29.1306814Z libnspr4 is already the newest version (2:4.35-1.1build1).
nm_conviction-set	Provision the browser	2026-09-12T00:41:29.1307199Z libnspr4 set to manually installed.
nm_conviction-set	Provision the browser	2026-09-12T00:41:29.1307589Z libnss3 is already the newest version (2:3.98-1ubuntu0.2).
nm_conviction-set	Provision the browser	2026-09-12T00:41:29.1307957Z libnss3 set to manually installed.
nm_conviction-set	Provision the browser	2026-09-12T00:41:29.1308355Z libpango-1.0-0 is already the newest version (1.52.1+ds-1build1).
nm_conviction-set	Provision the browser	2026-09-12T00:41:29.1308757Z libpango-1.0-0 set to manually installed.
nm_conviction-set	Provision the browser	2026-09-12T00:41:29.1309148Z libx11-6 is already the newest version (2:1.8.7-1build1).
nm_conviction-set	Provision the browser	2026-09-12T00:41:29.1309519Z libx11-6 set to manually installed.
nm_conviction-set	Provision the browser	2026-09-12T00:41:29.1309877Z libxcb1 is already the newest version (1.15-1ubuntu2).
nm_conviction-set	Provision the browser	2026-09-12T00:41:29.1310229Z libxcb1 set to manually installed.
nm_conviction-set	Provision the browser	2026-09-12T00:41:29.1310634Z libxcomposite1 is already the newest version (1:0.4.5-1build3).
nm_conviction-set	Provision the browser	2026-09-12T00:41:29.1311048Z libxcomposite1 set to manually installed.
nm_conviction-set	Provision the browser	2026-09-12T00:41:29.1311450Z libxdamage1 is already the newest version (1:1.1.6-1build1).
nm_conviction-set	Provision the browser	2026-09-12T00:41:29.1311826Z libxdamage1 set to manually installed.
nm_conviction-set	Provision the browser	2026-09-12T00:41:29.1312211Z libxext6 is already the newest version (2:1.3.4-1build2).
nm_conviction-set	Provision the browser	2026-09-12T00:41:29.1312588Z libxext6 set to manually installed.
nm_conviction-set	Provision the browser	2026-09-12T00:41:29.1312977Z libxfixes3 is already the newest version (1:6.0.0-2build1).
nm_conviction-set	Provision the browser	2026-09-12T00:41:29.1313359Z libxfixes3 set to manually installed.
nm_conviction-set	Provision the browser	2026-09-12T00:41:29.1313754Z libxkbcommon0 is already the newest version (1.6.0-1build1).
nm_conviction-set	Provision the browser	2026-09-12T00:41:29.1314141Z libxkbcommon0 set to manually installed.
nm_conviction-set	Provision the browser	2026-09-12T00:41:29.1314538Z libxrandr2 is already the newest version (2:1.5.2-2build1).
nm_conviction-set	Provision the browser	2026-09-12T00:41:29.1314921Z libxrandr2 set to manually installed.
nm_conviction-set	Provision the browser	2026-09-12T00:41:29.1315324Z xvfb is already the newest version (2:21.1.12-1ubuntu1.6).
nm_conviction-set	Provision the browser	2026-09-12T00:41:29.1315970Z fonts-noto-color-emoji is already the newest version (2.047-0ubuntu0.24.04.1).
nm_conviction-set	Provision the browser	2026-09-12T00:41:29.1316745Z libfontconfig1 is already the newest version (2.15.0-1.1ubuntu2).
nm_conviction-set	Provision the browser	2026-09-12T00:41:29.1317171Z libfontconfig1 set to manually installed.
nm_conviction-set	Provision the browser	2026-09-12T00:41:29.1317613Z libfreetype6 is already the newest version (2.13.2+dfsg-1ubuntu0.1).
nm_conviction-set	Provision the browser	2026-09-12T00:41:29.1318049Z libfreetype6 set to manually installed.
nm_conviction-set	Provision the browser	2026-09-12T00:41:29.1318464Z fonts-liberation is already the newest version (1:2.1.5-3).
nm_conviction-set	Provision the browser	2026-09-12T00:41:29.1318877Z fonts-liberation set to manually installed.
nm_conviction-set	Provision the browser	2026-09-12T00:41:29.1319275Z The following additional packages will be installed:
nm_conviction-set	Provision the browser	2026-09-12T00:41:29.1319638Z   xfonts-encodings xfonts-utils
nm_conviction-set	Provision the browser	2026-09-12T00:41:29.1320075Z Recommended packages:
nm_conviction-set	Provision the browser	2026-09-12T00:41:29.1320360Z   fonts-ipafont-mincho fonts-tlwg-loma
nm_conviction-set	Provision the browser	2026-09-12T00:41:29.1497060Z The following NEW packages will be installed:
nm_conviction-set	Provision the browser	2026-09-12T00:41:29.1497647Z   fonts-freefont-ttf fonts-ipafont-gothic fonts-tlwg-loma-otf fonts-unifont
nm_conviction-set	Provision the browser	2026-09-12T00:41:29.1503121Z   fonts-wqy-zenhei xfonts-cyrillic xfonts-encodings xfonts-scalable
nm_conviction-set	Provision the browser	2026-09-12T00:41:29.1503565Z   xfonts-utils
nm_conviction-set	Provision the browser	2026-09-12T00:41:29.1689948Z 0 upgraded, 9 newly installed, 0 to remove and 50 not upgraded.
nm_conviction-set	Provision the browser	2026-09-12T00:41:29.1690661Z Need to get 21.1 MB of archives.
nm_conviction-set	Provision the browser	2026-09-12T00:41:29.1691352Z After this operation, 79.5 MB of additional disk space will be used.
nm_conviction-set	Provision the browser	2026-09-12T00:41:29.1692168Z Get:1 file:/etc/apt/apt-mirrors.txt Mirrorlist [144 B]
nm_conviction-set	Provision the browser	2026-09-12T00:41:29.1888714Z Get:2 http://azure.archive.ubuntu.com/ubuntu noble/universe amd64 fonts-ipafont-gothic all 00303-21ubuntu1 [3513 kB]
nm_conviction-set	Provision the browser	2026-09-12T00:41:29.2252992Z Get:3 http://azure.archive.ubuntu.com/ubuntu noble/main amd64 fonts-freefont-ttf all 20211204+svn4273-2 [5641 kB]
nm_conviction-set	Provision the browser	2026-09-12T00:41:29.2651618Z Get:4 http://azure.archive.ubuntu.com/ubuntu noble/universe amd64 fonts-tlwg-loma-otf all 1:0.7.3-1 [107 kB]
nm_conviction-set	Provision the browser	2026-09-12T00:41:29.2702255Z Get:5 http://azure.archive.ubuntu.com/ubuntu noble/universe amd64 fonts-unifont all 1:15.1.01-1build1 [2993 kB]
nm_conviction-set	Provision the browser	2026-09-12T00:41:29.3016820Z Get:6 http://azure.archive.ubuntu.com/ubuntu noble/universe amd64 fonts-wqy-zenhei all 0.9.45-8 [7472 kB]
nm_conviction-set	Provision the browser	2026-09-12T00:41:29.3819671Z Get:7 http://azure.archive.ubuntu.com/ubuntu noble/main amd64 xfonts-encodings all 1:1.0.5-0ubuntu2 [578 kB]
nm_conviction-set	Provision the browser	2026-09-12T00:41:29.3947009Z Get:8 http://azure.archive.ubuntu.com/ubuntu noble/main amd64 xfonts-utils amd64 1:7.7+6build3 [94.4 kB]
nm_conviction-set	Provision the browser	2026-09-12T00:41:29.3988394Z Get:9 http://azure.archive.ubuntu.com/ubuntu noble/universe amd64 xfonts-cyrillic all 1:1.0.5+nmu1 [384 kB]
nm_conviction-set	Provision the browser	2026-09-12T00:41:29.4075429Z Get:10 http://azure.archive.ubuntu.com/ubuntu noble/main amd64 xfonts-scalable all 1:1.0.3-1.3 [304 kB]
nm_conviction-set	Provision the browser	2026-09-12T00:41:29.6715969Z Fetched 21.1 MB in 0s (82.6 MB/s)
nm_conviction-set	Provision the browser	2026-09-12T00:41:29.6938289Z Selecting previously unselected package fonts-ipafont-gothic.
nm_conviction-set	Provision the browser	2026-09-12T00:41:29.7160870Z (Reading database ... 
nm_conviction-set	Provision the browser	2026-09-12T00:41:29.7161275Z (Reading database ... 5%
nm_conviction-set	Provision the browser	2026-09-12T00:41:29.7161611Z (Reading database ... 10%
nm_conviction-set	Provision the browser	2026-09-12T00:41:29.7161882Z (Reading database ... 15%
nm_conviction-set	Provision the browser	2026-09-12T00:41:29.7162131Z (Reading database ... 20%
nm_conviction-set	Provision the browser	2026-09-12T00:41:29.7162510Z (Reading database ... 25%
nm_conviction-set	Provision the browser	2026-09-12T00:41:29.7162791Z (Reading database ... 30%
nm_conviction-set	Provision the browser	2026-09-12T00:41:29.7163712Z (Reading database ... 35%
nm_conviction-set	Provision the browser	2026-09-12T00:41:29.7164267Z (Reading database ... 40%
nm_conviction-set	Provision the browser	2026-09-12T00:41:29.7164823Z (Reading database ... 45%
nm_conviction-set	Provision the browser	2026-09-12T00:41:29.7165203Z (Reading database ... 50%
nm_conviction-set	Provision the browser	2026-09-12T00:41:29.7202952Z (Reading database ... 55%
nm_conviction-set	Provision the browser	2026-09-12T00:41:29.8107525Z (Reading database ... 60%
nm_conviction-set	Provision the browser	2026-09-12T00:41:30.0060136Z (Reading database ... 65%
nm_conviction-set	Provision the browser	2026-09-12T00:41:30.1679339Z (Reading database ... 70%
nm_conviction-set	Provision the browser	2026-09-12T00:41:30.2593827Z (Reading database ... 75%
nm_conviction-set	Provision the browser	2026-09-12T00:41:30.4175194Z (Reading database ... 80%
nm_conviction-set	Provision the browser	2026-09-12T00:41:30.5572218Z (Reading database ... 85%
nm_conviction-set	Provision the browser	2026-09-12T00:41:30.7129847Z (Reading database ... 90%
nm_conviction-set	Provision the browser	2026-09-12T00:41:30.8192844Z (Reading database ... 95%
nm_conviction-set	Provision the browser	2026-09-12T00:41:30.8193258Z (Reading database ... 100%
nm_conviction-set	Provision the browser	2026-09-12T00:41:30.8193705Z (Reading database ... 201818 files and directories currently installed.)
nm_conviction-set	Provision the browser	2026-09-12T00:41:30.8240159Z Preparing to unpack .../0-fonts-ipafont-gothic_00303-21ubuntu1_all.deb ...
nm_conviction-set	Provision the browser	2026-09-12T00:41:30.8337548Z Unpacking fonts-ipafont-gothic (00303-21ubuntu1) ...
nm_conviction-set	Provision the browser	2026-09-12T00:41:31.0725952Z Selecting previously unselected package fonts-freefont-ttf.
nm_conviction-set	Provision the browser	2026-09-12T00:41:31.0857219Z Preparing to unpack .../1-fonts-freefont-ttf_20211204+svn4273-2_all.deb ...
nm_conviction-set	Provision the browser	2026-09-12T00:41:31.0864196Z Unpacking fonts-freefont-ttf (20211204+svn4273-2) ...
nm_conviction-set	Provision the browser	2026-09-12T00:41:31.1659526Z Selecting previously unselected package fonts-tlwg-loma-otf.
nm_conviction-set	Provision the browser	2026-09-12T00:41:31.1791046Z Preparing to unpack .../2-fonts-tlwg-loma-otf_1%3a0.7.3-1_all.deb ...
nm_conviction-set	Provision the browser	2026-09-12T00:41:31.1806213Z Unpacking fonts-tlwg-loma-otf (1:0.7.3-1) ...
nm_conviction-set	Provision the browser	2026-09-12T00:41:31.2014321Z Selecting previously unselected package fonts-unifont.
nm_conviction-set	Provision the browser	2026-09-12T00:41:31.2142537Z Preparing to unpack .../3-fonts-unifont_1%3a15.1.01-1build1_all.deb ...
nm_conviction-set	Provision the browser	2026-09-12T00:41:31.2149525Z Unpacking fonts-unifont (1:15.1.01-1build1) ...
nm_conviction-set	Provision the browser	2026-09-12T00:41:31.3247493Z Selecting previously unselected package fonts-wqy-zenhei.
nm_conviction-set	Provision the browser	2026-09-12T00:41:31.3378280Z Preparing to unpack .../4-fonts-wqy-zenhei_0.9.45-8_all.deb ...
nm_conviction-set	Provision the browser	2026-09-12T00:41:31.3480755Z Unpacking fonts-wqy-zenhei (0.9.45-8) ...
nm_conviction-set	Provision the browser	2026-09-12T00:41:31.8175333Z Selecting previously unselected package xfonts-encodings.
nm_conviction-set	Provision the browser	2026-09-12T00:41:31.8305452Z Preparing to unpack .../5-xfonts-encodings_1%3a1.0.5-0ubuntu2_all.deb ...
nm_conviction-set	Provision the browser	2026-09-12T00:41:31.8312010Z Unpacking xfonts-encodings (1:1.0.5-0ubuntu2) ...
nm_conviction-set	Provision the browser	2026-09-12T00:41:31.8600904Z Selecting previously unselected package xfonts-utils.
nm_conviction-set	Provision the browser	2026-09-12T00:41:31.8728960Z Preparing to unpack .../6-xfonts-utils_1%3a7.7+6build3_amd64.deb ...
nm_conviction-set	Provision the browser	2026-09-12T00:41:31.8735361Z Unpacking xfonts-utils (1:7.7+6build3) ...
nm_conviction-set	Provision the browser	2026-09-12T00:41:31.9061329Z Selecting previously unselected package xfonts-cyrillic.
nm_conviction-set	Provision the browser	2026-09-12T00:41:31.9190016Z Preparing to unpack .../7-xfonts-cyrillic_1%3a1.0.5+nmu1_all.deb ...
nm_conviction-set	Provision the browser	2026-09-12T00:41:31.9198262Z Unpacking xfonts-cyrillic (1:1.0.5+nmu1) ...
nm_conviction-set	Provision the browser	2026-09-12T00:41:31.9547193Z Selecting previously unselected package xfonts-scalable.
nm_conviction-set	Provision the browser	2026-09-12T00:41:31.9676221Z Preparing to unpack .../8-xfonts-scalable_1%3a1.0.3-1.3_all.deb ...
nm_conviction-set	Provision the browser	2026-09-12T00:41:31.9683417Z Unpacking xfonts-scalable (1:1.0.3-1.3) ...
nm_conviction-set	Provision the browser	2026-09-12T00:41:32.0088877Z Setting up fonts-wqy-zenhei (0.9.45-8) ...
nm_conviction-set	Provision the browser	2026-09-12T00:41:32.1220556Z Setting up fonts-freefont-ttf (20211204+svn4273-2) ...
nm_conviction-set	Provision the browser	2026-09-12T00:41:32.1239316Z Setting up fonts-tlwg-loma-otf (1:0.7.3-1) ...
nm_conviction-set	Provision the browser	2026-09-12T00:41:32.1255901Z Setting up xfonts-encodings (1:1.0.5-0ubuntu2) ...
nm_conviction-set	Provision the browser	2026-09-12T00:41:32.1278012Z Setting up fonts-ipafont-gothic (00303-21ubuntu1) ...
nm_conviction-set	Provision the browser	2026-09-12T00:41:32.1350093Z update-alternatives: using /usr/share/fonts/opentype/ipafont-gothic/ipag.ttf to provide /usr/share/fonts/truetype/fonts-japanese-gothic.ttf (fonts-japanese-gothic.ttf) in auto mode
nm_conviction-set	Provision the browser	2026-09-12T00:41:32.1364273Z Setting up fonts-unifont (1:15.1.01-1build1) ...
nm_conviction-set	Provision the browser	2026-09-12T00:41:32.1380973Z Setting up xfonts-utils (1:7.7+6build3) ...
nm_conviction-set	Provision the browser	2026-09-12T00:41:32.1419695Z Setting up xfonts-cyrillic (1:1.0.5+nmu1) ...
nm_conviction-set	Provision the browser	2026-09-12T00:41:32.1722247Z Setting up xfonts-scalable (1:1.0.3-1.3) ...
nm_conviction-set	Provision the browser	2026-09-12T00:41:32.2023802Z Processing triggers for man-db (2.12.0-4build2) ...
nm_conviction-set	Provision the browser	2026-09-12T00:41:32.2042098Z Not building database; man-db/auto-update is not 'true'.
nm_conviction-set	Provision the browser	2026-09-12T00:41:32.2055274Z Processing triggers for fontconfig (2.15.0-1.1ubuntu2) ...
nm_conviction-set	Provision the browser	2026-09-12T00:41:32.9174121Z 
nm_conviction-set	Provision the browser	2026-09-12T00:41:32.9174835Z Running kernel seems to be up-to-date.
nm_conviction-set	Provision the browser	2026-09-12T00:41:32.9175225Z 
nm_conviction-set	Provision the browser	2026-09-12T00:41:32.9175465Z No services need to be restarted.
nm_conviction-set	Provision the browser	2026-09-12T00:41:32.9175951Z 
nm_conviction-set	Provision the browser	2026-09-12T00:41:32.9176188Z No containers need to be restarted.
nm_conviction-set	Provision the browser	2026-09-12T00:41:32.9176510Z 
nm_conviction-set	Provision the browser	2026-09-12T00:41:32.9176793Z No user sessions are running outdated binaries.
nm_conviction-set	Provision the browser	2026-09-12T00:41:32.9177125Z 
nm_conviction-set	Provision the browser	2026-09-12T00:41:32.9177548Z No VM guests are running outdated hypervisor (qemu) binaries on this host.
nm_conviction-set	Provision the browser	2026-09-12T00:41:33.8027200Z Downloading Chrome for Testing 148.0.7778.96 (playwright chromium v1223) from https://cdn.playwright.dev/builds/cft/148.0.7778.96/linux64/chrome-linux64.zip
nm_conviction-set	Provision the browser	2026-09-12T00:41:34.8193764Z |                                                                                |   0% of 175.4 MiB
nm_conviction-set	Provision the browser	2026-09-12T00:41:34.9761627Z |■■■■■■■■                                                                        |  10% of 175.4 MiB
nm_conviction-set	Provision the browser	2026-09-12T00:41:35.0530446Z |■■■■■■■■■■■■■■■■                                                                |  20% of 175.4 MiB
nm_conviction-set	Provision the browser	2026-09-12T00:41:35.1177117Z |■■■■■■■■■■■■■■■■■■■■■■■■                                                        |  30% of 175.4 MiB
nm_conviction-set	Provision the browser	2026-09-12T00:41:35.1706980Z |■■■■■■■■■■■■■■■■■■■■■■■■■■■■■■■■                                                |  40% of 175.4 MiB
nm_conviction-set	Provision the browser	2026-09-12T00:41:35.2365598Z |■■■■■■■■■■■■■■■■■■■■■■■■■■■■■■■■■■■■■■■■                                        |  50% of 175.4 MiB
nm_conviction-set	Provision the browser	2026-09-12T00:41:35.2963014Z |■■■■■■■■■■■■■■■■■■■■■■■■■■■■■■■■■■■■■■■■■■■■■■■■                                |  60% of 175.4 MiB
nm_conviction-set	Provision the browser	2026-09-12T00:41:35.3606821Z |■■■■■■■■■■■■■■■■■■■■■■■■■■■■■■■■■■■■■■■■■■■■■■■■■■■■■■■■                        |  70% of 175.4 MiB
nm_conviction-set	Provision the browser	2026-09-12T00:41:35.4163405Z |■■■■■■■■■■■■■■■■■■■■■■■■■■■■■■■■■■■■■■■■■■■■■■■■■■■■■■■■■■■■■■■■                |  80% of 175.4 MiB
nm_conviction-set	Provision the browser	2026-09-12T00:41:35.4735566Z |■■■■■■■■■■■■■■■■■■■■■■■■■■■■■■■■■■■■■■■■■■■■■■■■■■■■■■■■■■■■■■■■■■■■■■■■        |  90% of 175.4 MiB
nm_conviction-set	Provision the browser	2026-09-12T00:41:35.5310184Z |■■■■■■■■■■■■■■■■■■■■■■■■■■■■■■■■■■■■■■■■■■■■■■■■■■■■■■■■■■■■■■■■■■■■■■■■■■■■■■■■| 100% of 175.4 MiB
nm_conviction-set	Provision the browser	2026-09-12T00:41:38.0392907Z Chrome for Testing 148.0.7778.96 (playwright chromium v1223) downloaded to /home/runner/.cache/ms-playwright/chromium-1223
nm_conviction-set	Provision the browser	2026-09-12T00:41:38.0396023Z Downloading FFmpeg (playwright ffmpeg v1011) from https://cdn.playwright.dev/dbazure/download/playwright/builds/ffmpeg/1011/ffmpeg-linux.zip
nm_conviction-set	Provision the browser	2026-09-12T00:41:39.0323919Z |                                                                                |   0% of 2.3 MiB
nm_conviction-set	Provision the browser	2026-09-12T00:41:39.0431034Z |■■■■■■■■                                                                        |  10% of 2.3 MiB
nm_conviction-set	Provision the browser	2026-09-12T00:41:39.0501333Z |■■■■■■■■■■■■■■■■                                                                |  20% of 2.3 MiB
nm_conviction-set	Provision the browser	2026-09-12T00:41:39.0559907Z |■■■■■■■■■■■■■■■■■■■■■■■■                                                        |  30% of 2.3 MiB
nm_conviction-set	Provision the browser	2026-09-12T00:41:39.0606201Z |■■■■■■■■■■■■■■■■■■■■■■■■■■■■■■■■                                                |  40% of 2.3 MiB
nm_conviction-set	Provision the browser	2026-09-12T00:41:39.0630948Z |■■■■■■■■■■■■■■■■■■■■■■■■■■■■■■■■■■■■■■■■                                        |  50% of 2.3 MiB
nm_conviction-set	Provision the browser	2026-09-12T00:41:39.0669738Z |■■■■■■■■■■■■■■■■■■■■■■■■■■■■■■■■■■■■■■■■■■■■■■■■                                |  60% of 2.3 MiB
nm_conviction-set	Provision the browser	2026-09-12T00:41:39.0682126Z |■■■■■■■■■■■■■■■■■■■■■■■■■■■■■■■■■■■■■■■■■■■■■■■■■■■■■■■■                        |  70% of 2.3 MiB
nm_conviction-set	Provision the browser	2026-09-12T00:41:39.0716128Z |■■■■■■■■■■■■■■■■■■■■■■■■■■■■■■■■■■■■■■■■■■■■■■■■■■■■■■■■■■■■■■■■                |  80% of 2.3 MiB
nm_conviction-set	Provision the browser	2026-09-12T00:41:39.0729614Z |■■■■■■■■■■■■■■■■■■■■■■■■■■■■■■■■■■■■■■■■■■■■■■■■■■■■■■■■■■■■■■■■■■■■■■■■        |  90% of 2.3 MiB
nm_conviction-set	Provision the browser	2026-09-12T00:41:39.0739674Z |■■■■■■■■■■■■■■■■■■■■■■■■■■■■■■■■■■■■■■■■■■■■■■■■■■■■■■■■■■■■■■■■■■■■■■■■■■■■■■■■| 100% of 2.3 MiB
nm_conviction-set	Provision the browser	2026-09-12T00:41:39.1303831Z FFmpeg (playwright ffmpeg v1011) downloaded to /home/runner/.cache/ms-playwright/ffmpeg-1011
nm_conviction-set	Provision the browser	2026-09-12T00:41:39.1306878Z Downloading Chrome Headless Shell 148.0.7778.96 (playwright chromium-headless-shell v1223) from https://cdn.playwright.dev/builds/cft/148.0.7778.96/linux64/chrome-headless-shell-linux64.zip
nm_conviction-set	Provision the browser	2026-09-12T00:41:40.1276743Z |                                                                                |   0% of 113.2 MiB
nm_conviction-set	Provision the browser	2026-09-12T00:41:40.2910870Z |■■■■■■■■                                                                        |  10% of 113.2 MiB
nm_conviction-set	Provision the browser	2026-09-12T00:41:40.3886798Z |■■■■■■■■■■■■■■■■                                                                |  20% of 113.2 MiB
nm_conviction-set	Provision the browser	2026-09-12T00:41:40.4715487Z |■■■■■■■■■■■■■■■■■■■■■■■■                                                        |  30% of 113.2 MiB
nm_conviction-set	Provision the browser	2026-09-12T00:41:40.5439872Z |■■■■■■■■■■■■■■■■■■■■■■■■■■■■■■■■                                                |  40% of 113.2 MiB
nm_conviction-set	Provision the browser	2026-09-12T00:41:40.6089425Z |■■■■■■■■■■■■■■■■■■■■■■■■■■■■■■■■■■■■■■■■                                        |  50% of 113.2 MiB
nm_conviction-set	Provision the browser	2026-09-12T00:41:40.6636643Z |■■■■■■■■■■■■■■■■■■■■■■■■■■■■■■■■■■■■■■■■■■■■■■■■                                |  60% of 113.2 MiB
nm_conviction-set	Provision the browser	2026-09-12T00:41:40.7128739Z |■■■■■■■■■■■■■■■■■■■■■■■■■■■■■■■■■■■■■■■■■■■■■■■■■■■■■■■■                        |  70% of 113.2 MiB
nm_conviction-set	Provision the browser	2026-09-12T00:41:40.7590396Z |■■■■■■■■■■■■■■■■■■■■■■■■■■■■■■■■■■■■■■■■■■■■■■■■■■■■■■■■■■■■■■■■                |  80% of 113.2 MiB
nm_conviction-set	Provision the browser	2026-09-12T00:41:40.8014080Z |■■■■■■■■■■■■■■■■■■■■■■■■■■■■■■■■■■■■■■■■■■■■■■■■■■■■■■■■■■■■■■■■■■■■■■■■        |  90% of 113.2 MiB
nm_conviction-set	Provision the browser	2026-09-12T00:41:40.8440714Z |■■■■■■■■■■■■■■■■■■■■■■■■■■■■■■■■■■■■■■■■■■■■■■■■■■■■■■■■■■■■■■■■■■■■■■■■■■■■■■■■| 100% of 113.2 MiB
nm_conviction-set	Provision the browser	2026-09-12T00:41:42.6631532Z Chrome Headless Shell 148.0.7778.96 (playwright chromium-headless-shell v1223) downloaded to /home/runner/.cache/ms-playwright/chromium_headless_shell-1223
nm_conviction-set	Render and measure nm_conviction-set	﻿2026-09-12T00:41:42.6908995Z ##[group]Run node scripts/rcap-raster-batch.mjs \
nm_conviction-set	Render and measure nm_conviction-set	2026-09-12T00:41:42.6909430Z ^[[36;1mnode scripts/rcap-raster-batch.mjs \^[[0m
nm_conviction-set	Render and measure nm_conviction-set	2026-09-12T00:41:42.6909771Z ^[[36;1m  --manifest "$MANIFEST_PATH" \^[[0m
nm_conviction-set	Render and measure nm_conviction-set	2026-09-12T00:41:42.6910063Z ^[[36;1m  --family "$FAMILY" \^[[0m
nm_conviction-set	Render and measure nm_conviction-set	2026-09-12T00:41:42.6910322Z ^[[36;1m  --commit "$COMMIT_SHA" \^[[0m
nm_conviction-set	Render and measure nm_conviction-set	2026-09-12T00:41:42.6910595Z ^[[36;1m  --scale "$REQUESTED_SCALE" \^[[0m
nm_conviction-set	Render and measure nm_conviction-set	2026-09-12T00:41:42.6910877Z ^[[36;1m  --run-id "$WORKFLOW_RUN_ID" \^[[0m
nm_conviction-set	Render and measure nm_conviction-set	2026-09-12T00:41:42.6911142Z ^[[36;1m  --out raster-out^[[0m
nm_conviction-set	Render and measure nm_conviction-set	2026-09-12T00:41:42.6950758Z shell: /usr/bin/bash -e {0}
nm_conviction-set	Render and measure nm_conviction-set	2026-09-12T00:41:42.6951046Z env:
nm_conviction-set	Render and measure nm_conviction-set	2026-09-12T00:41:42.6951328Z   pythonLocation: /opt/hostedtoolcache/Python/3.12.14/x64
nm_conviction-set	Render and measure nm_conviction-set	2026-09-12T00:41:42.6951787Z   PKG_CONFIG_PATH: /opt/hostedtoolcache/Python/3.12.14/x64/lib/pkgconfig
nm_conviction-set	Render and measure nm_conviction-set	2026-09-12T00:41:42.6952210Z   Python_ROOT_DIR: /opt/hostedtoolcache/Python/3.12.14/x64
nm_conviction-set	Render and measure nm_conviction-set	2026-09-12T00:41:42.6952587Z   Python2_ROOT_DIR: /opt/hostedtoolcache/Python/3.12.14/x64
nm_conviction-set	Render and measure nm_conviction-set	2026-09-12T00:41:42.6952962Z   Python3_ROOT_DIR: /opt/hostedtoolcache/Python/3.12.14/x64
nm_conviction-set	Render and measure nm_conviction-set	2026-09-12T00:41:42.6953386Z   LD_LIBRARY_PATH: /opt/hostedtoolcache/Python/3.12.14/x64/lib
nm_conviction-set	Render and measure nm_conviction-set	2026-09-12T00:41:42.6953791Z   PLAYWRIGHT_BROWSERS_PATH: /home/runner/.cache/ms-playwright
nm_conviction-set	Render and measure nm_conviction-set	2026-09-12T00:41:42.6954341Z   MANIFEST_PATH: data/rcap-grade-a/packet-factory-24h/warp-20260912/known-fact-fit/raster-manifest.json
nm_conviction-set	Render and measure nm_conviction-set	2026-09-12T00:41:42.6954837Z   FAMILY: nm_conviction-set
nm_conviction-set	Render and measure nm_conviction-set	2026-09-12T00:41:42.6955129Z   COMMIT_SHA: 900e79e966556b6286c360f95fbaeaddb85271b3
nm_conviction-set	Render and measure nm_conviction-set	2026-09-12T00:41:42.6955432Z   REQUESTED_SCALE: 2.5
nm_conviction-set	Render and measure nm_conviction-set	2026-09-12T00:41:42.6955665Z   WORKFLOW_RUN_ID: 34662168673
nm_conviction-set	Render and measure nm_conviction-set	2026-09-12T00:41:42.6956173Z ##[endgroup]
nm_conviction-set	Render and measure nm_conviction-set	2026-09-12T00:46:14.7509842Z RCAP_RECEIPT_BEGIN family=nm_conviction-set run=34662168673 commit=900e79e966556b6286c360f95fbaeaddb85271b3
nm_conviction-set	Render and measure nm_conviction-set	2026-09-12T00:46:14.7902627Z RCAP_RECEIPT_VERDICT {"schemaVersion":"rcap-raster-family-verdict/v1","familyId":"nm_conviction-set","verdict":"RASTER_PASS","packetCommitSha":"900e79e966556b6286c360f95fbaeaddb85271b3","workflowRunId":"34662168673","requestedScale":2.5,"cssPxPerPt":1.3333333333333333,"browserExecutable":"/home/runner/.cache/ms-playwright/chromium-1223/chrome-linux64/chrome","resolvedBy":"PLAYWRIGHT_BROWSERS_PATH","operatingSystem":"Linux 6.17.0-1022-azure x64","nodeVersion":"v22.23.2","hashesBound":{"canonical":{"path":"data/rcap-all50/overlays/census-v1/nm/nm-conviction-set--official-pdf-fill/fixtures/canonical.pdf","pinned":"b943cf5b16d95882e1a096504438d792fdbdddcc82acab09e58076421978658a"},"boundary":{"path":"data/rcap-all50/overlays/census-v1/nm/nm-conviction-set--official-pdf-fill/fixtures/boundary.pdf","pinned":"4d1b288fd4cd9f5857f7603554a82f3b030345c013ad559c9afc328eae8e577f"}},"documentsRendered":[{"role":"canonical","document":"canonical.pdf","path":"data/rcap-all50/overlays/census-v1/nm/nm-conviction-set--official-pdf-fill/fixtures/canonical.pdf","pinned":"b943cf5b16d95882e1a096504438d792fdbdddcc82acab09e58076421978658a","renderedInThisRun":false,"originalOrigin":{"workflowRunId":"34660850664","packetCommitSha":"918c8e041377f252910579d03c26505cce8a0335","verdictPath":"data/rcap-grade-a/packet-factory-24h/raster-runs/34660850664/nm_conviction-set.verdict.json","verdictSha256":"53a505056d02d62bc76976f217d634e9c037a97a1986a7a4b65b0d960cc86a88","artifactId":10287497306,"artifactZipSha256":"3f6252f74ad77d07fcfbd66b0e754de0002945d63a02c650ea0e5b3bd3100ef2","pages":24}},{"role":"boundary","document":"boundary.pdf","path":"data/rcap-all50/overlays/census-v1/nm/nm-conviction-set--official-pdf-fill/fixtures/boundary.pdf","pinned":"4d1b288fd4cd9f5857f7603554a82f3b030345c013ad559c9afc328eae8e577f","renderedInThisRun":true,"originalOrigin":null}],"freshRenderedDocuments":[{"role":"boundary","document":"boundary.pdf","path":"data/rcap-all50/overlays/census-v1/nm/nm-conviction-set--official-pdf-fill/fixtures/boundary.pdf","pinned":"4d1b288fd4cd9f5857f7603554a82f3b030345c013ad559c9afc328eae8e577f","renderedInThisRun":true,"originalOrigin":null}],"reusedDocuments":[{"role":"canonical","document":"canonical.pdf","path":"data/rcap-all50/overlays/census-v1/nm/nm-conviction-set--official-pdf-fill/fixtures/canonical.pdf","pinned":"b943cf5b16d95882e1a096504438d792fdbdddcc82acab09e58076421978658a","renderedInThisRun":false,"originalOrigin":{"workflowRunId":"34660850664","packetCommitSha":"918c8e041377f252910579d03c26505cce8a0335","verdictPath":"data/rcap-grade-a/packet-factory-24h/raster-runs/34660850664/nm_conviction-set.verdict.json","verdictSha256":"53a505056d02d62bc76976f217d634e9c037a97a1986a7a4b65b0d960cc86a88","artifactId":10287497306,"artifactZipSha256":"3f6252f74ad77d07fcfbd66b0e754de0002945d63a02c650ea0e5b3bd3100ef2","pages":24}}],"freshRenderedPages":24,"reusedPages":24,"documentsDigest":"86b0530450fbac9d577424cc0f60094ae456469857c7c96edc7cc0f64e4e88ba","coversTheWholeFamily":true,"decryptionTransforms":[],"decryptionRule":"An encrypted source is hashed before any transform; Poppler and qpdf must independently agree on its page count; the temporary derivative is decrypted and serialized with explicit objects, then admitted only when geometry, decoded page content, fields/widgets, and XFA remain identical; only that temporary transport is passed to pdf-lib for calibrated rendering; the queued packet bytes are never modified.","pagesMeasured":48,"measurements":[{"kind":"canonical","document":"canonical.pdf","page":1,"png":"nm_conviction-set/canonical/page-001.png","bytes":449823,"pngSha256":"b89169f2617d9c5a07e1b5a875804eccce6c4985451d10d2282c364dff0fa401","pngWidth":2040,"pngHeight":2640,"paper":{"x0":204,"y0":3,"x1":2243,"y1":2642,"width":2040,"height":2640},"pxPerPt":3.3333333333333335,"expectedPxPerPt":3.333333333333333,"pageWidthPt":612,"pageHeightPt":792,"expectedPx":{"width":2039.9999999999998,"height":2639.9999999999995,"tolerancePx":6.666666666666666},"calibrationResidualPx":0,"inkFractionInsidePaper":0.044144942067736184,"nonblank":true,"croppedToThePage":true,"renderedInThisRun":false,"evidenceOrigin":"REUSED_ORIGINAL_PAGE_EVIDENCE","originalOrigin":{"workflowRunId":"34660850664","packetCommitSha":"918c8e041377f252910579d03c26505cce8a0335","verdictPath":"data/rcap-grade-a/packet-factory-24h/raster-runs/34660850664/nm_conviction-set.verdict.json","verdictSha256":"53a505056d02d62bc76976f217d634e9c037a97a1986a7a4b65b0d960cc86a88","artifactId":10287497306,"artifactZipSha256":"3f6252f74ad77d07fcfbd66b0e754de0002945d63a02c650ea0e5b3bd3100ef2","pngMember":"nm_conviction-set/canonical/page-001.png","pngSha256":"b89169f2617d9c5a07e1b5a875804eccce6c4985451d10d2282c364dff0fa401"}},{"kind":"canonical","document":"canonical.pdf","page":2,"png":"nm_conviction-set/canonical/page-002.png","bytes":491776,"pngSha256":"dc4e4ac2c9a9b19e86d43cbb84ea1203aec7aab202d39f2fad20e73177169cea","pngWidth":2040,"pngHeight":2640,"paper":{"x0":204,"y0":3,"x1":2243,"y1":2642,"width":2040,"height":2640},"pxPerPt":3.3333333333333335,"expectedPxPerPt":3.333333333333333,"pageWidthPt":612,"pageHeightPt":792,"expectedPx":{"width":2039.9999999999998,"height":2639.9999999999995,"tolerancePx":6.666666666666666},"calibrationResidualPx":0,"inkFractionInsidePaper":0.0495248440285205,"nonblank":true,"croppedToThePage":true,"renderedInThisRun":false,"evidenceOrigin":"REUSED_ORIGINAL_PAGE_EVIDENCE","originalOrigin":{"workflowRunId":"34660850664","packetCommitSha":"918c8e041377f252910579d03c26505cce8a0335","verdictPath":"data/rcap-grade-a/packet-factory-24h/raster-runs/34660850664/nm_conviction-set.verdict.json","verdictSha256":"53a505056d02d62bc76976f217d634e9c037a97a1986a7a4b65b0d960cc86a88","artifactId":10287497306,"artifactZipSha256":"3f6252f74ad77d07fcfbd66b0e754de0002945d63a02c650ea0e5b3bd3100ef2","pngMember":"nm_conviction-set/canonical/page-002.png","pngSha256":"dc4e4ac2c9a9b19e86d43cbb84ea1203aec7aab202d39f2fad20e73177169cea"}},{"kind":"canonical","document":"canonical.pdf","page":3,"png":"nm_conviction-set/canonical/page-003.png","bytes":596791,"pngSha256":"cb5031b5b752695d18801dc2e754024d14b9ece6af58529d3bd9f503f1be18c3","pngWidth":2040,"pngHeight":2640,"paper":{"x0":204,"y0":3,"x1":2243,"y1":2642,"width":2040,"height":2640},"pxPerPt":3.3333333333333335,"expectedPxPerPt":3.333333333333333,"pageWidthPt":612,"pageHeightPt":792,"expectedPx":{"width":2039.9999999999998,"height":2639.9999999999995,"tolerancePx":6.666666666666666},"calibrationResidualPx":0,"inkFractionInsidePaper":0.056620617944147356,"nonblank":true,"croppedToThePage":true,"renderedInThisRun":false,"evidenceOrigin":"REUSED_ORIGINAL_PAGE_EVIDENCE","originalOrigin":{"workflowRunId":"34660850664","packetCommitSha":"918c8e041377f252910579d03c26505cce8a0335","verdictPath":"data/rcap-grade-a/packet-factory-24h/raster-runs/34660850664/nm_conviction-set.verdict.json","verdictSha256":"53a505056d02d62bc76976f217d634e9c037a97a1986a7a4b65b0d960cc86a88","artifactId":10287497306,"artifactZipSha256":"3f6252f74ad77d07fcfbd66b0e754de0002945d63a02c650ea0e5b3bd3100ef2","pngMember":"nm_conviction-set/canonical/page-003.png","pngSha256":"cb5031b5b752695d18801dc2e754024d14b9ece6af58529d3bd9f503f1be18c3"}},{"kind":"canonical","document":"canonical.pdf","page":4,"png":"nm_conviction-set/canonical/page-004.png","bytes":497451,"pngSha256":"edce0c02631cf66cc06c694b0e7cf4e3155c3e126a887252c05b4b68bcb3ccbc","pngWidth":2040,"pngHeight":2640,"paper":{"x0":204,"y0":3,"x1":2243,"y1":2642,"width":2040,"height":2640},"pxPerPt":3.3333333333333335,"expectedPxPerPt":3.333333333333333,"pageWidthPt":612,"pageHeightPt":792,"expectedPx":{"width":2039.9999999999998,"height":2639.9999999999995,"tolerancePx":6.666666666666666},"calibrationResidualPx":0,"inkFractionInsidePaper":0.04969139928698752,"nonblank":true,"croppedToThePage":true,"renderedInThisRun":false,"evidenceOrigin":"REUSED_ORIGINAL_PAGE_EVIDENCE","originalOrigin":{"workflowRunId":"34660850664","packetCommitSha":"918c8e041377f252910579d03c26505cce8a0335","verdictPath":"data/rcap-grade-a/packet-factory-24h/raster-runs/34660850664/nm_conviction-set.verdict.json","verdictSha256":"53a505056d02d62bc76976f217d634e9c037a97a1986a7a4b65b0d960cc86a88","artifactId":10287497306,"artifactZipSha256":"3f6252f74ad77d07fcfbd66b0e754de0002945d63a02c650ea0e5b3bd3100ef2","pngMember":"nm_conviction-set/canonical/page-004.png","pngSha256":"edce0c02631cf66cc06c694b0e7cf4e3155c3e126a887252c05b4b68bcb3ccbc"}},{"kind":"canonical","document":"canonical.pdf","page":5,"png":"nm_conviction-set/canonical/page-005.png","bytes":187707,"pngSha256":"7e278d5b88aeb3dd893abe550d61504da51360c670b0ff6eaef596c3336ada4b","pngWidth":2040,"pngHeight":2640,"paper":{"x0":204,"y0":3,"x1":2243,"y1":2642,"width":2040,"height":2640},"pxPerPt":3.3333333333333335,"expectedPxPerPt":3.333333333333333,"pageWidthPt":612,"pageHeightPt":792,"expectedPx":{"width":2039.9999999999998,"height":2639.9999999999995,"tolerancePx":6.666666666666666},"calibrationResidualPx":0,"inkFractionInsidePaper":0.01623050356506239,"nonblank":true,"croppedToThePage":true,"renderedInThisRun":false,"evidenceOrigin":"REUSED_ORIGINAL_PAGE_EVIDENCE","originalOrigin":{"workflowRunId":"34660850664","packetCommitSha":"918c8e041377f252910579d03c26505cce8a0335","verdictPath":"data/rcap-grade-a/packet-factory-24h/raster-runs/34660850664/nm_conviction-set.verdict.json","verdictSha256":"53a505056d02d62bc76976f217d634e9c037a97a1986a7a4b65b0d960cc86a88","artifactId":10287497306,"artifactZipSha256":"3f6252f74ad77d07fcfbd66b0e754de0002945d63a02c650ea0e5b3bd3100ef2","pngMember":"nm_conviction-set/canonical/page-005.png","pngSha256":"7e278d5b88aeb3dd893abe550d61504da51360c670b0ff6eaef596c3336ada4b"}},{"kind":"canonical","document":"canonical.pdf","page":6,"png":"nm_conviction-set/canonical/page-006.png","bytes":449943,"pngSha256":"b8cf2f8d73f98c94d7c38683b77ba1c46cc4f1b34f126c8c71de0b90ed251a9c","pngWidth":2040,"pngHeight":2640,"paper":{"x0":204,"y0":3,"x1":2243,"y1":2642,"width":2040,"height":2640},"pxPerPt":3.3333333333333335,"expectedPxPerPt":3.333333333333333,"pageWidthPt":612,"pageHeightPt":792,"expectedPx":{"width":2039.9999999999998,"height":2639.9999999999995,"tolerancePx":6.666666666666666},"calibrationResidualPx":0,"inkFractionInsidePaper":0.04048499702911468,"nonblank":true,"croppedToThePage":true,"renderedInThisRun":false,"evidenceOrigin":"REUSED_ORIGINAL_PAGE_EVIDENCE","originalOrigin":{"workflowRunId":"34660850664","packetCommitSha":"918c8e041377f252910579d03c26505cce8a0335","verdictPath":"data/rcap-grade-a/packet-factory-24h/raster-runs/34660850664/nm_conviction-set.verdict.json","verdictSha256":"53a505056d02d62bc76976f217d634e9c037a97a1986a7a4b65b0d960cc86a88","artifactId":10287497306,"artifactZipSha256":"3f6252f74ad77d07fcfbd66b0e754de0002945d63a02c650ea0e5b3bd3100ef2","pngMember":"nm_conviction-set/canonical/page-006.png","pngSha256":"b8cf2f8d73f98c94d7c38683b77ba1c46cc4f1b34f126c8c71de0b90ed251a9c"}},{"kind":"canonical","document":"canonical.pdf","page":7,"png":"nm_conviction-set/canonical/page-007.png","bytes":172501,"pngSha256":"cb38a8faf31ff9105298e7de11c07218eed6c25bc1889ca745cd5757bc633ec1","pngWidth":2040,"pngHeight":2640,"paper":{"x0":204,"y0":3,"x1":2243,"y1":2642,"width":2040,"height":2640},"pxPerPt":3.3333333333333335,"expectedPxPerPt":3.333333333333333,"pageWidthPt":612,"pageHeightPt":792,"expectedPx":{"width":2039.9999999999998,"height":2639.9999999999995,"tolerancePx":6.666666666666666},"calibrationResidualPx":0,"inkFractionInsidePaper":0.014658533868092691,"nonblank":true,"croppedToThePage":true,"renderedInThisRun":false,"evidenceOrigin":"REUSED_ORIGINAL_PAGE_EVIDENCE","originalOrigin":{"workflowRunId":"34660850664","packetCommitSha":"918c8e041377f252910579d03c26505cce8a0335","verdictPath":"data/rcap-grade-a/packet-factory-24h/raster-runs/34660850664/nm_conviction-set.verdict.json","verdictSha256":"53a505056d02d62bc76976f217d634e9c037a97a1986a7a4b65b0d960cc86a88","artifactId":10287497306,"artifactZipSha256":"3f6252f74ad77d07fcfbd66b0e754de0002945d63a02c650ea0e5b3bd3100ef2","pngMember":"nm_conviction-set/canonical/page-007.png","pngSha256":"cb38a8faf31ff9105298e7de11c07218eed6c25bc1889ca745cd5757bc633ec1"}},{"kind":"canonical","document":"canonical.pdf","page":8,"png":"nm_conviction-set/canonical/page-008.png","bytes":451336,"pngSha256":"31d13c800bacc7b7aeba343ac820b3851af33bd438bb1bb4cf0684917f926efc","pngWidth":2040,"pngHeight":2640,"paper":{"x0":204,"y0":3,"x1":2243,"y1":2642,"width":2040,"height":2640},"pxPerPt":3.3333333333333335,"expectedPxPerPt":3.333333333333333,"pageWidthPt":612,"pageHeightPt":792,"expectedPx":{"width":2039.9999999999998,"height":2639.9999999999995,"tolerancePx":6.666666666666666},"calibrationResidualPx":0,"inkFractionInsidePaper":0.0400744578134284,"nonblank":true,"croppedToThePage":true,"renderedInThisRun":false,"evidenceOrigin":"REUSED_ORIGINAL_PAGE_EVIDENCE","originalOrigin":{"workflowRunId":"34660850664","packetCommitSha":"918c8e041377f252910579d03c26505cce8a0335","verdictPath":"data/rcap-grade-a/packet-factory-24h/raster-runs/34660850664/nm_conviction-set.verdict.json","verdictSha256":"53a505056d02d62bc76976f217d634e9c037a97a1986a7a4b65b0d960cc86a88","artifactId":10287497306,"artifactZipSha256":"3f6252f74ad77d07fcfbd66b0e754de0002945d63a02c650ea0e5b3bd3100ef2","pngMember":"nm_conviction-set/canonical/page-008.png","pngSha256":"31d13c800bacc7b7aeba343ac820b3851af33bd438bb1bb4cf0684917f926efc"}},{"kind":"canonical","document":"canonical.pdf","page":9,"png":"nm_conviction-set/canonical/page-009.png","bytes":307824,"pngSha256":"38d129d60b63036955357ad2c9aec07b6cc0ea0adf9a3ec7a812b4672b8290d7","pngWidth":2040,"pngHeight":2640,"paper":{"x0":204,"y0":3,"x1":2243,"y1":2642,"width":2040,"height":2640},"pxPerPt":3.3333333333333335,"expectedPxPerPt":3.333333333333333,"pageWidthPt":612,"pageHeightPt":792,"expectedPx":{"width":2039.9999999999998,"height":2639.9999999999995,"tolerancePx":6.666666666666666},"calibrationResidualPx":0,"inkFractionInsidePaper":0.026189096850861557,"nonblank":true,"croppedToThePage":true,"renderedInThisRun":false,"evidenceOrigin":"REUSED_ORIGINAL_PAGE_EVIDENCE","originalOrigin":{"workflowRunId":"34660850664","packetCommitSha":"918c8e041377f252910579d03c26505cce8a0335","verdictPath":"data/rcap-grade-a/packet-factory-24h/raster-runs/34660850664/nm_conviction-set.verdict.json","verdictSha256":"53a505056d02d62bc76976f217d634e9c037a97a1986a7a4b65b0d960cc86a88","artifactId":10287497306,"artifactZipSha256":"3f6252f74ad77d07fcfbd66b0e754de0002945d63a02c650ea0e5b3bd3100ef2","pngMember":"nm_conviction-set/canonical/page-009.png","pngSha256":"38d129d60b63036955357ad2c9aec07b6cc0ea0adf9a3ec7a812b4672b8290d7"}},{"kind":"canonical","document":"canonical.pdf","page":10,"png":"nm_conviction-set/canonical/page-010.png","bytes":223353,"pngSha256":"2c118b2f5c620a9130beb95a9b8b372b9e803d23cce649fa8b239fb562501d29","pngWidth":2040,"pngHeight":2640,"paper":{"x0":204,"y0":3,"x1":2243,"y1":2642,"width":2040,"height":2640},"pxPerPt":3.3333333333333335,"expectedPxPerPt":3.333333333333333,"pageWidthPt":612,"pageHeightPt":792,"expectedPx":{"width":2039.9999999999998,"height":2639.9999999999995,"tolerancePx":6.666666666666666},"calibrationResidualPx":0,"inkFractionInsidePaper":0.020822378193701724,"nonblank":true,"croppedToThePage":true,"renderedInThisRun":false,"evidenceOrigin":"REUSED_ORIGINAL_PAGE_EVIDENCE","originalOrigin":{"workflowRunId":"34660850664","packetCommitSha":"918c8e041377f252910579d03c26505cce8a0335","verdictPath":"data/rcap-grade-a/packet-factory-24h/raster-runs/34660850664/nm_conviction-set.verdict.json","verdictSha256":"53a505056d02d62bc76976f217d634e9c037a97a1986a7a4b65b0d960cc86a88","artifactId":10287497306,"artifactZipSha256":"3f6252f74ad77d07fcfbd66b0e754de0002945d63a02c650ea0e5b3bd3100ef2","pngMember":"nm_conviction-set/canonical/page-010.png","pngSha256":"2c118b2f5c620a9130beb95a9b8b372b9e803d23cce649fa8b239fb562501d29"}},{"kind":"canonical","document":"canonical.pdf","page":11,"png":"nm_conviction-set/canonical/page-011.png","bytes":365139,"pngSha256":"22036dfa98a05edf85d6b57f20cc6b91b0249bc4fc101f770514ca4502ba0f5e","pngWidth":2040,"pngHeight":2640,"paper":{"x0":204,"y0":3,"x1":2243,"y1":2642,"width":2040,"height":2640},"pxPerPt":3.3333333333333335,"expectedPxPerPt":3.333333333333333,"pageWidthPt":612,"pageHeightPt":792,"expectedPx":{"width":2039.9999999999998,"height":2639.9999999999995,"tolerancePx":6.666666666666666},"calibrationResidualPx":0,"inkFractionInsidePaper":0.03478034016636958,"nonblank":true,"croppedToThePage":true,"renderedInThisRun":false,"evidenceOrigin":"REUSED_ORIGINAL_PAGE_EVIDENCE","originalOrigin":{"workflowRunId":"34660850664","packetCommitSha":"918c8e041377f252910579d03c26505cce8a0335","verdictPath":"data/rcap-grade-a/packet-factory-24h/raster-runs/34660850664/nm_conviction-set.verdict.json","verdictSha256":"53a505056d02d62bc76976f217d634e9c037a97a1986a7a4b65b0d960cc86a88","artifactId":10287497306,"artifactZipSha256":"3f6252f74ad77d07fcfbd66b0e754de0002945d63a02c650ea0e5b3bd3100ef2","pngMember":"nm_conviction-set/canonical/page-011.png","pngSha256":"22036dfa98a05edf85d6b57f20cc6b91b0249bc4fc101f770514ca4502ba0f5e"}},{"kind":"canonical","document":"canonical.pdf","page":12,"png":"nm_conviction-set/canonical/page-012.png","bytes":258722,"pngSha256":"ea457f4e4cdb9bb66785f1949d57174557d50e5ddafe370ba6e3a2f6b6407615","pngWidth":2040,"pngHeight":2640,"paper":{"x0":204,"y0":3,"x1":2243,"y1":2642,"width":2040,"height":2640},"pxPerPt":3.3333333333333335,"expectedPxPerPt":3.333333333333333,"pageWidthPt":612,"pageHeightPt":792,"expectedPx":{"width":2039.9999999999998,"height":2639.9999999999995,"tolerancePx":6.666666666666666},"calibrationResidualPx":0,"inkFractionInsidePaper":0.026947972370766488,"nonblank":true,"croppedToThePage":true,"renderedInThisRun":false,"evidenceOrigin":"REUSED_ORIGINAL_PAGE_EVIDENCE","originalOrigin":{"workflowRunId":"34660850664","packetCommitSha":"918c8e041377f252910579d03c26505cce8a0335","verdictPath":"data/rcap-grade-a/packet-factory-24h/raster-runs/34660850664/nm_conviction-set.verdict.json","verdictSha256":"53a505056d02d62bc76976f217d634e9c037a97a1986a7a4b65b0d960cc86a88","artifactId":10287497306,"artifactZipSha256":"3f6252f74ad77d07fcfbd66b0e754de0002945d63a02c650ea0e5b3bd3100ef2","pngMember":"nm_conviction-set/canonical/page-012.png","pngSha256":"ea457f4e4cdb9bb66785f1949d57174557d50e5ddafe370ba6e3a2f6b6407615"}},{"kind":"canonical","document":"canonical.pdf","page":13,"png":"nm_conviction-set/canonical/page-013.png","bytes":246734,"pngSha256":"276d789a4460173b454497dee7bd7fea229af7f74f1b00caf964f8a249bc5afe","pngWidth":2040,"pngHeight":2640,"paper":{"x0":204,"y0":3,"x1":2243,"y1":2642,"width":2040,"height":2640},"pxPerPt":3.3333333333333335,"expectedPxPerPt":3.333333333333333,"pageWidthPt":612,"pageHeightPt":792,"expectedPx":{"width":2039.9999999999998,"height":2639.9999999999995,"tolerancePx":6.666666666666666},"calibrationResidualPx":0,"inkFractionInsidePaper":0.024758801247771835,"nonblank":true,"croppedToThePage":true,"renderedInThisRun":false,"evidenceOrigin":"REUSED_ORIGINAL_PAGE_EVIDENCE","originalOrigin":{"workflowRunId":"34660850664","packetCommitSha":"918c8e041377f252910579d03c26505cce8a0335","verdictPath":"data/rcap-grade-a/packet-factory-24h/raster-runs/34660850664/nm_conviction-set.verdict.json","verdictSha256":"53a505056d02d62bc76976f217d634e9c037a97a1986a7a4b65b0d960cc86a88","artifactId":10287497306,"artifactZipSha256":"3f6252f74ad77d07fcfbd66b0e754de0002945d63a02c650ea0e5b3bd3100ef2","pngMember":"nm_conviction-set/canonical/page-013.png","pngSha256":"276d789a4460173b454497dee7bd7fea229af7f74f1b00caf964f8a249bc5afe"}},{"kind":"canonical","document":"canonical.pdf","page":14,"png":"nm_conviction-set/canonical/page-014.png","bytes":143074,"pngSha256":"8a4f4a75e0c7e67b8c80f9112f4d8014e21b2c230964c6ae43c2d7326eb116b6","pngWidth":2040,"pngHeight":2640,"paper":{"x0":204,"y0":3,"x1":2243,"y1":2642,"width":2040,"height":2640},"pxPerPt":3.3333333333333335,"expectedPxPerPt":3.333333333333333,"pageWidthPt":612,"pageHeightPt":792,"expectedPx":{"width":2039.9999999999998,"height":2639.9999999999995,"tolerancePx":6.666666666666666},"calibrationResidualPx":0,"inkFractionInsidePaper":0.0135873440285205,"nonblank":true,"croppedToThePage":true,"renderedInThisRun":false,"evidenceOrigin":"REUSED_ORIGINAL_PAGE_EVIDENCE","originalOrigin":{"workflowRunId":"34660850664","packetCommitSha":"918c8e041377f252910579d03c26505cce8a0335","verdictPath":"data/rcap-grade-a/packet-factory-24h/raster-runs/34660850664/nm_conviction-set.verdict.json","verdictSha256":"53a505056d02d62bc76976f217d634e9c037a97a1986a7a4b65b0d960cc86a88","artifactId":10287497306,"artifactZipSha256":"3f6252f74ad77d07fcfbd66b0e754de0002945d63a02c650ea0e5b3bd3100ef2","pngMember":"nm_conviction-set/canonical/page-014.png","pngSha256":"8a4f4a75e0c7e67b8c80f9112f4d8014e21b2c230964c6ae43c2d7326eb116b6"}},{"kind":"canonical","document":"canonical.pdf","page":15,"png":"nm_conviction-set/canonical/page-015.png","bytes":166154,"pngSha256":"f8c98ad639e17e8eb572575b08d2aff29fa362589a91bc7c7df19894723111d1","pngWidth":2040,"pngHeight":2640,"paper":{"x0":204,"y0":3,"x1":2243,"y1":2642,"width":2040,"height":2640},"pxPerPt":3.3333333333333335,"expectedPxPerPt":3.333333333333333,"pageWidthPt":612,"pageHeightPt":792,"expectedPx":{"width":2039.9999999999998,"height":2639.9999999999995,"tolerancePx":6.666666666666666},"calibrationResidualPx":0,"inkFractionInsidePaper":0.01638387551990493,"nonblank":true,"croppedToThePage":true,"renderedInThisRun":false,"evidenceOrigin":"REUSED_ORIGINAL_PAGE_EVIDENCE","originalOrigin":{"workflowRunId":"34660850664","packetCommitSha":"918c8e041377f252910579d03c26505cce8a0335","verdictPath":"data/rcap-grade-a/packet-factory-24h/raster-runs/34660850664/nm_conviction-set.verdict.json","verdictSha256":"53a505056d02d62bc76976f217d634e9c037a97a1986a7a4b65b0d960cc86a88","artifactId":10287497306,"artifactZipSha256":"3f6252f74ad77d07fcfbd66b0e754de0002945d63a02c650ea0e5b3bd3100ef2","pngMember":"nm_conviction-set/canonical/page-015.png","pngSha256":"f8c98ad639e17e8eb572575b08d2aff29fa362589a91bc7c7df19894723111d1"}},{"kind":"canonical","document":"canonical.pdf","page":16,"png":"nm_conviction-set/canonical/page-016.png","bytes":431928,"pngSha256":"5237cad7ee5aafae925f05f6310d04cd16c82f9c932aaeee5f0420ecfe90826a","pngWidth":2040,"pngHeight":2640,"paper":{"x0":204,"y0":3,"x1":2243,"y1":2642,"width":2040,"height":2640},"pxPerPt":3.3333333333333335,"expectedPxPerPt":3.333333333333333,"pageWidthPt":612,"pageHeightPt":792,"expectedPx":{"width":2039.9999999999998,"height":2639.9999999999995,"tolerancePx":6.666666666666666},"calibrationResidualPx":0,"inkFractionInsidePaper":0.05538045900178253,"nonblank":true,"croppedToThePage":true,"renderedInThisRun":false,"evidenceOrigin":"REUSED_ORIGINAL_PAGE_EVIDENCE","originalOrigin":{"workflowRunId":"34660850664","packetCommitSha":"918c8e041377f252910579d03c26505cce8a0335","verdictPath":"data/rcap-grade-a/packet-factory-24h/raster-runs/34660850664/nm_conviction-set.verdict.json","verdictSha256":"53a505056d02d62bc76976f217d634e9c037a97a1986a7a4b65b0d960cc86a88","artifactId":10287497306,"artifactZipSha256":"3f6252f74ad77d07fcfbd66b0e754de0002945d63a02c650ea0e5b3bd3100ef2","pngMember":"nm_conviction-set/canonical/page-016.png","pngSha256":"5237cad7ee5aafae925f05f6310d04cd16c82f9c932aaeee5f0420ecfe90826a"}},{"kind":"canonical","document":"canonical.pdf","page":17,"png":"nm_conviction-set/canonical/page-017.png","bytes":306107,"pngSha256":"167ff1010f925fa189d267d7b893e751fbf3f8329b9041c11f32ede6d9c15570","pngWidth":2040,"pngHeight":2640,"paper":{"x0":204,"y0":3,"x1":2243,"y1":2642,"width":2040,"height":2640},"pxPerPt":3.3333333333333335,"expectedPxPerPt":3.333333333333333,"pageWidthPt":612,"pageHeightPt":792,"expectedPx":{"width":2039.9999999999998,"height":2639.9999999999995,"tolerancePx":6.666666666666666},"calibrationResidualPx":0,"inkFractionInsidePaper":0.04287358882947118,"nonblank":true,"croppedToThePage":true,"renderedInThisRun":false,"evidenceOrigin":"REUSED_ORIGINAL_PAGE_EVIDENCE","originalOrigin":{"workflowRunId":"34660850664","packetCommitSha":"918c8e041377f252910579d03c26505cce8a0335","verdictPath":"data/rcap-grade-a/packet-factory-24h/raster-runs/34660850664/nm_conviction-set.verdict.json","verdictSha256":"53a505056d02d62bc76976f217d634e9c037a97a1986a7a4b65b0d960cc86a88","artifactId":10287497306,"artifactZipSha256":"3f6252f74ad77d07fcfbd66b0e754de0002945d63a02c650ea0e5b3bd3100ef2","pngMember":"nm_conviction-set/canonical/page-017.png","pngSha256":"167ff1010f925fa189d267d7b893e751fbf3f8329b9041c11f32ede6d9c15570"}},{"kind":"canonical","document":"canonical.pdf","page":18,"png":"nm_conviction-set/canonical/page-018.png","bytes":276042,"pngSha256":"03e5127ccb279a068257093f2590f92a83076fb24a7e2cc36188a4c298e4f16a","pngWidth":2040,"pngHeight":2640,"paper":{"x0":204,"y0":3,"x1":2243,"y1":2642,"width":2040,"height":2640},"pxPerPt":3.3333333333333335,"expectedPxPerPt":3.333333333333333,"pageWidthPt":612,"pageHeightPt":792,"expectedPx":{"width":2039.9999999999998,"height":2639.9999999999995,"tolerancePx":6.666666666666666},"calibrationResidualPx":0,"inkFractionInsidePaper":0.031290849673202614,"nonblank":true,"croppedToThePage":true,"renderedInThisRun":false,"evidenceOrigin":"REUSED_ORIGINAL_PAGE_EVIDENCE","originalOrigin":{"workflowRunId":"34660850664","packetCommitSha":"918c8e041377f252910579d03c26505cce8a0335","verdictPath":"data/rcap-grade-a/packet-factory-24h/raster-runs/34660850664/nm_conviction-set.verdict.json","verdictSha256":"53a505056d02d62bc76976f217d634e9c037a97a1986a7a4b65b0d960cc86a88","artifactId":10287497306,"artifactZipSha256":"3f6252f74ad77d07fcfbd66b0e754de0002945d63a02c650ea0e5b3bd3100ef2","pngMember":"nm_conviction-set/canonical/page-018.png","pngSha256":"03e5127ccb279a068257093f2590f92a83076fb24a7e2cc36188a4c298e4f16a"}},{"kind":"canonical","document":"canonical.pdf","page":19,"png":"nm_conviction-set/canonical/page-019.png","bytes":284058,"pngSha256":"9ca06d17338adc2906d6001ce03d6d8b840dbda403dd321d74fe1dc653f426fd","pngWidth":2040,"pngHeight":2640,"paper":{"x0":204,"y0":3,"x1":2243,"y1":2642,"width":2040,"height":2640},"pxPerPt":3.3333333333333335,"expectedPxPerPt":3.333333333333333,"pageWidthPt":612,"pageHeightPt":792,"expectedPx":{"width":2039.9999999999998,"height":2639.9999999999995,"tolerancePx":6.666666666666666},"calibrationResidualPx":0,"inkFractionInsidePaper":0.03273562834224599,"nonblank":true,"croppedToThePage":true,"renderedInThisRun":false,"evidenceOrigin":"REUSED_ORIGINAL_PAGE_EVIDENCE","originalOrigin":{"workflowRunId":"34660850664","packetCommitSha":"918c8e041377f252910579d03c26505cce8a0335","verdictPath":"data/rcap-grade-a/packet-factory-24h/raster-runs/34660850664/nm_conviction-set.verdict.json","verdictSha256":"53a505056d02d62bc76976f217d634e9c037a97a1986a7a4b65b0d960cc86a88","artifactId":10287497306,"artifactZipSha256":"3f6252f74ad77d07fcfbd66b0e754de0002945d63a02c650ea0e5b3bd3100ef2","pngMember":"nm_conviction-set/canonical/page-019.png","pngSha256":"9ca06d17338adc2906d6001ce03d6d8b840dbda403dd321d74fe1dc653f426fd"}},{"kind":"canonical","document":"canonical.pdf","page":20,"png":"nm_conviction-set/canonical/page-020.png","bytes":343470,"pngSha256":"c1437e035f7814e6a41bf2574a806e3d969a3c2936153df00a53cd3b1c893f0e","pngWidth":2040,"pngHeight":2640,"paper":{"x0":204,"y0":3,"x1":2243,"y1":2642,"width":2040,"height":2640},"pxPerPt":3.3333333333333335,"expectedPxPerPt":3.333333333333333,"pageWidthPt":612,"pageHeightPt":792,"expectedPx":{"width":2039.9999999999998,"height":2639.9999999999995,"tolerancePx":6.666666666666666},"calibrationResidualPx":0,"inkFractionInsidePaper":0.04063298425430779,"nonblank":true,"croppedToThePage":true,"renderedInThisRun":false,"evidenceOrigin":"REUSED_ORIGINAL_PAGE_EVIDENCE","originalOrigin":{"workflowRunId":"34660850664","packetCommitSha":"918c8e041377f252910579d03c26505cce8a0335","verdictPath":"data/rcap-grade-a/packet-factory-24h/raster-runs/34660850664/nm_conviction-set.verdict.json","verdictSha256":"53a505056d02d62bc76976f217d634e9c037a97a1986a7a4b65b0d960cc86a88","artifactId":10287497306,"artifactZipSha256":"3f6252f74ad77d07fcfbd66b0e754de0002945d63a02c650ea0e5b3bd3100ef2","pngMember":"nm_conviction-set/canonical/page-020.png","pngSha256":"c1437e035f7814e6a41bf2574a806e3d969a3c2936153df00a53cd3b1c893f0e"}},{"kind":"canonical","document":"canonical.pdf","page":21,"png":"nm_conviction-set/canonical/page-021.png","bytes":282122,"pngSha256":"54dd75719b3d54371bec7210fb9da0961a2ecf0a5e53737be8ca9076f2fa797d","pngWidth":2040,"pngHeight":2640,"paper":{"x0":204,"y0":3,"x1":2243,"y1":2642,"width":2040,"height":2640},"pxPerPt":3.3333333333333335,"expectedPxPerPt":3.333333333333333,"pageWidthPt":612,"pageHeightPt":792,"expectedPx":{"width":2039.9999999999998,"height":2639.9999999999995,"tolerancePx":6.666666666666666},"calibrationResidualPx":0,"inkFractionInsidePaper":0.035157085561497325,"nonblank":true,"croppedToThePage":true,"renderedInThisRun":false,"evidenceOrigin":"REUSED_ORIGINAL_PAGE_EVIDENCE","originalOrigin":{"workflowRunId":"34660850664","packetCommitSha":"918c8e041377f252910579d03c26505cce8a0335","verdictPath":"data/rcap-grade-a/packet-factory-24h/raster-runs/34660850664/nm_conviction-set.verdict.json","verdictSha256":"53a505056d02d62bc76976f217d634e9c037a97a1986a7a4b65b0d960cc86a88","artifactId":10287497306,"artifactZipSha256":"3f6252f74ad77d07fcfbd66b0e754de0002945d63a02c650ea0e5b3bd3100ef2","pngMember":"nm_conviction-set/canonical/page-021.png","pngSha256":"54dd75719b3d54371bec7210fb9da0961a2ecf0a5e53737be8ca9076f2fa797d"}},{"kind":"canonical","document":"canonical.pdf","page":22,"png":"nm_conviction-set/canonical/page-022.png","bytes":266275,"pngSha256":"25cadfdd7ee8b25c1d5139d15ec448d3f891759b0d03cfcdae28987ec1245b2c","pngWidth":2040,"pngHeight":2640,"paper":{"x0":204,"y0":3,"x1":2243,"y1":2642,"width":2040,"height":2640},"pxPerPt":3.3333333333333335,"expectedPxPerPt":3.333333333333333,"pageWidthPt":612,"pageHeightPt":792,"expectedPx":{"width":2039.9999999999998,"height":2639.9999999999995,"tolerancePx":6.666666666666666},"calibrationResidualPx":0,"inkFractionInsidePaper":0.03037377450980392,"nonblank":true,"croppedToThePage":true,"renderedInThisRun":false,"evidenceOrigin":"REUSED_ORIGINAL_PAGE_EVIDENCE","originalOrigin":{"workflowRunId":"34660850664","packetCommitSha":"918c8e041377f252910579d03c26505cce8a0335","verdictPath":"data/rcap-grade-a/packet-factory-24h/raster-runs/34660850664/nm_conviction-set.verdict.json","verdictSha256":"53a505056d02d62bc76976f217d634e9c037a97a1986a7a4b65b0d960cc86a88","artifactId":10287497306,"artifactZipSha256":"3f6252f74ad77d07fcfbd66b0e754de0002945d63a02c650ea0e5b3bd3100ef2","pngMember":"nm_conviction-set/canonical/page-022.png","pngSha256":"25cadfdd7ee8b25c1d5139d15ec448d3f891759b0d03cfcdae28987ec1245b2c"}},{"kind":"canonical","document":"canonical.pdf","page":23,"png":"nm_conviction-set/canonical/page-023.png","bytes":246327,"pngSha256":"cc73f098164dd010aaa642305ba52147a603f08d461d5c31052db6f3afb11afe","pngWidth":2040,"pngHeight":2640,"paper":{"x0":204,"y0":3,"x1":2243,"y1":2642,"width":2040,"height":2640},"pxPerPt":3.3333333333333335,"expectedPxPerPt":3.333333333333333,"pageWidthPt":612,"pageHeightPt":792,"expectedPx":{"width":2039.9999999999998,"height":2639.9999999999995,"tolerancePx":6.666666666666666},"calibrationResidualPx":0,"inkFractionInsidePaper":0.030764074569221627,"nonblank":true,"croppedToThePage":true,"renderedInThisRun":false,"evidenceOrigin":"REUSED_ORIGINAL_PAGE_EVIDENCE","originalOrigin":{"workflowRunId":"34660850664","packetCommitSha":"918c8e041377f252910579d03c26505cce8a0335","verdictPath":"data/rcap-grade-a/packet-factory-24h/raster-runs/34660850664/nm_conviction-set.verdict.json","verdictSha256":"53a505056d02d62bc76976f217d634e9c037a97a1986a7a4b65b0d960cc86a88","artifactId":10287497306,"artifactZipSha256":"3f6252f74ad77d07fcfbd66b0e754de0002945d63a02c650ea0e5b3bd3100ef2","pngMember":"nm_conviction-set/canonical/page-023.png","pngSha256":"cc73f098164dd010aaa642305ba52147a603f08d461d5c31052db6f3afb11afe"}},{"kind":"canonical","document":"canonical.pdf","page":24,"png":"nm_conviction-set/canonical/page-024.png","bytes":237250,"pngSha256":"444b16729a429715f179164a507b7bbd8b7fc1744082fd22f12ebeb5de39b84a","pngWidth":2040,"pngHeight":2640,"paper":{"x0":204,"y0":3,"x1":2243,"y1":2642,"width":2040,"height":2640},"pxPerPt":3.3333333333333335,"expectedPxPerPt":3.333333333333333,"pageWidthPt":612,"pageHeightPt":792,"expectedPx":{"width":2039.9999999999998,"height":2639.9999999999995,"tolerancePx":6.666666666666666},"calibrationResidualPx":0,"inkFractionInsidePaper":0.023424873737373737,"nonblank":true,"croppedToThePage":true,"renderedInThisRun":false,"evidenceOrigin":"REUSED_ORIGINAL_PAGE_EVIDENCE","originalOrigin":{"workflowRunId":"34660850664","packetCommitSha":"918c8e041377f252910579d03c26505cce8a0335","verdictPath":"data/rcap-grade-a/packet-factory-24h/raster-runs/34660850664/nm_conviction-set.verdict.json","verdictSha256":"53a505056d02d62bc76976f217d634e9c037a97a1986a7a4b65b0d960cc86a88","artifactId":10287497306,"artifactZipSha256":"3f6252f74ad77d07fcfbd66b0e754de0002945d63a02c650ea0e5b3bd3100ef2","pngMember":"nm_conviction-set/canonical/page-024.png","pngSha256":"444b16729a429715f179164a507b7bbd8b7fc1744082fd22f12ebeb5de39b84a"}},{"kind":"boundary","document":"boundary.pdf","page":1,"png":"nm_conviction-set/boundary/page-001.png","bytes":457586,"pngSha256":"a946c429fdf261e091df52e80eb29232d45a85e9aeadce089729a5a1047c5392","pngWidth":2040,"pngHeight":2640,"paper":{"x0":204,"y0":3,"x1":2243,"y1":2642,"width":2040,"height":2640},"pxPerPt":3.3333333333333335,"expectedPxPerPt":3.333333333333333,"pageWidthPt":612,"pageHeightPt":792,"expectedPx":{"width":2039.9999999999998,"height":2639.9999999999995,"tolerancePx":6.666666666666666},"calibrationResidualPx":0,"inkFractionInsidePaper":0.04509896761734997,"nonblank":true,"croppedToThePage":true,"renderedInThisRun":true,"evidenceOrigin":"FRESH_RENDER_THIS_RUN","originalOrigin":null},{"kind":"boundary","document":"boundary.pdf","page":2,"png":"nm_conviction-set/boundary/page-002.png","bytes":490766,"pngSha256":"58ab377184b74b23726a85ce9dafcf02bd8a9e62823c666491363ea61d8743f6","pngWidth":2040,"pngHeight":2640,"paper":{"x0":204,"y0":3,"x1":2243,"y1":2642,"width":2040,"height":2640},"pxPerPt":3.3333333333333335,"expectedPxPerPt":3.333333333333333,"pageWidthPt":612,"pageHeightPt":792,"expectedPx":{"width":2039.9999999999998,"height":2639.9999999999995,"tolerancePx":6.666666666666666},"calibrationResidualPx":0,"inkFractionInsidePaper":0.04948473707664884,"nonblank":true,"croppedToThePage":true,"renderedInThisRun":true,"evidenceOrigin":"FRESH_RENDER_THIS_RUN","originalOrigin":null},{"kind":"boundary","document":"boundary.pdf","page":3,"png":"nm_conviction-set/boundary/page-003.png","bytes":595283,"pngSha256":"556a3a1ab749455f8ac79e9e338f092be757ab5b51d3ae9d893d80dbf9ab361b","pngWidth":2040,"pngHeight":2640,"paper":{"x0":204,"y0":3,"x1":2243,"y1":2642,"width":2040,"height":2640},"pxPerPt":3.3333333333333335,"expectedPxPerPt":3.333333333333333,"pageWidthPt":612,"pageHeightPt":792,"expectedPx":{"width":2039.9999999999998,"height":2639.9999999999995,"tolerancePx":6.666666666666666},"calibrationResidualPx":0,"inkFractionInsidePaper":0.05665961081402258,"nonblank":true,"croppedToThePage":true,"renderedInThisRun":true,"evidenceOrigin":"FRESH_RENDER_THIS_RUN","originalOrigin":null},{"kind":"boundary","document":"boundary.pdf","page":4,"png":"nm_conviction-set/boundary/page-004.png","bytes":500632,"pngSha256":"cb6b5d54d798aa8a0594b9afb6dda8dfc79aa865bf41216178039322c7a20895","pngWidth":2040,"pngHeight":2640,"paper":{"x0":204,"y0":3,"x1":2243,"y1":2642,"width":2040,"height":2640},"pxPerPt":3.3333333333333335,"expectedPxPerPt":3.333333333333333,"pageWidthPt":612,"pageHeightPt":792,"expectedPx":{"width":2039.9999999999998,"height":2639.9999999999995,"tolerancePx":6.666666666666666},"calibrationResidualPx":0,"inkFractionInsidePaper":0.0499682486631016,"nonblank":true,"croppedToThePage":true,"renderedInThisRun":true,"evidenceOrigin":"FRESH_RENDER_THIS_RUN","originalOrigin":null},{"kind":"boundary","document":"boundary.pdf","page":5,"png":"nm_conviction-set/boundary/page-005.png","bytes":187707,"pngSha256":"7e278d5b88aeb3dd893abe550d61504da51360c670b0ff6eaef596c3336ada4b","pngWidth":2040,"pngHeight":2640,"paper":{"x0":204,"y0":3,"x1":2243,"y1":2642,"width":2040,"height":2640},"pxPerPt":3.3333333333333335,"expectedPxPerPt":3.333333333333333,"pageWidthPt":612,"pageHeightPt":792,"expectedPx":{"width":2039.9999999999998,"height":2639.9999999999995,"tolerancePx":6.666666666666666},"calibrationResidualPx":0,"inkFractionInsidePaper":0.01623050356506239,"nonblank":true,"croppedToThePage":true,"renderedInThisRun":true,"evidenceOrigin":"FRESH_RENDER_THIS_RUN","originalOrigin":null},{"kind":"boundary","document":"boundary.pdf","page":6,"png":"nm_conviction-set/boundary/page-006.png","bytes":453962,"pngSha256":"998193a7948f5b87e5e427a925454bda083369bc873754c941b28002759422c0","pngWidth":2040,"pngHeight":2640,"paper":{"x0":204,"y0":3,"x1":2243,"y1":2642,"width":2040,"height":2640},"pxPerPt":3.3333333333333335,"expectedPxPerPt":3.333333333333333,"pageWidthPt":612,"pageHeightPt":792,"expectedPx":{"width":2039.9999999999998,"height":2639.9999999999995,"tolerancePx":6.666666666666666},"calibrationResidualPx":0,"inkFractionInsidePaper":0.040920231729055255,"nonblank":true,"croppedToThePage":true,"renderedInThisRun":true,"evidenceOrigin":"FRESH_RENDER_THIS_RUN","originalOrigin":null},{"kind":"boundary","document":"boundary.pdf","page":7,"png":"nm_conviction-set/boundary/page-007.png","bytes":172501,"pngSha256":"cb38a8faf31ff9105298e7de11c07218eed6c25bc1889ca745cd5757bc633ec1","pngWidth":2040,"pngHeight":2640,"paper":{"x0":204,"y0":3,"x1":2243,"y1":2642,"width":2040,"height":2640},"pxPerPt":3.3333333333333335,"expectedPxPerPt":3.333333333333333,"pageWidthPt":612,"pageHeightPt":792,"expectedPx":{"width":2039.9999999999998,"height":2639.9999999999995,"tolerancePx":6.666666666666666},"calibrationResidualPx":0,"inkFractionInsidePaper":0.014658533868092691,"nonblank":true,"croppedToThePage":true,"renderedInThisRun":true,"evidenceOrigin":"FRESH_RENDER_THIS_RUN","originalOrigin":null},{"kind":"boundary","document":"boundary.pdf","page":8,"png":"nm_conviction-set/boundary/page-008.png","bytes":455101,"pngSha256":"a50391177376c425eaff0f661575751d222afc182b67c738d9200387547ea34e","pngWidth":2040,"pngHeight":2640,"paper":{"x0":204,"y0":3,"x1":2243,"y1":2642,"width":2040,"height":2640},"pxPerPt":3.3333333333333335,"expectedPxPerPt":3.333333333333333,"pageWidthPt":612,"pageHeightPt":792,"expectedPx":{"width":2039.9999999999998,"height":2639.9999999999995,"tolerancePx":6.666666666666666},"calibrationResidualPx":0,"inkFractionInsidePaper":0.040509692513368986,"nonblank":true,"croppedToThePage":true,"renderedInThisRun":true,"evidenceOrigin":"FRESH_RENDER_THIS_RUN","originalOrigin":null},{"kind":"boundary","document":"boundary.pdf","page":9,"png":"nm_conviction-set/boundary/page-009.png","bytes":310924,"pngSha256":"f85b6d34d31a6f43a274f8e002a929cb1f90c72778f3e75ef30faafee07d9140","pngWidth":2040,"pngHeight":2640,"paper":{"x0":204,"y0":3,"x1":2243,"y1":2642,"width":2040,"height":2640},"pxPerPt":3.3333333333333335,"expectedPxPerPt":3.333333333333333,"pageWidthPt":612,"pageHeightPt":792,"expectedPx":{"width":2039.9999999999998,"height":2639.9999999999995,"tolerancePx":6.666666666666666},"calibrationResidualPx":0,"inkFractionInsidePaper":0.02646594622697564,"nonblank":true,"croppedToThePage":true,"renderedInThisRun":true,"evidenceOrigin":"FRESH_RENDER_THIS_RUN","originalOrigin":null},{"kind":"boundary","document":"boundary.pdf","page":10,"png":"nm_conviction-set/boundary/page-010.png","bytes":223353,"pngSha256":"2c118b2f5c620a9130beb95a9b8b372b9e803d23cce649fa8b239fb562501d29","pngWidth":2040,"pngHeight":2640,"paper":{"x0":204,"y0":3,"x1":2243,"y1":2642,"width":2040,"height":2640},"pxPerPt":3.3333333333333335,"expectedPxPerPt":3.333333333333333,"pageWidthPt":612,"pageHeightPt":792,"expectedPx":{"width":2039.9999999999998,"height":2639.9999999999995,"tolerancePx":6.666666666666666},"calibrationResidualPx":0,"inkFractionInsidePaper":0.020822378193701724,"nonblank":true,"croppedToThePage":true,"renderedInThisRun":true,"evidenceOrigin":"FRESH_RENDER_THIS_RUN","originalOrigin":null},{"kind":"boundary","document":"boundary.pdf","page":11,"png":"nm_conviction-set/boundary/page-011.png","bytes":370983,"pngSha256":"63a3b1fffa2cdeaca5c6bf8918551755885ca8880048a0e5b97ab91e1730515c","pngWidth":2040,"pngHeight":2640,"paper":{"x0":204,"y0":3,"x1":2243,"y1":2642,"width":2040,"height":2640},"pxPerPt":3.3333333333333335,"expectedPxPerPt":3.333333333333333,"pageWidthPt":612,"pageHeightPt":792,"expectedPx":{"width":2039.9999999999998,"height":2639.9999999999995,"tolerancePx":6.666666666666666},"calibrationResidualPx":0,"inkFractionInsidePaper":0.03531937017231135,"nonblank":true,"croppedToThePage":true,"renderedInThisRun":true,"evidenceOrigin":"FRESH_RENDER_THIS_RUN","originalOrigin":null},{"kind":"boundary","document":"boundary.pdf","page":12,"png":"nm_conviction-set/boundary/page-012.png","bytes":265654,"pngSha256":"26a1666a317473fb01f7f665891d2f3a4d548655a5875d0d775e16889d2da8ad","pngWidth":2040,"pngHeight":2640,"paper":{"x0":204,"y0":3,"x1":2243,"y1":2642,"width":2040,"height":2640},"pxPerPt":3.3333333333333335,"expectedPxPerPt":3.333333333333333,"pageWidthPt":612,"pageHeightPt":792,"expectedPx":{"width":2039.9999999999998,"height":2639.9999999999995,"tolerancePx":6.666666666666666},"calibrationResidualPx":0,"inkFractionInsidePaper":0.027820855614973262,"nonblank":true,"croppedToThePage":true,"renderedInThisRun":true,"evidenceOrigin":"FRESH_RENDER_THIS_RUN","originalOrigin":null},{"kind":"boundary","document":"boundary.pdf","page":13,"png":"nm_conviction-set/boundary/page-013.png","bytes":252839,"pngSha256":"2011da2f87ceaa627140c6f993a6e5de79a0028caa38038cbf9c59bc4d0ce70f","pngWidth":2040,"pngHeight":2640,"paper":{"x0":204,"y0":3,"x1":2243,"y1":2642,"width":2040,"height":2640},"pxPerPt":3.3333333333333335,"expectedPxPerPt":3.333333333333333,"pageWidthPt":612,"pageHeightPt":792,"expectedPx":{"width":2039.9999999999998,"height":2639.9999999999995,"tolerancePx":6.666666666666666},"calibrationResidualPx":0,"inkFractionInsidePaper":0.025392713903743317,"nonblank":true,"croppedToThePage":true,"renderedInThisRun":true,"evidenceOrigin":"FRESH_RENDER_THIS_RUN","originalOrigin":null},{"kind":"boundary","document":"boundary.pdf","page":14,"png":"nm_conviction-set/boundary/page-014.png","bytes":143074,"pngSha256":"8a4f4a75e0c7e67b8c80f9112f4d8014e21b2c230964c6ae43c2d7326eb116b6","pngWidth":2040,"pngHeight":2640,"paper":{"x0":204,"y0":3,"x1":2243,"y1":2642,"width":2040,"height":2640},"pxPerPt":3.3333333333333335,"expectedPxPerPt":3.333333333333333,"pageWidthPt":612,"pageHeightPt":792,"expectedPx":{"width":2039.9999999999998,"height":2639.9999999999995,"tolerancePx":6.666666666666666},"calibrationResidualPx":0,"inkFractionInsidePaper":0.0135873440285205,"nonblank":true,"croppedToThePage":true,"renderedInThisRun":true,"evidenceOrigin":"FRESH_RENDER_THIS_RUN","originalOrigin":null},{"kind":"boundary","document":"boundary.pdf","page":15,"png":"nm_conviction-set/boundary/page-015.png","bytes":166154,"pngSha256":"f8c98ad639e17e8eb572575b08d2aff29fa362589a91bc7c7df19894723111d1","pngWidth":2040,"pngHeight":2640,"paper":{"x0":204,"y0":3,"x1":2243,"y1":2642,"width":2040,"height":2640},"pxPerPt":3.3333333333333335,"expectedPxPerPt":3.333333333333333,"pageWidthPt":612,"pageHeightPt":792,"expectedPx":{"width":2039.9999999999998,"height":2639.9999999999995,"tolerancePx":6.666666666666666},"calibrationResidualPx":0,"inkFractionInsidePaper":0.01638387551990493,"nonblank":true,"croppedToThePage":true,"renderedInThisRun":true,"evidenceOrigin":"FRESH_RENDER_THIS_RUN","originalOrigin":null},{"kind":"boundary","document":"boundary.pdf","page":16,"png":"nm_conviction-set/boundary/page-016.png","bytes":436080,"pngSha256":"e9a40f43aea06c4772e49cdf3627e23e7efce605cd6c76e5d947cce484a7a433","pngWidth":2040,"pngHeight":2640,"paper":{"x0":204,"y0":3,"x1":2243,"y1":2642,"width":2040,"height":2640},"pxPerPt":3.3333333333333335,"expectedPxPerPt":3.333333333333333,"pageWidthPt":612,"pageHeightPt":792,"expectedPx":{"width":2039.9999999999998,"height":2639.9999999999995,"tolerancePx":6.666666666666666},"calibrationResidualPx":0,"inkFractionInsidePaper":0.05583407605466429,"nonblank":true,"croppedToThePage":true,"renderedInThisRun":true,"evidenceOrigin":"FRESH_RENDER_THIS_RUN","originalOrigin":null},{"kind":"boundary","document":"boundary.pdf","page":17,"png":"nm_conviction-set/boundary/page-017.png","bytes":306107,"pngSha256":"167ff1010f925fa189d267d7b893e751fbf3f8329b9041c11f32ede6d9c15570","pngWidth":2040,"pngHeight":2640,"paper":{"x0":204,"y0":3,"x1":2243,"y1":2642,"width":2040,"height":2640},"pxPerPt":3.3333333333333335,"expectedPxPerPt":3.333333333333333,"pageWidthPt":612,"pageHeightPt":792,"expectedPx":{"width":2039.9999999999998,"height":2639.9999999999995,"tolerancePx":6.666666666666666},"calibrationResidualPx":0,"inkFractionInsidePaper":0.04287358882947118,"nonblank":true,"croppedToThePage":true,"renderedInThisRun":true,"evidenceOrigin":"FRESH_RENDER_THIS_RUN","originalOrigin":null},{"kind":"boundary","document":"boundary.pdf","page":18,"png":"nm_conviction-set/boundary/page-018.png","bytes":276042,"pngSha256":"03e5127ccb279a068257093f2590f92a83076fb24a7e2cc36188a4c298e4f16a","pngWidth":2040,"pngHeight":2640,"paper":{"x0":204,"y0":3,"x1":2243,"y1":2642,"width":2040,"height":2640},"pxPerPt":3.3333333333333335,"expectedPxPerPt":3.333333333333333,"pageWidthPt":612,"pageHeightPt":792,"expectedPx":{"width":2039.9999999999998,"height":2639.9999999999995,"tolerancePx":6.666666666666666},"calibrationResidualPx":0,"inkFractionInsidePaper":0.031290849673202614,"nonblank":true,"croppedToThePage":true,"renderedInThisRun":true,"evidenceOrigin":"FRESH_RENDER_THIS_RUN","originalOrigin":null},{"kind":"boundary","document":"boundary.pdf","page":19,"png":"nm_conviction-set/boundary/page-019.png","bytes":284058,"pngSha256":"9ca06d17338adc2906d6001ce03d6d8b840dbda403dd321d74fe1dc653f426fd","pngWidth":2040,"pngHeight":2640,"paper":{"x0":204,"y0":3,"x1":2243,"y1":2642,"width":2040,"height":2640},"pxPerPt":3.3333333333333335,"expectedPxPerPt":3.333333333333333,"pageWidthPt":612,"pageHeightPt":792,"expectedPx":{"width":2039.9999999999998,"height":2639.9999999999995,"tolerancePx":6.666666666666666},"calibrationResidualPx":0,"inkFractionInsidePaper":0.03273562834224599,"nonblank":true,"croppedToThePage":true,"renderedInThisRun":true,"evidenceOrigin":"FRESH_RENDER_THIS_RUN","originalOrigin":null},{"kind":"boundary","document":"boundary.pdf","page":20,"png":"nm_conviction-set/boundary/page-020.png","bytes":347344,"pngSha256":"06b6cb1d9dd5cd72c973d57fba1286f12a6c8cddc4d5edbacc3cbd59630fc589","pngWidth":2040,"pngHeight":2640,"paper":{"x0":204,"y0":3,"x1":2243,"y1":2642,"width":2040,"height":2640},"pxPerPt":3.3333333333333335,"expectedPxPerPt":3.333333333333333,"pageWidthPt":612,"pageHeightPt":792,"expectedPx":{"width":2039.9999999999998,"height":2639.9999999999995,"tolerancePx":6.666666666666666},"calibrationResidualPx":0,"inkFractionInsidePaper":0.04098577688651218,"nonblank":true,"croppedToThePage":true,"renderedInThisRun":true,"evidenceOrigin":"FRESH_RENDER_THIS_RUN","originalOrigin":null},{"kind":"boundary","document":"boundary.pdf","page":21,"png":"nm_conviction-set/boundary/page-021.png","bytes":282122,"pngSha256":"54dd75719b3d54371bec7210fb9da0961a2ecf0a5e53737be8ca9076f2fa797d","pngWidth":2040,"pngHeight":2640,"paper":{"x0":204,"y0":3,"x1":2243,"y1":2642,"width":2040,"height":2640},"pxPerPt":3.3333333333333335,"expectedPxPerPt":3.333333333333333,"pageWidthPt":612,"pageHeightPt":792,"expectedPx":{"width":2039.9999999999998,"height":2639.9999999999995,"tolerancePx":6.666666666666666},"calibrationResidualPx":0,"inkFractionInsidePaper":0.035157085561497325,"nonblank":true,"croppedToThePage":true,"renderedInThisRun":true,"evidenceOrigin":"FRESH_RENDER_THIS_RUN","originalOrigin":null},{"kind":"boundary","document":"boundary.pdf","page":22,"png":"nm_conviction-set/boundary/page-022.png","bytes":268855,"pngSha256":"07eaa012b327e6a3c781d168d0c8e3641ae70abbaed6e445520019c32d7cb0d0","pngWidth":2040,"pngHeight":2640,"paper":{"x0":204,"y0":3,"x1":2243,"y1":2642,"width":2040,"height":2640},"pxPerPt":3.3333333333333335,"expectedPxPerPt":3.333333333333333,"pageWidthPt":612,"pageHeightPt":792,"expectedPx":{"width":2039.9999999999998,"height":2639.9999999999995,"tolerancePx":6.666666666666666},"calibrationResidualPx":0,"inkFractionInsidePaper":0.03087603980986334,"nonblank":true,"croppedToThePage":true,"renderedInThisRun":true,"evidenceOrigin":"FRESH_RENDER_THIS_RUN","originalOrigin":null},{"kind":"boundary","document":"boundary.pdf","page":23,"png":"nm_conviction-set/boundary/page-023.png","bytes":257317,"pngSha256":"8293cdd81b82c6768518df6a80e7c976ff1cde4ae14f96193d00ee48fec17da7","pngWidth":2040,"pngHeight":2640,"paper":{"x0":204,"y0":3,"x1":2243,"y1":2642,"width":2040,"height":2640},"pxPerPt":3.3333333333333335,"expectedPxPerPt":3.333333333333333,"pageWidthPt":612,"pageHeightPt":792,"expectedPx":{"width":2039.9999999999998,"height":2639.9999999999995,"tolerancePx":6.666666666666666},"calibrationResidualPx":0,"inkFractionInsidePaper":0.031810011883541295,"nonblank":true,"croppedToThePage":true,"renderedInThisRun":true,"evidenceOrigin":"FRESH_RENDER_THIS_RUN","originalOrigin":null},{"kind":"boundary","document":"boundary.pdf","page":24,"png":"nm_conviction-set/boundary/page-024.png","bytes":237250,"pngSha256":"444b16729a429715f179164a507b7bbd8b7fc1744082fd22f12ebeb5de39b84a","pngWidth":2040,"pngHeight":2640,"paper":{"x0":204,"y0":3,"x1":2243,"y1":2642,"width":2040,"height":2640},"pxPerPt":3.3333333333333335,"expectedPxPerPt":3.333333333333333,"pageWidthPt":612,"pageHeightPt":792,"expectedPx":{"width":2039.9999999999998,"height":2639.9999999999995,"tolerancePx":6.666666666666666},"calibrationResidualPx":0,"inkFractionInsidePaper":0.023424873737373737,"nonblank":true,"croppedToThePage":true,"renderedInThisRun":true,"evidenceOrigin":"FRESH_RENDER_THIS_RUN","originalOrigin":null}],"problems":[],"environmentProblems":[],"whatThisDoesNotDecide":"This is one gate. RASTER_PASS does not make a family PASS_COMPLETE, promotes nothing, and opens no commercial route.","packetPdfsModified":0,"bodiesCommitted":0,"commercialRoutesOpened":0,"productionTouched":false}
nm_conviction-set	Render and measure nm_conviction-set	2026-09-12T00:46:14.8104712Z RCAP_RECEIPT_INVENTORY [{"runId":"34662168673","familyId":"nm_conviction-set","member":"nm_conviction-set/canonical/page-001.png","bytes":449823,"sha256":"b89169f2617d9c5a07e1b5a875804eccce6c4985451d10d2282c364dff0fa401","pngWidth":2040,"pngHeight":2640},{"runId":"34662168673","familyId":"nm_conviction-set","member":"nm_conviction-set/canonical/page-002.png","bytes":491776,"sha256":"dc4e4ac2c9a9b19e86d43cbb84ea1203aec7aab202d39f2fad20e73177169cea","pngWidth":2040,"pngHeight":2640},{"runId":"34662168673","familyId":"nm_conviction-set","member":"nm_conviction-set/canonical/page-003.png","bytes":596791,"sha256":"cb5031b5b752695d18801dc2e754024d14b9ece6af58529d3bd9f503f1be18c3","pngWidth":2040,"pngHeight":2640},{"runId":"34662168673","familyId":"nm_conviction-set","member":"nm_conviction-set/canonical/page-004.png","bytes":497451,"sha256":"edce0c02631cf66cc06c694b0e7cf4e3155c3e126a887252c05b4b68bcb3ccbc","pngWidth":2040,"pngHeight":2640},{"runId":"34662168673","familyId":"nm_conviction-set","member":"nm_conviction-set/canonical/page-005.png","bytes":187707,"sha256":"7e278d5b88aeb3dd893abe550d61504da51360c670b0ff6eaef596c3336ada4b","pngWidth":2040,"pngHeight":2640},{"runId":"34662168673","familyId":"nm_conviction-set","member":"nm_conviction-set/canonical/page-006.png","bytes":449943,"sha256":"b8cf2f8d73f98c94d7c38683b77ba1c46cc4f1b34f126c8c71de0b90ed251a9c","pngWidth":2040,"pngHeight":2640},{"runId":"34662168673","familyId":"nm_conviction-set","member":"nm_conviction-set/canonical/page-007.png","bytes":172501,"sha256":"cb38a8faf31ff9105298e7de11c07218eed6c25bc1889ca745cd5757bc633ec1","pngWidth":2040,"pngHeight":2640},{"runId":"34662168673","familyId":"nm_conviction-set","member":"nm_conviction-set/canonical/page-008.png","bytes":451336,"sha256":"31d13c800bacc7b7aeba343ac820b3851af33bd438bb1bb4cf0684917f926efc","pngWidth":2040,"pngHeight":2640},{"runId":"34662168673","familyId":"nm_conviction-set","member":"nm_conviction-set/canonical/page-009.png","bytes":307824,"sha256":"38d129d60b63036955357ad2c9aec07b6cc0ea0adf9a3ec7a812b4672b8290d7","pngWidth":2040,"pngHeight":2640},{"runId":"34662168673","familyId":"nm_conviction-set","member":"nm_conviction-set/canonical/page-010.png","bytes":223353,"sha256":"2c118b2f5c620a9130beb95a9b8b372b9e803d23cce649fa8b239fb562501d29","pngWidth":2040,"pngHeight":2640},{"runId":"34662168673","familyId":"nm_conviction-set","member":"nm_conviction-set/canonical/page-011.png","bytes":365139,"sha256":"22036dfa98a05edf85d6b57f20cc6b91b0249bc4fc101f770514ca4502ba0f5e","pngWidth":2040,"pngHeight":2640},{"runId":"34662168673","familyId":"nm_conviction-set","member":"nm_conviction-set/canonical/page-012.png","bytes":258722,"sha256":"ea457f4e4cdb9bb66785f1949d57174557d50e5ddafe370ba6e3a2f6b6407615","pngWidth":2040,"pngHeight":2640},{"runId":"34662168673","familyId":"nm_conviction-set","member":"nm_conviction-set/canonical/page-013.png","bytes":246734,"sha256":"276d789a4460173b454497dee7bd7fea229af7f74f1b00caf964f8a249bc5afe","pngWidth":2040,"pngHeight":2640},{"runId":"34662168673","familyId":"nm_conviction-set","member":"nm_conviction-set/canonical/page-014.png","bytes":143074,"sha256":"8a4f4a75e0c7e67b8c80f9112f4d8014e21b2c230964c6ae43c2d7326eb116b6","pngWidth":2040,"pngHeight":2640},{"runId":"34662168673","familyId":"nm_conviction-set","member":"nm_conviction-set/canonical/page-015.png","bytes":166154,"sha256":"f8c98ad639e17e8eb572575b08d2aff29fa362589a91bc7c7df19894723111d1","pngWidth":2040,"pngHeight":2640},{"runId":"34662168673","familyId":"nm_conviction-set","member":"nm_conviction-set/canonical/page-016.png","bytes":431928,"sha256":"5237cad7ee5aafae925f05f6310d04cd16c82f9c932aaeee5f0420ecfe90826a","pngWidth":2040,"pngHeight":2640},{"runId":"34662168673","familyId":"nm_conviction-set","member":"nm_conviction-set/canonical/page-017.png","bytes":306107,"sha256":"167ff1010f925fa189d267d7b893e751fbf3f8329b9041c11f32ede6d9c15570","pngWidth":2040,"pngHeight":2640},{"runId":"34662168673","familyId":"nm_conviction-set","member":"nm_conviction-set/canonical/page-018.png","bytes":276042,"sha256":"03e5127ccb279a068257093f2590f92a83076fb24a7e2cc36188a4c298e4f16a","pngWidth":2040,"pngHeight":2640},{"runId":"34662168673","familyId":"nm_conviction-set","member":"nm_conviction-set/canonical/page-019.png","bytes":284058,"sha256":"9ca06d17338adc2906d6001ce03d6d8b840dbda403dd321d74fe1dc653f426fd","pngWidth":2040,"pngHeight":2640},{"runId":"34662168673","familyId":"nm_conviction-set","member":"nm_conviction-set/canonical/page-020.png","bytes":343470,"sha256":"c1437e035f7814e6a41bf2574a806e3d969a3c2936153df00a53cd3b1c893f0e","pngWidth":2040,"pngHeight":2640},{"runId":"34662168673","familyId":"nm_conviction-set","member":"nm_conviction-set/canonical/page-021.png","bytes":282122,"sha256":"54dd75719b3d54371bec7210fb9da0961a2ecf0a5e53737be8ca9076f2fa797d","pngWidth":2040,"pngHeight":2640},{"runId":"34662168673","familyId":"nm_conviction-set","member":"nm_conviction-set/canonical/page-022.png","bytes":266275,"sha256":"25cadfdd7ee8b25c1d5139d15ec448d3f891759b0d03cfcdae28987ec1245b2c","pngWidth":2040,"pngHeight":2640},{"runId":"34662168673","familyId":"nm_conviction-set","member":"nm_conviction-set/canonical/page-023.png","bytes":246327,"sha256":"cc73f098164dd010aaa642305ba52147a603f08d461d5c31052db6f3afb11afe","pngWidth":2040,"pngHeight":2640},{"runId":"34662168673","familyId":"nm_conviction-set","member":"nm_conviction-set/canonical/page-024.png","bytes":237250,"sha256":"444b16729a429715f179164a507b7bbd8b7fc1744082fd22f12ebeb5de39b84a","pngWidth":2040,"pngHeight":2640},{"runId":"34662168673","familyId":"nm_conviction-set","member":"nm_conviction-set/boundary/page-001.png","bytes":457586,"sha256":"a946c429fdf261e091df52e80eb29232d45a85e9aeadce089729a5a1047c5392","pngWidth":2040,"pngHeight":2640},{"runId":"34662168673","familyId":"nm_conviction-set","member":"nm_conviction-set/boundary/page-002.png","bytes":490766,"sha256":"58ab377184b74b23726a85ce9dafcf02bd8a9e62823c666491363ea61d8743f6","pngWidth":2040,"pngHeight":2640},{"runId":"34662168673","familyId":"nm_conviction-set","member":"nm_conviction-set/boundary/page-003.png","bytes":595283,"sha256":"556a3a1ab749455f8ac79e9e338f092be757ab5b51d3ae9d893d80dbf9ab361b","pngWidth":2040,"pngHeight":2640},{"runId":"34662168673","familyId":"nm_conviction-set","member":"nm_conviction-set/boundary/page-004.png","bytes":500632,"sha256":"cb6b5d54d798aa8a0594b9afb6dda8dfc79aa865bf41216178039322c7a20895","pngWidth":2040,"pngHeight":2640},{"runId":"34662168673","familyId":"nm_conviction-set","member":"nm_conviction-set/boundary/page-005.png","bytes":187707,"sha256":"7e278d5b88aeb3dd893abe550d61504da51360c670b0ff6eaef596c3336ada4b","pngWidth":2040,"pngHeight":2640},{"runId":"34662168673","familyId":"nm_conviction-set","member":"nm_conviction-set/boundary/page-006.png","bytes":453962,"sha256":"998193a7948f5b87e5e427a925454bda083369bc873754c941b28002759422c0","pngWidth":2040,"pngHeight":2640},{"runId":"34662168673","familyId":"nm_conviction-set","member":"nm_conviction-set/boundary/page-007.png","bytes":172501,"sha256":"cb38a8faf31ff9105298e7de11c07218eed6c25bc1889ca745cd5757bc633ec1","pngWidth":2040,"pngHeight":2640},{"runId":"34662168673","familyId":"nm_conviction-set","member":"nm_conviction-set/boundary/page-008.png","bytes":455101,"sha256":"a50391177376c425eaff0f661575751d222afc182b67c738d9200387547ea34e","pngWidth":2040,"pngHeight":2640},{"runId":"34662168673","familyId":"nm_conviction-set","member":"nm_conviction-set/boundary/page-009.png","bytes":310924,"sha256":"f85b6d34d31a6f43a274f8e002a929cb1f90c72778f3e75ef30faafee07d9140","pngWidth":2040,"pngHeight":2640},{"runId":"34662168673","familyId":"nm_conviction-set","member":"nm_conviction-set/boundary/page-010.png","bytes":223353,"sha256":"2c118b2f5c620a9130beb95a9b8b372b9e803d23cce649fa8b239fb562501d29","pngWidth":2040,"pngHeight":2640},{"runId":"34662168673","familyId":"nm_conviction-set","member":"nm_conviction-set/boundary/page-011.png","bytes":370983,"sha256":"63a3b1fffa2cdeaca5c6bf8918551755885ca8880048a0e5b97ab91e1730515c","pngWidth":2040,"pngHeight":2640},{"runId":"34662168673","familyId":"nm_conviction-set","member":"nm_conviction-set/boundary/page-012.png","bytes":265654,"sha256":"26a1666a317473fb01f7f665891d2f3a4d548655a5875d0d775e16889d2da8ad","pngWidth":2040,"pngHeight":2640},{"runId":"34662168673","familyId":"nm_conviction-set","member":"nm_conviction-set/boundary/page-013.png","bytes":252839,"sha256":"2011da2f87ceaa627140c6f993a6e5de79a0028caa38038cbf9c59bc4d0ce70f","pngWidth":2040,"pngHeight":2640},{"runId":"34662168673","familyId":"nm_conviction-set","member":"nm_conviction-set/boundary/page-014.png","bytes":143074,"sha256":"8a4f4a75e0c7e67b8c80f9112f4d8014e21b2c230964c6ae43c2d7326eb116b6","pngWidth":2040,"pngHeight":2640},{"runId":"34662168673","familyId":"nm_conviction-set","member":"nm_conviction-set/boundary/page-015.png","bytes":166154,"sha256":"f8c98ad639e17e8eb572575b08d2aff29fa362589a91bc7c7df19894723111d1","pngWidth":2040,"pngHeight":2640},{"runId":"34662168673","familyId":"nm_conviction-set","member":"nm_conviction-set/boundary/page-016.png","bytes":436080,"sha256":"e9a40f43aea06c4772e49cdf3627e23e7efce605cd6c76e5d947cce484a7a433","pngWidth":2040,"pngHeight":2640},{"runId":"34662168673","familyId":"nm_conviction-set","member":"nm_conviction-set/boundary/page-017.png","bytes":306107,"sha256":"167ff1010f925fa189d267d7b893e751fbf3f8329b9041c11f32ede6d9c15570","pngWidth":2040,"pngHeight":2640},{"runId":"34662168673","familyId":"nm_conviction-set","member":"nm_conviction-set/boundary/page-018.png","bytes":276042,"sha256":"03e5127ccb279a068257093f2590f92a83076fb24a7e2cc36188a4c298e4f16a","pngWidth":2040,"pngHeight":2640},{"runId":"34662168673","familyId":"nm_conviction-set","member":"nm_conviction-set/boundary/page-019.png","bytes":284058,"sha256":"9ca06d17338adc2906d6001ce03d6d8b840dbda403dd321d74fe1dc653f426fd","pngWidth":2040,"pngHeight":2640},{"runId":"34662168673","familyId":"nm_conviction-set","member":"nm_conviction-set/boundary/page-020.png","bytes":347344,"sha256":"06b6cb1d9dd5cd72c973d57fba1286f12a6c8cddc4d5edbacc3cbd59630fc589","pngWidth":2040,"pngHeight":2640},{"runId":"34662168673","familyId":"nm_conviction-set","member":"nm_conviction-set/boundary/page-021.png","bytes":282122,"sha256":"54dd75719b3d54371bec7210fb9da0961a2ecf0a5e53737be8ca9076f2fa797d","pngWidth":2040,"pngHeight":2640},{"runId":"34662168673","familyId":"nm_conviction-set","member":"nm_conviction-set/boundary/page-022.png","bytes":268855,"sha256":"07eaa012b327e6a3c781d168d0c8e3641ae70abbaed6e445520019c32d7cb0d0","pngWidth":2040,"pngHeight":2640},{"runId":"34662168673","familyId":"nm_conviction-set","member":"nm_conviction-set/boundary/page-023.png","bytes":257317,"sha256":"8293cdd81b82c6768518df6a80e7c976ff1cde4ae14f96193d00ee48fec17da7","pngWidth":2040,"pngHeight":2640},{"runId":"34662168673","familyId":"nm_conviction-set","member":"nm_conviction-set/boundary/page-024.png","bytes":237250,"sha256":"444b16729a429715f179164a507b7bbd8b7fc1744082fd22f12ebeb5de39b84a","pngWidth":2040,"pngHeight":2640}]
nm_conviction-set	Render and measure nm_conviction-set	2026-09-12T00:46:14.8139592Z RCAP_RECEIPT_END family=nm_conviction-set run=34662168673 pages=48
nm_conviction-set	Render and measure nm_conviction-set	2026-09-12T00:46:14.8140622Z RASTER_PASS nm_conviction-set — 2 document(s), 48 page(s) measured, 0 problem(s)
nm_conviction-set	Print the verdict and the page digests to the log	﻿2026-09-12T00:46:14.8183021Z ##[group]Run set -uo pipefail
nm_conviction-set	Print the verdict and the page digests to the log	2026-09-12T00:46:14.8183340Z ^[[36;1mset -uo pipefail^[[0m
nm_conviction-set	Print the verdict and the page digests to the log	2026-09-12T00:46:14.8183618Z ^[[36;1mfor v in raster-out/*.verdict.json; do^[[0m
nm_conviction-set	Print the verdict and the page digests to the log	2026-09-12T00:46:14.8183929Z ^[[36;1m  [ -e "$v" ] || continue^[[0m
nm_conviction-set	Print the verdict and the page digests to the log	2026-09-12T00:46:14.8184238Z ^[[36;1m  echo "===== BEGIN VERDICT $(basename "$v") ====="^[[0m
nm_conviction-set	Print the verdict and the page digests to the log	2026-09-12T00:46:14.8184567Z ^[[36;1m  cat "$v"^[[0m
nm_conviction-set	Print the verdict and the page digests to the log	2026-09-12T00:46:14.8184820Z ^[[36;1m  echo "===== END VERDICT $(basename "$v") ====="^[[0m
nm_conviction-set	Print the verdict and the page digests to the log	2026-09-12T00:46:14.8185113Z ^[[36;1mdone^[[0m
nm_conviction-set	Print the verdict and the page digests to the log	2026-09-12T00:46:14.8185346Z ^[[36;1mecho "===== BEGIN PAGE DIGESTS ====="^[[0m
nm_conviction-set	Print the verdict and the page digests to the log	2026-09-12T00:46:14.8185940Z ^[[36;1mfind raster-out -type f -name '*.png' -print0 | sort -z | xargs -0 -r sha256sum^[[0m
nm_conviction-set	Print the verdict and the page digests to the log	2026-09-12T00:46:14.8186377Z ^[[36;1mecho "===== END PAGE DIGESTS ====="^[[0m
nm_conviction-set	Print the verdict and the page digests to the log	2026-09-12T00:46:14.8225157Z shell: /usr/bin/bash -e {0}
nm_conviction-set	Print the verdict and the page digests to the log	2026-09-12T00:46:14.8225435Z env:
nm_conviction-set	Print the verdict and the page digests to the log	2026-09-12T00:46:14.8225897Z   pythonLocation: /opt/hostedtoolcache/Python/3.12.14/x64
nm_conviction-set	Print the verdict and the page digests to the log	2026-09-12T00:46:14.8226386Z   PKG_CONFIG_PATH: /opt/hostedtoolcache/Python/3.12.14/x64/lib/pkgconfig
nm_conviction-set	Print the verdict and the page digests to the log	2026-09-12T00:46:14.8226882Z   Python_ROOT_DIR: /opt/hostedtoolcache/Python/3.12.14/x64
nm_conviction-set	Print the verdict and the page digests to the log	2026-09-12T00:46:14.8227263Z   Python2_ROOT_DIR: /opt/hostedtoolcache/Python/3.12.14/x64
nm_conviction-set	Print the verdict and the page digests to the log	2026-09-12T00:46:14.8227644Z   Python3_ROOT_DIR: /opt/hostedtoolcache/Python/3.12.14/x64
nm_conviction-set	Print the verdict and the page digests to the log	2026-09-12T00:46:14.8228035Z   LD_LIBRARY_PATH: /opt/hostedtoolcache/Python/3.12.14/x64/lib
nm_conviction-set	Print the verdict and the page digests to the log	2026-09-12T00:46:14.8228438Z   PLAYWRIGHT_BROWSERS_PATH: /home/runner/.cache/ms-playwright
nm_conviction-set	Print the verdict and the page digests to the log	2026-09-12T00:46:14.8228775Z ##[endgroup]
nm_conviction-set	Print the verdict and the page digests to the log	2026-09-12T00:46:14.8303958Z ===== BEGIN VERDICT nm_conviction-set.verdict.json =====
nm_conviction-set	Print the verdict and the page digests to the log	2026-09-12T00:46:14.8313875Z {
nm_conviction-set	Print the verdict and the page digests to the log	2026-09-12T00:46:14.8314364Z   "schemaVersion": "rcap-raster-family-verdict/v1",
nm_conviction-set	Print the verdict and the page digests to the log	2026-09-12T00:46:14.8314937Z   "familyId": "nm_conviction-set",
nm_conviction-set	Print the verdict and the page digests to the log	2026-09-12T00:46:14.8315381Z   "verdict": "RASTER_PASS",
nm_conviction-set	Print the verdict and the page digests to the log	2026-09-12T00:46:14.8316105Z   "packetCommitSha": "900e79e966556b6286c360f95fbaeaddb85271b3",
nm_conviction-set	Print the verdict and the page digests to the log	2026-09-12T00:46:14.8316714Z   "workflowRunId": "34662168673",
nm_conviction-set	Print the verdict and the page digests to the log	2026-09-12T00:46:14.8317156Z   "requestedScale": 2.5,
nm_conviction-set	Print the verdict and the page digests to the log	2026-09-12T00:46:14.8317572Z   "cssPxPerPt": 1.3333333333333333,
nm_conviction-set	Print the verdict and the page digests to the log	2026-09-12T00:46:14.8318379Z   "browserExecutable": "/home/runner/.cache/ms-playwright/chromium-1223/chrome-linux64/chrome",
nm_conviction-set	Print the verdict and the page digests to the log	2026-09-12T00:46:14.8319192Z   "resolvedBy": "PLAYWRIGHT_BROWSERS_PATH",
nm_conviction-set	Print the verdict and the page digests to the log	2026-09-12T00:46:14.8319784Z   "operatingSystem": "Linux 6.17.0-1022-azure x64",
nm_conviction-set	Print the verdict and the page digests to the log	2026-09-12T00:46:14.8320297Z   "nodeVersion": "v22.23.2",
nm_conviction-set	Print the verdict and the page digests to the log	2026-09-12T00:46:14.8320669Z   "hashesBound": {
nm_conviction-set	Print the verdict and the page digests to the log	2026-09-12T00:46:14.8321306Z     "canonical": {
nm_conviction-set	Print the verdict and the page digests to the log	2026-09-12T00:46:14.8322154Z       "path": "data/rcap-all50/overlays/census-v1/nm/nm-conviction-set--official-pdf-fill/fixtures/canonical.pdf",
nm_conviction-set	Print the verdict and the page digests to the log	2026-09-12T00:46:14.8323254Z       "pinned": "b943cf5b16d95882e1a096504438d792fdbdddcc82acab09e58076421978658a"
nm_conviction-set	Print the verdict and the page digests to the log	2026-09-12T00:46:14.8323880Z     },
nm_conviction-set	Print the verdict and the page digests to the log	2026-09-12T00:46:14.8324168Z     "boundary": {
nm_conviction-set	Print the verdict and the page digests to the log	2026-09-12T00:46:14.8324970Z       "path": "data/rcap-all50/overlays/census-v1/nm/nm-conviction-set--official-pdf-fill/fixtures/boundary.pdf",
nm_conviction-set	Print the verdict and the page digests to the log	2026-09-12T00:46:14.8326224Z       "pinned": "4d1b288fd4cd9f5857f7603554a82f3b030345c013ad559c9afc328eae8e577f"
nm_conviction-set	Print the verdict and the page digests to the log	2026-09-12T00:46:14.8326838Z     }
nm_conviction-set	Print the verdict and the page digests to the log	2026-09-12T00:46:14.8327111Z   },
nm_conviction-set	Print the verdict and the page digests to the log	2026-09-12T00:46:14.8327418Z   "documentsRendered": [
nm_conviction-set	Print the verdict and the page digests to the log	2026-09-12T00:46:14.8327759Z     {
nm_conviction-set	Print the verdict and the page digests to the log	2026-09-12T00:46:14.8328288Z       "role": "canonical",
nm_conviction-set	Print the verdict and the page digests to the log	2026-09-12T00:46:14.8328679Z       "document": "canonical.pdf",
nm_conviction-set	Print the verdict and the page digests to the log	2026-09-12T00:46:14.8329250Z       "path": "data/rcap-all50/overlays/census-v1/nm/nm-conviction-set--official-pdf-fill/fixtures/canonical.pdf",
nm_conviction-set	Print the verdict and the page digests to the log	2026-09-12T00:46:14.8329964Z       "pinned": "b943cf5b16d95882e1a096504438d792fdbdddcc82acab09e58076421978658a",
nm_conviction-set	Print the verdict and the page digests to the log	2026-09-12T00:46:14.8330401Z       "renderedInThisRun": false,
nm_conviction-set	Print the verdict and the page digests to the log	2026-09-12T00:46:14.8330665Z       "originalOrigin": {
nm_conviction-set	Print the verdict and the page digests to the log	2026-09-12T00:46:14.8330934Z         "workflowRunId": "34660850664",
nm_conviction-set	Print the verdict and the page digests to the log	2026-09-12T00:46:14.8331315Z         "packetCommitSha": "918c8e041377f252910579d03c26505cce8a0335",
nm_conviction-set	Print the verdict and the page digests to the log	2026-09-12T00:46:14.8332155Z         "verdictPath": "data/rcap-grade-a/packet-factory-24h/raster-runs/34660850664/nm_conviction-set.verdict.json",
nm_conviction-set	Print the verdict and the page digests to the log	2026-09-12T00:46:14.8333313Z         "verdictSha256": "53a505056d02d62bc76976f217d634e9c037a97a1986a7a4b65b0d960cc86a88",
nm_conviction-set	Print the verdict and the page digests to the log	2026-09-12T00:46:14.8334032Z         "artifactId": 10287497306,
nm_conviction-set	Print the verdict and the page digests to the log	2026-09-12T00:46:14.8334790Z         "artifactZipSha256": "3f6252f74ad77d07fcfbd66b0e754de0002945d63a02c650ea0e5b3bd3100ef2",
nm_conviction-set	Print the verdict and the page digests to the log	2026-09-12T00:46:14.8335511Z         "pages": 24
nm_conviction-set	Print the verdict and the page digests to the log	2026-09-12T00:46:14.8336317Z       }
nm_conviction-set	Print the verdict and the page digests to the log	2026-09-12T00:46:14.8336604Z     },
nm_conviction-set	Print the verdict and the page digests to the log	2026-09-12T00:46:14.8336879Z     {
nm_conviction-set	Print the verdict and the page digests to the log	2026-09-12T00:46:14.8337179Z       "role": "boundary",
nm_conviction-set	Print the verdict and the page digests to the log	2026-09-12T00:46:14.8337597Z       "document": "boundary.pdf",
nm_conviction-set	Print the verdict and the page digests to the log	2026-09-12T00:46:14.8338521Z       "path": "data/rcap-all50/overlays/census-v1/nm/nm-conviction-set--official-pdf-fill/fixtures/boundary.pdf",
nm_conviction-set	Print the verdict and the page digests to the log	2026-09-12T00:46:14.8339722Z       "pinned": "4d1b288fd4cd9f5857f7603554a82f3b030345c013ad559c9afc328eae8e577f",
nm_conviction-set	Print the verdict and the page digests to the log	2026-09-12T00:46:14.8340404Z       "renderedInThisRun": true,
nm_conviction-set	Print the verdict and the page digests to the log	2026-09-12T00:46:14.8340808Z       "originalOrigin": null
nm_conviction-set	Print the verdict and the page digests to the log	2026-09-12T00:46:14.8341175Z     }
nm_conviction-set	Print the verdict and the page digests to the log	2026-09-12T00:46:14.8341455Z   ],
nm_conviction-set	Print the verdict and the page digests to the log	2026-09-12T00:46:14.8341790Z   "freshRenderedDocuments": [
nm_conviction-set	Print the verdict and the page digests to the log	2026-09-12T00:46:14.8342162Z     {
nm_conviction-set	Print the verdict and the page digests to the log	2026-09-12T00:46:14.8342438Z       "role": "boundary",
nm_conviction-set	Print the verdict and the page digests to the log	2026-09-12T00:46:14.8342832Z       "document": "boundary.pdf",
nm_conviction-set	Print the verdict and the page digests to the log	2026-09-12T00:46:14.8343705Z       "path": "data/rcap-all50/overlays/census-v1/nm/nm-conviction-set--official-pdf-fill/fixtures/boundary.pdf",
nm_conviction-set	Print the verdict and the page digests to the log	2026-09-12T00:46:14.8344765Z       "pinned": "4d1b288fd4cd9f5857f7603554a82f3b030345c013ad559c9afc328eae8e577f",
nm_conviction-set	Print the verdict and the page digests to the log	2026-09-12T00:46:14.8345460Z       "renderedInThisRun": true,
nm_conviction-set	Print the verdict and the page digests to the log	2026-09-12T00:46:14.8346068Z       "originalOrigin": null
nm_conviction-set	Print the verdict and the page digests to the log	2026-09-12T00:46:14.8346432Z     }
nm_conviction-set	Print the verdict and the page digests to the log	2026-09-12T00:46:14.8346707Z   ],
nm_conviction-set	Print the verdict and the page digests to the log	2026-09-12T00:46:14.8347008Z   "reusedDocuments": [
nm_conviction-set	Print the verdict and the page digests to the log	2026-09-12T00:46:14.8347346Z     {
nm_conviction-set	Print the verdict and the page digests to the log	2026-09-12T00:46:14.8347638Z       "role": "canonical",
nm_conviction-set	Print the verdict and the page digests to the log	2026-09-12T00:46:14.8348041Z       "document": "canonical.pdf",
nm_conviction-set	Print the verdict and the page digests to the log	2026-09-12T00:46:14.8348934Z       "path": "data/rcap-all50/overlays/census-v1/nm/nm-conviction-set--official-pdf-fill/fixtures/canonical.pdf",
nm_conviction-set	Print the verdict and the page digests to the log	2026-09-12T00:46:14.8350040Z       "pinned": "b943cf5b16d95882e1a096504438d792fdbdddcc82acab09e58076421978658a",
nm_conviction-set	Print the verdict and the page digests to the log	2026-09-12T00:46:14.8350734Z       "renderedInThisRun": false,
nm_conviction-set	Print the verdict and the page digests to the log	2026-09-12T00:46:14.8351150Z       "originalOrigin": {
nm_conviction-set	Print the verdict and the page digests to the log	2026-09-12T00:46:14.8351576Z         "workflowRunId": "34660850664",
nm_conviction-set	Print the verdict and the page digests to the log	2026-09-12T00:46:14.8352165Z         "packetCommitSha": "918c8e041377f252910579d03c26505cce8a0335",
nm_conviction-set	Print the verdict and the page digests to the log	2026-09-12T00:46:14.8352836Z         "verdictPath": "data/rcap-grade-a/packet-factory-24h/raster-runs/34660850664/nm_conviction-set.verdict.json",
nm_conviction-set	Print the verdict and the page digests to the log	2026-09-12T00:46:14.8353558Z         "verdictSha256": "53a505056d02d62bc76976f217d634e9c037a97a1986a7a4b65b0d960cc86a88",
nm_conviction-set	Print the verdict and the page digests to the log	2026-09-12T00:46:14.8354006Z         "artifactId": 10287497306,
nm_conviction-set	Print the verdict and the page digests to the log	2026-09-12T00:46:14.8354497Z         "artifactZipSha256": "3f6252f74ad77d07fcfbd66b0e754de0002945d63a02c650ea0e5b3bd3100ef2",
nm_conviction-set	Print the verdict and the page digests to the log	2026-09-12T00:46:14.8354936Z         "pages": 24
nm_conviction-set	Print the verdict and the page digests to the log	2026-09-12T00:46:14.8355144Z       }
nm_conviction-set	Print the verdict and the page digests to the log	2026-09-12T00:46:14.8355323Z     }
nm_conviction-set	Print the verdict and the page digests to the log	2026-09-12T00:46:14.8355516Z   ],
nm_conviction-set	Print the verdict and the page digests to the log	2026-09-12T00:46:14.8355901Z   "freshRenderedPages": 24,
nm_conviction-set	Print the verdict and the page digests to the log	2026-09-12T00:46:14.8356223Z   "reusedPages": 24,
nm_conviction-set	Print the verdict and the page digests to the log	2026-09-12T00:46:14.8356654Z   "documentsDigest": "86b0530450fbac9d577424cc0f60094ae456469857c7c96edc7cc0f64e4e88ba",
nm_conviction-set	Print the verdict and the page digests to the log	2026-09-12T00:46:14.8357325Z   "coversTheWholeFamily": true,
nm_conviction-set	Print the verdict and the page digests to the log	2026-09-12T00:46:14.8357592Z   "decryptionTransforms": [],
nm_conviction-set	Print the verdict and the page digests to the log	2026-09-12T00:46:14.8359303Z   "decryptionRule": "An encrypted source is hashed before any transform; Poppler and qpdf must independently agree on its page count; the temporary derivative is decrypted and serialized with explicit objects, then admitted only when geometry, decoded page content, fields/widgets, and XFA remain identical; only that temporary transport is passed to pdf-lib for calibrated rendering; the queued packet bytes are never modified.",
nm_conviction-set	Print the verdict and the page digests to the log	2026-09-12T00:46:14.8360831Z   "pagesMeasured": 48,
nm_conviction-set	Print the verdict and the page digests to the log	2026-09-12T00:46:14.8361065Z   "measurements": [
nm_conviction-set	Print the verdict and the page digests to the log	2026-09-12T00:46:14.8361270Z     {
nm_conviction-set	Print the verdict and the page digests to the log	2026-09-12T00:46:14.8361476Z       "kind": "canonical",
nm_conviction-set	Print the verdict and the page digests to the log	2026-09-12T00:46:14.8361882Z       "document": "canonical.pdf",
nm_conviction-set	Print the verdict and the page digests to the log	2026-09-12T00:46:14.8362140Z       "page": 1,
nm_conviction-set	Print the verdict and the page digests to the log	2026-09-12T00:46:14.8362438Z       "png": "nm_conviction-set/canonical/page-001.png",
nm_conviction-set	Print the verdict and the page digests to the log	2026-09-12T00:46:14.8362757Z       "bytes": 449823,
nm_conviction-set	Print the verdict and the page digests to the log	2026-09-12T00:46:14.8363167Z       "pngSha256": "b89169f2617d9c5a07e1b5a875804eccce6c4985451d10d2282c364dff0fa401",
nm_conviction-set	Print the verdict and the page digests to the log	2026-09-12T00:46:14.8363589Z       "pngWidth": 2040,
nm_conviction-set	Print the verdict and the page digests to the log	2026-09-12T00:46:14.8363820Z       "pngHeight": 2640,
nm_conviction-set	Print the verdict and the page digests to the log	2026-09-12T00:46:14.8364043Z       "paper": {
nm_conviction-set	Print the verdict and the page digests to the log	2026-09-12T00:46:14.8364244Z         "x0": 204,
nm_conviction-set	Print the verdict and the page digests to the log	2026-09-12T00:46:14.8364451Z         "y0": 3,
nm_conviction-set	Print the verdict and the page digests to the log	2026-09-12T00:46:14.8364642Z         "x1": 2243,
nm_conviction-set	Print the verdict and the page digests to the log	2026-09-12T00:46:14.8364843Z         "y1": 2642,
nm_conviction-set	Print the verdict and the page digests to the log	2026-09-12T00:46:14.8365042Z         "width": 2040,
nm_conviction-set	Print the verdict and the page digests to the log	2026-09-12T00:46:14.8365251Z         "height": 2640
nm_conviction-set	Print the verdict and the page digests to the log	2026-09-12T00:46:14.8365457Z       },
nm_conviction-set	Print the verdict and the page digests to the log	2026-09-12T00:46:14.8365693Z       "pxPerPt": 3.3333333333333335,
nm_conviction-set	Print the verdict and the page digests to the log	2026-09-12T00:46:14.8366295Z       "expectedPxPerPt": 3.333333333333333,
nm_conviction-set	Print the verdict and the page digests to the log	2026-09-12T00:46:14.8366588Z       "pageWidthPt": 612,
nm_conviction-set	Print the verdict and the page digests to the log	2026-09-12T00:46:14.8366835Z       "pageHeightPt": 792,
nm_conviction-set	Print the verdict and the page digests to the log	2026-09-12T00:46:14.8367078Z       "expectedPx": {
nm_conviction-set	Print the verdict and the page digests to the log	2026-09-12T00:46:14.8367318Z         "width": 2039.9999999999998,
nm_conviction-set	Print the verdict and the page digests to the log	2026-09-12T00:46:14.8367595Z         "height": 2639.9999999999995,
nm_conviction-set	Print the verdict and the page digests to the log	2026-09-12T00:46:14.8367884Z         "tolerancePx": 6.666666666666666
nm_conviction-set	Print the verdict and the page digests to the log	2026-09-12T00:46:14.8368143Z       },
nm_conviction-set	Print the verdict and the page digests to the log	2026-09-12T00:46:14.8368373Z       "calibrationResidualPx": 0,
nm_conviction-set	Print the verdict and the page digests to the log	2026-09-12T00:46:14.8368693Z       "inkFractionInsidePaper": 0.044144942067736184,
nm_conviction-set	Print the verdict and the page digests to the log	2026-09-12T00:46:14.8368998Z       "nonblank": true,
nm_conviction-set	Print the verdict and the page digests to the log	2026-09-12T00:46:14.8369264Z       "croppedToThePage": true,
nm_conviction-set	Print the verdict and the page digests to the log	2026-09-12T00:46:14.8369581Z       "renderedInThisRun": false,
nm_conviction-set	Print the verdict and the page digests to the log	2026-09-12T00:46:14.8369910Z       "evidenceOrigin": "REUSED_ORIGINAL_PAGE_EVIDENCE",
nm_conviction-set	Print the verdict and the page digests to the log	2026-09-12T00:46:14.8370226Z       "originalOrigin": {
nm_conviction-set	Print the verdict and the page digests to the log	2026-09-12T00:46:14.8370487Z         "workflowRunId": "34660850664",
nm_conviction-set	Print the verdict and the page digests to the log	2026-09-12T00:46:14.8370865Z         "packetCommitSha": "918c8e041377f252910579d03c26505cce8a0335",
nm_conviction-set	Print the verdict and the page digests to the log	2026-09-12T00:46:14.8371540Z         "verdictPath": "data/rcap-grade-a/packet-factory-24h/raster-runs/34660850664/nm_conviction-set.verdict.json",
nm_conviction-set	Print the verdict and the page digests to the log	2026-09-12T00:46:14.8372256Z         "verdictSha256": "53a505056d02d62bc76976f217d634e9c037a97a1986a7a4b65b0d960cc86a88",
nm_conviction-set	Print the verdict and the page digests to the log	2026-09-12T00:46:14.8372721Z         "artifactId": 10287497306,
nm_conviction-set	Print the verdict and the page digests to the log	2026-09-12T00:46:14.8373217Z         "artifactZipSha256": "3f6252f74ad77d07fcfbd66b0e754de0002945d63a02c650ea0e5b3bd3100ef2",
nm_conviction-set	Print the verdict and the page digests to the log	2026-09-12T00:46:14.8373769Z         "pngMember": "nm_conviction-set/canonical/page-001.png",
nm_conviction-set	Print the verdict and the page digests to the log	2026-09-12T00:46:14.8374283Z         "pngSha256": "b89169f2617d9c5a07e1b5a875804eccce6c4985451d10d2282c364dff0fa401"
nm_conviction-set	Print the verdict and the page digests to the log	2026-09-12T00:46:14.8374875Z       }
nm_conviction-set	Print the verdict and the page digests to the log	2026-09-12T00:46:14.8375139Z     },
nm_conviction-set	Print the verdict and the page digests to the log	2026-09-12T00:46:14.8375353Z     {
nm_conviction-set	Print the verdict and the page digests to the log	2026-09-12T00:46:14.8375555Z       "kind": "canonical",
nm_conviction-set	Print the verdict and the page digests to the log	2026-09-12T00:46:14.8376124Z       "document": "canonical.pdf",
nm_conviction-set	Print the verdict and the page digests to the log	2026-09-12T00:46:14.8376380Z       "page": 2,
nm_conviction-set	Print the verdict and the page digests to the log	2026-09-12T00:46:14.8376675Z       "png": "nm_conviction-set/canonical/page-002.png",
nm_conviction-set	Print the verdict and the page digests to the log	2026-09-12T00:46:14.8376993Z       "bytes": 491776,
nm_conviction-set	Print the verdict and the page digests to the log	2026-09-12T00:46:14.8377400Z       "pngSha256": "dc4e4ac2c9a9b19e86d43cbb84ea1203aec7aab202d39f2fad20e73177169cea",
nm_conviction-set	Print the verdict and the page digests to the log	2026-09-12T00:46:14.8377816Z       "pngWidth": 2040,
nm_conviction-set	Print the verdict and the page digests to the log	2026-09-12T00:46:14.8378044Z       "pngHeight": 2640,
nm_conviction-set	Print the verdict and the page digests to the log	2026-09-12T00:46:14.8378453Z       "paper": {
nm_conviction-set	Print the verdict and the page digests to the log	2026-09-12T00:46:14.8378664Z         "x0": 204,
nm_conviction-set	Print the verdict and the page digests to the log	2026-09-12T00:46:14.8378986Z         "y0": 3,
nm_conviction-set	Print the verdict and the page digests to the log	2026-09-12T00:46:14.8379314Z         "x1": 2243,
nm_conviction-set	Print the verdict and the page digests to the log	2026-09-12T00:46:14.8379615Z         "y1": 2642,
nm_conviction-set	Print the verdict and the page digests to the log	2026-09-12T00:46:14.8379912Z         "width": 2040,
nm_conviction-set	Print the verdict and the page digests to the log	2026-09-12T00:46:14.8380233Z         "height": 2640
nm_conviction-set	Print the verdict and the page digests to the log	2026-09-12T00:46:14.8380470Z       },
nm_conviction-set	Print the verdict and the page digests to the log	2026-09-12T00:46:14.8380698Z       "pxPerPt": 3.3333333333333335,
nm_conviction-set	Print the verdict and the page digests to the log	2026-09-12T00:46:14.8380996Z       "expectedPxPerPt": 3.333333333333333,
nm_conviction-set	Print the verdict and the page digests to the log	2026-09-12T00:46:14.8381282Z       "pageWidthPt": 612,
nm_conviction-set	Print the verdict and the page digests to the log	2026-09-12T00:46:14.8381518Z       "pageHeightPt": 792,
nm_conviction-set	Print the verdict and the page digests to the log	2026-09-12T00:46:14.8381754Z       "expectedPx": {
nm_conviction-set	Print the verdict and the page digests to the log	2026-09-12T00:46:14.8382000Z         "width": 2039.9999999999998,
nm_conviction-set	Print the verdict and the page digests to the log	2026-09-12T00:46:14.8382416Z         "height": 2639.9999999999995,
nm_conviction-set	Print the verdict and the page digests to the log	2026-09-12T00:46:14.8382706Z         "tolerancePx": 6.666666666666666
nm_conviction-set	Print the verdict and the page digests to the log	2026-09-12T00:46:14.8382965Z       },
nm_conviction-set	Print the verdict and the page digests to the log	2026-09-12T00:46:14.8383190Z       "calibrationResidualPx": 0,
nm_conviction-set	Print the verdict and the page digests to the log	2026-09-12T00:46:14.8383502Z       "inkFractionInsidePaper": 0.0495248440285205,
nm_conviction-set	Print the verdict and the page digests to the log	2026-09-12T00:46:14.8383924Z       "nonblank": true,
nm_conviction-set	Print the verdict and the page digests to the log	2026-09-12T00:46:14.8384271Z       "croppedToThePage": true,
nm_conviction-set	Print the verdict and the page digests to the log	2026-09-12T00:46:14.8384552Z       "renderedInThisRun": false,
nm_conviction-set	Print the verdict and the page digests to the log	2026-09-12T00:46:14.8384893Z       "evidenceOrigin": "REUSED_ORIGINAL_PAGE_EVIDENCE",
nm_conviction-set	Print the verdict and the page digests to the log	2026-09-12T00:46:14.8385213Z       "originalOrigin": {
nm_conviction-set	Print the verdict and the page digests to the log	2026-09-12T00:46:14.8385473Z         "workflowRunId": "34660850664",
nm_conviction-set	Print the verdict and the page digests to the log	2026-09-12T00:46:14.8386285Z         "packetCommitSha": "918c8e041377f252910579d03c26505cce8a0335",
nm_conviction-set	Print the verdict and the page digests to the log	2026-09-12T00:46:14.8387003Z         "verdictPath": "data/rcap-grade-a/packet-factory-24h/raster-runs/34660850664/nm_conviction-set.verdict.json",
nm_conviction-set	Print the verdict and the page digests to the log	2026-09-12T00:46:14.8387726Z         "verdictSha256": "53a505056d02d62bc76976f217d634e9c037a97a1986a7a4b65b0d960cc86a88",
nm_conviction-set	Print the verdict and the page digests to the log	2026-09-12T00:46:14.8388317Z         "artifactId": 10287497306,
nm_conviction-set	Print the verdict and the page digests to the log	2026-09-12T00:46:14.8388965Z         "artifactZipSha256": "3f6252f74ad77d07fcfbd66b0e754de0002945d63a02c650ea0e5b3bd3100ef2",
nm_conviction-set	Print the verdict and the page digests to the log	2026-09-12T00:46:14.8389517Z         "pngMember": "nm_conviction-set/canonical/page-002.png",
nm_conviction-set	Print the verdict and the page digests to the log	2026-09-12T00:46:14.8390288Z         "pngSha256": "dc4e4ac2c9a9b19e86d43cbb84ea1203aec7aab202d39f2fad20e73177169cea"
nm_conviction-set	Print the verdict and the page digests to the log	2026-09-12T00:46:14.8390710Z       }
nm_conviction-set	Print the verdict and the page digests to the log	2026-09-12T00:46:14.8390895Z     },
nm_conviction-set	Print the verdict and the page digests to the log	2026-09-12T00:46:14.8391079Z     {
nm_conviction-set	Print the verdict and the page digests to the log	2026-09-12T00:46:14.8391281Z       "kind": "canonical",
nm_conviction-set	Print the verdict and the page digests to the log	2026-09-12T00:46:14.8391549Z       "document": "canonical.pdf",
nm_conviction-set	Print the verdict and the page digests to the log	2026-09-12T00:46:14.8391802Z       "page": 3,
nm_conviction-set	Print the verdict and the page digests to the log	2026-09-12T00:46:14.8392092Z       "png": "nm_conviction-set/canonical/page-003.png",
nm_conviction-set	Print the verdict and the page digests to the log	2026-09-12T00:46:14.8392400Z       "bytes": 596791,
nm_conviction-set	Print the verdict and the page digests to the log	2026-09-12T00:46:14.8392803Z       "pngSha256": "cb5031b5b752695d18801dc2e754024d14b9ece6af58529d3bd9f503f1be18c3",
nm_conviction-set	Print the verdict and the page digests to the log	2026-09-12T00:46:14.8393209Z       "pngWidth": 2040,
nm_conviction-set	Print the verdict and the page digests to the log	2026-09-12T00:46:14.8393444Z       "pngHeight": 2640,
nm_conviction-set	Print the verdict and the page digests to the log	2026-09-12T00:46:14.8393781Z       "paper": {
nm_conviction-set	Print the verdict and the page digests to the log	2026-09-12T00:46:14.8394107Z         "x0": 204,
nm_conviction-set	Print the verdict and the page digests to the log	2026-09-12T00:46:14.8394310Z         "y0": 3,
nm_conviction-set	Print the verdict and the page digests to the log	2026-09-12T00:46:14.8394503Z         "x1": 2243,
nm_conviction-set	Print the verdict and the page digests to the log	2026-09-12T00:46:14.8394716Z         "y1": 2642,
nm_conviction-set	Print the verdict and the page digests to the log	2026-09-12T00:46:14.8394914Z         "width": 2040,
nm_conviction-set	Print the verdict and the page digests to the log	2026-09-12T00:46:14.8395175Z         "height": 2640
nm_conviction-set	Print the verdict and the page digests to the log	2026-09-12T00:46:14.8395519Z       },
nm_conviction-set	Print the verdict and the page digests to the log	2026-09-12T00:46:14.8396162Z       "pxPerPt": 3.3333333333333335,
nm_conviction-set	Print the verdict and the page digests to the log	2026-09-12T00:46:14.8396479Z       "expectedPxPerPt": 3.333333333333333,
nm_conviction-set	Print the verdict and the page digests to the log	2026-09-12T00:46:14.8396772Z       "pageWidthPt": 612,
nm_conviction-set	Print the verdict and the page digests to the log	2026-09-12T00:46:14.8397010Z       "pageHeightPt": 792,
nm_conviction-set	Print the verdict and the page digests to the log	2026-09-12T00:46:14.8397243Z       "expectedPx": {
nm_conviction-set	Print the verdict and the page digests to the log	2026-09-12T00:46:14.8397481Z         "width": 2039.9999999999998,
nm_conviction-set	Print the verdict and the page digests to the log	2026-09-12T00:46:14.8397751Z         "height": 2639.9999999999995,
nm_conviction-set	Print the verdict and the page digests to the log	2026-09-12T00:46:14.8398038Z         "tolerancePx": 6.666666666666666
nm_conviction-set	Print the verdict and the page digests to the log	2026-09-12T00:46:14.8398289Z       },
nm_conviction-set	Print the verdict and the page digests to the log	2026-09-12T00:46:14.8398509Z       "calibrationResidualPx": 0,
nm_conviction-set	Print the verdict and the page digests to the log	2026-09-12T00:46:14.8398836Z       "inkFractionInsidePaper": 0.056620617944147356,
nm_conviction-set	Print the verdict and the page digests to the log	2026-09-12T00:46:14.8399135Z       "nonblank": true,
nm_conviction-set	Print the verdict and the page digests to the log	2026-09-12T00:46:14.8399384Z       "croppedToThePage": true,
nm_conviction-set	Print the verdict and the page digests to the log	2026-09-12T00:46:14.8399708Z       "renderedInThisRun": false,
nm_conviction-set	Print the verdict and the page digests to the log	2026-09-12T00:46:14.8400421Z       "evidenceOrigin": "REUSED_ORIGINAL_PAGE_EVIDENCE",
nm_conviction-set	Print the verdict and the page digests to the log	2026-09-12T00:46:14.8400743Z       "originalOrigin": {
nm_conviction-set	Print the verdict and the page digests to the log	2026-09-12T00:46:14.8401007Z         "workflowRunId": "34660850664",
nm_conviction-set	Print the verdict and the page digests to the log	2026-09-12T00:46:14.8401391Z         "packetCommitSha": "918c8e041377f252910579d03c26505cce8a0335",
nm_conviction-set	Print the verdict and the page digests to the log	2026-09-12T00:46:14.8402057Z         "verdictPath": "data/rcap-grade-a/packet-factory-24h/raster-runs/34660850664/nm_conviction-set.verdict.json",
nm_conviction-set	Print the verdict and the page digests to the log	2026-09-12T00:46:14.8403021Z         "verdictSha256": "53a505056d02d62bc76976f217d634e9c037a97a1986a7a4b65b0d960cc86a88",
nm_conviction-set	Print the verdict and the page digests to the log	2026-09-12T00:46:14.8403474Z         "artifactId": 10287497306,
nm_conviction-set	Print the verdict and the page digests to the log	2026-09-12T00:46:14.8403952Z         "artifactZipSha256": "3f6252f74ad77d07fcfbd66b0e754de0002945d63a02c650ea0e5b3bd3100ef2",
nm_conviction-set	Print the verdict and the page digests to the log	2026-09-12T00:46:14.8404873Z         "pngMember": "nm_conviction-set/canonical/page-003.png",
nm_conviction-set	Print the verdict and the page digests to the log	2026-09-12T00:46:14.8405389Z         "pngSha256": "cb5031b5b752695d18801dc2e754024d14b9ece6af58529d3bd9f503f1be18c3"
nm_conviction-set	Print the verdict and the page digests to the log	2026-09-12T00:46:14.8405888Z       }
nm_conviction-set	Print the verdict and the page digests to the log	2026-09-12T00:46:14.8406075Z     },
nm_conviction-set	Print the verdict and the page digests to the log	2026-09-12T00:46:14.8406258Z     {
nm_conviction-set	Print the verdict and the page digests to the log	2026-09-12T00:46:14.8406453Z       "kind": "canonical",
nm_conviction-set	Print the verdict and the page digests to the log	2026-09-12T00:46:14.8406719Z       "document": "canonical.pdf",
nm_conviction-set	Print the verdict and the page digests to the log	2026-09-12T00:46:14.8406974Z       "page": 4,
nm_conviction-set	Print the verdict and the page digests to the log	2026-09-12T00:46:14.8407258Z       "png": "nm_conviction-set/canonical/page-004.png",
nm_conviction-set	Print the verdict and the page digests to the log	2026-09-12T00:46:14.8407558Z       "bytes": 497451,
nm_conviction-set	Print the verdict and the page digests to the log	2026-09-12T00:46:14.8408205Z       "pngSha256": "edce0c02631cf66cc06c694b0e7cf4e3155c3e126a887252c05b4b68bcb3ccbc",
nm_conviction-set	Print the verdict and the page digests to the log	2026-09-12T00:46:14.8408620Z       "pngWidth": 2040,
nm_conviction-set	Print the verdict and the page digests to the log	2026-09-12T00:46:14.8408845Z       "pngHeight": 2640,
nm_conviction-set	Print the verdict and the page digests to the log	2026-09-12T00:46:14.8409071Z       "paper": {
nm_conviction-set	Print the verdict and the page digests to the log	2026-09-12T00:46:14.8409271Z         "x0": 204,
nm_conviction-set	Print the verdict and the page digests to the log	2026-09-12T00:46:14.8409474Z         "y0": 3,
nm_conviction-set	Print the verdict and the page digests to the log	2026-09-12T00:46:14.8409674Z         "x1": 2243,
nm_conviction-set	Print the verdict and the page digests to the log	2026-09-12T00:46:14.8409875Z         "y1": 2642,
nm_conviction-set	Print the verdict and the page digests to the log	2026-09-12T00:46:14.8410190Z         "width": 2040,
nm_conviction-set	Print the verdict and the page digests to the log	2026-09-12T00:46:14.8410520Z         "height": 2640
nm_conviction-set	Print the verdict and the page digests to the log	2026-09-12T00:46:14.8410725Z       },
nm_conviction-set	Print the verdict and the page digests to the log	2026-09-12T00:46:14.8410944Z       "pxPerPt": 3.3333333333333335,
nm_conviction-set	Print the verdict and the page digests to the log	2026-09-12T00:46:14.8411242Z       "expectedPxPerPt": 3.333333333333333,
nm_conviction-set	Print the verdict and the page digests to the log	2026-09-12T00:46:14.8411518Z       "pageWidthPt": 612,
nm_conviction-set	Print the verdict and the page digests to the log	2026-09-12T00:46:14.8411752Z       "pageHeightPt": 792,
nm_conviction-set	Print the verdict and the page digests to the log	2026-09-12T00:46:14.8411984Z       "expectedPx": {
nm_conviction-set	Print the verdict and the page digests to the log	2026-09-12T00:46:14.8412293Z         "width": 2039.9999999999998,
nm_conviction-set	Print the verdict and the page digests to the log	2026-09-12T00:46:14.8412717Z         "height": 2639.9999999999995,
nm_conviction-set	Print the verdict and the page digests to the log	2026-09-12T00:46:14.8413004Z         "tolerancePx": 6.666666666666666
nm_conviction-set	Print the verdict and the page digests to the log	2026-09-12T00:46:14.8413254Z       },
nm_conviction-set	Print the verdict and the page digests to the log	2026-09-12T00:46:14.8413483Z       "calibrationResidualPx": 0,
nm_conviction-set	Print the verdict and the page digests to the log	2026-09-12T00:46:14.8414031Z       "inkFractionInsidePaper": 0.04969139928698752,
nm_conviction-set	Print the verdict and the page digests to the log	2026-09-12T00:46:14.8414329Z       "nonblank": true,
nm_conviction-set	Print the verdict and the page digests to the log	2026-09-12T00:46:14.8414576Z       "croppedToThePage": true,
nm_conviction-set	Print the verdict and the page digests to the log	2026-09-12T00:46:14.8414856Z       "renderedInThisRun": false,
nm_conviction-set	Print the verdict and the page digests to the log	2026-09-12T00:46:14.8415351Z       "evidenceOrigin": "REUSED_ORIGINAL_PAGE_EVIDENCE",
nm_conviction-set	Print the verdict and the page digests to the log	2026-09-12T00:46:14.8415822Z       "originalOrigin": {
nm_conviction-set	Print the verdict and the page digests to the log	2026-09-12T00:46:14.8416080Z         "workflowRunId": "34660850664",
nm_conviction-set	Print the verdict and the page digests to the log	2026-09-12T00:46:14.8416458Z         "packetCommitSha": "918c8e041377f252910579d03c26505cce8a0335",
nm_conviction-set	Print the verdict and the page digests to the log	2026-09-12T00:46:14.8417114Z         "verdictPath": "data/rcap-grade-a/packet-factory-24h/raster-runs/34660850664/nm_conviction-set.verdict.json",
nm_conviction-set	Print the verdict and the page digests to the log	2026-09-12T00:46:14.8417830Z         "verdictSha256": "53a505056d02d62bc76976f217d634e9c037a97a1986a7a4b65b0d960cc86a88",
nm_conviction-set	Print the verdict and the page digests to the log	2026-09-12T00:46:14.8418280Z         "artifactId": 10287497306,
nm_conviction-set	Print the verdict and the page digests to the log	2026-09-12T00:46:14.8418755Z         "artifactZipSha256": "3f6252f74ad77d07fcfbd66b0e754de0002945d63a02c650ea0e5b3bd3100ef2",
nm_conviction-set	Print the verdict and the page digests to the log	2026-09-12T00:46:14.8419551Z         "pngMember": "nm_conviction-set/canonical/page-004.png",
nm_conviction-set	Print the verdict and the page digests to the log	2026-09-12T00:46:14.8420061Z         "pngSha256": "edce0c02631cf66cc06c694b0e7cf4e3155c3e126a887252c05b4b68bcb3ccbc"
nm_conviction-set	Print the verdict and the page digests to the log	2026-09-12T00:46:14.8420465Z       }
nm_conviction-set	Print the verdict and the page digests to the log	2026-09-12T00:46:14.8420650Z     },
nm_conviction-set	Print the verdict and the page digests to the log	2026-09-12T00:46:14.8420828Z     {
nm_conviction-set	Print the verdict and the page digests to the log	2026-09-12T00:46:14.8421020Z       "kind": "canonical",
nm_conviction-set	Print the verdict and the page digests to the log	2026-09-12T00:46:14.8421278Z       "document": "canonical.pdf",
nm_conviction-set	Print the verdict and the page digests to the log	2026-09-12T00:46:14.8421869Z       "page": 5,
nm_conviction-set	Print the verdict and the page digests to the log	2026-09-12T00:46:14.8422194Z       "png": "nm_conviction-set/canonical/page-005.png",
nm_conviction-set	Print the verdict and the page digests to the log	2026-09-12T00:46:14.8422498Z       "bytes": 187707,
nm_conviction-set	Print the verdict and the page digests to the log	2026-09-12T00:46:14.8422899Z       "pngSha256": "7e278d5b88aeb3dd893abe550d61504da51360c670b0ff6eaef596c3336ada4b",
nm_conviction-set	Print the verdict and the page digests to the log	2026-09-12T00:46:14.8423300Z       "pngWidth": 2040,
nm_conviction-set	Print the verdict and the page digests to the log	2026-09-12T00:46:14.8423526Z       "pngHeight": 2640,
nm_conviction-set	Print the verdict and the page digests to the log	2026-09-12T00:46:14.8423742Z       "paper": {
nm_conviction-set	Print the verdict and the page digests to the log	2026-09-12T00:46:14.8423997Z         "x0": 204,
nm_conviction-set	Print the verdict and the page digests to the log	2026-09-12T00:46:14.8424361Z         "y0": 3,
nm_conviction-set	Print the verdict and the page digests to the log	2026-09-12T00:46:14.8424583Z         "x1": 2243,
nm_conviction-set	Print the verdict and the page digests to the log	2026-09-12T00:46:14.8424784Z         "y1": 2642,
nm_conviction-set	Print the verdict and the page digests to the log	2026-09-12T00:46:14.8424985Z         "width": 2040,
nm_conviction-set	Print the verdict and the page digests to the log	2026-09-12T00:46:14.8425197Z         "height": 2640
nm_conviction-set	Print the verdict and the page digests to the log	2026-09-12T00:46:14.8425397Z       },
nm_conviction-set	Print the verdict and the page digests to the log	2026-09-12T00:46:14.8425856Z       "pxPerPt": 3.3333333333333335,
nm_conviction-set	Print the verdict and the page digests to the log	2026-09-12T00:46:14.8426158Z       "expectedPxPerPt": 3.333333333333333,
nm_conviction-set	Print the verdict and the page digests to the log	2026-09-12T00:46:14.8426446Z       "pageWidthPt": 612,
nm_conviction-set	Print the verdict and the page digests to the log	2026-09-12T00:46:14.8426848Z       "pageHeightPt": 792,
nm_conviction-set	Print the verdict and the page digests to the log	2026-09-12T00:46:14.8427162Z       "expectedPx": {
nm_conviction-set	Print the verdict and the page digests to the log	2026-09-12T00:46:14.8427405Z         "width": 2039.9999999999998,
nm_conviction-set	Print the verdict and the page digests to the log	2026-09-12T00:46:14.8427683Z         "height": 2639.9999999999995,
nm_conviction-set	Print the verdict and the page digests to the log	2026-09-12T00:46:14.8427962Z         "tolerancePx": 6.666666666666666
nm_conviction-set	Print the verdict and the page digests to the log	2026-09-12T00:46:14.8428214Z       },
nm_conviction-set	Print the verdict and the page digests to the log	2026-09-12T00:46:14.8428435Z       "calibrationResidualPx": 0,
nm_conviction-set	Print the verdict and the page digests to the log	2026-09-12T00:46:14.8428753Z       "inkFractionInsidePaper": 0.01623050356506239,
nm_conviction-set	Print the verdict and the page digests to the log	2026-09-12T00:46:14.8429052Z       "nonblank": true,
nm_conviction-set	Print the verdict and the page digests to the log	2026-09-12T00:46:14.8429312Z       "croppedToThePage": true,
nm_conviction-set	Print the verdict and the page digests to the log	2026-09-12T00:46:14.8429721Z       "renderedInThisRun": false,
nm_conviction-set	Print the verdict and the page digests to the log	2026-09-12T00:46:14.8430176Z       "evidenceOrigin": "REUSED_ORIGINAL_PAGE_EVIDENCE",
nm_conviction-set	Print the verdict and the page digests to the log	2026-09-12T00:46:14.8430500Z       "originalOrigin": {
nm_conviction-set	Print the verdict and the page digests to the log	2026-09-12T00:46:14.8430773Z         "workflowRunId": "34660850664",
nm_conviction-set	Print the verdict and the page digests to the log	2026-09-12T00:46:14.8431159Z         "packetCommitSha": "918c8e041377f252910579d03c26505cce8a0335",
nm_conviction-set	Print the verdict and the page digests to the log	2026-09-12T00:46:14.8431820Z         "verdictPath": "data/rcap-grade-a/packet-factory-24h/raster-runs/34660850664/nm_conviction-set.verdict.json",
nm_conviction-set	Print the verdict and the page digests to the log	2026-09-12T00:46:14.8432799Z         "verdictSha256": "53a505056d02d62bc76976f217d634e9c037a97a1986a7a4b65b0d960cc86a88",
nm_conviction-set	Print the verdict and the page digests to the log	2026-09-12T00:46:14.8433254Z         "artifactId": 10287497306,
nm_conviction-set	Print the verdict and the page digests to the log	2026-09-12T00:46:14.8433738Z         "artifactZipSha256": "3f6252f74ad77d07fcfbd66b0e754de0002945d63a02c650ea0e5b3bd3100ef2",
nm_conviction-set	Print the verdict and the page digests to the log	2026-09-12T00:46:14.8434371Z         "pngMember": "nm_conviction-set/canonical/page-005.png",
nm_conviction-set	Print the verdict and the page digests to the log	2026-09-12T00:46:14.8435044Z         "pngSha256": "7e278d5b88aeb3dd893abe550d61504da51360c670b0ff6eaef596c3336ada4b"
nm_conviction-set	Print the verdict and the page digests to the log	2026-09-12T00:46:14.8435451Z       }
nm_conviction-set	Print the verdict and the page digests to the log	2026-09-12T00:46:14.8435637Z     },
nm_conviction-set	Print the verdict and the page digests to the log	2026-09-12T00:46:14.8436027Z     {
nm_conviction-set	Print the verdict and the page digests to the log	2026-09-12T00:46:14.8436230Z       "kind": "canonical",
nm_conviction-set	Print the verdict and the page digests to the log	2026-09-12T00:46:14.8436501Z       "document": "canonical.pdf",
nm_conviction-set	Print the verdict and the page digests to the log	2026-09-12T00:46:14.8436878Z       "page": 6,
nm_conviction-set	Print the verdict and the page digests to the log	2026-09-12T00:46:14.8437281Z       "png": "nm_conviction-set/canonical/page-006.png",
nm_conviction-set	Print the verdict and the page digests to the log	2026-09-12T00:46:14.8437585Z       "bytes": 449943,
nm_conviction-set	Print the verdict and the page digests to the log	2026-09-12T00:46:14.8437990Z       "pngSha256": "b8cf2f8d73f98c94d7c38683b77ba1c46cc4f1b34f126c8c71de0b90ed251a9c",
nm_conviction-set	Print the verdict and the page digests to the log	2026-09-12T00:46:14.8438413Z       "pngWidth": 2040,
nm_conviction-set	Print the verdict and the page digests to the log	2026-09-12T00:46:14.8438642Z       "pngHeight": 2640,
nm_conviction-set	Print the verdict and the page digests to the log	2026-09-12T00:46:14.8439019Z       "paper": {
nm_conviction-set	Print the verdict and the page digests to the log	2026-09-12T00:46:14.8439296Z         "x0": 204,
nm_conviction-set	Print the verdict and the page digests to the log	2026-09-12T00:46:14.8439502Z         "y0": 3,
nm_conviction-set	Print the verdict and the page digests to the log	2026-09-12T00:46:14.8439701Z         "x1": 2243,
nm_conviction-set	Print the verdict and the page digests to the log	2026-09-12T00:46:14.8439909Z         "y1": 2642,
nm_conviction-set	Print the verdict and the page digests to the log	2026-09-12T00:46:14.8440111Z         "width": 2040,
nm_conviction-set	Print the verdict and the page digests to the log	2026-09-12T00:46:14.8440323Z         "height": 2640
nm_conviction-set	Print the verdict and the page digests to the log	2026-09-12T00:46:14.8440529Z       },
nm_conviction-set	Print the verdict and the page digests to the log	2026-09-12T00:46:14.8440753Z       "pxPerPt": 3.3333333333333335,
nm_conviction-set	Print the verdict and the page digests to the log	2026-09-12T00:46:14.8441278Z       "expectedPxPerPt": 3.333333333333333,
nm_conviction-set	Print the verdict and the page digests to the log	2026-09-12T00:46:14.8441571Z       "pageWidthPt": 612,
nm_conviction-set	Print the verdict and the page digests to the log	2026-09-12T00:46:14.8441818Z       "pageHeightPt": 792,
nm_conviction-set	Print the verdict and the page digests to the log	2026-09-12T00:46:14.8442056Z       "expectedPx": {
nm_conviction-set	Print the verdict and the page digests to the log	2026-09-12T00:46:14.8442301Z         "width": 2039.9999999999998,
nm_conviction-set	Print the verdict and the page digests to the log	2026-09-12T00:46:14.8442576Z         "height": 2639.9999999999995,
nm_conviction-set	Print the verdict and the page digests to the log	2026-09-12T00:46:14.8442860Z         "tolerancePx": 6.666666666666666
nm_conviction-set	Print the verdict and the page digests to the log	2026-09-12T00:46:14.8443273Z       },
nm_conviction-set	Print the verdict and the page digests to the log	2026-09-12T00:46:14.8443500Z       "calibrationResidualPx": 0,
nm_conviction-set	Print the verdict and the page digests to the log	2026-09-12T00:46:14.8443822Z       "inkFractionInsidePaper": 0.04048499702911468,
nm_conviction-set	Print the verdict and the page digests to the log	2026-09-12T00:46:14.8444119Z       "nonblank": true,
nm_conviction-set	Print the verdict and the page digests to the log	2026-09-12T00:46:14.8444368Z       "croppedToThePage": true,
nm_conviction-set	Print the verdict and the page digests to the log	2026-09-12T00:46:14.8444694Z       "renderedInThisRun": false,
nm_conviction-set	Print the verdict and the page digests to the log	2026-09-12T00:46:14.8445230Z       "evidenceOrigin": "REUSED_ORIGINAL_PAGE_EVIDENCE",
nm_conviction-set	Print the verdict and the page digests to the log	2026-09-12T00:46:14.8445549Z       "originalOrigin": {
nm_conviction-set	Print the verdict and the page digests to the log	2026-09-12T00:46:14.8445917Z         "workflowRunId": "34660850664",
nm_conviction-set	Print the verdict and the page digests to the log	2026-09-12T00:46:14.8446293Z         "packetCommitSha": "918c8e041377f252910579d03c26505cce8a0335",
nm_conviction-set	Print the verdict and the page digests to the log	2026-09-12T00:46:14.8446959Z         "verdictPath": "data/rcap-grade-a/packet-factory-24h/raster-runs/34660850664/nm_conviction-set.verdict.json",
nm_conviction-set	Print the verdict and the page digests to the log	2026-09-12T00:46:14.8447836Z         "verdictSha256": "53a505056d02d62bc76976f217d634e9c037a97a1986a7a4b65b0d960cc86a88",
nm_conviction-set	Print the verdict and the page digests to the log	2026-09-12T00:46:14.8448288Z         "artifactId": 10287497306,
nm_conviction-set	Print the verdict and the page digests to the log	2026-09-12T00:46:14.8448769Z         "artifactZipSha256": "3f6252f74ad77d07fcfbd66b0e754de0002945d63a02c650ea0e5b3bd3100ef2",
nm_conviction-set	Print the verdict and the page digests to the log	2026-09-12T00:46:14.8449520Z         "pngMember": "nm_conviction-set/canonical/page-006.png",
nm_conviction-set	Print the verdict and the page digests to the log	2026-09-12T00:46:14.8450085Z         "pngSha256": "b8cf2f8d73f98c94d7c38683b77ba1c46cc4f1b34f126c8c71de0b90ed251a9c"
nm_conviction-set	Print the verdict and the page digests to the log	2026-09-12T00:46:14.8450493Z       }
nm_conviction-set	Print the verdict and the page digests to the log	2026-09-12T00:46:14.8450675Z     },
nm_conviction-set	Print the verdict and the page digests to the log	2026-09-12T00:46:14.8450855Z     {
nm_conviction-set	Print the verdict and the page digests to the log	2026-09-12T00:46:14.8451049Z       "kind": "canonical",
nm_conviction-set	Print the verdict and the page digests to the log	2026-09-12T00:46:14.8451311Z       "document": "canonical.pdf",
nm_conviction-set	Print the verdict and the page digests to the log	2026-09-12T00:46:14.8451555Z       "page": 7,
nm_conviction-set	Print the verdict and the page digests to the log	2026-09-12T00:46:14.8451846Z       "png": "nm_conviction-set/canonical/page-007.png",
nm_conviction-set	Print the verdict and the page digests to the log	2026-09-12T00:46:14.8452144Z       "bytes": 172501,
nm_conviction-set	Print the verdict and the page digests to the log	2026-09-12T00:46:14.8452552Z       "pngSha256": "cb38a8faf31ff9105298e7de11c07218eed6c25bc1889ca745cd5757bc633ec1",
nm_conviction-set	Print the verdict and the page digests to the log	2026-09-12T00:46:14.8452957Z       "pngWidth": 2040,
nm_conviction-set	Print the verdict and the page digests to the log	2026-09-12T00:46:14.8453184Z       "pngHeight": 2640,
nm_conviction-set	Print the verdict and the page digests to the log	2026-09-12T00:46:14.8453412Z       "paper": {
nm_conviction-set	Print the verdict and the page digests to the log	2026-09-12T00:46:14.8453618Z         "x0": 204,
nm_conviction-set	Print the verdict and the page digests to the log	2026-09-12T00:46:14.8453827Z         "y0": 3,
nm_conviction-set	Print the verdict and the page digests to the log	2026-09-12T00:46:14.8454024Z         "x1": 2243,
nm_conviction-set	Print the verdict and the page digests to the log	2026-09-12T00:46:14.8454357Z         "y1": 2642,
nm_conviction-set	Print the verdict and the page digests to the log	2026-09-12T00:46:14.8454686Z         "width": 2040,
nm_conviction-set	Print the verdict and the page digests to the log	2026-09-12T00:46:14.8454902Z         "height": 2640
nm_conviction-set	Print the verdict and the page digests to the log	2026-09-12T00:46:14.8455152Z       },
nm_conviction-set	Print the verdict and the page digests to the log	2026-09-12T00:46:14.8455377Z       "pxPerPt": 3.3333333333333335,
nm_conviction-set	Print the verdict and the page digests to the log	2026-09-12T00:46:14.8455675Z       "expectedPxPerPt": 3.333333333333333,
nm_conviction-set	Print the verdict and the page digests to the log	2026-09-12T00:46:14.8456064Z       "pageWidthPt": 612,
nm_conviction-set	Print the verdict and the page digests to the log	2026-09-12T00:46:14.8456301Z       "pageHeightPt": 792,
nm_conviction-set	Print the verdict and the page digests to the log	2026-09-12T00:46:14.8456543Z       "expectedPx": {
nm_conviction-set	Print the verdict and the page digests to the log	2026-09-12T00:46:14.8456785Z         "width": 2039.9999999999998,
nm_conviction-set	Print the verdict and the page digests to the log	2026-09-12T00:46:14.8457056Z         "height": 2639.9999999999995,
nm_conviction-set	Print the verdict and the page digests to the log	2026-09-12T00:46:14.8457347Z         "tolerancePx": 6.666666666666666
nm_conviction-set	Print the verdict and the page digests to the log	2026-09-12T00:46:14.8457600Z       },
nm_conviction-set	Print the verdict and the page digests to the log	2026-09-12T00:46:14.8457825Z       "calibrationResidualPx": 0,
nm_conviction-set	Print the verdict and the page digests to the log	2026-09-12T00:46:14.8458154Z       "inkFractionInsidePaper": 0.014658533868092691,
nm_conviction-set	Print the verdict and the page digests to the log	2026-09-12T00:46:14.8458520Z       "nonblank": true,
nm_conviction-set	Print the verdict and the page digests to the log	2026-09-12T00:46:14.8458947Z       "croppedToThePage": true,
nm_conviction-set	Print the verdict and the page digests to the log	2026-09-12T00:46:14.8459233Z       "renderedInThisRun": false,
nm_conviction-set	Print the verdict and the page digests to the log	2026-09-12T00:46:14.8459559Z       "evidenceOrigin": "REUSED_ORIGINAL_PAGE_EVIDENCE",
nm_conviction-set	Print the verdict and the page digests to the log	2026-09-12T00:46:14.8459869Z       "originalOrigin": {
nm_conviction-set	Print the verdict and the page digests to the log	2026-09-12T00:46:14.8460167Z         "workflowRunId": "34660850664",
nm_conviction-set	Print the verdict and the page digests to the log	2026-09-12T00:46:14.8460753Z         "packetCommitSha": "918c8e041377f252910579d03c26505cce8a0335",
nm_conviction-set	Print the verdict and the page digests to the log	2026-09-12T00:46:14.8461425Z         "verdictPath": "data/rcap-grade-a/packet-factory-24h/raster-runs/34660850664/nm_conviction-set.verdict.json",
nm_conviction-set	Print the verdict and the page digests to the log	2026-09-12T00:46:14.8462142Z         "verdictSha256": "53a505056d02d62bc76976f217d634e9c037a97a1986a7a4b65b0d960cc86a88",
nm_conviction-set	Print the verdict and the page digests to the log	2026-09-12T00:46:14.8462599Z         "artifactId": 10287497306,
nm_conviction-set	Print the verdict and the page digests to the log	2026-09-12T00:46:14.8463082Z         "artifactZipSha256": "3f6252f74ad77d07fcfbd66b0e754de0002945d63a02c650ea0e5b3bd3100ef2",
nm_conviction-set	Print the verdict and the page digests to the log	2026-09-12T00:46:14.8463625Z         "pngMember": "nm_conviction-set/canonical/page-007.png",
nm_conviction-set	Print the verdict and the page digests to the log	2026-09-12T00:46:14.8464537Z         "pngSha256": "cb38a8faf31ff9105298e7de11c07218eed6c25bc1889ca745cd5757bc633ec1"
nm_conviction-set	Print the verdict and the page digests to the log	2026-09-12T00:46:14.8464944Z       }
nm_conviction-set	Print the verdict and the page digests to the log	2026-09-12T00:46:14.8465128Z     },
nm_conviction-set	Print the verdict and the page digests to the log	2026-09-12T00:46:14.8465317Z     {
nm_conviction-set	Print the verdict and the page digests to the log	2026-09-12T00:46:14.8465554Z       "kind": "canonical",
nm_conviction-set	Print the verdict and the page digests to the log	2026-09-12T00:46:14.8466122Z       "document": "canonical.pdf",
nm_conviction-set	Print the verdict and the page digests to the log	2026-09-12T00:46:14.8466376Z       "page": 8,
nm_conviction-set	Print the verdict and the page digests to the log	2026-09-12T00:46:14.8466661Z       "png": "nm_conviction-set/canonical/page-008.png",
nm_conviction-set	Print the verdict and the page digests to the log	2026-09-12T00:46:14.8466964Z       "bytes": 451336,
nm_conviction-set	Print the verdict and the page digests to the log	2026-09-12T00:46:14.8467368Z       "pngSha256": "31d13c800bacc7b7aeba343ac820b3851af33bd438bb1bb4cf0684917f926efc",
nm_conviction-set	Print the verdict and the page digests to the log	2026-09-12T00:46:14.8467778Z       "pngWidth": 2040,
nm_conviction-set	Print the verdict and the page digests to the log	2026-09-12T00:46:14.8468005Z       "pngHeight": 2640,
nm_conviction-set	Print the verdict and the page digests to the log	2026-09-12T00:46:14.8468368Z       "paper": {
nm_conviction-set	Print the verdict and the page digests to the log	2026-09-12T00:46:14.8468570Z         "x0": 204,
nm_conviction-set	Print the verdict and the page digests to the log	2026-09-12T00:46:14.8468776Z         "y0": 3,
nm_conviction-set	Print the verdict and the page digests to the log	2026-09-12T00:46:14.8468971Z         "x1": 2243,
nm_conviction-set	Print the verdict and the page digests to the log	2026-09-12T00:46:14.8469173Z         "y1": 2642,
nm_conviction-set	Print the verdict and the page digests to the log	2026-09-12T00:46:14.8469378Z         "width": 2040,
nm_conviction-set	Print the verdict and the page digests to the log	2026-09-12T00:46:14.8469748Z         "height": 2640
nm_conviction-set	Print the verdict and the page digests to the log	2026-09-12T00:46:14.8470069Z       },
nm_conviction-set	Print the verdict and the page digests to the log	2026-09-12T00:46:14.8470296Z       "pxPerPt": 3.3333333333333335,
nm_conviction-set	Print the verdict and the page digests to the log	2026-09-12T00:46:14.8470593Z       "expectedPxPerPt": 3.333333333333333,
nm_conviction-set	Print the verdict and the page digests to the log	2026-09-12T00:46:14.8470872Z       "pageWidthPt": 612,
nm_conviction-set	Print the verdict and the page digests to the log	2026-09-12T00:46:14.8471108Z       "pageHeightPt": 792,
nm_conviction-set	Print the verdict and the page digests to the log	2026-09-12T00:46:14.8471342Z       "expectedPx": {
nm_conviction-set	Print the verdict and the page digests to the log	2026-09-12T00:46:14.8471581Z         "width": 2039.9999999999998,
nm_conviction-set	Print the verdict and the page digests to the log	2026-09-12T00:46:14.8471857Z         "height": 2639.9999999999995,
nm_conviction-set	Print the verdict and the page digests to the log	2026-09-12T00:46:14.8472179Z         "tolerancePx": 6.666666666666666
nm_conviction-set	Print the verdict and the page digests to the log	2026-09-12T00:46:14.8472612Z       },
nm_conviction-set	Print the verdict and the page digests to the log	2026-09-12T00:46:14.8472856Z       "calibrationResidualPx": 0,
nm_conviction-set	Print the verdict and the page digests to the log	2026-09-12T00:46:14.8473174Z       "inkFractionInsidePaper": 0.0400744578134284,
nm_conviction-set	Print the verdict and the page digests to the log	2026-09-12T00:46:14.8473473Z       "nonblank": true,
nm_conviction-set	Print the verdict and the page digests to the log	2026-09-12T00:46:14.8473726Z       "croppedToThePage": true,
nm_conviction-set	Print the verdict and the page digests to the log	2026-09-12T00:46:14.8473997Z       "renderedInThisRun": false,
nm_conviction-set	Print the verdict and the page digests to the log	2026-09-12T00:46:14.8474498Z       "evidenceOrigin": "REUSED_ORIGINAL_PAGE_EVIDENCE",
nm_conviction-set	Print the verdict and the page digests to the log	2026-09-12T00:46:14.8474872Z       "originalOrigin": {
nm_conviction-set	Print the verdict and the page digests to the log	2026-09-12T00:46:14.8475128Z         "workflowRunId": "34660850664",
nm_conviction-set	Print the verdict and the page digests to the log	2026-09-12T00:46:14.8475506Z         "packetCommitSha": "918c8e041377f252910579d03c26505cce8a0335",
nm_conviction-set	Print the verdict and the page digests to the log	2026-09-12T00:46:14.8476349Z         "verdictPath": "data/rcap-grade-a/packet-factory-24h/raster-runs/34660850664/nm_conviction-set.verdict.json",
nm_conviction-set	Print the verdict and the page digests to the log	2026-09-12T00:46:14.8477063Z         "verdictSha256": "53a505056d02d62bc76976f217d634e9c037a97a1986a7a4b65b0d960cc86a88",
nm_conviction-set	Print the verdict and the page digests to the log	2026-09-12T00:46:14.8477610Z         "artifactId": 10287497306,
nm_conviction-set	Print the verdict and the page digests to the log	2026-09-12T00:46:14.8478230Z         "artifactZipSha256": "3f6252f74ad77d07fcfbd66b0e754de0002945d63a02c650ea0e5b3bd3100ef2",
nm_conviction-set	Print the verdict and the page digests to the log	2026-09-12T00:46:14.8478784Z         "pngMember": "nm_conviction-set/canonical/page-008.png",
nm_conviction-set	Print the verdict and the page digests to the log	2026-09-12T00:46:14.8479291Z         "pngSha256": "31d13c800bacc7b7aeba343ac820b3851af33bd438bb1bb4cf0684917f926efc"
nm_conviction-set	Print the verdict and the page digests to the log	2026-09-12T00:46:14.8479695Z       }
nm_conviction-set	Print the verdict and the page digests to the log	2026-09-12T00:46:14.8480035Z     },
nm_conviction-set	Print the verdict and the page digests to the log	2026-09-12T00:46:14.8480288Z     {
nm_conviction-set	Print the verdict and the page digests to the log	2026-09-12T00:46:14.8480485Z       "kind": "canonical",
nm_conviction-set	Print the verdict and the page digests to the log	2026-09-12T00:46:14.8480752Z       "document": "canonical.pdf",
nm_conviction-set	Print the verdict and the page digests to the log	2026-09-12T00:46:14.8481001Z       "page": 9,
nm_conviction-set	Print the verdict and the page digests to the log	2026-09-12T00:46:14.8481280Z       "png": "nm_conviction-set/canonical/page-009.png",
nm_conviction-set	Print the verdict and the page digests to the log	2026-09-12T00:46:14.8481589Z       "bytes": 307824,
nm_conviction-set	Print the verdict and the page digests to the log	2026-09-12T00:46:14.8482083Z       "pngSha256": "38d129d60b63036955357ad2c9aec07b6cc0ea0adf9a3ec7a812b4672b8290d7",
nm_conviction-set	Print the verdict and the page digests to the log	2026-09-12T00:46:14.8482644Z       "pngWidth": 2040,
nm_conviction-set	Print the verdict and the page digests to the log	2026-09-12T00:46:14.8482878Z       "pngHeight": 2640,
nm_conviction-set	Print the verdict and the page digests to the log	2026-09-12T00:46:14.8483101Z       "paper": {
nm_conviction-set	Print the verdict and the page digests to the log	2026-09-12T00:46:14.8483380Z         "x0": 204,
nm_conviction-set	Print the verdict and the page digests to the log	2026-09-12T00:46:14.8483725Z         "y0": 3,
nm_conviction-set	Print the verdict and the page digests to the log	2026-09-12T00:46:14.8483922Z         "x1": 2243,
nm_conviction-set	Print the verdict and the page digests to the log	2026-09-12T00:46:14.8484126Z         "y1": 2642,
nm_conviction-set	Print the verdict and the page digests to the log	2026-09-12T00:46:14.8484334Z         "width": 2040,
nm_conviction-set	Print the verdict and the page digests to the log	2026-09-12T00:46:14.8484549Z         "height": 2640
nm_conviction-set	Print the verdict and the page digests to the log	2026-09-12T00:46:14.8484764Z       },
nm_conviction-set	Print the verdict and the page digests to the log	2026-09-12T00:46:14.8485159Z       "pxPerPt": 3.3333333333333335,
nm_conviction-set	Print the verdict and the page digests to the log	2026-09-12T00:46:14.8485825Z       "expectedPxPerPt": 3.333333333333333,
nm_conviction-set	Print the verdict and the page digests to the log	2026-09-12T00:46:14.8486109Z       "pageWidthPt": 612,
nm_conviction-set	Print the verdict and the page digests to the log	2026-09-12T00:46:14.8486354Z       "pageHeightPt": 792,
nm_conviction-set	Print the verdict and the page digests to the log	2026-09-12T00:46:14.8486590Z       "expectedPx": {
nm_conviction-set	Print the verdict and the page digests to the log	2026-09-12T00:46:14.8486832Z         "width": 2039.9999999999998,
nm_conviction-set	Print the verdict and the page digests to the log	2026-09-12T00:46:14.8487107Z         "height": 2639.9999999999995,
nm_conviction-set	Print the verdict and the page digests to the log	2026-09-12T00:46:14.8487390Z         "tolerancePx": 6.666666666666666
nm_conviction-set	Print the verdict and the page digests to the log	2026-09-12T00:46:14.8487642Z       },
nm_conviction-set	Print the verdict and the page digests to the log	2026-09-12T00:46:14.8487865Z       "calibrationResidualPx": 0,
nm_conviction-set	Print the verdict and the page digests to the log	2026-09-12T00:46:14.8488184Z       "inkFractionInsidePaper": 0.026189096850861557,
nm_conviction-set	Print the verdict and the page digests to the log	2026-09-12T00:46:14.8488485Z       "nonblank": true,
nm_conviction-set	Print the verdict and the page digests to the log	2026-09-12T00:46:14.8488884Z       "croppedToThePage": true,
nm_conviction-set	Print the verdict and the page digests to the log	2026-09-12T00:46:14.8489269Z       "renderedInThisRun": false,
nm_conviction-set	Print the verdict and the page digests to the log	2026-09-12T00:46:14.8489730Z       "evidenceOrigin": "REUSED_ORIGINAL_PAGE_EVIDENCE",
nm_conviction-set	Print the verdict and the page digests to the log	2026-09-12T00:46:14.8490043Z       "originalOrigin": {
nm_conviction-set	Print the verdict and the page digests to the log	2026-09-12T00:46:14.8490301Z         "workflowRunId": "34660850664",
nm_conviction-set	Print the verdict and the page digests to the log	2026-09-12T00:46:14.8490679Z         "packetCommitSha": "918c8e041377f252910579d03c26505cce8a0335",
nm_conviction-set	Print the verdict and the page digests to the log	2026-09-12T00:46:14.8491454Z         "verdictPath": "data/rcap-grade-a/packet-factory-24h/raster-runs/34660850664/nm_conviction-set.verdict.json",
nm_conviction-set	Print the verdict and the page digests to the log	2026-09-12T00:46:14.8492308Z         "verdictSha256": "53a505056d02d62bc76976f217d634e9c037a97a1986a7a4b65b0d960cc86a88",
nm_conviction-set	Print the verdict and the page digests to the log	2026-09-12T00:46:14.8492757Z         "artifactId": 10287497306,
nm_conviction-set	Print the verdict and the page digests to the log	2026-09-12T00:46:14.8493238Z         "artifactZipSha256": "3f6252f74ad77d07fcfbd66b0e754de0002945d63a02c650ea0e5b3bd3100ef2",
nm_conviction-set	Print the verdict and the page digests to the log	2026-09-12T00:46:14.8493952Z         "pngMember": "nm_conviction-set/canonical/page-009.png",
nm_conviction-set	Print the verdict and the page digests to the log	2026-09-12T00:46:14.8494550Z         "pngSha256": "38d129d60b63036955357ad2c9aec07b6cc0ea0adf9a3ec7a812b4672b8290d7"
nm_conviction-set	Print the verdict and the page digests to the log	2026-09-12T00:46:14.8494965Z       }
nm_conviction-set	Print the verdict and the page digests to the log	2026-09-12T00:46:14.8495148Z     },
nm_conviction-set	Print the verdict and the page digests to the log	2026-09-12T00:46:14.8495330Z     {
nm_conviction-set	Print the verdict and the page digests to the log	2026-09-12T00:46:14.8495529Z       "kind": "canonical",
nm_conviction-set	Print the verdict and the page digests to the log	2026-09-12T00:46:14.8495897Z       "document": "canonical.pdf",
nm_conviction-set	Print the verdict and the page digests to the log	2026-09-12T00:46:14.8496150Z       "page": 10,
nm_conviction-set	Print the verdict and the page digests to the log	2026-09-12T00:46:14.8496640Z       "png": "nm_conviction-set/canonical/page-010.png",
nm_conviction-set	Print the verdict and the page digests to the log	2026-09-12T00:46:14.8496989Z       "bytes": 223353,
nm_conviction-set	Print the verdict and the page digests to the log	2026-09-12T00:46:14.8497392Z       "pngSha256": "2c118b2f5c620a9130beb95a9b8b372b9e803d23cce649fa8b239fb562501d29",
nm_conviction-set	Print the verdict and the page digests to the log	2026-09-12T00:46:14.8497801Z       "pngWidth": 2040,
nm_conviction-set	Print the verdict and the page digests to the log	2026-09-12T00:46:14.8498027Z       "pngHeight": 2640,
nm_conviction-set	Print the verdict and the page digests to the log	2026-09-12T00:46:14.8498249Z       "paper": {
nm_conviction-set	Print the verdict and the page digests to the log	2026-09-12T00:46:14.8498455Z         "x0": 204,
nm_conviction-set	Print the verdict and the page digests to the log	2026-09-12T00:46:14.8498657Z         "y0": 3,
nm_conviction-set	Print the verdict and the page digests to the log	2026-09-12T00:46:14.8498849Z         "x1": 2243,
nm_conviction-set	Print the verdict and the page digests to the log	2026-09-12T00:46:14.8499050Z         "y1": 2642,
nm_conviction-set	Print the verdict and the page digests to the log	2026-09-12T00:46:14.8499331Z         "width": 2040,
nm_conviction-set	Print the verdict and the page digests to the log	2026-09-12T00:46:14.8499698Z         "height": 2640
nm_conviction-set	Print the verdict and the page digests to the log	2026-09-12T00:46:14.8499911Z       },
nm_conviction-set	Print the verdict and the page digests to the log	2026-09-12T00:46:14.8500134Z       "pxPerPt": 3.3333333333333335,
nm_conviction-set	Print the verdict and the page digests to the log	2026-09-12T00:46:14.8500437Z       "expectedPxPerPt": 3.333333333333333,
nm_conviction-set	Print the verdict and the page digests to the log	2026-09-12T00:46:14.8500719Z       "pageWidthPt": 612,
nm_conviction-set	Print the verdict and the page digests to the log	2026-09-12T00:46:14.8500958Z       "pageHeightPt": 792,
nm_conviction-set	Print the verdict and the page digests to the log	2026-09-12T00:46:14.8501193Z       "expectedPx": {
nm_conviction-set	Print the verdict and the page digests to the log	2026-09-12T00:46:14.8501446Z         "width": 2039.9999999999998,
nm_conviction-set	Print the verdict and the page digests to the log	2026-09-12T00:46:14.8501821Z         "height": 2639.9999999999995,
nm_conviction-set	Print the verdict and the page digests to the log	2026-09-12T00:46:14.8502237Z         "tolerancePx": 6.666666666666666
nm_conviction-set	Print the verdict and the page digests to the log	2026-09-12T00:46:14.8502493Z       },
nm_conviction-set	Print the verdict and the page digests to the log	2026-09-12T00:46:14.8502714Z       "calibrationResidualPx": 0,
nm_conviction-set	Print the verdict and the page digests to the log	2026-09-12T00:46:14.8503033Z       "inkFractionInsidePaper": 0.020822378193701724,
nm_conviction-set	Print the verdict and the page digests to the log	2026-09-12T00:46:14.8503335Z       "nonblank": true,
nm_conviction-set	Print the verdict and the page digests to the log	2026-09-12T00:46:14.8503584Z       "croppedToThePage": true,
nm_conviction-set	Print the verdict and the page digests to the log	2026-09-12T00:46:14.8503857Z       "renderedInThisRun": false,
nm_conviction-set	Print the verdict and the page digests to the log	2026-09-12T00:46:14.8504404Z       "evidenceOrigin": "REUSED_ORIGINAL_PAGE_EVIDENCE",
nm_conviction-set	Print the verdict and the page digests to the log	2026-09-12T00:46:14.8504738Z       "originalOrigin": {
nm_conviction-set	Print the verdict and the page digests to the log	2026-09-12T00:46:14.8505005Z         "workflowRunId": "34660850664",
nm_conviction-set	Print the verdict and the page digests to the log	2026-09-12T00:46:14.8505393Z         "packetCommitSha": "918c8e041377f252910579d03c26505cce8a0335",
nm_conviction-set	Print the verdict and the page digests to the log	2026-09-12T00:46:14.8506141Z         "verdictPath": "data/rcap-grade-a/packet-factory-24h/raster-runs/34660850664/nm_conviction-set.verdict.json",
nm_conviction-set	Print the verdict and the page digests to the log	2026-09-12T00:46:14.8507254Z         "verdictSha256": "53a505056d02d62bc76976f217d634e9c037a97a1986a7a4b65b0d960cc86a88",
nm_conviction-set	Print the verdict and the page digests to the log	2026-09-12T00:46:14.8507709Z         "artifactId": 10287497306,
nm_conviction-set	Print the verdict and the page digests to the log	2026-09-12T00:46:14.8508191Z         "artifactZipSha256": "3f6252f74ad77d07fcfbd66b0e754de0002945d63a02c650ea0e5b3bd3100ef2",
nm_conviction-set	Print the verdict and the page digests to the log	2026-09-12T00:46:14.8508971Z         "pngMember": "nm_conviction-set/canonical/page-010.png",
nm_conviction-set	Print the verdict and the page digests to the log	2026-09-12T00:46:14.8509472Z         "pngSha256": "2c118b2f5c620a9130beb95a9b8b372b9e803d23cce649fa8b239fb562501d29"
nm_conviction-set	Print the verdict and the page digests to the log	2026-09-12T00:46:14.8509878Z       }
nm_conviction-set	Print the verdict and the page digests to the log	2026-09-12T00:46:14.8510060Z     },
nm_conviction-set	Print the verdict and the page digests to the log	2026-09-12T00:46:14.8510245Z     {
nm_conviction-set	Print the verdict and the page digests to the log	2026-09-12T00:46:14.8510439Z       "kind": "canonical",
nm_conviction-set	Print the verdict and the page digests to the log	2026-09-12T00:46:14.8510699Z       "document": "canonical.pdf",
nm_conviction-set	Print the verdict and the page digests to the log	2026-09-12T00:46:14.8511084Z       "page": 11,
nm_conviction-set	Print the verdict and the page digests to the log	2026-09-12T00:46:14.8511372Z       "png": "nm_conviction-set/canonical/page-011.png",
nm_conviction-set	Print the verdict and the page digests to the log	2026-09-12T00:46:14.8511669Z       "bytes": 365139,
nm_conviction-set	Print the verdict and the page digests to the log	2026-09-12T00:46:14.8512072Z       "pngSha256": "22036dfa98a05edf85d6b57f20cc6b91b0249bc4fc101f770514ca4502ba0f5e",
nm_conviction-set	Print the verdict and the page digests to the log	2026-09-12T00:46:14.8512484Z       "pngWidth": 2040,
nm_conviction-set	Print the verdict and the page digests to the log	2026-09-12T00:46:14.8512775Z       "pngHeight": 2640,
nm_conviction-set	Print the verdict and the page digests to the log	2026-09-12T00:46:14.8513110Z       "paper": {
nm_conviction-set	Print the verdict and the page digests to the log	2026-09-12T00:46:14.8513388Z         "x0": 204,
nm_conviction-set	Print the verdict and the page digests to the log	2026-09-12T00:46:14.8513589Z         "y0": 3,
nm_conviction-set	Print the verdict and the page digests to the log	2026-09-12T00:46:14.8513787Z         "x1": 2243,
nm_conviction-set	Print the verdict and the page digests to the log	2026-09-12T00:46:14.8513983Z         "y1": 2642,
nm_conviction-set	Print the verdict and the page digests to the log	2026-09-12T00:46:14.8514182Z         "width": 2040,
nm_conviction-set	Print the verdict and the page digests to the log	2026-09-12T00:46:14.8514535Z         "height": 2640
nm_conviction-set	Print the verdict and the page digests to the log	2026-09-12T00:46:14.8514860Z       },
nm_conviction-set	Print the verdict and the page digests to the log	2026-09-12T00:46:14.8515212Z       "pxPerPt": 3.3333333333333335,
nm_conviction-set	Print the verdict and the page digests to the log	2026-09-12T00:46:14.8515692Z       "expectedPxPerPt": 3.333333333333333,
nm_conviction-set	Print the verdict and the page digests to the log	2026-09-12T00:46:14.8516271Z       "pageWidthPt": 612,
nm_conviction-set	Print the verdict and the page digests to the log	2026-09-12T00:46:14.8516649Z       "pageHeightPt": 792,
nm_conviction-set	Print the verdict and the page digests to the log	2026-09-12T00:46:14.8517017Z       "expectedPx": {
nm_conviction-set	Print the verdict and the page digests to the log	2026-09-12T00:46:14.8517401Z         "width": 2039.9999999999998,
nm_conviction-set	Print the verdict and the page digests to the log	2026-09-12T00:46:14.8517711Z         "height": 2639.9999999999995,
nm_conviction-set	Print the verdict and the page digests to the log	2026-09-12T00:46:14.8518015Z         "tolerancePx": 6.666666666666666
nm_conviction-set	Print the verdict and the page digests to the log	2026-09-12T00:46:14.8518281Z       },
nm_conviction-set	Print the verdict and the page digests to the log	2026-09-12T00:46:14.8518514Z       "calibrationResidualPx": 0,
nm_conviction-set	Print the verdict and the page digests to the log	2026-09-12T00:46:14.8518846Z       "inkFractionInsidePaper": 0.03478034016636958,
nm_conviction-set	Print the verdict and the page digests to the log	2026-09-12T00:46:14.8519294Z       "nonblank": true,
nm_conviction-set	Print the verdict and the page digests to the log	2026-09-12T00:46:14.8519826Z       "croppedToThePage": true,
nm_conviction-set	Print the verdict and the page digests to the log	2026-09-12T00:46:14.8520228Z       "renderedInThisRun": false,
nm_conviction-set	Print the verdict and the page digests to the log	2026-09-12T00:46:14.8520803Z       "evidenceOrigin": "REUSED_ORIGINAL_PAGE_EVIDENCE",
nm_conviction-set	Print the verdict and the page digests to the log	2026-09-12T00:46:14.8521266Z       "originalOrigin": {
nm_conviction-set	Print the verdict and the page digests to the log	2026-09-12T00:46:14.8534460Z         "workflowRunId": "34660850664",
nm_conviction-set	Print the verdict and the page digests to the log	2026-09-12T00:46:14.8534891Z         "packetCommitSha": "918c8e041377f252910579d03c26505cce8a0335",
nm_conviction-set	Print the verdict and the page digests to the log	2026-09-12T00:46:14.8535576Z         "verdictPath": "data/rcap-grade-a/packet-factory-24h/raster-runs/34660850664/nm_conviction-set.verdict.json",
nm_conviction-set	Print the verdict and the page digests to the log	2026-09-12T00:46:14.8536448Z         "verdictSha256": "53a505056d02d62bc76976f217d634e9c037a97a1986a7a4b65b0d960cc86a88",
nm_conviction-set	Print the verdict and the page digests to the log	2026-09-12T00:46:14.8536899Z         "artifactId": 10287497306,
nm_conviction-set	Print the verdict and the page digests to the log	2026-09-12T00:46:14.8537387Z         "artifactZipSha256": "3f6252f74ad77d07fcfbd66b0e754de0002945d63a02c650ea0e5b3bd3100ef2",
nm_conviction-set	Print the verdict and the page digests to the log	2026-09-12T00:46:14.8537931Z         "pngMember": "nm_conviction-set/canonical/page-011.png",
nm_conviction-set	Print the verdict and the page digests to the log	2026-09-12T00:46:14.8538430Z         "pngSha256": "22036dfa98a05edf85d6b57f20cc6b91b0249bc4fc101f770514ca4502ba0f5e"
nm_conviction-set	Print the verdict and the page digests to the log	2026-09-12T00:46:14.8538824Z       }
nm_conviction-set	Print the verdict and the page digests to the log	2026-09-12T00:46:14.8539005Z     },
nm_conviction-set	Print the verdict and the page digests to the log	2026-09-12T00:46:14.8539181Z     {
nm_conviction-set	Print the verdict and the page digests to the log	2026-09-12T00:46:14.8539378Z       "kind": "canonical",
nm_conviction-set	Print the verdict and the page digests to the log	2026-09-12T00:46:14.8539647Z       "document": "canonical.pdf",
nm_conviction-set	Print the verdict and the page digests to the log	2026-09-12T00:46:14.8539901Z       "page": 12,
nm_conviction-set	Print the verdict and the page digests to the log	2026-09-12T00:46:14.8540195Z       "png": "nm_conviction-set/canonical/page-012.png",
nm_conviction-set	Print the verdict and the page digests to the log	2026-09-12T00:46:14.8540501Z       "bytes": 258722,
nm_conviction-set	Print the verdict and the page digests to the log	2026-09-12T00:46:14.8540899Z       "pngSha256": "ea457f4e4cdb9bb66785f1949d57174557d50e5ddafe370ba6e3a2f6b6407615",
nm_conviction-set	Print the verdict and the page digests to the log	2026-09-12T00:46:14.8541315Z       "pngWidth": 2040,
nm_conviction-set	Print the verdict and the page digests to the log	2026-09-12T00:46:14.8541536Z       "pngHeight": 2640,
nm_conviction-set	Print the verdict and the page digests to the log	2026-09-12T00:46:14.8541753Z       "paper": {
nm_conviction-set	Print the verdict and the page digests to the log	2026-09-12T00:46:14.8541954Z         "x0": 204,
nm_conviction-set	Print the verdict and the page digests to the log	2026-09-12T00:46:14.8542344Z         "y0": 3,
nm_conviction-set	Print the verdict and the page digests to the log	2026-09-12T00:46:14.8542533Z         "x1": 2243,
nm_conviction-set	Print the verdict and the page digests to the log	2026-09-12T00:46:14.8542727Z         "y1": 2642,
nm_conviction-set	Print the verdict and the page digests to the log	2026-09-12T00:46:14.8542926Z         "width": 2040,
nm_conviction-set	Print the verdict and the page digests to the log	2026-09-12T00:46:14.8543135Z         "height": 2640
nm_conviction-set	Print the verdict and the page digests to the log	2026-09-12T00:46:14.8543330Z       },
nm_conviction-set	Print the verdict and the page digests to the log	2026-09-12T00:46:14.8543552Z       "pxPerPt": 3.3333333333333335,
nm_conviction-set	Print the verdict and the page digests to the log	2026-09-12T00:46:14.8543846Z       "expectedPxPerPt": 3.333333333333333,
nm_conviction-set	Print the verdict and the page digests to the log	2026-09-12T00:46:14.8544124Z       "pageWidthPt": 612,
nm_conviction-set	Print the verdict and the page digests to the log	2026-09-12T00:46:14.8544372Z       "pageHeightPt": 792,
nm_conviction-set	Print the verdict and the page digests to the log	2026-09-12T00:46:14.8544604Z       "expectedPx": {
nm_conviction-set	Print the verdict and the page digests to the log	2026-09-12T00:46:14.8544843Z         "width": 2039.9999999999998,
nm_conviction-set	Print the verdict and the page digests to the log	2026-09-12T00:46:14.8545112Z         "height": 2639.9999999999995,
nm_conviction-set	Print the verdict and the page digests to the log	2026-09-12T00:46:14.8545511Z         "tolerancePx": 6.666666666666666
nm_conviction-set	Print the verdict and the page digests to the log	2026-09-12T00:46:14.8545877Z       },
nm_conviction-set	Print the verdict and the page digests to the log	2026-09-12T00:46:14.8546097Z       "calibrationResidualPx": 0,
nm_conviction-set	Print the verdict and the page digests to the log	2026-09-12T00:46:14.8546430Z       "inkFractionInsidePaper": 0.026947972370766488,
nm_conviction-set	Print the verdict and the page digests to the log	2026-09-12T00:46:14.8546727Z       "nonblank": true,
nm_conviction-set	Print the verdict and the page digests to the log	2026-09-12T00:46:14.8546978Z       "croppedToThePage": true,
nm_conviction-set	Print the verdict and the page digests to the log	2026-09-12T00:46:14.8547258Z       "renderedInThisRun": false,
nm_conviction-set	Print the verdict and the page digests to the log	2026-09-12T00:46:14.8547580Z       "evidenceOrigin": "REUSED_ORIGINAL_PAGE_EVIDENCE",
nm_conviction-set	Print the verdict and the page digests to the log	2026-09-12T00:46:14.8547884Z       "originalOrigin": {
nm_conviction-set	Print the verdict and the page digests to the log	2026-09-12T00:46:14.8548138Z         "workflowRunId": "34660850664",
nm_conviction-set	Print the verdict and the page digests to the log	2026-09-12T00:46:14.8548507Z         "packetCommitSha": "918c8e041377f252910579d03c26505cce8a0335",
nm_conviction-set	Print the verdict and the page digests to the log	2026-09-12T00:46:14.8549163Z         "verdictPath": "data/rcap-grade-a/packet-factory-24h/raster-runs/34660850664/nm_conviction-set.verdict.json",
nm_conviction-set	Print the verdict and the page digests to the log	2026-09-12T00:46:14.8549863Z         "verdictSha256": "53a505056d02d62bc76976f217d634e9c037a97a1986a7a4b65b0d960cc86a88",
nm_conviction-set	Print the verdict and the page digests to the log	2026-09-12T00:46:14.8550298Z         "artifactId": 10287497306,
nm_conviction-set	Print the verdict and the page digests to the log	2026-09-12T00:46:14.8550773Z         "artifactZipSha256": "3f6252f74ad77d07fcfbd66b0e754de0002945d63a02c650ea0e5b3bd3100ef2",
nm_conviction-set	Print the verdict and the page digests to the log	2026-09-12T00:46:14.8551302Z         "pngMember": "nm_conviction-set/canonical/page-012.png",
nm_conviction-set	Print the verdict and the page digests to the log	2026-09-12T00:46:14.8551795Z         "pngSha256": "ea457f4e4cdb9bb66785f1949d57174557d50e5ddafe370ba6e3a2f6b6407615"
nm_conviction-set	Print the verdict and the page digests to the log	2026-09-12T00:46:14.8552193Z       }
nm_conviction-set	Print the verdict and the page digests to the log	2026-09-12T00:46:14.8552366Z     },
nm_conviction-set	Print the verdict and the page digests to the log	2026-09-12T00:46:14.8552538Z     {
nm_conviction-set	Print the verdict and the page digests to the log	2026-09-12T00:46:14.8552727Z       "kind": "canonical",
nm_conviction-set	Print the verdict and the page digests to the log	2026-09-12T00:46:14.8552975Z       "document": "canonical.pdf",
nm_conviction-set	Print the verdict and the page digests to the log	2026-09-12T00:46:14.8553217Z       "page": 13,
nm_conviction-set	Print the verdict and the page digests to the log	2026-09-12T00:46:14.8553496Z       "png": "nm_conviction-set/canonical/page-013.png",
nm_conviction-set	Print the verdict and the page digests to the log	2026-09-12T00:46:14.8553785Z       "bytes": 246734,
nm_conviction-set	Print the verdict and the page digests to the log	2026-09-12T00:46:14.8554175Z       "pngSha256": "276d789a4460173b454497dee7bd7fea229af7f74f1b00caf964f8a249bc5afe",
nm_conviction-set	Print the verdict and the page digests to the log	2026-09-12T00:46:14.8554566Z       "pngWidth": 2040,
nm_conviction-set	Print the verdict and the page digests to the log	2026-09-12T00:46:14.8554781Z       "pngHeight": 2640,
nm_conviction-set	Print the verdict and the page digests to the log	2026-09-12T00:46:14.8555001Z       "paper": {
nm_conviction-set	Print the verdict and the page digests to the log	2026-09-12T00:46:14.8555200Z         "x0": 204,
nm_conviction-set	Print the verdict and the page digests to the log	2026-09-12T00:46:14.8555389Z         "y0": 3,
nm_conviction-set	Print the verdict and the page digests to the log	2026-09-12T00:46:14.8555574Z         "x1": 2243,
nm_conviction-set	Print the verdict and the page digests to the log	2026-09-12T00:46:14.8555871Z         "y1": 2642,
nm_conviction-set	Print the verdict and the page digests to the log	2026-09-12T00:46:14.8556061Z         "width": 2040,
nm_conviction-set	Print the verdict and the page digests to the log	2026-09-12T00:46:14.8556268Z         "height": 2640
nm_conviction-set	Print the verdict and the page digests to the log	2026-09-12T00:46:14.8556464Z       },
nm_conviction-set	Print the verdict and the page digests to the log	2026-09-12T00:46:14.8556672Z       "pxPerPt": 3.3333333333333335,
nm_conviction-set	Print the verdict and the page digests to the log	2026-09-12T00:46:14.8556968Z       "expectedPxPerPt": 3.333333333333333,
nm_conviction-set	Print the verdict and the page digests to the log	2026-09-12T00:46:14.8557236Z       "pageWidthPt": 612,
nm_conviction-set	Print the verdict and the page digests to the log	2026-09-12T00:46:14.8557457Z       "pageHeightPt": 792,
nm_conviction-set	Print the verdict and the page digests to the log	2026-09-12T00:46:14.8557679Z       "expectedPx": {
nm_conviction-set	Print the verdict and the page digests to the log	2026-09-12T00:46:14.8557909Z         "width": 2039.9999999999998,
nm_conviction-set	Print the verdict and the page digests to the log	2026-09-12T00:46:14.8558165Z         "height": 2639.9999999999995,
nm_conviction-set	Print the verdict and the page digests to the log	2026-09-12T00:46:14.8558433Z         "tolerancePx": 6.666666666666666
nm_conviction-set	Print the verdict and the page digests to the log	2026-09-12T00:46:14.8558675Z       },
nm_conviction-set	Print the verdict and the page digests to the log	2026-09-12T00:46:14.8558898Z       "calibrationResidualPx": 0,
nm_conviction-set	Print the verdict and the page digests to the log	2026-09-12T00:46:14.8559209Z       "inkFractionInsidePaper": 0.024758801247771835,
nm_conviction-set	Print the verdict and the page digests to the log	2026-09-12T00:46:14.8559500Z       "nonblank": true,
nm_conviction-set	Print the verdict and the page digests to the log	2026-09-12T00:46:14.8559734Z       "croppedToThePage": true,
nm_conviction-set	Print the verdict and the page digests to the log	2026-09-12T00:46:14.8559997Z       "renderedInThisRun": false,
nm_conviction-set	Print the verdict and the page digests to the log	2026-09-12T00:46:14.8560307Z       "evidenceOrigin": "REUSED_ORIGINAL_PAGE_EVIDENCE",
nm_conviction-set	Print the verdict and the page digests to the log	2026-09-12T00:46:14.8560751Z       "originalOrigin": {
nm_conviction-set	Print the verdict and the page digests to the log	2026-09-12T00:46:14.8561005Z         "workflowRunId": "34660850664",
nm_conviction-set	Print the verdict and the page digests to the log	2026-09-12T00:46:14.8561368Z         "packetCommitSha": "918c8e041377f252910579d03c26505cce8a0335",
nm_conviction-set	Print the verdict and the page digests to the log	2026-09-12T00:46:14.8562002Z         "verdictPath": "data/rcap-grade-a/packet-factory-24h/raster-runs/34660850664/nm_conviction-set.verdict.json",
nm_conviction-set	Print the verdict and the page digests to the log	2026-09-12T00:46:14.8562687Z         "verdictSha256": "53a505056d02d62bc76976f217d634e9c037a97a1986a7a4b65b0d960cc86a88",
nm_conviction-set	Print the verdict and the page digests to the log	2026-09-12T00:46:14.8563137Z         "artifactId": 10287497306,
nm_conviction-set	Print the verdict and the page digests to the log	2026-09-12T00:46:14.8563617Z         "artifactZipSha256": "3f6252f74ad77d07fcfbd66b0e754de0002945d63a02c650ea0e5b3bd3100ef2",
nm_conviction-set	Print the verdict and the page digests to the log	2026-09-12T00:46:14.8564147Z         "pngMember": "nm_conviction-set/canonical/page-013.png",
nm_conviction-set	Print the verdict and the page digests to the log	2026-09-12T00:46:14.8564758Z         "pngSha256": "276d789a4460173b454497dee7bd7fea229af7f74f1b00caf964f8a249bc5afe"
nm_conviction-set	Print the verdict and the page digests to the log	2026-09-12T00:46:14.8565155Z       }
nm_conviction-set	Print the verdict and the page digests to the log	2026-09-12T00:46:14.8565335Z     },
nm_conviction-set	Print the verdict and the page digests to the log	2026-09-12T00:46:14.8565515Z     {
nm_conviction-set	Print the verdict and the page digests to the log	2026-09-12T00:46:14.8565885Z       "kind": "canonical",
nm_conviction-set	Print the verdict and the page digests to the log	2026-09-12T00:46:14.8566201Z       "document": "canonical.pdf",
nm_conviction-set	Print the verdict and the page digests to the log	2026-09-12T00:46:14.8566450Z       "page": 14,
nm_conviction-set	Print the verdict and the page digests to the log	2026-09-12T00:46:14.8566733Z       "png": "nm_conviction-set/canonical/page-014.png",
nm_conviction-set	Print the verdict and the page digests to the log	2026-09-12T00:46:14.8567032Z       "bytes": 143074,
nm_conviction-set	Print the verdict and the page digests to the log	2026-09-12T00:46:14.8567428Z       "pngSha256": "8a4f4a75e0c7e67b8c80f9112f4d8014e21b2c230964c6ae43c2d7326eb116b6",
nm_conviction-set	Print the verdict and the page digests to the log	2026-09-12T00:46:14.8567827Z       "pngWidth": 2040,
nm_conviction-set	Print the verdict and the page digests to the log	2026-09-12T00:46:14.8568052Z       "pngHeight": 2640,
nm_conviction-set	Print the verdict and the page digests to the log	2026-09-12T00:46:14.8568268Z       "paper": {
nm_conviction-set	Print the verdict and the page digests to the log	2026-09-12T00:46:14.8568467Z         "x0": 204,
nm_conviction-set	Print the verdict and the page digests to the log	2026-09-12T00:46:14.8568664Z         "y0": 3,
nm_conviction-set	Print the verdict and the page digests to the log	2026-09-12T00:46:14.8568858Z         "x1": 2243,
nm_conviction-set	Print the verdict and the page digests to the log	2026-09-12T00:46:14.8569052Z         "y1": 2642,
nm_conviction-set	Print the verdict and the page digests to the log	2026-09-12T00:46:14.8569253Z         "width": 2040,
nm_conviction-set	Print the verdict and the page digests to the log	2026-09-12T00:46:14.8569501Z         "height": 2640
nm_conviction-set	Print the verdict and the page digests to the log	2026-09-12T00:46:14.8569702Z       },
nm_conviction-set	Print the verdict and the page digests to the log	2026-09-12T00:46:14.8569920Z       "pxPerPt": 3.3333333333333335,
nm_conviction-set	Print the verdict and the page digests to the log	2026-09-12T00:46:14.8570216Z       "expectedPxPerPt": 3.333333333333333,
nm_conviction-set	Print the verdict and the page digests to the log	2026-09-12T00:46:14.8570497Z       "pageWidthPt": 612,
nm_conviction-set	Print the verdict and the page digests to the log	2026-09-12T00:46:14.8570744Z       "pageHeightPt": 792,
nm_conviction-set	Print the verdict and the page digests to the log	2026-09-12T00:46:14.8570976Z       "expectedPx": {
nm_conviction-set	Print the verdict and the page digests to the log	2026-09-12T00:46:14.8571217Z         "width": 2039.9999999999998,
nm_conviction-set	Print the verdict and the page digests to the log	2026-09-12T00:46:14.8571489Z         "height": 2639.9999999999995,
nm_conviction-set	Print the verdict and the page digests to the log	2026-09-12T00:46:14.8571770Z         "tolerancePx": 6.666666666666666
nm_conviction-set	Print the verdict and the page digests to the log	2026-09-12T00:46:14.8572016Z       },
nm_conviction-set	Print the verdict and the page digests to the log	2026-09-12T00:46:14.8572232Z       "calibrationResidualPx": 0,
nm_conviction-set	Print the verdict and the page digests to the log	2026-09-12T00:46:14.8572543Z       "inkFractionInsidePaper": 0.0135873440285205,
nm_conviction-set	Print the verdict and the page digests to the log	2026-09-12T00:46:14.8572838Z       "nonblank": true,
nm_conviction-set	Print the verdict and the page digests to the log	2026-09-12T00:46:14.8573092Z       "croppedToThePage": true,
nm_conviction-set	Print the verdict and the page digests to the log	2026-09-12T00:46:14.8573356Z       "renderedInThisRun": false,
nm_conviction-set	Print the verdict and the page digests to the log	2026-09-12T00:46:14.8573676Z       "evidenceOrigin": "REUSED_ORIGINAL_PAGE_EVIDENCE",
nm_conviction-set	Print the verdict and the page digests to the log	2026-09-12T00:46:14.8573981Z       "originalOrigin": {
nm_conviction-set	Print the verdict and the page digests to the log	2026-09-12T00:46:14.8574238Z         "workflowRunId": "34660850664",
nm_conviction-set	Print the verdict and the page digests to the log	2026-09-12T00:46:14.8574601Z         "packetCommitSha": "918c8e041377f252910579d03c26505cce8a0335",
nm_conviction-set	Print the verdict and the page digests to the log	2026-09-12T00:46:14.8575279Z         "verdictPath": "data/rcap-grade-a/packet-factory-24h/raster-runs/34660850664/nm_conviction-set.verdict.json",
nm_conviction-set	Print the verdict and the page digests to the log	2026-09-12T00:46:14.8576127Z         "verdictSha256": "53a505056d02d62bc76976f217d634e9c037a97a1986a7a4b65b0d960cc86a88",
nm_conviction-set	Print the verdict and the page digests to the log	2026-09-12T00:46:14.8576589Z         "artifactId": 10287497306,
nm_conviction-set	Print the verdict and the page digests to the log	2026-09-12T00:46:14.8577068Z         "artifactZipSha256": "3f6252f74ad77d07fcfbd66b0e754de0002945d63a02c650ea0e5b3bd3100ef2",
nm_conviction-set	Print the verdict and the page digests to the log	2026-09-12T00:46:14.8577607Z         "pngMember": "nm_conviction-set/canonical/page-014.png",
nm_conviction-set	Print the verdict and the page digests to the log	2026-09-12T00:46:14.8578096Z         "pngSha256": "8a4f4a75e0c7e67b8c80f9112f4d8014e21b2c230964c6ae43c2d7326eb116b6"
nm_conviction-set	Print the verdict and the page digests to the log	2026-09-12T00:46:14.8578481Z       }
nm_conviction-set	Print the verdict and the page digests to the log	2026-09-12T00:46:14.8578663Z     },
nm_conviction-set	Print the verdict and the page digests to the log	2026-09-12T00:46:14.8578842Z     {
nm_conviction-set	Print the verdict and the page digests to the log	2026-09-12T00:46:14.8579032Z       "kind": "canonical",
nm_conviction-set	Print the verdict and the page digests to the log	2026-09-12T00:46:14.8579292Z       "document": "canonical.pdf",
nm_conviction-set	Print the verdict and the page digests to the log	2026-09-12T00:46:14.8579537Z       "page": 15,
nm_conviction-set	Print the verdict and the page digests to the log	2026-09-12T00:46:14.8579815Z       "png": "nm_conviction-set/canonical/page-015.png",
nm_conviction-set	Print the verdict and the page digests to the log	2026-09-12T00:46:14.8580260Z       "bytes": 166154,
nm_conviction-set	Print the verdict and the page digests to the log	2026-09-12T00:46:14.8580652Z       "pngSha256": "f8c98ad639e17e8eb572575b08d2aff29fa362589a91bc7c7df19894723111d1",
nm_conviction-set	Print the verdict and the page digests to the log	2026-09-12T00:46:14.8581049Z       "pngWidth": 2040,
nm_conviction-set	Print the verdict and the page digests to the log	2026-09-12T00:46:14.8581273Z       "pngHeight": 2640,
nm_conviction-set	Print the verdict and the page digests to the log	2026-09-12T00:46:14.8581491Z       "paper": {
nm_conviction-set	Print the verdict and the page digests to the log	2026-09-12T00:46:14.8581692Z         "x0": 204,
nm_conviction-set	Print the verdict and the page digests to the log	2026-09-12T00:46:14.8581894Z         "y0": 3,
nm_conviction-set	Print the verdict and the page digests to the log	2026-09-12T00:46:14.8582088Z         "x1": 2243,
nm_conviction-set	Print the verdict and the page digests to the log	2026-09-12T00:46:14.8582284Z         "y1": 2642,
nm_conviction-set	Print the verdict and the page digests to the log	2026-09-12T00:46:14.8582476Z         "width": 2040,
nm_conviction-set	Print the verdict and the page digests to the log	2026-09-12T00:46:14.8582681Z         "height": 2640
nm_conviction-set	Print the verdict and the page digests to the log	2026-09-12T00:46:14.8582874Z       },
nm_conviction-set	Print the verdict and the page digests to the log	2026-09-12T00:46:14.8583094Z       "pxPerPt": 3.3333333333333335,
nm_conviction-set	Print the verdict and the page digests to the log	2026-09-12T00:46:14.8583551Z       "expectedPxPerPt": 3.333333333333333,
nm_conviction-set	Print the verdict and the page digests to the log	2026-09-12T00:46:14.8583824Z       "pageWidthPt": 612,
nm_conviction-set	Print the verdict and the page digests to the log	2026-09-12T00:46:14.8584055Z       "pageHeightPt": 792,
nm_conviction-set	Print the verdict and the page digests to the log	2026-09-12T00:46:14.8584279Z       "expectedPx": {
nm_conviction-set	Print the verdict and the page digests to the log	2026-09-12T00:46:14.8584511Z         "width": 2039.9999999999998,
nm_conviction-set	Print the verdict and the page digests to the log	2026-09-12T00:46:14.8584778Z         "height": 2639.9999999999995,
nm_conviction-set	Print the verdict and the page digests to the log	2026-09-12T00:46:14.8585056Z         "tolerancePx": 6.666666666666666
nm_conviction-set	Print the verdict and the page digests to the log	2026-09-12T00:46:14.8585302Z       },
nm_conviction-set	Print the verdict and the page digests to the log	2026-09-12T00:46:14.8585523Z       "calibrationResidualPx": 0,
nm_conviction-set	Print the verdict and the page digests to the log	2026-09-12T00:46:14.8585936Z       "inkFractionInsidePaper": 0.01638387551990493,
nm_conviction-set	Print the verdict and the page digests to the log	2026-09-12T00:46:14.8586224Z       "nonblank": true,
nm_conviction-set	Print the verdict and the page digests to the log	2026-09-12T00:46:14.8586463Z       "croppedToThePage": true,
nm_conviction-set	Print the verdict and the page digests to the log	2026-09-12T00:46:14.8586733Z       "renderedInThisRun": false,
nm_conviction-set	Print the verdict and the page digests to the log	2026-09-12T00:46:14.8587045Z       "evidenceOrigin": "REUSED_ORIGINAL_PAGE_EVIDENCE",
nm_conviction-set	Print the verdict and the page digests to the log	2026-09-12T00:46:14.8587344Z       "originalOrigin": {
nm_conviction-set	Print the verdict and the page digests to the log	2026-09-12T00:46:14.8587593Z         "workflowRunId": "34660850664",
nm_conviction-set	Print the verdict and the page digests to the log	2026-09-12T00:46:14.8587967Z         "packetCommitSha": "918c8e041377f252910579d03c26505cce8a0335",
nm_conviction-set	Print the verdict and the page digests to the log	2026-09-12T00:46:14.8588610Z         "verdictPath": "data/rcap-grade-a/packet-factory-24h/raster-runs/34660850664/nm_conviction-set.verdict.json",
nm_conviction-set	Print the verdict and the page digests to the log	2026-09-12T00:46:14.8589302Z         "verdictSha256": "53a505056d02d62bc76976f217d634e9c037a97a1986a7a4b65b0d960cc86a88",
nm_conviction-set	Print the verdict and the page digests to the log	2026-09-12T00:46:14.8589737Z         "artifactId": 10287497306,
nm_conviction-set	Print the verdict and the page digests to the log	2026-09-12T00:46:14.8590196Z         "artifactZipSha256": "3f6252f74ad77d07fcfbd66b0e754de0002945d63a02c650ea0e5b3bd3100ef2",
nm_conviction-set	Print the verdict and the page digests to the log	2026-09-12T00:46:14.8590721Z         "pngMember": "nm_conviction-set/canonical/page-015.png",
nm_conviction-set	Print the verdict and the page digests to the log	2026-09-12T00:46:14.8591227Z         "pngSha256": "f8c98ad639e17e8eb572575b08d2aff29fa362589a91bc7c7df19894723111d1"
nm_conviction-set	Print the verdict and the page digests to the log	2026-09-12T00:46:14.8591607Z       }
nm_conviction-set	Print the verdict and the page digests to the log	2026-09-12T00:46:14.8591779Z     },
nm_conviction-set	Print the verdict and the page digests to the log	2026-09-12T00:46:14.8591951Z     {
nm_conviction-set	Print the verdict and the page digests to the log	2026-09-12T00:46:14.8592139Z       "kind": "canonical",
nm_conviction-set	Print the verdict and the page digests to the log	2026-09-12T00:46:14.8592391Z       "document": "canonical.pdf",
nm_conviction-set	Print the verdict and the page digests to the log	2026-09-12T00:46:14.8592634Z       "page": 16,
nm_conviction-set	Print the verdict and the page digests to the log	2026-09-12T00:46:14.8592914Z       "png": "nm_conviction-set/canonical/page-016.png",
nm_conviction-set	Print the verdict and the page digests to the log	2026-09-12T00:46:14.8593202Z       "bytes": 431928,
nm_conviction-set	Print the verdict and the page digests to the log	2026-09-12T00:46:14.8593692Z       "pngSha256": "5237cad7ee5aafae925f05f6310d04cd16c82f9c932aaeee5f0420ecfe90826a",
nm_conviction-set	Print the verdict and the page digests to the log	2026-09-12T00:46:14.8594112Z       "pngWidth": 2040,
nm_conviction-set	Print the verdict and the page digests to the log	2026-09-12T00:46:14.8594333Z       "pngHeight": 2640,
nm_conviction-set	Print the verdict and the page digests to the log	2026-09-12T00:46:14.8594543Z       "paper": {
nm_conviction-set	Print the verdict and the page digests to the log	2026-09-12T00:46:14.8594740Z         "x0": 204,
nm_conviction-set	Print the verdict and the page digests to the log	2026-09-12T00:46:14.8594931Z         "y0": 3,
nm_conviction-set	Print the verdict and the page digests to the log	2026-09-12T00:46:14.8595115Z         "x1": 2243,
nm_conviction-set	Print the verdict and the page digests to the log	2026-09-12T00:46:14.8595308Z         "y1": 2642,
nm_conviction-set	Print the verdict and the page digests to the log	2026-09-12T00:46:14.8595501Z         "width": 2040,
nm_conviction-set	Print the verdict and the page digests to the log	2026-09-12T00:46:14.8595804Z         "height": 2640
nm_conviction-set	Print the verdict and the page digests to the log	2026-09-12T00:46:14.8596004Z       },
nm_conviction-set	Print the verdict and the page digests to the log	2026-09-12T00:46:14.8596219Z       "pxPerPt": 3.3333333333333335,
nm_conviction-set	Print the verdict and the page digests to the log	2026-09-12T00:46:14.8596508Z       "expectedPxPerPt": 3.333333333333333,
nm_conviction-set	Print the verdict and the page digests to the log	2026-09-12T00:46:14.8596779Z       "pageWidthPt": 612,
nm_conviction-set	Print the verdict and the page digests to the log	2026-09-12T00:46:14.8597011Z       "pageHeightPt": 792,
nm_conviction-set	Print the verdict and the page digests to the log	2026-09-12T00:46:14.8597236Z       "expectedPx": {
nm_conviction-set	Print the verdict and the page digests to the log	2026-09-12T00:46:14.8597478Z         "width": 2039.9999999999998,
nm_conviction-set	Print the verdict and the page digests to the log	2026-09-12T00:46:14.8597742Z         "height": 2639.9999999999995,
nm_conviction-set	Print the verdict and the page digests to the log	2026-09-12T00:46:14.8598014Z         "tolerancePx": 6.666666666666666
nm_conviction-set	Print the verdict and the page digests to the log	2026-09-12T00:46:14.8598256Z       },
nm_conviction-set	Print the verdict and the page digests to the log	2026-09-12T00:46:14.8598612Z       "calibrationResidualPx": 0,
nm_conviction-set	Print the verdict and the page digests to the log	2026-09-12T00:46:14.8598924Z       "inkFractionInsidePaper": 0.05538045900178253,
nm_conviction-set	Print the verdict and the page digests to the log	2026-09-12T00:46:14.8599217Z       "nonblank": true,
nm_conviction-set	Print the verdict and the page digests to the log	2026-09-12T00:46:14.8599461Z       "croppedToThePage": true,
nm_conviction-set	Print the verdict and the page digests to the log	2026-09-12T00:46:14.8599728Z       "renderedInThisRun": false,
nm_conviction-set	Print the verdict and the page digests to the log	2026-09-12T00:46:14.8600041Z       "evidenceOrigin": "REUSED_ORIGINAL_PAGE_EVIDENCE",
nm_conviction-set	Print the verdict and the page digests to the log	2026-09-12T00:46:14.8600344Z       "originalOrigin": {
nm_conviction-set	Print the verdict and the page digests to the log	2026-09-12T00:46:14.8600591Z         "workflowRunId": "34660850664",
nm_conviction-set	Print the verdict and the page digests to the log	2026-09-12T00:46:14.8600955Z         "packetCommitSha": "918c8e041377f252910579d03c26505cce8a0335",
nm_conviction-set	Print the verdict and the page digests to the log	2026-09-12T00:46:14.8601591Z         "verdictPath": "data/rcap-grade-a/packet-factory-24h/raster-runs/34660850664/nm_conviction-set.verdict.json",
nm_conviction-set	Print the verdict and the page digests to the log	2026-09-12T00:46:14.8602397Z         "verdictSha256": "53a505056d02d62bc76976f217d634e9c037a97a1986a7a4b65b0d960cc86a88",
nm_conviction-set	Print the verdict and the page digests to the log	2026-09-12T00:46:14.8602830Z         "artifactId": 10287497306,
nm_conviction-set	Print the verdict and the page digests to the log	2026-09-12T00:46:14.8603295Z         "artifactZipSha256": "3f6252f74ad77d07fcfbd66b0e754de0002945d63a02c650ea0e5b3bd3100ef2",
nm_conviction-set	Print the verdict and the page digests to the log	2026-09-12T00:46:14.8603821Z         "pngMember": "nm_conviction-set/canonical/page-016.png",
nm_conviction-set	Print the verdict and the page digests to the log	2026-09-12T00:46:14.8604317Z         "pngSha256": "5237cad7ee5aafae925f05f6310d04cd16c82f9c932aaeee5f0420ecfe90826a"
nm_conviction-set	Print the verdict and the page digests to the log	2026-09-12T00:46:14.8604707Z       }
nm_conviction-set	Print the verdict and the page digests to the log	2026-09-12T00:46:14.8604882Z     },
nm_conviction-set	Print the verdict and the page digests to the log	2026-09-12T00:46:14.8605052Z     {
nm_conviction-set	Print the verdict and the page digests to the log	2026-09-12T00:46:14.8605238Z       "kind": "canonical",
nm_conviction-set	Print the verdict and the page digests to the log	2026-09-12T00:46:14.8605489Z       "document": "canonical.pdf",
nm_conviction-set	Print the verdict and the page digests to the log	2026-09-12T00:46:14.8605901Z       "page": 17,
nm_conviction-set	Print the verdict and the page digests to the log	2026-09-12T00:46:14.8606211Z       "png": "nm_conviction-set/canonical/page-017.png",
nm_conviction-set	Print the verdict and the page digests to the log	2026-09-12T00:46:14.8606504Z       "bytes": 306107,
nm_conviction-set	Print the verdict and the page digests to the log	2026-09-12T00:46:14.8606887Z       "pngSha256": "167ff1010f925fa189d267d7b893e751fbf3f8329b9041c11f32ede6d9c15570",
nm_conviction-set	Print the verdict and the page digests to the log	2026-09-12T00:46:14.8607283Z       "pngWidth": 2040,
nm_conviction-set	Print the verdict and the page digests to the log	2026-09-12T00:46:14.8607502Z       "pngHeight": 2640,
nm_conviction-set	Print the verdict and the page digests to the log	2026-09-12T00:46:14.8607711Z       "paper": {
nm_conviction-set	Print the verdict and the page digests to the log	2026-09-12T00:46:14.8607903Z         "x0": 204,
nm_conviction-set	Print the verdict and the page digests to the log	2026-09-12T00:46:14.8608100Z         "y0": 3,
nm_conviction-set	Print the verdict and the page digests to the log	2026-09-12T00:46:14.8608284Z         "x1": 2243,
nm_conviction-set	Print the verdict and the page digests to the log	2026-09-12T00:46:14.8608474Z         "y1": 2642,
nm_conviction-set	Print the verdict and the page digests to the log	2026-09-12T00:46:14.8608662Z         "width": 2040,
nm_conviction-set	Print the verdict and the page digests to the log	2026-09-12T00:46:14.8608864Z         "height": 2640
nm_conviction-set	Print the verdict and the page digests to the log	2026-09-12T00:46:14.8609056Z       },
nm_conviction-set	Print the verdict and the page digests to the log	2026-09-12T00:46:14.8609272Z       "pxPerPt": 3.3333333333333335,
nm_conviction-set	Print the verdict and the page digests to the log	2026-09-12T00:46:14.8609554Z       "expectedPxPerPt": 3.333333333333333,
nm_conviction-set	Print the verdict and the page digests to the log	2026-09-12T00:46:14.8609821Z       "pageWidthPt": 612,
nm_conviction-set	Print the verdict and the page digests to the log	2026-09-12T00:46:14.8610048Z       "pageHeightPt": 792,
nm_conviction-set	Print the verdict and the page digests to the log	2026-09-12T00:46:14.8610268Z       "expectedPx": {
nm_conviction-set	Print the verdict and the page digests to the log	2026-09-12T00:46:14.8610501Z         "width": 2039.9999999999998,
nm_conviction-set	Print the verdict and the page digests to the log	2026-09-12T00:46:14.8610772Z         "height": 2639.9999999999995,
nm_conviction-set	Print the verdict and the page digests to the log	2026-09-12T00:46:14.8611046Z         "tolerancePx": 6.666666666666666
nm_conviction-set	Print the verdict and the page digests to the log	2026-09-12T00:46:14.8611297Z       },
nm_conviction-set	Print the verdict and the page digests to the log	2026-09-12T00:46:14.8611506Z       "calibrationResidualPx": 0,
nm_conviction-set	Print the verdict and the page digests to the log	2026-09-12T00:46:14.8611812Z       "inkFractionInsidePaper": 0.04287358882947118,
nm_conviction-set	Print the verdict and the page digests to the log	2026-09-12T00:46:14.8612102Z       "nonblank": true,
nm_conviction-set	Print the verdict and the page digests to the log	2026-09-12T00:46:14.8612346Z       "croppedToThePage": true,
nm_conviction-set	Print the verdict and the page digests to the log	2026-09-12T00:46:14.8612609Z       "renderedInThisRun": false,
nm_conviction-set	Print the verdict and the page digests to the log	2026-09-12T00:46:14.8612918Z       "evidenceOrigin": "REUSED_ORIGINAL_PAGE_EVIDENCE",
nm_conviction-set	Print the verdict and the page digests to the log	2026-09-12T00:46:14.8613214Z       "originalOrigin": {
nm_conviction-set	Print the verdict and the page digests to the log	2026-09-12T00:46:14.8613461Z         "workflowRunId": "34660850664",
nm_conviction-set	Print the verdict and the page digests to the log	2026-09-12T00:46:14.8613825Z         "packetCommitSha": "918c8e041377f252910579d03c26505cce8a0335",
nm_conviction-set	Print the verdict and the page digests to the log	2026-09-12T00:46:14.8614452Z         "verdictPath": "data/rcap-grade-a/packet-factory-24h/raster-runs/34660850664/nm_conviction-set.verdict.json",
nm_conviction-set	Print the verdict and the page digests to the log	2026-09-12T00:46:14.8615134Z         "verdictSha256": "53a505056d02d62bc76976f217d634e9c037a97a1986a7a4b65b0d960cc86a88",
nm_conviction-set	Print the verdict and the page digests to the log	2026-09-12T00:46:14.8615560Z         "artifactId": 10287497306,
nm_conviction-set	Print the verdict and the page digests to the log	2026-09-12T00:46:14.8616127Z         "artifactZipSha256": "3f6252f74ad77d07fcfbd66b0e754de0002945d63a02c650ea0e5b3bd3100ef2",
nm_conviction-set	Print the verdict and the page digests to the log	2026-09-12T00:46:14.8616657Z         "pngMember": "nm_conviction-set/canonical/page-017.png",
nm_conviction-set	Print the verdict and the page digests to the log	2026-09-12T00:46:14.8617140Z         "pngSha256": "167ff1010f925fa189d267d7b893e751fbf3f8329b9041c11f32ede6d9c15570"
nm_conviction-set	Print the verdict and the page digests to the log	2026-09-12T00:46:14.8617653Z       }
nm_conviction-set	Print the verdict and the page digests to the log	2026-09-12T00:46:14.8617824Z     },
nm_conviction-set	Print the verdict and the page digests to the log	2026-09-12T00:46:14.8617994Z     {
nm_conviction-set	Print the verdict and the page digests to the log	2026-09-12T00:46:14.8618182Z       "kind": "canonical",
nm_conviction-set	Print the verdict and the page digests to the log	2026-09-12T00:46:14.8618428Z       "document": "canonical.pdf",
nm_conviction-set	Print the verdict and the page digests to the log	2026-09-12T00:46:14.8618663Z       "page": 18,
nm_conviction-set	Print the verdict and the page digests to the log	2026-09-12T00:46:14.8618932Z       "png": "nm_conviction-set/canonical/page-018.png",
nm_conviction-set	Print the verdict and the page digests to the log	2026-09-12T00:46:14.8619217Z       "bytes": 276042,
nm_conviction-set	Print the verdict and the page digests to the log	2026-09-12T00:46:14.8619590Z       "pngSha256": "03e5127ccb279a068257093f2590f92a83076fb24a7e2cc36188a4c298e4f16a",
nm_conviction-set	Print the verdict and the page digests to the log	2026-09-12T00:46:14.8619984Z       "pngWidth": 2040,
nm_conviction-set	Print the verdict and the page digests to the log	2026-09-12T00:46:14.8620206Z       "pngHeight": 2640,
nm_conviction-set	Print the verdict and the page digests to the log	2026-09-12T00:46:14.8620422Z       "paper": {
nm_conviction-set	Print the verdict and the page digests to the log	2026-09-12T00:46:14.8620736Z         "x0": 204,
nm_conviction-set	Print the verdict and the page digests to the log	2026-09-12T00:46:14.8620928Z         "y0": 3,
nm_conviction-set	Print the verdict and the page digests to the log	2026-09-12T00:46:14.8621112Z         "x1": 2243,
nm_conviction-set	Print the verdict and the page digests to the log	2026-09-12T00:46:14.8621307Z         "y1": 2642,
nm_conviction-set	Print the verdict and the page digests to the log	2026-09-12T00:46:14.8621499Z         "width": 2040,
nm_conviction-set	Print the verdict and the page digests to the log	2026-09-12T00:46:14.8621700Z         "height": 2640
nm_conviction-set	Print the verdict and the page digests to the log	2026-09-12T00:46:14.8621898Z       },
nm_conviction-set	Print the verdict and the page digests to the log	2026-09-12T00:46:14.8622108Z       "pxPerPt": 3.3333333333333335,
nm_conviction-set	Print the verdict and the page digests to the log	2026-09-12T00:46:14.8622400Z       "expectedPxPerPt": 3.333333333333333,
nm_conviction-set	Print the verdict and the page digests to the log	2026-09-12T00:46:14.8622674Z       "pageWidthPt": 612,
nm_conviction-set	Print the verdict and the page digests to the log	2026-09-12T00:46:14.8622900Z       "pageHeightPt": 792,
nm_conviction-set	Print the verdict and the page digests to the log	2026-09-12T00:46:14.8623126Z       "expectedPx": {
nm_conviction-set	Print the verdict and the page digests to the log	2026-09-12T00:46:14.8623358Z         "width": 2039.9999999999998,
nm_conviction-set	Print the verdict and the page digests to the log	2026-09-12T00:46:14.8623620Z         "height": 2639.9999999999995,
nm_conviction-set	Print the verdict and the page digests to the log	2026-09-12T00:46:14.8623895Z         "tolerancePx": 6.666666666666666
nm_conviction-set	Print the verdict and the page digests to the log	2026-09-12T00:46:14.8624145Z       },
nm_conviction-set	Print the verdict and the page digests to the log	2026-09-12T00:46:14.8624357Z       "calibrationResidualPx": 0,
nm_conviction-set	Print the verdict and the page digests to the log	2026-09-12T00:46:14.8624666Z       "inkFractionInsidePaper": 0.031290849673202614,
nm_conviction-set	Print the verdict and the page digests to the log	2026-09-12T00:46:14.8624961Z       "nonblank": true,
nm_conviction-set	Print the verdict and the page digests to the log	2026-09-12T00:46:14.8625199Z       "croppedToThePage": true,
nm_conviction-set	Print the verdict and the page digests to the log	2026-09-12T00:46:14.8625465Z       "renderedInThisRun": false,
nm_conviction-set	Print the verdict and the page digests to the log	2026-09-12T00:46:14.8625892Z       "evidenceOrigin": "REUSED_ORIGINAL_PAGE_EVIDENCE",
nm_conviction-set	Print the verdict and the page digests to the log	2026-09-12T00:46:14.8626202Z       "originalOrigin": {
nm_conviction-set	Print the verdict and the page digests to the log	2026-09-12T00:46:14.8626451Z         "workflowRunId": "34660850664",
nm_conviction-set	Print the verdict and the page digests to the log	2026-09-12T00:46:14.8626814Z         "packetCommitSha": "918c8e041377f252910579d03c26505cce8a0335",
nm_conviction-set	Print the verdict and the page digests to the log	2026-09-12T00:46:14.8627446Z         "verdictPath": "data/rcap-grade-a/packet-factory-24h/raster-runs/34660850664/nm_conviction-set.verdict.json",
nm_conviction-set	Print the verdict and the page digests to the log	2026-09-12T00:46:14.8628132Z         "verdictSha256": "53a505056d02d62bc76976f217d634e9c037a97a1986a7a4b65b0d960cc86a88",
nm_conviction-set	Print the verdict and the page digests to the log	2026-09-12T00:46:14.8628563Z         "artifactId": 10287497306,
nm_conviction-set	Print the verdict and the page digests to the log	2026-09-12T00:46:14.8629025Z         "artifactZipSha256": "3f6252f74ad77d07fcfbd66b0e754de0002945d63a02c650ea0e5b3bd3100ef2",
nm_conviction-set	Print the verdict and the page digests to the log	2026-09-12T00:46:14.8629549Z         "pngMember": "nm_conviction-set/canonical/page-018.png",
nm_conviction-set	Print the verdict and the page digests to the log	2026-09-12T00:46:14.8630033Z         "pngSha256": "03e5127ccb279a068257093f2590f92a83076fb24a7e2cc36188a4c298e4f16a"
nm_conviction-set	Print the verdict and the page digests to the log	2026-09-12T00:46:14.8630408Z       }
nm_conviction-set	Print the verdict and the page digests to the log	2026-09-12T00:46:14.8630583Z     },
nm_conviction-set	Print the verdict and the page digests to the log	2026-09-12T00:46:14.8630755Z     {
nm_conviction-set	Print the verdict and the page digests to the log	2026-09-12T00:46:14.8630938Z       "kind": "canonical",
nm_conviction-set	Print the verdict and the page digests to the log	2026-09-12T00:46:14.8631193Z       "document": "canonical.pdf",
nm_conviction-set	Print the verdict and the page digests to the log	2026-09-12T00:46:14.8631435Z       "page": 19,
nm_conviction-set	Print the verdict and the page digests to the log	2026-09-12T00:46:14.8631708Z       "png": "nm_conviction-set/canonical/page-019.png",
nm_conviction-set	Print the verdict and the page digests to the log	2026-09-12T00:46:14.8632001Z       "bytes": 284058,
nm_conviction-set	Print the verdict and the page digests to the log	2026-09-12T00:46:14.8632390Z       "pngSha256": "9ca06d17338adc2906d6001ce03d6d8b840dbda403dd321d74fe1dc653f426fd",
nm_conviction-set	Print the verdict and the page digests to the log	2026-09-12T00:46:14.8632781Z       "pngWidth": 2040,
nm_conviction-set	Print the verdict and the page digests to the log	2026-09-12T00:46:14.8632996Z       "pngHeight": 2640,
nm_conviction-set	Print the verdict and the page digests to the log	2026-09-12T00:46:14.8633213Z       "paper": {
nm_conviction-set	Print the verdict and the page digests to the log	2026-09-12T00:46:14.8633408Z         "x0": 204,
nm_conviction-set	Print the verdict and the page digests to the log	2026-09-12T00:46:14.8633600Z         "y0": 3,
nm_conviction-set	Print the verdict and the page digests to the log	2026-09-12T00:46:14.8633838Z         "x1": 2243,
nm_conviction-set	Print the verdict and the page digests to the log	2026-09-12T00:46:14.8634030Z         "y1": 2642,
nm_conviction-set	Print the verdict and the page digests to the log	2026-09-12T00:46:14.8634225Z         "width": 2040,
nm_conviction-set	Print the verdict and the page digests to the log	2026-09-12T00:46:14.8634439Z         "height": 2640
nm_conviction-set	Print the verdict and the page digests to the log	2026-09-12T00:46:14.8634634Z       },
nm_conviction-set	Print the verdict and the page digests to the log	2026-09-12T00:46:14.8634846Z       "pxPerPt": 3.3333333333333335,
nm_conviction-set	Print the verdict and the page digests to the log	2026-09-12T00:46:14.8635129Z       "expectedPxPerPt": 3.333333333333333,
nm_conviction-set	Print the verdict and the page digests to the log	2026-09-12T00:46:14.8635544Z       "pageWidthPt": 612,
nm_conviction-set	Print the verdict and the page digests to the log	2026-09-12T00:46:14.8635869Z       "pageHeightPt": 792,
nm_conviction-set	Print the verdict and the page digests to the log	2026-09-12T00:46:14.8636097Z       "expectedPx": {
nm_conviction-set	Print the verdict and the page digests to the log	2026-09-12T00:46:14.8636331Z         "width": 2039.9999999999998,
nm_conviction-set	Print the verdict and the page digests to the log	2026-09-12T00:46:14.8636590Z         "height": 2639.9999999999995,
nm_conviction-set	Print the verdict and the page digests to the log	2026-09-12T00:46:14.8636860Z         "tolerancePx": 6.666666666666666
nm_conviction-set	Print the verdict and the page digests to the log	2026-09-12T00:46:14.8637102Z       },
nm_conviction-set	Print the verdict and the page digests to the log	2026-09-12T00:46:14.8637312Z       "calibrationResidualPx": 0,
nm_conviction-set	Print the verdict and the page digests to the log	2026-09-12T00:46:14.8637627Z       "inkFractionInsidePaper": 0.03273562834224599,
nm_conviction-set	Print the verdict and the page digests to the log	2026-09-12T00:46:14.8637914Z       "nonblank": true,
nm_conviction-set	Print the verdict and the page digests to the log	2026-09-12T00:46:14.8638154Z       "croppedToThePage": true,
nm_conviction-set	Print the verdict and the page digests to the log	2026-09-12T00:46:14.8638416Z       "renderedInThisRun": false,
nm_conviction-set	Print the verdict and the page digests to the log	2026-09-12T00:46:14.8638723Z       "evidenceOrigin": "REUSED_ORIGINAL_PAGE_EVIDENCE",
nm_conviction-set	Print the verdict and the page digests to the log	2026-09-12T00:46:14.8639146Z       "originalOrigin": {
nm_conviction-set	Print the verdict and the page digests to the log	2026-09-12T00:46:14.8639392Z         "workflowRunId": "34660850664",
nm_conviction-set	Print the verdict and the page digests to the log	2026-09-12T00:46:14.8639755Z         "packetCommitSha": "918c8e041377f252910579d03c26505cce8a0335",
nm_conviction-set	Print the verdict and the page digests to the log	2026-09-12T00:46:14.8640385Z         "verdictPath": "data/rcap-grade-a/packet-factory-24h/raster-runs/34660850664/nm_conviction-set.verdict.json",
nm_conviction-set	Print the verdict and the page digests to the log	2026-09-12T00:46:14.8641063Z         "verdictSha256": "53a505056d02d62bc76976f217d634e9c037a97a1986a7a4b65b0d960cc86a88",
nm_conviction-set	Print the verdict and the page digests to the log	2026-09-12T00:46:14.8641492Z         "artifactId": 10287497306,
nm_conviction-set	Print the verdict and the page digests to the log	2026-09-12T00:46:14.8641943Z         "artifactZipSha256": "3f6252f74ad77d07fcfbd66b0e754de0002945d63a02c650ea0e5b3bd3100ef2",
nm_conviction-set	Print the verdict and the page digests to the log	2026-09-12T00:46:14.8642460Z         "pngMember": "nm_conviction-set/canonical/page-019.png",
nm_conviction-set	Print the verdict and the page digests to the log	2026-09-12T00:46:14.8642941Z         "pngSha256": "9ca06d17338adc2906d6001ce03d6d8b840dbda403dd321d74fe1dc653f426fd"
nm_conviction-set	Print the verdict and the page digests to the log	2026-09-12T00:46:14.8643320Z       }
nm_conviction-set	Print the verdict and the page digests to the log	2026-09-12T00:46:14.8643494Z     },
nm_conviction-set	Print the verdict and the page digests to the log	2026-09-12T00:46:14.8643669Z     {
nm_conviction-set	Print the verdict and the page digests to the log	2026-09-12T00:46:14.8643851Z       "kind": "canonical",
nm_conviction-set	Print the verdict and the page digests to the log	2026-09-12T00:46:14.8644101Z       "document": "canonical.pdf",
nm_conviction-set	Print the verdict and the page digests to the log	2026-09-12T00:46:14.8644340Z       "page": 20,
nm_conviction-set	Print the verdict and the page digests to the log	2026-09-12T00:46:14.8644609Z       "png": "nm_conviction-set/canonical/page-020.png",
nm_conviction-set	Print the verdict and the page digests to the log	2026-09-12T00:46:14.8644904Z       "bytes": 343470,
nm_conviction-set	Print the verdict and the page digests to the log	2026-09-12T00:46:14.8645281Z       "pngSha256": "c1437e035f7814e6a41bf2574a806e3d969a3c2936153df00a53cd3b1c893f0e",
nm_conviction-set	Print the verdict and the page digests to the log	2026-09-12T00:46:14.8645667Z       "pngWidth": 2040,
nm_conviction-set	Print the verdict and the page digests to the log	2026-09-12T00:46:14.8645988Z       "pngHeight": 2640,
nm_conviction-set	Print the verdict and the page digests to the log	2026-09-12T00:46:14.8646196Z       "paper": {
nm_conviction-set	Print the verdict and the page digests to the log	2026-09-12T00:46:14.8646388Z         "x0": 204,
nm_conviction-set	Print the verdict and the page digests to the log	2026-09-12T00:46:14.8646585Z         "y0": 3,
nm_conviction-set	Print the verdict and the page digests to the log	2026-09-12T00:46:14.8646771Z         "x1": 2243,
nm_conviction-set	Print the verdict and the page digests to the log	2026-09-12T00:46:14.8646963Z         "y1": 2642,
nm_conviction-set	Print the verdict and the page digests to the log	2026-09-12T00:46:14.8647156Z         "width": 2040,
nm_conviction-set	Print the verdict and the page digests to the log	2026-09-12T00:46:14.8647357Z         "height": 2640
nm_conviction-set	Print the verdict and the page digests to the log	2026-09-12T00:46:14.8647549Z       },
nm_conviction-set	Print the verdict and the page digests to the log	2026-09-12T00:46:14.8647764Z       "pxPerPt": 3.3333333333333335,
nm_conviction-set	Print the verdict and the page digests to the log	2026-09-12T00:46:14.8648042Z       "expectedPxPerPt": 3.333333333333333,
nm_conviction-set	Print the verdict and the page digests to the log	2026-09-12T00:46:14.8648316Z       "pageWidthPt": 612,
nm_conviction-set	Print the verdict and the page digests to the log	2026-09-12T00:46:14.8648540Z       "pageHeightPt": 792,
nm_conviction-set	Print the verdict and the page digests to the log	2026-09-12T00:46:14.8648764Z       "expectedPx": {
nm_conviction-set	Print the verdict and the page digests to the log	2026-09-12T00:46:14.8648994Z         "width": 2039.9999999999998,
nm_conviction-set	Print the verdict and the page digests to the log	2026-09-12T00:46:14.8649262Z         "height": 2639.9999999999995,
nm_conviction-set	Print the verdict and the page digests to the log	2026-09-12T00:46:14.8649531Z         "tolerancePx": 6.666666666666666
nm_conviction-set	Print the verdict and the page digests to the log	2026-09-12T00:46:14.8649771Z       },
nm_conviction-set	Print the verdict and the page digests to the log	2026-09-12T00:46:14.8649980Z       "calibrationResidualPx": 0,
nm_conviction-set	Print the verdict and the page digests to the log	2026-09-12T00:46:14.8650289Z       "inkFractionInsidePaper": 0.04063298425430779,
nm_conviction-set	Print the verdict and the page digests to the log	2026-09-12T00:46:14.8650581Z       "nonblank": true,
nm_conviction-set	Print the verdict and the page digests to the log	2026-09-12T00:46:14.8650823Z       "croppedToThePage": true,
nm_conviction-set	Print the verdict and the page digests to the log	2026-09-12T00:46:14.8651085Z       "renderedInThisRun": false,
nm_conviction-set	Print the verdict and the page digests to the log	2026-09-12T00:46:14.8651395Z       "evidenceOrigin": "REUSED_ORIGINAL_PAGE_EVIDENCE",
nm_conviction-set	Print the verdict and the page digests to the log	2026-09-12T00:46:14.8651691Z       "originalOrigin": {
nm_conviction-set	Print the verdict and the page digests to the log	2026-09-12T00:46:14.8651936Z         "workflowRunId": "34660850664",
nm_conviction-set	Print the verdict and the page digests to the log	2026-09-12T00:46:14.8652294Z         "packetCommitSha": "918c8e041377f252910579d03c26505cce8a0335",
nm_conviction-set	Print the verdict and the page digests to the log	2026-09-12T00:46:14.8652927Z         "verdictPath": "data/rcap-grade-a/packet-factory-24h/raster-runs/34660850664/nm_conviction-set.verdict.json",
nm_conviction-set	Print the verdict and the page digests to the log	2026-09-12T00:46:14.8653603Z         "verdictSha256": "53a505056d02d62bc76976f217d634e9c037a97a1986a7a4b65b0d960cc86a88",
nm_conviction-set	Print the verdict and the page digests to the log	2026-09-12T00:46:14.8654173Z         "artifactId": 10287497306,
nm_conviction-set	Print the verdict and the page digests to the log	2026-09-12T00:46:14.8654637Z         "artifactZipSha256": "3f6252f74ad77d07fcfbd66b0e754de0002945d63a02c650ea0e5b3bd3100ef2",
nm_conviction-set	Print the verdict and the page digests to the log	2026-09-12T00:46:14.8655169Z         "pngMember": "nm_conviction-set/canonical/page-020.png",
nm_conviction-set	Print the verdict and the page digests to the log	2026-09-12T00:46:14.8655652Z         "pngSha256": "c1437e035f7814e6a41bf2574a806e3d969a3c2936153df00a53cd3b1c893f0e"
nm_conviction-set	Print the verdict and the page digests to the log	2026-09-12T00:46:14.8656260Z       }
nm_conviction-set	Print the verdict and the page digests to the log	2026-09-12T00:46:14.8656436Z     },
nm_conviction-set	Print the verdict and the page digests to the log	2026-09-12T00:46:14.8656610Z     {
nm_conviction-set	Print the verdict and the page digests to the log	2026-09-12T00:46:14.8656798Z       "kind": "canonical",
nm_conviction-set	Print the verdict and the page digests to the log	2026-09-12T00:46:14.8657059Z       "document": "canonical.pdf",
nm_conviction-set	Print the verdict and the page digests to the log	2026-09-12T00:46:14.8657299Z       "page": 21,
nm_conviction-set	Print the verdict and the page digests to the log	2026-09-12T00:46:14.8657575Z       "png": "nm_conviction-set/canonical/page-021.png",
nm_conviction-set	Print the verdict and the page digests to the log	2026-09-12T00:46:14.8657997Z       "bytes": 282122,
nm_conviction-set	Print the verdict and the page digests to the log	2026-09-12T00:46:14.8658387Z       "pngSha256": "54dd75719b3d54371bec7210fb9da0961a2ecf0a5e53737be8ca9076f2fa797d",
nm_conviction-set	Print the verdict and the page digests to the log	2026-09-12T00:46:14.8658781Z       "pngWidth": 2040,
nm_conviction-set	Print the verdict and the page digests to the log	2026-09-12T00:46:14.8659006Z       "pngHeight": 2640,
nm_conviction-set	Print the verdict and the page digests to the log	2026-09-12T00:46:14.8659219Z       "paper": {
nm_conviction-set	Print the verdict and the page digests to the log	2026-09-12T00:46:14.8659416Z         "x0": 204,
nm_conviction-set	Print the verdict and the page digests to the log	2026-09-12T00:46:14.8659612Z         "y0": 3,
nm_conviction-set	Print the verdict and the page digests to the log	2026-09-12T00:46:14.8659798Z         "x1": 2243,
nm_conviction-set	Print the verdict and the page digests to the log	2026-09-12T00:46:14.8659992Z         "y1": 2642,
nm_conviction-set	Print the verdict and the page digests to the log	2026-09-12T00:46:14.8660185Z         "width": 2040,
nm_conviction-set	Print the verdict and the page digests to the log	2026-09-12T00:46:14.8660389Z         "height": 2640
nm_conviction-set	Print the verdict and the page digests to the log	2026-09-12T00:46:14.8660583Z       },
nm_conviction-set	Print the verdict and the page digests to the log	2026-09-12T00:46:14.8660795Z       "pxPerPt": 3.3333333333333335,
nm_conviction-set	Print the verdict and the page digests to the log	2026-09-12T00:46:14.8661079Z       "expectedPxPerPt": 3.333333333333333,
nm_conviction-set	Print the verdict and the page digests to the log	2026-09-12T00:46:14.8661354Z       "pageWidthPt": 612,
nm_conviction-set	Print the verdict and the page digests to the log	2026-09-12T00:46:14.8661582Z       "pageHeightPt": 792,
nm_conviction-set	Print the verdict and the page digests to the log	2026-09-12T00:46:14.8661808Z       "expectedPx": {
nm_conviction-set	Print the verdict and the page digests to the log	2026-09-12T00:46:14.8662052Z         "width": 2039.9999999999998,
nm_conviction-set	Print the verdict and the page digests to the log	2026-09-12T00:46:14.8662316Z         "height": 2639.9999999999995,
nm_conviction-set	Print the verdict and the page digests to the log	2026-09-12T00:46:14.8662588Z         "tolerancePx": 6.666666666666666
nm_conviction-set	Print the verdict and the page digests to the log	2026-09-12T00:46:14.8662837Z       },
nm_conviction-set	Print the verdict and the page digests to the log	2026-09-12T00:46:14.8663050Z       "calibrationResidualPx": 0,
nm_conviction-set	Print the verdict and the page digests to the log	2026-09-12T00:46:14.8663367Z       "inkFractionInsidePaper": 0.035157085561497325,
nm_conviction-set	Print the verdict and the page digests to the log	2026-09-12T00:46:14.8663657Z       "nonblank": true,
nm_conviction-set	Print the verdict and the page digests to the log	2026-09-12T00:46:14.8663898Z       "croppedToThePage": true,
nm_conviction-set	Print the verdict and the page digests to the log	2026-09-12T00:46:14.8664166Z       "renderedInThisRun": false,
nm_conviction-set	Print the verdict and the page digests to the log	2026-09-12T00:46:14.8664483Z       "evidenceOrigin": "REUSED_ORIGINAL_PAGE_EVIDENCE",
nm_conviction-set	Print the verdict and the page digests to the log	2026-09-12T00:46:14.8664782Z       "originalOrigin": {
nm_conviction-set	Print the verdict and the page digests to the log	2026-09-12T00:46:14.8665033Z         "workflowRunId": "34660850664",
nm_conviction-set	Print the verdict and the page digests to the log	2026-09-12T00:46:14.8665395Z         "packetCommitSha": "918c8e041377f252910579d03c26505cce8a0335",
nm_conviction-set	Print the verdict and the page digests to the log	2026-09-12T00:46:14.8666157Z         "verdictPath": "data/rcap-grade-a/packet-factory-24h/raster-runs/34660850664/nm_conviction-set.verdict.json",
nm_conviction-set	Print the verdict and the page digests to the log	2026-09-12T00:46:14.8666858Z         "verdictSha256": "53a505056d02d62bc76976f217d634e9c037a97a1986a7a4b65b0d960cc86a88",
nm_conviction-set	Print the verdict and the page digests to the log	2026-09-12T00:46:14.8667291Z         "artifactId": 10287497306,
nm_conviction-set	Print the verdict and the page digests to the log	2026-09-12T00:46:14.8667746Z         "artifactZipSha256": "3f6252f74ad77d07fcfbd66b0e754de0002945d63a02c650ea0e5b3bd3100ef2",
nm_conviction-set	Print the verdict and the page digests to the log	2026-09-12T00:46:14.8668275Z         "pngMember": "nm_conviction-set/canonical/page-021.png",
nm_conviction-set	Print the verdict and the page digests to the log	2026-09-12T00:46:14.8668759Z         "pngSha256": "54dd75719b3d54371bec7210fb9da0961a2ecf0a5e53737be8ca9076f2fa797d"
nm_conviction-set	Print the verdict and the page digests to the log	2026-09-12T00:46:14.8669148Z       }
nm_conviction-set	Print the verdict and the page digests to the log	2026-09-12T00:46:14.8669319Z     },
nm_conviction-set	Print the verdict and the page digests to the log	2026-09-12T00:46:14.8669521Z     {
nm_conviction-set	Print the verdict and the page digests to the log	2026-09-12T00:46:14.8669707Z       "kind": "canonical",
nm_conviction-set	Print the verdict and the page digests to the log	2026-09-12T00:46:14.8669960Z       "document": "canonical.pdf",
nm_conviction-set	Print the verdict and the page digests to the log	2026-09-12T00:46:14.8670202Z       "page": 22,
nm_conviction-set	Print the verdict and the page digests to the log	2026-09-12T00:46:14.8670477Z       "png": "nm_conviction-set/canonical/page-022.png",
nm_conviction-set	Print the verdict and the page digests to the log	2026-09-12T00:46:14.8670761Z       "bytes": 266275,
nm_conviction-set	Print the verdict and the page digests to the log	2026-09-12T00:46:14.8671159Z       "pngSha256": "25cadfdd7ee8b25c1d5139d15ec448d3f891759b0d03cfcdae28987ec1245b2c",
nm_conviction-set	Print the verdict and the page digests to the log	2026-09-12T00:46:14.8671564Z       "pngWidth": 2040,
nm_conviction-set	Print the verdict and the page digests to the log	2026-09-12T00:46:14.8671785Z       "pngHeight": 2640,
nm_conviction-set	Print the verdict and the page digests to the log	2026-09-12T00:46:14.8672001Z       "paper": {
nm_conviction-set	Print the verdict and the page digests to the log	2026-09-12T00:46:14.8672197Z         "x0": 204,
nm_conviction-set	Print the verdict and the page digests to the log	2026-09-12T00:46:14.8672279Z         "y0": 3,
nm_conviction-set	Print the verdict and the page digests to the log	2026-09-12T00:46:14.8672518Z         "x1": 2243,
nm_conviction-set	Print the verdict and the page digests to the log	2026-09-12T00:46:14.8672604Z         "y1": 2642,
nm_conviction-set	Print the verdict and the page digests to the log	2026-09-12T00:46:14.8672692Z         "width": 2040,
nm_conviction-set	Print the verdict and the page digests to the log	2026-09-12T00:46:14.8672783Z         "height": 2640
nm_conviction-set	Print the verdict and the page digests to the log	2026-09-12T00:46:14.8672862Z       },
nm_conviction-set	Print the verdict and the page digests to the log	2026-09-12T00:46:14.8672981Z       "pxPerPt": 3.3333333333333335,
nm_conviction-set	Print the verdict and the page digests to the log	2026-09-12T00:46:14.8673115Z       "expectedPxPerPt": 3.333333333333333,
nm_conviction-set	Print the verdict and the page digests to the log	2026-09-12T00:46:14.8673210Z       "pageWidthPt": 612,
nm_conviction-set	Print the verdict and the page digests to the log	2026-09-12T00:46:14.8673311Z       "pageHeightPt": 792,
nm_conviction-set	Print the verdict and the page digests to the log	2026-09-12T00:46:14.8673404Z       "expectedPx": {
nm_conviction-set	Print the verdict and the page digests to the log	2026-09-12T00:46:14.8673514Z         "width": 2039.9999999999998,
nm_conviction-set	Print the verdict and the page digests to the log	2026-09-12T00:46:14.8673632Z         "height": 2639.9999999999995,
nm_conviction-set	Print the verdict and the page digests to the log	2026-09-12T00:46:14.8673755Z         "tolerancePx": 6.666666666666666
nm_conviction-set	Print the verdict and the page digests to the log	2026-09-12T00:46:14.8673952Z       },
nm_conviction-set	Print the verdict and the page digests to the log	2026-09-12T00:46:14.8674079Z       "calibrationResidualPx": 0,
nm_conviction-set	Print the verdict and the page digests to the log	2026-09-12T00:46:14.8674232Z       "inkFractionInsidePaper": 0.03037377450980392,
nm_conviction-set	Print the verdict and the page digests to the log	2026-09-12T00:46:14.8674330Z       "nonblank": true,
nm_conviction-set	Print the verdict and the page digests to the log	2026-09-12T00:46:14.8674450Z       "croppedToThePage": true,
nm_conviction-set	Print the verdict and the page digests to the log	2026-09-12T00:46:14.8674575Z       "renderedInThisRun": false,
nm_conviction-set	Print the verdict and the page digests to the log	2026-09-12T00:46:14.8674739Z       "evidenceOrigin": "REUSED_ORIGINAL_PAGE_EVIDENCE",
nm_conviction-set	Print the verdict and the page digests to the log	2026-09-12T00:46:14.8674838Z       "originalOrigin": {
nm_conviction-set	Print the verdict and the page digests to the log	2026-09-12T00:46:14.8674956Z         "workflowRunId": "34660850664",
nm_conviction-set	Print the verdict and the page digests to the log	2026-09-12T00:46:14.8675157Z         "packetCommitSha": "918c8e041377f252910579d03c26505cce8a0335",
nm_conviction-set	Print the verdict and the page digests to the log	2026-09-12T00:46:14.8675541Z         "verdictPath": "data/rcap-grade-a/packet-factory-24h/raster-runs/34660850664/nm_conviction-set.verdict.json",
nm_conviction-set	Print the verdict and the page digests to the log	2026-09-12T00:46:14.8675917Z         "verdictSha256": "53a505056d02d62bc76976f217d634e9c037a97a1986a7a4b65b0d960cc86a88",
nm_conviction-set	Print the verdict and the page digests to the log	2026-09-12T00:46:14.8676036Z         "artifactId": 10287497306,
nm_conviction-set	Print the verdict and the page digests to the log	2026-09-12T00:46:14.8676340Z         "artifactZipSha256": "3f6252f74ad77d07fcfbd66b0e754de0002945d63a02c650ea0e5b3bd3100ef2",
nm_conviction-set	Print the verdict and the page digests to the log	2026-09-12T00:46:14.8676530Z         "pngMember": "nm_conviction-set/canonical/page-022.png",
nm_conviction-set	Print the verdict and the page digests to the log	2026-09-12T00:46:14.8676799Z         "pngSha256": "25cadfdd7ee8b25c1d5139d15ec448d3f891759b0d03cfcdae28987ec1245b2c"
nm_conviction-set	Print the verdict and the page digests to the log	2026-09-12T00:46:14.8676891Z       }
nm_conviction-set	Print the verdict and the page digests to the log	2026-09-12T00:46:14.8676970Z     },
nm_conviction-set	Print the verdict and the page digests to the log	2026-09-12T00:46:14.8677052Z     {
nm_conviction-set	Print the verdict and the page digests to the log	2026-09-12T00:46:14.8677148Z       "kind": "canonical",
nm_conviction-set	Print the verdict and the page digests to the log	2026-09-12T00:46:14.8677262Z       "document": "canonical.pdf",
nm_conviction-set	Print the verdict and the page digests to the log	2026-09-12T00:46:14.8677353Z       "page": 23,
nm_conviction-set	Print the verdict and the page digests to the log	2026-09-12T00:46:14.8677512Z       "png": "nm_conviction-set/canonical/page-023.png",
nm_conviction-set	Print the verdict and the page digests to the log	2026-09-12T00:46:14.8677602Z       "bytes": 246327,
nm_conviction-set	Print the verdict and the page digests to the log	2026-09-12T00:46:14.8677867Z       "pngSha256": "cc73f098164dd010aaa642305ba52147a603f08d461d5c31052db6f3afb11afe",
nm_conviction-set	Print the verdict and the page digests to the log	2026-09-12T00:46:14.8677954Z       "pngWidth": 2040,
nm_conviction-set	Print the verdict and the page digests to the log	2026-09-12T00:46:14.8678051Z       "pngHeight": 2640,
nm_conviction-set	Print the verdict and the page digests to the log	2026-09-12T00:46:14.8678142Z       "paper": {
nm_conviction-set	Print the verdict and the page digests to the log	2026-09-12T00:46:14.8678224Z         "x0": 204,
nm_conviction-set	Print the verdict and the page digests to the log	2026-09-12T00:46:14.8678316Z         "y0": 3,
nm_conviction-set	Print the verdict and the page digests to the log	2026-09-12T00:46:14.8678404Z         "x1": 2243,
nm_conviction-set	Print the verdict and the page digests to the log	2026-09-12T00:46:14.8678487Z         "y1": 2642,
nm_conviction-set	Print the verdict and the page digests to the log	2026-09-12T00:46:14.8678579Z         "width": 2040,
nm_conviction-set	Print the verdict and the page digests to the log	2026-09-12T00:46:14.8678670Z         "height": 2640
nm_conviction-set	Print the verdict and the page digests to the log	2026-09-12T00:46:14.8678753Z       },
nm_conviction-set	Print the verdict and the page digests to the log	2026-09-12T00:46:14.8678873Z       "pxPerPt": 3.3333333333333335,
nm_conviction-set	Print the verdict and the page digests to the log	2026-09-12T00:46:14.8678997Z       "expectedPxPerPt": 3.333333333333333,
nm_conviction-set	Print the verdict and the page digests to the log	2026-09-12T00:46:14.8679093Z       "pageWidthPt": 612,
nm_conviction-set	Print the verdict and the page digests to the log	2026-09-12T00:46:14.8679191Z       "pageHeightPt": 792,
nm_conviction-set	Print the verdict and the page digests to the log	2026-09-12T00:46:14.8679280Z       "expectedPx": {
nm_conviction-set	Print the verdict and the page digests to the log	2026-09-12T00:46:14.8679394Z         "width": 2039.9999999999998,
nm_conviction-set	Print the verdict and the page digests to the log	2026-09-12T00:46:14.8679508Z         "height": 2639.9999999999995,
nm_conviction-set	Print the verdict and the page digests to the log	2026-09-12T00:46:14.8679623Z         "tolerancePx": 6.666666666666666
nm_conviction-set	Print the verdict and the page digests to the log	2026-09-12T00:46:14.8679707Z       },
nm_conviction-set	Print the verdict and the page digests to the log	2026-09-12T00:46:14.8679829Z       "calibrationResidualPx": 0,
nm_conviction-set	Print the verdict and the page digests to the log	2026-09-12T00:46:14.8679980Z       "inkFractionInsidePaper": 0.030764074569221627,
nm_conviction-set	Print the verdict and the page digests to the log	2026-09-12T00:46:14.8680075Z       "nonblank": true,
nm_conviction-set	Print the verdict and the page digests to the log	2026-09-12T00:46:14.8680190Z       "croppedToThePage": true,
nm_conviction-set	Print the verdict and the page digests to the log	2026-09-12T00:46:14.8680310Z       "renderedInThisRun": false,
nm_conviction-set	Print the verdict and the page digests to the log	2026-09-12T00:46:14.8680470Z       "evidenceOrigin": "REUSED_ORIGINAL_PAGE_EVIDENCE",
nm_conviction-set	Print the verdict and the page digests to the log	2026-09-12T00:46:14.8680563Z       "originalOrigin": {
nm_conviction-set	Print the verdict and the page digests to the log	2026-09-12T00:46:14.8680826Z         "workflowRunId": "34660850664",
nm_conviction-set	Print the verdict and the page digests to the log	2026-09-12T00:46:14.8681024Z         "packetCommitSha": "918c8e041377f252910579d03c26505cce8a0335",
nm_conviction-set	Print the verdict and the page digests to the log	2026-09-12T00:46:14.8681398Z         "verdictPath": "data/rcap-grade-a/packet-factory-24h/raster-runs/34660850664/nm_conviction-set.verdict.json",
nm_conviction-set	Print the verdict and the page digests to the log	2026-09-12T00:46:14.8681678Z         "verdictSha256": "53a505056d02d62bc76976f217d634e9c037a97a1986a7a4b65b0d960cc86a88",
nm_conviction-set	Print the verdict and the page digests to the log	2026-09-12T00:46:14.8681794Z         "artifactId": 10287497306,
nm_conviction-set	Print the verdict and the page digests to the log	2026-09-12T00:46:14.8682088Z         "artifactZipSha256": "3f6252f74ad77d07fcfbd66b0e754de0002945d63a02c650ea0e5b3bd3100ef2",
nm_conviction-set	Print the verdict and the page digests to the log	2026-09-12T00:46:14.8682271Z         "pngMember": "nm_conviction-set/canonical/page-023.png",
nm_conviction-set	Print the verdict and the page digests to the log	2026-09-12T00:46:14.8682527Z         "pngSha256": "cc73f098164dd010aaa642305ba52147a603f08d461d5c31052db6f3afb11afe"
nm_conviction-set	Print the verdict and the page digests to the log	2026-09-12T00:46:14.8682723Z       }
nm_conviction-set	Print the verdict and the page digests to the log	2026-09-12T00:46:14.8682808Z     },
nm_conviction-set	Print the verdict and the page digests to the log	2026-09-12T00:46:14.8682890Z     {
nm_conviction-set	Print the verdict and the page digests to the log	2026-09-12T00:46:14.8682982Z       "kind": "canonical",
nm_conviction-set	Print the verdict and the page digests to the log	2026-09-12T00:46:14.8683110Z       "document": "canonical.pdf",
nm_conviction-set	Print the verdict and the page digests to the log	2026-09-12T00:46:14.8683197Z       "page": 24,
nm_conviction-set	Print the verdict and the page digests to the log	2026-09-12T00:46:14.8683350Z       "png": "nm_conviction-set/canonical/page-024.png",
nm_conviction-set	Print the verdict and the page digests to the log	2026-09-12T00:46:14.8683441Z       "bytes": 237250,
nm_conviction-set	Print the verdict and the page digests to the log	2026-09-12T00:46:14.8683702Z       "pngSha256": "444b16729a429715f179164a507b7bbd8b7fc1744082fd22f12ebeb5de39b84a",
nm_conviction-set	Print the verdict and the page digests to the log	2026-09-12T00:46:14.8683792Z       "pngWidth": 2040,
nm_conviction-set	Print the verdict and the page digests to the log	2026-09-12T00:46:14.8683890Z       "pngHeight": 2640,
nm_conviction-set	Print the verdict and the page digests to the log	2026-09-12T00:46:14.8683978Z       "paper": {
nm_conviction-set	Print the verdict and the page digests to the log	2026-09-12T00:46:14.8684065Z         "x0": 204,
nm_conviction-set	Print the verdict and the page digests to the log	2026-09-12T00:46:14.8684150Z         "y0": 3,
nm_conviction-set	Print the verdict and the page digests to the log	2026-09-12T00:46:14.8684232Z         "x1": 2243,
nm_conviction-set	Print the verdict and the page digests to the log	2026-09-12T00:46:14.8684319Z         "y1": 2642,
nm_conviction-set	Print the verdict and the page digests to the log	2026-09-12T00:46:14.8684409Z         "width": 2040,
nm_conviction-set	Print the verdict and the page digests to the log	2026-09-12T00:46:14.8684498Z         "height": 2640
nm_conviction-set	Print the verdict and the page digests to the log	2026-09-12T00:46:14.8684581Z       },
nm_conviction-set	Print the verdict and the page digests to the log	2026-09-12T00:46:14.8684698Z       "pxPerPt": 3.3333333333333335,
nm_conviction-set	Print the verdict and the page digests to the log	2026-09-12T00:46:14.8684821Z       "expectedPxPerPt": 3.333333333333333,
nm_conviction-set	Print the verdict and the page digests to the log	2026-09-12T00:46:14.8684916Z       "pageWidthPt": 612,
nm_conviction-set	Print the verdict and the page digests to the log	2026-09-12T00:46:14.8685012Z       "pageHeightPt": 792,
nm_conviction-set	Print the verdict and the page digests to the log	2026-09-12T00:46:14.8685106Z       "expectedPx": {
nm_conviction-set	Print the verdict and the page digests to the log	2026-09-12T00:46:14.8685218Z         "width": 2039.9999999999998,
nm_conviction-set	Print the verdict and the page digests to the log	2026-09-12T00:46:14.8685328Z         "height": 2639.9999999999995,
nm_conviction-set	Print the verdict and the page digests to the log	2026-09-12T00:46:14.8685450Z         "tolerancePx": 6.666666666666666
nm_conviction-set	Print the verdict and the page digests to the log	2026-09-12T00:46:14.8685533Z       },
nm_conviction-set	Print the verdict and the page digests to the log	2026-09-12T00:46:14.8685650Z       "calibrationResidualPx": 0,
nm_conviction-set	Print the verdict and the page digests to the log	2026-09-12T00:46:14.8685918Z       "inkFractionInsidePaper": 0.023424873737373737,
nm_conviction-set	Print the verdict and the page digests to the log	2026-09-12T00:46:14.8686013Z       "nonblank": true,
nm_conviction-set	Print the verdict and the page digests to the log	2026-09-12T00:46:14.8686127Z       "croppedToThePage": true,
nm_conviction-set	Print the verdict and the page digests to the log	2026-09-12T00:46:14.8686244Z       "renderedInThisRun": false,
nm_conviction-set	Print the verdict and the page digests to the log	2026-09-12T00:46:14.8686401Z       "evidenceOrigin": "REUSED_ORIGINAL_PAGE_EVIDENCE",
nm_conviction-set	Print the verdict and the page digests to the log	2026-09-12T00:46:14.8686503Z       "originalOrigin": {
nm_conviction-set	Print the verdict and the page digests to the log	2026-09-12T00:46:14.8686625Z         "workflowRunId": "34660850664",
nm_conviction-set	Print the verdict and the page digests to the log	2026-09-12T00:46:14.8686815Z         "packetCommitSha": "918c8e041377f252910579d03c26505cce8a0335",
nm_conviction-set	Print the verdict and the page digests to the log	2026-09-12T00:46:14.8687185Z         "verdictPath": "data/rcap-grade-a/packet-factory-24h/raster-runs/34660850664/nm_conviction-set.verdict.json",
nm_conviction-set	Print the verdict and the page digests to the log	2026-09-12T00:46:14.8687464Z         "verdictSha256": "53a505056d02d62bc76976f217d634e9c037a97a1986a7a4b65b0d960cc86a88",
nm_conviction-set	Print the verdict and the page digests to the log	2026-09-12T00:46:14.8687575Z         "artifactId": 10287497306,
nm_conviction-set	Print the verdict and the page digests to the log	2026-09-12T00:46:14.8687874Z         "artifactZipSha256": "3f6252f74ad77d07fcfbd66b0e754de0002945d63a02c650ea0e5b3bd3100ef2",
nm_conviction-set	Print the verdict and the page digests to the log	2026-09-12T00:46:14.8688054Z         "pngMember": "nm_conviction-set/canonical/page-024.png",
nm_conviction-set	Print the verdict and the page digests to the log	2026-09-12T00:46:14.8688304Z         "pngSha256": "444b16729a429715f179164a507b7bbd8b7fc1744082fd22f12ebeb5de39b84a"
nm_conviction-set	Print the verdict and the page digests to the log	2026-09-12T00:46:14.8688388Z       }
nm_conviction-set	Print the verdict and the page digests to the log	2026-09-12T00:46:14.8688472Z     },
nm_conviction-set	Print the verdict and the page digests to the log	2026-09-12T00:46:14.8688550Z     {
nm_conviction-set	Print the verdict and the page digests to the log	2026-09-12T00:46:14.8688647Z       "kind": "boundary",
nm_conviction-set	Print the verdict and the page digests to the log	2026-09-12T00:46:14.8688768Z       "document": "boundary.pdf",
nm_conviction-set	Print the verdict and the page digests to the log	2026-09-12T00:46:14.8688852Z       "page": 1,
nm_conviction-set	Print the verdict and the page digests to the log	2026-09-12T00:46:14.8689012Z       "png": "nm_conviction-set/boundary/page-001.png",
nm_conviction-set	Print the verdict and the page digests to the log	2026-09-12T00:46:14.8689103Z       "bytes": 457586,
nm_conviction-set	Print the verdict and the page digests to the log	2026-09-12T00:46:14.8689508Z       "pngSha256": "a946c429fdf261e091df52e80eb29232d45a85e9aeadce089729a5a1047c5392",
nm_conviction-set	Print the verdict and the page digests to the log	2026-09-12T00:46:14.8689602Z       "pngWidth": 2040,
nm_conviction-set	Print the verdict and the page digests to the log	2026-09-12T00:46:14.8689699Z       "pngHeight": 2640,
nm_conviction-set	Print the verdict and the page digests to the log	2026-09-12T00:46:14.8689782Z       "paper": {
nm_conviction-set	Print the verdict and the page digests to the log	2026-09-12T00:46:14.8689870Z         "x0": 204,
nm_conviction-set	Print the verdict and the page digests to the log	2026-09-12T00:46:14.8689952Z         "y0": 3,
nm_conviction-set	Print the verdict and the page digests to the log	2026-09-12T00:46:14.8690039Z         "x1": 2243,
nm_conviction-set	Print the verdict and the page digests to the log	2026-09-12T00:46:14.8690128Z         "y1": 2642,
nm_conviction-set	Print the verdict and the page digests to the log	2026-09-12T00:46:14.8690214Z         "width": 2040,
nm_conviction-set	Print the verdict and the page digests to the log	2026-09-12T00:46:14.8690305Z         "height": 2640
nm_conviction-set	Print the verdict and the page digests to the log	2026-09-12T00:46:14.8690388Z       },
nm_conviction-set	Print the verdict and the page digests to the log	2026-09-12T00:46:14.8690499Z       "pxPerPt": 3.3333333333333335,
nm_conviction-set	Print the verdict and the page digests to the log	2026-09-12T00:46:14.8690628Z       "expectedPxPerPt": 3.333333333333333,
nm_conviction-set	Print the verdict and the page digests to the log	2026-09-12T00:46:14.8690839Z       "pageWidthPt": 612,
nm_conviction-set	Print the verdict and the page digests to the log	2026-09-12T00:46:14.8690933Z       "pageHeightPt": 792,
nm_conviction-set	Print the verdict and the page digests to the log	2026-09-12T00:46:14.8691026Z       "expectedPx": {
nm_conviction-set	Print the verdict and the page digests to the log	2026-09-12T00:46:14.8691143Z         "width": 2039.9999999999998,
nm_conviction-set	Print the verdict and the page digests to the log	2026-09-12T00:46:14.8691260Z         "height": 2639.9999999999995,
nm_conviction-set	Print the verdict and the page digests to the log	2026-09-12T00:46:14.8691388Z         "tolerancePx": 6.666666666666666
nm_conviction-set	Print the verdict and the page digests to the log	2026-09-12T00:46:14.8691466Z       },
nm_conviction-set	Print the verdict and the page digests to the log	2026-09-12T00:46:14.8691586Z       "calibrationResidualPx": 0,
nm_conviction-set	Print the verdict and the page digests to the log	2026-09-12T00:46:14.8691744Z       "inkFractionInsidePaper": 0.04509896761734997,
nm_conviction-set	Print the verdict and the page digests to the log	2026-09-12T00:46:14.8691834Z       "nonblank": true,
nm_conviction-set	Print the verdict and the page digests to the log	2026-09-12T00:46:14.8691953Z       "croppedToThePage": true,
nm_conviction-set	Print the verdict and the page digests to the log	2026-09-12T00:46:14.8692074Z       "renderedInThisRun": true,
nm_conviction-set	Print the verdict and the page digests to the log	2026-09-12T00:46:14.8692216Z       "evidenceOrigin": "FRESH_RENDER_THIS_RUN",
nm_conviction-set	Print the verdict and the page digests to the log	2026-09-12T00:46:14.8692320Z       "originalOrigin": null
nm_conviction-set	Print the verdict and the page digests to the log	2026-09-12T00:46:14.8692399Z     },
nm_conviction-set	Print the verdict and the page digests to the log	2026-09-12T00:46:14.8692481Z     {
nm_conviction-set	Print the verdict and the page digests to the log	2026-09-12T00:46:14.8692574Z       "kind": "boundary",
nm_conviction-set	Print the verdict and the page digests to the log	2026-09-12T00:46:14.8692690Z       "document": "boundary.pdf",
nm_conviction-set	Print the verdict and the page digests to the log	2026-09-12T00:46:14.8692782Z       "page": 2,
nm_conviction-set	Print the verdict and the page digests to the log	2026-09-12T00:46:14.8692940Z       "png": "nm_conviction-set/boundary/page-002.png",
nm_conviction-set	Print the verdict and the page digests to the log	2026-09-12T00:46:14.8693027Z       "bytes": 490766,
nm_conviction-set	Print the verdict and the page digests to the log	2026-09-12T00:46:14.8693286Z       "pngSha256": "58ab377184b74b23726a85ce9dafcf02bd8a9e62823c666491363ea61d8743f6",
nm_conviction-set	Print the verdict and the page digests to the log	2026-09-12T00:46:14.8693385Z       "pngWidth": 2040,
nm_conviction-set	Print the verdict and the page digests to the log	2026-09-12T00:46:14.8693476Z       "pngHeight": 2640,
nm_conviction-set	Print the verdict and the page digests to the log	2026-09-12T00:46:14.8693564Z       "paper": {
nm_conviction-set	Print the verdict and the page digests to the log	2026-09-12T00:46:14.8693650Z         "x0": 204,
nm_conviction-set	Print the verdict and the page digests to the log	2026-09-12T00:46:14.8693731Z         "y0": 3,
nm_conviction-set	Print the verdict and the page digests to the log	2026-09-12T00:46:14.8693818Z         "x1": 2243,
nm_conviction-set	Print the verdict and the page digests to the log	2026-09-12T00:46:14.8693901Z         "y1": 2642,
nm_conviction-set	Print the verdict and the page digests to the log	2026-09-12T00:46:14.8693991Z         "width": 2040,
nm_conviction-set	Print the verdict and the page digests to the log	2026-09-12T00:46:14.8694083Z         "height": 2640
nm_conviction-set	Print the verdict and the page digests to the log	2026-09-12T00:46:14.8694160Z       },
nm_conviction-set	Print the verdict and the page digests to the log	2026-09-12T00:46:14.8694275Z       "pxPerPt": 3.3333333333333335,
nm_conviction-set	Print the verdict and the page digests to the log	2026-09-12T00:46:14.8694399Z       "expectedPxPerPt": 3.333333333333333,
nm_conviction-set	Print the verdict and the page digests to the log	2026-09-12T00:46:14.8694490Z       "pageWidthPt": 612,
nm_conviction-set	Print the verdict and the page digests to the log	2026-09-12T00:46:14.8694592Z       "pageHeightPt": 792,
nm_conviction-set	Print the verdict and the page digests to the log	2026-09-12T00:46:14.8694681Z       "expectedPx": {
nm_conviction-set	Print the verdict and the page digests to the log	2026-09-12T00:46:14.8694791Z         "width": 2039.9999999999998,
nm_conviction-set	Print the verdict and the page digests to the log	2026-09-12T00:46:14.8694906Z         "height": 2639.9999999999995,
nm_conviction-set	Print the verdict and the page digests to the log	2026-09-12T00:46:14.8695022Z         "tolerancePx": 6.666666666666666
nm_conviction-set	Print the verdict and the page digests to the log	2026-09-12T00:46:14.8695109Z       },
nm_conviction-set	Print the verdict and the page digests to the log	2026-09-12T00:46:14.8695231Z       "calibrationResidualPx": 0,
nm_conviction-set	Print the verdict and the page digests to the log	2026-09-12T00:46:14.8695374Z       "inkFractionInsidePaper": 0.04948473707664884,
nm_conviction-set	Print the verdict and the page digests to the log	2026-09-12T00:46:14.8695470Z       "nonblank": true,
nm_conviction-set	Print the verdict and the page digests to the log	2026-09-12T00:46:14.8695586Z       "croppedToThePage": true,
nm_conviction-set	Print the verdict and the page digests to the log	2026-09-12T00:46:14.8695870Z       "renderedInThisRun": true,
nm_conviction-set	Print the verdict and the page digests to the log	2026-09-12T00:46:14.8696060Z       "evidenceOrigin": "FRESH_RENDER_THIS_RUN",
nm_conviction-set	Print the verdict and the page digests to the log	2026-09-12T00:46:14.8696163Z       "originalOrigin": null
nm_conviction-set	Print the verdict and the page digests to the log	2026-09-12T00:46:14.8696241Z     },
nm_conviction-set	Print the verdict and the page digests to the log	2026-09-12T00:46:14.8696324Z     {
nm_conviction-set	Print the verdict and the page digests to the log	2026-09-12T00:46:14.8696415Z       "kind": "boundary",
nm_conviction-set	Print the verdict and the page digests to the log	2026-09-12T00:46:14.8696534Z       "document": "boundary.pdf",
nm_conviction-set	Print the verdict and the page digests to the log	2026-09-12T00:46:14.8696625Z       "page": 3,
nm_conviction-set	Print the verdict and the page digests to the log	2026-09-12T00:46:14.8696785Z       "png": "nm_conviction-set/boundary/page-003.png",
nm_conviction-set	Print the verdict and the page digests to the log	2026-09-12T00:46:14.8696876Z       "bytes": 595283,
nm_conviction-set	Print the verdict and the page digests to the log	2026-09-12T00:46:14.8697139Z       "pngSha256": "556a3a1ab749455f8ac79e9e338f092be757ab5b51d3ae9d893d80dbf9ab361b",
nm_conviction-set	Print the verdict and the page digests to the log	2026-09-12T00:46:14.8697378Z       "pngWidth": 2040,
nm_conviction-set	Print the verdict and the page digests to the log	2026-09-12T00:46:14.8697474Z       "pngHeight": 2640,
nm_conviction-set	Print the verdict and the page digests to the log	2026-09-12T00:46:14.8697567Z       "paper": {
nm_conviction-set	Print the verdict and the page digests to the log	2026-09-12T00:46:14.8697653Z         "x0": 204,
nm_conviction-set	Print the verdict and the page digests to the log	2026-09-12T00:46:14.8697740Z         "y0": 3,
nm_conviction-set	Print the verdict and the page digests to the log	2026-09-12T00:46:14.8697836Z         "x1": 2243,
nm_conviction-set	Print the verdict and the page digests to the log	2026-09-12T00:46:14.8697925Z         "y1": 2642,
nm_conviction-set	Print the verdict and the page digests to the log	2026-09-12T00:46:14.8698015Z         "width": 2040,
nm_conviction-set	Print the verdict and the page digests to the log	2026-09-12T00:46:14.8698103Z         "height": 2640
nm_conviction-set	Print the verdict and the page digests to the log	2026-09-12T00:46:14.8698186Z       },
nm_conviction-set	Print the verdict and the page digests to the log	2026-09-12T00:46:14.8698301Z       "pxPerPt": 3.3333333333333335,
nm_conviction-set	Print the verdict and the page digests to the log	2026-09-12T00:46:14.8698421Z       "expectedPxPerPt": 3.333333333333333,
nm_conviction-set	Print the verdict and the page digests to the log	2026-09-12T00:46:14.8698519Z       "pageWidthPt": 612,
nm_conviction-set	Print the verdict and the page digests to the log	2026-09-12T00:46:14.8698614Z       "pageHeightPt": 792,
nm_conviction-set	Print the verdict and the page digests to the log	2026-09-12T00:46:14.8698701Z       "expectedPx": {
nm_conviction-set	Print the verdict and the page digests to the log	2026-09-12T00:46:14.8698974Z         "width": 2039.9999999999998,
nm_conviction-set	Print the verdict and the page digests to the log	2026-09-12T00:46:14.8699084Z         "height": 2639.9999999999995,
nm_conviction-set	Print the verdict and the page digests to the log	2026-09-12T00:46:14.8699203Z         "tolerancePx": 6.666666666666666
nm_conviction-set	Print the verdict and the page digests to the log	2026-09-12T00:46:14.8699289Z       },
nm_conviction-set	Print the verdict and the page digests to the log	2026-09-12T00:46:14.8699410Z       "calibrationResidualPx": 0,
nm_conviction-set	Print the verdict and the page digests to the log	2026-09-12T00:46:14.8699559Z       "inkFractionInsidePaper": 0.05665961081402258,
nm_conviction-set	Print the verdict and the page digests to the log	2026-09-12T00:46:14.8699654Z       "nonblank": true,
nm_conviction-set	Print the verdict and the page digests to the log	2026-09-12T00:46:14.8699766Z       "croppedToThePage": true,
nm_conviction-set	Print the verdict and the page digests to the log	2026-09-12T00:46:14.8699883Z       "renderedInThisRun": true,
nm_conviction-set	Print the verdict and the page digests to the log	2026-09-12T00:46:14.8700022Z       "evidenceOrigin": "FRESH_RENDER_THIS_RUN",
nm_conviction-set	Print the verdict and the page digests to the log	2026-09-12T00:46:14.8700117Z       "originalOrigin": null
nm_conviction-set	Print the verdict and the page digests to the log	2026-09-12T00:46:14.8700200Z     },
nm_conviction-set	Print the verdict and the page digests to the log	2026-09-12T00:46:14.8700282Z     {
nm_conviction-set	Print the verdict and the page digests to the log	2026-09-12T00:46:14.8700369Z       "kind": "boundary",
nm_conviction-set	Print the verdict and the page digests to the log	2026-09-12T00:46:14.8700486Z       "document": "boundary.pdf",
nm_conviction-set	Print the verdict and the page digests to the log	2026-09-12T00:46:14.8700570Z       "page": 4,
nm_conviction-set	Print the verdict and the page digests to the log	2026-09-12T00:46:14.8700726Z       "png": "nm_conviction-set/boundary/page-004.png",
nm_conviction-set	Print the verdict and the page digests to the log	2026-09-12T00:46:14.8700821Z       "bytes": 500632,
nm_conviction-set	Print the verdict and the page digests to the log	2026-09-12T00:46:14.8701082Z       "pngSha256": "cb6b5d54d798aa8a0594b9afb6dda8dfc79aa865bf41216178039322c7a20895",
nm_conviction-set	Print the verdict and the page digests to the log	2026-09-12T00:46:14.8701177Z       "pngWidth": 2040,
nm_conviction-set	Print the verdict and the page digests to the log	2026-09-12T00:46:14.8701270Z       "pngHeight": 2640,
nm_conviction-set	Print the verdict and the page digests to the log	2026-09-12T00:46:14.8701356Z       "paper": {
nm_conviction-set	Print the verdict and the page digests to the log	2026-09-12T00:46:14.8701444Z         "x0": 204,
nm_conviction-set	Print the verdict and the page digests to the log	2026-09-12T00:46:14.8701529Z         "y0": 3,
nm_conviction-set	Print the verdict and the page digests to the log	2026-09-12T00:46:14.8701611Z         "x1": 2243,
nm_conviction-set	Print the verdict and the page digests to the log	2026-09-12T00:46:14.8701699Z         "y1": 2642,
nm_conviction-set	Print the verdict and the page digests to the log	2026-09-12T00:46:14.8701784Z         "width": 2040,
nm_conviction-set	Print the verdict and the page digests to the log	2026-09-12T00:46:14.8701874Z         "height": 2640
nm_conviction-set	Print the verdict and the page digests to the log	2026-09-12T00:46:14.8701958Z       },
nm_conviction-set	Print the verdict and the page digests to the log	2026-09-12T00:46:14.8702069Z       "pxPerPt": 3.3333333333333335,
nm_conviction-set	Print the verdict and the page digests to the log	2026-09-12T00:46:14.8702197Z       "expectedPxPerPt": 3.333333333333333,
nm_conviction-set	Print the verdict and the page digests to the log	2026-09-12T00:46:14.8702294Z       "pageWidthPt": 612,
nm_conviction-set	Print the verdict and the page digests to the log	2026-09-12T00:46:14.8702384Z       "pageHeightPt": 792,
nm_conviction-set	Print the verdict and the page digests to the log	2026-09-12T00:46:14.8702478Z       "expectedPx": {
nm_conviction-set	Print the verdict and the page digests to the log	2026-09-12T00:46:14.8702589Z         "width": 2039.9999999999998,
nm_conviction-set	Print the verdict and the page digests to the log	2026-09-12T00:46:14.8702703Z         "height": 2639.9999999999995,
nm_conviction-set	Print the verdict and the page digests to the log	2026-09-12T00:46:14.8702823Z         "tolerancePx": 6.666666666666666
nm_conviction-set	Print the verdict and the page digests to the log	2026-09-12T00:46:14.8702900Z       },
nm_conviction-set	Print the verdict and the page digests to the log	2026-09-12T00:46:14.8703020Z       "calibrationResidualPx": 0,
nm_conviction-set	Print the verdict and the page digests to the log	2026-09-12T00:46:14.8703176Z       "inkFractionInsidePaper": 0.0499682486631016,
nm_conviction-set	Print the verdict and the page digests to the log	2026-09-12T00:46:14.8703265Z       "nonblank": true,
nm_conviction-set	Print the verdict and the page digests to the log	2026-09-12T00:46:14.8703382Z       "croppedToThePage": true,
nm_conviction-set	Print the verdict and the page digests to the log	2026-09-12T00:46:14.8703499Z       "renderedInThisRun": true,
nm_conviction-set	Print the verdict and the page digests to the log	2026-09-12T00:46:14.8703631Z       "evidenceOrigin": "FRESH_RENDER_THIS_RUN",
nm_conviction-set	Print the verdict and the page digests to the log	2026-09-12T00:46:14.8703731Z       "originalOrigin": null
nm_conviction-set	Print the verdict and the page digests to the log	2026-09-12T00:46:14.8703814Z     },
nm_conviction-set	Print the verdict and the page digests to the log	2026-09-12T00:46:14.8703893Z     {
nm_conviction-set	Print the verdict and the page digests to the log	2026-09-12T00:46:14.8703987Z       "kind": "boundary",
nm_conviction-set	Print the verdict and the page digests to the log	2026-09-12T00:46:14.8704099Z       "document": "boundary.pdf",
nm_conviction-set	Print the verdict and the page digests to the log	2026-09-12T00:46:14.8704189Z       "page": 5,
nm_conviction-set	Print the verdict and the page digests to the log	2026-09-12T00:46:14.8704341Z       "png": "nm_conviction-set/boundary/page-005.png",
nm_conviction-set	Print the verdict and the page digests to the log	2026-09-12T00:46:14.8704431Z       "bytes": 187707,
nm_conviction-set	Print the verdict and the page digests to the log	2026-09-12T00:46:14.8704701Z       "pngSha256": "7e278d5b88aeb3dd893abe550d61504da51360c670b0ff6eaef596c3336ada4b",
nm_conviction-set	Print the verdict and the page digests to the log	2026-09-12T00:46:14.8704796Z       "pngWidth": 2040,
nm_conviction-set	Print the verdict and the page digests to the log	2026-09-12T00:46:14.8704887Z       "pngHeight": 2640,
nm_conviction-set	Print the verdict and the page digests to the log	2026-09-12T00:46:14.8704974Z       "paper": {
nm_conviction-set	Print the verdict and the page digests to the log	2026-09-12T00:46:14.8705173Z         "x0": 204,
nm_conviction-set	Print the verdict and the page digests to the log	2026-09-12T00:46:14.8705254Z         "y0": 3,
nm_conviction-set	Print the verdict and the page digests to the log	2026-09-12T00:46:14.8705341Z         "x1": 2243,
nm_conviction-set	Print the verdict and the page digests to the log	2026-09-12T00:46:14.8705425Z         "y1": 2642,
nm_conviction-set	Print the verdict and the page digests to the log	2026-09-12T00:46:14.8705512Z         "width": 2040,
nm_conviction-set	Print the verdict and the page digests to the log	2026-09-12T00:46:14.8705603Z         "height": 2640
nm_conviction-set	Print the verdict and the page digests to the log	2026-09-12T00:46:14.8705681Z       },
nm_conviction-set	Print the verdict and the page digests to the log	2026-09-12T00:46:14.8705899Z       "pxPerPt": 3.3333333333333335,
nm_conviction-set	Print the verdict and the page digests to the log	2026-09-12T00:46:14.8706022Z       "expectedPxPerPt": 3.333333333333333,
nm_conviction-set	Print the verdict and the page digests to the log	2026-09-12T00:46:14.8706115Z       "pageWidthPt": 612,
nm_conviction-set	Print the verdict and the page digests to the log	2026-09-12T00:46:14.8706211Z       "pageHeightPt": 792,
nm_conviction-set	Print the verdict and the page digests to the log	2026-09-12T00:46:14.8706305Z       "expectedPx": {
nm_conviction-set	Print the verdict and the page digests to the log	2026-09-12T00:46:14.8706413Z         "width": 2039.9999999999998,
nm_conviction-set	Print the verdict and the page digests to the log	2026-09-12T00:46:14.8706528Z         "height": 2639.9999999999995,
nm_conviction-set	Print the verdict and the page digests to the log	2026-09-12T00:46:14.8706770Z         "tolerancePx": 6.666666666666666
nm_conviction-set	Print the verdict and the page digests to the log	2026-09-12T00:46:14.8706849Z       },
nm_conviction-set	Print the verdict and the page digests to the log	2026-09-12T00:46:14.8706969Z       "calibrationResidualPx": 0,
nm_conviction-set	Print the verdict and the page digests to the log	2026-09-12T00:46:14.8707114Z       "inkFractionInsidePaper": 0.01623050356506239,
nm_conviction-set	Print the verdict and the page digests to the log	2026-09-12T00:46:14.8707215Z       "nonblank": true,
nm_conviction-set	Print the verdict and the page digests to the log	2026-09-12T00:46:14.8707331Z       "croppedToThePage": true,
nm_conviction-set	Print the verdict and the page digests to the log	2026-09-12T00:46:14.8707445Z       "renderedInThisRun": true,
nm_conviction-set	Print the verdict and the page digests to the log	2026-09-12T00:46:14.8707583Z       "evidenceOrigin": "FRESH_RENDER_THIS_RUN",
nm_conviction-set	Print the verdict and the page digests to the log	2026-09-12T00:46:14.8707684Z       "originalOrigin": null
nm_conviction-set	Print the verdict and the page digests to the log	2026-09-12T00:46:14.8707764Z     },
nm_conviction-set	Print the verdict and the page digests to the log	2026-09-12T00:46:14.8707846Z     {
nm_conviction-set	Print the verdict and the page digests to the log	2026-09-12T00:46:14.8707940Z       "kind": "boundary",
nm_conviction-set	Print the verdict and the page digests to the log	2026-09-12T00:46:14.8708053Z       "document": "boundary.pdf",
nm_conviction-set	Print the verdict and the page digests to the log	2026-09-12T00:46:14.8708139Z       "page": 6,
nm_conviction-set	Print the verdict and the page digests to the log	2026-09-12T00:46:14.8708290Z       "png": "nm_conviction-set/boundary/page-006.png",
nm_conviction-set	Print the verdict and the page digests to the log	2026-09-12T00:46:14.8708384Z       "bytes": 453962,
nm_conviction-set	Print the verdict and the page digests to the log	2026-09-12T00:46:14.8708635Z       "pngSha256": "998193a7948f5b87e5e427a925454bda083369bc873754c941b28002759422c0",
nm_conviction-set	Print the verdict and the page digests to the log	2026-09-12T00:46:14.8708729Z       "pngWidth": 2040,
nm_conviction-set	Print the verdict and the page digests to the log	2026-09-12T00:46:14.8708827Z       "pngHeight": 2640,
nm_conviction-set	Print the verdict and the page digests to the log	2026-09-12T00:46:14.8708913Z       "paper": {
nm_conviction-set	Print the verdict and the page digests to the log	2026-09-12T00:46:14.8708994Z         "x0": 204,
nm_conviction-set	Print the verdict and the page digests to the log	2026-09-12T00:46:14.8709082Z         "y0": 3,
nm_conviction-set	Print the verdict and the page digests to the log	2026-09-12T00:46:14.8709174Z         "x1": 2243,
nm_conviction-set	Print the verdict and the page digests to the log	2026-09-12T00:46:14.8709261Z         "y1": 2642,
nm_conviction-set	Print the verdict and the page digests to the log	2026-09-12T00:46:14.8709352Z         "width": 2040,
nm_conviction-set	Print the verdict and the page digests to the log	2026-09-12T00:46:14.8709438Z         "height": 2640
nm_conviction-set	Print the verdict and the page digests to the log	2026-09-12T00:46:14.8709519Z       },
nm_conviction-set	Print the verdict and the page digests to the log	2026-09-12T00:46:14.8709635Z       "pxPerPt": 3.3333333333333335,
nm_conviction-set	Print the verdict and the page digests to the log	2026-09-12T00:46:14.8709758Z       "expectedPxPerPt": 3.333333333333333,
nm_conviction-set	Print the verdict and the page digests to the log	2026-09-12T00:46:14.8709855Z       "pageWidthPt": 612,
nm_conviction-set	Print the verdict and the page digests to the log	2026-09-12T00:46:14.8709954Z       "pageHeightPt": 792,
nm_conviction-set	Print the verdict and the page digests to the log	2026-09-12T00:46:14.8710042Z       "expectedPx": {
nm_conviction-set	Print the verdict and the page digests to the log	2026-09-12T00:46:14.8710160Z         "width": 2039.9999999999998,
nm_conviction-set	Print the verdict and the page digests to the log	2026-09-12T00:46:14.8710272Z         "height": 2639.9999999999995,
nm_conviction-set	Print the verdict and the page digests to the log	2026-09-12T00:46:14.8710387Z         "tolerancePx": 6.666666666666666
nm_conviction-set	Print the verdict and the page digests to the log	2026-09-12T00:46:14.8710478Z       },
nm_conviction-set	Print the verdict and the page digests to the log	2026-09-12T00:46:14.8710593Z       "calibrationResidualPx": 0,
nm_conviction-set	Print the verdict and the page digests to the log	2026-09-12T00:46:14.8710745Z       "inkFractionInsidePaper": 0.040920231729055255,
nm_conviction-set	Print the verdict and the page digests to the log	2026-09-12T00:46:14.8710839Z       "nonblank": true,
nm_conviction-set	Print the verdict and the page digests to the log	2026-09-12T00:46:14.8710950Z       "croppedToThePage": true,
nm_conviction-set	Print the verdict and the page digests to the log	2026-09-12T00:46:14.8711069Z       "renderedInThisRun": true,
nm_conviction-set	Print the verdict and the page digests to the log	2026-09-12T00:46:14.8711210Z       "evidenceOrigin": "FRESH_RENDER_THIS_RUN",
nm_conviction-set	Print the verdict and the page digests to the log	2026-09-12T00:46:14.8711304Z       "originalOrigin": null
nm_conviction-set	Print the verdict and the page digests to the log	2026-09-12T00:46:14.8711387Z     },
nm_conviction-set	Print the verdict and the page digests to the log	2026-09-12T00:46:14.8711470Z     {
nm_conviction-set	Print the verdict and the page digests to the log	2026-09-12T00:46:14.8711559Z       "kind": "boundary",
nm_conviction-set	Print the verdict and the page digests to the log	2026-09-12T00:46:14.8711676Z       "document": "boundary.pdf",
nm_conviction-set	Print the verdict and the page digests to the log	2026-09-12T00:46:14.8711762Z       "page": 7,
nm_conviction-set	Print the verdict and the page digests to the log	2026-09-12T00:46:14.8711915Z       "png": "nm_conviction-set/boundary/page-007.png",
nm_conviction-set	Print the verdict and the page digests to the log	2026-09-12T00:46:14.8712005Z       "bytes": 172501,
nm_conviction-set	Print the verdict and the page digests to the log	2026-09-12T00:46:14.8712266Z       "pngSha256": "cb38a8faf31ff9105298e7de11c07218eed6c25bc1889ca745cd5757bc633ec1",
nm_conviction-set	Print the verdict and the page digests to the log	2026-09-12T00:46:14.8712360Z       "pngWidth": 2040,
nm_conviction-set	Print the verdict and the page digests to the log	2026-09-12T00:46:14.8712460Z       "pngHeight": 2640,
nm_conviction-set	Print the verdict and the page digests to the log	2026-09-12T00:46:14.8712542Z       "paper": {
nm_conviction-set	Print the verdict and the page digests to the log	2026-09-12T00:46:14.8712626Z         "x0": 204,
nm_conviction-set	Print the verdict and the page digests to the log	2026-09-12T00:46:14.8712711Z         "y0": 3,
nm_conviction-set	Print the verdict and the page digests to the log	2026-09-12T00:46:14.8712794Z         "x1": 2243,
nm_conviction-set	Print the verdict and the page digests to the log	2026-09-12T00:46:14.8713014Z         "y1": 2642,
nm_conviction-set	Print the verdict and the page digests to the log	2026-09-12T00:46:14.8713104Z         "width": 2040,
nm_conviction-set	Print the verdict and the page digests to the log	2026-09-12T00:46:14.8713189Z         "height": 2640
nm_conviction-set	Print the verdict and the page digests to the log	2026-09-12T00:46:14.8713333Z       },
nm_conviction-set	Print the verdict and the page digests to the log	2026-09-12T00:46:14.8713488Z       "pxPerPt": 3.3333333333333335,
nm_conviction-set	Print the verdict and the page digests to the log	2026-09-12T00:46:14.8713820Z       "expectedPxPerPt": 3.333333333333333,
nm_conviction-set	Print the verdict and the page digests to the log	2026-09-12T00:46:14.8713975Z       "pageWidthPt": 612,
nm_conviction-set	Print the verdict and the page digests to the log	2026-09-12T00:46:14.8714159Z       "pageHeightPt": 792,
nm_conviction-set	Print the verdict and the page digests to the log	2026-09-12T00:46:14.8714335Z       "expectedPx": {
nm_conviction-set	Print the verdict and the page digests to the log	2026-09-12T00:46:14.8714485Z         "width": 2039.9999999999998,
nm_conviction-set	Print the verdict and the page digests to the log	2026-09-12T00:46:14.8714760Z         "height": 2639.9999999999995,
nm_conviction-set	Print the verdict and the page digests to the log	2026-09-12T00:46:14.8714985Z         "tolerancePx": 6.666666666666666
nm_conviction-set	Print the verdict and the page digests to the log	2026-09-12T00:46:14.8715107Z       },
nm_conviction-set	Print the verdict and the page digests to the log	2026-09-12T00:46:14.8715319Z       "calibrationResidualPx": 0,
nm_conviction-set	Print the verdict and the page digests to the log	2026-09-12T00:46:14.8715628Z       "inkFractionInsidePaper": 0.014658533868092691,
nm_conviction-set	Print the verdict and the page digests to the log	2026-09-12T00:46:14.8715933Z       "nonblank": true,
nm_conviction-set	Print the verdict and the page digests to the log	2026-09-12T00:46:14.8716156Z       "croppedToThePage": true,
nm_conviction-set	Print the verdict and the page digests to the log	2026-09-12T00:46:14.8716362Z       "renderedInThisRun": true,
nm_conviction-set	Print the verdict and the page digests to the log	2026-09-12T00:46:14.8716549Z       "evidenceOrigin": "FRESH_RENDER_THIS_RUN",
nm_conviction-set	Print the verdict and the page digests to the log	2026-09-12T00:46:14.8716751Z       "originalOrigin": null
nm_conviction-set	Print the verdict and the page digests to the log	2026-09-12T00:46:14.8716988Z     },
nm_conviction-set	Print the verdict and the page digests to the log	2026-09-12T00:46:14.8717111Z     {
nm_conviction-set	Print the verdict and the page digests to the log	2026-09-12T00:46:14.8717292Z       "kind": "boundary",
nm_conviction-set	Print the verdict and the page digests to the log	2026-09-12T00:46:14.8717450Z       "document": "boundary.pdf",
nm_conviction-set	Print the verdict and the page digests to the log	2026-09-12T00:46:14.8717603Z       "page": 8,
nm_conviction-set	Print the verdict and the page digests to the log	2026-09-12T00:46:14.8717906Z       "png": "nm_conviction-set/boundary/page-008.png",
nm_conviction-set	Print the verdict and the page digests to the log	2026-09-12T00:46:14.8718037Z       "bytes": 455101,
nm_conviction-set	Print the verdict and the page digests to the log	2026-09-12T00:46:14.8718382Z       "pngSha256": "a50391177376c425eaff0f661575751d222afc182b67c738d9200387547ea34e",
nm_conviction-set	Print the verdict and the page digests to the log	2026-09-12T00:46:14.8718595Z       "pngWidth": 2040,
nm_conviction-set	Print the verdict and the page digests to the log	2026-09-12T00:46:14.8718709Z       "pngHeight": 2640,
nm_conviction-set	Print the verdict and the page digests to the log	2026-09-12T00:46:14.8718960Z       "paper": {
nm_conviction-set	Print the verdict and the page digests to the log	2026-09-12T00:46:14.8719135Z         "x0": 204,
nm_conviction-set	Print the verdict and the page digests to the log	2026-09-12T00:46:14.8719262Z         "y0": 3,
nm_conviction-set	Print the verdict and the page digests to the log	2026-09-12T00:46:14.8719434Z         "x1": 2243,
nm_conviction-set	Print the verdict and the page digests to the log	2026-09-12T00:46:14.8728071Z         "y1": 2642,
nm_conviction-set	Print the verdict and the page digests to the log	2026-09-12T00:46:14.8728215Z         "width": 2040,
nm_conviction-set	Print the verdict and the page digests to the log	2026-09-12T00:46:14.8728322Z         "height": 2640
nm_conviction-set	Print the verdict and the page digests to the log	2026-09-12T00:46:14.8728408Z       },
nm_conviction-set	Print the verdict and the page digests to the log	2026-09-12T00:46:14.8728538Z       "pxPerPt": 3.3333333333333335,
nm_conviction-set	Print the verdict and the page digests to the log	2026-09-12T00:46:14.8728672Z       "expectedPxPerPt": 3.333333333333333,
nm_conviction-set	Print the verdict and the page digests to the log	2026-09-12T00:46:14.8728773Z       "pageWidthPt": 612,
nm_conviction-set	Print the verdict and the page digests to the log	2026-09-12T00:46:14.8728872Z       "pageHeightPt": 792,
nm_conviction-set	Print the verdict and the page digests to the log	2026-09-12T00:46:14.8728962Z       "expectedPx": {
nm_conviction-set	Print the verdict and the page digests to the log	2026-09-12T00:46:14.8729077Z         "width": 2039.9999999999998,
nm_conviction-set	Print the verdict and the page digests to the log	2026-09-12T00:46:14.8729194Z         "height": 2639.9999999999995,
nm_conviction-set	Print the verdict and the page digests to the log	2026-09-12T00:46:14.8729314Z         "tolerancePx": 6.666666666666666
nm_conviction-set	Print the verdict and the page digests to the log	2026-09-12T00:46:14.8729397Z       },
nm_conviction-set	Print the verdict and the page digests to the log	2026-09-12T00:46:14.8729522Z       "calibrationResidualPx": 0,
nm_conviction-set	Print the verdict and the page digests to the log	2026-09-12T00:46:14.8729683Z       "inkFractionInsidePaper": 0.040509692513368986,
nm_conviction-set	Print the verdict and the page digests to the log	2026-09-12T00:46:14.8729786Z       "nonblank": true,
nm_conviction-set	Print the verdict and the page digests to the log	2026-09-12T00:46:14.8729902Z       "croppedToThePage": true,
nm_conviction-set	Print the verdict and the page digests to the log	2026-09-12T00:46:14.8730023Z       "renderedInThisRun": true,
nm_conviction-set	Print the verdict and the page digests to the log	2026-09-12T00:46:14.8730171Z       "evidenceOrigin": "FRESH_RENDER_THIS_RUN",
nm_conviction-set	Print the verdict and the page digests to the log	2026-09-12T00:46:14.8730271Z       "originalOrigin": null
nm_conviction-set	Print the verdict and the page digests to the log	2026-09-12T00:46:14.8730356Z     },
nm_conviction-set	Print the verdict and the page digests to the log	2026-09-12T00:46:14.8730438Z     {
nm_conviction-set	Print the verdict and the page digests to the log	2026-09-12T00:46:14.8730531Z       "kind": "boundary",
nm_conviction-set	Print the verdict and the page digests to the log	2026-09-12T00:46:14.8730649Z       "document": "boundary.pdf",
nm_conviction-set	Print the verdict and the page digests to the log	2026-09-12T00:46:14.8730738Z       "page": 9,
nm_conviction-set	Print the verdict and the page digests to the log	2026-09-12T00:46:14.8730910Z       "png": "nm_conviction-set/boundary/page-009.png",
nm_conviction-set	Print the verdict and the page digests to the log	2026-09-12T00:46:14.8731003Z       "bytes": 310924,
nm_conviction-set	Print the verdict and the page digests to the log	2026-09-12T00:46:14.8731280Z       "pngSha256": "f85b6d34d31a6f43a274f8e002a929cb1f90c72778f3e75ef30faafee07d9140",
nm_conviction-set	Print the verdict and the page digests to the log	2026-09-12T00:46:14.8731374Z       "pngWidth": 2040,
nm_conviction-set	Print the verdict and the page digests to the log	2026-09-12T00:46:14.8731470Z       "pngHeight": 2640,
nm_conviction-set	Print the verdict and the page digests to the log	2026-09-12T00:46:14.8731554Z       "paper": {
nm_conviction-set	Print the verdict and the page digests to the log	2026-09-12T00:46:14.8731646Z         "x0": 204,
nm_conviction-set	Print the verdict and the page digests to the log	2026-09-12T00:46:14.8731735Z         "y0": 3,
nm_conviction-set	Print the verdict and the page digests to the log	2026-09-12T00:46:14.8731818Z         "x1": 2243,
nm_conviction-set	Print the verdict and the page digests to the log	2026-09-12T00:46:14.8731901Z         "y1": 2642,
nm_conviction-set	Print the verdict and the page digests to the log	2026-09-12T00:46:14.8731991Z         "width": 2040,
nm_conviction-set	Print the verdict and the page digests to the log	2026-09-12T00:46:14.8732077Z         "height": 2640
nm_conviction-set	Print the verdict and the page digests to the log	2026-09-12T00:46:14.8732365Z       },
nm_conviction-set	Print the verdict and the page digests to the log	2026-09-12T00:46:14.8732482Z       "pxPerPt": 3.3333333333333335,
nm_conviction-set	Print the verdict and the page digests to the log	2026-09-12T00:46:14.8732616Z       "expectedPxPerPt": 3.333333333333333,
nm_conviction-set	Print the verdict and the page digests to the log	2026-09-12T00:46:14.8732713Z       "pageWidthPt": 612,
nm_conviction-set	Print the verdict and the page digests to the log	2026-09-12T00:46:14.8732805Z       "pageHeightPt": 792,
nm_conviction-set	Print the verdict and the page digests to the log	2026-09-12T00:46:14.8732901Z       "expectedPx": {
nm_conviction-set	Print the verdict and the page digests to the log	2026-09-12T00:46:14.8733024Z         "width": 2039.9999999999998,
nm_conviction-set	Print the verdict and the page digests to the log	2026-09-12T00:46:14.8733140Z         "height": 2639.9999999999995,
nm_conviction-set	Print the verdict and the page digests to the log	2026-09-12T00:46:14.8733265Z         "tolerancePx": 6.666666666666666
nm_conviction-set	Print the verdict and the page digests to the log	2026-09-12T00:46:14.8733349Z       },
nm_conviction-set	Print the verdict and the page digests to the log	2026-09-12T00:46:14.8733470Z       "calibrationResidualPx": 0,
nm_conviction-set	Print the verdict and the page digests to the log	2026-09-12T00:46:14.8733633Z       "inkFractionInsidePaper": 0.02646594622697564,
nm_conviction-set	Print the verdict and the page digests to the log	2026-09-12T00:46:14.8733728Z       "nonblank": true,
nm_conviction-set	Print the verdict and the page digests to the log	2026-09-12T00:46:14.8733968Z       "croppedToThePage": true,
nm_conviction-set	Print the verdict and the page digests to the log	2026-09-12T00:46:14.8734085Z       "renderedInThisRun": true,
nm_conviction-set	Print the verdict and the page digests to the log	2026-09-12T00:46:14.8734232Z       "evidenceOrigin": "FRESH_RENDER_THIS_RUN",
nm_conviction-set	Print the verdict and the page digests to the log	2026-09-12T00:46:14.8734333Z       "originalOrigin": null
nm_conviction-set	Print the verdict and the page digests to the log	2026-09-12T00:46:14.8734421Z     },
nm_conviction-set	Print the verdict and the page digests to the log	2026-09-12T00:46:14.8734502Z     {
nm_conviction-set	Print the verdict and the page digests to the log	2026-09-12T00:46:14.8734597Z       "kind": "boundary",
nm_conviction-set	Print the verdict and the page digests to the log	2026-09-12T00:46:14.8734716Z       "document": "boundary.pdf",
nm_conviction-set	Print the verdict and the page digests to the log	2026-09-12T00:46:14.8734802Z       "page": 10,
nm_conviction-set	Print the verdict and the page digests to the log	2026-09-12T00:46:14.8734969Z       "png": "nm_conviction-set/boundary/page-010.png",
nm_conviction-set	Print the verdict and the page digests to the log	2026-09-12T00:46:14.8735059Z       "bytes": 223353,
nm_conviction-set	Print the verdict and the page digests to the log	2026-09-12T00:46:14.8735334Z       "pngSha256": "2c118b2f5c620a9130beb95a9b8b372b9e803d23cce649fa8b239fb562501d29",
nm_conviction-set	Print the verdict and the page digests to the log	2026-09-12T00:46:14.8735430Z       "pngWidth": 2040,
nm_conviction-set	Print the verdict and the page digests to the log	2026-09-12T00:46:14.8735527Z       "pngHeight": 2640,
nm_conviction-set	Print the verdict and the page digests to the log	2026-09-12T00:46:14.8735610Z       "paper": {
nm_conviction-set	Print the verdict and the page digests to the log	2026-09-12T00:46:14.8735901Z         "x0": 204,
nm_conviction-set	Print the verdict and the page digests to the log	2026-09-12T00:46:14.8736041Z         "y0": 3,
nm_conviction-set	Print the verdict and the page digests to the log	2026-09-12T00:46:14.8736143Z         "x1": 2243,
nm_conviction-set	Print the verdict and the page digests to the log	2026-09-12T00:46:14.8736228Z         "y1": 2642,
nm_conviction-set	Print the verdict and the page digests to the log	2026-09-12T00:46:14.8736315Z         "width": 2040,
nm_conviction-set	Print the verdict and the page digests to the log	2026-09-12T00:46:14.8736403Z         "height": 2640
nm_conviction-set	Print the verdict and the page digests to the log	2026-09-12T00:46:14.8736486Z       },
nm_conviction-set	Print the verdict and the page digests to the log	2026-09-12T00:46:14.8736600Z       "pxPerPt": 3.3333333333333335,
nm_conviction-set	Print the verdict and the page digests to the log	2026-09-12T00:46:14.8736739Z       "expectedPxPerPt": 3.333333333333333,
nm_conviction-set	Print the verdict and the page digests to the log	2026-09-12T00:46:14.8736832Z       "pageWidthPt": 612,
nm_conviction-set	Print the verdict and the page digests to the log	2026-09-12T00:46:14.8736932Z       "pageHeightPt": 792,
nm_conviction-set	Print the verdict and the page digests to the log	2026-09-12T00:46:14.8737024Z       "expectedPx": {
nm_conviction-set	Print the verdict and the page digests to the log	2026-09-12T00:46:14.8737131Z         "width": 2039.9999999999998,
nm_conviction-set	Print the verdict and the page digests to the log	2026-09-12T00:46:14.8737247Z         "height": 2639.9999999999995,
nm_conviction-set	Print the verdict and the page digests to the log	2026-09-12T00:46:14.8737370Z         "tolerancePx": 6.666666666666666
nm_conviction-set	Print the verdict and the page digests to the log	2026-09-12T00:46:14.8737447Z       },
nm_conviction-set	Print the verdict and the page digests to the log	2026-09-12T00:46:14.8737569Z       "calibrationResidualPx": 0,
nm_conviction-set	Print the verdict and the page digests to the log	2026-09-12T00:46:14.8737730Z       "inkFractionInsidePaper": 0.020822378193701724,
nm_conviction-set	Print the verdict and the page digests to the log	2026-09-12T00:46:14.8737819Z       "nonblank": true,
nm_conviction-set	Print the verdict and the page digests to the log	2026-09-12T00:46:14.8737935Z       "croppedToThePage": true,
nm_conviction-set	Print the verdict and the page digests to the log	2026-09-12T00:46:14.8738058Z       "renderedInThisRun": true,
nm_conviction-set	Print the verdict and the page digests to the log	2026-09-12T00:46:14.8738195Z       "evidenceOrigin": "FRESH_RENDER_THIS_RUN",
nm_conviction-set	Print the verdict and the page digests to the log	2026-09-12T00:46:14.8738293Z       "originalOrigin": null
nm_conviction-set	Print the verdict and the page digests to the log	2026-09-12T00:46:14.8738371Z     },
nm_conviction-set	Print the verdict and the page digests to the log	2026-09-12T00:46:14.8738454Z     {
nm_conviction-set	Print the verdict and the page digests to the log	2026-09-12T00:46:14.8738549Z       "kind": "boundary",
nm_conviction-set	Print the verdict and the page digests to the log	2026-09-12T00:46:14.8738661Z       "document": "boundary.pdf",
nm_conviction-set	Print the verdict and the page digests to the log	2026-09-12T00:46:14.8738751Z       "page": 11,
nm_conviction-set	Print the verdict and the page digests to the log	2026-09-12T00:46:14.8738912Z       "png": "nm_conviction-set/boundary/page-011.png",
nm_conviction-set	Print the verdict and the page digests to the log	2026-09-12T00:46:14.8738997Z       "bytes": 370983,
nm_conviction-set	Print the verdict and the page digests to the log	2026-09-12T00:46:14.8739269Z       "pngSha256": "63a3b1fffa2cdeaca5c6bf8918551755885ca8880048a0e5b97ab91e1730515c",
nm_conviction-set	Print the verdict and the page digests to the log	2026-09-12T00:46:14.8739361Z       "pngWidth": 2040,
nm_conviction-set	Print the verdict and the page digests to the log	2026-09-12T00:46:14.8739451Z       "pngHeight": 2640,
nm_conviction-set	Print the verdict and the page digests to the log	2026-09-12T00:46:14.8739538Z       "paper": {
nm_conviction-set	Print the verdict and the page digests to the log	2026-09-12T00:46:14.8739619Z         "x0": 204,
nm_conviction-set	Print the verdict and the page digests to the log	2026-09-12T00:46:14.8739702Z         "y0": 3,
nm_conviction-set	Print the verdict and the page digests to the log	2026-09-12T00:46:14.8739786Z         "x1": 2243,
nm_conviction-set	Print the verdict and the page digests to the log	2026-09-12T00:46:14.8739865Z         "y1": 2642,
nm_conviction-set	Print the verdict and the page digests to the log	2026-09-12T00:46:14.8739960Z         "width": 2040,
nm_conviction-set	Print the verdict and the page digests to the log	2026-09-12T00:46:14.8740047Z         "height": 2640
nm_conviction-set	Print the verdict and the page digests to the log	2026-09-12T00:46:14.8740123Z       },
nm_conviction-set	Print the verdict and the page digests to the log	2026-09-12T00:46:14.8740239Z       "pxPerPt": 3.3333333333333335,
nm_conviction-set	Print the verdict and the page digests to the log	2026-09-12T00:46:14.8740366Z       "expectedPxPerPt": 3.333333333333333,
nm_conviction-set	Print the verdict and the page digests to the log	2026-09-12T00:46:14.8740614Z       "pageWidthPt": 612,
nm_conviction-set	Print the verdict and the page digests to the log	2026-09-12T00:46:14.8740711Z       "pageHeightPt": 792,
nm_conviction-set	Print the verdict and the page digests to the log	2026-09-12T00:46:14.8740800Z       "expectedPx": {
nm_conviction-set	Print the verdict and the page digests to the log	2026-09-12T00:46:14.8740915Z         "width": 2039.9999999999998,
nm_conviction-set	Print the verdict and the page digests to the log	2026-09-12T00:46:14.8741036Z         "height": 2639.9999999999995,
nm_conviction-set	Print the verdict and the page digests to the log	2026-09-12T00:46:14.8741151Z         "tolerancePx": 6.666666666666666
nm_conviction-set	Print the verdict and the page digests to the log	2026-09-12T00:46:14.8741234Z       },
nm_conviction-set	Print the verdict and the page digests to the log	2026-09-12T00:46:14.8741352Z       "calibrationResidualPx": 0,
nm_conviction-set	Print the verdict and the page digests to the log	2026-09-12T00:46:14.8741501Z       "inkFractionInsidePaper": 0.03531937017231135,
nm_conviction-set	Print the verdict and the page digests to the log	2026-09-12T00:46:14.8741592Z       "nonblank": true,
nm_conviction-set	Print the verdict and the page digests to the log	2026-09-12T00:46:14.8741706Z       "croppedToThePage": true,
nm_conviction-set	Print the verdict and the page digests to the log	2026-09-12T00:46:14.8741818Z       "renderedInThisRun": true,
nm_conviction-set	Print the verdict and the page digests to the log	2026-09-12T00:46:14.8742076Z       "evidenceOrigin": "FRESH_RENDER_THIS_RUN",
nm_conviction-set	Print the verdict and the page digests to the log	2026-09-12T00:46:14.8742174Z       "originalOrigin": null
nm_conviction-set	Print the verdict and the page digests to the log	2026-09-12T00:46:14.8742251Z     },
nm_conviction-set	Print the verdict and the page digests to the log	2026-09-12T00:46:14.8742332Z     {
nm_conviction-set	Print the verdict and the page digests to the log	2026-09-12T00:46:14.8742418Z       "kind": "boundary",
nm_conviction-set	Print the verdict and the page digests to the log	2026-09-12T00:46:14.8742541Z       "document": "boundary.pdf",
nm_conviction-set	Print the verdict and the page digests to the log	2026-09-12T00:46:14.8742627Z       "page": 12,
nm_conviction-set	Print the verdict and the page digests to the log	2026-09-12T00:46:14.8742778Z       "png": "nm_conviction-set/boundary/page-012.png",
nm_conviction-set	Print the verdict and the page digests to the log	2026-09-12T00:46:14.8742868Z       "bytes": 265654,
nm_conviction-set	Print the verdict and the page digests to the log	2026-09-12T00:46:14.8743124Z       "pngSha256": "26a1666a317473fb01f7f665891d2f3a4d548655a5875d0d775e16889d2da8ad",
nm_conviction-set	Print the verdict and the page digests to the log	2026-09-12T00:46:14.8743213Z       "pngWidth": 2040,
nm_conviction-set	Print the verdict and the page digests to the log	2026-09-12T00:46:14.8743304Z       "pngHeight": 2640,
nm_conviction-set	Print the verdict and the page digests to the log	2026-09-12T00:46:14.8743390Z       "paper": {
nm_conviction-set	Print the verdict and the page digests to the log	2026-09-12T00:46:14.8743470Z         "x0": 204,
nm_conviction-set	Print the verdict and the page digests to the log	2026-09-12T00:46:14.8743553Z         "y0": 3,
nm_conviction-set	Print the verdict and the page digests to the log	2026-09-12T00:46:14.8743633Z         "x1": 2243,
nm_conviction-set	Print the verdict and the page digests to the log	2026-09-12T00:46:14.8743717Z         "y1": 2642,
nm_conviction-set	Print the verdict and the page digests to the log	2026-09-12T00:46:14.8743804Z         "width": 2040,
nm_conviction-set	Print the verdict and the page digests to the log	2026-09-12T00:46:14.8743891Z         "height": 2640
nm_conviction-set	Print the verdict and the page digests to the log	2026-09-12T00:46:14.8743971Z       },
nm_conviction-set	Print the verdict and the page digests to the log	2026-09-12T00:46:14.8744085Z       "pxPerPt": 3.3333333333333335,
nm_conviction-set	Print the verdict and the page digests to the log	2026-09-12T00:46:14.8744203Z       "expectedPxPerPt": 3.333333333333333,
nm_conviction-set	Print the verdict and the page digests to the log	2026-09-12T00:46:14.8744297Z       "pageWidthPt": 612,
nm_conviction-set	Print the verdict and the page digests to the log	2026-09-12T00:46:14.8744396Z       "pageHeightPt": 792,
nm_conviction-set	Print the verdict and the page digests to the log	2026-09-12T00:46:14.8744481Z       "expectedPx": {
nm_conviction-set	Print the verdict and the page digests to the log	2026-09-12T00:46:14.8744592Z         "width": 2039.9999999999998,
nm_conviction-set	Print the verdict and the page digests to the log	2026-09-12T00:46:14.8744699Z         "height": 2639.9999999999995,
nm_conviction-set	Print the verdict and the page digests to the log	2026-09-12T00:46:14.8744816Z         "tolerancePx": 6.666666666666666
nm_conviction-set	Print the verdict and the page digests to the log	2026-09-12T00:46:14.8744895Z       },
nm_conviction-set	Print the verdict and the page digests to the log	2026-09-12T00:46:14.8745009Z       "calibrationResidualPx": 0,
nm_conviction-set	Print the verdict and the page digests to the log	2026-09-12T00:46:14.8745161Z       "inkFractionInsidePaper": 0.027820855614973262,
nm_conviction-set	Print the verdict and the page digests to the log	2026-09-12T00:46:14.8745253Z       "nonblank": true,
nm_conviction-set	Print the verdict and the page digests to the log	2026-09-12T00:46:14.8745364Z       "croppedToThePage": true,
nm_conviction-set	Print the verdict and the page digests to the log	2026-09-12T00:46:14.8745477Z       "renderedInThisRun": true,
nm_conviction-set	Print the verdict and the page digests to the log	2026-09-12T00:46:14.8745615Z       "evidenceOrigin": "FRESH_RENDER_THIS_RUN",
nm_conviction-set	Print the verdict and the page digests to the log	2026-09-12T00:46:14.8745822Z       "originalOrigin": null
nm_conviction-set	Print the verdict and the page digests to the log	2026-09-12T00:46:14.8745904Z     },
nm_conviction-set	Print the verdict and the page digests to the log	2026-09-12T00:46:14.8745980Z     {
nm_conviction-set	Print the verdict and the page digests to the log	2026-09-12T00:46:14.8746072Z       "kind": "boundary",
nm_conviction-set	Print the verdict and the page digests to the log	2026-09-12T00:46:14.8746186Z       "document": "boundary.pdf",
nm_conviction-set	Print the verdict and the page digests to the log	2026-09-12T00:46:14.8746274Z       "page": 13,
nm_conviction-set	Print the verdict and the page digests to the log	2026-09-12T00:46:14.8746425Z       "png": "nm_conviction-set/boundary/page-013.png",
nm_conviction-set	Print the verdict and the page digests to the log	2026-09-12T00:46:14.8746512Z       "bytes": 252839,
nm_conviction-set	Print the verdict and the page digests to the log	2026-09-12T00:46:14.8746771Z       "pngSha256": "2011da2f87ceaa627140c6f993a6e5de79a0028caa38038cbf9c59bc4d0ce70f",
nm_conviction-set	Print the verdict and the page digests to the log	2026-09-12T00:46:14.8746863Z       "pngWidth": 2040,
nm_conviction-set	Print the verdict and the page digests to the log	2026-09-12T00:46:14.8746955Z       "pngHeight": 2640,
nm_conviction-set	Print the verdict and the page digests to the log	2026-09-12T00:46:14.8747036Z       "paper": {
nm_conviction-set	Print the verdict and the page digests to the log	2026-09-12T00:46:14.8747121Z         "x0": 204,
nm_conviction-set	Print the verdict and the page digests to the log	2026-09-12T00:46:14.8747205Z         "y0": 3,
nm_conviction-set	Print the verdict and the page digests to the log	2026-09-12T00:46:14.8747286Z         "x1": 2243,
nm_conviction-set	Print the verdict and the page digests to the log	2026-09-12T00:46:14.8747371Z         "y1": 2642,
nm_conviction-set	Print the verdict and the page digests to the log	2026-09-12T00:46:14.8747460Z         "width": 2040,
nm_conviction-set	Print the verdict and the page digests to the log	2026-09-12T00:46:14.8747557Z         "height": 2640
nm_conviction-set	Print the verdict and the page digests to the log	2026-09-12T00:46:14.8747635Z       },
nm_conviction-set	Print the verdict and the page digests to the log	2026-09-12T00:46:14.8747751Z       "pxPerPt": 3.3333333333333335,
nm_conviction-set	Print the verdict and the page digests to the log	2026-09-12T00:46:14.8747875Z       "expectedPxPerPt": 3.333333333333333,
nm_conviction-set	Print the verdict and the page digests to the log	2026-09-12T00:46:14.8747969Z       "pageWidthPt": 612,
nm_conviction-set	Print the verdict and the page digests to the log	2026-09-12T00:46:14.8748060Z       "pageHeightPt": 792,
nm_conviction-set	Print the verdict and the page digests to the log	2026-09-12T00:46:14.8748293Z       "expectedPx": {
nm_conviction-set	Print the verdict and the page digests to the log	2026-09-12T00:46:14.8748403Z         "width": 2039.9999999999998,
nm_conviction-set	Print the verdict and the page digests to the log	2026-09-12T00:46:14.8748512Z         "height": 2639.9999999999995,
nm_conviction-set	Print the verdict and the page digests to the log	2026-09-12T00:46:14.8748629Z         "tolerancePx": 6.666666666666666
nm_conviction-set	Print the verdict and the page digests to the log	2026-09-12T00:46:14.8748707Z       },
nm_conviction-set	Print the verdict and the page digests to the log	2026-09-12T00:46:14.8748828Z       "calibrationResidualPx": 0,
nm_conviction-set	Print the verdict and the page digests to the log	2026-09-12T00:46:14.8748975Z       "inkFractionInsidePaper": 0.025392713903743317,
nm_conviction-set	Print the verdict and the page digests to the log	2026-09-12T00:46:14.8749067Z       "nonblank": true,
nm_conviction-set	Print the verdict and the page digests to the log	2026-09-12T00:46:14.8749182Z       "croppedToThePage": true,
nm_conviction-set	Print the verdict and the page digests to the log	2026-09-12T00:46:14.8749298Z       "renderedInThisRun": true,
nm_conviction-set	Print the verdict and the page digests to the log	2026-09-12T00:46:14.8749430Z       "evidenceOrigin": "FRESH_RENDER_THIS_RUN",
nm_conviction-set	Print the verdict and the page digests to the log	2026-09-12T00:46:14.8749528Z       "originalOrigin": null
nm_conviction-set	Print the verdict and the page digests to the log	2026-09-12T00:46:14.8749729Z     },
nm_conviction-set	Print the verdict and the page digests to the log	2026-09-12T00:46:14.8749807Z     {
nm_conviction-set	Print the verdict and the page digests to the log	2026-09-12T00:46:14.8749900Z       "kind": "boundary",
nm_conviction-set	Print the verdict and the page digests to the log	2026-09-12T00:46:14.8750013Z       "document": "boundary.pdf",
nm_conviction-set	Print the verdict and the page digests to the log	2026-09-12T00:46:14.8750101Z       "page": 14,
nm_conviction-set	Print the verdict and the page digests to the log	2026-09-12T00:46:14.8750254Z       "png": "nm_conviction-set/boundary/page-014.png",
nm_conviction-set	Print the verdict and the page digests to the log	2026-09-12T00:46:14.8750344Z       "bytes": 143074,
nm_conviction-set	Print the verdict and the page digests to the log	2026-09-12T00:46:14.8750601Z       "pngSha256": "8a4f4a75e0c7e67b8c80f9112f4d8014e21b2c230964c6ae43c2d7326eb116b6",
nm_conviction-set	Print the verdict and the page digests to the log	2026-09-12T00:46:14.8750694Z       "pngWidth": 2040,
nm_conviction-set	Print the verdict and the page digests to the log	2026-09-12T00:46:14.8750780Z       "pngHeight": 2640,
nm_conviction-set	Print the verdict and the page digests to the log	2026-09-12T00:46:14.8750866Z       "paper": {
nm_conviction-set	Print the verdict and the page digests to the log	2026-09-12T00:46:14.8750950Z         "x0": 204,
nm_conviction-set	Print the verdict and the page digests to the log	2026-09-12T00:46:14.8751041Z         "y0": 3,
nm_conviction-set	Print the verdict and the page digests to the log	2026-09-12T00:46:14.8751207Z         "x1": 2243,
nm_conviction-set	Print the verdict and the page digests to the log	2026-09-12T00:46:14.8751331Z         "y1": 2642,
nm_conviction-set	Print the verdict and the page digests to the log	2026-09-12T00:46:14.8751474Z         "width": 2040,
nm_conviction-set	Print the verdict and the page digests to the log	2026-09-12T00:46:14.8751606Z         "height": 2640
nm_conviction-set	Print the verdict and the page digests to the log	2026-09-12T00:46:14.8751724Z       },
nm_conviction-set	Print the verdict and the page digests to the log	2026-09-12T00:46:14.8751898Z       "pxPerPt": 3.3333333333333335,
nm_conviction-set	Print the verdict and the page digests to the log	2026-09-12T00:46:14.8752102Z       "expectedPxPerPt": 3.333333333333333,
nm_conviction-set	Print the verdict and the page digests to the log	2026-09-12T00:46:14.8752242Z       "pageWidthPt": 612,
nm_conviction-set	Print the verdict and the page digests to the log	2026-09-12T00:46:14.8752386Z       "pageHeightPt": 792,
nm_conviction-set	Print the verdict and the page digests to the log	2026-09-12T00:46:14.8752532Z       "expectedPx": {
nm_conviction-set	Print the verdict and the page digests to the log	2026-09-12T00:46:14.8752671Z         "width": 2039.9999999999998,
nm_conviction-set	Print the verdict and the page digests to the log	2026-09-12T00:46:14.8752791Z         "height": 2639.9999999999995,
nm_conviction-set	Print the verdict and the page digests to the log	2026-09-12T00:46:14.8752904Z         "tolerancePx": 6.666666666666666
nm_conviction-set	Print the verdict and the page digests to the log	2026-09-12T00:46:14.8752988Z       },
nm_conviction-set	Print the verdict and the page digests to the log	2026-09-12T00:46:14.8753108Z       "calibrationResidualPx": 0,
nm_conviction-set	Print the verdict and the page digests to the log	2026-09-12T00:46:14.8753255Z       "inkFractionInsidePaper": 0.0135873440285205,
nm_conviction-set	Print the verdict and the page digests to the log	2026-09-12T00:46:14.8753348Z       "nonblank": true,
nm_conviction-set	Print the verdict and the page digests to the log	2026-09-12T00:46:14.8753462Z       "croppedToThePage": true,
nm_conviction-set	Print the verdict and the page digests to the log	2026-09-12T00:46:14.8753572Z       "renderedInThisRun": true,
nm_conviction-set	Print the verdict and the page digests to the log	2026-09-12T00:46:14.8753709Z       "evidenceOrigin": "FRESH_RENDER_THIS_RUN",
nm_conviction-set	Print the verdict and the page digests to the log	2026-09-12T00:46:14.8753805Z       "originalOrigin": null
nm_conviction-set	Print the verdict and the page digests to the log	2026-09-12T00:46:14.8753882Z     },
nm_conviction-set	Print the verdict and the page digests to the log	2026-09-12T00:46:14.8753962Z     {
nm_conviction-set	Print the verdict and the page digests to the log	2026-09-12T00:46:14.8754058Z       "kind": "boundary",
nm_conviction-set	Print the verdict and the page digests to the log	2026-09-12T00:46:14.8754169Z       "document": "boundary.pdf",
nm_conviction-set	Print the verdict and the page digests to the log	2026-09-12T00:46:14.8754257Z       "page": 15,
nm_conviction-set	Print the verdict and the page digests to the log	2026-09-12T00:46:14.8754410Z       "png": "nm_conviction-set/boundary/page-015.png",
nm_conviction-set	Print the verdict and the page digests to the log	2026-09-12T00:46:14.8754501Z       "bytes": 166154,
nm_conviction-set	Print the verdict and the page digests to the log	2026-09-12T00:46:14.8754766Z       "pngSha256": "f8c98ad639e17e8eb572575b08d2aff29fa362589a91bc7c7df19894723111d1",
nm_conviction-set	Print the verdict and the page digests to the log	2026-09-12T00:46:14.8754854Z       "pngWidth": 2040,
nm_conviction-set	Print the verdict and the page digests to the log	2026-09-12T00:46:14.8754946Z       "pngHeight": 2640,
nm_conviction-set	Print the verdict and the page digests to the log	2026-09-12T00:46:14.8755030Z       "paper": {
nm_conviction-set	Print the verdict and the page digests to the log	2026-09-12T00:46:14.8755109Z         "x0": 204,
nm_conviction-set	Print the verdict and the page digests to the log	2026-09-12T00:46:14.8755193Z         "y0": 3,
nm_conviction-set	Print the verdict and the page digests to the log	2026-09-12T00:46:14.8755276Z         "x1": 2243,
nm_conviction-set	Print the verdict and the page digests to the log	2026-09-12T00:46:14.8755356Z         "y1": 2642,
nm_conviction-set	Print the verdict and the page digests to the log	2026-09-12T00:46:14.8755444Z         "width": 2040,
nm_conviction-set	Print the verdict and the page digests to the log	2026-09-12T00:46:14.8755536Z         "height": 2640
nm_conviction-set	Print the verdict and the page digests to the log	2026-09-12T00:46:14.8755618Z       },
nm_conviction-set	Print the verdict and the page digests to the log	2026-09-12T00:46:14.8755836Z       "pxPerPt": 3.3333333333333335,
nm_conviction-set	Print the verdict and the page digests to the log	2026-09-12T00:46:14.8755961Z       "expectedPxPerPt": 3.333333333333333,
nm_conviction-set	Print the verdict and the page digests to the log	2026-09-12T00:46:14.8756060Z       "pageWidthPt": 612,
nm_conviction-set	Print the verdict and the page digests to the log	2026-09-12T00:46:14.8756150Z       "pageHeightPt": 792,
nm_conviction-set	Print the verdict and the page digests to the log	2026-09-12T00:46:14.8756241Z       "expectedPx": {
nm_conviction-set	Print the verdict and the page digests to the log	2026-09-12T00:46:14.8756346Z         "width": 2039.9999999999998,
nm_conviction-set	Print the verdict and the page digests to the log	2026-09-12T00:46:14.8756460Z         "height": 2639.9999999999995,
nm_conviction-set	Print the verdict and the page digests to the log	2026-09-12T00:46:14.8756766Z         "tolerancePx": 6.666666666666666
nm_conviction-set	Print the verdict and the page digests to the log	2026-09-12T00:46:14.8756841Z       },
nm_conviction-set	Print the verdict and the page digests to the log	2026-09-12T00:46:14.8756959Z       "calibrationResidualPx": 0,
nm_conviction-set	Print the verdict and the page digests to the log	2026-09-12T00:46:14.8757109Z       "inkFractionInsidePaper": 0.01638387551990493,
nm_conviction-set	Print the verdict and the page digests to the log	2026-09-12T00:46:14.8757196Z       "nonblank": true,
nm_conviction-set	Print the verdict and the page digests to the log	2026-09-12T00:46:14.8757310Z       "croppedToThePage": true,
nm_conviction-set	Print the verdict and the page digests to the log	2026-09-12T00:46:14.8757425Z       "renderedInThisRun": true,
nm_conviction-set	Print the verdict and the page digests to the log	2026-09-12T00:46:14.8757555Z       "evidenceOrigin": "FRESH_RENDER_THIS_RUN",
nm_conviction-set	Print the verdict and the page digests to the log	2026-09-12T00:46:14.8757652Z       "originalOrigin": null
nm_conviction-set	Print the verdict and the page digests to the log	2026-09-12T00:46:14.8757727Z     },
nm_conviction-set	Print the verdict and the page digests to the log	2026-09-12T00:46:14.8757806Z     {
nm_conviction-set	Print the verdict and the page digests to the log	2026-09-12T00:46:14.8757897Z       "kind": "boundary",
nm_conviction-set	Print the verdict and the page digests to the log	2026-09-12T00:46:14.8758007Z       "document": "boundary.pdf",
nm_conviction-set	Print the verdict and the page digests to the log	2026-09-12T00:46:14.8758212Z       "page": 16,
nm_conviction-set	Print the verdict and the page digests to the log	2026-09-12T00:46:14.8758362Z       "png": "nm_conviction-set/boundary/page-016.png",
nm_conviction-set	Print the verdict and the page digests to the log	2026-09-12T00:46:14.8758447Z       "bytes": 436080,
nm_conviction-set	Print the verdict and the page digests to the log	2026-09-12T00:46:14.8758705Z       "pngSha256": "e9a40f43aea06c4772e49cdf3627e23e7efce605cd6c76e5d947cce484a7a433",
nm_conviction-set	Print the verdict and the page digests to the log	2026-09-12T00:46:14.8758802Z       "pngWidth": 2040,
nm_conviction-set	Print the verdict and the page digests to the log	2026-09-12T00:46:14.8758890Z       "pngHeight": 2640,
nm_conviction-set	Print the verdict and the page digests to the log	2026-09-12T00:46:14.8758975Z       "paper": {
nm_conviction-set	Print the verdict and the page digests to the log	2026-09-12T00:46:14.8759056Z         "x0": 204,
nm_conviction-set	Print the verdict and the page digests to the log	2026-09-12T00:46:14.8759137Z         "y0": 3,
nm_conviction-set	Print the verdict and the page digests to the log	2026-09-12T00:46:14.8759221Z         "x1": 2243,
nm_conviction-set	Print the verdict and the page digests to the log	2026-09-12T00:46:14.8759303Z         "y1": 2642,
nm_conviction-set	Print the verdict and the page digests to the log	2026-09-12T00:46:14.8759390Z         "width": 2040,
nm_conviction-set	Print the verdict and the page digests to the log	2026-09-12T00:46:14.8759477Z         "height": 2640
nm_conviction-set	Print the verdict and the page digests to the log	2026-09-12T00:46:14.8759554Z       },
nm_conviction-set	Print the verdict and the page digests to the log	2026-09-12T00:46:14.8759666Z       "pxPerPt": 3.3333333333333335,
nm_conviction-set	Print the verdict and the page digests to the log	2026-09-12T00:46:14.8759787Z       "expectedPxPerPt": 3.333333333333333,
nm_conviction-set	Print the verdict and the page digests to the log	2026-09-12T00:46:14.8759876Z       "pageWidthPt": 612,
nm_conviction-set	Print the verdict and the page digests to the log	2026-09-12T00:46:14.8759975Z       "pageHeightPt": 792,
nm_conviction-set	Print the verdict and the page digests to the log	2026-09-12T00:46:14.8760062Z       "expectedPx": {
nm_conviction-set	Print the verdict and the page digests to the log	2026-09-12T00:46:14.8760170Z         "width": 2039.9999999999998,
nm_conviction-set	Print the verdict and the page digests to the log	2026-09-12T00:46:14.8760282Z         "height": 2639.9999999999995,
nm_conviction-set	Print the verdict and the page digests to the log	2026-09-12T00:46:14.8760393Z         "tolerancePx": 6.666666666666666
nm_conviction-set	Print the verdict and the page digests to the log	2026-09-12T00:46:14.8760478Z       },
nm_conviction-set	Print the verdict and the page digests to the log	2026-09-12T00:46:14.8760596Z       "calibrationResidualPx": 0,
nm_conviction-set	Print the verdict and the page digests to the log	2026-09-12T00:46:14.8760738Z       "inkFractionInsidePaper": 0.05583407605466429,
nm_conviction-set	Print the verdict and the page digests to the log	2026-09-12T00:46:14.8760828Z       "nonblank": true,
nm_conviction-set	Print the verdict and the page digests to the log	2026-09-12T00:46:14.8760941Z       "croppedToThePage": true,
nm_conviction-set	Print the verdict and the page digests to the log	2026-09-12T00:46:14.8761052Z       "renderedInThisRun": true,
nm_conviction-set	Print the verdict and the page digests to the log	2026-09-12T00:46:14.8761186Z       "evidenceOrigin": "FRESH_RENDER_THIS_RUN",
nm_conviction-set	Print the verdict and the page digests to the log	2026-09-12T00:46:14.8761282Z       "originalOrigin": null
nm_conviction-set	Print the verdict and the page digests to the log	2026-09-12T00:46:14.8761358Z     },
nm_conviction-set	Print the verdict and the page digests to the log	2026-09-12T00:46:14.8761437Z     {
nm_conviction-set	Print the verdict and the page digests to the log	2026-09-12T00:46:14.8761525Z       "kind": "boundary",
nm_conviction-set	Print the verdict and the page digests to the log	2026-09-12T00:46:14.8761638Z       "document": "boundary.pdf",
nm_conviction-set	Print the verdict and the page digests to the log	2026-09-12T00:46:14.8761724Z       "page": 17,
nm_conviction-set	Print the verdict and the page digests to the log	2026-09-12T00:46:14.8761874Z       "png": "nm_conviction-set/boundary/page-017.png",
nm_conviction-set	Print the verdict and the page digests to the log	2026-09-12T00:46:14.8761960Z       "bytes": 306107,
nm_conviction-set	Print the verdict and the page digests to the log	2026-09-12T00:46:14.8762215Z       "pngSha256": "167ff1010f925fa189d267d7b893e751fbf3f8329b9041c11f32ede6d9c15570",
nm_conviction-set	Print the verdict and the page digests to the log	2026-09-12T00:46:14.8762305Z       "pngWidth": 2040,
nm_conviction-set	Print the verdict and the page digests to the log	2026-09-12T00:46:14.8762397Z       "pngHeight": 2640,
nm_conviction-set	Print the verdict and the page digests to the log	2026-09-12T00:46:14.8762480Z       "paper": {
nm_conviction-set	Print the verdict and the page digests to the log	2026-09-12T00:46:14.8762560Z         "x0": 204,
nm_conviction-set	Print the verdict and the page digests to the log	2026-09-12T00:46:14.8762640Z         "y0": 3,
nm_conviction-set	Print the verdict and the page digests to the log	2026-09-12T00:46:14.8762719Z         "x1": 2243,
nm_conviction-set	Print the verdict and the page digests to the log	2026-09-12T00:46:14.8762801Z         "y1": 2642,
nm_conviction-set	Print the verdict and the page digests to the log	2026-09-12T00:46:14.8762887Z         "width": 2040,
nm_conviction-set	Print the verdict and the page digests to the log	2026-09-12T00:46:14.8762972Z         "height": 2640
nm_conviction-set	Print the verdict and the page digests to the log	2026-09-12T00:46:14.8763053Z       },
nm_conviction-set	Print the verdict and the page digests to the log	2026-09-12T00:46:14.8763164Z       "pxPerPt": 3.3333333333333335,
nm_conviction-set	Print the verdict and the page digests to the log	2026-09-12T00:46:14.8763283Z       "expectedPxPerPt": 3.333333333333333,
nm_conviction-set	Print the verdict and the page digests to the log	2026-09-12T00:46:14.8763376Z       "pageWidthPt": 612,
nm_conviction-set	Print the verdict and the page digests to the log	2026-09-12T00:46:14.8763468Z       "pageHeightPt": 792,
nm_conviction-set	Print the verdict and the page digests to the log	2026-09-12T00:46:14.8763553Z       "expectedPx": {
nm_conviction-set	Print the verdict and the page digests to the log	2026-09-12T00:46:14.8763665Z         "width": 2039.9999999999998,
nm_conviction-set	Print the verdict and the page digests to the log	2026-09-12T00:46:14.8763773Z         "height": 2639.9999999999995,
nm_conviction-set	Print the verdict and the page digests to the log	2026-09-12T00:46:14.8763890Z         "tolerancePx": 6.666666666666666
nm_conviction-set	Print the verdict and the page digests to the log	2026-09-12T00:46:14.8763972Z       },
nm_conviction-set	Print the verdict and the page digests to the log	2026-09-12T00:46:14.8764198Z       "calibrationResidualPx": 0,
nm_conviction-set	Print the verdict and the page digests to the log	2026-09-12T00:46:14.8764341Z       "inkFractionInsidePaper": 0.04287358882947118,
nm_conviction-set	Print the verdict and the page digests to the log	2026-09-12T00:46:14.8764430Z       "nonblank": true,
nm_conviction-set	Print the verdict and the page digests to the log	2026-09-12T00:46:14.8764541Z       "croppedToThePage": true,
nm_conviction-set	Print the verdict and the page digests to the log	2026-09-12T00:46:14.8764655Z       "renderedInThisRun": true,
nm_conviction-set	Print the verdict and the page digests to the log	2026-09-12T00:46:14.8764792Z       "evidenceOrigin": "FRESH_RENDER_THIS_RUN",
nm_conviction-set	Print the verdict and the page digests to the log	2026-09-12T00:46:14.8764885Z       "originalOrigin": null
nm_conviction-set	Print the verdict and the page digests to the log	2026-09-12T00:46:14.8764964Z     },
nm_conviction-set	Print the verdict and the page digests to the log	2026-09-12T00:46:14.8765042Z     {
nm_conviction-set	Print the verdict and the page digests to the log	2026-09-12T00:46:14.8765128Z       "kind": "boundary",
nm_conviction-set	Print the verdict and the page digests to the log	2026-09-12T00:46:14.8765241Z       "document": "boundary.pdf",
nm_conviction-set	Print the verdict and the page digests to the log	2026-09-12T00:46:14.8765322Z       "page": 18,
nm_conviction-set	Print the verdict and the page digests to the log	2026-09-12T00:46:14.8765472Z       "png": "nm_conviction-set/boundary/page-018.png",
nm_conviction-set	Print the verdict and the page digests to the log	2026-09-12T00:46:14.8765650Z       "bytes": 276042,
nm_conviction-set	Print the verdict and the page digests to the log	2026-09-12T00:46:14.8766003Z       "pngSha256": "03e5127ccb279a068257093f2590f92a83076fb24a7e2cc36188a4c298e4f16a",
nm_conviction-set	Print the verdict and the page digests to the log	2026-09-12T00:46:14.8766098Z       "pngWidth": 2040,
nm_conviction-set	Print the verdict and the page digests to the log	2026-09-12T00:46:14.8766187Z       "pngHeight": 2640,
nm_conviction-set	Print the verdict and the page digests to the log	2026-09-12T00:46:14.8766276Z       "paper": {
nm_conviction-set	Print the verdict and the page digests to the log	2026-09-12T00:46:14.8766357Z         "x0": 204,
nm_conviction-set	Print the verdict and the page digests to the log	2026-09-12T00:46:14.8766438Z         "y0": 3,
nm_conviction-set	Print the verdict and the page digests to the log	2026-09-12T00:46:14.8766518Z         "x1": 2243,
nm_conviction-set	Print the verdict and the page digests to the log	2026-09-12T00:46:14.8766600Z         "y1": 2642,
nm_conviction-set	Print the verdict and the page digests to the log	2026-09-12T00:46:14.8766685Z         "width": 2040,
nm_conviction-set	Print the verdict and the page digests to the log	2026-09-12T00:46:14.8766770Z         "height": 2640
nm_conviction-set	Print the verdict and the page digests to the log	2026-09-12T00:46:14.8766849Z       },
nm_conviction-set	Print the verdict and the page digests to the log	2026-09-12T00:46:14.8766956Z       "pxPerPt": 3.3333333333333335,
nm_conviction-set	Print the verdict and the page digests to the log	2026-09-12T00:46:14.8767078Z       "expectedPxPerPt": 3.333333333333333,
nm_conviction-set	Print the verdict and the page digests to the log	2026-09-12T00:46:14.8767168Z       "pageWidthPt": 612,
nm_conviction-set	Print the verdict and the page digests to the log	2026-09-12T00:46:14.8767258Z       "pageHeightPt": 792,
nm_conviction-set	Print the verdict and the page digests to the log	2026-09-12T00:46:14.8767347Z       "expectedPx": {
nm_conviction-set	Print the verdict and the page digests to the log	2026-09-12T00:46:14.8767454Z         "width": 2039.9999999999998,
nm_conviction-set	Print the verdict and the page digests to the log	2026-09-12T00:46:14.8767571Z         "height": 2639.9999999999995,
nm_conviction-set	Print the verdict and the page digests to the log	2026-09-12T00:46:14.8767689Z         "tolerancePx": 6.666666666666666
nm_conviction-set	Print the verdict and the page digests to the log	2026-09-12T00:46:14.8767765Z       },
nm_conviction-set	Print the verdict and the page digests to the log	2026-09-12T00:46:14.8767879Z       "calibrationResidualPx": 0,
nm_conviction-set	Print the verdict and the page digests to the log	2026-09-12T00:46:14.8768033Z       "inkFractionInsidePaper": 0.031290849673202614,
nm_conviction-set	Print the verdict and the page digests to the log	2026-09-12T00:46:14.8768121Z       "nonblank": true,
nm_conviction-set	Print the verdict and the page digests to the log	2026-09-12T00:46:14.8768235Z       "croppedToThePage": true,
nm_conviction-set	Print the verdict and the page digests to the log	2026-09-12T00:46:14.8768349Z       "renderedInThisRun": true,
nm_conviction-set	Print the verdict and the page digests to the log	2026-09-12T00:46:14.8768479Z       "evidenceOrigin": "FRESH_RENDER_THIS_RUN",
nm_conviction-set	Print the verdict and the page digests to the log	2026-09-12T00:46:14.8768575Z       "originalOrigin": null
nm_conviction-set	Print the verdict and the page digests to the log	2026-09-12T00:46:14.8768654Z     },
nm_conviction-set	Print the verdict and the page digests to the log	2026-09-12T00:46:14.8768728Z     {
nm_conviction-set	Print the verdict and the page digests to the log	2026-09-12T00:46:14.8768819Z       "kind": "boundary",
nm_conviction-set	Print the verdict and the page digests to the log	2026-09-12T00:46:14.8768931Z       "document": "boundary.pdf",
nm_conviction-set	Print the verdict and the page digests to the log	2026-09-12T00:46:14.8769016Z       "page": 19,
nm_conviction-set	Print the verdict and the page digests to the log	2026-09-12T00:46:14.8769166Z       "png": "nm_conviction-set/boundary/page-019.png",
nm_conviction-set	Print the verdict and the page digests to the log	2026-09-12T00:46:14.8769249Z       "bytes": 284058,
nm_conviction-set	Print the verdict and the page digests to the log	2026-09-12T00:46:14.8769550Z       "pngSha256": "9ca06d17338adc2906d6001ce03d6d8b840dbda403dd321d74fe1dc653f426fd",
nm_conviction-set	Print the verdict and the page digests to the log	2026-09-12T00:46:14.8769645Z       "pngWidth": 2040,
nm_conviction-set	Print the verdict and the page digests to the log	2026-09-12T00:46:14.8769739Z       "pngHeight": 2640,
nm_conviction-set	Print the verdict and the page digests to the log	2026-09-12T00:46:14.8769826Z       "paper": {
nm_conviction-set	Print the verdict and the page digests to the log	2026-09-12T00:46:14.8769920Z         "x0": 204,
nm_conviction-set	Print the verdict and the page digests to the log	2026-09-12T00:46:14.8770002Z         "y0": 3,
nm_conviction-set	Print the verdict and the page digests to the log	2026-09-12T00:46:14.8770087Z         "x1": 2243,
nm_conviction-set	Print the verdict and the page digests to the log	2026-09-12T00:46:14.8770169Z         "y1": 2642,
nm_conviction-set	Print the verdict and the page digests to the log	2026-09-12T00:46:14.8770254Z         "width": 2040,
nm_conviction-set	Print the verdict and the page digests to the log	2026-09-12T00:46:14.8770343Z         "height": 2640
nm_conviction-set	Print the verdict and the page digests to the log	2026-09-12T00:46:14.8770421Z       },
nm_conviction-set	Print the verdict and the page digests to the log	2026-09-12T00:46:14.8770533Z       "pxPerPt": 3.3333333333333335,
nm_conviction-set	Print the verdict and the page digests to the log	2026-09-12T00:46:14.8770661Z       "expectedPxPerPt": 3.333333333333333,
nm_conviction-set	Print the verdict and the page digests to the log	2026-09-12T00:46:14.8770753Z       "pageWidthPt": 612,
nm_conviction-set	Print the verdict and the page digests to the log	2026-09-12T00:46:14.8770846Z       "pageHeightPt": 792,
nm_conviction-set	Print the verdict and the page digests to the log	2026-09-12T00:46:14.8770937Z       "expectedPx": {
nm_conviction-set	Print the verdict and the page digests to the log	2026-09-12T00:46:14.8771043Z         "width": 2039.9999999999998,
nm_conviction-set	Print the verdict and the page digests to the log	2026-09-12T00:46:14.8771159Z         "height": 2639.9999999999995,
nm_conviction-set	Print the verdict and the page digests to the log	2026-09-12T00:46:14.8771284Z         "tolerancePx": 6.666666666666666
nm_conviction-set	Print the verdict and the page digests to the log	2026-09-12T00:46:14.8771363Z       },
nm_conviction-set	Print the verdict and the page digests to the log	2026-09-12T00:46:14.8771482Z       "calibrationResidualPx": 0,
nm_conviction-set	Print the verdict and the page digests to the log	2026-09-12T00:46:14.8771631Z       "inkFractionInsidePaper": 0.03273562834224599,
nm_conviction-set	Print the verdict and the page digests to the log	2026-09-12T00:46:14.8771859Z       "nonblank": true,
nm_conviction-set	Print the verdict and the page digests to the log	2026-09-12T00:46:14.8771974Z       "croppedToThePage": true,
nm_conviction-set	Print the verdict and the page digests to the log	2026-09-12T00:46:14.8772085Z       "renderedInThisRun": true,
nm_conviction-set	Print the verdict and the page digests to the log	2026-09-12T00:46:14.8772226Z       "evidenceOrigin": "FRESH_RENDER_THIS_RUN",
nm_conviction-set	Print the verdict and the page digests to the log	2026-09-12T00:46:14.8772322Z       "originalOrigin": null
nm_conviction-set	Print the verdict and the page digests to the log	2026-09-12T00:46:14.8772401Z     },
nm_conviction-set	Print the verdict and the page digests to the log	2026-09-12T00:46:14.8772480Z     {
nm_conviction-set	Print the verdict and the page digests to the log	2026-09-12T00:46:14.8772569Z       "kind": "boundary",
nm_conviction-set	Print the verdict and the page digests to the log	2026-09-12T00:46:14.8772680Z       "document": "boundary.pdf",
nm_conviction-set	Print the verdict and the page digests to the log	2026-09-12T00:46:14.8772768Z       "page": 20,
nm_conviction-set	Print the verdict and the page digests to the log	2026-09-12T00:46:14.8772919Z       "png": "nm_conviction-set/boundary/page-020.png",
nm_conviction-set	Print the verdict and the page digests to the log	2026-09-12T00:46:14.8773007Z       "bytes": 347344,
nm_conviction-set	Print the verdict and the page digests to the log	2026-09-12T00:46:14.8773279Z       "pngSha256": "06b6cb1d9dd5cd72c973d57fba1286f12a6c8cddc4d5edbacc3cbd59630fc589",
nm_conviction-set	Print the verdict and the page digests to the log	2026-09-12T00:46:14.8773485Z       "pngWidth": 2040,
nm_conviction-set	Print the verdict and the page digests to the log	2026-09-12T00:46:14.8773575Z       "pngHeight": 2640,
nm_conviction-set	Print the verdict and the page digests to the log	2026-09-12T00:46:14.8773660Z       "paper": {
nm_conviction-set	Print the verdict and the page digests to the log	2026-09-12T00:46:14.8773741Z         "x0": 204,
nm_conviction-set	Print the verdict and the page digests to the log	2026-09-12T00:46:14.8773823Z         "y0": 3,
nm_conviction-set	Print the verdict and the page digests to the log	2026-09-12T00:46:14.8773910Z         "x1": 2243,
nm_conviction-set	Print the verdict and the page digests to the log	2026-09-12T00:46:14.8773990Z         "y1": 2642,
nm_conviction-set	Print the verdict and the page digests to the log	2026-09-12T00:46:14.8774077Z         "width": 2040,
nm_conviction-set	Print the verdict and the page digests to the log	2026-09-12T00:46:14.8774161Z         "height": 2640
nm_conviction-set	Print the verdict and the page digests to the log	2026-09-12T00:46:14.8774240Z       },
nm_conviction-set	Print the verdict and the page digests to the log	2026-09-12T00:46:14.8774352Z       "pxPerPt": 3.3333333333333335,
nm_conviction-set	Print the verdict and the page digests to the log	2026-09-12T00:46:14.8774471Z       "expectedPxPerPt": 3.333333333333333,
nm_conviction-set	Print the verdict and the page digests to the log	2026-09-12T00:46:14.8774564Z       "pageWidthPt": 612,
nm_conviction-set	Print the verdict and the page digests to the log	2026-09-12T00:46:14.8774658Z       "pageHeightPt": 792,
nm_conviction-set	Print the verdict and the page digests to the log	2026-09-12T00:46:14.8774743Z       "expectedPx": {
nm_conviction-set	Print the verdict and the page digests to the log	2026-09-12T00:46:14.8774851Z         "width": 2039.9999999999998,
nm_conviction-set	Print the verdict and the page digests to the log	2026-09-12T00:46:14.8774962Z         "height": 2639.9999999999995,
nm_conviction-set	Print the verdict and the page digests to the log	2026-09-12T00:46:14.8775074Z         "tolerancePx": 6.666666666666666
nm_conviction-set	Print the verdict and the page digests to the log	2026-09-12T00:46:14.8775157Z       },
nm_conviction-set	Print the verdict and the page digests to the log	2026-09-12T00:46:14.8775271Z       "calibrationResidualPx": 0,
nm_conviction-set	Print the verdict and the page digests to the log	2026-09-12T00:46:14.8775415Z       "inkFractionInsidePaper": 0.04098577688651218,
nm_conviction-set	Print the verdict and the page digests to the log	2026-09-12T00:46:14.8775505Z       "nonblank": true,
nm_conviction-set	Print the verdict and the page digests to the log	2026-09-12T00:46:14.8775614Z       "croppedToThePage": true,
nm_conviction-set	Print the verdict and the page digests to the log	2026-09-12T00:46:14.8775836Z       "renderedInThisRun": true,
nm_conviction-set	Print the verdict and the page digests to the log	2026-09-12T00:46:14.8775974Z       "evidenceOrigin": "FRESH_RENDER_THIS_RUN",
nm_conviction-set	Print the verdict and the page digests to the log	2026-09-12T00:46:14.8776066Z       "originalOrigin": null
nm_conviction-set	Print the verdict and the page digests to the log	2026-09-12T00:46:14.8776146Z     },
nm_conviction-set	Print the verdict and the page digests to the log	2026-09-12T00:46:14.8776227Z     {
nm_conviction-set	Print the verdict and the page digests to the log	2026-09-12T00:46:14.8776316Z       "kind": "boundary",
nm_conviction-set	Print the verdict and the page digests to the log	2026-09-12T00:46:14.8776430Z       "document": "boundary.pdf",
nm_conviction-set	Print the verdict and the page digests to the log	2026-09-12T00:46:14.8776515Z       "page": 21,
nm_conviction-set	Print the verdict and the page digests to the log	2026-09-12T00:46:14.8776663Z       "png": "nm_conviction-set/boundary/page-021.png",
nm_conviction-set	Print the verdict and the page digests to the log	2026-09-12T00:46:14.8776750Z       "bytes": 282122,
nm_conviction-set	Print the verdict and the page digests to the log	2026-09-12T00:46:14.8777006Z       "pngSha256": "54dd75719b3d54371bec7210fb9da0961a2ecf0a5e53737be8ca9076f2fa797d",
nm_conviction-set	Print the verdict and the page digests to the log	2026-09-12T00:46:14.8777097Z       "pngWidth": 2040,
nm_conviction-set	Print the verdict and the page digests to the log	2026-09-12T00:46:14.8777195Z       "pngHeight": 2640,
nm_conviction-set	Print the verdict and the page digests to the log	2026-09-12T00:46:14.8777276Z       "paper": {
nm_conviction-set	Print the verdict and the page digests to the log	2026-09-12T00:46:14.8777360Z         "x0": 204,
nm_conviction-set	Print the verdict and the page digests to the log	2026-09-12T00:46:14.8777441Z         "y0": 3,
nm_conviction-set	Print the verdict and the page digests to the log	2026-09-12T00:46:14.8777522Z         "x1": 2243,
nm_conviction-set	Print the verdict and the page digests to the log	2026-09-12T00:46:14.8777607Z         "y1": 2642,
nm_conviction-set	Print the verdict and the page digests to the log	2026-09-12T00:46:14.8777694Z         "width": 2040,
nm_conviction-set	Print the verdict and the page digests to the log	2026-09-12T00:46:14.8777777Z         "height": 2640
nm_conviction-set	Print the verdict and the page digests to the log	2026-09-12T00:46:14.8777855Z       },
nm_conviction-set	Print the verdict and the page digests to the log	2026-09-12T00:46:14.8777962Z       "pxPerPt": 3.3333333333333335,
nm_conviction-set	Print the verdict and the page digests to the log	2026-09-12T00:46:14.8778083Z       "expectedPxPerPt": 3.333333333333333,
nm_conviction-set	Print the verdict and the page digests to the log	2026-09-12T00:46:14.8778176Z       "pageWidthPt": 612,
nm_conviction-set	Print the verdict and the page digests to the log	2026-09-12T00:46:14.8778266Z       "pageHeightPt": 792,
nm_conviction-set	Print the verdict and the page digests to the log	2026-09-12T00:46:14.8778356Z       "expectedPx": {
nm_conviction-set	Print the verdict and the page digests to the log	2026-09-12T00:46:14.8778463Z         "width": 2039.9999999999998,
nm_conviction-set	Print the verdict and the page digests to the log	2026-09-12T00:46:14.8778571Z         "height": 2639.9999999999995,
nm_conviction-set	Print the verdict and the page digests to the log	2026-09-12T00:46:14.8778687Z         "tolerancePx": 6.666666666666666
nm_conviction-set	Print the verdict and the page digests to the log	2026-09-12T00:46:14.8778766Z       },
nm_conviction-set	Print the verdict and the page digests to the log	2026-09-12T00:46:14.8778879Z       "calibrationResidualPx": 0,
nm_conviction-set	Print the verdict and the page digests to the log	2026-09-12T00:46:14.8779034Z       "inkFractionInsidePaper": 0.035157085561497325,
nm_conviction-set	Print the verdict and the page digests to the log	2026-09-12T00:46:14.8779121Z       "nonblank": true,
nm_conviction-set	Print the verdict and the page digests to the log	2026-09-12T00:46:14.8779234Z       "croppedToThePage": true,
nm_conviction-set	Print the verdict and the page digests to the log	2026-09-12T00:46:14.8779348Z       "renderedInThisRun": true,
nm_conviction-set	Print the verdict and the page digests to the log	2026-09-12T00:46:14.8779622Z       "evidenceOrigin": "FRESH_RENDER_THIS_RUN",
nm_conviction-set	Print the verdict and the page digests to the log	2026-09-12T00:46:14.8779717Z       "originalOrigin": null
nm_conviction-set	Print the verdict and the page digests to the log	2026-09-12T00:46:14.8779795Z     },
nm_conviction-set	Print the verdict and the page digests to the log	2026-09-12T00:46:14.8779871Z     {
nm_conviction-set	Print the verdict and the page digests to the log	2026-09-12T00:46:14.8779959Z       "kind": "boundary",
nm_conviction-set	Print the verdict and the page digests to the log	2026-09-12T00:46:14.8780072Z       "document": "boundary.pdf",
nm_conviction-set	Print the verdict and the page digests to the log	2026-09-12T00:46:14.8780153Z       "page": 22,
nm_conviction-set	Print the verdict and the page digests to the log	2026-09-12T00:46:14.8780303Z       "png": "nm_conviction-set/boundary/page-022.png",
nm_conviction-set	Print the verdict and the page digests to the log	2026-09-12T00:46:14.8780389Z       "bytes": 268855,
nm_conviction-set	Print the verdict and the page digests to the log	2026-09-12T00:46:14.8780644Z       "pngSha256": "07eaa012b327e6a3c781d168d0c8e3641ae70abbaed6e445520019c32d7cb0d0",
nm_conviction-set	Print the verdict and the page digests to the log	2026-09-12T00:46:14.8780734Z       "pngWidth": 2040,
nm_conviction-set	Print the verdict and the page digests to the log	2026-09-12T00:46:14.8780822Z       "pngHeight": 2640,
nm_conviction-set	Print the verdict and the page digests to the log	2026-09-12T00:46:14.8781026Z       "paper": {
nm_conviction-set	Print the verdict and the page digests to the log	2026-09-12T00:46:14.8781110Z         "x0": 204,
nm_conviction-set	Print the verdict and the page digests to the log	2026-09-12T00:46:14.8781190Z         "y0": 3,
nm_conviction-set	Print the verdict and the page digests to the log	2026-09-12T00:46:14.8781274Z         "x1": 2243,
nm_conviction-set	Print the verdict and the page digests to the log	2026-09-12T00:46:14.8781355Z         "y1": 2642,
nm_conviction-set	Print the verdict and the page digests to the log	2026-09-12T00:46:14.8781439Z         "width": 2040,
nm_conviction-set	Print the verdict and the page digests to the log	2026-09-12T00:46:14.8781531Z         "height": 2640
nm_conviction-set	Print the verdict and the page digests to the log	2026-09-12T00:46:14.8781609Z       },
nm_conviction-set	Print the verdict and the page digests to the log	2026-09-12T00:46:14.8781716Z       "pxPerPt": 3.3333333333333335,
nm_conviction-set	Print the verdict and the page digests to the log	2026-09-12T00:46:14.8781837Z       "expectedPxPerPt": 3.333333333333333,
nm_conviction-set	Print the verdict and the page digests to the log	2026-09-12T00:46:14.8781926Z       "pageWidthPt": 612,
nm_conviction-set	Print the verdict and the page digests to the log	2026-09-12T00:46:14.8782020Z       "pageHeightPt": 792,
nm_conviction-set	Print the verdict and the page digests to the log	2026-09-12T00:46:14.8782110Z       "expectedPx": {
nm_conviction-set	Print the verdict and the page digests to the log	2026-09-12T00:46:14.8782215Z         "width": 2039.9999999999998,
nm_conviction-set	Print the verdict and the page digests to the log	2026-09-12T00:46:14.8782324Z         "height": 2639.9999999999995,
nm_conviction-set	Print the verdict and the page digests to the log	2026-09-12T00:46:14.8782440Z         "tolerancePx": 6.666666666666666
nm_conviction-set	Print the verdict and the page digests to the log	2026-09-12T00:46:14.8782516Z       },
nm_conviction-set	Print the verdict and the page digests to the log	2026-09-12T00:46:14.8782631Z       "calibrationResidualPx": 0,
nm_conviction-set	Print the verdict and the page digests to the log	2026-09-12T00:46:14.8782774Z       "inkFractionInsidePaper": 0.03087603980986334,
nm_conviction-set	Print the verdict and the page digests to the log	2026-09-12T00:46:14.8782866Z       "nonblank": true,
nm_conviction-set	Print the verdict and the page digests to the log	2026-09-12T00:46:14.8782980Z       "croppedToThePage": true,
nm_conviction-set	Print the verdict and the page digests to the log	2026-09-12T00:46:14.8783091Z       "renderedInThisRun": true,
nm_conviction-set	Print the verdict and the page digests to the log	2026-09-12T00:46:14.8783225Z       "evidenceOrigin": "FRESH_RENDER_THIS_RUN",
nm_conviction-set	Print the verdict and the page digests to the log	2026-09-12T00:46:14.8783323Z       "originalOrigin": null
nm_conviction-set	Print the verdict and the page digests to the log	2026-09-12T00:46:14.8783400Z     },
nm_conviction-set	Print the verdict and the page digests to the log	2026-09-12T00:46:14.8783478Z     {
nm_conviction-set	Print the verdict and the page digests to the log	2026-09-12T00:46:14.8783566Z       "kind": "boundary",
nm_conviction-set	Print the verdict and the page digests to the log	2026-09-12T00:46:14.8783675Z       "document": "boundary.pdf",
nm_conviction-set	Print the verdict and the page digests to the log	2026-09-12T00:46:14.8783759Z       "page": 23,
nm_conviction-set	Print the verdict and the page digests to the log	2026-09-12T00:46:14.8783908Z       "png": "nm_conviction-set/boundary/page-023.png",
nm_conviction-set	Print the verdict and the page digests to the log	2026-09-12T00:46:14.8783991Z       "bytes": 257317,
nm_conviction-set	Print the verdict and the page digests to the log	2026-09-12T00:46:14.8784250Z       "pngSha256": "8293cdd81b82c6768518df6a80e7c976ff1cde4ae14f96193d00ee48fec17da7",
nm_conviction-set	Print the verdict and the page digests to the log	2026-09-12T00:46:14.8784341Z       "pngWidth": 2040,
nm_conviction-set	Print the verdict and the page digests to the log	2026-09-12T00:46:14.8784428Z       "pngHeight": 2640,
nm_conviction-set	Print the verdict and the page digests to the log	2026-09-12T00:46:14.8784511Z       "paper": {
nm_conviction-set	Print the verdict and the page digests to the log	2026-09-12T00:46:14.8784590Z         "x0": 204,
nm_conviction-set	Print the verdict and the page digests to the log	2026-09-12T00:46:14.8784675Z         "y0": 3,
nm_conviction-set	Print the verdict and the page digests to the log	2026-09-12T00:46:14.8784757Z         "x1": 2243,
nm_conviction-set	Print the verdict and the page digests to the log	2026-09-12T00:46:14.8784839Z         "y1": 2642,
nm_conviction-set	Print the verdict and the page digests to the log	2026-09-12T00:46:14.8784926Z         "width": 2040,
nm_conviction-set	Print the verdict and the page digests to the log	2026-09-12T00:46:14.8785012Z         "height": 2640
nm_conviction-set	Print the verdict and the page digests to the log	2026-09-12T00:46:14.8785091Z       },
nm_conviction-set	Print the verdict and the page digests to the log	2026-09-12T00:46:14.8785203Z       "pxPerPt": 3.3333333333333335,
nm_conviction-set	Print the verdict and the page digests to the log	2026-09-12T00:46:14.8785320Z       "expectedPxPerPt": 3.333333333333333,
nm_conviction-set	Print the verdict and the page digests to the log	2026-09-12T00:46:14.8785413Z       "pageWidthPt": 612,
nm_conviction-set	Print the verdict and the page digests to the log	2026-09-12T00:46:14.8785506Z       "pageHeightPt": 792,
nm_conviction-set	Print the verdict and the page digests to the log	2026-09-12T00:46:14.8785590Z       "expectedPx": {
nm_conviction-set	Print the verdict and the page digests to the log	2026-09-12T00:46:14.8785698Z         "width": 2039.9999999999998,
nm_conviction-set	Print the verdict and the page digests to the log	2026-09-12T00:46:14.8786021Z         "height": 2639.9999999999995,
nm_conviction-set	Print the verdict and the page digests to the log	2026-09-12T00:46:14.8786134Z         "tolerancePx": 6.666666666666666
nm_conviction-set	Print the verdict and the page digests to the log	2026-09-12T00:46:14.8786214Z       },
nm_conviction-set	Print the verdict and the page digests to the log	2026-09-12T00:46:14.8786331Z       "calibrationResidualPx": 0,
nm_conviction-set	Print the verdict and the page digests to the log	2026-09-12T00:46:14.8786476Z       "inkFractionInsidePaper": 0.031810011883541295,
nm_conviction-set	Print the verdict and the page digests to the log	2026-09-12T00:46:14.8786567Z       "nonblank": true,
nm_conviction-set	Print the verdict and the page digests to the log	2026-09-12T00:46:14.8786687Z       "croppedToThePage": true,
nm_conviction-set	Print the verdict and the page digests to the log	2026-09-12T00:46:14.8786796Z       "renderedInThisRun": true,
nm_conviction-set	Print the verdict and the page digests to the log	2026-09-12T00:46:14.8786930Z       "evidenceOrigin": "FRESH_RENDER_THIS_RUN",
nm_conviction-set	Print the verdict and the page digests to the log	2026-09-12T00:46:14.8787021Z       "originalOrigin": null
nm_conviction-set	Print the verdict and the page digests to the log	2026-09-12T00:46:14.8787255Z     },
nm_conviction-set	Print the verdict and the page digests to the log	2026-09-12T00:46:14.8787334Z     {
nm_conviction-set	Print the verdict and the page digests to the log	2026-09-12T00:46:14.8787421Z       "kind": "boundary",
nm_conviction-set	Print the verdict and the page digests to the log	2026-09-12T00:46:14.8787532Z       "document": "boundary.pdf",
nm_conviction-set	Print the verdict and the page digests to the log	2026-09-12T00:46:14.8787616Z       "page": 24,
nm_conviction-set	Print the verdict and the page digests to the log	2026-09-12T00:46:14.8787763Z       "png": "nm_conviction-set/boundary/page-024.png",
nm_conviction-set	Print the verdict and the page digests to the log	2026-09-12T00:46:14.8787850Z       "bytes": 237250,
nm_conviction-set	Print the verdict and the page digests to the log	2026-09-12T00:46:14.8788101Z       "pngSha256": "444b16729a429715f179164a507b7bbd8b7fc1744082fd22f12ebeb5de39b84a",
nm_conviction-set	Print the verdict and the page digests to the log	2026-09-12T00:46:14.8788188Z       "pngWidth": 2040,
nm_conviction-set	Print the verdict and the page digests to the log	2026-09-12T00:46:14.8788278Z       "pngHeight": 2640,
nm_conviction-set	Print the verdict and the page digests to the log	2026-09-12T00:46:14.8788362Z       "paper": {
nm_conviction-set	Print the verdict and the page digests to the log	2026-09-12T00:46:14.8788441Z         "x0": 204,
nm_conviction-set	Print the verdict and the page digests to the log	2026-09-12T00:46:14.8788521Z         "y0": 3,
nm_conviction-set	Print the verdict and the page digests to the log	2026-09-12T00:46:14.8788720Z         "x1": 2243,
nm_conviction-set	Print the verdict and the page digests to the log	2026-09-12T00:46:14.8788802Z         "y1": 2642,
nm_conviction-set	Print the verdict and the page digests to the log	2026-09-12T00:46:14.8788888Z         "width": 2040,
nm_conviction-set	Print the verdict and the page digests to the log	2026-09-12T00:46:14.8788971Z         "height": 2640
nm_conviction-set	Print the verdict and the page digests to the log	2026-09-12T00:46:14.8789051Z       },
nm_conviction-set	Print the verdict and the page digests to the log	2026-09-12T00:46:14.8789162Z       "pxPerPt": 3.3333333333333335,
nm_conviction-set	Print the verdict and the page digests to the log	2026-09-12T00:46:14.8789285Z       "expectedPxPerPt": 3.333333333333333,
nm_conviction-set	Print the verdict and the page digests to the log	2026-09-12T00:46:14.8789378Z       "pageWidthPt": 612,
nm_conviction-set	Print the verdict and the page digests to the log	2026-09-12T00:46:14.8789468Z       "pageHeightPt": 792,
nm_conviction-set	Print the verdict and the page digests to the log	2026-09-12T00:46:14.8789564Z       "expectedPx": {
nm_conviction-set	Print the verdict and the page digests to the log	2026-09-12T00:46:14.8789672Z         "width": 2039.9999999999998,
nm_conviction-set	Print the verdict and the page digests to the log	2026-09-12T00:46:14.8789779Z         "height": 2639.9999999999995,
nm_conviction-set	Print the verdict and the page digests to the log	2026-09-12T00:46:14.8789897Z         "tolerancePx": 6.666666666666666
nm_conviction-set	Print the verdict and the page digests to the log	2026-09-12T00:46:14.8789977Z       },
nm_conviction-set	Print the verdict and the page digests to the log	2026-09-12T00:46:14.8790091Z       "calibrationResidualPx": 0,
nm_conviction-set	Print the verdict and the page digests to the log	2026-09-12T00:46:14.8790239Z       "inkFractionInsidePaper": 0.023424873737373737,
nm_conviction-set	Print the verdict and the page digests to the log	2026-09-12T00:46:14.8790329Z       "nonblank": true,
nm_conviction-set	Print the verdict and the page digests to the log	2026-09-12T00:46:14.8790439Z       "croppedToThePage": true,
nm_conviction-set	Print the verdict and the page digests to the log	2026-09-12T00:46:14.8790557Z       "renderedInThisRun": true,
nm_conviction-set	Print the verdict and the page digests to the log	2026-09-12T00:46:14.8790692Z       "evidenceOrigin": "FRESH_RENDER_THIS_RUN",
nm_conviction-set	Print the verdict and the page digests to the log	2026-09-12T00:46:14.8790785Z       "originalOrigin": null
nm_conviction-set	Print the verdict and the page digests to the log	2026-09-12T00:46:14.8790865Z     }
nm_conviction-set	Print the verdict and the page digests to the log	2026-09-12T00:46:14.8790948Z   ],
nm_conviction-set	Print the verdict and the page digests to the log	2026-09-12T00:46:14.8791037Z   "problems": [],
nm_conviction-set	Print the verdict and the page digests to the log	2026-09-12T00:46:14.8791140Z   "environmentProblems": [],
nm_conviction-set	Print the verdict and the page digests to the log	2026-09-12T00:46:14.8791645Z   "whatThisDoesNotDecide": "This is one gate. RASTER_PASS does not make a family PASS_COMPLETE, promotes nothing, and opens no commercial route.",
nm_conviction-set	Print the verdict and the page digests to the log	2026-09-12T00:46:14.8791749Z   "packetPdfsModified": 0,
nm_conviction-set	Print the verdict and the page digests to the log	2026-09-12T00:46:14.8791845Z   "bodiesCommitted": 0,
nm_conviction-set	Print the verdict and the page digests to the log	2026-09-12T00:46:14.8791963Z   "commercialRoutesOpened": 0,
nm_conviction-set	Print the verdict and the page digests to the log	2026-09-12T00:46:14.8792062Z   "productionTouched": false
nm_conviction-set	Print the verdict and the page digests to the log	2026-09-12T00:46:14.8792149Z }
nm_conviction-set	Print the verdict and the page digests to the log	2026-09-12T00:46:14.8792404Z ===== END VERDICT nm_conviction-set.verdict.json =====
nm_conviction-set	Print the verdict and the page digests to the log	2026-09-12T00:46:14.8792541Z ===== BEGIN PAGE DIGESTS =====
nm_conviction-set	Print the verdict and the page digests to the log	2026-09-12T00:46:14.8793049Z a946c429fdf261e091df52e80eb29232d45a85e9aeadce089729a5a1047c5392  raster-out/nm_conviction-set/boundary/page-001.png
nm_conviction-set	Print the verdict and the page digests to the log	2026-09-12T00:46:14.8793522Z 58ab377184b74b23726a85ce9dafcf02bd8a9e62823c666491363ea61d8743f6  raster-out/nm_conviction-set/boundary/page-002.png
nm_conviction-set	Print the verdict and the page digests to the log	2026-09-12T00:46:14.8793990Z 556a3a1ab749455f8ac79e9e338f092be757ab5b51d3ae9d893d80dbf9ab361b  raster-out/nm_conviction-set/boundary/page-003.png
nm_conviction-set	Print the verdict and the page digests to the log	2026-09-12T00:46:14.8794460Z cb6b5d54d798aa8a0594b9afb6dda8dfc79aa865bf41216178039322c7a20895  raster-out/nm_conviction-set/boundary/page-004.png
nm_conviction-set	Print the verdict and the page digests to the log	2026-09-12T00:46:14.8794918Z 7e278d5b88aeb3dd893abe550d61504da51360c670b0ff6eaef596c3336ada4b  raster-out/nm_conviction-set/boundary/page-005.png
nm_conviction-set	Print the verdict and the page digests to the log	2026-09-12T00:46:14.8795366Z 998193a7948f5b87e5e427a925454bda083369bc873754c941b28002759422c0  raster-out/nm_conviction-set/boundary/page-006.png
nm_conviction-set	Print the verdict and the page digests to the log	2026-09-12T00:46:14.8795937Z cb38a8faf31ff9105298e7de11c07218eed6c25bc1889ca745cd5757bc633ec1  raster-out/nm_conviction-set/boundary/page-007.png
nm_conviction-set	Print the verdict and the page digests to the log	2026-09-12T00:46:14.8796383Z a50391177376c425eaff0f661575751d222afc182b67c738d9200387547ea34e  raster-out/nm_conviction-set/boundary/page-008.png
nm_conviction-set	Print the verdict and the page digests to the log	2026-09-12T00:46:14.8796850Z f85b6d34d31a6f43a274f8e002a929cb1f90c72778f3e75ef30faafee07d9140  raster-out/nm_conviction-set/boundary/page-009.png
nm_conviction-set	Print the verdict and the page digests to the log	2026-09-12T00:46:14.8797308Z 2c118b2f5c620a9130beb95a9b8b372b9e803d23cce649fa8b239fb562501d29  raster-out/nm_conviction-set/boundary/page-010.png
nm_conviction-set	Print the verdict and the page digests to the log	2026-09-12T00:46:14.8797923Z 63a3b1fffa2cdeaca5c6bf8918551755885ca8880048a0e5b97ab91e1730515c  raster-out/nm_conviction-set/boundary/page-011.png
nm_conviction-set	Print the verdict and the page digests to the log	2026-09-12T00:46:14.8798384Z 26a1666a317473fb01f7f665891d2f3a4d548655a5875d0d775e16889d2da8ad  raster-out/nm_conviction-set/boundary/page-012.png
nm_conviction-set	Print the verdict and the page digests to the log	2026-09-12T00:46:14.8798846Z 2011da2f87ceaa627140c6f993a6e5de79a0028caa38038cbf9c59bc4d0ce70f  raster-out/nm_conviction-set/boundary/page-013.png
nm_conviction-set	Print the verdict and the page digests to the log	2026-09-12T00:46:14.8799298Z 8a4f4a75e0c7e67b8c80f9112f4d8014e21b2c230964c6ae43c2d7326eb116b6  raster-out/nm_conviction-set/boundary/page-014.png
nm_conviction-set	Print the verdict and the page digests to the log	2026-09-12T00:46:14.8799756Z f8c98ad639e17e8eb572575b08d2aff29fa362589a91bc7c7df19894723111d1  raster-out/nm_conviction-set/boundary/page-015.png
nm_conviction-set	Print the verdict and the page digests to the log	2026-09-12T00:46:14.8800356Z e9a40f43aea06c4772e49cdf3627e23e7efce605cd6c76e5d947cce484a7a433  raster-out/nm_conviction-set/boundary/page-016.png
nm_conviction-set	Print the verdict and the page digests to the log	2026-09-12T00:46:14.8800815Z 167ff1010f925fa189d267d7b893e751fbf3f8329b9041c11f32ede6d9c15570  raster-out/nm_conviction-set/boundary/page-017.png
nm_conviction-set	Print the verdict and the page digests to the log	2026-09-12T00:46:14.8801292Z 03e5127ccb279a068257093f2590f92a83076fb24a7e2cc36188a4c298e4f16a  raster-out/nm_conviction-set/boundary/page-018.png
nm_conviction-set	Print the verdict and the page digests to the log	2026-09-12T00:46:14.8801759Z 9ca06d17338adc2906d6001ce03d6d8b840dbda403dd321d74fe1dc653f426fd  raster-out/nm_conviction-set/boundary/page-019.png
nm_conviction-set	Print the verdict and the page digests to the log	2026-09-12T00:46:14.8802223Z 06b6cb1d9dd5cd72c973d57fba1286f12a6c8cddc4d5edbacc3cbd59630fc589  raster-out/nm_conviction-set/boundary/page-020.png
nm_conviction-set	Print the verdict and the page digests to the log	2026-09-12T00:46:14.8802681Z 54dd75719b3d54371bec7210fb9da0961a2ecf0a5e53737be8ca9076f2fa797d  raster-out/nm_conviction-set/boundary/page-021.png
nm_conviction-set	Print the verdict and the page digests to the log	2026-09-12T00:46:14.8803140Z 07eaa012b327e6a3c781d168d0c8e3641ae70abbaed6e445520019c32d7cb0d0  raster-out/nm_conviction-set/boundary/page-022.png
nm_conviction-set	Print the verdict and the page digests to the log	2026-09-12T00:46:14.8803596Z 8293cdd81b82c6768518df6a80e7c976ff1cde4ae14f96193d00ee48fec17da7  raster-out/nm_conviction-set/boundary/page-023.png
nm_conviction-set	Print the verdict and the page digests to the log	2026-09-12T00:46:14.8804049Z 444b16729a429715f179164a507b7bbd8b7fc1744082fd22f12ebeb5de39b84a  raster-out/nm_conviction-set/boundary/page-024.png
nm_conviction-set	Print the verdict and the page digests to the log	2026-09-12T00:46:14.8804562Z d7ea77f366624837a77eaa043cb030886deb8535f7706e57ecc368fe9214f235  raster-out/nm_conviction-set/boundary/page-calibration.png
nm_conviction-set	Print the verdict and the page digests to the log	2026-09-12T00:46:14.8805026Z b89169f2617d9c5a07e1b5a875804eccce6c4985451d10d2282c364dff0fa401  raster-out/nm_conviction-set/canonical/page-001.png
nm_conviction-set	Print the verdict and the page digests to the log	2026-09-12T00:46:14.8805502Z dc4e4ac2c9a9b19e86d43cbb84ea1203aec7aab202d39f2fad20e73177169cea  raster-out/nm_conviction-set/canonical/page-002.png
nm_conviction-set	Print the verdict and the page digests to the log	2026-09-12T00:46:14.8806077Z cb5031b5b752695d18801dc2e754024d14b9ece6af58529d3bd9f503f1be18c3  raster-out/nm_conviction-set/canonical/page-003.png
nm_conviction-set	Print the verdict and the page digests to the log	2026-09-12T00:46:14.8806549Z edce0c02631cf66cc06c694b0e7cf4e3155c3e126a887252c05b4b68bcb3ccbc  raster-out/nm_conviction-set/canonical/page-004.png
nm_conviction-set	Print the verdict and the page digests to the log	2026-09-12T00:46:14.8807018Z 7e278d5b88aeb3dd893abe550d61504da51360c670b0ff6eaef596c3336ada4b  raster-out/nm_conviction-set/canonical/page-005.png
nm_conviction-set	Print the verdict and the page digests to the log	2026-09-12T00:46:14.8807483Z b8cf2f8d73f98c94d7c38683b77ba1c46cc4f1b34f126c8c71de0b90ed251a9c  raster-out/nm_conviction-set/canonical/page-006.png
nm_conviction-set	Print the verdict and the page digests to the log	2026-09-12T00:46:14.8807951Z cb38a8faf31ff9105298e7de11c07218eed6c25bc1889ca745cd5757bc633ec1  raster-out/nm_conviction-set/canonical/page-007.png
nm_conviction-set	Print the verdict and the page digests to the log	2026-09-12T00:46:14.8808415Z 31d13c800bacc7b7aeba343ac820b3851af33bd438bb1bb4cf0684917f926efc  raster-out/nm_conviction-set/canonical/page-008.png
nm_conviction-set	Print the verdict and the page digests to the log	2026-09-12T00:46:14.8808876Z 38d129d60b63036955357ad2c9aec07b6cc0ea0adf9a3ec7a812b4672b8290d7  raster-out/nm_conviction-set/canonical/page-009.png
nm_conviction-set	Print the verdict and the page digests to the log	2026-09-12T00:46:14.8809335Z 2c118b2f5c620a9130beb95a9b8b372b9e803d23cce649fa8b239fb562501d29  raster-out/nm_conviction-set/canonical/page-010.png
nm_conviction-set	Print the verdict and the page digests to the log	2026-09-12T00:46:14.8809792Z 22036dfa98a05edf85d6b57f20cc6b91b0249bc4fc101f770514ca4502ba0f5e  raster-out/nm_conviction-set/canonical/page-011.png
nm_conviction-set	Print the verdict and the page digests to the log	2026-09-12T00:46:14.8810255Z ea457f4e4cdb9bb66785f1949d57174557d50e5ddafe370ba6e3a2f6b6407615  raster-out/nm_conviction-set/canonical/page-012.png
nm_conviction-set	Print the verdict and the page digests to the log	2026-09-12T00:46:14.8810714Z 276d789a4460173b454497dee7bd7fea229af7f74f1b00caf964f8a249bc5afe  raster-out/nm_conviction-set/canonical/page-013.png
nm_conviction-set	Print the verdict and the page digests to the log	2026-09-12T00:46:14.8811310Z 8a4f4a75e0c7e67b8c80f9112f4d8014e21b2c230964c6ae43c2d7326eb116b6  raster-out/nm_conviction-set/canonical/page-014.png
nm_conviction-set	Print the verdict and the page digests to the log	2026-09-12T00:46:14.8811778Z f8c98ad639e17e8eb572575b08d2aff29fa362589a91bc7c7df19894723111d1  raster-out/nm_conviction-set/canonical/page-015.png
nm_conviction-set	Print the verdict and the page digests to the log	2026-09-12T00:46:14.8812243Z 5237cad7ee5aafae925f05f6310d04cd16c82f9c932aaeee5f0420ecfe90826a  raster-out/nm_conviction-set/canonical/page-016.png
nm_conviction-set	Print the verdict and the page digests to the log	2026-09-12T00:46:14.8812696Z 167ff1010f925fa189d267d7b893e751fbf3f8329b9041c11f32ede6d9c15570  raster-out/nm_conviction-set/canonical/page-017.png
nm_conviction-set	Print the verdict and the page digests to the log	2026-09-12T00:46:14.8813148Z 03e5127ccb279a068257093f2590f92a83076fb24a7e2cc36188a4c298e4f16a  raster-out/nm_conviction-set/canonical/page-018.png
nm_conviction-set	Print the verdict and the page digests to the log	2026-09-12T00:46:14.8813737Z 9ca06d17338adc2906d6001ce03d6d8b840dbda403dd321d74fe1dc653f426fd  raster-out/nm_conviction-set/canonical/page-019.png
nm_conviction-set	Print the verdict and the page digests to the log	2026-09-12T00:46:14.8814192Z c1437e035f7814e6a41bf2574a806e3d969a3c2936153df00a53cd3b1c893f0e  raster-out/nm_conviction-set/canonical/page-020.png
nm_conviction-set	Print the verdict and the page digests to the log	2026-09-12T00:46:14.8814652Z 54dd75719b3d54371bec7210fb9da0961a2ecf0a5e53737be8ca9076f2fa797d  raster-out/nm_conviction-set/canonical/page-021.png
nm_conviction-set	Print the verdict and the page digests to the log	2026-09-12T00:46:14.8815118Z 25cadfdd7ee8b25c1d5139d15ec448d3f891759b0d03cfcdae28987ec1245b2c  raster-out/nm_conviction-set/canonical/page-022.png
nm_conviction-set	Print the verdict and the page digests to the log	2026-09-12T00:46:14.8815570Z cc73f098164dd010aaa642305ba52147a603f08d461d5c31052db6f3afb11afe  raster-out/nm_conviction-set/canonical/page-023.png
nm_conviction-set	Print the verdict and the page digests to the log	2026-09-12T00:46:14.8816252Z 444b16729a429715f179164a507b7bbd8b7fc1744082fd22f12ebeb5de39b84a  raster-out/nm_conviction-set/canonical/page-024.png
nm_conviction-set	Print the verdict and the page digests to the log	2026-09-12T00:46:14.8816380Z ===== END PAGE DIGESTS =====
nm_conviction-set	Refuse a modified packet byte	﻿2026-09-12T00:46:14.8842574Z ##[group]Run set -euo pipefail
nm_conviction-set	Refuse a modified packet byte	2026-09-12T00:46:14.8842732Z ^[[36;1mset -euo pipefail^[[0m
nm_conviction-set	Refuse a modified packet byte	2026-09-12T00:46:14.8842942Z ^[[36;1m# The render writes only under raster-out/. If a tracked file moved,^[[0m
nm_conviction-set	Refuse a modified packet byte	2026-09-12T00:46:14.8843062Z ^[[36;1m# something wrote where it must not.^[[0m
nm_conviction-set	Refuse a modified packet byte	2026-09-12T00:46:14.8843218Z ^[[36;1mgit diff --quiet && git diff --cached --quiet \^[[0m
nm_conviction-set	Refuse a modified packet byte	2026-09-12T00:46:14.8843482Z ^[[36;1m  || { echo "REFUSED: the render modified tracked files"; git status --porcelain; exit 1; }^[[0m
nm_conviction-set	Refuse a modified packet byte	2026-09-12T00:46:14.8881991Z shell: /usr/bin/bash -e {0}
nm_conviction-set	Refuse a modified packet byte	2026-09-12T00:46:14.8882080Z env:
nm_conviction-set	Refuse a modified packet byte	2026-09-12T00:46:14.8882250Z   pythonLocation: /opt/hostedtoolcache/Python/3.12.14/x64
nm_conviction-set	Refuse a modified packet byte	2026-09-12T00:46:14.8882447Z   PKG_CONFIG_PATH: /opt/hostedtoolcache/Python/3.12.14/x64/lib/pkgconfig
nm_conviction-set	Refuse a modified packet byte	2026-09-12T00:46:14.8882592Z   Python_ROOT_DIR: /opt/hostedtoolcache/Python/3.12.14/x64
nm_conviction-set	Refuse a modified packet byte	2026-09-12T00:46:14.8882744Z   Python2_ROOT_DIR: /opt/hostedtoolcache/Python/3.12.14/x64
nm_conviction-set	Refuse a modified packet byte	2026-09-12T00:46:14.8882881Z   Python3_ROOT_DIR: /opt/hostedtoolcache/Python/3.12.14/x64
nm_conviction-set	Refuse a modified packet byte	2026-09-12T00:46:14.8883077Z   LD_LIBRARY_PATH: /opt/hostedtoolcache/Python/3.12.14/x64/lib
nm_conviction-set	Refuse a modified packet byte	2026-09-12T00:46:14.8883244Z   PLAYWRIGHT_BROWSERS_PATH: /home/runner/.cache/ms-playwright
nm_conviction-set	Refuse a modified packet byte	2026-09-12T00:46:14.8883338Z ##[endgroup]
nm_conviction-set	Artifact-safe label for this family	﻿2026-09-12T00:46:15.5103839Z ##[group]Run printf 'FAMILY_SLUG=%s\n' "$(printf '%s' "$FAMILY" | tr -c 'A-Za-z0-9._-' '_')" >> "$GITHUB_ENV"
nm_conviction-set	Artifact-safe label for this family	2026-09-12T00:46:15.5104986Z ^[[36;1mprintf 'FAMILY_SLUG=%s\n' "$(printf '%s' "$FAMILY" | tr -c 'A-Za-z0-9._-' '_')" >> "$GITHUB_ENV"^[[0m
nm_conviction-set	Artifact-safe label for this family	2026-09-12T00:46:15.5151803Z shell: /usr/bin/bash -e {0}
nm_conviction-set	Artifact-safe label for this family	2026-09-12T00:46:15.5152090Z env:
nm_conviction-set	Artifact-safe label for this family	2026-09-12T00:46:15.5152368Z   pythonLocation: /opt/hostedtoolcache/Python/3.12.14/x64
nm_conviction-set	Artifact-safe label for this family	2026-09-12T00:46:15.5152813Z   PKG_CONFIG_PATH: /opt/hostedtoolcache/Python/3.12.14/x64/lib/pkgconfig
nm_conviction-set	Artifact-safe label for this family	2026-09-12T00:46:15.5153236Z   Python_ROOT_DIR: /opt/hostedtoolcache/Python/3.12.14/x64
nm_conviction-set	Artifact-safe label for this family	2026-09-12T00:46:15.5153619Z   Python2_ROOT_DIR: /opt/hostedtoolcache/Python/3.12.14/x64
nm_conviction-set	Artifact-safe label for this family	2026-09-12T00:46:15.5153993Z   Python3_ROOT_DIR: /opt/hostedtoolcache/Python/3.12.14/x64
nm_conviction-set	Artifact-safe label for this family	2026-09-12T00:46:15.5154359Z   LD_LIBRARY_PATH: /opt/hostedtoolcache/Python/3.12.14/x64/lib
nm_conviction-set	Artifact-safe label for this family	2026-09-12T00:46:15.5154750Z   PLAYWRIGHT_BROWSERS_PATH: /home/runner/.cache/ms-playwright
nm_conviction-set	Artifact-safe label for this family	2026-09-12T00:46:15.5155294Z   FAMILY: nm_conviction-set
nm_conviction-set	Artifact-safe label for this family	2026-09-12T00:46:15.5155600Z ##[endgroup]
nm_conviction-set	Run actions/upload-artifact@v4	﻿2026-09-12T00:46:15.5288347Z Node 20 is being deprecated. This workflow is running with Node 24 by default. If you need to temporarily use Node 20, you can set the ACTIONS_ALLOW_USE_UNSECURE_NODE_VERSION=true environment variable. For more information see: https://github.blog/changelog/2025-09-19-deprecation-of-node-20-on-github-actions-runners/
nm_conviction-set	Run actions/upload-artifact@v4	2026-09-12T00:46:15.5289557Z ##[group]Run actions/upload-artifact@v4
nm_conviction-set	Run actions/upload-artifact@v4	2026-09-12T00:46:15.5289830Z with:
nm_conviction-set	Run actions/upload-artifact@v4	2026-09-12T00:46:15.5290072Z   name: rcap-raster-nm_conviction-set-34662168673
nm_conviction-set	Run actions/upload-artifact@v4	2026-09-12T00:46:15.5290646Z   path: raster-out/
nm_conviction-set	Run actions/upload-artifact@v4	2026-09-12T00:46:15.5305351Z   if-no-files-found: error
nm_conviction-set	Run actions/upload-artifact@v4	2026-09-12T00:46:15.5305902Z   retention-days: 14
nm_conviction-set	Run actions/upload-artifact@v4	2026-09-12T00:46:15.5306276Z   compression-level: 6
nm_conviction-set	Run actions/upload-artifact@v4	2026-09-12T00:46:15.5306589Z   overwrite: false
nm_conviction-set	Run actions/upload-artifact@v4	2026-09-12T00:46:15.5306800Z   include-hidden-files: false
nm_conviction-set	Run actions/upload-artifact@v4	2026-09-12T00:46:15.5307031Z env:
nm_conviction-set	Run actions/upload-artifact@v4	2026-09-12T00:46:15.5307277Z   pythonLocation: /opt/hostedtoolcache/Python/3.12.14/x64
nm_conviction-set	Run actions/upload-artifact@v4	2026-09-12T00:46:15.5307712Z   PKG_CONFIG_PATH: /opt/hostedtoolcache/Python/3.12.14/x64/lib/pkgconfig
nm_conviction-set	Run actions/upload-artifact@v4	2026-09-12T00:46:15.5308168Z   Python_ROOT_DIR: /opt/hostedtoolcache/Python/3.12.14/x64
nm_conviction-set	Run actions/upload-artifact@v4	2026-09-12T00:46:15.5308532Z   Python2_ROOT_DIR: /opt/hostedtoolcache/Python/3.12.14/x64
nm_conviction-set	Run actions/upload-artifact@v4	2026-09-12T00:46:15.5308892Z   Python3_ROOT_DIR: /opt/hostedtoolcache/Python/3.12.14/x64
nm_conviction-set	Run actions/upload-artifact@v4	2026-09-12T00:46:15.5309249Z   LD_LIBRARY_PATH: /opt/hostedtoolcache/Python/3.12.14/x64/lib
nm_conviction-set	Run actions/upload-artifact@v4	2026-09-12T00:46:15.5309634Z   PLAYWRIGHT_BROWSERS_PATH: /home/runner/.cache/ms-playwright
nm_conviction-set	Run actions/upload-artifact@v4	2026-09-12T00:46:15.5309968Z   FAMILY_SLUG: nm_conviction-set
nm_conviction-set	Run actions/upload-artifact@v4	2026-09-12T00:46:15.5310211Z ##[endgroup]
nm_conviction-set	Run actions/upload-artifact@v4	2026-09-12T00:46:15.6969919Z (node:6953) [DEP0040] DeprecationWarning: The `punycode` module is deprecated. Please use a userland alternative instead.
nm_conviction-set	Run actions/upload-artifact@v4	2026-09-12T00:46:15.6971296Z (Use `node --trace-deprecation ...` to show where the warning was created)
nm_conviction-set	Run actions/upload-artifact@v4	2026-09-12T00:46:15.7119716Z With the provided path, there will be 53 files uploaded
nm_conviction-set	Run actions/upload-artifact@v4	2026-09-12T00:46:15.7125263Z Artifact name is valid!
nm_conviction-set	Run actions/upload-artifact@v4	2026-09-12T00:46:15.7126074Z Root directory input is valid!
nm_conviction-set	Run actions/upload-artifact@v4	2026-09-12T00:46:15.9109120Z Beginning upload of artifact content to blob storage
nm_conviction-set	Run actions/upload-artifact@v4	2026-09-12T00:46:16.2501047Z (node:6953) [DEP0169] DeprecationWarning: `url.parse()` behavior is not standardized and prone to errors that have security implications. Use the WHATWG URL API instead. CVEs are not issued for `url.parse()` vulnerabilities.
nm_conviction-set	Run actions/upload-artifact@v4	2026-09-12T00:46:16.4738645Z Uploaded bytes 8388608
nm_conviction-set	Run actions/upload-artifact@v4	2026-09-12T00:46:16.5985888Z Uploaded bytes 13994139
nm_conviction-set	Run actions/upload-artifact@v4	2026-09-12T00:46:16.6181406Z Finished uploading artifact content to blob storage!
nm_conviction-set	Run actions/upload-artifact@v4	2026-09-12T00:46:16.6182965Z SHA256 digest of uploaded artifact zip is fa9d47e3d66a5cdf1eb562dc7389ac322f23f70acb9e46dc5ce0d3cf083c6e02
nm_conviction-set	Run actions/upload-artifact@v4	2026-09-12T00:46:16.6184514Z Finalizing artifact upload
nm_conviction-set	Run actions/upload-artifact@v4	2026-09-12T00:46:16.8014794Z Artifact rcap-raster-nm_conviction-set-34662168673.zip successfully finalized. Artifact ID 10287966386
nm_conviction-set	Run actions/upload-artifact@v4	2026-09-12T00:46:16.8017167Z Artifact rcap-raster-nm_conviction-set-34662168673 has been successfully uploaded! Final size is 13994139 bytes. Artifact ID is 10287966386
nm_conviction-set	Run actions/upload-artifact@v4	2026-09-12T00:46:16.8023276Z Artifact download URL: https://github.com/Roger-LegalEase/legalease-partner-dashboard-clean/actions/runs/34662168673/artifacts/10287966386
nm_conviction-set	Post Run actions/setup-python@v5	﻿2026-09-12T00:46:16.8241968Z Node 20 is being deprecated. This workflow is running with Node 24 by default. If you need to temporarily use Node 20, you can set the ACTIONS_ALLOW_USE_UNSECURE_NODE_VERSION=true environment variable. For more information see: https://github.blog/changelog/2025-09-19-deprecation-of-node-20-on-github-actions-runners/
nm_conviction-set	Post Run actions/setup-python@v5	2026-09-12T00:46:16.8243143Z Post job cleanup.
nm_conviction-set	Post Run actions/setup-python@v5	2026-09-12T00:46:16.9515606Z (node:6966) [DEP0040] DeprecationWarning: The `punycode` module is deprecated. Please use a userland alternative instead.
nm_conviction-set	Post Run actions/setup-python@v5	2026-09-12T00:46:16.9517199Z (Use `node --trace-deprecation ...` to show where the warning was created)
nm_conviction-set	Post Run actions/setup-node@v4	﻿2026-09-12T00:46:16.9655861Z Node 20 is being deprecated. This workflow is running with Node 24 by default. If you need to temporarily use Node 20, you can set the ACTIONS_ALLOW_USE_UNSECURE_NODE_VERSION=true environment variable. For more information see: https://github.blog/changelog/2025-09-19-deprecation-of-node-20-on-github-actions-runners/
nm_conviction-set	Post Run actions/setup-node@v4	2026-09-12T00:46:16.9658145Z Post job cleanup.
nm_conviction-set	Post Run actions/setup-node@v4	2026-09-12T00:46:17.1413172Z (node:6974) [DEP0040] DeprecationWarning: The `punycode` module is deprecated. Please use a userland alternative instead.
nm_conviction-set	Post Run actions/setup-node@v4	2026-09-12T00:46:17.1414619Z (Use `node --trace-deprecation ...` to show where the warning was created)
nm_conviction-set	Post Run actions/checkout@v4	﻿2026-09-12T00:46:17.1641303Z Node 20 is being deprecated. This workflow is running with Node 24 by default. If you need to temporarily use Node 20, you can set the ACTIONS_ALLOW_USE_UNSECURE_NODE_VERSION=true environment variable. For more information see: https://github.blog/changelog/2025-09-19-deprecation-of-node-20-on-github-actions-runners/
nm_conviction-set	Post Run actions/checkout@v4	2026-09-12T00:46:17.1643337Z Post job cleanup.
nm_conviction-set	Post Run actions/checkout@v4	2026-09-12T00:46:17.2646720Z [command]/usr/bin/git version
nm_conviction-set	Post Run actions/checkout@v4	2026-09-12T00:46:17.2703807Z git version 2.55.0
nm_conviction-set	Post Run actions/checkout@v4	2026-09-12T00:46:17.2743134Z Temporarily overriding HOME='/home/runner/work/_temp/8f287bb2-316a-471f-abea-b9f72f792fe7' before making global git config changes
nm_conviction-set	Post Run actions/checkout@v4	2026-09-12T00:46:17.2744906Z Adding repository directory to the temporary git global config as a safe directory
nm_conviction-set	Post Run actions/checkout@v4	2026-09-12T00:46:17.2752520Z [command]/usr/bin/git config --global --add safe.directory /home/runner/work/legalease-partner-dashboard-clean/legalease-partner-dashboard-clean
nm_conviction-set	Post Run actions/checkout@v4	2026-09-12T00:46:17.2799896Z [command]/usr/bin/git config --local --name-only --get-regexp core\.sshCommand
nm_conviction-set	Post Run actions/checkout@v4	2026-09-12T00:46:17.2841337Z [command]/usr/bin/git submodule foreach --recursive sh -c "git config --local --name-only --get-regexp 'core\.sshCommand' && git config --local --unset-all 'core.sshCommand' || :"
nm_conviction-set	Post Run actions/checkout@v4	2026-09-12T00:46:17.3217564Z [command]/usr/bin/git config --local --name-only --get-regexp http\.https\:\/\/github\.com\/\.extraheader
nm_conviction-set	Post Run actions/checkout@v4	2026-09-12T00:46:17.3240018Z http.https://github.com/.extraheader
nm_conviction-set	Post Run actions/checkout@v4	2026-09-12T00:46:17.3256698Z [command]/usr/bin/git config --local --unset-all http.https://github.com/.extraheader
nm_conviction-set	Post Run actions/checkout@v4	2026-09-12T00:46:17.3311852Z [command]/usr/bin/git submodule foreach --recursive sh -c "git config --local --name-only --get-regexp 'http\.https\:\/\/github\.com\/\.extraheader' && git config --local --unset-all 'http.https://github.com/.extraheader' || :"
nm_conviction-set	Post Run actions/checkout@v4	2026-09-12T00:46:17.3637572Z [command]/usr/bin/git config --local --name-only --get-regexp ^includeIf\.gitdir:
nm_conviction-set	Post Run actions/checkout@v4	2026-09-12T00:46:17.3681910Z [command]/usr/bin/git submodule foreach --recursive git config --local --show-origin --name-only --get-regexp remote.origin.url
nm_conviction-set	Complete job	﻿2026-09-12T00:46:17.4175455Z Cleaning up orphan processes
nm_conviction-set	Complete job	2026-09-12T00:46:17.4551019Z ##[warning]Node.js 20 is deprecated. The following actions target Node.js 20 but are being forced to run on Node.js 24: actions/checkout@v4, actions/setup-node@v4, actions/setup-python@v5, actions/upload-artifact@v4. For more information see: https://github.blog/changelog/2025-09-19-deprecation-of-node-20-on-github-actions-runners/
