ut_pet_cannabis-set	Set up job	﻿2026-09-13T07:10:54.9571672Z Current runner version: '2.337.0'
ut_pet_cannabis-set	Set up job	2026-09-13T07:10:54.9595107Z ##[group]Runner Image Provisioner
ut_pet_cannabis-set	Set up job	2026-09-13T07:10:54.9595902Z Hosted Compute Agent
ut_pet_cannabis-set	Set up job	2026-09-13T07:10:54.9596426Z Version: 20260828.587
ut_pet_cannabis-set	Set up job	2026-09-13T07:10:54.9597043Z Commit: abac92662cab4cc7352de4f9f9d2e2419aad9c29
ut_pet_cannabis-set	Set up job	2026-09-13T07:10:54.9597645Z Build Date: 2026-08-28T16:44:25Z
ut_pet_cannabis-set	Set up job	2026-09-13T07:10:54.9598223Z Worker ID: {a55c26b7-7f9b-4436-ad6b-2951e6d2dcb2}
ut_pet_cannabis-set	Set up job	2026-09-13T07:10:54.9598809Z Azure Region: westus3
ut_pet_cannabis-set	Set up job	2026-09-13T07:10:54.9599278Z ##[endgroup]
ut_pet_cannabis-set	Set up job	2026-09-13T07:10:54.9600522Z ##[group]Operating System
ut_pet_cannabis-set	Set up job	2026-09-13T07:10:54.9601051Z Ubuntu
ut_pet_cannabis-set	Set up job	2026-09-13T07:10:54.9601554Z 24.04.5
ut_pet_cannabis-set	Set up job	2026-09-13T07:10:54.9602160Z LTS
ut_pet_cannabis-set	Set up job	2026-09-13T07:10:54.9602587Z ##[endgroup]
ut_pet_cannabis-set	Set up job	2026-09-13T07:10:54.9603436Z ##[group]Runner Image
ut_pet_cannabis-set	Set up job	2026-09-13T07:10:54.9603947Z Image: ubuntu-24.04
ut_pet_cannabis-set	Set up job	2026-09-13T07:10:54.9604409Z Version: 20260907.300.1
ut_pet_cannabis-set	Set up job	2026-09-13T07:10:54.9605328Z Included Software: https://github.com/actions/runner-images/blob/ubuntu24/20260907.300/images/ubuntu/Ubuntu2404-Readme.md
ut_pet_cannabis-set	Set up job	2026-09-13T07:10:54.9606835Z Image Release: https://github.com/actions/runner-images/releases/tag/ubuntu24%2F20260907.300
ut_pet_cannabis-set	Set up job	2026-09-13T07:10:54.9607609Z ##[endgroup]
ut_pet_cannabis-set	Set up job	2026-09-13T07:10:54.9608625Z ##[group]GITHUB_TOKEN Permissions
ut_pet_cannabis-set	Set up job	2026-09-13T07:10:54.9610507Z Actions: read
ut_pet_cannabis-set	Set up job	2026-09-13T07:10:54.9611031Z Contents: read
ut_pet_cannabis-set	Set up job	2026-09-13T07:10:54.9611575Z Metadata: read
ut_pet_cannabis-set	Set up job	2026-09-13T07:10:54.9612283Z ##[endgroup]
ut_pet_cannabis-set	Set up job	2026-09-13T07:10:54.9614205Z Secret source: Actions
ut_pet_cannabis-set	Set up job	2026-09-13T07:10:54.9615000Z Cache mode: write
ut_pet_cannabis-set	Set up job	2026-09-13T07:10:54.9615639Z Prepare workflow directory
ut_pet_cannabis-set	Set up job	2026-09-13T07:10:54.9887565Z Prepare all required actions
ut_pet_cannabis-set	Set up job	2026-09-13T07:10:54.9927750Z Getting action download info
ut_pet_cannabis-set	Set up job	2026-09-13T07:10:55.2995522Z Download action repository 'actions/checkout@v4' (SHA:11d5960a326750d5838078e36cf38b85af677262)
ut_pet_cannabis-set	Set up job	2026-09-13T07:10:55.5024468Z Download action repository 'actions/setup-node@v4' (SHA:49933ea5288caeca8642d1e84afbd3f7d6820020)
ut_pet_cannabis-set	Set up job	2026-09-13T07:10:55.6897042Z Download action repository 'actions/setup-python@v5' (SHA:a26af69be951a213d495a4c3e4e4022e16d87065)
ut_pet_cannabis-set	Set up job	2026-09-13T07:10:55.8098012Z Download action repository 'actions/upload-artifact@v4' (SHA:ea165f8d65b6e75b540449e92b4886f43607fa02)
ut_pet_cannabis-set	Set up job	2026-09-13T07:10:56.0641585Z Complete job name: ut_pet_cannabis-set
ut_pet_cannabis-set	Run actions/checkout@v4	﻿2026-09-13T07:10:56.1345895Z Node 20 is being deprecated. This workflow is running with Node 24 by default. If you need to temporarily use Node 20, you can set the ACTIONS_ALLOW_USE_UNSECURE_NODE_VERSION=true environment variable. For more information see: https://github.blog/changelog/2025-09-19-deprecation-of-node-20-on-github-actions-runners/
ut_pet_cannabis-set	Run actions/checkout@v4	2026-09-13T07:10:56.1357939Z ##[group]Run actions/checkout@v4
ut_pet_cannabis-set	Run actions/checkout@v4	2026-09-13T07:10:56.1358684Z with:
ut_pet_cannabis-set	Run actions/checkout@v4	2026-09-13T07:10:56.1359148Z   ref: bccce268a0b9f56043cf663d2c232fb29d45d1a9
ut_pet_cannabis-set	Run actions/checkout@v4	2026-09-13T07:10:56.1360060Z   repository: Roger-LegalEase/legalease-partner-dashboard-clean
ut_pet_cannabis-set	Run actions/checkout@v4	2026-09-13T07:10:56.1367813Z   token: ***
ut_pet_cannabis-set	Run actions/checkout@v4	2026-09-13T07:10:56.1368233Z   ssh-strict: true
ut_pet_cannabis-set	Run actions/checkout@v4	2026-09-13T07:10:56.1368657Z   ssh-user: git
ut_pet_cannabis-set	Run actions/checkout@v4	2026-09-13T07:10:56.1369095Z   persist-credentials: true
ut_pet_cannabis-set	Run actions/checkout@v4	2026-09-13T07:10:56.1369630Z   clean: true
ut_pet_cannabis-set	Run actions/checkout@v4	2026-09-13T07:10:56.1370070Z   sparse-checkout-cone-mode: true
ut_pet_cannabis-set	Run actions/checkout@v4	2026-09-13T07:10:56.1370642Z   fetch-depth: 1
ut_pet_cannabis-set	Run actions/checkout@v4	2026-09-13T07:10:56.1371047Z   fetch-tags: false
ut_pet_cannabis-set	Run actions/checkout@v4	2026-09-13T07:10:56.1371493Z   show-progress: true
ut_pet_cannabis-set	Run actions/checkout@v4	2026-09-13T07:10:56.1372080Z   lfs: false
ut_pet_cannabis-set	Run actions/checkout@v4	2026-09-13T07:10:56.1372465Z   submodules: false
ut_pet_cannabis-set	Run actions/checkout@v4	2026-09-13T07:10:56.1372903Z   set-safe-directory: true
ut_pet_cannabis-set	Run actions/checkout@v4	2026-09-13T07:10:56.1373430Z   allow-unsafe-pr-checkout: false
ut_pet_cannabis-set	Run actions/checkout@v4	2026-09-13T07:10:56.1374201Z ##[endgroup]
ut_pet_cannabis-set	Run actions/checkout@v4	2026-09-13T07:10:56.2235972Z Syncing repository: Roger-LegalEase/legalease-partner-dashboard-clean
ut_pet_cannabis-set	Run actions/checkout@v4	2026-09-13T07:10:56.2239112Z ##[group]Getting Git version info
ut_pet_cannabis-set	Run actions/checkout@v4	2026-09-13T07:10:56.2240482Z Working directory is '/home/runner/work/legalease-partner-dashboard-clean/legalease-partner-dashboard-clean'
ut_pet_cannabis-set	Run actions/checkout@v4	2026-09-13T07:10:56.2242538Z [command]/usr/bin/git version
ut_pet_cannabis-set	Run actions/checkout@v4	2026-09-13T07:10:56.2317542Z git version 2.55.0
ut_pet_cannabis-set	Run actions/checkout@v4	2026-09-13T07:10:56.2336801Z ##[endgroup]
ut_pet_cannabis-set	Run actions/checkout@v4	2026-09-13T07:10:56.2351042Z Temporarily overriding HOME='/home/runner/work/_temp/61644c24-a9b9-48e6-87d4-adebd29662ff' before making global git config changes
ut_pet_cannabis-set	Run actions/checkout@v4	2026-09-13T07:10:56.2354520Z Adding repository directory to the temporary git global config as a safe directory
ut_pet_cannabis-set	Run actions/checkout@v4	2026-09-13T07:10:56.2357788Z [command]/usr/bin/git config --global --add safe.directory /home/runner/work/legalease-partner-dashboard-clean/legalease-partner-dashboard-clean
ut_pet_cannabis-set	Run actions/checkout@v4	2026-09-13T07:10:56.2400699Z Deleting the contents of '/home/runner/work/legalease-partner-dashboard-clean/legalease-partner-dashboard-clean'
ut_pet_cannabis-set	Run actions/checkout@v4	2026-09-13T07:10:56.2408320Z ##[group]Initializing the repository
ut_pet_cannabis-set	Run actions/checkout@v4	2026-09-13T07:10:56.2410736Z [command]/usr/bin/git init /home/runner/work/legalease-partner-dashboard-clean/legalease-partner-dashboard-clean
ut_pet_cannabis-set	Run actions/checkout@v4	2026-09-13T07:10:56.2487579Z hint: Using 'master' as the name for the initial branch. This default branch name
ut_pet_cannabis-set	Run actions/checkout@v4	2026-09-13T07:10:56.2489919Z hint: will change to "main" in Git 3.0. To configure the initial branch name
ut_pet_cannabis-set	Run actions/checkout@v4	2026-09-13T07:10:56.2491886Z hint: to use in all of your new repositories, which will suppress this warning,
ut_pet_cannabis-set	Run actions/checkout@v4	2026-09-13T07:10:56.2493792Z hint: call:
ut_pet_cannabis-set	Run actions/checkout@v4	2026-09-13T07:10:56.2494493Z hint:
ut_pet_cannabis-set	Run actions/checkout@v4	2026-09-13T07:10:56.2495433Z hint: 	git config --global init.defaultBranch <name>
ut_pet_cannabis-set	Run actions/checkout@v4	2026-09-13T07:10:56.2496653Z hint:
ut_pet_cannabis-set	Run actions/checkout@v4	2026-09-13T07:10:56.2497775Z hint: Names commonly chosen instead of 'master' are 'main', 'trunk' and
ut_pet_cannabis-set	Run actions/checkout@v4	2026-09-13T07:10:56.2499742Z hint: 'development'. The just-created branch can be renamed via this command:
ut_pet_cannabis-set	Run actions/checkout@v4	2026-09-13T07:10:56.2501267Z hint:
ut_pet_cannabis-set	Run actions/checkout@v4	2026-09-13T07:10:56.2502098Z hint: 	git branch -m <name>
ut_pet_cannabis-set	Run actions/checkout@v4	2026-09-13T07:10:56.2502838Z hint:
ut_pet_cannabis-set	Run actions/checkout@v4	2026-09-13T07:10:56.2503667Z hint: Disable this message with "git config set advice.defaultBranchName false"
ut_pet_cannabis-set	Run actions/checkout@v4	2026-09-13T07:10:56.2507118Z Initialized empty Git repository in /home/runner/work/legalease-partner-dashboard-clean/legalease-partner-dashboard-clean/.git/
ut_pet_cannabis-set	Run actions/checkout@v4	2026-09-13T07:10:56.2512387Z [command]/usr/bin/git remote add origin https://github.com/Roger-LegalEase/legalease-partner-dashboard-clean
ut_pet_cannabis-set	Run actions/checkout@v4	2026-09-13T07:10:56.2671178Z ##[endgroup]
ut_pet_cannabis-set	Run actions/checkout@v4	2026-09-13T07:10:56.2672644Z ##[group]Disabling automatic garbage collection
ut_pet_cannabis-set	Run actions/checkout@v4	2026-09-13T07:10:56.2674660Z [command]/usr/bin/git config --local gc.auto 0
ut_pet_cannabis-set	Run actions/checkout@v4	2026-09-13T07:10:56.2720772Z ##[endgroup]
ut_pet_cannabis-set	Run actions/checkout@v4	2026-09-13T07:10:56.2721587Z ##[group]Setting up auth
ut_pet_cannabis-set	Run actions/checkout@v4	2026-09-13T07:10:56.2725492Z [command]/usr/bin/git config --local --name-only --get-regexp core\.sshCommand
ut_pet_cannabis-set	Run actions/checkout@v4	2026-09-13T07:10:56.2761379Z [command]/usr/bin/git submodule foreach --recursive sh -c "git config --local --name-only --get-regexp 'core\.sshCommand' && git config --local --unset-all 'core.sshCommand' || :"
ut_pet_cannabis-set	Run actions/checkout@v4	2026-09-13T07:10:56.3104986Z [command]/usr/bin/git config --local --name-only --get-regexp http\.https\:\/\/github\.com\/\.extraheader
ut_pet_cannabis-set	Run actions/checkout@v4	2026-09-13T07:10:56.3138531Z [command]/usr/bin/git submodule foreach --recursive sh -c "git config --local --name-only --get-regexp 'http\.https\:\/\/github\.com\/\.extraheader' && git config --local --unset-all 'http.https://github.com/.extraheader' || :"
ut_pet_cannabis-set	Run actions/checkout@v4	2026-09-13T07:10:56.3340608Z [command]/usr/bin/git config --local --name-only --get-regexp ^includeIf\.gitdir:
ut_pet_cannabis-set	Run actions/checkout@v4	2026-09-13T07:10:56.3366399Z [command]/usr/bin/git submodule foreach --recursive git config --local --show-origin --name-only --get-regexp remote.origin.url
ut_pet_cannabis-set	Run actions/checkout@v4	2026-09-13T07:10:56.3565994Z [command]/usr/bin/git config --local http.https://github.com/.extraheader AUTHORIZATION: basic ***
ut_pet_cannabis-set	Run actions/checkout@v4	2026-09-13T07:10:56.3829730Z ##[endgroup]
ut_pet_cannabis-set	Run actions/checkout@v4	2026-09-13T07:10:56.3831120Z ##[group]Fetching the repository
ut_pet_cannabis-set	Run actions/checkout@v4	2026-09-13T07:10:56.3839415Z [command]/usr/bin/git -c protocol.version=2 fetch --no-tags --prune --no-recurse-submodules --depth=1 origin bccce268a0b9f56043cf663d2c232fb29d45d1a9
ut_pet_cannabis-set	Run actions/checkout@v4	2026-09-13T07:12:02.5637341Z From https://github.com/Roger-LegalEase/legalease-partner-dashboard-clean
ut_pet_cannabis-set	Run actions/checkout@v4	2026-09-13T07:12:02.5638370Z  * branch              bccce268a0b9f56043cf663d2c232fb29d45d1a9 -> FETCH_HEAD
ut_pet_cannabis-set	Run actions/checkout@v4	2026-09-13T07:12:02.5640858Z ##[endgroup]
ut_pet_cannabis-set	Run actions/checkout@v4	2026-09-13T07:12:02.5641336Z ##[group]Determining the checkout info
ut_pet_cannabis-set	Run actions/checkout@v4	2026-09-13T07:12:02.5643543Z ##[endgroup]
ut_pet_cannabis-set	Run actions/checkout@v4	2026-09-13T07:12:02.5650252Z [command]/usr/bin/git sparse-checkout disable
ut_pet_cannabis-set	Run actions/checkout@v4	2026-09-13T07:12:02.5692624Z [command]/usr/bin/git config --local --unset-all extensions.worktreeConfig
ut_pet_cannabis-set	Run actions/checkout@v4	2026-09-13T07:12:02.5722029Z ##[group]Checking out the ref
ut_pet_cannabis-set	Run actions/checkout@v4	2026-09-13T07:12:02.5727641Z [command]/usr/bin/git checkout --progress --force bccce268a0b9f56043cf663d2c232fb29d45d1a9
ut_pet_cannabis-set	Run actions/checkout@v4	2026-09-13T07:12:03.6508229Z Updating files:  15% (4001/26056)
ut_pet_cannabis-set	Run actions/checkout@v4	2026-09-13T07:12:03.7067533Z Updating files:  16% (4169/26056)
ut_pet_cannabis-set	Run actions/checkout@v4	2026-09-13T07:12:03.8143358Z Updating files:  17% (4430/26056)
ut_pet_cannabis-set	Run actions/checkout@v4	2026-09-13T07:12:03.9424101Z Updating files:  18% (4691/26056)
ut_pet_cannabis-set	Run actions/checkout@v4	2026-09-13T07:12:04.0525467Z Updating files:  19% (4951/26056)
ut_pet_cannabis-set	Run actions/checkout@v4	2026-09-13T07:12:04.2074479Z Updating files:  20% (5212/26056)
ut_pet_cannabis-set	Run actions/checkout@v4	2026-09-13T07:12:04.2768782Z Updating files:  21% (5472/26056)
ut_pet_cannabis-set	Run actions/checkout@v4	2026-09-13T07:12:04.3339389Z Updating files:  22% (5733/26056)
ut_pet_cannabis-set	Run actions/checkout@v4	2026-09-13T07:12:04.4008098Z Updating files:  23% (5993/26056)
ut_pet_cannabis-set	Run actions/checkout@v4	2026-09-13T07:12:04.4774589Z Updating files:  24% (6254/26056)
ut_pet_cannabis-set	Run actions/checkout@v4	2026-09-13T07:12:04.5679544Z Updating files:  25% (6514/26056)
ut_pet_cannabis-set	Run actions/checkout@v4	2026-09-13T07:12:04.6045503Z Updating files:  26% (6775/26056)
ut_pet_cannabis-set	Run actions/checkout@v4	2026-09-13T07:12:04.7177278Z Updating files:  26% (6900/26056)
ut_pet_cannabis-set	Run actions/checkout@v4	2026-09-13T07:12:04.8543400Z Updating files:  27% (7036/26056)
ut_pet_cannabis-set	Run actions/checkout@v4	2026-09-13T07:12:04.9740361Z Updating files:  28% (7296/26056)
ut_pet_cannabis-set	Run actions/checkout@v4	2026-09-13T07:12:05.0844826Z Updating files:  29% (7557/26056)
ut_pet_cannabis-set	Run actions/checkout@v4	2026-09-13T07:12:05.1248728Z Updating files:  30% (7817/26056)
ut_pet_cannabis-set	Run actions/checkout@v4	2026-09-13T07:12:05.1956499Z Updating files:  31% (8078/26056)
ut_pet_cannabis-set	Run actions/checkout@v4	2026-09-13T07:12:05.2685109Z Updating files:  32% (8338/26056)
ut_pet_cannabis-set	Run actions/checkout@v4	2026-09-13T07:12:05.3059327Z Updating files:  33% (8599/26056)
ut_pet_cannabis-set	Run actions/checkout@v4	2026-09-13T07:12:05.3474083Z Updating files:  34% (8860/26056)
ut_pet_cannabis-set	Run actions/checkout@v4	2026-09-13T07:12:05.4329272Z Updating files:  35% (9120/26056)
ut_pet_cannabis-set	Run actions/checkout@v4	2026-09-13T07:12:05.4627845Z Updating files:  36% (9381/26056)
ut_pet_cannabis-set	Run actions/checkout@v4	2026-09-13T07:12:05.4866909Z Updating files:  37% (9641/26056)
ut_pet_cannabis-set	Run actions/checkout@v4	2026-09-13T07:12:05.5180975Z Updating files:  38% (9902/26056)
ut_pet_cannabis-set	Run actions/checkout@v4	2026-09-13T07:12:05.5389710Z Updating files:  39% (10162/26056)
ut_pet_cannabis-set	Run actions/checkout@v4	2026-09-13T07:12:05.5531175Z Updating files:  40% (10423/26056)
ut_pet_cannabis-set	Run actions/checkout@v4	2026-09-13T07:12:05.5826504Z Updating files:  41% (10683/26056)
ut_pet_cannabis-set	Run actions/checkout@v4	2026-09-13T07:12:05.6035990Z Updating files:  42% (10944/26056)
ut_pet_cannabis-set	Run actions/checkout@v4	2026-09-13T07:12:05.6128389Z Updating files:  42% (11104/26056)
ut_pet_cannabis-set	Run actions/checkout@v4	2026-09-13T07:12:05.7175145Z Updating files:  43% (11205/26056)
ut_pet_cannabis-set	Run actions/checkout@v4	2026-09-13T07:12:05.9025625Z Updating files:  44% (11465/26056)
ut_pet_cannabis-set	Run actions/checkout@v4	2026-09-13T07:12:05.9266086Z Updating files:  45% (11726/26056)
ut_pet_cannabis-set	Run actions/checkout@v4	2026-09-13T07:12:05.9424018Z Updating files:  46% (11986/26056)
ut_pet_cannabis-set	Run actions/checkout@v4	2026-09-13T07:12:05.9550144Z Updating files:  47% (12247/26056)
ut_pet_cannabis-set	Run actions/checkout@v4	2026-09-13T07:12:05.9691214Z Updating files:  48% (12507/26056)
ut_pet_cannabis-set	Run actions/checkout@v4	2026-09-13T07:12:06.0130818Z Updating files:  49% (12768/26056)
ut_pet_cannabis-set	Run actions/checkout@v4	2026-09-13T07:12:06.0923900Z Updating files:  50% (13028/26056)
ut_pet_cannabis-set	Run actions/checkout@v4	2026-09-13T07:12:06.1205213Z Updating files:  51% (13289/26056)
ut_pet_cannabis-set	Run actions/checkout@v4	2026-09-13T07:12:06.1830430Z Updating files:  52% (13550/26056)
ut_pet_cannabis-set	Run actions/checkout@v4	2026-09-13T07:12:06.2331307Z Updating files:  53% (13810/26056)
ut_pet_cannabis-set	Run actions/checkout@v4	2026-09-13T07:12:06.2513227Z Updating files:  54% (14071/26056)
ut_pet_cannabis-set	Run actions/checkout@v4	2026-09-13T07:12:06.2878815Z Updating files:  55% (14331/26056)
ut_pet_cannabis-set	Run actions/checkout@v4	2026-09-13T07:12:06.3449216Z Updating files:  56% (14592/26056)
ut_pet_cannabis-set	Run actions/checkout@v4	2026-09-13T07:12:06.4321119Z Updating files:  57% (14852/26056)
ut_pet_cannabis-set	Run actions/checkout@v4	2026-09-13T07:12:06.4745002Z Updating files:  58% (15113/26056)
ut_pet_cannabis-set	Run actions/checkout@v4	2026-09-13T07:12:06.5104704Z Updating files:  59% (15374/26056)
ut_pet_cannabis-set	Run actions/checkout@v4	2026-09-13T07:12:06.5528726Z Updating files:  60% (15634/26056)
ut_pet_cannabis-set	Run actions/checkout@v4	2026-09-13T07:12:06.6040747Z Updating files:  61% (15895/26056)
ut_pet_cannabis-set	Run actions/checkout@v4	2026-09-13T07:12:06.7134880Z Updating files:  61% (16059/26056)
ut_pet_cannabis-set	Run actions/checkout@v4	2026-09-13T07:12:07.0217386Z Updating files:  62% (16155/26056)
ut_pet_cannabis-set	Run actions/checkout@v4	2026-09-13T07:12:07.2857132Z Updating files:  63% (16416/26056)
ut_pet_cannabis-set	Run actions/checkout@v4	2026-09-13T07:12:07.4132512Z Updating files:  64% (16676/26056)
ut_pet_cannabis-set	Run actions/checkout@v4	2026-09-13T07:12:07.4486228Z Updating files:  65% (16937/26056)
ut_pet_cannabis-set	Run actions/checkout@v4	2026-09-13T07:12:07.5555026Z Updating files:  66% (17197/26056)
ut_pet_cannabis-set	Run actions/checkout@v4	2026-09-13T07:12:07.6050328Z Updating files:  67% (17458/26056)
ut_pet_cannabis-set	Run actions/checkout@v4	2026-09-13T07:12:07.6283017Z Updating files:  67% (17650/26056)
ut_pet_cannabis-set	Run actions/checkout@v4	2026-09-13T07:12:07.7247433Z Updating files:  68% (17719/26056)
ut_pet_cannabis-set	Run actions/checkout@v4	2026-09-13T07:12:07.7693441Z Updating files:  69% (17979/26056)
ut_pet_cannabis-set	Run actions/checkout@v4	2026-09-13T07:12:07.7936414Z Updating files:  70% (18240/26056)
ut_pet_cannabis-set	Run actions/checkout@v4	2026-09-13T07:12:07.9009704Z Updating files:  71% (18500/26056)
ut_pet_cannabis-set	Run actions/checkout@v4	2026-09-13T07:12:07.9555808Z Updating files:  72% (18761/26056)
ut_pet_cannabis-set	Run actions/checkout@v4	2026-09-13T07:12:08.1026632Z Updating files:  73% (19021/26056)
ut_pet_cannabis-set	Run actions/checkout@v4	2026-09-13T07:12:08.1505263Z Updating files:  74% (19282/26056)
ut_pet_cannabis-set	Run actions/checkout@v4	2026-09-13T07:12:08.2430777Z Updating files:  75% (19542/26056)
ut_pet_cannabis-set	Run actions/checkout@v4	2026-09-13T07:12:08.4029737Z Updating files:  76% (19803/26056)
ut_pet_cannabis-set	Run actions/checkout@v4	2026-09-13T07:12:08.4246567Z Updating files:  77% (20064/26056)
ut_pet_cannabis-set	Run actions/checkout@v4	2026-09-13T07:12:08.4407301Z Updating files:  78% (20324/26056)
ut_pet_cannabis-set	Run actions/checkout@v4	2026-09-13T07:12:08.4481694Z Updating files:  79% (20585/26056)
ut_pet_cannabis-set	Run actions/checkout@v4	2026-09-13T07:12:08.5190330Z Updating files:  80% (20845/26056)
ut_pet_cannabis-set	Run actions/checkout@v4	2026-09-13T07:12:08.6041749Z Updating files:  81% (21106/26056)
ut_pet_cannabis-set	Run actions/checkout@v4	2026-09-13T07:12:08.6329043Z Updating files:  81% (21323/26056)
ut_pet_cannabis-set	Run actions/checkout@v4	2026-09-13T07:12:08.7788577Z Updating files:  82% (21366/26056)
ut_pet_cannabis-set	Run actions/checkout@v4	2026-09-13T07:12:08.8303763Z Updating files:  83% (21627/26056)
ut_pet_cannabis-set	Run actions/checkout@v4	2026-09-13T07:12:08.8551553Z Updating files:  84% (21888/26056)
ut_pet_cannabis-set	Run actions/checkout@v4	2026-09-13T07:12:08.8752308Z Updating files:  85% (22148/26056)
ut_pet_cannabis-set	Run actions/checkout@v4	2026-09-13T07:12:08.8929415Z Updating files:  86% (22409/26056)
ut_pet_cannabis-set	Run actions/checkout@v4	2026-09-13T07:12:08.9107141Z Updating files:  87% (22669/26056)
ut_pet_cannabis-set	Run actions/checkout@v4	2026-09-13T07:12:08.9318191Z Updating files:  88% (22930/26056)
ut_pet_cannabis-set	Run actions/checkout@v4	2026-09-13T07:12:08.9513820Z Updating files:  89% (23190/26056)
ut_pet_cannabis-set	Run actions/checkout@v4	2026-09-13T07:12:08.9843829Z Updating files:  90% (23451/26056)
ut_pet_cannabis-set	Run actions/checkout@v4	2026-09-13T07:12:09.0191022Z Updating files:  91% (23711/26056)
ut_pet_cannabis-set	Run actions/checkout@v4	2026-09-13T07:12:09.0294978Z Updating files:  92% (23972/26056)
ut_pet_cannabis-set	Run actions/checkout@v4	2026-09-13T07:12:09.0704935Z Updating files:  93% (24233/26056)
ut_pet_cannabis-set	Run actions/checkout@v4	2026-09-13T07:12:09.3361013Z Updating files:  94% (24493/26056)
ut_pet_cannabis-set	Run actions/checkout@v4	2026-09-13T07:12:09.5285982Z Updating files:  95% (24754/26056)
ut_pet_cannabis-set	Run actions/checkout@v4	2026-09-13T07:12:09.6043194Z Updating files:  96% (25014/26056)
ut_pet_cannabis-set	Run actions/checkout@v4	2026-09-13T07:12:09.6283112Z Updating files:  96% (25218/26056)
ut_pet_cannabis-set	Run actions/checkout@v4	2026-09-13T07:12:09.7268242Z Updating files:  97% (25275/26056)
ut_pet_cannabis-set	Run actions/checkout@v4	2026-09-13T07:12:09.8490750Z Updating files:  98% (25535/26056)
ut_pet_cannabis-set	Run actions/checkout@v4	2026-09-13T07:12:09.9357519Z Updating files:  99% (25796/26056)
ut_pet_cannabis-set	Run actions/checkout@v4	2026-09-13T07:12:09.9357864Z Updating files: 100% (26056/26056)
ut_pet_cannabis-set	Run actions/checkout@v4	2026-09-13T07:12:09.9358146Z Updating files: 100% (26056/26056), done.
ut_pet_cannabis-set	Run actions/checkout@v4	2026-09-13T07:12:10.0032456Z Note: switching to 'bccce268a0b9f56043cf663d2c232fb29d45d1a9'.
ut_pet_cannabis-set	Run actions/checkout@v4	2026-09-13T07:12:10.0033277Z 
ut_pet_cannabis-set	Run actions/checkout@v4	2026-09-13T07:12:10.0033859Z You are in 'detached HEAD' state. You can look around, make experimental
ut_pet_cannabis-set	Run actions/checkout@v4	2026-09-13T07:12:10.0034945Z changes and commit them, and you can discard any commits you make in this
ut_pet_cannabis-set	Run actions/checkout@v4	2026-09-13T07:12:10.0035545Z state without impacting any branches by switching back to a branch.
ut_pet_cannabis-set	Run actions/checkout@v4	2026-09-13T07:12:10.0035888Z 
ut_pet_cannabis-set	Run actions/checkout@v4	2026-09-13T07:12:10.0036160Z If you want to create a new branch to retain commits you create, you may
ut_pet_cannabis-set	Run actions/checkout@v4	2026-09-13T07:12:10.0036627Z do so (now or later) by using -c with the switch command. Example:
ut_pet_cannabis-set	Run actions/checkout@v4	2026-09-13T07:12:10.0036942Z 
ut_pet_cannabis-set	Run actions/checkout@v4	2026-09-13T07:12:10.0037155Z   git switch -c <new-branch-name>
ut_pet_cannabis-set	Run actions/checkout@v4	2026-09-13T07:12:10.0037417Z 
ut_pet_cannabis-set	Run actions/checkout@v4	2026-09-13T07:12:10.0037619Z Or undo this operation with:
ut_pet_cannabis-set	Run actions/checkout@v4	2026-09-13T07:12:10.0037870Z 
ut_pet_cannabis-set	Run actions/checkout@v4	2026-09-13T07:12:10.0038059Z   git switch -
ut_pet_cannabis-set	Run actions/checkout@v4	2026-09-13T07:12:10.0038459Z 
ut_pet_cannabis-set	Run actions/checkout@v4	2026-09-13T07:12:10.0039393Z Turn off this advice by setting config variable advice.detachedHead to false
ut_pet_cannabis-set	Run actions/checkout@v4	2026-09-13T07:12:10.0039792Z 
ut_pet_cannabis-set	Run actions/checkout@v4	2026-09-13T07:12:10.0040133Z HEAD is now at bccce268 Freeze eligible Utah cannabis raster inputs and preserve chain findings
ut_pet_cannabis-set	Run actions/checkout@v4	2026-09-13T07:12:10.0236491Z ##[endgroup]
ut_pet_cannabis-set	Run actions/checkout@v4	2026-09-13T07:12:10.0289837Z [command]/usr/bin/git log -1 --format=%H
ut_pet_cannabis-set	Run actions/checkout@v4	2026-09-13T07:12:10.0317465Z bccce268a0b9f56043cf663d2c232fb29d45d1a9
ut_pet_cannabis-set	Refuse a movable ref and prove the checkout is the pinned commit	﻿2026-09-13T07:12:10.0509745Z ##[group]Run set -euo pipefail
ut_pet_cannabis-set	Refuse a movable ref and prove the checkout is the pinned commit	2026-09-13T07:12:10.0510065Z ^[[36;1mset -euo pipefail^[[0m
ut_pet_cannabis-set	Refuse a movable ref and prove the checkout is the pinned commit	2026-09-13T07:12:10.0510379Z ^[[36;1m# actions/checkout accepts a branch or tag here despite the input^[[0m
ut_pet_cannabis-set	Refuse a movable ref and prove the checkout is the pinned commit	2026-09-13T07:12:10.0510785Z ^[[36;1m# description. Three jobs resolve this ref independently, so a branch^[[0m
ut_pet_cannabis-set	Refuse a movable ref and prove the checkout is the pinned commit	2026-09-13T07:12:10.0511187Z ^[[36;1m# that moves mid-run would have them inspect different commits while^[[0m
ut_pet_cannabis-set	Refuse a movable ref and prove the checkout is the pinned commit	2026-09-13T07:12:10.0511556Z ^[[36;1m# every receipt recorded the literal branch name as the pin. An^[[0m
ut_pet_cannabis-set	Refuse a movable ref and prove the checkout is the pinned commit	2026-09-13T07:12:10.0511909Z ^[[36;1m# immutable 40-hex commit, verified against the checked-out HEAD, is^[[0m
ut_pet_cannabis-set	Refuse a movable ref and prove the checkout is the pinned commit	2026-09-13T07:12:10.0512601Z ^[[36;1m# the only input that makes a receipt findable again.^[[0m
ut_pet_cannabis-set	Refuse a movable ref and prove the checkout is the pinned commit	2026-09-13T07:12:10.0512856Z ^[[36;1mcase "$REF" in^[[0m
ut_pet_cannabis-set	Refuse a movable ref and prove the checkout is the pinned commit	2026-09-13T07:12:10.0513204Z ^[[36;1m  *[!0-9a-f]* | "") echo "REFUSED: commit_sha must be a full 40-character commit hash, got '$REF'"; exit 1;;^[[0m
ut_pet_cannabis-set	Refuse a movable ref and prove the checkout is the pinned commit	2026-09-13T07:12:10.0513574Z ^[[36;1mesac^[[0m
ut_pet_cannabis-set	Refuse a movable ref and prove the checkout is the pinned commit	2026-09-13T07:12:10.0513872Z ^[[36;1m[ "${#REF}" -eq 40 ] || { echo "REFUSED: commit_sha must be 40 hex characters, got ${#REF}"; exit 1; }^[[0m
ut_pet_cannabis-set	Refuse a movable ref and prove the checkout is the pinned commit	2026-09-13T07:12:10.0514256Z ^[[36;1mHEAD_SHA="$(git rev-parse HEAD)"^[[0m
ut_pet_cannabis-set	Refuse a movable ref and prove the checkout is the pinned commit	2026-09-13T07:12:10.0514601Z ^[[36;1m[ "$HEAD_SHA" = "$REF" ] || { echo "REFUSED: checked out $HEAD_SHA but the pin says $REF"; exit 1; }^[[0m
ut_pet_cannabis-set	Refuse a movable ref and prove the checkout is the pinned commit	2026-09-13T07:12:10.0514962Z ^[[36;1mecho "pinned commit confirmed: $HEAD_SHA"^[[0m
ut_pet_cannabis-set	Refuse a movable ref and prove the checkout is the pinned commit	2026-09-13T07:12:10.0550749Z shell: /usr/bin/bash -e {0}
ut_pet_cannabis-set	Refuse a movable ref and prove the checkout is the pinned commit	2026-09-13T07:12:10.0550974Z env:
ut_pet_cannabis-set	Refuse a movable ref and prove the checkout is the pinned commit	2026-09-13T07:12:10.0551168Z   REF: bccce268a0b9f56043cf663d2c232fb29d45d1a9
ut_pet_cannabis-set	Refuse a movable ref and prove the checkout is the pinned commit	2026-09-13T07:12:10.0551420Z ##[endgroup]
ut_pet_cannabis-set	Refuse a movable ref and prove the checkout is the pinned commit	2026-09-13T07:12:10.0762674Z pinned commit confirmed: bccce268a0b9f56043cf663d2c232fb29d45d1a9
ut_pet_cannabis-set	Run actions/setup-node@v4	﻿2026-09-13T07:12:10.0835915Z Node 20 is being deprecated. This workflow is running with Node 24 by default. If you need to temporarily use Node 20, you can set the ACTIONS_ALLOW_USE_UNSECURE_NODE_VERSION=true environment variable. For more information see: https://github.blog/changelog/2025-09-19-deprecation-of-node-20-on-github-actions-runners/
ut_pet_cannabis-set	Run actions/setup-node@v4	2026-09-13T07:12:10.0837459Z ##[group]Run actions/setup-node@v4
ut_pet_cannabis-set	Run actions/setup-node@v4	2026-09-13T07:12:10.0837669Z with:
ut_pet_cannabis-set	Run actions/setup-node@v4	2026-09-13T07:12:10.0837830Z   node-version: 22
ut_pet_cannabis-set	Run actions/setup-node@v4	2026-09-13T07:12:10.0838023Z   always-auth: false
ut_pet_cannabis-set	Run actions/setup-node@v4	2026-09-13T07:12:10.0838201Z   check-latest: false
ut_pet_cannabis-set	Run actions/setup-node@v4	2026-09-13T07:12:10.0840226Z   token: ***
ut_pet_cannabis-set	Run actions/setup-node@v4	2026-09-13T07:12:10.0840389Z ##[endgroup]
ut_pet_cannabis-set	Run actions/setup-node@v4	2026-09-13T07:12:10.2029684Z Found in cache @ /opt/hostedtoolcache/node/22.23.2/x64
ut_pet_cannabis-set	Run actions/setup-node@v4	2026-09-13T07:12:10.2033546Z (node:2100) [DEP0040] DeprecationWarning: The `punycode` module is deprecated. Please use a userland alternative instead.
ut_pet_cannabis-set	Run actions/setup-node@v4	2026-09-13T07:12:10.2034272Z (Use `node --trace-deprecation ...` to show where the warning was created)
ut_pet_cannabis-set	Run actions/setup-node@v4	2026-09-13T07:12:10.2035434Z ##[group]Environment details
ut_pet_cannabis-set	Run actions/setup-node@v4	2026-09-13T07:12:16.3109549Z node: v22.23.2
ut_pet_cannabis-set	Run actions/setup-node@v4	2026-09-13T07:12:16.3109925Z npm: 10.9.8
ut_pet_cannabis-set	Run actions/setup-node@v4	2026-09-13T07:12:16.3110145Z yarn: 1.22.22
ut_pet_cannabis-set	Run actions/setup-node@v4	2026-09-13T07:12:16.3111051Z ##[endgroup]
ut_pet_cannabis-set	Run npm ci --cache /tmp/npm-cache	﻿2026-09-13T07:12:16.3211571Z ##[group]Run npm ci --cache /tmp/npm-cache
ut_pet_cannabis-set	Run npm ci --cache /tmp/npm-cache	2026-09-13T07:12:16.3211859Z ^[[36;1mnpm ci --cache /tmp/npm-cache^[[0m
ut_pet_cannabis-set	Run npm ci --cache /tmp/npm-cache	2026-09-13T07:12:16.3342100Z shell: /usr/bin/bash -e {0}
ut_pet_cannabis-set	Run npm ci --cache /tmp/npm-cache	2026-09-13T07:12:16.3342360Z ##[endgroup]
ut_pet_cannabis-set	Run npm ci --cache /tmp/npm-cache	2026-09-13T07:12:35.8121730Z 
ut_pet_cannabis-set	Run npm ci --cache /tmp/npm-cache	2026-09-13T07:12:35.8132860Z added 492 packages, and audited 493 packages in 19s
ut_pet_cannabis-set	Run npm ci --cache /tmp/npm-cache	2026-09-13T07:12:35.8133774Z 
ut_pet_cannabis-set	Run npm ci --cache /tmp/npm-cache	2026-09-13T07:12:35.8134218Z 186 packages are looking for funding
ut_pet_cannabis-set	Run npm ci --cache /tmp/npm-cache	2026-09-13T07:12:35.8134594Z   run `npm fund` for details
ut_pet_cannabis-set	Run npm ci --cache /tmp/npm-cache	2026-09-13T07:12:35.9624683Z 
ut_pet_cannabis-set	Run npm ci --cache /tmp/npm-cache	2026-09-13T07:12:35.9625642Z 39 vulnerabilities (2 low, 29 moderate, 7 high, 1 critical)
ut_pet_cannabis-set	Run npm ci --cache /tmp/npm-cache	2026-09-13T07:12:35.9626005Z 
ut_pet_cannabis-set	Run npm ci --cache /tmp/npm-cache	2026-09-13T07:12:35.9626351Z To address issues that do not require attention, run:
ut_pet_cannabis-set	Run npm ci --cache /tmp/npm-cache	2026-09-13T07:12:35.9626745Z   npm audit fix
ut_pet_cannabis-set	Run npm ci --cache /tmp/npm-cache	2026-09-13T07:12:35.9626888Z 
ut_pet_cannabis-set	Run npm ci --cache /tmp/npm-cache	2026-09-13T07:12:35.9627041Z To address all issues, run:
ut_pet_cannabis-set	Run npm ci --cache /tmp/npm-cache	2026-09-13T07:12:35.9627349Z   npm audit fix --force
ut_pet_cannabis-set	Run npm ci --cache /tmp/npm-cache	2026-09-13T07:12:35.9627525Z 
ut_pet_cannabis-set	Run npm ci --cache /tmp/npm-cache	2026-09-13T07:12:35.9627664Z Run `npm audit` for details.
ut_pet_cannabis-set	Run actions/setup-python@v5	﻿2026-09-13T07:12:36.0280955Z Node 20 is being deprecated. This workflow is running with Node 24 by default. If you need to temporarily use Node 20, you can set the ACTIONS_ALLOW_USE_UNSECURE_NODE_VERSION=true environment variable. For more information see: https://github.blog/changelog/2025-09-19-deprecation-of-node-20-on-github-actions-runners/
ut_pet_cannabis-set	Run actions/setup-python@v5	2026-09-13T07:12:36.0282401Z ##[group]Run actions/setup-python@v5
ut_pet_cannabis-set	Run actions/setup-python@v5	2026-09-13T07:12:36.0282619Z with:
ut_pet_cannabis-set	Run actions/setup-python@v5	2026-09-13T07:12:36.0282782Z   python-version: 3.12
ut_pet_cannabis-set	Run actions/setup-python@v5	2026-09-13T07:12:36.0282962Z   check-latest: false
ut_pet_cannabis-set	Run actions/setup-python@v5	2026-09-13T07:12:36.0284958Z   token: ***
ut_pet_cannabis-set	Run actions/setup-python@v5	2026-09-13T07:12:36.0285134Z   update-environment: true
ut_pet_cannabis-set	Run actions/setup-python@v5	2026-09-13T07:12:36.0285326Z   allow-prereleases: false
ut_pet_cannabis-set	Run actions/setup-python@v5	2026-09-13T07:12:36.0285679Z   freethreaded: false
ut_pet_cannabis-set	Run actions/setup-python@v5	2026-09-13T07:12:36.0285853Z ##[endgroup]
ut_pet_cannabis-set	Run actions/setup-python@v5	2026-09-13T07:12:36.1392925Z ##[group]Installed versions
ut_pet_cannabis-set	Run actions/setup-python@v5	2026-09-13T07:12:36.1451246Z (node:2197) [DEP0040] DeprecationWarning: The `punycode` module is deprecated. Please use a userland alternative instead.
ut_pet_cannabis-set	Run actions/setup-python@v5	2026-09-13T07:12:36.1452625Z (Use `node --trace-deprecation ...` to show where the warning was created)
ut_pet_cannabis-set	Run actions/setup-python@v5	2026-09-13T07:12:36.1454598Z Successfully set up CPython (3.12.14)
ut_pet_cannabis-set	Run actions/setup-python@v5	2026-09-13T07:12:36.1455136Z ##[endgroup]
ut_pet_cannabis-set	Install the pinned encrypted-PDF reader	﻿2026-09-13T07:12:36.1615674Z ##[group]Run python -m pip install --disable-pip-version-check pikepdf==10.12.0
ut_pet_cannabis-set	Install the pinned encrypted-PDF reader	2026-09-13T07:12:36.1616138Z ^[[36;1mpython -m pip install --disable-pip-version-check pikepdf==10.12.0^[[0m
ut_pet_cannabis-set	Install the pinned encrypted-PDF reader	2026-09-13T07:12:36.1655132Z shell: /usr/bin/bash -e {0}
ut_pet_cannabis-set	Install the pinned encrypted-PDF reader	2026-09-13T07:12:36.1655339Z env:
ut_pet_cannabis-set	Install the pinned encrypted-PDF reader	2026-09-13T07:12:36.1655559Z   pythonLocation: /opt/hostedtoolcache/Python/3.12.14/x64
ut_pet_cannabis-set	Install the pinned encrypted-PDF reader	2026-09-13T07:12:36.1655911Z   PKG_CONFIG_PATH: /opt/hostedtoolcache/Python/3.12.14/x64/lib/pkgconfig
ut_pet_cannabis-set	Install the pinned encrypted-PDF reader	2026-09-13T07:12:36.1656261Z   Python_ROOT_DIR: /opt/hostedtoolcache/Python/3.12.14/x64
ut_pet_cannabis-set	Install the pinned encrypted-PDF reader	2026-09-13T07:12:36.1656559Z   Python2_ROOT_DIR: /opt/hostedtoolcache/Python/3.12.14/x64
ut_pet_cannabis-set	Install the pinned encrypted-PDF reader	2026-09-13T07:12:36.1656847Z   Python3_ROOT_DIR: /opt/hostedtoolcache/Python/3.12.14/x64
ut_pet_cannabis-set	Install the pinned encrypted-PDF reader	2026-09-13T07:12:36.1657132Z   LD_LIBRARY_PATH: /opt/hostedtoolcache/Python/3.12.14/x64/lib
ut_pet_cannabis-set	Install the pinned encrypted-PDF reader	2026-09-13T07:12:36.1657381Z ##[endgroup]
ut_pet_cannabis-set	Install the pinned encrypted-PDF reader	2026-09-13T07:12:39.6025124Z Collecting pikepdf==10.12.0
ut_pet_cannabis-set	Install the pinned encrypted-PDF reader	2026-09-13T07:12:39.6478030Z   Downloading pikepdf-10.12.0-cp312-cp312-manylinux_2_27_x86_64.manylinux_2_28_x86_64.whl.metadata (11 kB)
ut_pet_cannabis-set	Install the pinned encrypted-PDF reader	2026-09-13T07:12:39.9726838Z Collecting Pillow>=10.0.1 (from pikepdf==10.12.0)
ut_pet_cannabis-set	Install the pinned encrypted-PDF reader	2026-09-13T07:12:39.9764733Z   Downloading pillow-12.3.0-cp312-cp312-manylinux_2_27_x86_64.manylinux_2_28_x86_64.whl.metadata (9.1 kB)
ut_pet_cannabis-set	Install the pinned encrypted-PDF reader	2026-09-13T07:12:40.3103274Z Collecting lxml>=4.8 (from pikepdf==10.12.0)
ut_pet_cannabis-set	Install the pinned encrypted-PDF reader	2026-09-13T07:12:40.3137956Z   Downloading lxml-6.1.3-cp312-cp312-manylinux_2_26_x86_64.manylinux_2_28_x86_64.whl.metadata (3.3 kB)
ut_pet_cannabis-set	Install the pinned encrypted-PDF reader	2026-09-13T07:12:40.3274305Z Collecting packaging (from pikepdf==10.12.0)
ut_pet_cannabis-set	Install the pinned encrypted-PDF reader	2026-09-13T07:12:40.3307855Z   Downloading packaging-26.3-py3-none-any.whl.metadata (3.5 kB)
ut_pet_cannabis-set	Install the pinned encrypted-PDF reader	2026-09-13T07:12:40.3393002Z Downloading pikepdf-10.12.0-cp312-cp312-manylinux_2_27_x86_64.manylinux_2_28_x86_64.whl (2.3 MB)
ut_pet_cannabis-set	Install the pinned encrypted-PDF reader	2026-09-13T07:12:40.3831344Z    ━━━━━━━━━━━━━━━━━━━━━━━━━━━━━━━━━━━━━━━━ 2.3/2.3 MB 63.2 MB/s  0:00:00
ut_pet_cannabis-set	Install the pinned encrypted-PDF reader	2026-09-13T07:12:40.3867338Z Downloading lxml-6.1.3-cp312-cp312-manylinux_2_26_x86_64.manylinux_2_28_x86_64.whl (5.2 MB)
ut_pet_cannabis-set	Install the pinned encrypted-PDF reader	2026-09-13T07:12:40.4430979Z    ━━━━━━━━━━━━━━━━━━━━━━━━━━━━━━━━━━━━━━━━ 5.2/5.2 MB 94.4 MB/s  0:00:00
ut_pet_cannabis-set	Install the pinned encrypted-PDF reader	2026-09-13T07:12:40.4468695Z Downloading pillow-12.3.0-cp312-cp312-manylinux_2_27_x86_64.manylinux_2_28_x86_64.whl (6.9 MB)
ut_pet_cannabis-set	Install the pinned encrypted-PDF reader	2026-09-13T07:12:40.5074334Z    ━━━━━━━━━━━━━━━━━━━━━━━━━━━━━━━━━━━━━━━━ 6.9/6.9 MB 114.3 MB/s  0:00:00
ut_pet_cannabis-set	Install the pinned encrypted-PDF reader	2026-09-13T07:12:40.5108250Z Downloading packaging-26.3-py3-none-any.whl (129 kB)
ut_pet_cannabis-set	Install the pinned encrypted-PDF reader	2026-09-13T07:12:40.8671597Z Installing collected packages: Pillow, packaging, lxml, pikepdf
ut_pet_cannabis-set	Install the pinned encrypted-PDF reader	2026-09-13T07:12:41.3997416Z 
ut_pet_cannabis-set	Install the pinned encrypted-PDF reader	2026-09-13T07:12:41.4006929Z Successfully installed Pillow-12.3.0 lxml-6.1.3 packaging-26.3 pikepdf-10.12.0
ut_pet_cannabis-set	Provision the browser	﻿2026-09-13T07:12:41.4697046Z ##[group]Run set -euo pipefail
ut_pet_cannabis-set	Provision the browser	2026-09-13T07:12:41.4697327Z ^[[36;1mset -euo pipefail^[[0m
ut_pet_cannabis-set	Provision the browser	2026-09-13T07:12:41.4697602Z ^[[36;1mexport PLAYWRIGHT_BROWSERS_PATH="$HOME/.cache/ms-playwright"^[[0m
ut_pet_cannabis-set	Provision the browser	2026-09-13T07:12:41.4697954Z ^[[36;1mnpx --yes playwright install --with-deps chromium^[[0m
ut_pet_cannabis-set	Provision the browser	2026-09-13T07:12:41.4698312Z ^[[36;1mecho "PLAYWRIGHT_BROWSERS_PATH=$PLAYWRIGHT_BROWSERS_PATH" >> "$GITHUB_ENV"^[[0m
ut_pet_cannabis-set	Provision the browser	2026-09-13T07:12:41.4731054Z shell: /usr/bin/bash -e {0}
ut_pet_cannabis-set	Provision the browser	2026-09-13T07:12:41.4731255Z env:
ut_pet_cannabis-set	Provision the browser	2026-09-13T07:12:41.4731460Z   pythonLocation: /opt/hostedtoolcache/Python/3.12.14/x64
ut_pet_cannabis-set	Provision the browser	2026-09-13T07:12:41.4731786Z   PKG_CONFIG_PATH: /opt/hostedtoolcache/Python/3.12.14/x64/lib/pkgconfig
ut_pet_cannabis-set	Provision the browser	2026-09-13T07:12:41.4732195Z   Python_ROOT_DIR: /opt/hostedtoolcache/Python/3.12.14/x64
ut_pet_cannabis-set	Provision the browser	2026-09-13T07:12:41.4732479Z   Python2_ROOT_DIR: /opt/hostedtoolcache/Python/3.12.14/x64
ut_pet_cannabis-set	Provision the browser	2026-09-13T07:12:41.4732925Z   Python3_ROOT_DIR: /opt/hostedtoolcache/Python/3.12.14/x64
ut_pet_cannabis-set	Provision the browser	2026-09-13T07:12:41.4733216Z   LD_LIBRARY_PATH: /opt/hostedtoolcache/Python/3.12.14/x64/lib
ut_pet_cannabis-set	Provision the browser	2026-09-13T07:12:41.4733494Z ##[endgroup]
ut_pet_cannabis-set	Provision the browser	2026-09-13T07:12:42.0839030Z Installing dependencies...
ut_pet_cannabis-set	Provision the browser	2026-09-13T07:12:42.0888632Z Switching to root user to install dependencies...
ut_pet_cannabis-set	Provision the browser	2026-09-13T07:12:42.2537682Z Get:1 file:/etc/apt/apt-mirrors.txt Mirrorlist [144 B]
ut_pet_cannabis-set	Provision the browser	2026-09-13T07:12:42.2963423Z Hit:2 http://azure.archive.ubuntu.com/ubuntu noble InRelease
ut_pet_cannabis-set	Provision the browser	2026-09-13T07:12:42.2970312Z Get:6 https://packages.microsoft.com/ubuntu/24.04/prod noble InRelease [3600 B]
ut_pet_cannabis-set	Provision the browser	2026-09-13T07:12:42.3009747Z Get:3 http://azure.archive.ubuntu.com/ubuntu noble-updates InRelease [126 kB]
ut_pet_cannabis-set	Provision the browser	2026-09-13T07:12:42.3069888Z Get:4 http://azure.archive.ubuntu.com/ubuntu noble-backports InRelease [126 kB]
ut_pet_cannabis-set	Provision the browser	2026-09-13T07:12:42.3139826Z Get:5 http://azure.archive.ubuntu.com/ubuntu noble-security InRelease [126 kB]
ut_pet_cannabis-set	Provision the browser	2026-09-13T07:12:42.3724627Z Get:7 https://dl.google.com/linux/chrome-stable/deb stable InRelease [2548 B]
ut_pet_cannabis-set	Provision the browser	2026-09-13T07:12:42.4465079Z Get:8 https://packages.microsoft.com/ubuntu/24.04/prod noble/main amd64 Packages [463 kB]
ut_pet_cannabis-set	Provision the browser	2026-09-13T07:12:42.4622176Z Get:9 https://packages.microsoft.com/ubuntu/24.04/prod noble/main arm64 Packages [414 kB]
ut_pet_cannabis-set	Provision the browser	2026-09-13T07:12:42.4896951Z Get:10 http://azure.archive.ubuntu.com/ubuntu noble-updates/main amd64 Packages [1263 kB]
ut_pet_cannabis-set	Provision the browser	2026-09-13T07:12:42.4963441Z Get:11 http://azure.archive.ubuntu.com/ubuntu noble-updates/main Translation-en [292 kB]
ut_pet_cannabis-set	Provision the browser	2026-09-13T07:12:42.4973630Z Get:12 http://azure.archive.ubuntu.com/ubuntu noble-updates/main amd64 Components [180 kB]
ut_pet_cannabis-set	Provision the browser	2026-09-13T07:12:42.4989950Z Get:13 http://azure.archive.ubuntu.com/ubuntu noble-updates/universe amd64 Packages [1690 kB]
ut_pet_cannabis-set	Provision the browser	2026-09-13T07:12:42.5062201Z Get:14 http://azure.archive.ubuntu.com/ubuntu noble-updates/universe amd64 Components [388 kB]
ut_pet_cannabis-set	Provision the browser	2026-09-13T07:12:42.5085758Z Get:15 http://azure.archive.ubuntu.com/ubuntu noble-updates/restricted amd64 Packages [1544 kB]
ut_pet_cannabis-set	Provision the browser	2026-09-13T07:12:42.5150743Z Get:16 http://azure.archive.ubuntu.com/ubuntu noble-updates/restricted Translation-en [354 kB]
ut_pet_cannabis-set	Provision the browser	2026-09-13T07:12:42.5171374Z Get:17 http://azure.archive.ubuntu.com/ubuntu noble-updates/multiverse amd64 Components [940 B]
ut_pet_cannabis-set	Provision the browser	2026-09-13T07:12:42.5383748Z Get:18 http://azure.archive.ubuntu.com/ubuntu noble-backports/main amd64 Components [5748 B]
ut_pet_cannabis-set	Provision the browser	2026-09-13T07:12:42.5401339Z Get:19 http://azure.archive.ubuntu.com/ubuntu noble-backports/universe amd64 Components [12.6 kB]
ut_pet_cannabis-set	Provision the browser	2026-09-13T07:12:42.6273635Z Get:20 http://azure.archive.ubuntu.com/ubuntu noble-security/main amd64 Packages [1006 kB]
ut_pet_cannabis-set	Provision the browser	2026-09-13T07:12:42.6310960Z Get:21 http://azure.archive.ubuntu.com/ubuntu noble-security/main Translation-en [213 kB]
ut_pet_cannabis-set	Provision the browser	2026-09-13T07:12:42.6326804Z Get:22 http://azure.archive.ubuntu.com/ubuntu noble-security/main amd64 Components [46.4 kB]
ut_pet_cannabis-set	Provision the browser	2026-09-13T07:12:42.6339260Z Get:23 http://azure.archive.ubuntu.com/ubuntu noble-security/universe amd64 Packages [1206 kB]
ut_pet_cannabis-set	Provision the browser	2026-09-13T07:12:42.6395104Z Get:24 http://azure.archive.ubuntu.com/ubuntu noble-security/universe amd64 Components [76.3 kB]
ut_pet_cannabis-set	Provision the browser	2026-09-13T07:12:42.6407096Z Get:25 http://azure.archive.ubuntu.com/ubuntu noble-security/restricted amd64 Packages [1445 kB]
ut_pet_cannabis-set	Provision the browser	2026-09-13T07:12:42.6473230Z Get:26 http://azure.archive.ubuntu.com/ubuntu noble-security/restricted Translation-en [336 kB]
ut_pet_cannabis-set	Provision the browser	2026-09-13T07:12:42.6694017Z Get:27 https://dl.google.com/linux/chrome-stable/deb stable/main amd64 Packages [1409 B]
ut_pet_cannabis-set	Provision the browser	2026-09-13T07:12:52.6277189Z Fetched 11.3 MB in 1s (10.3 MB/s)
ut_pet_cannabis-set	Provision the browser	2026-09-13T07:12:53.2848974Z Reading package lists...
ut_pet_cannabis-set	Provision the browser	2026-09-13T07:12:53.3057548Z Reading package lists...
ut_pet_cannabis-set	Provision the browser	2026-09-13T07:12:53.4974412Z Building dependency tree...
ut_pet_cannabis-set	Provision the browser	2026-09-13T07:12:53.4980770Z Reading state information...
ut_pet_cannabis-set	Provision the browser	2026-09-13T07:12:53.6665731Z libasound2t64 is already the newest version (1.2.11-1ubuntu0.3).
ut_pet_cannabis-set	Provision the browser	2026-09-13T07:12:53.6666487Z libasound2t64 set to manually installed.
ut_pet_cannabis-set	Provision the browser	2026-09-13T07:12:53.6667100Z libatk-bridge2.0-0t64 is already the newest version (2.52.0-1build1).
ut_pet_cannabis-set	Provision the browser	2026-09-13T07:12:53.6667724Z libatk-bridge2.0-0t64 set to manually installed.
ut_pet_cannabis-set	Provision the browser	2026-09-13T07:12:53.6668753Z libatk1.0-0t64 is already the newest version (2.52.0-1build1).
ut_pet_cannabis-set	Provision the browser	2026-09-13T07:12:53.6669269Z libatk1.0-0t64 set to manually installed.
ut_pet_cannabis-set	Provision the browser	2026-09-13T07:12:53.6669728Z libatspi2.0-0t64 is already the newest version (2.52.0-1build1).
ut_pet_cannabis-set	Provision the browser	2026-09-13T07:12:53.6670087Z libatspi2.0-0t64 set to manually installed.
ut_pet_cannabis-set	Provision the browser	2026-09-13T07:12:53.6670413Z libcairo2 is already the newest version (1.18.0-3build1).
ut_pet_cannabis-set	Provision the browser	2026-09-13T07:12:53.6670714Z libcairo2 set to manually installed.
ut_pet_cannabis-set	Provision the browser	2026-09-13T07:12:53.6671039Z libcups2t64 is already the newest version (2.4.7-1.2ubuntu7.14).
ut_pet_cannabis-set	Provision the browser	2026-09-13T07:12:53.6671481Z libcups2t64 set to manually installed.
ut_pet_cannabis-set	Provision the browser	2026-09-13T07:12:53.6671823Z libdbus-1-3 is already the newest version (1.14.10-4ubuntu4.1).
ut_pet_cannabis-set	Provision the browser	2026-09-13T07:12:53.6674766Z libdbus-1-3 set to manually installed.
ut_pet_cannabis-set	Provision the browser	2026-09-13T07:12:53.6675245Z libdrm2 is already the newest version (2.4.125-1ubuntu0.1~24.04.2).
ut_pet_cannabis-set	Provision the browser	2026-09-13T07:12:53.6675659Z libdrm2 set to manually installed.
ut_pet_cannabis-set	Provision the browser	2026-09-13T07:12:53.6676137Z libgbm1 is already the newest version (25.2.8-0ubuntu0.24.04.2).
ut_pet_cannabis-set	Provision the browser	2026-09-13T07:12:53.6676592Z libgbm1 set to manually installed.
ut_pet_cannabis-set	Provision the browser	2026-09-13T07:12:53.6677098Z libglib2.0-0t64 is already the newest version (2.80.0-6ubuntu3.8).
ut_pet_cannabis-set	Provision the browser	2026-09-13T07:12:53.6677561Z libglib2.0-0t64 set to manually installed.
ut_pet_cannabis-set	Provision the browser	2026-09-13T07:12:53.6678043Z libnspr4 is already the newest version (2:4.35-1.1build1).
ut_pet_cannabis-set	Provision the browser	2026-09-13T07:12:53.6678520Z libnspr4 set to manually installed.
ut_pet_cannabis-set	Provision the browser	2026-09-13T07:12:53.6679010Z libnss3 is already the newest version (2:3.98-1ubuntu0.2).
ut_pet_cannabis-set	Provision the browser	2026-09-13T07:12:53.6679468Z libnss3 set to manually installed.
ut_pet_cannabis-set	Provision the browser	2026-09-13T07:12:53.6679980Z libpango-1.0-0 is already the newest version (1.52.1+ds-1build1).
ut_pet_cannabis-set	Provision the browser	2026-09-13T07:12:53.6680490Z libpango-1.0-0 set to manually installed.
ut_pet_cannabis-set	Provision the browser	2026-09-13T07:12:53.6680977Z libx11-6 is already the newest version (2:1.8.7-1build1).
ut_pet_cannabis-set	Provision the browser	2026-09-13T07:12:53.6681430Z libx11-6 set to manually installed.
ut_pet_cannabis-set	Provision the browser	2026-09-13T07:12:53.6681865Z libxcb1 is already the newest version (1.15-1ubuntu2).
ut_pet_cannabis-set	Provision the browser	2026-09-13T07:12:53.6682491Z libxcb1 set to manually installed.
ut_pet_cannabis-set	Provision the browser	2026-09-13T07:12:53.6683000Z libxcomposite1 is already the newest version (1:0.4.5-1build3).
ut_pet_cannabis-set	Provision the browser	2026-09-13T07:12:53.6683526Z libxcomposite1 set to manually installed.
ut_pet_cannabis-set	Provision the browser	2026-09-13T07:12:53.6684020Z libxdamage1 is already the newest version (1:1.1.6-1build1).
ut_pet_cannabis-set	Provision the browser	2026-09-13T07:12:53.6684511Z libxdamage1 set to manually installed.
ut_pet_cannabis-set	Provision the browser	2026-09-13T07:12:53.6684995Z libxext6 is already the newest version (2:1.3.4-1build2).
ut_pet_cannabis-set	Provision the browser	2026-09-13T07:12:53.6685462Z libxext6 set to manually installed.
ut_pet_cannabis-set	Provision the browser	2026-09-13T07:12:53.6685940Z libxfixes3 is already the newest version (1:6.0.0-2build1).
ut_pet_cannabis-set	Provision the browser	2026-09-13T07:12:53.6686422Z libxfixes3 set to manually installed.
ut_pet_cannabis-set	Provision the browser	2026-09-13T07:12:53.6686931Z libxkbcommon0 is already the newest version (1.6.0-1build1).
ut_pet_cannabis-set	Provision the browser	2026-09-13T07:12:53.6687423Z libxkbcommon0 set to manually installed.
ut_pet_cannabis-set	Provision the browser	2026-09-13T07:12:53.6687934Z libxrandr2 is already the newest version (2:1.5.2-2build1).
ut_pet_cannabis-set	Provision the browser	2026-09-13T07:12:53.6688396Z libxrandr2 set to manually installed.
ut_pet_cannabis-set	Provision the browser	2026-09-13T07:12:53.6688886Z xvfb is already the newest version (2:21.1.12-1ubuntu1.6).
ut_pet_cannabis-set	Provision the browser	2026-09-13T07:12:53.6689542Z fonts-noto-color-emoji is already the newest version (2.047-0ubuntu0.24.04.1).
ut_pet_cannabis-set	Provision the browser	2026-09-13T07:12:53.6690465Z libfontconfig1 is already the newest version (2.15.0-1.1ubuntu2).
ut_pet_cannabis-set	Provision the browser	2026-09-13T07:12:53.6690960Z libfontconfig1 set to manually installed.
ut_pet_cannabis-set	Provision the browser	2026-09-13T07:12:53.6691515Z libfreetype6 is already the newest version (2.13.2+dfsg-1ubuntu0.1).
ut_pet_cannabis-set	Provision the browser	2026-09-13T07:12:53.6692235Z libfreetype6 set to manually installed.
ut_pet_cannabis-set	Provision the browser	2026-09-13T07:12:53.6692648Z fonts-liberation is already the newest version (1:2.1.5-3).
ut_pet_cannabis-set	Provision the browser	2026-09-13T07:12:53.6692965Z fonts-liberation set to manually installed.
ut_pet_cannabis-set	Provision the browser	2026-09-13T07:12:53.6693276Z The following additional packages will be installed:
ut_pet_cannabis-set	Provision the browser	2026-09-13T07:12:53.6693555Z   xfonts-encodings xfonts-utils
ut_pet_cannabis-set	Provision the browser	2026-09-13T07:12:53.6693797Z Recommended packages:
ut_pet_cannabis-set	Provision the browser	2026-09-13T07:12:53.6694052Z   fonts-ipafont-mincho fonts-tlwg-loma
ut_pet_cannabis-set	Provision the browser	2026-09-13T07:12:53.7138979Z The following NEW packages will be installed:
ut_pet_cannabis-set	Provision the browser	2026-09-13T07:12:53.7140117Z   fonts-freefont-ttf fonts-ipafont-gothic fonts-tlwg-loma-otf fonts-unifont
ut_pet_cannabis-set	Provision the browser	2026-09-13T07:12:53.7147813Z   fonts-wqy-zenhei xfonts-cyrillic xfonts-encodings xfonts-scalable
ut_pet_cannabis-set	Provision the browser	2026-09-13T07:12:53.7148303Z   xfonts-utils
ut_pet_cannabis-set	Provision the browser	2026-09-13T07:12:53.7302283Z 0 upgraded, 9 newly installed, 0 to remove and 50 not upgraded.
ut_pet_cannabis-set	Provision the browser	2026-09-13T07:12:53.7302768Z Need to get 21.1 MB of archives.
ut_pet_cannabis-set	Provision the browser	2026-09-13T07:12:53.7303180Z After this operation, 79.5 MB of additional disk space will be used.
ut_pet_cannabis-set	Provision the browser	2026-09-13T07:12:53.7303753Z Get:1 file:/etc/apt/apt-mirrors.txt Mirrorlist [144 B]
ut_pet_cannabis-set	Provision the browser	2026-09-13T07:12:53.7907461Z Get:2 http://azure.archive.ubuntu.com/ubuntu noble/universe amd64 fonts-ipafont-gothic all 00303-21ubuntu1 [3513 kB]
ut_pet_cannabis-set	Provision the browser	2026-09-13T07:12:54.0794194Z Get:3 http://azure.archive.ubuntu.com/ubuntu noble/main amd64 fonts-freefont-ttf all 20211204+svn4273-2 [5641 kB]
ut_pet_cannabis-set	Provision the browser	2026-09-13T07:12:54.1917532Z Get:4 http://azure.archive.ubuntu.com/ubuntu noble/universe amd64 fonts-tlwg-loma-otf all 1:0.7.3-1 [107 kB]
ut_pet_cannabis-set	Provision the browser	2026-09-13T07:12:54.2379536Z Get:5 http://azure.archive.ubuntu.com/ubuntu noble/universe amd64 fonts-unifont all 1:15.1.01-1build1 [2993 kB]
ut_pet_cannabis-set	Provision the browser	2026-09-13T07:12:54.2982563Z Get:6 http://azure.archive.ubuntu.com/ubuntu noble/universe amd64 fonts-wqy-zenhei all 0.9.45-8 [7472 kB]
ut_pet_cannabis-set	Provision the browser	2026-09-13T07:12:54.4477015Z Get:7 http://azure.archive.ubuntu.com/ubuntu noble/main amd64 xfonts-encodings all 1:1.0.5-0ubuntu2 [578 kB]
ut_pet_cannabis-set	Provision the browser	2026-09-13T07:12:54.4966415Z Get:8 http://azure.archive.ubuntu.com/ubuntu noble/main amd64 xfonts-utils amd64 1:7.7+6build3 [94.4 kB]
ut_pet_cannabis-set	Provision the browser	2026-09-13T07:12:54.5426777Z Get:9 http://azure.archive.ubuntu.com/ubuntu noble/universe amd64 xfonts-cyrillic all 1:1.0.5+nmu1 [384 kB]
ut_pet_cannabis-set	Provision the browser	2026-09-13T07:12:54.5903911Z Get:10 http://azure.archive.ubuntu.com/ubuntu noble/main amd64 xfonts-scalable all 1:1.0.3-1.3 [304 kB]
ut_pet_cannabis-set	Provision the browser	2026-09-13T07:12:55.0129933Z Fetched 21.1 MB in 1s (24.2 MB/s)
ut_pet_cannabis-set	Provision the browser	2026-09-13T07:12:55.2341536Z Selecting previously unselected package fonts-ipafont-gothic.
ut_pet_cannabis-set	Provision the browser	2026-09-13T07:12:55.2775939Z (Reading database ... 
ut_pet_cannabis-set	Provision the browser	2026-09-13T07:12:55.2776246Z (Reading database ... 5%
ut_pet_cannabis-set	Provision the browser	2026-09-13T07:12:55.2776497Z (Reading database ... 10%
ut_pet_cannabis-set	Provision the browser	2026-09-13T07:12:55.2776703Z (Reading database ... 15%
ut_pet_cannabis-set	Provision the browser	2026-09-13T07:12:55.2776887Z (Reading database ... 20%
ut_pet_cannabis-set	Provision the browser	2026-09-13T07:12:55.2777082Z (Reading database ... 25%
ut_pet_cannabis-set	Provision the browser	2026-09-13T07:12:55.2777274Z (Reading database ... 30%
ut_pet_cannabis-set	Provision the browser	2026-09-13T07:12:55.2777462Z (Reading database ... 35%
ut_pet_cannabis-set	Provision the browser	2026-09-13T07:12:55.2777647Z (Reading database ... 40%
ut_pet_cannabis-set	Provision the browser	2026-09-13T07:12:55.2777834Z (Reading database ... 45%
ut_pet_cannabis-set	Provision the browser	2026-09-13T07:12:55.2778017Z (Reading database ... 50%
ut_pet_cannabis-set	Provision the browser	2026-09-13T07:12:55.5029866Z (Reading database ... 55%
ut_pet_cannabis-set	Provision the browser	2026-09-13T07:12:56.3962137Z (Reading database ... 60%
ut_pet_cannabis-set	Provision the browser	2026-09-13T07:12:56.7245812Z (Reading database ... 65%
ut_pet_cannabis-set	Provision the browser	2026-09-13T07:12:57.0789148Z (Reading database ... 70%
ut_pet_cannabis-set	Provision the browser	2026-09-13T07:12:57.4911193Z (Reading database ... 75%
ut_pet_cannabis-set	Provision the browser	2026-09-13T07:12:58.3426508Z (Reading database ... 80%
ut_pet_cannabis-set	Provision the browser	2026-09-13T07:12:59.0658932Z (Reading database ... 85%
ut_pet_cannabis-set	Provision the browser	2026-09-13T07:13:00.4676867Z (Reading database ... 90%
ut_pet_cannabis-set	Provision the browser	2026-09-13T07:13:02.2845675Z (Reading database ... 95%
ut_pet_cannabis-set	Provision the browser	2026-09-13T07:13:02.2846194Z (Reading database ... 100%
ut_pet_cannabis-set	Provision the browser	2026-09-13T07:13:02.2846700Z (Reading database ... 201818 files and directories currently installed.)
ut_pet_cannabis-set	Provision the browser	2026-09-13T07:13:02.2890758Z Preparing to unpack .../0-fonts-ipafont-gothic_00303-21ubuntu1_all.deb ...
ut_pet_cannabis-set	Provision the browser	2026-09-13T07:13:02.4038521Z Unpacking fonts-ipafont-gothic (00303-21ubuntu1) ...
ut_pet_cannabis-set	Provision the browser	2026-09-13T07:13:02.6373695Z Selecting previously unselected package fonts-freefont-ttf.
ut_pet_cannabis-set	Provision the browser	2026-09-13T07:13:02.6484658Z Preparing to unpack .../1-fonts-freefont-ttf_20211204+svn4273-2_all.deb ...
ut_pet_cannabis-set	Provision the browser	2026-09-13T07:13:02.6495144Z Unpacking fonts-freefont-ttf (20211204+svn4273-2) ...
ut_pet_cannabis-set	Provision the browser	2026-09-13T07:13:02.7677120Z Selecting previously unselected package fonts-tlwg-loma-otf.
ut_pet_cannabis-set	Provision the browser	2026-09-13T07:13:02.7794373Z Preparing to unpack .../2-fonts-tlwg-loma-otf_1%3a0.7.3-1_all.deb ...
ut_pet_cannabis-set	Provision the browser	2026-09-13T07:13:02.7803462Z Unpacking fonts-tlwg-loma-otf (1:0.7.3-1) ...
ut_pet_cannabis-set	Provision the browser	2026-09-13T07:13:02.8047723Z Selecting previously unselected package fonts-unifont.
ut_pet_cannabis-set	Provision the browser	2026-09-13T07:13:02.8164361Z Preparing to unpack .../3-fonts-unifont_1%3a15.1.01-1build1_all.deb ...
ut_pet_cannabis-set	Provision the browser	2026-09-13T07:13:02.8174402Z Unpacking fonts-unifont (1:15.1.01-1build1) ...
ut_pet_cannabis-set	Provision the browser	2026-09-13T07:13:03.0218835Z Selecting previously unselected package fonts-wqy-zenhei.
ut_pet_cannabis-set	Provision the browser	2026-09-13T07:13:03.0329377Z Preparing to unpack .../4-fonts-wqy-zenhei_0.9.45-8_all.deb ...
ut_pet_cannabis-set	Provision the browser	2026-09-13T07:13:03.0433472Z Unpacking fonts-wqy-zenhei (0.9.45-8) ...
ut_pet_cannabis-set	Provision the browser	2026-09-13T07:13:03.5097003Z Selecting previously unselected package xfonts-encodings.
ut_pet_cannabis-set	Provision the browser	2026-09-13T07:13:03.5206844Z Preparing to unpack .../5-xfonts-encodings_1%3a1.0.5-0ubuntu2_all.deb ...
ut_pet_cannabis-set	Provision the browser	2026-09-13T07:13:03.5214782Z Unpacking xfonts-encodings (1:1.0.5-0ubuntu2) ...
ut_pet_cannabis-set	Provision the browser	2026-09-13T07:13:03.5550707Z Selecting previously unselected package xfonts-utils.
ut_pet_cannabis-set	Provision the browser	2026-09-13T07:13:03.5662046Z Preparing to unpack .../6-xfonts-utils_1%3a7.7+6build3_amd64.deb ...
ut_pet_cannabis-set	Provision the browser	2026-09-13T07:13:03.5670408Z Unpacking xfonts-utils (1:7.7+6build3) ...
ut_pet_cannabis-set	Provision the browser	2026-09-13T07:13:03.6389455Z Selecting previously unselected package xfonts-cyrillic.
ut_pet_cannabis-set	Provision the browser	2026-09-13T07:13:03.6499078Z Preparing to unpack .../7-xfonts-cyrillic_1%3a1.0.5+nmu1_all.deb ...
ut_pet_cannabis-set	Provision the browser	2026-09-13T07:13:03.6507640Z Unpacking xfonts-cyrillic (1:1.0.5+nmu1) ...
ut_pet_cannabis-set	Provision the browser	2026-09-13T07:13:03.6858968Z Selecting previously unselected package xfonts-scalable.
ut_pet_cannabis-set	Provision the browser	2026-09-13T07:13:03.6969556Z Preparing to unpack .../8-xfonts-scalable_1%3a1.0.3-1.3_all.deb ...
ut_pet_cannabis-set	Provision the browser	2026-09-13T07:13:03.6977282Z Unpacking xfonts-scalable (1:1.0.3-1.3) ...
ut_pet_cannabis-set	Provision the browser	2026-09-13T07:13:03.7393862Z Setting up fonts-wqy-zenhei (0.9.45-8) ...
ut_pet_cannabis-set	Provision the browser	2026-09-13T07:13:03.7507508Z Setting up fonts-freefont-ttf (20211204+svn4273-2) ...
ut_pet_cannabis-set	Provision the browser	2026-09-13T07:13:03.7533209Z Setting up fonts-tlwg-loma-otf (1:0.7.3-1) ...
ut_pet_cannabis-set	Provision the browser	2026-09-13T07:13:03.7553762Z Setting up xfonts-encodings (1:1.0.5-0ubuntu2) ...
ut_pet_cannabis-set	Provision the browser	2026-09-13T07:13:03.7573683Z Setting up fonts-ipafont-gothic (00303-21ubuntu1) ...
ut_pet_cannabis-set	Provision the browser	2026-09-13T07:13:03.7634801Z update-alternatives: using /usr/share/fonts/opentype/ipafont-gothic/ipag.ttf to provide /usr/share/fonts/truetype/fonts-japanese-gothic.ttf (fonts-japanese-gothic.ttf) in auto mode
ut_pet_cannabis-set	Provision the browser	2026-09-13T07:13:03.7649148Z Setting up fonts-unifont (1:15.1.01-1build1) ...
ut_pet_cannabis-set	Provision the browser	2026-09-13T07:13:03.7670228Z Setting up xfonts-utils (1:7.7+6build3) ...
ut_pet_cannabis-set	Provision the browser	2026-09-13T07:13:03.7719879Z Setting up xfonts-cyrillic (1:1.0.5+nmu1) ...
ut_pet_cannabis-set	Provision the browser	2026-09-13T07:13:03.8120164Z Setting up xfonts-scalable (1:1.0.3-1.3) ...
ut_pet_cannabis-set	Provision the browser	2026-09-13T07:13:03.8510153Z Processing triggers for man-db (2.12.0-4build2) ...
ut_pet_cannabis-set	Provision the browser	2026-09-13T07:13:03.8529372Z Not building database; man-db/auto-update is not 'true'.
ut_pet_cannabis-set	Provision the browser	2026-09-13T07:13:03.8543558Z Processing triggers for fontconfig (2.15.0-1.1ubuntu2) ...
ut_pet_cannabis-set	Provision the browser	2026-09-13T07:13:05.2471632Z 
ut_pet_cannabis-set	Provision the browser	2026-09-13T07:13:05.2472451Z Running kernel seems to be up-to-date.
ut_pet_cannabis-set	Provision the browser	2026-09-13T07:13:05.2472755Z 
ut_pet_cannabis-set	Provision the browser	2026-09-13T07:13:05.2472934Z No services need to be restarted.
ut_pet_cannabis-set	Provision the browser	2026-09-13T07:13:05.2473155Z 
ut_pet_cannabis-set	Provision the browser	2026-09-13T07:13:05.2473328Z No containers need to be restarted.
ut_pet_cannabis-set	Provision the browser	2026-09-13T07:13:05.2473546Z 
ut_pet_cannabis-set	Provision the browser	2026-09-13T07:13:05.2473766Z No user sessions are running outdated binaries.
ut_pet_cannabis-set	Provision the browser	2026-09-13T07:13:05.2474013Z 
ut_pet_cannabis-set	Provision the browser	2026-09-13T07:13:05.2474371Z No VM guests are running outdated hypervisor (qemu) binaries on this host.
ut_pet_cannabis-set	Provision the browser	2026-09-13T07:13:06.1821438Z Downloading Chrome for Testing 148.0.7778.96 (playwright chromium v1223) from https://cdn.playwright.dev/builds/cft/148.0.7778.96/linux64/chrome-linux64.zip
ut_pet_cannabis-set	Provision the browser	2026-09-13T07:13:07.1490316Z |                                                                                |   0% of 175.4 MiB
ut_pet_cannabis-set	Provision the browser	2026-09-13T07:13:07.3134203Z |■■■■■■■■                                                                        |  10% of 175.4 MiB
ut_pet_cannabis-set	Provision the browser	2026-09-13T07:13:07.3939559Z |■■■■■■■■■■■■■■■■                                                                |  20% of 175.4 MiB
ut_pet_cannabis-set	Provision the browser	2026-09-13T07:13:07.4579438Z |■■■■■■■■■■■■■■■■■■■■■■■■                                                        |  30% of 175.4 MiB
ut_pet_cannabis-set	Provision the browser	2026-09-13T07:13:07.5174855Z |■■■■■■■■■■■■■■■■■■■■■■■■■■■■■■■■                                                |  40% of 175.4 MiB
ut_pet_cannabis-set	Provision the browser	2026-09-13T07:13:07.5840410Z |■■■■■■■■■■■■■■■■■■■■■■■■■■■■■■■■■■■■■■■■                                        |  50% of 175.4 MiB
ut_pet_cannabis-set	Provision the browser	2026-09-13T07:13:07.6604373Z |■■■■■■■■■■■■■■■■■■■■■■■■■■■■■■■■■■■■■■■■■■■■■■■■                                |  60% of 175.4 MiB
ut_pet_cannabis-set	Provision the browser	2026-09-13T07:13:07.7389724Z |■■■■■■■■■■■■■■■■■■■■■■■■■■■■■■■■■■■■■■■■■■■■■■■■■■■■■■■■                        |  70% of 175.4 MiB
ut_pet_cannabis-set	Provision the browser	2026-09-13T07:13:07.8048006Z |■■■■■■■■■■■■■■■■■■■■■■■■■■■■■■■■■■■■■■■■■■■■■■■■■■■■■■■■■■■■■■■■                |  80% of 175.4 MiB
ut_pet_cannabis-set	Provision the browser	2026-09-13T07:13:07.8953238Z |■■■■■■■■■■■■■■■■■■■■■■■■■■■■■■■■■■■■■■■■■■■■■■■■■■■■■■■■■■■■■■■■■■■■■■■■        |  90% of 175.4 MiB
ut_pet_cannabis-set	Provision the browser	2026-09-13T07:13:07.9527923Z |■■■■■■■■■■■■■■■■■■■■■■■■■■■■■■■■■■■■■■■■■■■■■■■■■■■■■■■■■■■■■■■■■■■■■■■■■■■■■■■■| 100% of 175.4 MiB
ut_pet_cannabis-set	Provision the browser	2026-09-13T07:13:09.9281093Z Chrome for Testing 148.0.7778.96 (playwright chromium v1223) downloaded to /home/runner/.cache/ms-playwright/chromium-1223
ut_pet_cannabis-set	Provision the browser	2026-09-13T07:13:09.9283603Z Downloading FFmpeg (playwright ffmpeg v1011) from https://cdn.playwright.dev/dbazure/download/playwright/builds/ffmpeg/1011/ffmpeg-linux.zip
ut_pet_cannabis-set	Provision the browser	2026-09-13T07:13:10.9722243Z |                                                                                |   0% of 2.3 MiB
ut_pet_cannabis-set	Provision the browser	2026-09-13T07:13:10.9957109Z |■■■■■■■■                                                                        |  10% of 2.3 MiB
ut_pet_cannabis-set	Provision the browser	2026-09-13T07:13:11.0058333Z |■■■■■■■■■■■■■■■■                                                                |  20% of 2.3 MiB
ut_pet_cannabis-set	Provision the browser	2026-09-13T07:13:11.0124372Z |■■■■■■■■■■■■■■■■■■■■■■■■                                                        |  30% of 2.3 MiB
ut_pet_cannabis-set	Provision the browser	2026-09-13T07:13:11.0198685Z |■■■■■■■■■■■■■■■■■■■■■■■■■■■■■■■■                                                |  40% of 2.3 MiB
ut_pet_cannabis-set	Provision the browser	2026-09-13T07:13:11.0224956Z |■■■■■■■■■■■■■■■■■■■■■■■■■■■■■■■■■■■■■■■■                                        |  50% of 2.3 MiB
ut_pet_cannabis-set	Provision the browser	2026-09-13T07:13:11.0287138Z |■■■■■■■■■■■■■■■■■■■■■■■■■■■■■■■■■■■■■■■■■■■■■■■■                                |  60% of 2.3 MiB
ut_pet_cannabis-set	Provision the browser	2026-09-13T07:13:11.0300587Z |■■■■■■■■■■■■■■■■■■■■■■■■■■■■■■■■■■■■■■■■■■■■■■■■■■■■■■■■                        |  70% of 2.3 MiB
ut_pet_cannabis-set	Provision the browser	2026-09-13T07:13:11.0318847Z |■■■■■■■■■■■■■■■■■■■■■■■■■■■■■■■■■■■■■■■■■■■■■■■■■■■■■■■■■■■■■■■■                |  80% of 2.3 MiB
ut_pet_cannabis-set	Provision the browser	2026-09-13T07:13:11.0367241Z |■■■■■■■■■■■■■■■■■■■■■■■■■■■■■■■■■■■■■■■■■■■■■■■■■■■■■■■■■■■■■■■■■■■■■■■■        |  90% of 2.3 MiB
ut_pet_cannabis-set	Provision the browser	2026-09-13T07:13:11.0377110Z |■■■■■■■■■■■■■■■■■■■■■■■■■■■■■■■■■■■■■■■■■■■■■■■■■■■■■■■■■■■■■■■■■■■■■■■■■■■■■■■■| 100% of 2.3 MiB
ut_pet_cannabis-set	Provision the browser	2026-09-13T07:13:11.0829789Z FFmpeg (playwright ffmpeg v1011) downloaded to /home/runner/.cache/ms-playwright/ffmpeg-1011
ut_pet_cannabis-set	Provision the browser	2026-09-13T07:13:11.0832791Z Downloading Chrome Headless Shell 148.0.7778.96 (playwright chromium-headless-shell v1223) from https://cdn.playwright.dev/builds/cft/148.0.7778.96/linux64/chrome-headless-shell-linux64.zip
ut_pet_cannabis-set	Provision the browser	2026-09-13T07:13:12.0422829Z |                                                                                |   0% of 113.2 MiB
ut_pet_cannabis-set	Provision the browser	2026-09-13T07:13:12.1872654Z |■■■■■■■■                                                                        |  10% of 113.2 MiB
ut_pet_cannabis-set	Provision the browser	2026-09-13T07:13:12.2318967Z |■■■■■■■■■■■■■■■■                                                                |  20% of 113.2 MiB
ut_pet_cannabis-set	Provision the browser	2026-09-13T07:13:12.2773715Z |■■■■■■■■■■■■■■■■■■■■■■■■                                                        |  30% of 113.2 MiB
ut_pet_cannabis-set	Provision the browser	2026-09-13T07:13:12.3148080Z |■■■■■■■■■■■■■■■■■■■■■■■■■■■■■■■■                                                |  40% of 113.2 MiB
ut_pet_cannabis-set	Provision the browser	2026-09-13T07:13:12.3538005Z |■■■■■■■■■■■■■■■■■■■■■■■■■■■■■■■■■■■■■■■■                                        |  50% of 113.2 MiB
ut_pet_cannabis-set	Provision the browser	2026-09-13T07:13:12.3925731Z |■■■■■■■■■■■■■■■■■■■■■■■■■■■■■■■■■■■■■■■■■■■■■■■■                                |  60% of 113.2 MiB
ut_pet_cannabis-set	Provision the browser	2026-09-13T07:13:12.4311760Z |■■■■■■■■■■■■■■■■■■■■■■■■■■■■■■■■■■■■■■■■■■■■■■■■■■■■■■■■                        |  70% of 113.2 MiB
ut_pet_cannabis-set	Provision the browser	2026-09-13T07:13:12.4695409Z |■■■■■■■■■■■■■■■■■■■■■■■■■■■■■■■■■■■■■■■■■■■■■■■■■■■■■■■■■■■■■■■■                |  80% of 113.2 MiB
ut_pet_cannabis-set	Provision the browser	2026-09-13T07:13:12.5116764Z |■■■■■■■■■■■■■■■■■■■■■■■■■■■■■■■■■■■■■■■■■■■■■■■■■■■■■■■■■■■■■■■■■■■■■■■■        |  90% of 113.2 MiB
ut_pet_cannabis-set	Provision the browser	2026-09-13T07:13:12.5580015Z |■■■■■■■■■■■■■■■■■■■■■■■■■■■■■■■■■■■■■■■■■■■■■■■■■■■■■■■■■■■■■■■■■■■■■■■■■■■■■■■■| 100% of 113.2 MiB
ut_pet_cannabis-set	Provision the browser	2026-09-13T07:13:13.9929061Z Chrome Headless Shell 148.0.7778.96 (playwright chromium-headless-shell v1223) downloaded to /home/runner/.cache/ms-playwright/chromium_headless_shell-1223
ut_pet_cannabis-set	Render and measure ut_pet_cannabis-set	﻿2026-09-13T07:13:14.0155753Z ##[group]Run node scripts/rcap-raster-batch.mjs \
ut_pet_cannabis-set	Render and measure ut_pet_cannabis-set	2026-09-13T07:13:14.0156277Z ^[[36;1mnode scripts/rcap-raster-batch.mjs \^[[0m
ut_pet_cannabis-set	Render and measure ut_pet_cannabis-set	2026-09-13T07:13:14.0156649Z ^[[36;1m  --manifest "$MANIFEST_PATH" \^[[0m
ut_pet_cannabis-set	Render and measure ut_pet_cannabis-set	2026-09-13T07:13:14.0156983Z ^[[36;1m  --family "$FAMILY" \^[[0m
ut_pet_cannabis-set	Render and measure ut_pet_cannabis-set	2026-09-13T07:13:14.0157292Z ^[[36;1m  --commit "$COMMIT_SHA" \^[[0m
ut_pet_cannabis-set	Render and measure ut_pet_cannabis-set	2026-09-13T07:13:14.0157619Z ^[[36;1m  --scale "$REQUESTED_SCALE" \^[[0m
ut_pet_cannabis-set	Render and measure ut_pet_cannabis-set	2026-09-13T07:13:14.0157966Z ^[[36;1m  --run-id "$WORKFLOW_RUN_ID" \^[[0m
ut_pet_cannabis-set	Render and measure ut_pet_cannabis-set	2026-09-13T07:13:14.0158300Z ^[[36;1m  --out raster-out^[[0m
ut_pet_cannabis-set	Render and measure ut_pet_cannabis-set	2026-09-13T07:13:14.0204876Z shell: /usr/bin/bash -e {0}
ut_pet_cannabis-set	Render and measure ut_pet_cannabis-set	2026-09-13T07:13:14.0205206Z env:
ut_pet_cannabis-set	Render and measure ut_pet_cannabis-set	2026-09-13T07:13:14.0205532Z   pythonLocation: /opt/hostedtoolcache/Python/3.12.14/x64
ut_pet_cannabis-set	Render and measure ut_pet_cannabis-set	2026-09-13T07:13:14.0206083Z   PKG_CONFIG_PATH: /opt/hostedtoolcache/Python/3.12.14/x64/lib/pkgconfig
ut_pet_cannabis-set	Render and measure ut_pet_cannabis-set	2026-09-13T07:13:14.0206623Z   Python_ROOT_DIR: /opt/hostedtoolcache/Python/3.12.14/x64
ut_pet_cannabis-set	Render and measure ut_pet_cannabis-set	2026-09-13T07:13:14.0207084Z   Python2_ROOT_DIR: /opt/hostedtoolcache/Python/3.12.14/x64
ut_pet_cannabis-set	Render and measure ut_pet_cannabis-set	2026-09-13T07:13:14.0207545Z   Python3_ROOT_DIR: /opt/hostedtoolcache/Python/3.12.14/x64
ut_pet_cannabis-set	Render and measure ut_pet_cannabis-set	2026-09-13T07:13:14.0208055Z   LD_LIBRARY_PATH: /opt/hostedtoolcache/Python/3.12.14/x64/lib
ut_pet_cannabis-set	Render and measure ut_pet_cannabis-set	2026-09-13T07:13:14.0208553Z   PLAYWRIGHT_BROWSERS_PATH: /home/runner/.cache/ms-playwright
ut_pet_cannabis-set	Render and measure ut_pet_cannabis-set	2026-09-13T07:13:14.0209260Z   MANIFEST_PATH: data/rcap-grade-a/packet-factory-24h/pf05/ut-cannabis-frozen-raster-manifest-20260913.json
ut_pet_cannabis-set	Render and measure ut_pet_cannabis-set	2026-09-13T07:13:14.0209887Z   FAMILY: ut_pet_cannabis-set
ut_pet_cannabis-set	Render and measure ut_pet_cannabis-set	2026-09-13T07:13:14.0210270Z   COMMIT_SHA: bccce268a0b9f56043cf663d2c232fb29d45d1a9
ut_pet_cannabis-set	Render and measure ut_pet_cannabis-set	2026-09-13T07:13:14.0210637Z   REQUESTED_SCALE: 2.5
ut_pet_cannabis-set	Render and measure ut_pet_cannabis-set	2026-09-13T07:13:14.0210908Z   WORKFLOW_RUN_ID: 34744433174
ut_pet_cannabis-set	Render and measure ut_pet_cannabis-set	2026-09-13T07:13:14.0215008Z   GH_TOKEN: ***
ut_pet_cannabis-set	Render and measure ut_pet_cannabis-set	2026-09-13T07:13:14.0215291Z ##[endgroup]
ut_pet_cannabis-set	Render and measure ut_pet_cannabis-set	2026-09-13T07:17:41.3518268Z RCAP_RECEIPT_BEGIN family=ut_pet_cannabis-set run=34744433174 commit=bccce268a0b9f56043cf663d2c232fb29d45d1a9
ut_pet_cannabis-set	Render and measure ut_pet_cannabis-set	2026-09-13T07:17:41.3577511Z RCAP_RECEIPT_VERDICT {"schemaVersion":"rcap-raster-family-verdict/v1","familyId":"ut_pet_cannabis-set","verdict":"RASTER_PASS","packetCommitSha":"bccce268a0b9f56043cf663d2c232fb29d45d1a9","workflowRunId":"34744433174","requestedScale":2.5,"cssPxPerPt":1.3333333333333333,"browserExecutable":"/home/runner/.cache/ms-playwright/chromium-1223/chrome-linux64/chrome","resolvedBy":"PLAYWRIGHT_BROWSERS_PATH","operatingSystem":"Linux 6.17.0-1022-azure x64","nodeVersion":"v22.23.2","hashesBound":{"canonical":{"path":"data/rcap-all50/overlays/census-v1/ut/ut-pet-cannabis-set--official-pdf-fill/fixtures/canonical.pdf","pinned":"f4910777945ca9d74da2b5a1f84d9a37581696dc47bc95546ee21ca9c628f207"},"boundary":{"path":"data/rcap-all50/overlays/census-v1/ut/ut-pet-cannabis-set--official-pdf-fill/fixtures/boundary.pdf","pinned":"e37c533a78f72029c9f078fb1115146c77c809326ebab8ff7ffc1e4aabda8d6c"}},"documentsRendered":[{"role":"canonical","document":"canonical.pdf","path":"data/rcap-all50/overlays/census-v1/ut/ut-pet-cannabis-set--official-pdf-fill/fixtures/canonical.pdf","pinned":"f4910777945ca9d74da2b5a1f84d9a37581696dc47bc95546ee21ca9c628f207"},{"role":"boundary","document":"boundary.pdf","path":"data/rcap-all50/overlays/census-v1/ut/ut-pet-cannabis-set--official-pdf-fill/fixtures/boundary.pdf","pinned":"e37c533a78f72029c9f078fb1115146c77c809326ebab8ff7ffc1e4aabda8d6c"}],"documentsDigest":"0664939d2e2d6dd32ee4fbd53c97d03beca7d343e02991a44c0baf9ff1e5095e","coversTheWholeFamily":true,"decryptionTransforms":[],"decryptionRule":"An encrypted source is hashed before any transform; Poppler and qpdf must independently agree on its page count; the temporary derivative is decrypted and serialized with explicit objects, then admitted only when geometry, decoded page content, fields/widgets, and XFA remain identical; only that temporary transport is passed to pdf-lib for calibrated rendering; the queued packet bytes are never modified.","pagesMeasured":24,"measurements":[{"kind":"canonical","document":"canonical.pdf","page":1,"png":"ut_pet_cannabis-set/canonical/page-001.png","bytes":329868,"pngSha256":"00d12fcaf9b1221b53a7ee8d77b3926dcddb5fc3a3d9f79ca14923bf1e20ab71","pngWidth":2040,"pngHeight":2640,"paper":{"x0":204,"y0":3,"x1":2243,"y1":2642,"width":2040,"height":2640},"pxPerPt":3.3333333333333335,"expectedPxPerPt":3.333333333333333,"pageWidthPt":612,"pageHeightPt":792,"expectedPx":{"width":2039.9999999999998,"height":2639.9999999999995,"tolerancePx":6.666666666666666},"calibrationResidualPx":0,"inkFractionInsidePaper":0.038764668746286396,"nonblank":true,"croppedToThePage":true},{"kind":"canonical","document":"canonical.pdf","page":2,"png":"ut_pet_cannabis-set/canonical/page-002.png","bytes":351637,"pngSha256":"170ffc66f013173b17dfab0ae245c5f82d3e878bf5bbc089d7ec82a378e5b7b3","pngWidth":2040,"pngHeight":2640,"paper":{"x0":204,"y0":3,"x1":2243,"y1":2642,"width":2040,"height":2640},"pxPerPt":3.3333333333333335,"expectedPxPerPt":3.333333333333333,"pageWidthPt":612,"pageHeightPt":792,"expectedPx":{"width":2039.9999999999998,"height":2639.9999999999995,"tolerancePx":6.666666666666666},"calibrationResidualPx":0,"inkFractionInsidePaper":0.04357434640522876,"nonblank":true,"croppedToThePage":true},{"kind":"canonical","document":"canonical.pdf","page":3,"png":"ut_pet_cannabis-set/canonical/page-003.png","bytes":412876,"pngSha256":"df4ea4c595db582f0362f8ec9d4ff2540602688a6b48d610e4c12284754f0241","pngWidth":2040,"pngHeight":2640,"paper":{"x0":204,"y0":3,"x1":2243,"y1":2642,"width":2040,"height":2640},"pxPerPt":3.3333333333333335,"expectedPxPerPt":3.333333333333333,"pageWidthPt":612,"pageHeightPt":792,"expectedPx":{"width":2039.9999999999998,"height":2639.9999999999995,"tolerancePx":6.666666666666666},"calibrationResidualPx":0,"inkFractionInsidePaper":0.05232638888888889,"nonblank":true,"croppedToThePage":true},{"kind":"canonical","document":"canonical.pdf","page":4,"png":"ut_pet_cannabis-set/canonical/page-004.png","bytes":164876,"pngSha256":"1ea27300cf103cd65a31dd4ae06bdb993720b845dcba406ccc350832eae23264","pngWidth":2040,"pngHeight":2640,"paper":{"x0":204,"y0":3,"x1":2243,"y1":2642,"width":2040,"height":2640},"pxPerPt":3.3333333333333335,"expectedPxPerPt":3.333333333333333,"pageWidthPt":612,"pageHeightPt":792,"expectedPx":{"width":2039.9999999999998,"height":2639.9999999999995,"tolerancePx":6.666666666666666},"calibrationResidualPx":0,"inkFractionInsidePaper":0.020008355614973262,"nonblank":true,"croppedToThePage":true},{"kind":"canonical","document":"canonical.pdf","page":5,"png":"ut_pet_cannabis-set/canonical/page-005.png","bytes":282916,"pngSha256":"6412f89ed239fd09b838c03e1b4621c5251a134ae01e1a65b8feead1d6be44f8","pngWidth":2040,"pngHeight":2640,"paper":{"x0":204,"y0":3,"x1":2243,"y1":2642,"width":2040,"height":2640},"pxPerPt":3.3333333333333335,"expectedPxPerPt":3.333333333333333,"pageWidthPt":612,"pageHeightPt":792,"expectedPx":{"width":2039.9999999999998,"height":2639.9999999999995,"tolerancePx":6.666666666666666},"calibrationResidualPx":0,"inkFractionInsidePaper":0.0349127302436126,"nonblank":true,"croppedToThePage":true},{"kind":"canonical","document":"canonical.pdf","page":6,"png":"ut_pet_cannabis-set/canonical/page-006.png","bytes":400391,"pngSha256":"7acf566aed4719226c283f91caaae4f1e155937dd907ed07fa576273493a5cac","pngWidth":2040,"pngHeight":2640,"paper":{"x0":204,"y0":3,"x1":2243,"y1":2642,"width":2040,"height":2640},"pxPerPt":3.3333333333333335,"expectedPxPerPt":3.333333333333333,"pageWidthPt":612,"pageHeightPt":792,"expectedPx":{"width":2039.9999999999998,"height":2639.9999999999995,"tolerancePx":6.666666666666666},"calibrationResidualPx":0,"inkFractionInsidePaper":0.053321449792038025,"nonblank":true,"croppedToThePage":true},{"kind":"canonical","document":"canonical.pdf","page":7,"png":"ut_pet_cannabis-set/canonical/page-007.png","bytes":181889,"pngSha256":"3c1d2c9fa21a550086ae20420e33278841cca79388f4d263be4c169939f2421e","pngWidth":2040,"pngHeight":2640,"paper":{"x0":204,"y0":3,"x1":2243,"y1":2642,"width":2040,"height":2640},"pxPerPt":3.3333333333333335,"expectedPxPerPt":3.333333333333333,"pageWidthPt":612,"pageHeightPt":792,"expectedPx":{"width":2039.9999999999998,"height":2639.9999999999995,"tolerancePx":6.666666666666666},"calibrationResidualPx":0,"inkFractionInsidePaper":0.0180590834818776,"nonblank":true,"croppedToThePage":true},{"kind":"canonical","document":"canonical.pdf","page":8,"png":"ut_pet_cannabis-set/canonical/page-008.png","bytes":578428,"pngSha256":"516e59c969571de124bf44e2c9e054ff2c7c67d03c5491cd62cea06d7451b8e4","pngWidth":2040,"pngHeight":2640,"paper":{"x0":204,"y0":3,"x1":2243,"y1":2642,"width":2040,"height":2640},"pxPerPt":3.3333333333333335,"expectedPxPerPt":3.333333333333333,"pageWidthPt":612,"pageHeightPt":792,"expectedPx":{"width":2039.9999999999998,"height":2639.9999999999995,"tolerancePx":6.666666666666666},"calibrationResidualPx":0,"inkFractionInsidePaper":0.07534183749257278,"nonblank":true,"croppedToThePage":true},{"kind":"canonical","document":"canonical.pdf","page":9,"png":"ut_pet_cannabis-set/canonical/page-009.png","bytes":890873,"pngSha256":"c3529819ec38a6a20b308887829c02737aa71dccaa83262138297258eca500ce","pngWidth":2040,"pngHeight":2640,"paper":{"x0":204,"y0":3,"x1":2243,"y1":2642,"width":2040,"height":2640},"pxPerPt":3.3333333333333335,"expectedPxPerPt":3.333333333333333,"pageWidthPt":612,"pageHeightPt":792,"expectedPx":{"width":2039.9999999999998,"height":2639.9999999999995,"tolerancePx":6.666666666666666},"calibrationResidualPx":0,"inkFractionInsidePaper":0.08429255793226381,"nonblank":true,"croppedToThePage":true},{"kind":"canonical","document":"canonical.pdf","page":10,"png":"ut_pet_cannabis-set/canonical/page-010.png","bytes":178447,"pngSha256":"2a1fa8b3c5a98bf2eadd4330e159bab8d26fe5550c9cb335c04230921b5965a6","pngWidth":2040,"pngHeight":2640,"paper":{"x0":204,"y0":3,"x1":2243,"y1":2642,"width":2040,"height":2640},"pxPerPt":3.3333333333333335,"expectedPxPerPt":3.333333333333333,"pageWidthPt":612,"pageHeightPt":792,"expectedPx":{"width":2039.9999999999998,"height":2639.9999999999995,"tolerancePx":6.666666666666666},"calibrationResidualPx":0,"inkFractionInsidePaper":0.021110739750445633,"nonblank":true,"croppedToThePage":true},{"kind":"canonical","document":"canonical.pdf","page":11,"png":"ut_pet_cannabis-set/canonical/page-011.png","bytes":249484,"pngSha256":"78ed134fb5a97b0ad107b71b498c8a7c271147e513a955c3eb67d9212b044d10","pngWidth":2040,"pngHeight":2640,"paper":{"x0":204,"y0":3,"x1":2243,"y1":2642,"width":2040,"height":2640},"pxPerPt":3.3333333333333335,"expectedPxPerPt":3.333333333333333,"pageWidthPt":612,"pageHeightPt":792,"expectedPx":{"width":2039.9999999999998,"height":2639.9999999999995,"tolerancePx":6.666666666666666},"calibrationResidualPx":0,"inkFractionInsidePaper":0.030740864527629235,"nonblank":true,"croppedToThePage":true},{"kind":"canonical","document":"canonical.pdf","page":12,"png":"ut_pet_cannabis-set/canonical/page-012.png","bytes":128434,"pngSha256":"f6e7ff3b15218ed5dcc7c14f0969674dac72cf092214af4555ccee8f4667dba4","pngWidth":2040,"pngHeight":2640,"paper":{"x0":204,"y0":3,"x1":2243,"y1":2642,"width":2040,"height":2640},"pxPerPt":3.3333333333333335,"expectedPxPerPt":3.333333333333333,"pageWidthPt":612,"pageHeightPt":792,"expectedPx":{"width":2039.9999999999998,"height":2639.9999999999995,"tolerancePx":6.666666666666666},"calibrationResidualPx":0,"inkFractionInsidePaper":0.013850081699346406,"nonblank":true,"croppedToThePage":true},{"kind":"boundary","document":"boundary.pdf","page":1,"png":"ut_pet_cannabis-set/boundary/page-001.png","bytes":338925,"pngSha256":"a6243275f657a7e7ca3b6b9bdcff2205a2033f9cc3c52ffab5732db6d66aeec1","pngWidth":2040,"pngHeight":2640,"paper":{"x0":204,"y0":3,"x1":2243,"y1":2642,"width":2040,"height":2640},"pxPerPt":3.3333333333333335,"expectedPxPerPt":3.333333333333333,"pageWidthPt":612,"pageHeightPt":792,"expectedPx":{"width":2039.9999999999998,"height":2639.9999999999995,"tolerancePx":6.666666666666666},"calibrationResidualPx":0,"inkFractionInsidePaper":0.03965741978609626,"nonblank":true,"croppedToThePage":true},{"kind":"boundary","document":"boundary.pdf","page":2,"png":"ut_pet_cannabis-set/boundary/page-002.png","bytes":351637,"pngSha256":"170ffc66f013173b17dfab0ae245c5f82d3e878bf5bbc089d7ec82a378e5b7b3","pngWidth":2040,"pngHeight":2640,"paper":{"x0":204,"y0":3,"x1":2243,"y1":2642,"width":2040,"height":2640},"pxPerPt":3.3333333333333335,"expectedPxPerPt":3.333333333333333,"pageWidthPt":612,"pageHeightPt":792,"expectedPx":{"width":2039.9999999999998,"height":2639.9999999999995,"tolerancePx":6.666666666666666},"calibrationResidualPx":0,"inkFractionInsidePaper":0.04357434640522876,"nonblank":true,"croppedToThePage":true},{"kind":"boundary","document":"boundary.pdf","page":3,"png":"ut_pet_cannabis-set/boundary/page-003.png","bytes":412876,"pngSha256":"df4ea4c595db582f0362f8ec9d4ff2540602688a6b48d610e4c12284754f0241","pngWidth":2040,"pngHeight":2640,"paper":{"x0":204,"y0":3,"x1":2243,"y1":2642,"width":2040,"height":2640},"pxPerPt":3.3333333333333335,"expectedPxPerPt":3.333333333333333,"pageWidthPt":612,"pageHeightPt":792,"expectedPx":{"width":2039.9999999999998,"height":2639.9999999999995,"tolerancePx":6.666666666666666},"calibrationResidualPx":0,"inkFractionInsidePaper":0.05232638888888889,"nonblank":true,"croppedToThePage":true},{"kind":"boundary","document":"boundary.pdf","page":4,"png":"ut_pet_cannabis-set/boundary/page-004.png","bytes":166305,"pngSha256":"4567c729821062316e5a4660ad057324ba2864a70808970fc0d2a28bcaad5c32","pngWidth":2040,"pngHeight":2640,"paper":{"x0":204,"y0":3,"x1":2243,"y1":2642,"width":2040,"height":2640},"pxPerPt":3.3333333333333335,"expectedPxPerPt":3.333333333333333,"pageWidthPt":612,"pageHeightPt":792,"expectedPx":{"width":2039.9999999999998,"height":2639.9999999999995,"tolerancePx":6.666666666666666},"calibrationResidualPx":0,"inkFractionInsidePaper":0.020323826500297088,"nonblank":true,"croppedToThePage":true},{"kind":"boundary","document":"boundary.pdf","page":5,"png":"ut_pet_cannabis-set/boundary/page-005.png","bytes":290137,"pngSha256":"f2b98d96336a754e961e10537787be5d74e10465a1f129ddf7834a1426bfcad7","pngWidth":2040,"pngHeight":2640,"paper":{"x0":204,"y0":3,"x1":2243,"y1":2642,"width":2040,"height":2640},"pxPerPt":3.3333333333333335,"expectedPxPerPt":3.333333333333333,"pageWidthPt":612,"pageHeightPt":792,"expectedPx":{"width":2039.9999999999998,"height":2639.9999999999995,"tolerancePx":6.666666666666666},"calibrationResidualPx":0,"inkFractionInsidePaper":0.03589107991681521,"nonblank":true,"croppedToThePage":true},{"kind":"boundary","document":"boundary.pdf","page":6,"png":"ut_pet_cannabis-set/boundary/page-006.png","bytes":400391,"pngSha256":"7acf566aed4719226c283f91caaae4f1e155937dd907ed07fa576273493a5cac","pngWidth":2040,"pngHeight":2640,"paper":{"x0":204,"y0":3,"x1":2243,"y1":2642,"width":2040,"height":2640},"pxPerPt":3.3333333333333335,"expectedPxPerPt":3.333333333333333,"pageWidthPt":612,"pageHeightPt":792,"expectedPx":{"width":2039.9999999999998,"height":2639.9999999999995,"tolerancePx":6.666666666666666},"calibrationResidualPx":0,"inkFractionInsidePaper":0.053321449792038025,"nonblank":true,"croppedToThePage":true},{"kind":"boundary","document":"boundary.pdf","page":7,"png":"ut_pet_cannabis-set/boundary/page-007.png","bytes":183579,"pngSha256":"23c881d2ee4ea1a4fe2fc3413c9665505427a55d44045571b34507d0358d81a3","pngWidth":2040,"pngHeight":2640,"paper":{"x0":204,"y0":3,"x1":2243,"y1":2642,"width":2040,"height":2640},"pxPerPt":3.3333333333333335,"expectedPxPerPt":3.333333333333333,"pageWidthPt":612,"pageHeightPt":792,"expectedPx":{"width":2039.9999999999998,"height":2639.9999999999995,"tolerancePx":6.666666666666666},"calibrationResidualPx":0,"inkFractionInsidePaper":0.018374554367201427,"nonblank":true,"croppedToThePage":true},{"kind":"boundary","document":"boundary.pdf","page":8,"png":"ut_pet_cannabis-set/boundary/page-008.png","bytes":593401,"pngSha256":"efca6915b84a96879ca382e032d3b242da5833317fcfd230c1c94ca87d93af47","pngWidth":2040,"pngHeight":2640,"paper":{"x0":204,"y0":3,"x1":2243,"y1":2642,"width":2040,"height":2640},"pxPerPt":3.3333333333333335,"expectedPxPerPt":3.333333333333333,"pageWidthPt":612,"pageHeightPt":792,"expectedPx":{"width":2039.9999999999998,"height":2639.9999999999995,"tolerancePx":6.666666666666666},"calibrationResidualPx":0,"inkFractionInsidePaper":0.07734291443850268,"nonblank":true,"croppedToThePage":true},{"kind":"boundary","document":"boundary.pdf","page":9,"png":"ut_pet_cannabis-set/boundary/page-009.png","bytes":890873,"pngSha256":"c3529819ec38a6a20b308887829c02737aa71dccaa83262138297258eca500ce","pngWidth":2040,"pngHeight":2640,"paper":{"x0":204,"y0":3,"x1":2243,"y1":2642,"width":2040,"height":2640},"pxPerPt":3.3333333333333335,"expectedPxPerPt":3.333333333333333,"pageWidthPt":612,"pageHeightPt":792,"expectedPx":{"width":2039.9999999999998,"height":2639.9999999999995,"tolerancePx":6.666666666666666},"calibrationResidualPx":0,"inkFractionInsidePaper":0.08429255793226381,"nonblank":true,"croppedToThePage":true},{"kind":"boundary","document":"boundary.pdf","page":10,"png":"ut_pet_cannabis-set/boundary/page-010.png","bytes":178447,"pngSha256":"2a1fa8b3c5a98bf2eadd4330e159bab8d26fe5550c9cb335c04230921b5965a6","pngWidth":2040,"pngHeight":2640,"paper":{"x0":204,"y0":3,"x1":2243,"y1":2642,"width":2040,"height":2640},"pxPerPt":3.3333333333333335,"expectedPxPerPt":3.333333333333333,"pageWidthPt":612,"pageHeightPt":792,"expectedPx":{"width":2039.9999999999998,"height":2639.9999999999995,"tolerancePx":6.666666666666666},"calibrationResidualPx":0,"inkFractionInsidePaper":0.021110739750445633,"nonblank":true,"croppedToThePage":true},{"kind":"boundary","document":"boundary.pdf","page":11,"png":"ut_pet_cannabis-set/boundary/page-011.png","bytes":249484,"pngSha256":"78ed134fb5a97b0ad107b71b498c8a7c271147e513a955c3eb67d9212b044d10","pngWidth":2040,"pngHeight":2640,"paper":{"x0":204,"y0":3,"x1":2243,"y1":2642,"width":2040,"height":2640},"pxPerPt":3.3333333333333335,"expectedPxPerPt":3.333333333333333,"pageWidthPt":612,"pageHeightPt":792,"expectedPx":{"width":2039.9999999999998,"height":2639.9999999999995,"tolerancePx":6.666666666666666},"calibrationResidualPx":0,"inkFractionInsidePaper":0.030740864527629235,"nonblank":true,"croppedToThePage":true},{"kind":"boundary","document":"boundary.pdf","page":12,"png":"ut_pet_cannabis-set/boundary/page-012.png","bytes":128434,"pngSha256":"f6e7ff3b15218ed5dcc7c14f0969674dac72cf092214af4555ccee8f4667dba4","pngWidth":2040,"pngHeight":2640,"paper":{"x0":204,"y0":3,"x1":2243,"y1":2642,"width":2040,"height":2640},"pxPerPt":3.3333333333333335,"expectedPxPerPt":3.333333333333333,"pageWidthPt":612,"pageHeightPt":792,"expectedPx":{"width":2039.9999999999998,"height":2639.9999999999995,"tolerancePx":6.666666666666666},"calibrationResidualPx":0,"inkFractionInsidePaper":0.013850081699346406,"nonblank":true,"croppedToThePage":true}],"problems":[],"environmentProblems":[],"whatThisDoesNotDecide":"This is one gate. RASTER_PASS does not make a family PASS_COMPLETE, promotes nothing, and opens no commercial route.","packetPdfsModified":0,"bodiesCommitted":0,"commercialRoutesOpened":0,"productionTouched":false}
ut_pet_cannabis-set	Render and measure ut_pet_cannabis-set	2026-09-13T07:17:41.3636329Z RCAP_RECEIPT_INVENTORY [{"runId":"34744433174","familyId":"ut_pet_cannabis-set","member":"ut_pet_cannabis-set/canonical/page-001.png","bytes":329868,"sha256":"00d12fcaf9b1221b53a7ee8d77b3926dcddb5fc3a3d9f79ca14923bf1e20ab71","pngWidth":2040,"pngHeight":2640},{"runId":"34744433174","familyId":"ut_pet_cannabis-set","member":"ut_pet_cannabis-set/canonical/page-002.png","bytes":351637,"sha256":"170ffc66f013173b17dfab0ae245c5f82d3e878bf5bbc089d7ec82a378e5b7b3","pngWidth":2040,"pngHeight":2640},{"runId":"34744433174","familyId":"ut_pet_cannabis-set","member":"ut_pet_cannabis-set/canonical/page-003.png","bytes":412876,"sha256":"df4ea4c595db582f0362f8ec9d4ff2540602688a6b48d610e4c12284754f0241","pngWidth":2040,"pngHeight":2640},{"runId":"34744433174","familyId":"ut_pet_cannabis-set","member":"ut_pet_cannabis-set/canonical/page-004.png","bytes":164876,"sha256":"1ea27300cf103cd65a31dd4ae06bdb993720b845dcba406ccc350832eae23264","pngWidth":2040,"pngHeight":2640},{"runId":"34744433174","familyId":"ut_pet_cannabis-set","member":"ut_pet_cannabis-set/canonical/page-005.png","bytes":282916,"sha256":"6412f89ed239fd09b838c03e1b4621c5251a134ae01e1a65b8feead1d6be44f8","pngWidth":2040,"pngHeight":2640},{"runId":"34744433174","familyId":"ut_pet_cannabis-set","member":"ut_pet_cannabis-set/canonical/page-006.png","bytes":400391,"sha256":"7acf566aed4719226c283f91caaae4f1e155937dd907ed07fa576273493a5cac","pngWidth":2040,"pngHeight":2640},{"runId":"34744433174","familyId":"ut_pet_cannabis-set","member":"ut_pet_cannabis-set/canonical/page-007.png","bytes":181889,"sha256":"3c1d2c9fa21a550086ae20420e33278841cca79388f4d263be4c169939f2421e","pngWidth":2040,"pngHeight":2640},{"runId":"34744433174","familyId":"ut_pet_cannabis-set","member":"ut_pet_cannabis-set/canonical/page-008.png","bytes":578428,"sha256":"516e59c969571de124bf44e2c9e054ff2c7c67d03c5491cd62cea06d7451b8e4","pngWidth":2040,"pngHeight":2640},{"runId":"34744433174","familyId":"ut_pet_cannabis-set","member":"ut_pet_cannabis-set/canonical/page-009.png","bytes":890873,"sha256":"c3529819ec38a6a20b308887829c02737aa71dccaa83262138297258eca500ce","pngWidth":2040,"pngHeight":2640},{"runId":"34744433174","familyId":"ut_pet_cannabis-set","member":"ut_pet_cannabis-set/canonical/page-010.png","bytes":178447,"sha256":"2a1fa8b3c5a98bf2eadd4330e159bab8d26fe5550c9cb335c04230921b5965a6","pngWidth":2040,"pngHeight":2640},{"runId":"34744433174","familyId":"ut_pet_cannabis-set","member":"ut_pet_cannabis-set/canonical/page-011.png","bytes":249484,"sha256":"78ed134fb5a97b0ad107b71b498c8a7c271147e513a955c3eb67d9212b044d10","pngWidth":2040,"pngHeight":2640},{"runId":"34744433174","familyId":"ut_pet_cannabis-set","member":"ut_pet_cannabis-set/canonical/page-012.png","bytes":128434,"sha256":"f6e7ff3b15218ed5dcc7c14f0969674dac72cf092214af4555ccee8f4667dba4","pngWidth":2040,"pngHeight":2640},{"runId":"34744433174","familyId":"ut_pet_cannabis-set","member":"ut_pet_cannabis-set/boundary/page-001.png","bytes":338925,"sha256":"a6243275f657a7e7ca3b6b9bdcff2205a2033f9cc3c52ffab5732db6d66aeec1","pngWidth":2040,"pngHeight":2640},{"runId":"34744433174","familyId":"ut_pet_cannabis-set","member":"ut_pet_cannabis-set/boundary/page-002.png","bytes":351637,"sha256":"170ffc66f013173b17dfab0ae245c5f82d3e878bf5bbc089d7ec82a378e5b7b3","pngWidth":2040,"pngHeight":2640},{"runId":"34744433174","familyId":"ut_pet_cannabis-set","member":"ut_pet_cannabis-set/boundary/page-003.png","bytes":412876,"sha256":"df4ea4c595db582f0362f8ec9d4ff2540602688a6b48d610e4c12284754f0241","pngWidth":2040,"pngHeight":2640},{"runId":"34744433174","familyId":"ut_pet_cannabis-set","member":"ut_pet_cannabis-set/boundary/page-004.png","bytes":166305,"sha256":"4567c729821062316e5a4660ad057324ba2864a70808970fc0d2a28bcaad5c32","pngWidth":2040,"pngHeight":2640},{"runId":"34744433174","familyId":"ut_pet_cannabis-set","member":"ut_pet_cannabis-set/boundary/page-005.png","bytes":290137,"sha256":"f2b98d96336a754e961e10537787be5d74e10465a1f129ddf7834a1426bfcad7","pngWidth":2040,"pngHeight":2640},{"runId":"34744433174","familyId":"ut_pet_cannabis-set","member":"ut_pet_cannabis-set/boundary/page-006.png","bytes":400391,"sha256":"7acf566aed4719226c283f91caaae4f1e155937dd907ed07fa576273493a5cac","pngWidth":2040,"pngHeight":2640},{"runId":"34744433174","familyId":"ut_pet_cannabis-set","member":"ut_pet_cannabis-set/boundary/page-007.png","bytes":183579,"sha256":"23c881d2ee4ea1a4fe2fc3413c9665505427a55d44045571b34507d0358d81a3","pngWidth":2040,"pngHeight":2640},{"runId":"34744433174","familyId":"ut_pet_cannabis-set","member":"ut_pet_cannabis-set/boundary/page-008.png","bytes":593401,"sha256":"efca6915b84a96879ca382e032d3b242da5833317fcfd230c1c94ca87d93af47","pngWidth":2040,"pngHeight":2640},{"runId":"34744433174","familyId":"ut_pet_cannabis-set","member":"ut_pet_cannabis-set/boundary/page-009.png","bytes":890873,"sha256":"c3529819ec38a6a20b308887829c02737aa71dccaa83262138297258eca500ce","pngWidth":2040,"pngHeight":2640},{"runId":"34744433174","familyId":"ut_pet_cannabis-set","member":"ut_pet_cannabis-set/boundary/page-010.png","bytes":178447,"sha256":"2a1fa8b3c5a98bf2eadd4330e159bab8d26fe5550c9cb335c04230921b5965a6","pngWidth":2040,"pngHeight":2640},{"runId":"34744433174","familyId":"ut_pet_cannabis-set","member":"ut_pet_cannabis-set/boundary/page-011.png","bytes":249484,"sha256":"78ed134fb5a97b0ad107b71b498c8a7c271147e513a955c3eb67d9212b044d10","pngWidth":2040,"pngHeight":2640},{"runId":"34744433174","familyId":"ut_pet_cannabis-set","member":"ut_pet_cannabis-set/boundary/page-012.png","bytes":128434,"sha256":"f6e7ff3b15218ed5dcc7c14f0969674dac72cf092214af4555ccee8f4667dba4","pngWidth":2040,"pngHeight":2640}]
ut_pet_cannabis-set	Render and measure ut_pet_cannabis-set	2026-09-13T07:17:41.3651053Z RCAP_RECEIPT_END family=ut_pet_cannabis-set run=34744433174 pages=24
ut_pet_cannabis-set	Render and measure ut_pet_cannabis-set	2026-09-13T07:17:41.3652081Z RASTER_PASS ut_pet_cannabis-set — 2 document(s), 24 page(s) measured, 0 problem(s)
ut_pet_cannabis-set	Print the verdict and the page digests to the log	﻿2026-09-13T07:17:41.3697067Z ##[group]Run set -uo pipefail
ut_pet_cannabis-set	Print the verdict and the page digests to the log	2026-09-13T07:17:41.3697339Z ^[[36;1mset -uo pipefail^[[0m
ut_pet_cannabis-set	Print the verdict and the page digests to the log	2026-09-13T07:17:41.3697554Z ^[[36;1mfor v in raster-out/*.verdict.json; do^[[0m
ut_pet_cannabis-set	Print the verdict and the page digests to the log	2026-09-13T07:17:41.3697791Z ^[[36;1m  [ -e "$v" ] || continue^[[0m
ut_pet_cannabis-set	Print the verdict and the page digests to the log	2026-09-13T07:17:41.3698029Z ^[[36;1m  echo "===== BEGIN VERDICT $(basename "$v") ====="^[[0m
ut_pet_cannabis-set	Print the verdict and the page digests to the log	2026-09-13T07:17:41.3698278Z ^[[36;1m  cat "$v"^[[0m
ut_pet_cannabis-set	Print the verdict and the page digests to the log	2026-09-13T07:17:41.3698495Z ^[[36;1m  echo "===== END VERDICT $(basename "$v") ====="^[[0m
ut_pet_cannabis-set	Print the verdict and the page digests to the log	2026-09-13T07:17:41.3698728Z ^[[36;1mdone^[[0m
ut_pet_cannabis-set	Print the verdict and the page digests to the log	2026-09-13T07:17:41.3698907Z ^[[36;1mecho "===== BEGIN PAGE DIGESTS ====="^[[0m
ut_pet_cannabis-set	Print the verdict and the page digests to the log	2026-09-13T07:17:41.3699248Z ^[[36;1mfind raster-out -type f -name '*.png' -print0 | sort -z | xargs -0 -r sha256sum^[[0m
ut_pet_cannabis-set	Print the verdict and the page digests to the log	2026-09-13T07:17:41.3699579Z ^[[36;1mecho "===== END PAGE DIGESTS ====="^[[0m
ut_pet_cannabis-set	Print the verdict and the page digests to the log	2026-09-13T07:17:41.3732926Z shell: /usr/bin/bash -e {0}
ut_pet_cannabis-set	Print the verdict and the page digests to the log	2026-09-13T07:17:41.3733136Z env:
ut_pet_cannabis-set	Print the verdict and the page digests to the log	2026-09-13T07:17:41.3733351Z   pythonLocation: /opt/hostedtoolcache/Python/3.12.14/x64
ut_pet_cannabis-set	Print the verdict and the page digests to the log	2026-09-13T07:17:41.3733684Z   PKG_CONFIG_PATH: /opt/hostedtoolcache/Python/3.12.14/x64/lib/pkgconfig
ut_pet_cannabis-set	Print the verdict and the page digests to the log	2026-09-13T07:17:41.3734039Z   Python_ROOT_DIR: /opt/hostedtoolcache/Python/3.12.14/x64
ut_pet_cannabis-set	Print the verdict and the page digests to the log	2026-09-13T07:17:41.3734326Z   Python2_ROOT_DIR: /opt/hostedtoolcache/Python/3.12.14/x64
ut_pet_cannabis-set	Print the verdict and the page digests to the log	2026-09-13T07:17:41.3734613Z   Python3_ROOT_DIR: /opt/hostedtoolcache/Python/3.12.14/x64
ut_pet_cannabis-set	Print the verdict and the page digests to the log	2026-09-13T07:17:41.3734902Z   LD_LIBRARY_PATH: /opt/hostedtoolcache/Python/3.12.14/x64/lib
ut_pet_cannabis-set	Print the verdict and the page digests to the log	2026-09-13T07:17:41.3735376Z   PLAYWRIGHT_BROWSERS_PATH: /home/runner/.cache/ms-playwright
ut_pet_cannabis-set	Print the verdict and the page digests to the log	2026-09-13T07:17:41.3735650Z ##[endgroup]
ut_pet_cannabis-set	Print the verdict and the page digests to the log	2026-09-13T07:17:41.3799795Z ===== BEGIN VERDICT ut_pet_cannabis-set.verdict.json =====
ut_pet_cannabis-set	Print the verdict and the page digests to the log	2026-09-13T07:17:41.3807922Z {
ut_pet_cannabis-set	Print the verdict and the page digests to the log	2026-09-13T07:17:41.3808499Z   "schemaVersion": "rcap-raster-family-verdict/v1",
ut_pet_cannabis-set	Print the verdict and the page digests to the log	2026-09-13T07:17:41.3808933Z   "familyId": "ut_pet_cannabis-set",
ut_pet_cannabis-set	Print the verdict and the page digests to the log	2026-09-13T07:17:41.3809282Z   "verdict": "RASTER_PASS",
ut_pet_cannabis-set	Print the verdict and the page digests to the log	2026-09-13T07:17:41.3809724Z   "packetCommitSha": "bccce268a0b9f56043cf663d2c232fb29d45d1a9",
ut_pet_cannabis-set	Print the verdict and the page digests to the log	2026-09-13T07:17:41.3810188Z   "workflowRunId": "34744433174",
ut_pet_cannabis-set	Print the verdict and the page digests to the log	2026-09-13T07:17:41.3810542Z   "requestedScale": 2.5,
ut_pet_cannabis-set	Print the verdict and the page digests to the log	2026-09-13T07:17:41.3810856Z   "cssPxPerPt": 1.3333333333333333,
ut_pet_cannabis-set	Print the verdict and the page digests to the log	2026-09-13T07:17:41.3811419Z   "browserExecutable": "/home/runner/.cache/ms-playwright/chromium-1223/chrome-linux64/chrome",
ut_pet_cannabis-set	Print the verdict and the page digests to the log	2026-09-13T07:17:41.3812130Z   "resolvedBy": "PLAYWRIGHT_BROWSERS_PATH",
ut_pet_cannabis-set	Print the verdict and the page digests to the log	2026-09-13T07:17:41.3812557Z   "operatingSystem": "Linux 6.17.0-1022-azure x64",
ut_pet_cannabis-set	Print the verdict and the page digests to the log	2026-09-13T07:17:41.3812950Z   "nodeVersion": "v22.23.2",
ut_pet_cannabis-set	Print the verdict and the page digests to the log	2026-09-13T07:17:41.3813246Z   "hashesBound": {
ut_pet_cannabis-set	Print the verdict and the page digests to the log	2026-09-13T07:17:41.3813509Z     "canonical": {
ut_pet_cannabis-set	Print the verdict and the page digests to the log	2026-09-13T07:17:41.3814038Z       "path": "data/rcap-all50/overlays/census-v1/ut/ut-pet-cannabis-set--official-pdf-fill/fixtures/canonical.pdf",
ut_pet_cannabis-set	Print the verdict and the page digests to the log	2026-09-13T07:17:41.3814880Z       "pinned": "f4910777945ca9d74da2b5a1f84d9a37581696dc47bc95546ee21ca9c628f207"
ut_pet_cannabis-set	Print the verdict and the page digests to the log	2026-09-13T07:17:41.3815345Z     },
ut_pet_cannabis-set	Print the verdict and the page digests to the log	2026-09-13T07:17:41.3815575Z     "boundary": {
ut_pet_cannabis-set	Print the verdict and the page digests to the log	2026-09-13T07:17:41.3816196Z       "path": "data/rcap-all50/overlays/census-v1/ut/ut-pet-cannabis-set--official-pdf-fill/fixtures/boundary.pdf",
ut_pet_cannabis-set	Print the verdict and the page digests to the log	2026-09-13T07:17:41.3817024Z       "pinned": "e37c533a78f72029c9f078fb1115146c77c809326ebab8ff7ffc1e4aabda8d6c"
ut_pet_cannabis-set	Print the verdict and the page digests to the log	2026-09-13T07:17:41.3817477Z     }
ut_pet_cannabis-set	Print the verdict and the page digests to the log	2026-09-13T07:17:41.3817686Z   },
ut_pet_cannabis-set	Print the verdict and the page digests to the log	2026-09-13T07:17:41.3817879Z   "documentsRendered": [
ut_pet_cannabis-set	Print the verdict and the page digests to the log	2026-09-13T07:17:41.3818059Z     {
ut_pet_cannabis-set	Print the verdict and the page digests to the log	2026-09-13T07:17:41.3818209Z       "role": "canonical",
ut_pet_cannabis-set	Print the verdict and the page digests to the log	2026-09-13T07:17:41.3818412Z       "document": "canonical.pdf",
ut_pet_cannabis-set	Print the verdict and the page digests to the log	2026-09-13T07:17:41.3818858Z       "path": "data/rcap-all50/overlays/census-v1/ut/ut-pet-cannabis-set--official-pdf-fill/fixtures/canonical.pdf",
ut_pet_cannabis-set	Print the verdict and the page digests to the log	2026-09-13T07:17:41.3819395Z       "pinned": "f4910777945ca9d74da2b5a1f84d9a37581696dc47bc95546ee21ca9c628f207"
ut_pet_cannabis-set	Print the verdict and the page digests to the log	2026-09-13T07:17:41.3819689Z     },
ut_pet_cannabis-set	Print the verdict and the page digests to the log	2026-09-13T07:17:41.3819828Z     {
ut_pet_cannabis-set	Print the verdict and the page digests to the log	2026-09-13T07:17:41.3819978Z       "role": "boundary",
ut_pet_cannabis-set	Print the verdict and the page digests to the log	2026-09-13T07:17:41.3820296Z       "document": "boundary.pdf",
ut_pet_cannabis-set	Print the verdict and the page digests to the log	2026-09-13T07:17:41.3820826Z       "path": "data/rcap-all50/overlays/census-v1/ut/ut-pet-cannabis-set--official-pdf-fill/fixtures/boundary.pdf",
ut_pet_cannabis-set	Print the verdict and the page digests to the log	2026-09-13T07:17:41.3821512Z       "pinned": "e37c533a78f72029c9f078fb1115146c77c809326ebab8ff7ffc1e4aabda8d6c"
ut_pet_cannabis-set	Print the verdict and the page digests to the log	2026-09-13T07:17:41.3822559Z     }
ut_pet_cannabis-set	Print the verdict and the page digests to the log	2026-09-13T07:17:41.3822785Z   ],
ut_pet_cannabis-set	Print the verdict and the page digests to the log	2026-09-13T07:17:41.3823278Z   "documentsDigest": "0664939d2e2d6dd32ee4fbd53c97d03beca7d343e02991a44c0baf9ff1e5095e",
ut_pet_cannabis-set	Print the verdict and the page digests to the log	2026-09-13T07:17:41.3823855Z   "coversTheWholeFamily": true,
ut_pet_cannabis-set	Print the verdict and the page digests to the log	2026-09-13T07:17:41.3824258Z   "decryptionTransforms": [],
ut_pet_cannabis-set	Print the verdict and the page digests to the log	2026-09-13T07:17:41.3826183Z   "decryptionRule": "An encrypted source is hashed before any transform; Poppler and qpdf must independently agree on its page count; the temporary derivative is decrypted and serialized with explicit objects, then admitted only when geometry, decoded page content, fields/widgets, and XFA remain identical; only that temporary transport is passed to pdf-lib for calibrated rendering; the queued packet bytes are never modified.",
ut_pet_cannabis-set	Print the verdict and the page digests to the log	2026-09-13T07:17:41.3827348Z   "pagesMeasured": 24,
ut_pet_cannabis-set	Print the verdict and the page digests to the log	2026-09-13T07:17:41.3827539Z   "measurements": [
ut_pet_cannabis-set	Print the verdict and the page digests to the log	2026-09-13T07:17:41.3827703Z     {
ut_pet_cannabis-set	Print the verdict and the page digests to the log	2026-09-13T07:17:41.3827863Z       "kind": "canonical",
ut_pet_cannabis-set	Print the verdict and the page digests to the log	2026-09-13T07:17:41.3828080Z       "document": "canonical.pdf",
ut_pet_cannabis-set	Print the verdict and the page digests to the log	2026-09-13T07:17:41.3828280Z       "page": 1,
ut_pet_cannabis-set	Print the verdict and the page digests to the log	2026-09-13T07:17:41.3828509Z       "png": "ut_pet_cannabis-set/canonical/page-001.png",
ut_pet_cannabis-set	Print the verdict and the page digests to the log	2026-09-13T07:17:41.3828759Z       "bytes": 329868,
ut_pet_cannabis-set	Print the verdict and the page digests to the log	2026-09-13T07:17:41.3829076Z       "pngSha256": "00d12fcaf9b1221b53a7ee8d77b3926dcddb5fc3a3d9f79ca14923bf1e20ab71",
ut_pet_cannabis-set	Print the verdict and the page digests to the log	2026-09-13T07:17:41.3829581Z       "pngWidth": 2040,
ut_pet_cannabis-set	Print the verdict and the page digests to the log	2026-09-13T07:17:41.3829762Z       "pngHeight": 2640,
ut_pet_cannabis-set	Print the verdict and the page digests to the log	2026-09-13T07:17:41.3829942Z       "paper": {
ut_pet_cannabis-set	Print the verdict and the page digests to the log	2026-09-13T07:17:41.3830100Z         "x0": 204,
ut_pet_cannabis-set	Print the verdict and the page digests to the log	2026-09-13T07:17:41.3830275Z         "y0": 3,
ut_pet_cannabis-set	Print the verdict and the page digests to the log	2026-09-13T07:17:41.3830426Z         "x1": 2243,
ut_pet_cannabis-set	Print the verdict and the page digests to the log	2026-09-13T07:17:41.3830582Z         "y1": 2642,
ut_pet_cannabis-set	Print the verdict and the page digests to the log	2026-09-13T07:17:41.3830738Z         "width": 2040,
ut_pet_cannabis-set	Print the verdict and the page digests to the log	2026-09-13T07:17:41.3830928Z         "height": 2640
ut_pet_cannabis-set	Print the verdict and the page digests to the log	2026-09-13T07:17:41.3831092Z       },
ut_pet_cannabis-set	Print the verdict and the page digests to the log	2026-09-13T07:17:41.3831273Z       "pxPerPt": 3.3333333333333335,
ut_pet_cannabis-set	Print the verdict and the page digests to the log	2026-09-13T07:17:41.3831506Z       "expectedPxPerPt": 3.333333333333333,
ut_pet_cannabis-set	Print the verdict and the page digests to the log	2026-09-13T07:17:41.3831733Z       "pageWidthPt": 612,
ut_pet_cannabis-set	Print the verdict and the page digests to the log	2026-09-13T07:17:41.3834526Z       "pageHeightPt": 792,
ut_pet_cannabis-set	Print the verdict and the page digests to the log	2026-09-13T07:17:41.3834883Z       "expectedPx": {
ut_pet_cannabis-set	Print the verdict and the page digests to the log	2026-09-13T07:17:41.3835131Z         "width": 2039.9999999999998,
ut_pet_cannabis-set	Print the verdict and the page digests to the log	2026-09-13T07:17:41.3835361Z         "height": 2639.9999999999995,
ut_pet_cannabis-set	Print the verdict and the page digests to the log	2026-09-13T07:17:41.3835588Z         "tolerancePx": 6.666666666666666
ut_pet_cannabis-set	Print the verdict and the page digests to the log	2026-09-13T07:17:41.3835796Z       },
ut_pet_cannabis-set	Print the verdict and the page digests to the log	2026-09-13T07:17:41.3835973Z       "calibrationResidualPx": 0,
ut_pet_cannabis-set	Print the verdict and the page digests to the log	2026-09-13T07:17:41.3836229Z       "inkFractionInsidePaper": 0.038764668746286396,
ut_pet_cannabis-set	Print the verdict and the page digests to the log	2026-09-13T07:17:41.3836467Z       "nonblank": true,
ut_pet_cannabis-set	Print the verdict and the page digests to the log	2026-09-13T07:17:41.3836673Z       "croppedToThePage": true
ut_pet_cannabis-set	Print the verdict and the page digests to the log	2026-09-13T07:17:41.3836862Z     },
ut_pet_cannabis-set	Print the verdict and the page digests to the log	2026-09-13T07:17:41.3837010Z     {
ut_pet_cannabis-set	Print the verdict and the page digests to the log	2026-09-13T07:17:41.3837166Z       "kind": "canonical",
ut_pet_cannabis-set	Print the verdict and the page digests to the log	2026-09-13T07:17:41.3837374Z       "document": "canonical.pdf",
ut_pet_cannabis-set	Print the verdict and the page digests to the log	2026-09-13T07:17:41.3837646Z       "page": 2,
ut_pet_cannabis-set	Print the verdict and the page digests to the log	2026-09-13T07:17:41.3838000Z       "png": "ut_pet_cannabis-set/canonical/page-002.png",
ut_pet_cannabis-set	Print the verdict and the page digests to the log	2026-09-13T07:17:41.3838386Z       "bytes": 351637,
ut_pet_cannabis-set	Print the verdict and the page digests to the log	2026-09-13T07:17:41.3838928Z       "pngSha256": "170ffc66f013173b17dfab0ae245c5f82d3e878bf5bbc089d7ec82a378e5b7b3",
ut_pet_cannabis-set	Print the verdict and the page digests to the log	2026-09-13T07:17:41.3839478Z       "pngWidth": 2040,
ut_pet_cannabis-set	Print the verdict and the page digests to the log	2026-09-13T07:17:41.3839715Z       "pngHeight": 2640,
ut_pet_cannabis-set	Print the verdict and the page digests to the log	2026-09-13T07:17:41.3839947Z       "paper": {
ut_pet_cannabis-set	Print the verdict and the page digests to the log	2026-09-13T07:17:41.3840110Z         "x0": 204,
ut_pet_cannabis-set	Print the verdict and the page digests to the log	2026-09-13T07:17:41.3840269Z         "y0": 3,
ut_pet_cannabis-set	Print the verdict and the page digests to the log	2026-09-13T07:17:41.3840433Z         "x1": 2243,
ut_pet_cannabis-set	Print the verdict and the page digests to the log	2026-09-13T07:17:41.3840591Z         "y1": 2642,
ut_pet_cannabis-set	Print the verdict and the page digests to the log	2026-09-13T07:17:41.3840752Z         "width": 2040,
ut_pet_cannabis-set	Print the verdict and the page digests to the log	2026-09-13T07:17:41.3840929Z         "height": 2640
ut_pet_cannabis-set	Print the verdict and the page digests to the log	2026-09-13T07:17:41.3841103Z       },
ut_pet_cannabis-set	Print the verdict and the page digests to the log	2026-09-13T07:17:41.3841334Z       "pxPerPt": 3.3333333333333335,
ut_pet_cannabis-set	Print the verdict and the page digests to the log	2026-09-13T07:17:41.3841691Z       "expectedPxPerPt": 3.333333333333333,
ut_pet_cannabis-set	Print the verdict and the page digests to the log	2026-09-13T07:17:41.3842145Z       "pageWidthPt": 612,
ut_pet_cannabis-set	Print the verdict and the page digests to the log	2026-09-13T07:17:41.3842532Z       "pageHeightPt": 792,
ut_pet_cannabis-set	Print the verdict and the page digests to the log	2026-09-13T07:17:41.3842812Z       "expectedPx": {
ut_pet_cannabis-set	Print the verdict and the page digests to the log	2026-09-13T07:17:41.3843111Z         "width": 2039.9999999999998,
ut_pet_cannabis-set	Print the verdict and the page digests to the log	2026-09-13T07:17:41.3843443Z         "height": 2639.9999999999995,
ut_pet_cannabis-set	Print the verdict and the page digests to the log	2026-09-13T07:17:41.3843973Z         "tolerancePx": 6.666666666666666
ut_pet_cannabis-set	Print the verdict and the page digests to the log	2026-09-13T07:17:41.3844275Z       },
ut_pet_cannabis-set	Print the verdict and the page digests to the log	2026-09-13T07:17:41.3844535Z       "calibrationResidualPx": 0,
ut_pet_cannabis-set	Print the verdict and the page digests to the log	2026-09-13T07:17:41.3844910Z       "inkFractionInsidePaper": 0.04357434640522876,
ut_pet_cannabis-set	Print the verdict and the page digests to the log	2026-09-13T07:17:41.3845269Z       "nonblank": true,
ut_pet_cannabis-set	Print the verdict and the page digests to the log	2026-09-13T07:17:41.3845565Z       "croppedToThePage": true
ut_pet_cannabis-set	Print the verdict and the page digests to the log	2026-09-13T07:17:41.3845854Z     },
ut_pet_cannabis-set	Print the verdict and the page digests to the log	2026-09-13T07:17:41.3846070Z     {
ut_pet_cannabis-set	Print the verdict and the page digests to the log	2026-09-13T07:17:41.3846302Z       "kind": "canonical",
ut_pet_cannabis-set	Print the verdict and the page digests to the log	2026-09-13T07:17:41.3846622Z       "document": "canonical.pdf",
ut_pet_cannabis-set	Print the verdict and the page digests to the log	2026-09-13T07:17:41.3846926Z       "page": 3,
ut_pet_cannabis-set	Print the verdict and the page digests to the log	2026-09-13T07:17:41.3847274Z       "png": "ut_pet_cannabis-set/canonical/page-003.png",
ut_pet_cannabis-set	Print the verdict and the page digests to the log	2026-09-13T07:17:41.3847642Z       "bytes": 412876,
ut_pet_cannabis-set	Print the verdict and the page digests to the log	2026-09-13T07:17:41.3848132Z       "pngSha256": "df4ea4c595db582f0362f8ec9d4ff2540602688a6b48d610e4c12284754f0241",
ut_pet_cannabis-set	Print the verdict and the page digests to the log	2026-09-13T07:17:41.3848644Z       "pngWidth": 2040,
ut_pet_cannabis-set	Print the verdict and the page digests to the log	2026-09-13T07:17:41.3848930Z       "pngHeight": 2640,
ut_pet_cannabis-set	Print the verdict and the page digests to the log	2026-09-13T07:17:41.3849117Z       "paper": {
ut_pet_cannabis-set	Print the verdict and the page digests to the log	2026-09-13T07:17:41.3849283Z         "x0": 204,
ut_pet_cannabis-set	Print the verdict and the page digests to the log	2026-09-13T07:17:41.3849445Z         "y0": 3,
ut_pet_cannabis-set	Print the verdict and the page digests to the log	2026-09-13T07:17:41.3849596Z         "x1": 2243,
ut_pet_cannabis-set	Print the verdict and the page digests to the log	2026-09-13T07:17:41.3849748Z         "y1": 2642,
ut_pet_cannabis-set	Print the verdict and the page digests to the log	2026-09-13T07:17:41.3849905Z         "width": 2040,
ut_pet_cannabis-set	Print the verdict and the page digests to the log	2026-09-13T07:17:41.3850071Z         "height": 2640
ut_pet_cannabis-set	Print the verdict and the page digests to the log	2026-09-13T07:17:41.3850228Z       },
ut_pet_cannabis-set	Print the verdict and the page digests to the log	2026-09-13T07:17:41.3850399Z       "pxPerPt": 3.3333333333333335,
ut_pet_cannabis-set	Print the verdict and the page digests to the log	2026-09-13T07:17:41.3850774Z       "expectedPxPerPt": 3.333333333333333,
ut_pet_cannabis-set	Print the verdict and the page digests to the log	2026-09-13T07:17:41.3850993Z       "pageWidthPt": 612,
ut_pet_cannabis-set	Print the verdict and the page digests to the log	2026-09-13T07:17:41.3851182Z       "pageHeightPt": 792,
ut_pet_cannabis-set	Print the verdict and the page digests to the log	2026-09-13T07:17:41.3851362Z       "expectedPx": {
ut_pet_cannabis-set	Print the verdict and the page digests to the log	2026-09-13T07:17:41.3851555Z         "width": 2039.9999999999998,
ut_pet_cannabis-set	Print the verdict and the page digests to the log	2026-09-13T07:17:41.3851770Z         "height": 2639.9999999999995,
ut_pet_cannabis-set	Print the verdict and the page digests to the log	2026-09-13T07:17:41.3852229Z         "tolerancePx": 6.666666666666666
ut_pet_cannabis-set	Print the verdict and the page digests to the log	2026-09-13T07:17:41.3852438Z       },
ut_pet_cannabis-set	Print the verdict and the page digests to the log	2026-09-13T07:17:41.3852615Z       "calibrationResidualPx": 0,
ut_pet_cannabis-set	Print the verdict and the page digests to the log	2026-09-13T07:17:41.3852859Z       "inkFractionInsidePaper": 0.05232638888888889,
ut_pet_cannabis-set	Print the verdict and the page digests to the log	2026-09-13T07:17:41.3853094Z       "nonblank": true,
ut_pet_cannabis-set	Print the verdict and the page digests to the log	2026-09-13T07:17:41.3853287Z       "croppedToThePage": true
ut_pet_cannabis-set	Print the verdict and the page digests to the log	2026-09-13T07:17:41.3853475Z     },
ut_pet_cannabis-set	Print the verdict and the page digests to the log	2026-09-13T07:17:41.3853620Z     {
ut_pet_cannabis-set	Print the verdict and the page digests to the log	2026-09-13T07:17:41.3853775Z       "kind": "canonical",
ut_pet_cannabis-set	Print the verdict and the page digests to the log	2026-09-13T07:17:41.3853978Z       "document": "canonical.pdf",
ut_pet_cannabis-set	Print the verdict and the page digests to the log	2026-09-13T07:17:41.3854175Z       "page": 4,
ut_pet_cannabis-set	Print the verdict and the page digests to the log	2026-09-13T07:17:41.3854404Z       "png": "ut_pet_cannabis-set/canonical/page-004.png",
ut_pet_cannabis-set	Print the verdict and the page digests to the log	2026-09-13T07:17:41.3854640Z       "bytes": 164876,
ut_pet_cannabis-set	Print the verdict and the page digests to the log	2026-09-13T07:17:41.3854949Z       "pngSha256": "1ea27300cf103cd65a31dd4ae06bdb993720b845dcba406ccc350832eae23264",
ut_pet_cannabis-set	Print the verdict and the page digests to the log	2026-09-13T07:17:41.3855278Z       "pngWidth": 2040,
ut_pet_cannabis-set	Print the verdict and the page digests to the log	2026-09-13T07:17:41.3855456Z       "pngHeight": 2640,
ut_pet_cannabis-set	Print the verdict and the page digests to the log	2026-09-13T07:17:41.3855634Z       "paper": {
ut_pet_cannabis-set	Print the verdict and the page digests to the log	2026-09-13T07:17:41.3855793Z         "x0": 204,
ut_pet_cannabis-set	Print the verdict and the page digests to the log	2026-09-13T07:17:41.3855949Z         "y0": 3,
ut_pet_cannabis-set	Print the verdict and the page digests to the log	2026-09-13T07:17:41.3856102Z         "x1": 2243,
ut_pet_cannabis-set	Print the verdict and the page digests to the log	2026-09-13T07:17:41.3856263Z         "y1": 2642,
ut_pet_cannabis-set	Print the verdict and the page digests to the log	2026-09-13T07:17:41.3856420Z         "width": 2040,
ut_pet_cannabis-set	Print the verdict and the page digests to the log	2026-09-13T07:17:41.3856587Z         "height": 2640
ut_pet_cannabis-set	Print the verdict and the page digests to the log	2026-09-13T07:17:41.3856748Z       },
ut_pet_cannabis-set	Print the verdict and the page digests to the log	2026-09-13T07:17:41.3856918Z       "pxPerPt": 3.3333333333333335,
ut_pet_cannabis-set	Print the verdict and the page digests to the log	2026-09-13T07:17:41.3857148Z       "expectedPxPerPt": 3.333333333333333,
ut_pet_cannabis-set	Print the verdict and the page digests to the log	2026-09-13T07:17:41.3857369Z       "pageWidthPt": 612,
ut_pet_cannabis-set	Print the verdict and the page digests to the log	2026-09-13T07:17:41.3857550Z       "pageHeightPt": 792,
ut_pet_cannabis-set	Print the verdict and the page digests to the log	2026-09-13T07:17:41.3857740Z       "expectedPx": {
ut_pet_cannabis-set	Print the verdict and the page digests to the log	2026-09-13T07:17:41.3857929Z         "width": 2039.9999999999998,
ut_pet_cannabis-set	Print the verdict and the page digests to the log	2026-09-13T07:17:41.3858137Z         "height": 2639.9999999999995,
ut_pet_cannabis-set	Print the verdict and the page digests to the log	2026-09-13T07:17:41.3858355Z         "tolerancePx": 6.666666666666666
ut_pet_cannabis-set	Print the verdict and the page digests to the log	2026-09-13T07:17:41.3858553Z       },
ut_pet_cannabis-set	Print the verdict and the page digests to the log	2026-09-13T07:17:41.3858726Z       "calibrationResidualPx": 0,
ut_pet_cannabis-set	Print the verdict and the page digests to the log	2026-09-13T07:17:41.3858972Z       "inkFractionInsidePaper": 0.020008355614973262,
ut_pet_cannabis-set	Print the verdict and the page digests to the log	2026-09-13T07:17:41.3859198Z       "nonblank": true,
ut_pet_cannabis-set	Print the verdict and the page digests to the log	2026-09-13T07:17:41.3859404Z       "croppedToThePage": true
ut_pet_cannabis-set	Print the verdict and the page digests to the log	2026-09-13T07:17:41.3859589Z     },
ut_pet_cannabis-set	Print the verdict and the page digests to the log	2026-09-13T07:17:41.3859774Z     {
ut_pet_cannabis-set	Print the verdict and the page digests to the log	2026-09-13T07:17:41.3859928Z       "kind": "canonical",
ut_pet_cannabis-set	Print the verdict and the page digests to the log	2026-09-13T07:17:41.3860130Z       "document": "canonical.pdf",
ut_pet_cannabis-set	Print the verdict and the page digests to the log	2026-09-13T07:17:41.3860452Z       "page": 5,
ut_pet_cannabis-set	Print the verdict and the page digests to the log	2026-09-13T07:17:41.3860674Z       "png": "ut_pet_cannabis-set/canonical/page-005.png",
ut_pet_cannabis-set	Print the verdict and the page digests to the log	2026-09-13T07:17:41.3860914Z       "bytes": 282916,
ut_pet_cannabis-set	Print the verdict and the page digests to the log	2026-09-13T07:17:41.3861220Z       "pngSha256": "6412f89ed239fd09b838c03e1b4621c5251a134ae01e1a65b8feead1d6be44f8",
ut_pet_cannabis-set	Print the verdict and the page digests to the log	2026-09-13T07:17:41.3861530Z       "pngWidth": 2040,
ut_pet_cannabis-set	Print the verdict and the page digests to the log	2026-09-13T07:17:41.3861711Z       "pngHeight": 2640,
ut_pet_cannabis-set	Print the verdict and the page digests to the log	2026-09-13T07:17:41.3861884Z       "paper": {
ut_pet_cannabis-set	Print the verdict and the page digests to the log	2026-09-13T07:17:41.3862173Z         "x0": 204,
ut_pet_cannabis-set	Print the verdict and the page digests to the log	2026-09-13T07:17:41.3862329Z         "y0": 3,
ut_pet_cannabis-set	Print the verdict and the page digests to the log	2026-09-13T07:17:41.3862480Z         "x1": 2243,
ut_pet_cannabis-set	Print the verdict and the page digests to the log	2026-09-13T07:17:41.3862633Z         "y1": 2642,
ut_pet_cannabis-set	Print the verdict and the page digests to the log	2026-09-13T07:17:41.3862800Z         "width": 2040,
ut_pet_cannabis-set	Print the verdict and the page digests to the log	2026-09-13T07:17:41.3862968Z         "height": 2640
ut_pet_cannabis-set	Print the verdict and the page digests to the log	2026-09-13T07:17:41.3863126Z       },
ut_pet_cannabis-set	Print the verdict and the page digests to the log	2026-09-13T07:17:41.3863294Z       "pxPerPt": 3.3333333333333335,
ut_pet_cannabis-set	Print the verdict and the page digests to the log	2026-09-13T07:17:41.3863520Z       "expectedPxPerPt": 3.333333333333333,
ut_pet_cannabis-set	Print the verdict and the page digests to the log	2026-09-13T07:17:41.3863732Z       "pageWidthPt": 612,
ut_pet_cannabis-set	Print the verdict and the page digests to the log	2026-09-13T07:17:41.3863929Z       "pageHeightPt": 792,
ut_pet_cannabis-set	Print the verdict and the page digests to the log	2026-09-13T07:17:41.3864112Z       "expectedPx": {
ut_pet_cannabis-set	Print the verdict and the page digests to the log	2026-09-13T07:17:41.3864296Z         "width": 2039.9999999999998,
ut_pet_cannabis-set	Print the verdict and the page digests to the log	2026-09-13T07:17:41.3864509Z         "height": 2639.9999999999995,
ut_pet_cannabis-set	Print the verdict and the page digests to the log	2026-09-13T07:17:41.3864723Z         "tolerancePx": 6.666666666666666
ut_pet_cannabis-set	Print the verdict and the page digests to the log	2026-09-13T07:17:41.3864916Z       },
ut_pet_cannabis-set	Print the verdict and the page digests to the log	2026-09-13T07:17:41.3865092Z       "calibrationResidualPx": 0,
ut_pet_cannabis-set	Print the verdict and the page digests to the log	2026-09-13T07:17:41.3865447Z       "inkFractionInsidePaper": 0.0349127302436126,
ut_pet_cannabis-set	Print the verdict and the page digests to the log	2026-09-13T07:17:41.3865683Z       "nonblank": true,
ut_pet_cannabis-set	Print the verdict and the page digests to the log	2026-09-13T07:17:41.3865874Z       "croppedToThePage": true
ut_pet_cannabis-set	Print the verdict and the page digests to the log	2026-09-13T07:17:41.3866055Z     },
ut_pet_cannabis-set	Print the verdict and the page digests to the log	2026-09-13T07:17:41.3866196Z     {
ut_pet_cannabis-set	Print the verdict and the page digests to the log	2026-09-13T07:17:41.3866347Z       "kind": "canonical",
ut_pet_cannabis-set	Print the verdict and the page digests to the log	2026-09-13T07:17:41.3866551Z       "document": "canonical.pdf",
ut_pet_cannabis-set	Print the verdict and the page digests to the log	2026-09-13T07:17:41.3866746Z       "page": 6,
ut_pet_cannabis-set	Print the verdict and the page digests to the log	2026-09-13T07:17:41.3866961Z       "png": "ut_pet_cannabis-set/canonical/page-006.png",
ut_pet_cannabis-set	Print the verdict and the page digests to the log	2026-09-13T07:17:41.3867199Z       "bytes": 400391,
ut_pet_cannabis-set	Print the verdict and the page digests to the log	2026-09-13T07:17:41.3867502Z       "pngSha256": "7acf566aed4719226c283f91caaae4f1e155937dd907ed07fa576273493a5cac",
ut_pet_cannabis-set	Print the verdict and the page digests to the log	2026-09-13T07:17:41.3867822Z       "pngWidth": 2040,
ut_pet_cannabis-set	Print the verdict and the page digests to the log	2026-09-13T07:17:41.3867993Z       "pngHeight": 2640,
ut_pet_cannabis-set	Print the verdict and the page digests to the log	2026-09-13T07:17:41.3868165Z       "paper": {
ut_pet_cannabis-set	Print the verdict and the page digests to the log	2026-09-13T07:17:41.3868319Z         "x0": 204,
ut_pet_cannabis-set	Print the verdict and the page digests to the log	2026-09-13T07:17:41.3868473Z         "y0": 3,
ut_pet_cannabis-set	Print the verdict and the page digests to the log	2026-09-13T07:17:41.3868624Z         "x1": 2243,
ut_pet_cannabis-set	Print the verdict and the page digests to the log	2026-09-13T07:17:41.3868786Z         "y1": 2642,
ut_pet_cannabis-set	Print the verdict and the page digests to the log	2026-09-13T07:17:41.3868941Z         "width": 2040,
ut_pet_cannabis-set	Print the verdict and the page digests to the log	2026-09-13T07:17:41.3869101Z         "height": 2640
ut_pet_cannabis-set	Print the verdict and the page digests to the log	2026-09-13T07:17:41.3869255Z       },
ut_pet_cannabis-set	Print the verdict and the page digests to the log	2026-09-13T07:17:41.3869420Z       "pxPerPt": 3.3333333333333335,
ut_pet_cannabis-set	Print the verdict and the page digests to the log	2026-09-13T07:17:41.3869638Z       "expectedPxPerPt": 3.333333333333333,
ut_pet_cannabis-set	Print the verdict and the page digests to the log	2026-09-13T07:17:41.3869853Z       "pageWidthPt": 612,
ut_pet_cannabis-set	Print the verdict and the page digests to the log	2026-09-13T07:17:41.3870033Z       "pageHeightPt": 792,
ut_pet_cannabis-set	Print the verdict and the page digests to the log	2026-09-13T07:17:41.3870221Z       "expectedPx": {
ut_pet_cannabis-set	Print the verdict and the page digests to the log	2026-09-13T07:17:41.3870403Z         "width": 2039.9999999999998,
ut_pet_cannabis-set	Print the verdict and the page digests to the log	2026-09-13T07:17:41.3870610Z         "height": 2639.9999999999995,
ut_pet_cannabis-set	Print the verdict and the page digests to the log	2026-09-13T07:17:41.3870824Z         "tolerancePx": 6.666666666666666
ut_pet_cannabis-set	Print the verdict and the page digests to the log	2026-09-13T07:17:41.3871023Z       },
ut_pet_cannabis-set	Print the verdict and the page digests to the log	2026-09-13T07:17:41.3871201Z       "calibrationResidualPx": 0,
ut_pet_cannabis-set	Print the verdict and the page digests to the log	2026-09-13T07:17:41.3871449Z       "inkFractionInsidePaper": 0.053321449792038025,
ut_pet_cannabis-set	Print the verdict and the page digests to the log	2026-09-13T07:17:41.3871678Z       "nonblank": true,
ut_pet_cannabis-set	Print the verdict and the page digests to the log	2026-09-13T07:17:41.3871869Z       "croppedToThePage": true
ut_pet_cannabis-set	Print the verdict and the page digests to the log	2026-09-13T07:17:41.3872243Z     },
ut_pet_cannabis-set	Print the verdict and the page digests to the log	2026-09-13T07:17:41.3872394Z     {
ut_pet_cannabis-set	Print the verdict and the page digests to the log	2026-09-13T07:17:41.3872541Z       "kind": "canonical",
ut_pet_cannabis-set	Print the verdict and the page digests to the log	2026-09-13T07:17:41.3872748Z       "document": "canonical.pdf",
ut_pet_cannabis-set	Print the verdict and the page digests to the log	2026-09-13T07:17:41.3872949Z       "page": 7,
ut_pet_cannabis-set	Print the verdict and the page digests to the log	2026-09-13T07:17:41.3873169Z       "png": "ut_pet_cannabis-set/canonical/page-007.png",
ut_pet_cannabis-set	Print the verdict and the page digests to the log	2026-09-13T07:17:41.3873407Z       "bytes": 181889,
ut_pet_cannabis-set	Print the verdict and the page digests to the log	2026-09-13T07:17:41.3873714Z       "pngSha256": "3c1d2c9fa21a550086ae20420e33278841cca79388f4d263be4c169939f2421e",
ut_pet_cannabis-set	Print the verdict and the page digests to the log	2026-09-13T07:17:41.3874022Z       "pngWidth": 2040,
ut_pet_cannabis-set	Print the verdict and the page digests to the log	2026-09-13T07:17:41.3874194Z       "pngHeight": 2640,
ut_pet_cannabis-set	Print the verdict and the page digests to the log	2026-09-13T07:17:41.3874367Z       "paper": {
ut_pet_cannabis-set	Print the verdict and the page digests to the log	2026-09-13T07:17:41.3874523Z         "x0": 204,
ut_pet_cannabis-set	Print the verdict and the page digests to the log	2026-09-13T07:17:41.3874848Z         "y0": 3,
ut_pet_cannabis-set	Print the verdict and the page digests to the log	2026-09-13T07:17:41.3875010Z         "x1": 2243,
ut_pet_cannabis-set	Print the verdict and the page digests to the log	2026-09-13T07:17:41.3875168Z         "y1": 2642,
ut_pet_cannabis-set	Print the verdict and the page digests to the log	2026-09-13T07:17:41.3875324Z         "width": 2040,
ut_pet_cannabis-set	Print the verdict and the page digests to the log	2026-09-13T07:17:41.3875492Z         "height": 2640
ut_pet_cannabis-set	Print the verdict and the page digests to the log	2026-09-13T07:17:41.3875658Z       },
ut_pet_cannabis-set	Print the verdict and the page digests to the log	2026-09-13T07:17:41.3875833Z       "pxPerPt": 3.3333333333333335,
ut_pet_cannabis-set	Print the verdict and the page digests to the log	2026-09-13T07:17:41.3876073Z       "expectedPxPerPt": 3.333333333333333,
ut_pet_cannabis-set	Print the verdict and the page digests to the log	2026-09-13T07:17:41.3876291Z       "pageWidthPt": 612,
ut_pet_cannabis-set	Print the verdict and the page digests to the log	2026-09-13T07:17:41.3876476Z       "pageHeightPt": 792,
ut_pet_cannabis-set	Print the verdict and the page digests to the log	2026-09-13T07:17:41.3876658Z       "expectedPx": {
ut_pet_cannabis-set	Print the verdict and the page digests to the log	2026-09-13T07:17:41.3876845Z         "width": 2039.9999999999998,
ut_pet_cannabis-set	Print the verdict and the page digests to the log	2026-09-13T07:17:41.3877059Z         "height": 2639.9999999999995,
ut_pet_cannabis-set	Print the verdict and the page digests to the log	2026-09-13T07:17:41.3877287Z         "tolerancePx": 6.666666666666666
ut_pet_cannabis-set	Print the verdict and the page digests to the log	2026-09-13T07:17:41.3877482Z       },
ut_pet_cannabis-set	Print the verdict and the page digests to the log	2026-09-13T07:17:41.3877653Z       "calibrationResidualPx": 0,
ut_pet_cannabis-set	Print the verdict and the page digests to the log	2026-09-13T07:17:41.3877895Z       "inkFractionInsidePaper": 0.0180590834818776,
ut_pet_cannabis-set	Print the verdict and the page digests to the log	2026-09-13T07:17:41.3878124Z       "nonblank": true,
ut_pet_cannabis-set	Print the verdict and the page digests to the log	2026-09-13T07:17:41.3878326Z       "croppedToThePage": true
ut_pet_cannabis-set	Print the verdict and the page digests to the log	2026-09-13T07:17:41.3878510Z     },
ut_pet_cannabis-set	Print the verdict and the page digests to the log	2026-09-13T07:17:41.3878653Z     {
ut_pet_cannabis-set	Print the verdict and the page digests to the log	2026-09-13T07:17:41.3878813Z       "kind": "canonical",
ut_pet_cannabis-set	Print the verdict and the page digests to the log	2026-09-13T07:17:41.3879025Z       "document": "canonical.pdf",
ut_pet_cannabis-set	Print the verdict and the page digests to the log	2026-09-13T07:17:41.3879226Z       "page": 8,
ut_pet_cannabis-set	Print the verdict and the page digests to the log	2026-09-13T07:17:41.3879448Z       "png": "ut_pet_cannabis-set/canonical/page-008.png",
ut_pet_cannabis-set	Print the verdict and the page digests to the log	2026-09-13T07:17:41.3879807Z       "bytes": 578428,
ut_pet_cannabis-set	Print the verdict and the page digests to the log	2026-09-13T07:17:41.3880116Z       "pngSha256": "516e59c969571de124bf44e2c9e054ff2c7c67d03c5491cd62cea06d7451b8e4",
ut_pet_cannabis-set	Print the verdict and the page digests to the log	2026-09-13T07:17:41.3880432Z       "pngWidth": 2040,
ut_pet_cannabis-set	Print the verdict and the page digests to the log	2026-09-13T07:17:41.3880612Z       "pngHeight": 2640,
ut_pet_cannabis-set	Print the verdict and the page digests to the log	2026-09-13T07:17:41.3880790Z       "paper": {
ut_pet_cannabis-set	Print the verdict and the page digests to the log	2026-09-13T07:17:41.3880953Z         "x0": 204,
ut_pet_cannabis-set	Print the verdict and the page digests to the log	2026-09-13T07:17:41.3881109Z         "y0": 3,
ut_pet_cannabis-set	Print the verdict and the page digests to the log	2026-09-13T07:17:41.3881260Z         "x1": 2243,
ut_pet_cannabis-set	Print the verdict and the page digests to the log	2026-09-13T07:17:41.3881419Z         "y1": 2642,
ut_pet_cannabis-set	Print the verdict and the page digests to the log	2026-09-13T07:17:41.3881574Z         "width": 2040,
ut_pet_cannabis-set	Print the verdict and the page digests to the log	2026-09-13T07:17:41.3881736Z         "height": 2640
ut_pet_cannabis-set	Print the verdict and the page digests to the log	2026-09-13T07:17:41.3881899Z       },
ut_pet_cannabis-set	Print the verdict and the page digests to the log	2026-09-13T07:17:41.3882206Z       "pxPerPt": 3.3333333333333335,
ut_pet_cannabis-set	Print the verdict and the page digests to the log	2026-09-13T07:17:41.3882436Z       "expectedPxPerPt": 3.333333333333333,
ut_pet_cannabis-set	Print the verdict and the page digests to the log	2026-09-13T07:17:41.3882652Z       "pageWidthPt": 612,
ut_pet_cannabis-set	Print the verdict and the page digests to the log	2026-09-13T07:17:41.3882836Z       "pageHeightPt": 792,
ut_pet_cannabis-set	Print the verdict and the page digests to the log	2026-09-13T07:17:41.3883020Z       "expectedPx": {
ut_pet_cannabis-set	Print the verdict and the page digests to the log	2026-09-13T07:17:41.3883213Z         "width": 2039.9999999999998,
ut_pet_cannabis-set	Print the verdict and the page digests to the log	2026-09-13T07:17:41.3883431Z         "height": 2639.9999999999995,
ut_pet_cannabis-set	Print the verdict and the page digests to the log	2026-09-13T07:17:41.3883653Z         "tolerancePx": 6.666666666666666
ut_pet_cannabis-set	Print the verdict and the page digests to the log	2026-09-13T07:17:41.3883848Z       },
ut_pet_cannabis-set	Print the verdict and the page digests to the log	2026-09-13T07:17:41.3884023Z       "calibrationResidualPx": 0,
ut_pet_cannabis-set	Print the verdict and the page digests to the log	2026-09-13T07:17:41.3884265Z       "inkFractionInsidePaper": 0.07534183749257278,
ut_pet_cannabis-set	Print the verdict and the page digests to the log	2026-09-13T07:17:41.3884498Z       "nonblank": true,
ut_pet_cannabis-set	Print the verdict and the page digests to the log	2026-09-13T07:17:41.3884691Z       "croppedToThePage": true
ut_pet_cannabis-set	Print the verdict and the page digests to the log	2026-09-13T07:17:41.3884877Z     },
ut_pet_cannabis-set	Print the verdict and the page digests to the log	2026-09-13T07:17:41.3885019Z     {
ut_pet_cannabis-set	Print the verdict and the page digests to the log	2026-09-13T07:17:41.3885166Z       "kind": "canonical",
ut_pet_cannabis-set	Print the verdict and the page digests to the log	2026-09-13T07:17:41.3885361Z       "document": "canonical.pdf",
ut_pet_cannabis-set	Print the verdict and the page digests to the log	2026-09-13T07:17:41.3885562Z       "page": 9,
ut_pet_cannabis-set	Print the verdict and the page digests to the log	2026-09-13T07:17:41.3885773Z       "png": "ut_pet_cannabis-set/canonical/page-009.png",
ut_pet_cannabis-set	Print the verdict and the page digests to the log	2026-09-13T07:17:41.3886010Z       "bytes": 890873,
ut_pet_cannabis-set	Print the verdict and the page digests to the log	2026-09-13T07:17:41.3886306Z       "pngSha256": "c3529819ec38a6a20b308887829c02737aa71dccaa83262138297258eca500ce",
ut_pet_cannabis-set	Print the verdict and the page digests to the log	2026-09-13T07:17:41.3886610Z       "pngWidth": 2040,
ut_pet_cannabis-set	Print the verdict and the page digests to the log	2026-09-13T07:17:41.3886780Z       "pngHeight": 2640,
ut_pet_cannabis-set	Print the verdict and the page digests to the log	2026-09-13T07:17:41.3886959Z       "paper": {
ut_pet_cannabis-set	Print the verdict and the page digests to the log	2026-09-13T07:17:41.3887114Z         "x0": 204,
ut_pet_cannabis-set	Print the verdict and the page digests to the log	2026-09-13T07:17:41.3887268Z         "y0": 3,
ut_pet_cannabis-set	Print the verdict and the page digests to the log	2026-09-13T07:17:41.3887417Z         "x1": 2243,
ut_pet_cannabis-set	Print the verdict and the page digests to the log	2026-09-13T07:17:41.3887570Z         "y1": 2642,
ut_pet_cannabis-set	Print the verdict and the page digests to the log	2026-09-13T07:17:41.3887726Z         "width": 2040,
ut_pet_cannabis-set	Print the verdict and the page digests to the log	2026-09-13T07:17:41.3887894Z         "height": 2640
ut_pet_cannabis-set	Print the verdict and the page digests to the log	2026-09-13T07:17:41.3888053Z       },
ut_pet_cannabis-set	Print the verdict and the page digests to the log	2026-09-13T07:17:41.3888220Z       "pxPerPt": 3.3333333333333335,
ut_pet_cannabis-set	Print the verdict and the page digests to the log	2026-09-13T07:17:41.3888443Z       "expectedPxPerPt": 3.333333333333333,
ut_pet_cannabis-set	Print the verdict and the page digests to the log	2026-09-13T07:17:41.3888651Z       "pageWidthPt": 612,
ut_pet_cannabis-set	Print the verdict and the page digests to the log	2026-09-13T07:17:41.3888834Z       "pageHeightPt": 792,
ut_pet_cannabis-set	Print the verdict and the page digests to the log	2026-09-13T07:17:41.3889135Z       "expectedPx": {
ut_pet_cannabis-set	Print the verdict and the page digests to the log	2026-09-13T07:17:41.3889321Z         "width": 2039.9999999999998,
ut_pet_cannabis-set	Print the verdict and the page digests to the log	2026-09-13T07:17:41.3889528Z         "height": 2639.9999999999995,
ut_pet_cannabis-set	Print the verdict and the page digests to the log	2026-09-13T07:17:41.3889743Z         "tolerancePx": 6.666666666666666
ut_pet_cannabis-set	Print the verdict and the page digests to the log	2026-09-13T07:17:41.3889935Z       },
ut_pet_cannabis-set	Print the verdict and the page digests to the log	2026-09-13T07:17:41.3890103Z       "calibrationResidualPx": 0,
ut_pet_cannabis-set	Print the verdict and the page digests to the log	2026-09-13T07:17:41.3890356Z       "inkFractionInsidePaper": 0.08429255793226381,
ut_pet_cannabis-set	Print the verdict and the page digests to the log	2026-09-13T07:17:41.3890579Z       "nonblank": true,
ut_pet_cannabis-set	Print the verdict and the page digests to the log	2026-09-13T07:17:41.3890767Z       "croppedToThePage": true
ut_pet_cannabis-set	Print the verdict and the page digests to the log	2026-09-13T07:17:41.3890946Z     },
ut_pet_cannabis-set	Print the verdict and the page digests to the log	2026-09-13T07:17:41.3891085Z     {
ut_pet_cannabis-set	Print the verdict and the page digests to the log	2026-09-13T07:17:41.3891235Z       "kind": "canonical",
ut_pet_cannabis-set	Print the verdict and the page digests to the log	2026-09-13T07:17:41.3891434Z       "document": "canonical.pdf",
ut_pet_cannabis-set	Print the verdict and the page digests to the log	2026-09-13T07:17:41.3891626Z       "page": 10,
ut_pet_cannabis-set	Print the verdict and the page digests to the log	2026-09-13T07:17:41.3891843Z       "png": "ut_pet_cannabis-set/canonical/page-010.png",
ut_pet_cannabis-set	Print the verdict and the page digests to the log	2026-09-13T07:17:41.3892290Z       "bytes": 178447,
ut_pet_cannabis-set	Print the verdict and the page digests to the log	2026-09-13T07:17:41.3892741Z       "pngSha256": "2a1fa8b3c5a98bf2eadd4330e159bab8d26fe5550c9cb335c04230921b5965a6",
ut_pet_cannabis-set	Print the verdict and the page digests to the log	2026-09-13T07:17:41.3893131Z       "pngWidth": 2040,
ut_pet_cannabis-set	Print the verdict and the page digests to the log	2026-09-13T07:17:41.3893308Z       "pngHeight": 2640,
ut_pet_cannabis-set	Print the verdict and the page digests to the log	2026-09-13T07:17:41.3893484Z       "paper": {
ut_pet_cannabis-set	Print the verdict and the page digests to the log	2026-09-13T07:17:41.3893640Z         "x0": 204,
ut_pet_cannabis-set	Print the verdict and the page digests to the log	2026-09-13T07:17:41.3893794Z         "y0": 3,
ut_pet_cannabis-set	Print the verdict and the page digests to the log	2026-09-13T07:17:41.3893945Z         "x1": 2243,
ut_pet_cannabis-set	Print the verdict and the page digests to the log	2026-09-13T07:17:41.3894100Z         "y1": 2642,
ut_pet_cannabis-set	Print the verdict and the page digests to the log	2026-09-13T07:17:41.3894378Z         "width": 2040,
ut_pet_cannabis-set	Print the verdict and the page digests to the log	2026-09-13T07:17:41.3894553Z         "height": 2640
ut_pet_cannabis-set	Print the verdict and the page digests to the log	2026-09-13T07:17:41.3894710Z       },
ut_pet_cannabis-set	Print the verdict and the page digests to the log	2026-09-13T07:17:41.3894880Z       "pxPerPt": 3.3333333333333335,
ut_pet_cannabis-set	Print the verdict and the page digests to the log	2026-09-13T07:17:41.3895106Z       "expectedPxPerPt": 3.333333333333333,
ut_pet_cannabis-set	Print the verdict and the page digests to the log	2026-09-13T07:17:41.3895319Z       "pageWidthPt": 612,
ut_pet_cannabis-set	Print the verdict and the page digests to the log	2026-09-13T07:17:41.3895510Z       "pageHeightPt": 792,
ut_pet_cannabis-set	Print the verdict and the page digests to the log	2026-09-13T07:17:41.3895692Z       "expectedPx": {
ut_pet_cannabis-set	Print the verdict and the page digests to the log	2026-09-13T07:17:41.3895877Z         "width": 2039.9999999999998,
ut_pet_cannabis-set	Print the verdict and the page digests to the log	2026-09-13T07:17:41.3896084Z         "height": 2639.9999999999995,
ut_pet_cannabis-set	Print the verdict and the page digests to the log	2026-09-13T07:17:41.3896305Z         "tolerancePx": 6.666666666666666
ut_pet_cannabis-set	Print the verdict and the page digests to the log	2026-09-13T07:17:41.3896509Z       },
ut_pet_cannabis-set	Print the verdict and the page digests to the log	2026-09-13T07:17:41.3896681Z       "calibrationResidualPx": 0,
ut_pet_cannabis-set	Print the verdict and the page digests to the log	2026-09-13T07:17:41.3896932Z       "inkFractionInsidePaper": 0.021110739750445633,
ut_pet_cannabis-set	Print the verdict and the page digests to the log	2026-09-13T07:17:41.3897162Z       "nonblank": true,
ut_pet_cannabis-set	Print the verdict and the page digests to the log	2026-09-13T07:17:41.3897357Z       "croppedToThePage": true
ut_pet_cannabis-set	Print the verdict and the page digests to the log	2026-09-13T07:17:41.3897546Z     },
ut_pet_cannabis-set	Print the verdict and the page digests to the log	2026-09-13T07:17:41.3897694Z     {
ut_pet_cannabis-set	Print the verdict and the page digests to the log	2026-09-13T07:17:41.3897850Z       "kind": "canonical",
ut_pet_cannabis-set	Print the verdict and the page digests to the log	2026-09-13T07:17:41.3898058Z       "document": "canonical.pdf",
ut_pet_cannabis-set	Print the verdict and the page digests to the log	2026-09-13T07:17:41.3898254Z       "page": 11,
ut_pet_cannabis-set	Print the verdict and the page digests to the log	2026-09-13T07:17:41.3898472Z       "png": "ut_pet_cannabis-set/canonical/page-011.png",
ut_pet_cannabis-set	Print the verdict and the page digests to the log	2026-09-13T07:17:41.3898708Z       "bytes": 249484,
ut_pet_cannabis-set	Print the verdict and the page digests to the log	2026-09-13T07:17:41.3899016Z       "pngSha256": "78ed134fb5a97b0ad107b71b498c8a7c271147e513a955c3eb67d9212b044d10",
ut_pet_cannabis-set	Print the verdict and the page digests to the log	2026-09-13T07:17:41.3899329Z       "pngWidth": 2040,
ut_pet_cannabis-set	Print the verdict and the page digests to the log	2026-09-13T07:17:41.3899505Z       "pngHeight": 2640,
ut_pet_cannabis-set	Print the verdict and the page digests to the log	2026-09-13T07:17:41.3899678Z       "paper": {
ut_pet_cannabis-set	Print the verdict and the page digests to the log	2026-09-13T07:17:41.3899836Z         "x0": 204,
ut_pet_cannabis-set	Print the verdict and the page digests to the log	2026-09-13T07:17:41.3900001Z         "y0": 3,
ut_pet_cannabis-set	Print the verdict and the page digests to the log	2026-09-13T07:17:41.3900160Z         "x1": 2243,
ut_pet_cannabis-set	Print the verdict and the page digests to the log	2026-09-13T07:17:41.3900317Z         "y1": 2642,
ut_pet_cannabis-set	Print the verdict and the page digests to the log	2026-09-13T07:17:41.3900473Z         "width": 2040,
ut_pet_cannabis-set	Print the verdict and the page digests to the log	2026-09-13T07:17:41.3900639Z         "height": 2640
ut_pet_cannabis-set	Print the verdict and the page digests to the log	2026-09-13T07:17:41.3900797Z       },
ut_pet_cannabis-set	Print the verdict and the page digests to the log	2026-09-13T07:17:41.3900965Z       "pxPerPt": 3.3333333333333335,
ut_pet_cannabis-set	Print the verdict and the page digests to the log	2026-09-13T07:17:41.3901192Z       "expectedPxPerPt": 3.333333333333333,
ut_pet_cannabis-set	Print the verdict and the page digests to the log	2026-09-13T07:17:41.3901409Z       "pageWidthPt": 612,
ut_pet_cannabis-set	Print the verdict and the page digests to the log	2026-09-13T07:17:41.3901594Z       "pageHeightPt": 792,
ut_pet_cannabis-set	Print the verdict and the page digests to the log	2026-09-13T07:17:41.3901773Z       "expectedPx": {
ut_pet_cannabis-set	Print the verdict and the page digests to the log	2026-09-13T07:17:41.3902122Z         "width": 2039.9999999999998,
ut_pet_cannabis-set	Print the verdict and the page digests to the log	2026-09-13T07:17:41.3902341Z         "height": 2639.9999999999995,
ut_pet_cannabis-set	Print the verdict and the page digests to the log	2026-09-13T07:17:41.3902559Z         "tolerancePx": 6.666666666666666
ut_pet_cannabis-set	Print the verdict and the page digests to the log	2026-09-13T07:17:41.3902753Z       },
ut_pet_cannabis-set	Print the verdict and the page digests to the log	2026-09-13T07:17:41.3902923Z       "calibrationResidualPx": 0,
ut_pet_cannabis-set	Print the verdict and the page digests to the log	2026-09-13T07:17:41.3903172Z       "inkFractionInsidePaper": 0.030740864527629235,
ut_pet_cannabis-set	Print the verdict and the page digests to the log	2026-09-13T07:17:41.3903400Z       "nonblank": true,
ut_pet_cannabis-set	Print the verdict and the page digests to the log	2026-09-13T07:17:41.3903590Z       "croppedToThePage": true
ut_pet_cannabis-set	Print the verdict and the page digests to the log	2026-09-13T07:17:41.3903891Z     },
ut_pet_cannabis-set	Print the verdict and the page digests to the log	2026-09-13T07:17:41.3904034Z     {
ut_pet_cannabis-set	Print the verdict and the page digests to the log	2026-09-13T07:17:41.3904185Z       "kind": "canonical",
ut_pet_cannabis-set	Print the verdict and the page digests to the log	2026-09-13T07:17:41.3904384Z       "document": "canonical.pdf",
ut_pet_cannabis-set	Print the verdict and the page digests to the log	2026-09-13T07:17:41.3904576Z       "page": 12,
ut_pet_cannabis-set	Print the verdict and the page digests to the log	2026-09-13T07:17:41.3904794Z       "png": "ut_pet_cannabis-set/canonical/page-012.png",
ut_pet_cannabis-set	Print the verdict and the page digests to the log	2026-09-13T07:17:41.3905034Z       "bytes": 128434,
ut_pet_cannabis-set	Print the verdict and the page digests to the log	2026-09-13T07:17:41.3905390Z       "pngSha256": "f6e7ff3b15218ed5dcc7c14f0969674dac72cf092214af4555ccee8f4667dba4",
ut_pet_cannabis-set	Print the verdict and the page digests to the log	2026-09-13T07:17:41.3905799Z       "pngWidth": 2040,
ut_pet_cannabis-set	Print the verdict and the page digests to the log	2026-09-13T07:17:41.3905970Z       "pngHeight": 2640,
ut_pet_cannabis-set	Print the verdict and the page digests to the log	2026-09-13T07:17:41.3906147Z       "paper": {
ut_pet_cannabis-set	Print the verdict and the page digests to the log	2026-09-13T07:17:41.3906302Z         "x0": 204,
ut_pet_cannabis-set	Print the verdict and the page digests to the log	2026-09-13T07:17:41.3906461Z         "y0": 3,
ut_pet_cannabis-set	Print the verdict and the page digests to the log	2026-09-13T07:17:41.3906612Z         "x1": 2243,
ut_pet_cannabis-set	Print the verdict and the page digests to the log	2026-09-13T07:17:41.3906763Z         "y1": 2642,
ut_pet_cannabis-set	Print the verdict and the page digests to the log	2026-09-13T07:17:41.3906916Z         "width": 2040,
ut_pet_cannabis-set	Print the verdict and the page digests to the log	2026-09-13T07:17:41.3907078Z         "height": 2640
ut_pet_cannabis-set	Print the verdict and the page digests to the log	2026-09-13T07:17:41.3907233Z       },
ut_pet_cannabis-set	Print the verdict and the page digests to the log	2026-09-13T07:17:41.3907405Z       "pxPerPt": 3.3333333333333335,
ut_pet_cannabis-set	Print the verdict and the page digests to the log	2026-09-13T07:17:41.3907633Z       "expectedPxPerPt": 3.333333333333333,
ut_pet_cannabis-set	Print the verdict and the page digests to the log	2026-09-13T07:17:41.3907843Z       "pageWidthPt": 612,
ut_pet_cannabis-set	Print the verdict and the page digests to the log	2026-09-13T07:17:41.3908025Z       "pageHeightPt": 792,
ut_pet_cannabis-set	Print the verdict and the page digests to the log	2026-09-13T07:17:41.3908202Z       "expectedPx": {
ut_pet_cannabis-set	Print the verdict and the page digests to the log	2026-09-13T07:17:41.3908388Z         "width": 2039.9999999999998,
ut_pet_cannabis-set	Print the verdict and the page digests to the log	2026-09-13T07:17:41.3908599Z         "height": 2639.9999999999995,
ut_pet_cannabis-set	Print the verdict and the page digests to the log	2026-09-13T07:17:41.3908934Z         "tolerancePx": 6.666666666666666
ut_pet_cannabis-set	Print the verdict and the page digests to the log	2026-09-13T07:17:41.3909131Z       },
ut_pet_cannabis-set	Print the verdict and the page digests to the log	2026-09-13T07:17:41.3909302Z       "calibrationResidualPx": 0,
ut_pet_cannabis-set	Print the verdict and the page digests to the log	2026-09-13T07:17:41.3909539Z       "inkFractionInsidePaper": 0.013850081699346406,
ut_pet_cannabis-set	Print the verdict and the page digests to the log	2026-09-13T07:17:41.3909767Z       "nonblank": true,
ut_pet_cannabis-set	Print the verdict and the page digests to the log	2026-09-13T07:17:41.3909957Z       "croppedToThePage": true
ut_pet_cannabis-set	Print the verdict and the page digests to the log	2026-09-13T07:17:41.3910137Z     },
ut_pet_cannabis-set	Print the verdict and the page digests to the log	2026-09-13T07:17:41.3910276Z     {
ut_pet_cannabis-set	Print the verdict and the page digests to the log	2026-09-13T07:17:41.3910425Z       "kind": "boundary",
ut_pet_cannabis-set	Print the verdict and the page digests to the log	2026-09-13T07:17:41.3910617Z       "document": "boundary.pdf",
ut_pet_cannabis-set	Print the verdict and the page digests to the log	2026-09-13T07:17:41.3910804Z       "page": 1,
ut_pet_cannabis-set	Print the verdict and the page digests to the log	2026-09-13T07:17:41.3911020Z       "png": "ut_pet_cannabis-set/boundary/page-001.png",
ut_pet_cannabis-set	Print the verdict and the page digests to the log	2026-09-13T07:17:41.3911254Z       "bytes": 338925,
ut_pet_cannabis-set	Print the verdict and the page digests to the log	2026-09-13T07:17:41.3911555Z       "pngSha256": "a6243275f657a7e7ca3b6b9bdcff2205a2033f9cc3c52ffab5732db6d66aeec1",
ut_pet_cannabis-set	Print the verdict and the page digests to the log	2026-09-13T07:17:41.3911862Z       "pngWidth": 2040,
ut_pet_cannabis-set	Print the verdict and the page digests to the log	2026-09-13T07:17:41.3912190Z       "pngHeight": 2640,
ut_pet_cannabis-set	Print the verdict and the page digests to the log	2026-09-13T07:17:41.3912375Z       "paper": {
ut_pet_cannabis-set	Print the verdict and the page digests to the log	2026-09-13T07:17:41.3912531Z         "x0": 204,
ut_pet_cannabis-set	Print the verdict and the page digests to the log	2026-09-13T07:17:41.3912687Z         "y0": 3,
ut_pet_cannabis-set	Print the verdict and the page digests to the log	2026-09-13T07:17:41.3912840Z         "x1": 2243,
ut_pet_cannabis-set	Print the verdict and the page digests to the log	2026-09-13T07:17:41.3912994Z         "y1": 2642,
ut_pet_cannabis-set	Print the verdict and the page digests to the log	2026-09-13T07:17:41.3913154Z         "width": 2040,
ut_pet_cannabis-set	Print the verdict and the page digests to the log	2026-09-13T07:17:41.3913325Z         "height": 2640
ut_pet_cannabis-set	Print the verdict and the page digests to the log	2026-09-13T07:17:41.3913483Z       },
ut_pet_cannabis-set	Print the verdict and the page digests to the log	2026-09-13T07:17:41.3913655Z       "pxPerPt": 3.3333333333333335,
ut_pet_cannabis-set	Print the verdict and the page digests to the log	2026-09-13T07:17:41.3913878Z       "expectedPxPerPt": 3.333333333333333,
ut_pet_cannabis-set	Print the verdict and the page digests to the log	2026-09-13T07:17:41.3914091Z       "pageWidthPt": 612,
ut_pet_cannabis-set	Print the verdict and the page digests to the log	2026-09-13T07:17:41.3914273Z       "pageHeightPt": 792,
ut_pet_cannabis-set	Print the verdict and the page digests to the log	2026-09-13T07:17:41.3914459Z       "expectedPx": {
ut_pet_cannabis-set	Print the verdict and the page digests to the log	2026-09-13T07:17:41.3914647Z         "width": 2039.9999999999998,
ut_pet_cannabis-set	Print the verdict and the page digests to the log	2026-09-13T07:17:41.3914857Z         "height": 2639.9999999999995,
ut_pet_cannabis-set	Print the verdict and the page digests to the log	2026-09-13T07:17:41.3915074Z         "tolerancePx": 6.666666666666666
ut_pet_cannabis-set	Print the verdict and the page digests to the log	2026-09-13T07:17:41.3915266Z       },
ut_pet_cannabis-set	Print the verdict and the page digests to the log	2026-09-13T07:17:41.3915438Z       "calibrationResidualPx": 0,
ut_pet_cannabis-set	Print the verdict and the page digests to the log	2026-09-13T07:17:41.3915684Z       "inkFractionInsidePaper": 0.03965741978609626,
ut_pet_cannabis-set	Print the verdict and the page digests to the log	2026-09-13T07:17:41.3915914Z       "nonblank": true,
ut_pet_cannabis-set	Print the verdict and the page digests to the log	2026-09-13T07:17:41.3916105Z       "croppedToThePage": true
ut_pet_cannabis-set	Print the verdict and the page digests to the log	2026-09-13T07:17:41.3916288Z     },
ut_pet_cannabis-set	Print the verdict and the page digests to the log	2026-09-13T07:17:41.3916428Z     {
ut_pet_cannabis-set	Print the verdict and the page digests to the log	2026-09-13T07:17:41.3916580Z       "kind": "boundary",
ut_pet_cannabis-set	Print the verdict and the page digests to the log	2026-09-13T07:17:41.3916779Z       "document": "boundary.pdf",
ut_pet_cannabis-set	Print the verdict and the page digests to the log	2026-09-13T07:17:41.3916970Z       "page": 2,
ut_pet_cannabis-set	Print the verdict and the page digests to the log	2026-09-13T07:17:41.3917181Z       "png": "ut_pet_cannabis-set/boundary/page-002.png",
ut_pet_cannabis-set	Print the verdict and the page digests to the log	2026-09-13T07:17:41.3917414Z       "bytes": 351637,
ut_pet_cannabis-set	Print the verdict and the page digests to the log	2026-09-13T07:17:41.3917718Z       "pngSha256": "170ffc66f013173b17dfab0ae245c5f82d3e878bf5bbc089d7ec82a378e5b7b3",
ut_pet_cannabis-set	Print the verdict and the page digests to the log	2026-09-13T07:17:41.3918031Z       "pngWidth": 2040,
ut_pet_cannabis-set	Print the verdict and the page digests to the log	2026-09-13T07:17:41.3918325Z       "pngHeight": 2640,
ut_pet_cannabis-set	Print the verdict and the page digests to the log	2026-09-13T07:17:41.3918498Z       "paper": {
ut_pet_cannabis-set	Print the verdict and the page digests to the log	2026-09-13T07:17:41.3918651Z         "x0": 204,
ut_pet_cannabis-set	Print the verdict and the page digests to the log	2026-09-13T07:17:41.3918807Z         "y0": 3,
ut_pet_cannabis-set	Print the verdict and the page digests to the log	2026-09-13T07:17:41.3918955Z         "x1": 2243,
ut_pet_cannabis-set	Print the verdict and the page digests to the log	2026-09-13T07:17:41.3919108Z         "y1": 2642,
ut_pet_cannabis-set	Print the verdict and the page digests to the log	2026-09-13T07:17:41.3919270Z         "width": 2040,
ut_pet_cannabis-set	Print the verdict and the page digests to the log	2026-09-13T07:17:41.3919437Z         "height": 2640
ut_pet_cannabis-set	Print the verdict and the page digests to the log	2026-09-13T07:17:41.3919597Z       },
ut_pet_cannabis-set	Print the verdict and the page digests to the log	2026-09-13T07:17:41.3919764Z       "pxPerPt": 3.3333333333333335,
ut_pet_cannabis-set	Print the verdict and the page digests to the log	2026-09-13T07:17:41.3919983Z       "expectedPxPerPt": 3.333333333333333,
ut_pet_cannabis-set	Print the verdict and the page digests to the log	2026-09-13T07:17:41.3920194Z       "pageWidthPt": 612,
ut_pet_cannabis-set	Print the verdict and the page digests to the log	2026-09-13T07:17:41.3920378Z       "pageHeightPt": 792,
ut_pet_cannabis-set	Print the verdict and the page digests to the log	2026-09-13T07:17:41.3920557Z       "expectedPx": {
ut_pet_cannabis-set	Print the verdict and the page digests to the log	2026-09-13T07:17:41.3920741Z         "width": 2039.9999999999998,
ut_pet_cannabis-set	Print the verdict and the page digests to the log	2026-09-13T07:17:41.3920945Z         "height": 2639.9999999999995,
ut_pet_cannabis-set	Print the verdict and the page digests to the log	2026-09-13T07:17:41.3921161Z         "tolerancePx": 6.666666666666666
ut_pet_cannabis-set	Print the verdict and the page digests to the log	2026-09-13T07:17:41.3921353Z       },
ut_pet_cannabis-set	Print the verdict and the page digests to the log	2026-09-13T07:17:41.3921527Z       "calibrationResidualPx": 0,
ut_pet_cannabis-set	Print the verdict and the page digests to the log	2026-09-13T07:17:41.3921769Z       "inkFractionInsidePaper": 0.04357434640522876,
ut_pet_cannabis-set	Print the verdict and the page digests to the log	2026-09-13T07:17:41.3922154Z       "nonblank": true,
ut_pet_cannabis-set	Print the verdict and the page digests to the log	2026-09-13T07:17:41.3922344Z       "croppedToThePage": true
ut_pet_cannabis-set	Print the verdict and the page digests to the log	2026-09-13T07:17:41.3922523Z     },
ut_pet_cannabis-set	Print the verdict and the page digests to the log	2026-09-13T07:17:41.3922664Z     {
ut_pet_cannabis-set	Print the verdict and the page digests to the log	2026-09-13T07:17:41.3922814Z       "kind": "boundary",
ut_pet_cannabis-set	Print the verdict and the page digests to the log	2026-09-13T07:17:41.3923118Z       "document": "boundary.pdf",
ut_pet_cannabis-set	Print the verdict and the page digests to the log	2026-09-13T07:17:41.3923304Z       "page": 3,
ut_pet_cannabis-set	Print the verdict and the page digests to the log	2026-09-13T07:17:41.3923511Z       "png": "ut_pet_cannabis-set/boundary/page-003.png",
ut_pet_cannabis-set	Print the verdict and the page digests to the log	2026-09-13T07:17:41.3923744Z       "bytes": 412876,
ut_pet_cannabis-set	Print the verdict and the page digests to the log	2026-09-13T07:17:41.3924042Z       "pngSha256": "df4ea4c595db582f0362f8ec9d4ff2540602688a6b48d610e4c12284754f0241",
ut_pet_cannabis-set	Print the verdict and the page digests to the log	2026-09-13T07:17:41.3924352Z       "pngWidth": 2040,
ut_pet_cannabis-set	Print the verdict and the page digests to the log	2026-09-13T07:17:41.3924522Z       "pngHeight": 2640,
ut_pet_cannabis-set	Print the verdict and the page digests to the log	2026-09-13T07:17:41.3924694Z       "paper": {
ut_pet_cannabis-set	Print the verdict and the page digests to the log	2026-09-13T07:17:41.3924846Z         "x0": 204,
ut_pet_cannabis-set	Print the verdict and the page digests to the log	2026-09-13T07:17:41.3925000Z         "y0": 3,
ut_pet_cannabis-set	Print the verdict and the page digests to the log	2026-09-13T07:17:41.3925150Z         "x1": 2243,
ut_pet_cannabis-set	Print the verdict and the page digests to the log	2026-09-13T07:17:41.3925309Z         "y1": 2642,
ut_pet_cannabis-set	Print the verdict and the page digests to the log	2026-09-13T07:17:41.3925463Z         "width": 2040,
ut_pet_cannabis-set	Print the verdict and the page digests to the log	2026-09-13T07:17:41.3925625Z         "height": 2640
ut_pet_cannabis-set	Print the verdict and the page digests to the log	2026-09-13T07:17:41.3925780Z       },
ut_pet_cannabis-set	Print the verdict and the page digests to the log	2026-09-13T07:17:41.3925943Z       "pxPerPt": 3.3333333333333335,
ut_pet_cannabis-set	Print the verdict and the page digests to the log	2026-09-13T07:17:41.3926160Z       "expectedPxPerPt": 3.333333333333333,
ut_pet_cannabis-set	Print the verdict and the page digests to the log	2026-09-13T07:17:41.3926374Z       "pageWidthPt": 612,
ut_pet_cannabis-set	Print the verdict and the page digests to the log	2026-09-13T07:17:41.3926557Z       "pageHeightPt": 792,
ut_pet_cannabis-set	Print the verdict and the page digests to the log	2026-09-13T07:17:41.3926737Z       "expectedPx": {
ut_pet_cannabis-set	Print the verdict and the page digests to the log	2026-09-13T07:17:41.3926918Z         "width": 2039.9999999999998,
ut_pet_cannabis-set	Print the verdict and the page digests to the log	2026-09-13T07:17:41.3927122Z         "height": 2639.9999999999995,
ut_pet_cannabis-set	Print the verdict and the page digests to the log	2026-09-13T07:17:41.3927339Z         "tolerancePx": 6.666666666666666
ut_pet_cannabis-set	Print the verdict and the page digests to the log	2026-09-13T07:17:41.3927528Z       },
ut_pet_cannabis-set	Print the verdict and the page digests to the log	2026-09-13T07:17:41.3927699Z       "calibrationResidualPx": 0,
ut_pet_cannabis-set	Print the verdict and the page digests to the log	2026-09-13T07:17:41.3927941Z       "inkFractionInsidePaper": 0.05232638888888889,
ut_pet_cannabis-set	Print the verdict and the page digests to the log	2026-09-13T07:17:41.3928163Z       "nonblank": true,
ut_pet_cannabis-set	Print the verdict and the page digests to the log	2026-09-13T07:17:41.3928351Z       "croppedToThePage": true
ut_pet_cannabis-set	Print the verdict and the page digests to the log	2026-09-13T07:17:41.3928531Z     },
ut_pet_cannabis-set	Print the verdict and the page digests to the log	2026-09-13T07:17:41.3928673Z     {
ut_pet_cannabis-set	Print the verdict and the page digests to the log	2026-09-13T07:17:41.3928819Z       "kind": "boundary",
ut_pet_cannabis-set	Print the verdict and the page digests to the log	2026-09-13T07:17:41.3929014Z       "document": "boundary.pdf",
ut_pet_cannabis-set	Print the verdict and the page digests to the log	2026-09-13T07:17:41.3929201Z       "page": 4,
ut_pet_cannabis-set	Print the verdict and the page digests to the log	2026-09-13T07:17:41.3929406Z       "png": "ut_pet_cannabis-set/boundary/page-004.png",
ut_pet_cannabis-set	Print the verdict and the page digests to the log	2026-09-13T07:17:41.3929636Z       "bytes": 166305,
ut_pet_cannabis-set	Print the verdict and the page digests to the log	2026-09-13T07:17:41.3929930Z       "pngSha256": "4567c729821062316e5a4660ad057324ba2864a70808970fc0d2a28bcaad5c32",
ut_pet_cannabis-set	Print the verdict and the page digests to the log	2026-09-13T07:17:41.3930229Z       "pngWidth": 2040,
ut_pet_cannabis-set	Print the verdict and the page digests to the log	2026-09-13T07:17:41.3930398Z       "pngHeight": 2640,
ut_pet_cannabis-set	Print the verdict and the page digests to the log	2026-09-13T07:17:41.3930570Z       "paper": {
ut_pet_cannabis-set	Print the verdict and the page digests to the log	2026-09-13T07:17:41.3930721Z         "x0": 204,
ut_pet_cannabis-set	Print the verdict and the page digests to the log	2026-09-13T07:17:41.3930876Z         "y0": 3,
ut_pet_cannabis-set	Print the verdict and the page digests to the log	2026-09-13T07:17:41.3931026Z         "x1": 2243,
ut_pet_cannabis-set	Print the verdict and the page digests to the log	2026-09-13T07:17:41.3931179Z         "y1": 2642,
ut_pet_cannabis-set	Print the verdict and the page digests to the log	2026-09-13T07:17:41.3931335Z         "width": 2040,
ut_pet_cannabis-set	Print the verdict and the page digests to the log	2026-09-13T07:17:41.3931498Z         "height": 2640
ut_pet_cannabis-set	Print the verdict and the page digests to the log	2026-09-13T07:17:41.3931653Z       },
ut_pet_cannabis-set	Print the verdict and the page digests to the log	2026-09-13T07:17:41.3931821Z       "pxPerPt": 3.3333333333333335,
ut_pet_cannabis-set	Print the verdict and the page digests to the log	2026-09-13T07:17:41.3932340Z       "expectedPxPerPt": 3.333333333333333,
ut_pet_cannabis-set	Print the verdict and the page digests to the log	2026-09-13T07:17:41.3932551Z       "pageWidthPt": 612,
ut_pet_cannabis-set	Print the verdict and the page digests to the log	2026-09-13T07:17:41.3932731Z       "pageHeightPt": 792,
ut_pet_cannabis-set	Print the verdict and the page digests to the log	2026-09-13T07:17:41.3932909Z       "expectedPx": {
ut_pet_cannabis-set	Print the verdict and the page digests to the log	2026-09-13T07:17:41.3933092Z         "width": 2039.9999999999998,
ut_pet_cannabis-set	Print the verdict and the page digests to the log	2026-09-13T07:17:41.3933299Z         "height": 2639.9999999999995,
ut_pet_cannabis-set	Print the verdict and the page digests to the log	2026-09-13T07:17:41.3933517Z         "tolerancePx": 6.666666666666666
ut_pet_cannabis-set	Print the verdict and the page digests to the log	2026-09-13T07:17:41.3933705Z       },
ut_pet_cannabis-set	Print the verdict and the page digests to the log	2026-09-13T07:17:41.3933880Z       "calibrationResidualPx": 0,
ut_pet_cannabis-set	Print the verdict and the page digests to the log	2026-09-13T07:17:41.3934115Z       "inkFractionInsidePaper": 0.020323826500297088,
ut_pet_cannabis-set	Print the verdict and the page digests to the log	2026-09-13T07:17:41.3934341Z       "nonblank": true,
ut_pet_cannabis-set	Print the verdict and the page digests to the log	2026-09-13T07:17:41.3934533Z       "croppedToThePage": true
ut_pet_cannabis-set	Print the verdict and the page digests to the log	2026-09-13T07:17:41.3934711Z     },
ut_pet_cannabis-set	Print the verdict and the page digests to the log	2026-09-13T07:17:41.3934851Z     {
ut_pet_cannabis-set	Print the verdict and the page digests to the log	2026-09-13T07:17:41.3934997Z       "kind": "boundary",
ut_pet_cannabis-set	Print the verdict and the page digests to the log	2026-09-13T07:17:41.3935206Z       "document": "boundary.pdf",
ut_pet_cannabis-set	Print the verdict and the page digests to the log	2026-09-13T07:17:41.3935396Z       "page": 5,
ut_pet_cannabis-set	Print the verdict and the page digests to the log	2026-09-13T07:17:41.3935616Z       "png": "ut_pet_cannabis-set/boundary/page-005.png",
ut_pet_cannabis-set	Print the verdict and the page digests to the log	2026-09-13T07:17:41.3935850Z       "bytes": 290137,
ut_pet_cannabis-set	Print the verdict and the page digests to the log	2026-09-13T07:17:41.3936144Z       "pngSha256": "f2b98d96336a754e961e10537787be5d74e10465a1f129ddf7834a1426bfcad7",
ut_pet_cannabis-set	Print the verdict and the page digests to the log	2026-09-13T07:17:41.3936452Z       "pngWidth": 2040,
ut_pet_cannabis-set	Print the verdict and the page digests to the log	2026-09-13T07:17:41.3936625Z       "pngHeight": 2640,
ut_pet_cannabis-set	Print the verdict and the page digests to the log	2026-09-13T07:17:41.3936802Z       "paper": {
ut_pet_cannabis-set	Print the verdict and the page digests to the log	2026-09-13T07:17:41.3936963Z         "x0": 204,
ut_pet_cannabis-set	Print the verdict and the page digests to the log	2026-09-13T07:17:41.3937354Z         "y0": 3,
ut_pet_cannabis-set	Print the verdict and the page digests to the log	2026-09-13T07:17:41.3937783Z         "x1": 2243,
ut_pet_cannabis-set	Print the verdict and the page digests to the log	2026-09-13T07:17:41.3938062Z         "y1": 2642,
ut_pet_cannabis-set	Print the verdict and the page digests to the log	2026-09-13T07:17:41.3938353Z         "width": 2040,
ut_pet_cannabis-set	Print the verdict and the page digests to the log	2026-09-13T07:17:41.3938645Z         "height": 2640
ut_pet_cannabis-set	Print the verdict and the page digests to the log	2026-09-13T07:17:41.3938910Z       },
ut_pet_cannabis-set	Print the verdict and the page digests to the log	2026-09-13T07:17:41.3939271Z       "pxPerPt": 3.3333333333333335,
ut_pet_cannabis-set	Print the verdict and the page digests to the log	2026-09-13T07:17:41.3939667Z       "expectedPxPerPt": 3.333333333333333,
ut_pet_cannabis-set	Print the verdict and the page digests to the log	2026-09-13T07:17:41.3950088Z       "pageWidthPt": 612,
ut_pet_cannabis-set	Print the verdict and the page digests to the log	2026-09-13T07:17:41.3950315Z       "pageHeightPt": 792,
ut_pet_cannabis-set	Print the verdict and the page digests to the log	2026-09-13T07:17:41.3950513Z       "expectedPx": {
ut_pet_cannabis-set	Print the verdict and the page digests to the log	2026-09-13T07:17:41.3950721Z         "width": 2039.9999999999998,
ut_pet_cannabis-set	Print the verdict and the page digests to the log	2026-09-13T07:17:41.3950974Z         "height": 2639.9999999999995,
ut_pet_cannabis-set	Print the verdict and the page digests to the log	2026-09-13T07:17:41.3951205Z         "tolerancePx": 6.666666666666666
ut_pet_cannabis-set	Print the verdict and the page digests to the log	2026-09-13T07:17:41.3951409Z       },
ut_pet_cannabis-set	Print the verdict and the page digests to the log	2026-09-13T07:17:41.3951590Z       "calibrationResidualPx": 0,
ut_pet_cannabis-set	Print the verdict and the page digests to the log	2026-09-13T07:17:41.3951849Z       "inkFractionInsidePaper": 0.03589107991681521,
ut_pet_cannabis-set	Print the verdict and the page digests to the log	2026-09-13T07:17:41.3952263Z       "nonblank": true,
ut_pet_cannabis-set	Print the verdict and the page digests to the log	2026-09-13T07:17:41.3952484Z       "croppedToThePage": true
ut_pet_cannabis-set	Print the verdict and the page digests to the log	2026-09-13T07:17:41.3952677Z     },
ut_pet_cannabis-set	Print the verdict and the page digests to the log	2026-09-13T07:17:41.3952825Z     {
ut_pet_cannabis-set	Print the verdict and the page digests to the log	2026-09-13T07:17:41.3952981Z       "kind": "boundary",
ut_pet_cannabis-set	Print the verdict and the page digests to the log	2026-09-13T07:17:41.3953189Z       "document": "boundary.pdf",
ut_pet_cannabis-set	Print the verdict and the page digests to the log	2026-09-13T07:17:41.3953379Z       "page": 6,
ut_pet_cannabis-set	Print the verdict and the page digests to the log	2026-09-13T07:17:41.3953610Z       "png": "ut_pet_cannabis-set/boundary/page-006.png",
ut_pet_cannabis-set	Print the verdict and the page digests to the log	2026-09-13T07:17:41.3953850Z       "bytes": 400391,
ut_pet_cannabis-set	Print the verdict and the page digests to the log	2026-09-13T07:17:41.3954164Z       "pngSha256": "7acf566aed4719226c283f91caaae4f1e155937dd907ed07fa576273493a5cac",
ut_pet_cannabis-set	Print the verdict and the page digests to the log	2026-09-13T07:17:41.3954487Z       "pngWidth": 2040,
ut_pet_cannabis-set	Print the verdict and the page digests to the log	2026-09-13T07:17:41.3954672Z       "pngHeight": 2640,
ut_pet_cannabis-set	Print the verdict and the page digests to the log	2026-09-13T07:17:41.3954859Z       "paper": {
ut_pet_cannabis-set	Print the verdict and the page digests to the log	2026-09-13T07:17:41.3955031Z         "x0": 204,
ut_pet_cannabis-set	Print the verdict and the page digests to the log	2026-09-13T07:17:41.3955194Z         "y0": 3,
ut_pet_cannabis-set	Print the verdict and the page digests to the log	2026-09-13T07:17:41.3955355Z         "x1": 2243,
ut_pet_cannabis-set	Print the verdict and the page digests to the log	2026-09-13T07:17:41.3955515Z         "y1": 2642,
ut_pet_cannabis-set	Print the verdict and the page digests to the log	2026-09-13T07:17:41.3955672Z         "width": 2040,
ut_pet_cannabis-set	Print the verdict and the page digests to the log	2026-09-13T07:17:41.3955839Z         "height": 2640
ut_pet_cannabis-set	Print the verdict and the page digests to the log	2026-09-13T07:17:41.3956011Z       },
ut_pet_cannabis-set	Print the verdict and the page digests to the log	2026-09-13T07:17:41.3956189Z       "pxPerPt": 3.3333333333333335,
ut_pet_cannabis-set	Print the verdict and the page digests to the log	2026-09-13T07:17:41.3956429Z       "expectedPxPerPt": 3.333333333333333,
ut_pet_cannabis-set	Print the verdict and the page digests to the log	2026-09-13T07:17:41.3956650Z       "pageWidthPt": 612,
ut_pet_cannabis-set	Print the verdict and the page digests to the log	2026-09-13T07:17:41.3956839Z       "pageHeightPt": 792,
ut_pet_cannabis-set	Print the verdict and the page digests to the log	2026-09-13T07:17:41.3957028Z       "expectedPx": {
ut_pet_cannabis-set	Print the verdict and the page digests to the log	2026-09-13T07:17:41.3957223Z         "width": 2039.9999999999998,
ut_pet_cannabis-set	Print the verdict and the page digests to the log	2026-09-13T07:17:41.3957438Z         "height": 2639.9999999999995,
ut_pet_cannabis-set	Print the verdict and the page digests to the log	2026-09-13T07:17:41.3957667Z         "tolerancePx": 6.666666666666666
ut_pet_cannabis-set	Print the verdict and the page digests to the log	2026-09-13T07:17:41.3957865Z       },
ut_pet_cannabis-set	Print the verdict and the page digests to the log	2026-09-13T07:17:41.3958040Z       "calibrationResidualPx": 0,
ut_pet_cannabis-set	Print the verdict and the page digests to the log	2026-09-13T07:17:41.3958292Z       "inkFractionInsidePaper": 0.053321449792038025,
ut_pet_cannabis-set	Print the verdict and the page digests to the log	2026-09-13T07:17:41.3958704Z       "nonblank": true,
ut_pet_cannabis-set	Print the verdict and the page digests to the log	2026-09-13T07:17:41.3958905Z       "croppedToThePage": true
ut_pet_cannabis-set	Print the verdict and the page digests to the log	2026-09-13T07:17:41.3959091Z     },
ut_pet_cannabis-set	Print the verdict and the page digests to the log	2026-09-13T07:17:41.3959229Z     {
ut_pet_cannabis-set	Print the verdict and the page digests to the log	2026-09-13T07:17:41.3959379Z       "kind": "boundary",
ut_pet_cannabis-set	Print the verdict and the page digests to the log	2026-09-13T07:17:41.3959578Z       "document": "boundary.pdf",
ut_pet_cannabis-set	Print the verdict and the page digests to the log	2026-09-13T07:17:41.3959782Z       "page": 7,
ut_pet_cannabis-set	Print the verdict and the page digests to the log	2026-09-13T07:17:41.3960003Z       "png": "ut_pet_cannabis-set/boundary/page-007.png",
ut_pet_cannabis-set	Print the verdict and the page digests to the log	2026-09-13T07:17:41.3960242Z       "bytes": 183579,
ut_pet_cannabis-set	Print the verdict and the page digests to the log	2026-09-13T07:17:41.3960551Z       "pngSha256": "23c881d2ee4ea1a4fe2fc3413c9665505427a55d44045571b34507d0358d81a3",
ut_pet_cannabis-set	Print the verdict and the page digests to the log	2026-09-13T07:17:41.3960863Z       "pngWidth": 2040,
ut_pet_cannabis-set	Print the verdict and the page digests to the log	2026-09-13T07:17:41.3961045Z       "pngHeight": 2640,
ut_pet_cannabis-set	Print the verdict and the page digests to the log	2026-09-13T07:17:41.3961223Z       "paper": {
ut_pet_cannabis-set	Print the verdict and the page digests to the log	2026-09-13T07:17:41.3961381Z         "x0": 204,
ut_pet_cannabis-set	Print the verdict and the page digests to the log	2026-09-13T07:17:41.3961542Z         "y0": 3,
ut_pet_cannabis-set	Print the verdict and the page digests to the log	2026-09-13T07:17:41.3961690Z         "x1": 2243,
ut_pet_cannabis-set	Print the verdict and the page digests to the log	2026-09-13T07:17:41.3961847Z         "y1": 2642,
ut_pet_cannabis-set	Print the verdict and the page digests to the log	2026-09-13T07:17:41.3962164Z         "width": 2040,
ut_pet_cannabis-set	Print the verdict and the page digests to the log	2026-09-13T07:17:41.3962333Z         "height": 2640
ut_pet_cannabis-set	Print the verdict and the page digests to the log	2026-09-13T07:17:41.3962491Z       },
ut_pet_cannabis-set	Print the verdict and the page digests to the log	2026-09-13T07:17:41.3962663Z       "pxPerPt": 3.3333333333333335,
ut_pet_cannabis-set	Print the verdict and the page digests to the log	2026-09-13T07:17:41.3962889Z       "expectedPxPerPt": 3.333333333333333,
ut_pet_cannabis-set	Print the verdict and the page digests to the log	2026-09-13T07:17:41.3963105Z       "pageWidthPt": 612,
ut_pet_cannabis-set	Print the verdict and the page digests to the log	2026-09-13T07:17:41.3963286Z       "pageHeightPt": 792,
ut_pet_cannabis-set	Print the verdict and the page digests to the log	2026-09-13T07:17:41.3963592Z       "expectedPx": {
ut_pet_cannabis-set	Print the verdict and the page digests to the log	2026-09-13T07:17:41.3963781Z         "width": 2039.9999999999998,
ut_pet_cannabis-set	Print the verdict and the page digests to the log	2026-09-13T07:17:41.3963984Z         "height": 2639.9999999999995,
ut_pet_cannabis-set	Print the verdict and the page digests to the log	2026-09-13T07:17:41.3964296Z         "tolerancePx": 6.666666666666666
ut_pet_cannabis-set	Print the verdict and the page digests to the log	2026-09-13T07:17:41.3964602Z       },
ut_pet_cannabis-set	Print the verdict and the page digests to the log	2026-09-13T07:17:41.3964865Z       "calibrationResidualPx": 0,
ut_pet_cannabis-set	Print the verdict and the page digests to the log	2026-09-13T07:17:41.3965234Z       "inkFractionInsidePaper": 0.018374554367201427,
ut_pet_cannabis-set	Print the verdict and the page digests to the log	2026-09-13T07:17:41.3965560Z       "nonblank": true,
ut_pet_cannabis-set	Print the verdict and the page digests to the log	2026-09-13T07:17:41.3965759Z       "croppedToThePage": true
ut_pet_cannabis-set	Print the verdict and the page digests to the log	2026-09-13T07:17:41.3965939Z     },
ut_pet_cannabis-set	Print the verdict and the page digests to the log	2026-09-13T07:17:41.3966078Z     {
ut_pet_cannabis-set	Print the verdict and the page digests to the log	2026-09-13T07:17:41.3966230Z       "kind": "boundary",
ut_pet_cannabis-set	Print the verdict and the page digests to the log	2026-09-13T07:17:41.3966434Z       "document": "boundary.pdf",
ut_pet_cannabis-set	Print the verdict and the page digests to the log	2026-09-13T07:17:41.3966623Z       "page": 8,
ut_pet_cannabis-set	Print the verdict and the page digests to the log	2026-09-13T07:17:41.3966839Z       "png": "ut_pet_cannabis-set/boundary/page-008.png",
ut_pet_cannabis-set	Print the verdict and the page digests to the log	2026-09-13T07:17:41.3967072Z       "bytes": 593401,
ut_pet_cannabis-set	Print the verdict and the page digests to the log	2026-09-13T07:17:41.3967378Z       "pngSha256": "efca6915b84a96879ca382e032d3b242da5833317fcfd230c1c94ca87d93af47",
ut_pet_cannabis-set	Print the verdict and the page digests to the log	2026-09-13T07:17:41.3967699Z       "pngWidth": 2040,
ut_pet_cannabis-set	Print the verdict and the page digests to the log	2026-09-13T07:17:41.3967872Z       "pngHeight": 2640,
ut_pet_cannabis-set	Print the verdict and the page digests to the log	2026-09-13T07:17:41.3968047Z       "paper": {
ut_pet_cannabis-set	Print the verdict and the page digests to the log	2026-09-13T07:17:41.3968198Z         "x0": 204,
ut_pet_cannabis-set	Print the verdict and the page digests to the log	2026-09-13T07:17:41.3968348Z         "y0": 3,
ut_pet_cannabis-set	Print the verdict and the page digests to the log	2026-09-13T07:17:41.3968495Z         "x1": 2243,
ut_pet_cannabis-set	Print the verdict and the page digests to the log	2026-09-13T07:17:41.3968647Z         "y1": 2642,
ut_pet_cannabis-set	Print the verdict and the page digests to the log	2026-09-13T07:17:41.3968804Z         "width": 2040,
ut_pet_cannabis-set	Print the verdict and the page digests to the log	2026-09-13T07:17:41.3968966Z         "height": 2640
ut_pet_cannabis-set	Print the verdict and the page digests to the log	2026-09-13T07:17:41.3969123Z       },
ut_pet_cannabis-set	Print the verdict and the page digests to the log	2026-09-13T07:17:41.3969293Z       "pxPerPt": 3.3333333333333335,
ut_pet_cannabis-set	Print the verdict and the page digests to the log	2026-09-13T07:17:41.3969519Z       "expectedPxPerPt": 3.333333333333333,
ut_pet_cannabis-set	Print the verdict and the page digests to the log	2026-09-13T07:17:41.3969738Z       "pageWidthPt": 612,
ut_pet_cannabis-set	Print the verdict and the page digests to the log	2026-09-13T07:17:41.3969919Z       "pageHeightPt": 792,
ut_pet_cannabis-set	Print the verdict and the page digests to the log	2026-09-13T07:17:41.3970098Z       "expectedPx": {
ut_pet_cannabis-set	Print the verdict and the page digests to the log	2026-09-13T07:17:41.3970281Z         "width": 2039.9999999999998,
ut_pet_cannabis-set	Print the verdict and the page digests to the log	2026-09-13T07:17:41.3970490Z         "height": 2639.9999999999995,
ut_pet_cannabis-set	Print the verdict and the page digests to the log	2026-09-13T07:17:41.3970705Z         "tolerancePx": 6.666666666666666
ut_pet_cannabis-set	Print the verdict and the page digests to the log	2026-09-13T07:17:41.3970904Z       },
ut_pet_cannabis-set	Print the verdict and the page digests to the log	2026-09-13T07:17:41.3971076Z       "calibrationResidualPx": 0,
ut_pet_cannabis-set	Print the verdict and the page digests to the log	2026-09-13T07:17:41.3971319Z       "inkFractionInsidePaper": 0.07734291443850268,
ut_pet_cannabis-set	Print the verdict and the page digests to the log	2026-09-13T07:17:41.3971547Z       "nonblank": true,
ut_pet_cannabis-set	Print the verdict and the page digests to the log	2026-09-13T07:17:41.3971738Z       "croppedToThePage": true
ut_pet_cannabis-set	Print the verdict and the page digests to the log	2026-09-13T07:17:41.3972045Z     },
ut_pet_cannabis-set	Print the verdict and the page digests to the log	2026-09-13T07:17:41.3972210Z     {
ut_pet_cannabis-set	Print the verdict and the page digests to the log	2026-09-13T07:17:41.3972361Z       "kind": "boundary",
ut_pet_cannabis-set	Print the verdict and the page digests to the log	2026-09-13T07:17:41.3972555Z       "document": "boundary.pdf",
ut_pet_cannabis-set	Print the verdict and the page digests to the log	2026-09-13T07:17:41.3972744Z       "page": 9,
ut_pet_cannabis-set	Print the verdict and the page digests to the log	2026-09-13T07:17:41.3972957Z       "png": "ut_pet_cannabis-set/boundary/page-009.png",
ut_pet_cannabis-set	Print the verdict and the page digests to the log	2026-09-13T07:17:41.3973190Z       "bytes": 890873,
ut_pet_cannabis-set	Print the verdict and the page digests to the log	2026-09-13T07:17:41.3973628Z       "pngSha256": "c3529819ec38a6a20b308887829c02737aa71dccaa83262138297258eca500ce",
ut_pet_cannabis-set	Print the verdict and the page digests to the log	2026-09-13T07:17:41.3973951Z       "pngWidth": 2040,
ut_pet_cannabis-set	Print the verdict and the page digests to the log	2026-09-13T07:17:41.3974136Z       "pngHeight": 2640,
ut_pet_cannabis-set	Print the verdict and the page digests to the log	2026-09-13T07:17:41.3974315Z       "paper": {
ut_pet_cannabis-set	Print the verdict and the page digests to the log	2026-09-13T07:17:41.3974476Z         "x0": 204,
ut_pet_cannabis-set	Print the verdict and the page digests to the log	2026-09-13T07:17:41.3974640Z         "y0": 3,
ut_pet_cannabis-set	Print the verdict and the page digests to the log	2026-09-13T07:17:41.3974798Z         "x1": 2243,
ut_pet_cannabis-set	Print the verdict and the page digests to the log	2026-09-13T07:17:41.3974961Z         "y1": 2642,
ut_pet_cannabis-set	Print the verdict and the page digests to the log	2026-09-13T07:17:41.3975116Z         "width": 2040,
ut_pet_cannabis-set	Print the verdict and the page digests to the log	2026-09-13T07:17:41.3975281Z         "height": 2640
ut_pet_cannabis-set	Print the verdict and the page digests to the log	2026-09-13T07:17:41.3975440Z       },
ut_pet_cannabis-set	Print the verdict and the page digests to the log	2026-09-13T07:17:41.3975612Z       "pxPerPt": 3.3333333333333335,
ut_pet_cannabis-set	Print the verdict and the page digests to the log	2026-09-13T07:17:41.3975851Z       "expectedPxPerPt": 3.333333333333333,
ut_pet_cannabis-set	Print the verdict and the page digests to the log	2026-09-13T07:17:41.3976070Z       "pageWidthPt": 612,
ut_pet_cannabis-set	Print the verdict and the page digests to the log	2026-09-13T07:17:41.3976258Z       "pageHeightPt": 792,
ut_pet_cannabis-set	Print the verdict and the page digests to the log	2026-09-13T07:17:41.3976441Z       "expectedPx": {
ut_pet_cannabis-set	Print the verdict and the page digests to the log	2026-09-13T07:17:41.3976628Z         "width": 2039.9999999999998,
ut_pet_cannabis-set	Print the verdict and the page digests to the log	2026-09-13T07:17:41.3976848Z         "height": 2639.9999999999995,
ut_pet_cannabis-set	Print the verdict and the page digests to the log	2026-09-13T07:17:41.3977075Z         "tolerancePx": 6.666666666666666
ut_pet_cannabis-set	Print the verdict and the page digests to the log	2026-09-13T07:17:41.3977270Z       },
ut_pet_cannabis-set	Print the verdict and the page digests to the log	2026-09-13T07:17:41.3977445Z       "calibrationResidualPx": 0,
ut_pet_cannabis-set	Print the verdict and the page digests to the log	2026-09-13T07:17:41.3977692Z       "inkFractionInsidePaper": 0.08429255793226381,
ut_pet_cannabis-set	Print the verdict and the page digests to the log	2026-09-13T07:17:41.3977924Z       "nonblank": true,
ut_pet_cannabis-set	Print the verdict and the page digests to the log	2026-09-13T07:17:41.3978123Z       "croppedToThePage": true
ut_pet_cannabis-set	Print the verdict and the page digests to the log	2026-09-13T07:17:41.3978413Z     },
ut_pet_cannabis-set	Print the verdict and the page digests to the log	2026-09-13T07:17:41.3978553Z     {
ut_pet_cannabis-set	Print the verdict and the page digests to the log	2026-09-13T07:17:41.3978706Z       "kind": "boundary",
ut_pet_cannabis-set	Print the verdict and the page digests to the log	2026-09-13T07:17:41.3978902Z       "document": "boundary.pdf",
ut_pet_cannabis-set	Print the verdict and the page digests to the log	2026-09-13T07:17:41.3979092Z       "page": 10,
ut_pet_cannabis-set	Print the verdict and the page digests to the log	2026-09-13T07:17:41.3979307Z       "png": "ut_pet_cannabis-set/boundary/page-010.png",
ut_pet_cannabis-set	Print the verdict and the page digests to the log	2026-09-13T07:17:41.3979541Z       "bytes": 178447,
ut_pet_cannabis-set	Print the verdict and the page digests to the log	2026-09-13T07:17:41.3979844Z       "pngSha256": "2a1fa8b3c5a98bf2eadd4330e159bab8d26fe5550c9cb335c04230921b5965a6",
ut_pet_cannabis-set	Print the verdict and the page digests to the log	2026-09-13T07:17:41.3980163Z       "pngWidth": 2040,
ut_pet_cannabis-set	Print the verdict and the page digests to the log	2026-09-13T07:17:41.3980332Z       "pngHeight": 2640,
ut_pet_cannabis-set	Print the verdict and the page digests to the log	2026-09-13T07:17:41.3980502Z       "paper": {
ut_pet_cannabis-set	Print the verdict and the page digests to the log	2026-09-13T07:17:41.3980660Z         "x0": 204,
ut_pet_cannabis-set	Print the verdict and the page digests to the log	2026-09-13T07:17:41.3980811Z         "y0": 3,
ut_pet_cannabis-set	Print the verdict and the page digests to the log	2026-09-13T07:17:41.3980957Z         "x1": 2243,
ut_pet_cannabis-set	Print the verdict and the page digests to the log	2026-09-13T07:17:41.3981110Z         "y1": 2642,
ut_pet_cannabis-set	Print the verdict and the page digests to the log	2026-09-13T07:17:41.3981263Z         "width": 2040,
ut_pet_cannabis-set	Print the verdict and the page digests to the log	2026-09-13T07:17:41.3981427Z         "height": 2640
ut_pet_cannabis-set	Print the verdict and the page digests to the log	2026-09-13T07:17:41.3981579Z       },
ut_pet_cannabis-set	Print the verdict and the page digests to the log	2026-09-13T07:17:41.3981745Z       "pxPerPt": 3.3333333333333335,
ut_pet_cannabis-set	Print the verdict and the page digests to the log	2026-09-13T07:17:41.3982117Z       "expectedPxPerPt": 3.333333333333333,
ut_pet_cannabis-set	Print the verdict and the page digests to the log	2026-09-13T07:17:41.3982340Z       "pageWidthPt": 612,
ut_pet_cannabis-set	Print the verdict and the page digests to the log	2026-09-13T07:17:41.3982518Z       "pageHeightPt": 792,
ut_pet_cannabis-set	Print the verdict and the page digests to the log	2026-09-13T07:17:41.3982697Z       "expectedPx": {
ut_pet_cannabis-set	Print the verdict and the page digests to the log	2026-09-13T07:17:41.3982878Z         "width": 2039.9999999999998,
ut_pet_cannabis-set	Print the verdict and the page digests to the log	2026-09-13T07:17:41.3983087Z         "height": 2639.9999999999995,
ut_pet_cannabis-set	Print the verdict and the page digests to the log	2026-09-13T07:17:41.3983301Z         "tolerancePx": 6.666666666666666
ut_pet_cannabis-set	Print the verdict and the page digests to the log	2026-09-13T07:17:41.3983495Z       },
ut_pet_cannabis-set	Print the verdict and the page digests to the log	2026-09-13T07:17:41.3983661Z       "calibrationResidualPx": 0,
ut_pet_cannabis-set	Print the verdict and the page digests to the log	2026-09-13T07:17:41.3983899Z       "inkFractionInsidePaper": 0.021110739750445633,
ut_pet_cannabis-set	Print the verdict and the page digests to the log	2026-09-13T07:17:41.3984127Z       "nonblank": true,
ut_pet_cannabis-set	Print the verdict and the page digests to the log	2026-09-13T07:17:41.3984314Z       "croppedToThePage": true
ut_pet_cannabis-set	Print the verdict and the page digests to the log	2026-09-13T07:17:41.3984491Z     },
ut_pet_cannabis-set	Print the verdict and the page digests to the log	2026-09-13T07:17:41.3984631Z     {
ut_pet_cannabis-set	Print the verdict and the page digests to the log	2026-09-13T07:17:41.3984774Z       "kind": "boundary",
ut_pet_cannabis-set	Print the verdict and the page digests to the log	2026-09-13T07:17:41.3984964Z       "document": "boundary.pdf",
ut_pet_cannabis-set	Print the verdict and the page digests to the log	2026-09-13T07:17:41.3985146Z       "page": 11,
ut_pet_cannabis-set	Print the verdict and the page digests to the log	2026-09-13T07:17:41.3985364Z       "png": "ut_pet_cannabis-set/boundary/page-011.png",
ut_pet_cannabis-set	Print the verdict and the page digests to the log	2026-09-13T07:17:41.3985600Z       "bytes": 249484,
ut_pet_cannabis-set	Print the verdict and the page digests to the log	2026-09-13T07:17:41.3985900Z       "pngSha256": "78ed134fb5a97b0ad107b71b498c8a7c271147e513a955c3eb67d9212b044d10",
ut_pet_cannabis-set	Print the verdict and the page digests to the log	2026-09-13T07:17:41.3986207Z       "pngWidth": 2040,
ut_pet_cannabis-set	Print the verdict and the page digests to the log	2026-09-13T07:17:41.3986374Z       "pngHeight": 2640,
ut_pet_cannabis-set	Print the verdict and the page digests to the log	2026-09-13T07:17:41.3986541Z       "paper": {
ut_pet_cannabis-set	Print the verdict and the page digests to the log	2026-09-13T07:17:41.3986695Z         "x0": 204,
ut_pet_cannabis-set	Print the verdict and the page digests to the log	2026-09-13T07:17:41.3986846Z         "y0": 3,
ut_pet_cannabis-set	Print the verdict and the page digests to the log	2026-09-13T07:17:41.3986995Z         "x1": 2243,
ut_pet_cannabis-set	Print the verdict and the page digests to the log	2026-09-13T07:17:41.3987147Z         "y1": 2642,
ut_pet_cannabis-set	Print the verdict and the page digests to the log	2026-09-13T07:17:41.3987299Z         "width": 2040,
ut_pet_cannabis-set	Print the verdict and the page digests to the log	2026-09-13T07:17:41.3987570Z         "height": 2640
ut_pet_cannabis-set	Print the verdict and the page digests to the log	2026-09-13T07:17:41.3987723Z       },
ut_pet_cannabis-set	Print the verdict and the page digests to the log	2026-09-13T07:17:41.3987884Z       "pxPerPt": 3.3333333333333335,
ut_pet_cannabis-set	Print the verdict and the page digests to the log	2026-09-13T07:17:41.3988104Z       "expectedPxPerPt": 3.333333333333333,
ut_pet_cannabis-set	Print the verdict and the page digests to the log	2026-09-13T07:17:41.3988309Z       "pageWidthPt": 612,
ut_pet_cannabis-set	Print the verdict and the page digests to the log	2026-09-13T07:17:41.3988484Z       "pageHeightPt": 792,
ut_pet_cannabis-set	Print the verdict and the page digests to the log	2026-09-13T07:17:41.3988660Z       "expectedPx": {
ut_pet_cannabis-set	Print the verdict and the page digests to the log	2026-09-13T07:17:41.3988841Z         "width": 2039.9999999999998,
ut_pet_cannabis-set	Print the verdict and the page digests to the log	2026-09-13T07:17:41.3989045Z         "height": 2639.9999999999995,
ut_pet_cannabis-set	Print the verdict and the page digests to the log	2026-09-13T07:17:41.3989261Z         "tolerancePx": 6.666666666666666
ut_pet_cannabis-set	Print the verdict and the page digests to the log	2026-09-13T07:17:41.3989445Z       },
ut_pet_cannabis-set	Print the verdict and the page digests to the log	2026-09-13T07:17:41.3989609Z       "calibrationResidualPx": 0,
ut_pet_cannabis-set	Print the verdict and the page digests to the log	2026-09-13T07:17:41.3989838Z       "inkFractionInsidePaper": 0.030740864527629235,
ut_pet_cannabis-set	Print the verdict and the page digests to the log	2026-09-13T07:17:41.3990060Z       "nonblank": true,
ut_pet_cannabis-set	Print the verdict and the page digests to the log	2026-09-13T07:17:41.3990245Z       "croppedToThePage": true
ut_pet_cannabis-set	Print the verdict and the page digests to the log	2026-09-13T07:17:41.3990423Z     },
ut_pet_cannabis-set	Print the verdict and the page digests to the log	2026-09-13T07:17:41.3990559Z     {
ut_pet_cannabis-set	Print the verdict and the page digests to the log	2026-09-13T07:17:41.3990704Z       "kind": "boundary",
ut_pet_cannabis-set	Print the verdict and the page digests to the log	2026-09-13T07:17:41.3990890Z       "document": "boundary.pdf",
ut_pet_cannabis-set	Print the verdict and the page digests to the log	2026-09-13T07:17:41.3991078Z       "page": 12,
ut_pet_cannabis-set	Print the verdict and the page digests to the log	2026-09-13T07:17:41.3991287Z       "png": "ut_pet_cannabis-set/boundary/page-012.png",
ut_pet_cannabis-set	Print the verdict and the page digests to the log	2026-09-13T07:17:41.3991516Z       "bytes": 128434,
ut_pet_cannabis-set	Print the verdict and the page digests to the log	2026-09-13T07:17:41.3991816Z       "pngSha256": "f6e7ff3b15218ed5dcc7c14f0969674dac72cf092214af4555ccee8f4667dba4",
ut_pet_cannabis-set	Print the verdict and the page digests to the log	2026-09-13T07:17:41.3992257Z       "pngWidth": 2040,
ut_pet_cannabis-set	Print the verdict and the page digests to the log	2026-09-13T07:17:41.3992528Z       "pngHeight": 2640,
ut_pet_cannabis-set	Print the verdict and the page digests to the log	2026-09-13T07:17:41.3992696Z       "paper": {
ut_pet_cannabis-set	Print the verdict and the page digests to the log	2026-09-13T07:17:41.3992851Z         "x0": 204,
ut_pet_cannabis-set	Print the verdict and the page digests to the log	2026-09-13T07:17:41.3992997Z         "y0": 3,
ut_pet_cannabis-set	Print the verdict and the page digests to the log	2026-09-13T07:17:41.3993142Z         "x1": 2243,
ut_pet_cannabis-set	Print the verdict and the page digests to the log	2026-09-13T07:17:41.3993288Z         "y1": 2642,
ut_pet_cannabis-set	Print the verdict and the page digests to the log	2026-09-13T07:17:41.3993441Z         "width": 2040,
ut_pet_cannabis-set	Print the verdict and the page digests to the log	2026-09-13T07:17:41.3993597Z         "height": 2640
ut_pet_cannabis-set	Print the verdict and the page digests to the log	2026-09-13T07:17:41.3993749Z       },
ut_pet_cannabis-set	Print the verdict and the page digests to the log	2026-09-13T07:17:41.3993913Z       "pxPerPt": 3.3333333333333335,
ut_pet_cannabis-set	Print the verdict and the page digests to the log	2026-09-13T07:17:41.3994124Z       "expectedPxPerPt": 3.333333333333333,
ut_pet_cannabis-set	Print the verdict and the page digests to the log	2026-09-13T07:17:41.3994327Z       "pageWidthPt": 612,
ut_pet_cannabis-set	Print the verdict and the page digests to the log	2026-09-13T07:17:41.3994506Z       "pageHeightPt": 792,
ut_pet_cannabis-set	Print the verdict and the page digests to the log	2026-09-13T07:17:41.3994678Z       "expectedPx": {
ut_pet_cannabis-set	Print the verdict and the page digests to the log	2026-09-13T07:17:41.3994854Z         "width": 2039.9999999999998,
ut_pet_cannabis-set	Print the verdict and the page digests to the log	2026-09-13T07:17:41.3995057Z         "height": 2639.9999999999995,
ut_pet_cannabis-set	Print the verdict and the page digests to the log	2026-09-13T07:17:41.3995261Z         "tolerancePx": 6.666666666666666
ut_pet_cannabis-set	Print the verdict and the page digests to the log	2026-09-13T07:17:41.3995447Z       },
ut_pet_cannabis-set	Print the verdict and the page digests to the log	2026-09-13T07:17:41.3995614Z       "calibrationResidualPx": 0,
ut_pet_cannabis-set	Print the verdict and the page digests to the log	2026-09-13T07:17:41.3995843Z       "inkFractionInsidePaper": 0.013850081699346406,
ut_pet_cannabis-set	Print the verdict and the page digests to the log	2026-09-13T07:17:41.3996065Z       "nonblank": true,
ut_pet_cannabis-set	Print the verdict and the page digests to the log	2026-09-13T07:17:41.3996248Z       "croppedToThePage": true
ut_pet_cannabis-set	Print the verdict and the page digests to the log	2026-09-13T07:17:41.3996423Z     }
ut_pet_cannabis-set	Print the verdict and the page digests to the log	2026-09-13T07:17:41.3996555Z   ],
ut_pet_cannabis-set	Print the verdict and the page digests to the log	2026-09-13T07:17:41.3996695Z   "problems": [],
ut_pet_cannabis-set	Print the verdict and the page digests to the log	2026-09-13T07:17:41.3996862Z   "environmentProblems": [],
ut_pet_cannabis-set	Print the verdict and the page digests to the log	2026-09-13T07:17:41.3997363Z   "whatThisDoesNotDecide": "This is one gate. RASTER_PASS does not make a family PASS_COMPLETE, promotes nothing, and opens no commercial route.",
ut_pet_cannabis-set	Print the verdict and the page digests to the log	2026-09-13T07:17:41.3997822Z   "packetPdfsModified": 0,
ut_pet_cannabis-set	Print the verdict and the page digests to the log	2026-09-13T07:17:41.3998006Z   "bodiesCommitted": 0,
ut_pet_cannabis-set	Print the verdict and the page digests to the log	2026-09-13T07:17:41.3998193Z   "commercialRoutesOpened": 0,
ut_pet_cannabis-set	Print the verdict and the page digests to the log	2026-09-13T07:17:41.3998385Z   "productionTouched": false
ut_pet_cannabis-set	Print the verdict and the page digests to the log	2026-09-13T07:17:41.3998564Z }
ut_pet_cannabis-set	Print the verdict and the page digests to the log	2026-09-13T07:17:41.3998825Z ===== END VERDICT ut_pet_cannabis-set.verdict.json =====
ut_pet_cannabis-set	Print the verdict and the page digests to the log	2026-09-13T07:17:41.3999106Z ===== BEGIN PAGE DIGESTS =====
ut_pet_cannabis-set	Print the verdict and the page digests to the log	2026-09-13T07:17:41.4956726Z a6243275f657a7e7ca3b6b9bdcff2205a2033f9cc3c52ffab5732db6d66aeec1  raster-out/ut_pet_cannabis-set/boundary/page-001.png
ut_pet_cannabis-set	Print the verdict and the page digests to the log	2026-09-13T07:17:41.4958234Z 170ffc66f013173b17dfab0ae245c5f82d3e878bf5bbc089d7ec82a378e5b7b3  raster-out/ut_pet_cannabis-set/boundary/page-002.png
ut_pet_cannabis-set	Print the verdict and the page digests to the log	2026-09-13T07:17:41.4960786Z df4ea4c595db582f0362f8ec9d4ff2540602688a6b48d610e4c12284754f0241  raster-out/ut_pet_cannabis-set/boundary/page-003.png
ut_pet_cannabis-set	Print the verdict and the page digests to the log	2026-09-13T07:17:41.4962178Z 4567c729821062316e5a4660ad057324ba2864a70808970fc0d2a28bcaad5c32  raster-out/ut_pet_cannabis-set/boundary/page-004.png
ut_pet_cannabis-set	Print the verdict and the page digests to the log	2026-09-13T07:17:41.4963976Z f2b98d96336a754e961e10537787be5d74e10465a1f129ddf7834a1426bfcad7  raster-out/ut_pet_cannabis-set/boundary/page-005.png
ut_pet_cannabis-set	Print the verdict and the page digests to the log	2026-09-13T07:17:41.4966863Z 7acf566aed4719226c283f91caaae4f1e155937dd907ed07fa576273493a5cac  raster-out/ut_pet_cannabis-set/boundary/page-006.png
ut_pet_cannabis-set	Print the verdict and the page digests to the log	2026-09-13T07:17:41.4968093Z 23c881d2ee4ea1a4fe2fc3413c9665505427a55d44045571b34507d0358d81a3  raster-out/ut_pet_cannabis-set/boundary/page-007.png
ut_pet_cannabis-set	Print the verdict and the page digests to the log	2026-09-13T07:17:41.4972326Z efca6915b84a96879ca382e032d3b242da5833317fcfd230c1c94ca87d93af47  raster-out/ut_pet_cannabis-set/boundary/page-008.png
ut_pet_cannabis-set	Print the verdict and the page digests to the log	2026-09-13T07:17:41.4978137Z c3529819ec38a6a20b308887829c02737aa71dccaa83262138297258eca500ce  raster-out/ut_pet_cannabis-set/boundary/page-009.png
ut_pet_cannabis-set	Print the verdict and the page digests to the log	2026-09-13T07:17:41.4979486Z 2a1fa8b3c5a98bf2eadd4330e159bab8d26fe5550c9cb335c04230921b5965a6  raster-out/ut_pet_cannabis-set/boundary/page-010.png
ut_pet_cannabis-set	Print the verdict and the page digests to the log	2026-09-13T07:17:41.4980838Z 78ed134fb5a97b0ad107b71b498c8a7c271147e513a955c3eb67d9212b044d10  raster-out/ut_pet_cannabis-set/boundary/page-011.png
ut_pet_cannabis-set	Print the verdict and the page digests to the log	2026-09-13T07:17:41.4981827Z f6e7ff3b15218ed5dcc7c14f0969674dac72cf092214af4555ccee8f4667dba4  raster-out/ut_pet_cannabis-set/boundary/page-012.png
ut_pet_cannabis-set	Print the verdict and the page digests to the log	2026-09-13T07:17:41.4983087Z 6ba0ff0699074df6d1d49ab2add226a3f397d3041153060127846a2076307317  raster-out/ut_pet_cannabis-set/boundary/page-calibration.png
ut_pet_cannabis-set	Print the verdict and the page digests to the log	2026-09-13T07:17:41.4985451Z 00d12fcaf9b1221b53a7ee8d77b3926dcddb5fc3a3d9f79ca14923bf1e20ab71  raster-out/ut_pet_cannabis-set/canonical/page-001.png
ut_pet_cannabis-set	Print the verdict and the page digests to the log	2026-09-13T07:17:41.4987813Z 170ffc66f013173b17dfab0ae245c5f82d3e878bf5bbc089d7ec82a378e5b7b3  raster-out/ut_pet_cannabis-set/canonical/page-002.png
ut_pet_cannabis-set	Print the verdict and the page digests to the log	2026-09-13T07:17:41.4990595Z df4ea4c595db582f0362f8ec9d4ff2540602688a6b48d610e4c12284754f0241  raster-out/ut_pet_cannabis-set/canonical/page-003.png
ut_pet_cannabis-set	Print the verdict and the page digests to the log	2026-09-13T07:17:41.4991704Z 1ea27300cf103cd65a31dd4ae06bdb993720b845dcba406ccc350832eae23264  raster-out/ut_pet_cannabis-set/canonical/page-004.png
ut_pet_cannabis-set	Print the verdict and the page digests to the log	2026-09-13T07:17:41.4993841Z 6412f89ed239fd09b838c03e1b4621c5251a134ae01e1a65b8feead1d6be44f8  raster-out/ut_pet_cannabis-set/canonical/page-005.png
ut_pet_cannabis-set	Print the verdict and the page digests to the log	2026-09-13T07:17:41.4996508Z 7acf566aed4719226c283f91caaae4f1e155937dd907ed07fa576273493a5cac  raster-out/ut_pet_cannabis-set/canonical/page-006.png
ut_pet_cannabis-set	Print the verdict and the page digests to the log	2026-09-13T07:17:41.4997737Z 3c1d2c9fa21a550086ae20420e33278841cca79388f4d263be4c169939f2421e  raster-out/ut_pet_cannabis-set/canonical/page-007.png
ut_pet_cannabis-set	Print the verdict and the page digests to the log	2026-09-13T07:17:41.5001631Z 516e59c969571de124bf44e2c9e054ff2c7c67d03c5491cd62cea06d7451b8e4  raster-out/ut_pet_cannabis-set/canonical/page-008.png
ut_pet_cannabis-set	Print the verdict and the page digests to the log	2026-09-13T07:17:41.5007670Z c3529819ec38a6a20b308887829c02737aa71dccaa83262138297258eca500ce  raster-out/ut_pet_cannabis-set/canonical/page-009.png
ut_pet_cannabis-set	Print the verdict and the page digests to the log	2026-09-13T07:17:41.5008899Z 2a1fa8b3c5a98bf2eadd4330e159bab8d26fe5550c9cb335c04230921b5965a6  raster-out/ut_pet_cannabis-set/canonical/page-010.png
ut_pet_cannabis-set	Print the verdict and the page digests to the log	2026-09-13T07:17:41.5010712Z 78ed134fb5a97b0ad107b71b498c8a7c271147e513a955c3eb67d9212b044d10  raster-out/ut_pet_cannabis-set/canonical/page-011.png
ut_pet_cannabis-set	Print the verdict and the page digests to the log	2026-09-13T07:17:41.5011595Z f6e7ff3b15218ed5dcc7c14f0969674dac72cf092214af4555ccee8f4667dba4  raster-out/ut_pet_cannabis-set/canonical/page-012.png
ut_pet_cannabis-set	Print the verdict and the page digests to the log	2026-09-13T07:17:41.5012683Z 6ba0ff0699074df6d1d49ab2add226a3f397d3041153060127846a2076307317  raster-out/ut_pet_cannabis-set/canonical/page-calibration.png
ut_pet_cannabis-set	Print the verdict and the page digests to the log	2026-09-13T07:17:41.5016819Z ===== END PAGE DIGESTS =====
ut_pet_cannabis-set	Refuse a modified packet byte	﻿2026-09-13T07:17:41.5041098Z ##[group]Run set -euo pipefail
ut_pet_cannabis-set	Refuse a modified packet byte	2026-09-13T07:17:41.5041356Z ^[[36;1mset -euo pipefail^[[0m
ut_pet_cannabis-set	Refuse a modified packet byte	2026-09-13T07:17:41.5041635Z ^[[36;1m# The render writes only under raster-out/. If a tracked file moved,^[[0m
ut_pet_cannabis-set	Refuse a modified packet byte	2026-09-13T07:17:41.5042173Z ^[[36;1m# something wrote where it must not.^[[0m
ut_pet_cannabis-set	Refuse a modified packet byte	2026-09-13T07:17:41.5042446Z ^[[36;1mgit diff --quiet && git diff --cached --quiet \^[[0m
ut_pet_cannabis-set	Refuse a modified packet byte	2026-09-13T07:17:41.5042829Z ^[[36;1m  || { echo "REFUSED: the render modified tracked files"; git status --porcelain; exit 1; }^[[0m
ut_pet_cannabis-set	Refuse a modified packet byte	2026-09-13T07:17:41.5075942Z shell: /usr/bin/bash -e {0}
ut_pet_cannabis-set	Refuse a modified packet byte	2026-09-13T07:17:41.5076148Z env:
ut_pet_cannabis-set	Refuse a modified packet byte	2026-09-13T07:17:41.5076362Z   pythonLocation: /opt/hostedtoolcache/Python/3.12.14/x64
ut_pet_cannabis-set	Refuse a modified packet byte	2026-09-13T07:17:41.5076701Z   PKG_CONFIG_PATH: /opt/hostedtoolcache/Python/3.12.14/x64/lib/pkgconfig
ut_pet_cannabis-set	Refuse a modified packet byte	2026-09-13T07:17:41.5077023Z   Python_ROOT_DIR: /opt/hostedtoolcache/Python/3.12.14/x64
ut_pet_cannabis-set	Refuse a modified packet byte	2026-09-13T07:17:41.5077313Z   Python2_ROOT_DIR: /opt/hostedtoolcache/Python/3.12.14/x64
ut_pet_cannabis-set	Refuse a modified packet byte	2026-09-13T07:17:41.5077609Z   Python3_ROOT_DIR: /opt/hostedtoolcache/Python/3.12.14/x64
ut_pet_cannabis-set	Refuse a modified packet byte	2026-09-13T07:17:41.5077926Z   LD_LIBRARY_PATH: /opt/hostedtoolcache/Python/3.12.14/x64/lib
ut_pet_cannabis-set	Refuse a modified packet byte	2026-09-13T07:17:41.5078233Z   PLAYWRIGHT_BROWSERS_PATH: /home/runner/.cache/ms-playwright
ut_pet_cannabis-set	Refuse a modified packet byte	2026-09-13T07:17:41.5078491Z ##[endgroup]
ut_pet_cannabis-set	Artifact-safe label for this family	﻿2026-09-13T07:17:42.1071224Z ##[group]Run printf 'FAMILY_SLUG=%s\n' "$(printf '%s' "$FAMILY" | tr -c 'A-Za-z0-9._-' '_')" >> "$GITHUB_ENV"
ut_pet_cannabis-set	Artifact-safe label for this family	2026-09-13T07:17:42.1072185Z ^[[36;1mprintf 'FAMILY_SLUG=%s\n' "$(printf '%s' "$FAMILY" | tr -c 'A-Za-z0-9._-' '_')" >> "$GITHUB_ENV"^[[0m
ut_pet_cannabis-set	Artifact-safe label for this family	2026-09-13T07:17:42.1109865Z shell: /usr/bin/bash -e {0}
ut_pet_cannabis-set	Artifact-safe label for this family	2026-09-13T07:17:42.1110095Z env:
ut_pet_cannabis-set	Artifact-safe label for this family	2026-09-13T07:17:42.1110319Z   pythonLocation: /opt/hostedtoolcache/Python/3.12.14/x64
ut_pet_cannabis-set	Artifact-safe label for this family	2026-09-13T07:17:42.1110657Z   PKG_CONFIG_PATH: /opt/hostedtoolcache/Python/3.12.14/x64/lib/pkgconfig
ut_pet_cannabis-set	Artifact-safe label for this family	2026-09-13T07:17:42.1110982Z   Python_ROOT_DIR: /opt/hostedtoolcache/Python/3.12.14/x64
ut_pet_cannabis-set	Artifact-safe label for this family	2026-09-13T07:17:42.1111279Z   Python2_ROOT_DIR: /opt/hostedtoolcache/Python/3.12.14/x64
ut_pet_cannabis-set	Artifact-safe label for this family	2026-09-13T07:17:42.1111567Z   Python3_ROOT_DIR: /opt/hostedtoolcache/Python/3.12.14/x64
ut_pet_cannabis-set	Artifact-safe label for this family	2026-09-13T07:17:42.1111853Z   LD_LIBRARY_PATH: /opt/hostedtoolcache/Python/3.12.14/x64/lib
ut_pet_cannabis-set	Artifact-safe label for this family	2026-09-13T07:17:42.1112317Z   PLAYWRIGHT_BROWSERS_PATH: /home/runner/.cache/ms-playwright
ut_pet_cannabis-set	Artifact-safe label for this family	2026-09-13T07:17:42.1112766Z   FAMILY: ut_pet_cannabis-set
ut_pet_cannabis-set	Artifact-safe label for this family	2026-09-13T07:17:42.1112992Z ##[endgroup]
ut_pet_cannabis-set	Run actions/upload-artifact@v4	﻿2026-09-13T07:17:42.1219212Z Node 20 is being deprecated. This workflow is running with Node 24 by default. If you need to temporarily use Node 20, you can set the ACTIONS_ALLOW_USE_UNSECURE_NODE_VERSION=true environment variable. For more information see: https://github.blog/changelog/2025-09-19-deprecation-of-node-20-on-github-actions-runners/
ut_pet_cannabis-set	Run actions/upload-artifact@v4	2026-09-13T07:17:42.1220176Z ##[group]Run actions/upload-artifact@v4
ut_pet_cannabis-set	Run actions/upload-artifact@v4	2026-09-13T07:17:42.1220392Z with:
ut_pet_cannabis-set	Run actions/upload-artifact@v4	2026-09-13T07:17:42.1220584Z   name: rcap-raster-ut_pet_cannabis-set-34744433174
ut_pet_cannabis-set	Run actions/upload-artifact@v4	2026-09-13T07:17:42.1220826Z   path: raster-out/
ut_pet_cannabis-set	Run actions/upload-artifact@v4	2026-09-13T07:17:42.1220998Z   if-no-files-found: error
ut_pet_cannabis-set	Run actions/upload-artifact@v4	2026-09-13T07:17:42.1221182Z   retention-days: 14
ut_pet_cannabis-set	Run actions/upload-artifact@v4	2026-09-13T07:17:42.1221356Z   compression-level: 6
ut_pet_cannabis-set	Run actions/upload-artifact@v4	2026-09-13T07:17:42.1221526Z   overwrite: false
ut_pet_cannabis-set	Run actions/upload-artifact@v4	2026-09-13T07:17:42.1221695Z   include-hidden-files: false
ut_pet_cannabis-set	Run actions/upload-artifact@v4	2026-09-13T07:17:42.1221895Z env:
ut_pet_cannabis-set	Run actions/upload-artifact@v4	2026-09-13T07:17:42.1222294Z   pythonLocation: /opt/hostedtoolcache/Python/3.12.14/x64
ut_pet_cannabis-set	Run actions/upload-artifact@v4	2026-09-13T07:17:42.1222621Z   PKG_CONFIG_PATH: /opt/hostedtoolcache/Python/3.12.14/x64/lib/pkgconfig
ut_pet_cannabis-set	Run actions/upload-artifact@v4	2026-09-13T07:17:42.1222962Z   Python_ROOT_DIR: /opt/hostedtoolcache/Python/3.12.14/x64
ut_pet_cannabis-set	Run actions/upload-artifact@v4	2026-09-13T07:17:42.1223252Z   Python2_ROOT_DIR: /opt/hostedtoolcache/Python/3.12.14/x64
ut_pet_cannabis-set	Run actions/upload-artifact@v4	2026-09-13T07:17:42.1223535Z   Python3_ROOT_DIR: /opt/hostedtoolcache/Python/3.12.14/x64
ut_pet_cannabis-set	Run actions/upload-artifact@v4	2026-09-13T07:17:42.1223820Z   LD_LIBRARY_PATH: /opt/hostedtoolcache/Python/3.12.14/x64/lib
ut_pet_cannabis-set	Run actions/upload-artifact@v4	2026-09-13T07:17:42.1224126Z   PLAYWRIGHT_BROWSERS_PATH: /home/runner/.cache/ms-playwright
ut_pet_cannabis-set	Run actions/upload-artifact@v4	2026-09-13T07:17:42.1224397Z   FAMILY_SLUG: ut_pet_cannabis-set
ut_pet_cannabis-set	Run actions/upload-artifact@v4	2026-09-13T07:17:42.1224593Z ##[endgroup]
ut_pet_cannabis-set	Run actions/upload-artifact@v4	2026-09-13T07:17:42.2610186Z (node:6779) [DEP0040] DeprecationWarning: The `punycode` module is deprecated. Please use a userland alternative instead.
ut_pet_cannabis-set	Run actions/upload-artifact@v4	2026-09-13T07:17:42.2610945Z (Use `node --trace-deprecation ...` to show where the warning was created)
ut_pet_cannabis-set	Run actions/upload-artifact@v4	2026-09-13T07:17:42.2713307Z With the provided path, there will be 32 files uploaded
ut_pet_cannabis-set	Run actions/upload-artifact@v4	2026-09-13T07:17:42.2714023Z Artifact name is valid!
ut_pet_cannabis-set	Run actions/upload-artifact@v4	2026-09-13T07:17:42.2714377Z Root directory input is valid!
ut_pet_cannabis-set	Run actions/upload-artifact@v4	2026-09-13T07:17:42.5970869Z Beginning upload of artifact content to blob storage
ut_pet_cannabis-set	Run actions/upload-artifact@v4	2026-09-13T07:17:42.8593958Z (node:6779) [DEP0169] DeprecationWarning: `url.parse()` behavior is not standardized and prone to errors that have security implications. Use the WHATWG URL API instead. CVEs are not issued for `url.parse()` vulnerabilities.
ut_pet_cannabis-set	Run actions/upload-artifact@v4	2026-09-13T07:17:43.6071363Z Uploaded bytes 8089845
ut_pet_cannabis-set	Run actions/upload-artifact@v4	2026-09-13T07:17:43.6700905Z Finished uploading artifact content to blob storage!
ut_pet_cannabis-set	Run actions/upload-artifact@v4	2026-09-13T07:17:43.6701890Z SHA256 digest of uploaded artifact zip is 2413b59b8a7154f75394cc47f953ae42832fc82ce3eafa5bbb35f172c1757b47
ut_pet_cannabis-set	Run actions/upload-artifact@v4	2026-09-13T07:17:43.6702822Z Finalizing artifact upload
ut_pet_cannabis-set	Run actions/upload-artifact@v4	2026-09-13T07:17:43.8931094Z Artifact rcap-raster-ut_pet_cannabis-set-34744433174.zip successfully finalized. Artifact ID 10313950148
ut_pet_cannabis-set	Run actions/upload-artifact@v4	2026-09-13T07:17:43.8932677Z Artifact rcap-raster-ut_pet_cannabis-set-34744433174 has been successfully uploaded! Final size is 8089845 bytes. Artifact ID is 10313950148
ut_pet_cannabis-set	Run actions/upload-artifact@v4	2026-09-13T07:17:43.8937889Z Artifact download URL: https://github.com/Roger-LegalEase/legalease-partner-dashboard-clean/actions/runs/34744433174/artifacts/10313950148
ut_pet_cannabis-set	Post Run actions/setup-python@v5	﻿2026-09-13T07:17:43.9101334Z Node 20 is being deprecated. This workflow is running with Node 24 by default. If you need to temporarily use Node 20, you can set the ACTIONS_ALLOW_USE_UNSECURE_NODE_VERSION=true environment variable. For more information see: https://github.blog/changelog/2025-09-19-deprecation-of-node-20-on-github-actions-runners/
ut_pet_cannabis-set	Post Run actions/setup-python@v5	2026-09-13T07:17:43.9102570Z Post job cleanup.
ut_pet_cannabis-set	Post Run actions/setup-python@v5	2026-09-13T07:17:44.0099602Z (node:6791) [DEP0040] DeprecationWarning: The `punycode` module is deprecated. Please use a userland alternative instead.
ut_pet_cannabis-set	Post Run actions/setup-python@v5	2026-09-13T07:17:44.0100607Z (Use `node --trace-deprecation ...` to show where the warning was created)
ut_pet_cannabis-set	Post Run actions/setup-node@v4	﻿2026-09-13T07:17:44.0244220Z Node 20 is being deprecated. This workflow is running with Node 24 by default. If you need to temporarily use Node 20, you can set the ACTIONS_ALLOW_USE_UNSECURE_NODE_VERSION=true environment variable. For more information see: https://github.blog/changelog/2025-09-19-deprecation-of-node-20-on-github-actions-runners/
ut_pet_cannabis-set	Post Run actions/setup-node@v4	2026-09-13T07:17:44.0245338Z Post job cleanup.
ut_pet_cannabis-set	Post Run actions/setup-node@v4	2026-09-13T07:17:44.1296845Z (node:6799) [DEP0040] DeprecationWarning: The `punycode` module is deprecated. Please use a userland alternative instead.
ut_pet_cannabis-set	Post Run actions/setup-node@v4	2026-09-13T07:17:44.1297767Z (Use `node --trace-deprecation ...` to show where the warning was created)
ut_pet_cannabis-set	Post Run actions/checkout@v4	﻿2026-09-13T07:17:44.1438036Z Node 20 is being deprecated. This workflow is running with Node 24 by default. If you need to temporarily use Node 20, you can set the ACTIONS_ALLOW_USE_UNSECURE_NODE_VERSION=true environment variable. For more information see: https://github.blog/changelog/2025-09-19-deprecation-of-node-20-on-github-actions-runners/
ut_pet_cannabis-set	Post Run actions/checkout@v4	2026-09-13T07:17:44.1438984Z Post job cleanup.
ut_pet_cannabis-set	Post Run actions/checkout@v4	2026-09-13T07:17:44.2194393Z [command]/usr/bin/git version
ut_pet_cannabis-set	Post Run actions/checkout@v4	2026-09-13T07:17:44.2233427Z git version 2.55.0
ut_pet_cannabis-set	Post Run actions/checkout@v4	2026-09-13T07:17:44.2268749Z Temporarily overriding HOME='/home/runner/work/_temp/114e480f-c9da-4c44-be6b-7bdb13943308' before making global git config changes
ut_pet_cannabis-set	Post Run actions/checkout@v4	2026-09-13T07:17:44.2270031Z Adding repository directory to the temporary git global config as a safe directory
ut_pet_cannabis-set	Post Run actions/checkout@v4	2026-09-13T07:17:44.2274148Z [command]/usr/bin/git config --global --add safe.directory /home/runner/work/legalease-partner-dashboard-clean/legalease-partner-dashboard-clean
ut_pet_cannabis-set	Post Run actions/checkout@v4	2026-09-13T07:17:44.2315606Z [command]/usr/bin/git config --local --name-only --get-regexp core\.sshCommand
ut_pet_cannabis-set	Post Run actions/checkout@v4	2026-09-13T07:17:44.2357251Z [command]/usr/bin/git submodule foreach --recursive sh -c "git config --local --name-only --get-regexp 'core\.sshCommand' && git config --local --unset-all 'core.sshCommand' || :"
ut_pet_cannabis-set	Post Run actions/checkout@v4	2026-09-13T07:17:44.2672948Z [command]/usr/bin/git config --local --name-only --get-regexp http\.https\:\/\/github\.com\/\.extraheader
ut_pet_cannabis-set	Post Run actions/checkout@v4	2026-09-13T07:17:44.2705716Z http.https://github.com/.extraheader
ut_pet_cannabis-set	Post Run actions/checkout@v4	2026-09-13T07:17:44.2724032Z [command]/usr/bin/git config --local --unset-all http.https://github.com/.extraheader
ut_pet_cannabis-set	Post Run actions/checkout@v4	2026-09-13T07:17:44.2774615Z [command]/usr/bin/git submodule foreach --recursive sh -c "git config --local --name-only --get-regexp 'http\.https\:\/\/github\.com\/\.extraheader' && git config --local --unset-all 'http.https://github.com/.extraheader' || :"
ut_pet_cannabis-set	Post Run actions/checkout@v4	2026-09-13T07:17:44.3075944Z [command]/usr/bin/git config --local --name-only --get-regexp ^includeIf\.gitdir:
ut_pet_cannabis-set	Post Run actions/checkout@v4	2026-09-13T07:17:44.3111554Z [command]/usr/bin/git submodule foreach --recursive git config --local --show-origin --name-only --get-regexp remote.origin.url
ut_pet_cannabis-set	Complete job	﻿2026-09-13T07:17:44.3491248Z Cleaning up orphan processes
ut_pet_cannabis-set	Complete job	2026-09-13T07:17:44.3749570Z ##[warning]Node.js 20 is deprecated. The following actions target Node.js 20 but are being forced to run on Node.js 24: actions/checkout@v4, actions/setup-node@v4, actions/setup-python@v5, actions/upload-artifact@v4. For more information see: https://github.blog/changelog/2025-09-19-deprecation-of-node-20-on-github-actions-runners/
