va_exp_nonconviction-set	Set up job	﻿2026-09-12T06:05:14.5915785Z Current runner version: '2.337.0'
va_exp_nonconviction-set	Set up job	2026-09-12T06:05:14.5942810Z ##[group]Runner Image Provisioner
va_exp_nonconviction-set	Set up job	2026-09-12T06:05:14.5943731Z Hosted Compute Agent
va_exp_nonconviction-set	Set up job	2026-09-12T06:05:14.5944377Z Version: 20260828.587
va_exp_nonconviction-set	Set up job	2026-09-12T06:05:14.5945153Z Commit: abac92662cab4cc7352de4f9f9d2e2419aad9c29
va_exp_nonconviction-set	Set up job	2026-09-12T06:05:14.5945926Z Build Date: 2026-08-28T16:44:25Z
va_exp_nonconviction-set	Set up job	2026-09-12T06:05:14.5946714Z Worker ID: {e4788633-f40a-4da8-a885-f27b6c46c817}
va_exp_nonconviction-set	Set up job	2026-09-12T06:05:14.5947502Z Azure Region: northcentralus
va_exp_nonconviction-set	Set up job	2026-09-12T06:05:14.5948151Z ##[endgroup]
va_exp_nonconviction-set	Set up job	2026-09-12T06:05:14.5950040Z ##[group]Operating System
va_exp_nonconviction-set	Set up job	2026-09-12T06:05:14.5950725Z Ubuntu
va_exp_nonconviction-set	Set up job	2026-09-12T06:05:14.5951298Z 24.04.5
va_exp_nonconviction-set	Set up job	2026-09-12T06:05:14.5951955Z LTS
va_exp_nonconviction-set	Set up job	2026-09-12T06:05:14.5952505Z ##[endgroup]
va_exp_nonconviction-set	Set up job	2026-09-12T06:05:14.5953528Z ##[group]Runner Image
va_exp_nonconviction-set	Set up job	2026-09-12T06:05:14.5954190Z Image: ubuntu-24.04
va_exp_nonconviction-set	Set up job	2026-09-12T06:05:14.5954807Z Version: 20260907.300.1
va_exp_nonconviction-set	Set up job	2026-09-12T06:05:14.5955978Z Included Software: https://github.com/actions/runner-images/blob/ubuntu24/20260907.300/images/ubuntu/Ubuntu2404-Readme.md
va_exp_nonconviction-set	Set up job	2026-09-12T06:05:14.5957808Z Image Release: https://github.com/actions/runner-images/releases/tag/ubuntu24%2F20260907.300
va_exp_nonconviction-set	Set up job	2026-09-12T06:05:14.5959047Z ##[endgroup]
va_exp_nonconviction-set	Set up job	2026-09-12T06:05:14.5960247Z ##[group]GITHUB_TOKEN Permissions
va_exp_nonconviction-set	Set up job	2026-09-12T06:05:14.5962497Z Contents: read
va_exp_nonconviction-set	Set up job	2026-09-12T06:05:14.5963244Z Metadata: read
va_exp_nonconviction-set	Set up job	2026-09-12T06:05:14.5963863Z ##[endgroup]
va_exp_nonconviction-set	Set up job	2026-09-12T06:05:14.5966005Z Secret source: Actions
va_exp_nonconviction-set	Set up job	2026-09-12T06:05:14.5967109Z Cache mode: write
va_exp_nonconviction-set	Set up job	2026-09-12T06:05:14.5968219Z Prepare workflow directory
va_exp_nonconviction-set	Set up job	2026-09-12T06:05:14.6308021Z Prepare all required actions
va_exp_nonconviction-set	Set up job	2026-09-12T06:05:14.6356800Z Getting action download info
va_exp_nonconviction-set	Set up job	2026-09-12T06:05:14.8852784Z Download action repository 'actions/checkout@v4' (SHA:11d5960a326750d5838078e36cf38b85af677262)
va_exp_nonconviction-set	Set up job	2026-09-12T06:05:14.9725619Z Download action repository 'actions/setup-node@v4' (SHA:49933ea5288caeca8642d1e84afbd3f7d6820020)
va_exp_nonconviction-set	Set up job	2026-09-12T06:05:15.0599084Z Download action repository 'actions/setup-python@v5' (SHA:a26af69be951a213d495a4c3e4e4022e16d87065)
va_exp_nonconviction-set	Set up job	2026-09-12T06:05:15.1474156Z Download action repository 'actions/upload-artifact@v4' (SHA:ea165f8d65b6e75b540449e92b4886f43607fa02)
va_exp_nonconviction-set	Set up job	2026-09-12T06:05:15.3795184Z Complete job name: va_exp_nonconviction-set
va_exp_nonconviction-set	Run actions/checkout@v4	﻿2026-09-12T06:05:15.4506095Z Node 20 is being deprecated. This workflow is running with Node 24 by default. If you need to temporarily use Node 20, you can set the ACTIONS_ALLOW_USE_UNSECURE_NODE_VERSION=true environment variable. For more information see: https://github.blog/changelog/2025-09-19-deprecation-of-node-20-on-github-actions-runners/
va_exp_nonconviction-set	Run actions/checkout@v4	2026-09-12T06:05:15.4515374Z ##[group]Run actions/checkout@v4
va_exp_nonconviction-set	Run actions/checkout@v4	2026-09-12T06:05:15.4516319Z with:
va_exp_nonconviction-set	Run actions/checkout@v4	2026-09-12T06:05:15.4516955Z   ref: 331f5878b0c69ba448f4dfbe37eaed6369a0a133
va_exp_nonconviction-set	Run actions/checkout@v4	2026-09-12T06:05:15.4517699Z   repository: Roger-LegalEase/legalease-partner-dashboard-clean
va_exp_nonconviction-set	Run actions/checkout@v4	2026-09-12T06:05:15.4522157Z   token: ***
va_exp_nonconviction-set	Run actions/checkout@v4	2026-09-12T06:05:15.4522619Z   ssh-strict: true
va_exp_nonconviction-set	Run actions/checkout@v4	2026-09-12T06:05:15.4523056Z   ssh-user: git
va_exp_nonconviction-set	Run actions/checkout@v4	2026-09-12T06:05:15.4523493Z   persist-credentials: true
va_exp_nonconviction-set	Run actions/checkout@v4	2026-09-12T06:05:15.4523996Z   clean: true
va_exp_nonconviction-set	Run actions/checkout@v4	2026-09-12T06:05:15.4524444Z   sparse-checkout-cone-mode: true
va_exp_nonconviction-set	Run actions/checkout@v4	2026-09-12T06:05:15.4524960Z   fetch-depth: 1
va_exp_nonconviction-set	Run actions/checkout@v4	2026-09-12T06:05:15.4525384Z   fetch-tags: false
va_exp_nonconviction-set	Run actions/checkout@v4	2026-09-12T06:05:15.4525824Z   show-progress: true
va_exp_nonconviction-set	Run actions/checkout@v4	2026-09-12T06:05:15.4526302Z   lfs: false
va_exp_nonconviction-set	Run actions/checkout@v4	2026-09-12T06:05:15.4526722Z   submodules: false
va_exp_nonconviction-set	Run actions/checkout@v4	2026-09-12T06:05:15.4527165Z   set-safe-directory: true
va_exp_nonconviction-set	Run actions/checkout@v4	2026-09-12T06:05:15.4527658Z   allow-unsafe-pr-checkout: false
va_exp_nonconviction-set	Run actions/checkout@v4	2026-09-12T06:05:15.4528473Z ##[endgroup]
va_exp_nonconviction-set	Run actions/checkout@v4	2026-09-12T06:05:15.5538955Z Syncing repository: Roger-LegalEase/legalease-partner-dashboard-clean
va_exp_nonconviction-set	Run actions/checkout@v4	2026-09-12T06:05:15.5541779Z ##[group]Getting Git version info
va_exp_nonconviction-set	Run actions/checkout@v4	2026-09-12T06:05:15.5543415Z Working directory is '/home/runner/work/legalease-partner-dashboard-clean/legalease-partner-dashboard-clean'
va_exp_nonconviction-set	Run actions/checkout@v4	2026-09-12T06:05:15.5545627Z [command]/usr/bin/git version
va_exp_nonconviction-set	Run actions/checkout@v4	2026-09-12T06:05:15.5574477Z git version 2.55.0
va_exp_nonconviction-set	Run actions/checkout@v4	2026-09-12T06:05:15.5660324Z ##[endgroup]
va_exp_nonconviction-set	Run actions/checkout@v4	2026-09-12T06:05:15.5666732Z Temporarily overriding HOME='/home/runner/work/_temp/04ce5337-fa4b-47bd-b68e-2b9b6135a274' before making global git config changes
va_exp_nonconviction-set	Run actions/checkout@v4	2026-09-12T06:05:15.5670682Z Adding repository directory to the temporary git global config as a safe directory
va_exp_nonconviction-set	Run actions/checkout@v4	2026-09-12T06:05:15.5673169Z [command]/usr/bin/git config --global --add safe.directory /home/runner/work/legalease-partner-dashboard-clean/legalease-partner-dashboard-clean
va_exp_nonconviction-set	Run actions/checkout@v4	2026-09-12T06:05:15.5712098Z Deleting the contents of '/home/runner/work/legalease-partner-dashboard-clean/legalease-partner-dashboard-clean'
va_exp_nonconviction-set	Run actions/checkout@v4	2026-09-12T06:05:15.5713771Z ##[group]Initializing the repository
va_exp_nonconviction-set	Run actions/checkout@v4	2026-09-12T06:05:15.5714790Z [command]/usr/bin/git init /home/runner/work/legalease-partner-dashboard-clean/legalease-partner-dashboard-clean
va_exp_nonconviction-set	Run actions/checkout@v4	2026-09-12T06:05:15.5792765Z hint: Using 'master' as the name for the initial branch. This default branch name
va_exp_nonconviction-set	Run actions/checkout@v4	2026-09-12T06:05:15.5794622Z hint: will change to "main" in Git 3.0. To configure the initial branch name
va_exp_nonconviction-set	Run actions/checkout@v4	2026-09-12T06:05:15.5796272Z hint: to use in all of your new repositories, which will suppress this warning,
va_exp_nonconviction-set	Run actions/checkout@v4	2026-09-12T06:05:15.5797587Z hint: call:
va_exp_nonconviction-set	Run actions/checkout@v4	2026-09-12T06:05:15.5798324Z hint:
va_exp_nonconviction-set	Run actions/checkout@v4	2026-09-12T06:05:15.5799590Z hint: 	git config --global init.defaultBranch <name>
va_exp_nonconviction-set	Run actions/checkout@v4	2026-09-12T06:05:15.5800802Z hint:
va_exp_nonconviction-set	Run actions/checkout@v4	2026-09-12T06:05:15.5802008Z hint: Names commonly chosen instead of 'master' are 'main', 'trunk' and
va_exp_nonconviction-set	Run actions/checkout@v4	2026-09-12T06:05:15.5803759Z hint: 'development'. The just-created branch can be renamed via this command:
va_exp_nonconviction-set	Run actions/checkout@v4	2026-09-12T06:05:15.5805344Z hint:
va_exp_nonconviction-set	Run actions/checkout@v4	2026-09-12T06:05:15.5806185Z hint: 	git branch -m <name>
va_exp_nonconviction-set	Run actions/checkout@v4	2026-09-12T06:05:15.5807064Z hint:
va_exp_nonconviction-set	Run actions/checkout@v4	2026-09-12T06:05:15.5808243Z hint: Disable this message with "git config set advice.defaultBranchName false"
va_exp_nonconviction-set	Run actions/checkout@v4	2026-09-12T06:05:15.5811790Z Initialized empty Git repository in /home/runner/work/legalease-partner-dashboard-clean/legalease-partner-dashboard-clean/.git/
va_exp_nonconviction-set	Run actions/checkout@v4	2026-09-12T06:05:15.5815696Z [command]/usr/bin/git remote add origin https://github.com/Roger-LegalEase/legalease-partner-dashboard-clean
va_exp_nonconviction-set	Run actions/checkout@v4	2026-09-12T06:05:15.5858893Z ##[endgroup]
va_exp_nonconviction-set	Run actions/checkout@v4	2026-09-12T06:05:15.5860107Z ##[group]Disabling automatic garbage collection
va_exp_nonconviction-set	Run actions/checkout@v4	2026-09-12T06:05:15.5864233Z [command]/usr/bin/git config --local gc.auto 0
va_exp_nonconviction-set	Run actions/checkout@v4	2026-09-12T06:05:15.5897109Z ##[endgroup]
va_exp_nonconviction-set	Run actions/checkout@v4	2026-09-12T06:05:15.5898272Z ##[group]Setting up auth
va_exp_nonconviction-set	Run actions/checkout@v4	2026-09-12T06:05:15.5903943Z [command]/usr/bin/git config --local --name-only --get-regexp core\.sshCommand
va_exp_nonconviction-set	Run actions/checkout@v4	2026-09-12T06:05:15.5939631Z [command]/usr/bin/git submodule foreach --recursive sh -c "git config --local --name-only --get-regexp 'core\.sshCommand' && git config --local --unset-all 'core.sshCommand' || :"
va_exp_nonconviction-set	Run actions/checkout@v4	2026-09-12T06:05:15.6295048Z [command]/usr/bin/git config --local --name-only --get-regexp http\.https\:\/\/github\.com\/\.extraheader
va_exp_nonconviction-set	Run actions/checkout@v4	2026-09-12T06:05:15.6333923Z [command]/usr/bin/git submodule foreach --recursive sh -c "git config --local --name-only --get-regexp 'http\.https\:\/\/github\.com\/\.extraheader' && git config --local --unset-all 'http.https://github.com/.extraheader' || :"
va_exp_nonconviction-set	Run actions/checkout@v4	2026-09-12T06:05:15.6600174Z [command]/usr/bin/git config --local --name-only --get-regexp ^includeIf\.gitdir:
va_exp_nonconviction-set	Run actions/checkout@v4	2026-09-12T06:05:15.6666682Z [command]/usr/bin/git submodule foreach --recursive git config --local --show-origin --name-only --get-regexp remote.origin.url
va_exp_nonconviction-set	Run actions/checkout@v4	2026-09-12T06:05:15.6932410Z [command]/usr/bin/git config --local http.https://github.com/.extraheader AUTHORIZATION: basic ***
va_exp_nonconviction-set	Run actions/checkout@v4	2026-09-12T06:05:15.6973763Z ##[endgroup]
va_exp_nonconviction-set	Run actions/checkout@v4	2026-09-12T06:05:15.6974705Z ##[group]Fetching the repository
va_exp_nonconviction-set	Run actions/checkout@v4	2026-09-12T06:05:15.6983822Z [command]/usr/bin/git -c protocol.version=2 fetch --no-tags --prune --no-recurse-submodules --depth=1 origin 331f5878b0c69ba448f4dfbe37eaed6369a0a133
va_exp_nonconviction-set	Run actions/checkout@v4	2026-09-12T06:06:20.6923209Z From https://github.com/Roger-LegalEase/legalease-partner-dashboard-clean
va_exp_nonconviction-set	Run actions/checkout@v4	2026-09-12T06:06:20.6924809Z  * branch              331f5878b0c69ba448f4dfbe37eaed6369a0a133 -> FETCH_HEAD
va_exp_nonconviction-set	Run actions/checkout@v4	2026-09-12T06:06:20.6927075Z ##[endgroup]
va_exp_nonconviction-set	Run actions/checkout@v4	2026-09-12T06:06:20.6927584Z ##[group]Determining the checkout info
va_exp_nonconviction-set	Run actions/checkout@v4	2026-09-12T06:06:20.6935761Z ##[endgroup]
va_exp_nonconviction-set	Run actions/checkout@v4	2026-09-12T06:06:20.6936840Z [command]/usr/bin/git sparse-checkout disable
va_exp_nonconviction-set	Run actions/checkout@v4	2026-09-12T06:06:20.6989366Z [command]/usr/bin/git config --local --unset-all extensions.worktreeConfig
va_exp_nonconviction-set	Run actions/checkout@v4	2026-09-12T06:06:20.7026786Z ##[group]Checking out the ref
va_exp_nonconviction-set	Run actions/checkout@v4	2026-09-12T06:06:20.7032424Z [command]/usr/bin/git checkout --progress --force 331f5878b0c69ba448f4dfbe37eaed6369a0a133
va_exp_nonconviction-set	Run actions/checkout@v4	2026-09-12T06:06:21.7626225Z Updating files:  11% (2919/25169)
va_exp_nonconviction-set	Run actions/checkout@v4	2026-09-12T06:06:21.8211451Z Updating files:  12% (3021/25169)
va_exp_nonconviction-set	Run actions/checkout@v4	2026-09-12T06:06:21.8909684Z Updating files:  13% (3272/25169)
va_exp_nonconviction-set	Run actions/checkout@v4	2026-09-12T06:06:21.9797593Z Updating files:  14% (3524/25169)
va_exp_nonconviction-set	Run actions/checkout@v4	2026-09-12T06:06:22.0550862Z Updating files:  15% (3776/25169)
va_exp_nonconviction-set	Run actions/checkout@v4	2026-09-12T06:06:22.1286375Z Updating files:  16% (4028/25169)
va_exp_nonconviction-set	Run actions/checkout@v4	2026-09-12T06:06:22.2592081Z Updating files:  17% (4279/25169)
va_exp_nonconviction-set	Run actions/checkout@v4	2026-09-12T06:06:22.4292028Z Updating files:  18% (4531/25169)
va_exp_nonconviction-set	Run actions/checkout@v4	2026-09-12T06:06:22.5663478Z Updating files:  19% (4783/25169)
va_exp_nonconviction-set	Run actions/checkout@v4	2026-09-12T06:06:22.7413403Z Updating files:  20% (5034/25169)
va_exp_nonconviction-set	Run actions/checkout@v4	2026-09-12T06:06:22.7621856Z Updating files:  20% (5270/25169)
va_exp_nonconviction-set	Run actions/checkout@v4	2026-09-12T06:06:22.8530797Z Updating files:  21% (5286/25169)
va_exp_nonconviction-set	Run actions/checkout@v4	2026-09-12T06:06:22.9157963Z Updating files:  22% (5538/25169)
va_exp_nonconviction-set	Run actions/checkout@v4	2026-09-12T06:06:22.9975427Z Updating files:  23% (5789/25169)
va_exp_nonconviction-set	Run actions/checkout@v4	2026-09-12T06:06:23.0831023Z Updating files:  24% (6041/25169)
va_exp_nonconviction-set	Run actions/checkout@v4	2026-09-12T06:06:23.2032527Z Updating files:  25% (6293/25169)
va_exp_nonconviction-set	Run actions/checkout@v4	2026-09-12T06:06:23.3802661Z Updating files:  26% (6544/25169)
va_exp_nonconviction-set	Run actions/checkout@v4	2026-09-12T06:06:23.5759475Z Updating files:  27% (6796/25169)
va_exp_nonconviction-set	Run actions/checkout@v4	2026-09-12T06:06:23.7071140Z Updating files:  28% (7048/25169)
va_exp_nonconviction-set	Run actions/checkout@v4	2026-09-12T06:06:23.7406928Z Updating files:  29% (7300/25169)
va_exp_nonconviction-set	Run actions/checkout@v4	2026-09-12T06:06:23.8534427Z Updating files:  29% (7359/25169)
va_exp_nonconviction-set	Run actions/checkout@v4	2026-09-12T06:06:23.9084867Z Updating files:  30% (7551/25169)
va_exp_nonconviction-set	Run actions/checkout@v4	2026-09-12T06:06:23.9878148Z Updating files:  31% (7803/25169)
va_exp_nonconviction-set	Run actions/checkout@v4	2026-09-12T06:06:24.0936171Z Updating files:  32% (8055/25169)
va_exp_nonconviction-set	Run actions/checkout@v4	2026-09-12T06:06:24.1407924Z Updating files:  33% (8306/25169)
va_exp_nonconviction-set	Run actions/checkout@v4	2026-09-12T06:06:24.1755870Z Updating files:  34% (8558/25169)
va_exp_nonconviction-set	Run actions/checkout@v4	2026-09-12T06:06:24.2384353Z Updating files:  35% (8810/25169)
va_exp_nonconviction-set	Run actions/checkout@v4	2026-09-12T06:06:24.3274604Z Updating files:  36% (9061/25169)
va_exp_nonconviction-set	Run actions/checkout@v4	2026-09-12T06:06:24.3649852Z Updating files:  37% (9313/25169)
va_exp_nonconviction-set	Run actions/checkout@v4	2026-09-12T06:06:24.4045134Z Updating files:  38% (9565/25169)
va_exp_nonconviction-set	Run actions/checkout@v4	2026-09-12T06:06:24.4362770Z Updating files:  39% (9816/25169)
va_exp_nonconviction-set	Run actions/checkout@v4	2026-09-12T06:06:24.4535931Z Updating files:  40% (10068/25169)
va_exp_nonconviction-set	Run actions/checkout@v4	2026-09-12T06:06:24.4769651Z Updating files:  41% (10320/25169)
va_exp_nonconviction-set	Run actions/checkout@v4	2026-09-12T06:06:24.5237700Z Updating files:  42% (10571/25169)
va_exp_nonconviction-set	Run actions/checkout@v4	2026-09-12T06:06:24.5433027Z Updating files:  43% (10823/25169)
va_exp_nonconviction-set	Run actions/checkout@v4	2026-09-12T06:06:24.7305159Z Updating files:  44% (11075/25169)
va_exp_nonconviction-set	Run actions/checkout@v4	2026-09-12T06:06:24.7684291Z Updating files:  45% (11327/25169)
va_exp_nonconviction-set	Run actions/checkout@v4	2026-09-12T06:06:24.9061310Z Updating files:  45% (11340/25169)
va_exp_nonconviction-set	Run actions/checkout@v4	2026-09-12T06:06:24.9349996Z Updating files:  46% (11578/25169)
va_exp_nonconviction-set	Run actions/checkout@v4	2026-09-12T06:06:24.9576295Z Updating files:  47% (11830/25169)
va_exp_nonconviction-set	Run actions/checkout@v4	2026-09-12T06:06:24.9697354Z Updating files:  48% (12082/25169)
va_exp_nonconviction-set	Run actions/checkout@v4	2026-09-12T06:06:24.9917694Z Updating files:  49% (12333/25169)
va_exp_nonconviction-set	Run actions/checkout@v4	2026-09-12T06:06:25.0432342Z Updating files:  50% (12585/25169)
va_exp_nonconviction-set	Run actions/checkout@v4	2026-09-12T06:06:25.1440352Z Updating files:  51% (12837/25169)
va_exp_nonconviction-set	Run actions/checkout@v4	2026-09-12T06:06:25.1798810Z Updating files:  52% (13088/25169)
va_exp_nonconviction-set	Run actions/checkout@v4	2026-09-12T06:06:25.2392924Z Updating files:  53% (13340/25169)
va_exp_nonconviction-set	Run actions/checkout@v4	2026-09-12T06:06:25.3026722Z Updating files:  54% (13592/25169)
va_exp_nonconviction-set	Run actions/checkout@v4	2026-09-12T06:06:25.3245008Z Updating files:  55% (13843/25169)
va_exp_nonconviction-set	Run actions/checkout@v4	2026-09-12T06:06:25.3704707Z Updating files:  56% (14095/25169)
va_exp_nonconviction-set	Run actions/checkout@v4	2026-09-12T06:06:25.4442375Z Updating files:  57% (14347/25169)
va_exp_nonconviction-set	Run actions/checkout@v4	2026-09-12T06:06:25.5543833Z Updating files:  58% (14599/25169)
va_exp_nonconviction-set	Run actions/checkout@v4	2026-09-12T06:06:25.6119947Z Updating files:  59% (14850/25169)
va_exp_nonconviction-set	Run actions/checkout@v4	2026-09-12T06:06:25.6555323Z Updating files:  60% (15102/25169)
va_exp_nonconviction-set	Run actions/checkout@v4	2026-09-12T06:06:25.7082021Z Updating files:  61% (15354/25169)
va_exp_nonconviction-set	Run actions/checkout@v4	2026-09-12T06:06:25.7408428Z Updating files:  62% (15605/25169)
va_exp_nonconviction-set	Run actions/checkout@v4	2026-09-12T06:06:25.9881983Z Updating files:  62% (15687/25169)
va_exp_nonconviction-set	Run actions/checkout@v4	2026-09-12T06:06:26.3753262Z Updating files:  63% (15857/25169)
va_exp_nonconviction-set	Run actions/checkout@v4	2026-09-12T06:06:26.7232573Z Updating files:  64% (16109/25169)
va_exp_nonconviction-set	Run actions/checkout@v4	2026-09-12T06:06:26.7552000Z Updating files:  65% (16360/25169)
va_exp_nonconviction-set	Run actions/checkout@v4	2026-09-12T06:06:26.7983878Z Updating files:  65% (16378/25169)
va_exp_nonconviction-set	Run actions/checkout@v4	2026-09-12T06:06:26.9354436Z Updating files:  66% (16612/25169)
va_exp_nonconviction-set	Run actions/checkout@v4	2026-09-12T06:06:27.0267259Z Updating files:  67% (16864/25169)
va_exp_nonconviction-set	Run actions/checkout@v4	2026-09-12T06:06:27.1491638Z Updating files:  68% (17115/25169)
va_exp_nonconviction-set	Run actions/checkout@v4	2026-09-12T06:06:27.2069400Z Updating files:  69% (17367/25169)
va_exp_nonconviction-set	Run actions/checkout@v4	2026-09-12T06:06:27.2331501Z Updating files:  70% (17619/25169)
va_exp_nonconviction-set	Run actions/checkout@v4	2026-09-12T06:06:27.3734845Z Updating files:  71% (17870/25169)
va_exp_nonconviction-set	Run actions/checkout@v4	2026-09-12T06:06:27.4974428Z Updating files:  72% (18122/25169)
va_exp_nonconviction-set	Run actions/checkout@v4	2026-09-12T06:06:27.6625480Z Updating files:  73% (18374/25169)
va_exp_nonconviction-set	Run actions/checkout@v4	2026-09-12T06:06:27.7407164Z Updating files:  74% (18626/25169)
va_exp_nonconviction-set	Run actions/checkout@v4	2026-09-12T06:06:27.7516295Z Updating files:  74% (18863/25169)
va_exp_nonconviction-set	Run actions/checkout@v4	2026-09-12T06:06:27.9068431Z Updating files:  75% (18877/25169)
va_exp_nonconviction-set	Run actions/checkout@v4	2026-09-12T06:06:28.0147133Z Updating files:  76% (19129/25169)
va_exp_nonconviction-set	Run actions/checkout@v4	2026-09-12T06:06:28.0340882Z Updating files:  77% (19381/25169)
va_exp_nonconviction-set	Run actions/checkout@v4	2026-09-12T06:06:28.0486874Z Updating files:  78% (19632/25169)
va_exp_nonconviction-set	Run actions/checkout@v4	2026-09-12T06:06:28.0642855Z Updating files:  79% (19884/25169)
va_exp_nonconviction-set	Run actions/checkout@v4	2026-09-12T06:06:28.2326971Z Updating files:  80% (20136/25169)
va_exp_nonconviction-set	Run actions/checkout@v4	2026-09-12T06:06:28.6429880Z Updating files:  81% (20387/25169)
va_exp_nonconviction-set	Run actions/checkout@v4	2026-09-12T06:06:28.7405910Z Updating files:  82% (20639/25169)
va_exp_nonconviction-set	Run actions/checkout@v4	2026-09-12T06:06:28.7554038Z Updating files:  82% (20842/25169)
va_exp_nonconviction-set	Run actions/checkout@v4	2026-09-12T06:06:28.8051835Z Updating files:  83% (20891/25169)
va_exp_nonconviction-set	Run actions/checkout@v4	2026-09-12T06:06:28.8336271Z Updating files:  84% (21142/25169)
va_exp_nonconviction-set	Run actions/checkout@v4	2026-09-12T06:06:28.8583262Z Updating files:  85% (21394/25169)
va_exp_nonconviction-set	Run actions/checkout@v4	2026-09-12T06:06:28.8809761Z Updating files:  86% (21646/25169)
va_exp_nonconviction-set	Run actions/checkout@v4	2026-09-12T06:06:28.9039224Z Updating files:  87% (21898/25169)
va_exp_nonconviction-set	Run actions/checkout@v4	2026-09-12T06:06:28.9293716Z Updating files:  88% (22149/25169)
va_exp_nonconviction-set	Run actions/checkout@v4	2026-09-12T06:06:28.9577030Z Updating files:  89% (22401/25169)
va_exp_nonconviction-set	Run actions/checkout@v4	2026-09-12T06:06:28.9769454Z Updating files:  90% (22653/25169)
va_exp_nonconviction-set	Run actions/checkout@v4	2026-09-12T06:06:29.0169822Z Updating files:  91% (22904/25169)
va_exp_nonconviction-set	Run actions/checkout@v4	2026-09-12T06:06:29.0288929Z Updating files:  92% (23156/25169)
va_exp_nonconviction-set	Run actions/checkout@v4	2026-09-12T06:06:29.0471730Z Updating files:  93% (23408/25169)
va_exp_nonconviction-set	Run actions/checkout@v4	2026-09-12T06:06:29.2953805Z Updating files:  94% (23659/25169)
va_exp_nonconviction-set	Run actions/checkout@v4	2026-09-12T06:06:29.3769342Z Updating files:  95% (23911/25169)
va_exp_nonconviction-set	Run actions/checkout@v4	2026-09-12T06:06:29.4439086Z Updating files:  96% (24163/25169)
va_exp_nonconviction-set	Run actions/checkout@v4	2026-09-12T06:06:29.4973972Z Updating files:  97% (24414/25169)
va_exp_nonconviction-set	Run actions/checkout@v4	2026-09-12T06:06:29.5703499Z Updating files:  98% (24666/25169)
va_exp_nonconviction-set	Run actions/checkout@v4	2026-09-12T06:06:29.6235137Z Updating files:  99% (24918/25169)
va_exp_nonconviction-set	Run actions/checkout@v4	2026-09-12T06:06:29.6236417Z Updating files: 100% (25169/25169)
va_exp_nonconviction-set	Run actions/checkout@v4	2026-09-12T06:06:29.6236896Z Updating files: 100% (25169/25169), done.
va_exp_nonconviction-set	Run actions/checkout@v4	2026-09-12T06:06:29.6560509Z Note: switching to '331f5878b0c69ba448f4dfbe37eaed6369a0a133'.
va_exp_nonconviction-set	Run actions/checkout@v4	2026-09-12T06:06:29.6560986Z 
va_exp_nonconviction-set	Run actions/checkout@v4	2026-09-12T06:06:29.6561292Z You are in 'detached HEAD' state. You can look around, make experimental
va_exp_nonconviction-set	Run actions/checkout@v4	2026-09-12T06:06:29.6562020Z changes and commit them, and you can discard any commits you make in this
va_exp_nonconviction-set	Run actions/checkout@v4	2026-09-12T06:06:29.6562707Z state without impacting any branches by switching back to a branch.
va_exp_nonconviction-set	Run actions/checkout@v4	2026-09-12T06:06:29.6563153Z 
va_exp_nonconviction-set	Run actions/checkout@v4	2026-09-12T06:06:29.6563450Z If you want to create a new branch to retain commits you create, you may
va_exp_nonconviction-set	Run actions/checkout@v4	2026-09-12T06:06:29.6564141Z do so (now or later) by using -c with the switch command. Example:
va_exp_nonconviction-set	Run actions/checkout@v4	2026-09-12T06:06:29.6564536Z 
va_exp_nonconviction-set	Run actions/checkout@v4	2026-09-12T06:06:29.6564702Z   git switch -c <new-branch-name>
va_exp_nonconviction-set	Run actions/checkout@v4	2026-09-12T06:06:29.6564957Z 
va_exp_nonconviction-set	Run actions/checkout@v4	2026-09-12T06:06:29.6565119Z Or undo this operation with:
va_exp_nonconviction-set	Run actions/checkout@v4	2026-09-12T06:06:29.6565368Z 
va_exp_nonconviction-set	Run actions/checkout@v4	2026-09-12T06:06:29.6565511Z   git switch -
va_exp_nonconviction-set	Run actions/checkout@v4	2026-09-12T06:06:29.6565699Z 
va_exp_nonconviction-set	Run actions/checkout@v4	2026-09-12T06:06:29.6566028Z Turn off this advice by setting config variable advice.detachedHead to false
va_exp_nonconviction-set	Run actions/checkout@v4	2026-09-12T06:06:29.6566519Z 
va_exp_nonconviction-set	Run actions/checkout@v4	2026-09-12T06:06:29.6566907Z HEAD is now at 331f5878 review(va): accept repaired basis gates for current-byte raster
va_exp_nonconviction-set	Run actions/checkout@v4	2026-09-12T06:06:29.6803962Z ##[endgroup]
va_exp_nonconviction-set	Run actions/checkout@v4	2026-09-12T06:06:29.6853614Z [command]/usr/bin/git log -1 --format=%H
va_exp_nonconviction-set	Run actions/checkout@v4	2026-09-12T06:06:29.6884259Z 331f5878b0c69ba448f4dfbe37eaed6369a0a133
va_exp_nonconviction-set	Refuse a movable ref and prove the checkout is the pinned commit	﻿2026-09-12T06:06:29.7104992Z ##[group]Run set -euo pipefail
va_exp_nonconviction-set	Refuse a movable ref and prove the checkout is the pinned commit	2026-09-12T06:06:29.7105392Z ^[[36;1mset -euo pipefail^[[0m
va_exp_nonconviction-set	Refuse a movable ref and prove the checkout is the pinned commit	2026-09-12T06:06:29.7105777Z ^[[36;1m# actions/checkout accepts a branch or tag here despite the input^[[0m
va_exp_nonconviction-set	Refuse a movable ref and prove the checkout is the pinned commit	2026-09-12T06:06:29.7106311Z ^[[36;1m# description. Three jobs resolve this ref independently, so a branch^[[0m
va_exp_nonconviction-set	Refuse a movable ref and prove the checkout is the pinned commit	2026-09-12T06:06:29.7107026Z ^[[36;1m# that moves mid-run would have them inspect different commits while^[[0m
va_exp_nonconviction-set	Refuse a movable ref and prove the checkout is the pinned commit	2026-09-12T06:06:29.7107496Z ^[[36;1m# every receipt recorded the literal branch name as the pin. An^[[0m
va_exp_nonconviction-set	Refuse a movable ref and prove the checkout is the pinned commit	2026-09-12T06:06:29.7107955Z ^[[36;1m# immutable 40-hex commit, verified against the checked-out HEAD, is^[[0m
va_exp_nonconviction-set	Refuse a movable ref and prove the checkout is the pinned commit	2026-09-12T06:06:29.7108372Z ^[[36;1m# the only input that makes a receipt findable again.^[[0m
va_exp_nonconviction-set	Refuse a movable ref and prove the checkout is the pinned commit	2026-09-12T06:06:29.7109007Z ^[[36;1mcase "$REF" in^[[0m
va_exp_nonconviction-set	Refuse a movable ref and prove the checkout is the pinned commit	2026-09-12T06:06:29.7109462Z ^[[36;1m  *[!0-9a-f]* | "") echo "REFUSED: commit_sha must be a full 40-character commit hash, got '$REF'"; exit 1;;^[[0m
va_exp_nonconviction-set	Refuse a movable ref and prove the checkout is the pinned commit	2026-09-12T06:06:29.7109927Z ^[[36;1mesac^[[0m
va_exp_nonconviction-set	Refuse a movable ref and prove the checkout is the pinned commit	2026-09-12T06:06:29.7110313Z ^[[36;1m[ "${#REF}" -eq 40 ] || { echo "REFUSED: commit_sha must be 40 hex characters, got ${#REF}"; exit 1; }^[[0m
va_exp_nonconviction-set	Refuse a movable ref and prove the checkout is the pinned commit	2026-09-12T06:06:29.7110811Z ^[[36;1mHEAD_SHA="$(git rev-parse HEAD)"^[[0m
va_exp_nonconviction-set	Refuse a movable ref and prove the checkout is the pinned commit	2026-09-12T06:06:29.7111263Z ^[[36;1m[ "$HEAD_SHA" = "$REF" ] || { echo "REFUSED: checked out $HEAD_SHA but the pin says $REF"; exit 1; }^[[0m
va_exp_nonconviction-set	Refuse a movable ref and prove the checkout is the pinned commit	2026-09-12T06:06:29.7111739Z ^[[36;1mecho "pinned commit confirmed: $HEAD_SHA"^[[0m
va_exp_nonconviction-set	Refuse a movable ref and prove the checkout is the pinned commit	2026-09-12T06:06:29.7155461Z shell: /usr/bin/bash -e {0}
va_exp_nonconviction-set	Refuse a movable ref and prove the checkout is the pinned commit	2026-09-12T06:06:29.7155736Z env:
va_exp_nonconviction-set	Refuse a movable ref and prove the checkout is the pinned commit	2026-09-12T06:06:29.7155981Z   REF: 331f5878b0c69ba448f4dfbe37eaed6369a0a133
va_exp_nonconviction-set	Refuse a movable ref and prove the checkout is the pinned commit	2026-09-12T06:06:29.7156284Z ##[endgroup]
va_exp_nonconviction-set	Refuse a movable ref and prove the checkout is the pinned commit	2026-09-12T06:06:29.7256568Z pinned commit confirmed: 331f5878b0c69ba448f4dfbe37eaed6369a0a133
va_exp_nonconviction-set	Run actions/setup-node@v4	﻿2026-09-12T06:06:29.7340742Z Node 20 is being deprecated. This workflow is running with Node 24 by default. If you need to temporarily use Node 20, you can set the ACTIONS_ALLOW_USE_UNSECURE_NODE_VERSION=true environment variable. For more information see: https://github.blog/changelog/2025-09-19-deprecation-of-node-20-on-github-actions-runners/
va_exp_nonconviction-set	Run actions/setup-node@v4	2026-09-12T06:06:29.7342297Z ##[group]Run actions/setup-node@v4
va_exp_nonconviction-set	Run actions/setup-node@v4	2026-09-12T06:06:29.7342567Z with:
va_exp_nonconviction-set	Run actions/setup-node@v4	2026-09-12T06:06:29.7342768Z   node-version: 22
va_exp_nonconviction-set	Run actions/setup-node@v4	2026-09-12T06:06:29.7342984Z   always-auth: false
va_exp_nonconviction-set	Run actions/setup-node@v4	2026-09-12T06:06:29.7343207Z   check-latest: false
va_exp_nonconviction-set	Run actions/setup-node@v4	2026-09-12T06:06:29.7345591Z   token: ***
va_exp_nonconviction-set	Run actions/setup-node@v4	2026-09-12T06:06:29.7345809Z ##[endgroup]
va_exp_nonconviction-set	Run actions/setup-node@v4	2026-09-12T06:06:29.8767324Z Found in cache @ /opt/hostedtoolcache/node/22.23.2/x64
va_exp_nonconviction-set	Run actions/setup-node@v4	2026-09-12T06:06:29.8771601Z (node:2265) [DEP0040] DeprecationWarning: The `punycode` module is deprecated. Please use a userland alternative instead.
va_exp_nonconviction-set	Run actions/setup-node@v4	2026-09-12T06:06:29.8772476Z (Use `node --trace-deprecation ...` to show where the warning was created)
va_exp_nonconviction-set	Run actions/setup-node@v4	2026-09-12T06:06:29.8774016Z ##[group]Environment details
va_exp_nonconviction-set	Run actions/setup-node@v4	2026-09-12T06:06:30.2217347Z node: v22.23.2
va_exp_nonconviction-set	Run actions/setup-node@v4	2026-09-12T06:06:30.2217709Z npm: 10.9.8
va_exp_nonconviction-set	Run actions/setup-node@v4	2026-09-12T06:06:30.2217914Z yarn: 1.22.22
va_exp_nonconviction-set	Run actions/setup-node@v4	2026-09-12T06:06:30.2219213Z ##[endgroup]
va_exp_nonconviction-set	Run npm ci --cache /tmp/npm-cache	﻿2026-09-12T06:06:30.2341312Z ##[group]Run npm ci --cache /tmp/npm-cache
va_exp_nonconviction-set	Run npm ci --cache /tmp/npm-cache	2026-09-12T06:06:30.2341652Z ^[[36;1mnpm ci --cache /tmp/npm-cache^[[0m
va_exp_nonconviction-set	Run npm ci --cache /tmp/npm-cache	2026-09-12T06:06:30.2387872Z shell: /usr/bin/bash -e {0}
va_exp_nonconviction-set	Run npm ci --cache /tmp/npm-cache	2026-09-12T06:06:30.2388146Z ##[endgroup]
va_exp_nonconviction-set	Run npm ci --cache /tmp/npm-cache	2026-09-12T06:06:48.3922005Z 
va_exp_nonconviction-set	Run npm ci --cache /tmp/npm-cache	2026-09-12T06:06:48.3930756Z added 492 packages, and audited 493 packages in 18s
va_exp_nonconviction-set	Run npm ci --cache /tmp/npm-cache	2026-09-12T06:06:48.3931285Z 
va_exp_nonconviction-set	Run npm ci --cache /tmp/npm-cache	2026-09-12T06:06:48.3931659Z 186 packages are looking for funding
va_exp_nonconviction-set	Run npm ci --cache /tmp/npm-cache	2026-09-12T06:06:48.3932140Z   run `npm fund` for details
va_exp_nonconviction-set	Run npm ci --cache /tmp/npm-cache	2026-09-12T06:06:48.5761472Z 
va_exp_nonconviction-set	Run npm ci --cache /tmp/npm-cache	2026-09-12T06:06:48.5762683Z 39 vulnerabilities (2 low, 29 moderate, 7 high, 1 critical)
va_exp_nonconviction-set	Run npm ci --cache /tmp/npm-cache	2026-09-12T06:06:48.5763064Z 
va_exp_nonconviction-set	Run npm ci --cache /tmp/npm-cache	2026-09-12T06:06:48.5763295Z To address issues that do not require attention, run:
va_exp_nonconviction-set	Run npm ci --cache /tmp/npm-cache	2026-09-12T06:06:48.5763635Z   npm audit fix
va_exp_nonconviction-set	Run npm ci --cache /tmp/npm-cache	2026-09-12T06:06:48.5763765Z 
va_exp_nonconviction-set	Run npm ci --cache /tmp/npm-cache	2026-09-12T06:06:48.5763891Z To address all issues, run:
va_exp_nonconviction-set	Run npm ci --cache /tmp/npm-cache	2026-09-12T06:06:48.5764157Z   npm audit fix --force
va_exp_nonconviction-set	Run npm ci --cache /tmp/npm-cache	2026-09-12T06:06:48.5764309Z 
va_exp_nonconviction-set	Run npm ci --cache /tmp/npm-cache	2026-09-12T06:06:48.5764430Z Run `npm audit` for details.
va_exp_nonconviction-set	Run actions/setup-python@v5	﻿2026-09-12T06:06:48.6601138Z Node 20 is being deprecated. This workflow is running with Node 24 by default. If you need to temporarily use Node 20, you can set the ACTIONS_ALLOW_USE_UNSECURE_NODE_VERSION=true environment variable. For more information see: https://github.blog/changelog/2025-09-19-deprecation-of-node-20-on-github-actions-runners/
va_exp_nonconviction-set	Run actions/setup-python@v5	2026-09-12T06:06:48.6602383Z ##[group]Run actions/setup-python@v5
va_exp_nonconviction-set	Run actions/setup-python@v5	2026-09-12T06:06:48.6602841Z with:
va_exp_nonconviction-set	Run actions/setup-python@v5	2026-09-12T06:06:48.6603056Z   python-version: 3.12
va_exp_nonconviction-set	Run actions/setup-python@v5	2026-09-12T06:06:48.6603292Z   check-latest: false
va_exp_nonconviction-set	Run actions/setup-python@v5	2026-09-12T06:06:48.6605654Z   token: ***
va_exp_nonconviction-set	Run actions/setup-python@v5	2026-09-12T06:06:48.6605871Z   update-environment: true
va_exp_nonconviction-set	Run actions/setup-python@v5	2026-09-12T06:06:48.6606119Z   allow-prereleases: false
va_exp_nonconviction-set	Run actions/setup-python@v5	2026-09-12T06:06:48.6606347Z   freethreaded: false
va_exp_nonconviction-set	Run actions/setup-python@v5	2026-09-12T06:06:48.6606564Z ##[endgroup]
va_exp_nonconviction-set	Run actions/setup-python@v5	2026-09-12T06:06:48.7928441Z ##[group]Installed versions
va_exp_nonconviction-set	Run actions/setup-python@v5	2026-09-12T06:06:48.8001190Z (node:2334) [DEP0040] DeprecationWarning: The `punycode` module is deprecated. Please use a userland alternative instead.
va_exp_nonconviction-set	Run actions/setup-python@v5	2026-09-12T06:06:48.8002136Z (Use `node --trace-deprecation ...` to show where the warning was created)
va_exp_nonconviction-set	Run actions/setup-python@v5	2026-09-12T06:06:48.8003019Z Successfully set up CPython (3.12.14)
va_exp_nonconviction-set	Run actions/setup-python@v5	2026-09-12T06:06:48.8017171Z ##[endgroup]
va_exp_nonconviction-set	Install the pinned encrypted-PDF reader	﻿2026-09-12T06:06:48.8177823Z ##[group]Run python -m pip install --disable-pip-version-check pikepdf==10.12.0
va_exp_nonconviction-set	Install the pinned encrypted-PDF reader	2026-09-12T06:06:48.8178398Z ^[[36;1mpython -m pip install --disable-pip-version-check pikepdf==10.12.0^[[0m
va_exp_nonconviction-set	Install the pinned encrypted-PDF reader	2026-09-12T06:06:48.8230524Z shell: /usr/bin/bash -e {0}
va_exp_nonconviction-set	Install the pinned encrypted-PDF reader	2026-09-12T06:06:48.8230806Z env:
va_exp_nonconviction-set	Install the pinned encrypted-PDF reader	2026-09-12T06:06:48.8231084Z   pythonLocation: /opt/hostedtoolcache/Python/3.12.14/x64
va_exp_nonconviction-set	Install the pinned encrypted-PDF reader	2026-09-12T06:06:48.8231542Z   PKG_CONFIG_PATH: /opt/hostedtoolcache/Python/3.12.14/x64/lib/pkgconfig
va_exp_nonconviction-set	Install the pinned encrypted-PDF reader	2026-09-12T06:06:48.8231968Z   Python_ROOT_DIR: /opt/hostedtoolcache/Python/3.12.14/x64
va_exp_nonconviction-set	Install the pinned encrypted-PDF reader	2026-09-12T06:06:48.8232347Z   Python2_ROOT_DIR: /opt/hostedtoolcache/Python/3.12.14/x64
va_exp_nonconviction-set	Install the pinned encrypted-PDF reader	2026-09-12T06:06:48.8232727Z   Python3_ROOT_DIR: /opt/hostedtoolcache/Python/3.12.14/x64
va_exp_nonconviction-set	Install the pinned encrypted-PDF reader	2026-09-12T06:06:48.8233094Z   LD_LIBRARY_PATH: /opt/hostedtoolcache/Python/3.12.14/x64/lib
va_exp_nonconviction-set	Install the pinned encrypted-PDF reader	2026-09-12T06:06:48.8233410Z ##[endgroup]
va_exp_nonconviction-set	Install the pinned encrypted-PDF reader	2026-09-12T06:06:49.7722989Z Collecting pikepdf==10.12.0
va_exp_nonconviction-set	Install the pinned encrypted-PDF reader	2026-09-12T06:06:49.8221050Z   Downloading pikepdf-10.12.0-cp312-cp312-manylinux_2_27_x86_64.manylinux_2_28_x86_64.whl.metadata (11 kB)
va_exp_nonconviction-set	Install the pinned encrypted-PDF reader	2026-09-12T06:06:49.9682337Z Collecting Pillow>=10.0.1 (from pikepdf==10.12.0)
va_exp_nonconviction-set	Install the pinned encrypted-PDF reader	2026-09-12T06:06:49.9716510Z   Downloading pillow-12.3.0-cp312-cp312-manylinux_2_27_x86_64.manylinux_2_28_x86_64.whl.metadata (9.1 kB)
va_exp_nonconviction-set	Install the pinned encrypted-PDF reader	2026-09-12T06:06:50.1731755Z Collecting lxml>=4.8 (from pikepdf==10.12.0)
va_exp_nonconviction-set	Install the pinned encrypted-PDF reader	2026-09-12T06:06:50.1765233Z   Downloading lxml-6.1.3-cp312-cp312-manylinux_2_26_x86_64.manylinux_2_28_x86_64.whl.metadata (3.3 kB)
va_exp_nonconviction-set	Install the pinned encrypted-PDF reader	2026-09-12T06:06:50.1912413Z Collecting packaging (from pikepdf==10.12.0)
va_exp_nonconviction-set	Install the pinned encrypted-PDF reader	2026-09-12T06:06:50.1942697Z   Downloading packaging-26.3-py3-none-any.whl.metadata (3.5 kB)
va_exp_nonconviction-set	Install the pinned encrypted-PDF reader	2026-09-12T06:06:50.2036050Z Downloading pikepdf-10.12.0-cp312-cp312-manylinux_2_27_x86_64.manylinux_2_28_x86_64.whl (2.3 MB)
va_exp_nonconviction-set	Install the pinned encrypted-PDF reader	2026-09-12T06:06:50.2495287Z    ━━━━━━━━━━━━━━━━━━━━━━━━━━━━━━━━━━━━━━━━ 2.3/2.3 MB 69.6 MB/s  0:00:00
va_exp_nonconviction-set	Install the pinned encrypted-PDF reader	2026-09-12T06:06:50.2529247Z Downloading lxml-6.1.3-cp312-cp312-manylinux_2_26_x86_64.manylinux_2_28_x86_64.whl (5.2 MB)
va_exp_nonconviction-set	Install the pinned encrypted-PDF reader	2026-09-12T06:06:50.2889251Z    ━━━━━━━━━━━━━━━━━━━━━━━━━━━━━━━━━━━━━━━━ 5.2/5.2 MB 154.4 MB/s  0:00:00
va_exp_nonconviction-set	Install the pinned encrypted-PDF reader	2026-09-12T06:06:50.2924296Z Downloading pillow-12.3.0-cp312-cp312-manylinux_2_27_x86_64.manylinux_2_28_x86_64.whl (6.9 MB)
va_exp_nonconviction-set	Install the pinned encrypted-PDF reader	2026-09-12T06:06:50.3186960Z    ━━━━━━━━━━━━━━━━━━━━━━━━━━━━━━━━━━━━━━━━ 6.9/6.9 MB 277.9 MB/s  0:00:00
va_exp_nonconviction-set	Install the pinned encrypted-PDF reader	2026-09-12T06:06:50.3216993Z Downloading packaging-26.3-py3-none-any.whl (129 kB)
va_exp_nonconviction-set	Install the pinned encrypted-PDF reader	2026-09-12T06:06:50.3844813Z Installing collected packages: Pillow, packaging, lxml, pikepdf
va_exp_nonconviction-set	Install the pinned encrypted-PDF reader	2026-09-12T06:06:51.0756715Z 
va_exp_nonconviction-set	Install the pinned encrypted-PDF reader	2026-09-12T06:06:51.0768854Z Successfully installed Pillow-12.3.0 lxml-6.1.3 packaging-26.3 pikepdf-10.12.0
va_exp_nonconviction-set	Provision the browser	﻿2026-09-12T06:06:51.1452201Z ##[group]Run set -euo pipefail
va_exp_nonconviction-set	Provision the browser	2026-09-12T06:06:51.1452542Z ^[[36;1mset -euo pipefail^[[0m
va_exp_nonconviction-set	Provision the browser	2026-09-12T06:06:51.1452894Z ^[[36;1mexport PLAYWRIGHT_BROWSERS_PATH="$HOME/.cache/ms-playwright"^[[0m
va_exp_nonconviction-set	Provision the browser	2026-09-12T06:06:51.1453337Z ^[[36;1mnpx --yes playwright install --with-deps chromium^[[0m
va_exp_nonconviction-set	Provision the browser	2026-09-12T06:06:51.1453791Z ^[[36;1mecho "PLAYWRIGHT_BROWSERS_PATH=$PLAYWRIGHT_BROWSERS_PATH" >> "$GITHUB_ENV"^[[0m
va_exp_nonconviction-set	Provision the browser	2026-09-12T06:06:51.1494405Z shell: /usr/bin/bash -e {0}
va_exp_nonconviction-set	Provision the browser	2026-09-12T06:06:51.1494675Z env:
va_exp_nonconviction-set	Provision the browser	2026-09-12T06:06:51.1494939Z   pythonLocation: /opt/hostedtoolcache/Python/3.12.14/x64
va_exp_nonconviction-set	Provision the browser	2026-09-12T06:06:51.1495551Z   PKG_CONFIG_PATH: /opt/hostedtoolcache/Python/3.12.14/x64/lib/pkgconfig
va_exp_nonconviction-set	Provision the browser	2026-09-12T06:06:51.1495971Z   Python_ROOT_DIR: /opt/hostedtoolcache/Python/3.12.14/x64
va_exp_nonconviction-set	Provision the browser	2026-09-12T06:06:51.1496336Z   Python2_ROOT_DIR: /opt/hostedtoolcache/Python/3.12.14/x64
va_exp_nonconviction-set	Provision the browser	2026-09-12T06:06:51.1496698Z   Python3_ROOT_DIR: /opt/hostedtoolcache/Python/3.12.14/x64
va_exp_nonconviction-set	Provision the browser	2026-09-12T06:06:51.1497060Z   LD_LIBRARY_PATH: /opt/hostedtoolcache/Python/3.12.14/x64/lib
va_exp_nonconviction-set	Provision the browser	2026-09-12T06:06:51.1497412Z ##[endgroup]
va_exp_nonconviction-set	Provision the browser	2026-09-12T06:06:51.9012243Z Installing dependencies...
va_exp_nonconviction-set	Provision the browser	2026-09-12T06:06:51.9076246Z Switching to root user to install dependencies...
va_exp_nonconviction-set	Provision the browser	2026-09-12T06:06:51.9993595Z Get:1 file:/etc/apt/apt-mirrors.txt Mirrorlist [144 B]
va_exp_nonconviction-set	Provision the browser	2026-09-12T06:06:52.0344691Z Get:6 https://packages.microsoft.com/ubuntu/24.04/prod noble InRelease [3600 B]
va_exp_nonconviction-set	Provision the browser	2026-09-12T06:06:52.0507001Z Hit:2 http://azure.archive.ubuntu.com/ubuntu noble InRelease
va_exp_nonconviction-set	Provision the browser	2026-09-12T06:06:52.0542834Z Get:3 http://azure.archive.ubuntu.com/ubuntu noble-updates InRelease [126 kB]
va_exp_nonconviction-set	Provision the browser	2026-09-12T06:06:52.0649848Z Get:4 http://azure.archive.ubuntu.com/ubuntu noble-backports InRelease [126 kB]
va_exp_nonconviction-set	Provision the browser	2026-09-12T06:06:52.0651145Z Get:5 http://azure.archive.ubuntu.com/ubuntu noble-security InRelease [126 kB]
va_exp_nonconviction-set	Provision the browser	2026-09-12T06:06:52.0775964Z Get:7 https://dl.google.com/linux/chrome-stable/deb stable InRelease [2548 B]
va_exp_nonconviction-set	Provision the browser	2026-09-12T06:06:52.1285273Z Get:8 https://packages.microsoft.com/ubuntu/24.04/prod noble/main arm64 Packages [414 kB]
va_exp_nonconviction-set	Provision the browser	2026-09-12T06:06:52.1491126Z Get:9 https://packages.microsoft.com/ubuntu/24.04/prod noble/main amd64 Packages [463 kB]
va_exp_nonconviction-set	Provision the browser	2026-09-12T06:06:52.2479300Z Get:10 http://azure.archive.ubuntu.com/ubuntu noble-updates/main amd64 Packages [1263 kB]
va_exp_nonconviction-set	Provision the browser	2026-09-12T06:06:52.2560567Z Get:11 http://azure.archive.ubuntu.com/ubuntu noble-updates/main Translation-en [292 kB]
va_exp_nonconviction-set	Provision the browser	2026-09-12T06:06:52.2580567Z Get:12 http://azure.archive.ubuntu.com/ubuntu noble-updates/main amd64 Components [180 kB]
va_exp_nonconviction-set	Provision the browser	2026-09-12T06:06:52.2630778Z Get:13 http://azure.archive.ubuntu.com/ubuntu noble-updates/universe amd64 Packages [1690 kB]
va_exp_nonconviction-set	Provision the browser	2026-09-12T06:06:52.2693226Z Get:14 http://azure.archive.ubuntu.com/ubuntu noble-updates/universe amd64 Components [387 kB]
va_exp_nonconviction-set	Provision the browser	2026-09-12T06:06:52.2724095Z Get:15 http://azure.archive.ubuntu.com/ubuntu noble-updates/restricted amd64 Packages [1544 kB]
va_exp_nonconviction-set	Provision the browser	2026-09-12T06:06:52.2823924Z Get:16 http://azure.archive.ubuntu.com/ubuntu noble-updates/restricted Translation-en [354 kB]
va_exp_nonconviction-set	Provision the browser	2026-09-12T06:06:52.2852056Z Get:17 http://azure.archive.ubuntu.com/ubuntu noble-updates/multiverse amd64 Components [940 B]
va_exp_nonconviction-set	Provision the browser	2026-09-12T06:06:52.3086482Z Get:18 http://azure.archive.ubuntu.com/ubuntu noble-backports/main amd64 Components [5748 B]
va_exp_nonconviction-set	Provision the browser	2026-09-12T06:06:52.3100760Z Get:19 http://azure.archive.ubuntu.com/ubuntu noble-backports/universe amd64 Components [12.6 kB]
va_exp_nonconviction-set	Provision the browser	2026-09-12T06:06:52.4180700Z Get:20 http://azure.archive.ubuntu.com/ubuntu noble-security/main amd64 Packages [1006 kB]
va_exp_nonconviction-set	Provision the browser	2026-09-12T06:06:52.4226590Z Get:21 http://azure.archive.ubuntu.com/ubuntu noble-security/main Translation-en [213 kB]
va_exp_nonconviction-set	Provision the browser	2026-09-12T06:06:52.4252520Z Get:22 http://azure.archive.ubuntu.com/ubuntu noble-security/main amd64 Components [46.5 kB]
va_exp_nonconviction-set	Provision the browser	2026-09-12T06:06:52.4282457Z Get:23 http://azure.archive.ubuntu.com/ubuntu noble-security/universe amd64 Packages [1206 kB]
va_exp_nonconviction-set	Provision the browser	2026-09-12T06:06:52.4375741Z Get:24 http://azure.archive.ubuntu.com/ubuntu noble-security/universe amd64 Components [76.3 kB]
va_exp_nonconviction-set	Provision the browser	2026-09-12T06:06:52.4393471Z Get:25 http://azure.archive.ubuntu.com/ubuntu noble-security/restricted amd64 Packages [1445 kB]
va_exp_nonconviction-set	Provision the browser	2026-09-12T06:06:52.4461891Z Get:27 https://dl.google.com/linux/chrome-stable/deb stable/main amd64 Packages [1413 B]
va_exp_nonconviction-set	Provision the browser	2026-09-12T06:06:52.4481468Z Get:26 http://azure.archive.ubuntu.com/ubuntu noble-security/restricted Translation-en [336 kB]
va_exp_nonconviction-set	Provision the browser	2026-09-12T06:06:56.6355977Z Fetched 11.3 MB in 1s (8270 kB/s)
va_exp_nonconviction-set	Provision the browser	2026-09-12T06:06:57.4536538Z Reading package lists...
va_exp_nonconviction-set	Provision the browser	2026-09-12T06:06:57.4795500Z Reading package lists...
va_exp_nonconviction-set	Provision the browser	2026-09-12T06:06:57.6918317Z Building dependency tree...
va_exp_nonconviction-set	Provision the browser	2026-09-12T06:06:57.6925929Z Reading state information...
va_exp_nonconviction-set	Provision the browser	2026-09-12T06:06:57.8604399Z libasound2t64 is already the newest version (1.2.11-1ubuntu0.3).
va_exp_nonconviction-set	Provision the browser	2026-09-12T06:06:57.8605313Z libasound2t64 set to manually installed.
va_exp_nonconviction-set	Provision the browser	2026-09-12T06:06:57.8606163Z libatk-bridge2.0-0t64 is already the newest version (2.52.0-1build1).
va_exp_nonconviction-set	Provision the browser	2026-09-12T06:06:57.8606953Z libatk-bridge2.0-0t64 set to manually installed.
va_exp_nonconviction-set	Provision the browser	2026-09-12T06:06:57.8607686Z libatk1.0-0t64 is already the newest version (2.52.0-1build1).
va_exp_nonconviction-set	Provision the browser	2026-09-12T06:06:57.8608358Z libatk1.0-0t64 set to manually installed.
va_exp_nonconviction-set	Provision the browser	2026-09-12T06:06:57.8609283Z libatspi2.0-0t64 is already the newest version (2.52.0-1build1).
va_exp_nonconviction-set	Provision the browser	2026-09-12T06:06:57.8609866Z libatspi2.0-0t64 set to manually installed.
va_exp_nonconviction-set	Provision the browser	2026-09-12T06:06:57.8610452Z libcairo2 is already the newest version (1.18.0-3build1).
va_exp_nonconviction-set	Provision the browser	2026-09-12T06:06:57.8610860Z libcairo2 set to manually installed.
va_exp_nonconviction-set	Provision the browser	2026-09-12T06:06:57.8611283Z libcups2t64 is already the newest version (2.4.7-1.2ubuntu7.14).
va_exp_nonconviction-set	Provision the browser	2026-09-12T06:06:57.8611692Z libcups2t64 set to manually installed.
va_exp_nonconviction-set	Provision the browser	2026-09-12T06:06:57.8612098Z libdbus-1-3 is already the newest version (1.14.10-4ubuntu4.1).
va_exp_nonconviction-set	Provision the browser	2026-09-12T06:06:57.8612502Z libdbus-1-3 set to manually installed.
va_exp_nonconviction-set	Provision the browser	2026-09-12T06:06:57.8613038Z libdrm2 is already the newest version (2.4.125-1ubuntu0.1~24.04.2).
va_exp_nonconviction-set	Provision the browser	2026-09-12T06:06:57.8613510Z libdrm2 set to manually installed.
va_exp_nonconviction-set	Provision the browser	2026-09-12T06:06:57.8614051Z libgbm1 is already the newest version (25.2.8-0ubuntu0.24.04.2).
va_exp_nonconviction-set	Provision the browser	2026-09-12T06:06:57.8614435Z libgbm1 set to manually installed.
va_exp_nonconviction-set	Provision the browser	2026-09-12T06:06:57.8614846Z libglib2.0-0t64 is already the newest version (2.80.0-6ubuntu3.8).
va_exp_nonconviction-set	Provision the browser	2026-09-12T06:06:57.8615305Z libglib2.0-0t64 set to manually installed.
va_exp_nonconviction-set	Provision the browser	2026-09-12T06:06:57.8615815Z libnspr4 is already the newest version (2:4.35-1.1build1).
va_exp_nonconviction-set	Provision the browser	2026-09-12T06:06:57.8616200Z libnspr4 set to manually installed.
va_exp_nonconviction-set	Provision the browser	2026-09-12T06:06:57.8616574Z libnss3 is already the newest version (2:3.98-1ubuntu0.2).
va_exp_nonconviction-set	Provision the browser	2026-09-12T06:06:57.8617059Z libnss3 set to manually installed.
va_exp_nonconviction-set	Provision the browser	2026-09-12T06:06:57.8617638Z libpango-1.0-0 is already the newest version (1.52.1+ds-1build1).
va_exp_nonconviction-set	Provision the browser	2026-09-12T06:06:57.8618256Z libpango-1.0-0 set to manually installed.
va_exp_nonconviction-set	Provision the browser	2026-09-12T06:06:57.8619032Z libx11-6 is already the newest version (2:1.8.7-1build1).
va_exp_nonconviction-set	Provision the browser	2026-09-12T06:06:57.8619557Z libx11-6 set to manually installed.
va_exp_nonconviction-set	Provision the browser	2026-09-12T06:06:57.8620114Z libxcb1 is already the newest version (1.15-1ubuntu2).
va_exp_nonconviction-set	Provision the browser	2026-09-12T06:06:57.8620553Z libxcb1 set to manually installed.
va_exp_nonconviction-set	Provision the browser	2026-09-12T06:06:57.8620957Z libxcomposite1 is already the newest version (1:0.4.5-1build3).
va_exp_nonconviction-set	Provision the browser	2026-09-12T06:06:57.8621650Z libxcomposite1 set to manually installed.
va_exp_nonconviction-set	Provision the browser	2026-09-12T06:06:57.8622304Z libxdamage1 is already the newest version (1:1.1.6-1build1).
va_exp_nonconviction-set	Provision the browser	2026-09-12T06:06:57.8622907Z libxdamage1 set to manually installed.
va_exp_nonconviction-set	Provision the browser	2026-09-12T06:06:57.8623374Z libxext6 is already the newest version (2:1.3.4-1build2).
va_exp_nonconviction-set	Provision the browser	2026-09-12T06:06:57.8623738Z libxext6 set to manually installed.
va_exp_nonconviction-set	Provision the browser	2026-09-12T06:06:57.8624116Z libxfixes3 is already the newest version (1:6.0.0-2build1).
va_exp_nonconviction-set	Provision the browser	2026-09-12T06:06:57.8624598Z libxfixes3 set to manually installed.
va_exp_nonconviction-set	Provision the browser	2026-09-12T06:06:57.8625213Z libxkbcommon0 is already the newest version (1.6.0-1build1).
va_exp_nonconviction-set	Provision the browser	2026-09-12T06:06:57.8625871Z libxkbcommon0 set to manually installed.
va_exp_nonconviction-set	Provision the browser	2026-09-12T06:06:57.8626530Z libxrandr2 is already the newest version (2:1.5.2-2build1).
va_exp_nonconviction-set	Provision the browser	2026-09-12T06:06:57.8627131Z libxrandr2 set to manually installed.
va_exp_nonconviction-set	Provision the browser	2026-09-12T06:06:57.8627784Z xvfb is already the newest version (2:21.1.12-1ubuntu1.6).
va_exp_nonconviction-set	Provision the browser	2026-09-12T06:06:57.8628838Z fonts-noto-color-emoji is already the newest version (2.047-0ubuntu0.24.04.1).
va_exp_nonconviction-set	Provision the browser	2026-09-12T06:06:57.8630048Z libfontconfig1 is already the newest version (2.15.0-1.1ubuntu2).
va_exp_nonconviction-set	Provision the browser	2026-09-12T06:06:57.8630701Z libfontconfig1 set to manually installed.
va_exp_nonconviction-set	Provision the browser	2026-09-12T06:06:57.8631391Z libfreetype6 is already the newest version (2.13.2+dfsg-1ubuntu0.1).
va_exp_nonconviction-set	Provision the browser	2026-09-12T06:06:57.8632049Z libfreetype6 set to manually installed.
va_exp_nonconviction-set	Provision the browser	2026-09-12T06:06:57.8632688Z fonts-liberation is already the newest version (1:2.1.5-3).
va_exp_nonconviction-set	Provision the browser	2026-09-12T06:06:57.8633322Z fonts-liberation set to manually installed.
va_exp_nonconviction-set	Provision the browser	2026-09-12T06:06:57.8633940Z The following additional packages will be installed:
va_exp_nonconviction-set	Provision the browser	2026-09-12T06:06:57.8634678Z   xfonts-encodings xfonts-utils
va_exp_nonconviction-set	Provision the browser	2026-09-12T06:06:57.8635111Z Recommended packages:
va_exp_nonconviction-set	Provision the browser	2026-09-12T06:06:57.8635545Z   fonts-ipafont-mincho fonts-tlwg-loma
va_exp_nonconviction-set	Provision the browser	2026-09-12T06:06:57.8801600Z The following NEW packages will be installed:
va_exp_nonconviction-set	Provision the browser	2026-09-12T06:06:57.8802584Z   fonts-freefont-ttf fonts-ipafont-gothic fonts-tlwg-loma-otf fonts-unifont
va_exp_nonconviction-set	Provision the browser	2026-09-12T06:06:57.8809204Z   fonts-wqy-zenhei xfonts-cyrillic xfonts-encodings xfonts-scalable
va_exp_nonconviction-set	Provision the browser	2026-09-12T06:06:57.8809898Z   xfonts-utils
va_exp_nonconviction-set	Provision the browser	2026-09-12T06:06:57.8996558Z 0 upgraded, 9 newly installed, 0 to remove and 50 not upgraded.
va_exp_nonconviction-set	Provision the browser	2026-09-12T06:06:57.8997067Z Need to get 21.1 MB of archives.
va_exp_nonconviction-set	Provision the browser	2026-09-12T06:06:57.8997510Z After this operation, 79.5 MB of additional disk space will be used.
va_exp_nonconviction-set	Provision the browser	2026-09-12T06:06:57.8998017Z Get:1 file:/etc/apt/apt-mirrors.txt Mirrorlist [144 B]
va_exp_nonconviction-set	Provision the browser	2026-09-12T06:06:57.9621025Z Get:2 http://azure.archive.ubuntu.com/ubuntu noble/universe amd64 fonts-ipafont-gothic all 00303-21ubuntu1 [3513 kB]
va_exp_nonconviction-set	Provision the browser	2026-09-12T06:06:58.1968970Z Get:3 http://azure.archive.ubuntu.com/ubuntu noble/main amd64 fonts-freefont-ttf all 20211204+svn4273-2 [5641 kB]
va_exp_nonconviction-set	Provision the browser	2026-09-12T06:06:58.3721983Z Get:4 http://azure.archive.ubuntu.com/ubuntu noble/universe amd64 fonts-tlwg-loma-otf all 1:0.7.3-1 [107 kB]
va_exp_nonconviction-set	Provision the browser	2026-09-12T06:06:58.3980144Z Get:5 http://azure.archive.ubuntu.com/ubuntu noble/universe amd64 fonts-unifont all 1:15.1.01-1build1 [2993 kB]
va_exp_nonconviction-set	Provision the browser	2026-09-12T06:06:58.5229004Z Get:6 http://azure.archive.ubuntu.com/ubuntu noble/universe amd64 fonts-wqy-zenhei all 0.9.45-8 [7472 kB]
va_exp_nonconviction-set	Provision the browser	2026-09-12T06:06:58.7919199Z Get:7 http://azure.archive.ubuntu.com/ubuntu noble/main amd64 xfonts-encodings all 1:1.0.5-0ubuntu2 [578 kB]
va_exp_nonconviction-set	Provision the browser	2026-09-12T06:06:58.8371040Z Get:8 http://azure.archive.ubuntu.com/ubuntu noble/main amd64 xfonts-utils amd64 1:7.7+6build3 [94.4 kB]
va_exp_nonconviction-set	Provision the browser	2026-09-12T06:06:58.8602858Z Get:9 http://azure.archive.ubuntu.com/ubuntu noble/universe amd64 xfonts-cyrillic all 1:1.0.5+nmu1 [384 kB]
va_exp_nonconviction-set	Provision the browser	2026-09-12T06:06:58.8907764Z Get:10 http://azure.archive.ubuntu.com/ubuntu noble/main amd64 xfonts-scalable all 1:1.0.3-1.3 [304 kB]
va_exp_nonconviction-set	Provision the browser	2026-09-12T06:06:59.1577329Z Fetched 21.1 MB in 1s (20.9 MB/s)
va_exp_nonconviction-set	Provision the browser	2026-09-12T06:06:59.1793538Z Selecting previously unselected package fonts-ipafont-gothic.
va_exp_nonconviction-set	Provision the browser	2026-09-12T06:06:59.2015995Z (Reading database ... 
va_exp_nonconviction-set	Provision the browser	2026-09-12T06:06:59.2016446Z (Reading database ... 5%
va_exp_nonconviction-set	Provision the browser	2026-09-12T06:06:59.2016736Z (Reading database ... 10%
va_exp_nonconviction-set	Provision the browser	2026-09-12T06:06:59.2017034Z (Reading database ... 15%
va_exp_nonconviction-set	Provision the browser	2026-09-12T06:06:59.2017390Z (Reading database ... 20%
va_exp_nonconviction-set	Provision the browser	2026-09-12T06:06:59.2017789Z (Reading database ... 25%
va_exp_nonconviction-set	Provision the browser	2026-09-12T06:06:59.2018144Z (Reading database ... 30%
va_exp_nonconviction-set	Provision the browser	2026-09-12T06:06:59.2018687Z (Reading database ... 35%
va_exp_nonconviction-set	Provision the browser	2026-09-12T06:06:59.2019058Z (Reading database ... 40%
va_exp_nonconviction-set	Provision the browser	2026-09-12T06:06:59.2019410Z (Reading database ... 45%
va_exp_nonconviction-set	Provision the browser	2026-09-12T06:06:59.2019761Z (Reading database ... 50%
va_exp_nonconviction-set	Provision the browser	2026-09-12T06:06:59.2044922Z (Reading database ... 55%
va_exp_nonconviction-set	Provision the browser	2026-09-12T06:06:59.3187777Z (Reading database ... 60%
va_exp_nonconviction-set	Provision the browser	2026-09-12T06:06:59.5174952Z (Reading database ... 65%
va_exp_nonconviction-set	Provision the browser	2026-09-12T06:06:59.6638801Z (Reading database ... 70%
va_exp_nonconviction-set	Provision the browser	2026-09-12T06:07:00.0229735Z (Reading database ... 75%
va_exp_nonconviction-set	Provision the browser	2026-09-12T06:07:00.3370977Z (Reading database ... 80%
va_exp_nonconviction-set	Provision the browser	2026-09-12T06:07:00.4656612Z (Reading database ... 85%
va_exp_nonconviction-set	Provision the browser	2026-09-12T06:07:00.6746634Z (Reading database ... 90%
va_exp_nonconviction-set	Provision the browser	2026-09-12T06:07:00.8082040Z (Reading database ... 95%
va_exp_nonconviction-set	Provision the browser	2026-09-12T06:07:00.8082577Z (Reading database ... 100%
va_exp_nonconviction-set	Provision the browser	2026-09-12T06:07:00.8083075Z (Reading database ... 201818 files and directories currently installed.)
va_exp_nonconviction-set	Provision the browser	2026-09-12T06:07:00.8130619Z Preparing to unpack .../0-fonts-ipafont-gothic_00303-21ubuntu1_all.deb ...
va_exp_nonconviction-set	Provision the browser	2026-09-12T06:07:00.8248069Z Unpacking fonts-ipafont-gothic (00303-21ubuntu1) ...
va_exp_nonconviction-set	Provision the browser	2026-09-12T06:07:01.0575267Z Selecting previously unselected package fonts-freefont-ttf.
va_exp_nonconviction-set	Provision the browser	2026-09-12T06:07:01.0707017Z Preparing to unpack .../1-fonts-freefont-ttf_20211204+svn4273-2_all.deb ...
va_exp_nonconviction-set	Provision the browser	2026-09-12T06:07:01.0712916Z Unpacking fonts-freefont-ttf (20211204+svn4273-2) ...
va_exp_nonconviction-set	Provision the browser	2026-09-12T06:07:01.1543340Z Selecting previously unselected package fonts-tlwg-loma-otf.
va_exp_nonconviction-set	Provision the browser	2026-09-12T06:07:01.1677055Z Preparing to unpack .../2-fonts-tlwg-loma-otf_1%3a0.7.3-1_all.deb ...
va_exp_nonconviction-set	Provision the browser	2026-09-12T06:07:01.1684269Z Unpacking fonts-tlwg-loma-otf (1:0.7.3-1) ...
va_exp_nonconviction-set	Provision the browser	2026-09-12T06:07:01.1897932Z Selecting previously unselected package fonts-unifont.
va_exp_nonconviction-set	Provision the browser	2026-09-12T06:07:01.2029160Z Preparing to unpack .../3-fonts-unifont_1%3a15.1.01-1build1_all.deb ...
va_exp_nonconviction-set	Provision the browser	2026-09-12T06:07:01.2039409Z Unpacking fonts-unifont (1:15.1.01-1build1) ...
va_exp_nonconviction-set	Provision the browser	2026-09-12T06:07:01.3125858Z Selecting previously unselected package fonts-wqy-zenhei.
va_exp_nonconviction-set	Provision the browser	2026-09-12T06:07:01.3257900Z Preparing to unpack .../4-fonts-wqy-zenhei_0.9.45-8_all.deb ...
va_exp_nonconviction-set	Provision the browser	2026-09-12T06:07:01.3362938Z Unpacking fonts-wqy-zenhei (0.9.45-8) ...
va_exp_nonconviction-set	Provision the browser	2026-09-12T06:07:01.8177422Z Selecting previously unselected package xfonts-encodings.
va_exp_nonconviction-set	Provision the browser	2026-09-12T06:07:01.8311449Z Preparing to unpack .../5-xfonts-encodings_1%3a1.0.5-0ubuntu2_all.deb ...
va_exp_nonconviction-set	Provision the browser	2026-09-12T06:07:01.8317763Z Unpacking xfonts-encodings (1:1.0.5-0ubuntu2) ...
va_exp_nonconviction-set	Provision the browser	2026-09-12T06:07:01.8614378Z Selecting previously unselected package xfonts-utils.
va_exp_nonconviction-set	Provision the browser	2026-09-12T06:07:01.8748204Z Preparing to unpack .../6-xfonts-utils_1%3a7.7+6build3_amd64.deb ...
va_exp_nonconviction-set	Provision the browser	2026-09-12T06:07:01.8755569Z Unpacking xfonts-utils (1:7.7+6build3) ...
va_exp_nonconviction-set	Provision the browser	2026-09-12T06:07:01.9090661Z Selecting previously unselected package xfonts-cyrillic.
va_exp_nonconviction-set	Provision the browser	2026-09-12T06:07:01.9222055Z Preparing to unpack .../7-xfonts-cyrillic_1%3a1.0.5+nmu1_all.deb ...
va_exp_nonconviction-set	Provision the browser	2026-09-12T06:07:01.9229716Z Unpacking xfonts-cyrillic (1:1.0.5+nmu1) ...
va_exp_nonconviction-set	Provision the browser	2026-09-12T06:07:01.9571985Z Selecting previously unselected package xfonts-scalable.
va_exp_nonconviction-set	Provision the browser	2026-09-12T06:07:01.9704086Z Preparing to unpack .../8-xfonts-scalable_1%3a1.0.3-1.3_all.deb ...
va_exp_nonconviction-set	Provision the browser	2026-09-12T06:07:01.9712729Z Unpacking xfonts-scalable (1:1.0.3-1.3) ...
va_exp_nonconviction-set	Provision the browser	2026-09-12T06:07:02.0134511Z Setting up fonts-wqy-zenhei (0.9.45-8) ...
va_exp_nonconviction-set	Provision the browser	2026-09-12T06:07:02.0251257Z Setting up fonts-freefont-ttf (20211204+svn4273-2) ...
va_exp_nonconviction-set	Provision the browser	2026-09-12T06:07:02.0267209Z Setting up fonts-tlwg-loma-otf (1:0.7.3-1) ...
va_exp_nonconviction-set	Provision the browser	2026-09-12T06:07:02.0282758Z Setting up xfonts-encodings (1:1.0.5-0ubuntu2) ...
va_exp_nonconviction-set	Provision the browser	2026-09-12T06:07:02.0299414Z Setting up fonts-ipafont-gothic (00303-21ubuntu1) ...
va_exp_nonconviction-set	Provision the browser	2026-09-12T06:07:02.0368703Z update-alternatives: using /usr/share/fonts/opentype/ipafont-gothic/ipag.ttf to provide /usr/share/fonts/truetype/fonts-japanese-gothic.ttf (fonts-japanese-gothic.ttf) in auto mode
va_exp_nonconviction-set	Provision the browser	2026-09-12T06:07:02.0382659Z Setting up fonts-unifont (1:15.1.01-1build1) ...
va_exp_nonconviction-set	Provision the browser	2026-09-12T06:07:02.0397665Z Setting up xfonts-utils (1:7.7+6build3) ...
va_exp_nonconviction-set	Provision the browser	2026-09-12T06:07:02.0437708Z Setting up xfonts-cyrillic (1:1.0.5+nmu1) ...
va_exp_nonconviction-set	Provision the browser	2026-09-12T06:07:02.0738922Z Setting up xfonts-scalable (1:1.0.3-1.3) ...
va_exp_nonconviction-set	Provision the browser	2026-09-12T06:07:02.1027975Z Processing triggers for man-db (2.12.0-4build2) ...
va_exp_nonconviction-set	Provision the browser	2026-09-12T06:07:02.1046857Z Not building database; man-db/auto-update is not 'true'.
va_exp_nonconviction-set	Provision the browser	2026-09-12T06:07:02.1060882Z Processing triggers for fontconfig (2.15.0-1.1ubuntu2) ...
va_exp_nonconviction-set	Provision the browser	2026-09-12T06:07:02.7804247Z 
va_exp_nonconviction-set	Provision the browser	2026-09-12T06:07:02.7804964Z Running kernel seems to be up-to-date.
va_exp_nonconviction-set	Provision the browser	2026-09-12T06:07:02.7805332Z 
va_exp_nonconviction-set	Provision the browser	2026-09-12T06:07:02.7805499Z No services need to be restarted.
va_exp_nonconviction-set	Provision the browser	2026-09-12T06:07:02.7805688Z 
va_exp_nonconviction-set	Provision the browser	2026-09-12T06:07:02.7805872Z No containers need to be restarted.
va_exp_nonconviction-set	Provision the browser	2026-09-12T06:07:02.7806065Z 
va_exp_nonconviction-set	Provision the browser	2026-09-12T06:07:02.7806247Z No user sessions are running outdated binaries.
va_exp_nonconviction-set	Provision the browser	2026-09-12T06:07:02.7806467Z 
va_exp_nonconviction-set	Provision the browser	2026-09-12T06:07:02.7806763Z No VM guests are running outdated hypervisor (qemu) binaries on this host.
va_exp_nonconviction-set	Provision the browser	2026-09-12T06:07:03.7735648Z Downloading Chrome for Testing 148.0.7778.96 (playwright chromium v1223) from https://cdn.playwright.dev/builds/cft/148.0.7778.96/linux64/chrome-linux64.zip
va_exp_nonconviction-set	Provision the browser	2026-09-12T06:07:04.7945001Z |                                                                                |   0% of 175.4 MiB
va_exp_nonconviction-set	Provision the browser	2026-09-12T06:07:04.9847282Z |■■■■■■■■                                                                        |  10% of 175.4 MiB
va_exp_nonconviction-set	Provision the browser	2026-09-12T06:07:05.0654788Z |■■■■■■■■■■■■■■■■                                                                |  20% of 175.4 MiB
va_exp_nonconviction-set	Provision the browser	2026-09-12T06:07:05.1396821Z |■■■■■■■■■■■■■■■■■■■■■■■■                                                        |  30% of 175.4 MiB
va_exp_nonconviction-set	Provision the browser	2026-09-12T06:07:05.2356594Z |■■■■■■■■■■■■■■■■■■■■■■■■■■■■■■■■                                                |  40% of 175.4 MiB
va_exp_nonconviction-set	Provision the browser	2026-09-12T06:07:05.3171157Z |■■■■■■■■■■■■■■■■■■■■■■■■■■■■■■■■■■■■■■■■                                        |  50% of 175.4 MiB
va_exp_nonconviction-set	Provision the browser	2026-09-12T06:07:05.4146309Z |■■■■■■■■■■■■■■■■■■■■■■■■■■■■■■■■■■■■■■■■■■■■■■■■                                |  60% of 175.4 MiB
va_exp_nonconviction-set	Provision the browser	2026-09-12T06:07:05.5106536Z |■■■■■■■■■■■■■■■■■■■■■■■■■■■■■■■■■■■■■■■■■■■■■■■■■■■■■■■■                        |  70% of 175.4 MiB
va_exp_nonconviction-set	Provision the browser	2026-09-12T06:07:05.6095006Z |■■■■■■■■■■■■■■■■■■■■■■■■■■■■■■■■■■■■■■■■■■■■■■■■■■■■■■■■■■■■■■■■                |  80% of 175.4 MiB
va_exp_nonconviction-set	Provision the browser	2026-09-12T06:07:05.6893793Z |■■■■■■■■■■■■■■■■■■■■■■■■■■■■■■■■■■■■■■■■■■■■■■■■■■■■■■■■■■■■■■■■■■■■■■■■        |  90% of 175.4 MiB
va_exp_nonconviction-set	Provision the browser	2026-09-12T06:07:05.7777437Z |■■■■■■■■■■■■■■■■■■■■■■■■■■■■■■■■■■■■■■■■■■■■■■■■■■■■■■■■■■■■■■■■■■■■■■■■■■■■■■■■| 100% of 175.4 MiB
va_exp_nonconviction-set	Provision the browser	2026-09-12T06:07:08.3699612Z Chrome for Testing 148.0.7778.96 (playwright chromium v1223) downloaded to /home/runner/.cache/ms-playwright/chromium-1223
va_exp_nonconviction-set	Provision the browser	2026-09-12T06:07:08.3703372Z Downloading FFmpeg (playwright ffmpeg v1011) from https://cdn.playwright.dev/dbazure/download/playwright/builds/ffmpeg/1011/ffmpeg-linux.zip
va_exp_nonconviction-set	Provision the browser	2026-09-12T06:07:09.4685092Z |                                                                                |   0% of 2.3 MiB
va_exp_nonconviction-set	Provision the browser	2026-09-12T06:07:09.6235665Z |■■■■■■■■                                                                        |  10% of 2.3 MiB
va_exp_nonconviction-set	Provision the browser	2026-09-12T06:07:09.6812753Z |■■■■■■■■■■■■■■■■                                                                |  20% of 2.3 MiB
va_exp_nonconviction-set	Provision the browser	2026-09-12T06:07:09.7323127Z |■■■■■■■■■■■■■■■■■■■■■■■■                                                        |  30% of 2.3 MiB
va_exp_nonconviction-set	Provision the browser	2026-09-12T06:07:09.7784145Z |■■■■■■■■■■■■■■■■■■■■■■■■■■■■■■■■                                                |  40% of 2.3 MiB
va_exp_nonconviction-set	Provision the browser	2026-09-12T06:07:09.7888306Z |■■■■■■■■■■■■■■■■■■■■■■■■■■■■■■■■■■■■■■■■                                        |  50% of 2.3 MiB
va_exp_nonconviction-set	Provision the browser	2026-09-12T06:07:09.8321534Z |■■■■■■■■■■■■■■■■■■■■■■■■■■■■■■■■■■■■■■■■■■■■■■■■                                |  60% of 2.3 MiB
va_exp_nonconviction-set	Provision the browser	2026-09-12T06:07:09.8379468Z |■■■■■■■■■■■■■■■■■■■■■■■■■■■■■■■■■■■■■■■■■■■■■■■■■■■■■■■■                        |  70% of 2.3 MiB
va_exp_nonconviction-set	Provision the browser	2026-09-12T06:07:09.8446118Z |■■■■■■■■■■■■■■■■■■■■■■■■■■■■■■■■■■■■■■■■■■■■■■■■■■■■■■■■■■■■■■■■                |  80% of 2.3 MiB
va_exp_nonconviction-set	Provision the browser	2026-09-12T06:07:09.8831278Z |■■■■■■■■■■■■■■■■■■■■■■■■■■■■■■■■■■■■■■■■■■■■■■■■■■■■■■■■■■■■■■■■■■■■■■■■        |  90% of 2.3 MiB
va_exp_nonconviction-set	Provision the browser	2026-09-12T06:07:09.8879376Z |■■■■■■■■■■■■■■■■■■■■■■■■■■■■■■■■■■■■■■■■■■■■■■■■■■■■■■■■■■■■■■■■■■■■■■■■■■■■■■■■| 100% of 2.3 MiB
va_exp_nonconviction-set	Provision the browser	2026-09-12T06:07:09.9439778Z FFmpeg (playwright ffmpeg v1011) downloaded to /home/runner/.cache/ms-playwright/ffmpeg-1011
va_exp_nonconviction-set	Provision the browser	2026-09-12T06:07:09.9443052Z Downloading Chrome Headless Shell 148.0.7778.96 (playwright chromium-headless-shell v1223) from https://cdn.playwright.dev/builds/cft/148.0.7778.96/linux64/chrome-headless-shell-linux64.zip
va_exp_nonconviction-set	Provision the browser	2026-09-12T06:07:10.9400007Z |                                                                                |   0% of 113.2 MiB
va_exp_nonconviction-set	Provision the browser	2026-09-12T06:07:11.0538715Z |■■■■■■■■                                                                        |  10% of 113.2 MiB
va_exp_nonconviction-set	Provision the browser	2026-09-12T06:07:11.1124445Z |■■■■■■■■■■■■■■■■                                                                |  20% of 113.2 MiB
va_exp_nonconviction-set	Provision the browser	2026-09-12T06:07:11.1976016Z |■■■■■■■■■■■■■■■■■■■■■■■■                                                        |  30% of 113.2 MiB
va_exp_nonconviction-set	Provision the browser	2026-09-12T06:07:11.2581656Z |■■■■■■■■■■■■■■■■■■■■■■■■■■■■■■■■                                                |  40% of 113.2 MiB
va_exp_nonconviction-set	Provision the browser	2026-09-12T06:07:11.3173678Z |■■■■■■■■■■■■■■■■■■■■■■■■■■■■■■■■■■■■■■■■                                        |  50% of 113.2 MiB
va_exp_nonconviction-set	Provision the browser	2026-09-12T06:07:11.3697798Z |■■■■■■■■■■■■■■■■■■■■■■■■■■■■■■■■■■■■■■■■■■■■■■■■                                |  60% of 113.2 MiB
va_exp_nonconviction-set	Provision the browser	2026-09-12T06:07:11.4318835Z |■■■■■■■■■■■■■■■■■■■■■■■■■■■■■■■■■■■■■■■■■■■■■■■■■■■■■■■■                        |  70% of 113.2 MiB
va_exp_nonconviction-set	Provision the browser	2026-09-12T06:07:11.4916921Z |■■■■■■■■■■■■■■■■■■■■■■■■■■■■■■■■■■■■■■■■■■■■■■■■■■■■■■■■■■■■■■■■                |  80% of 113.2 MiB
va_exp_nonconviction-set	Provision the browser	2026-09-12T06:07:11.5743439Z |■■■■■■■■■■■■■■■■■■■■■■■■■■■■■■■■■■■■■■■■■■■■■■■■■■■■■■■■■■■■■■■■■■■■■■■■        |  90% of 113.2 MiB
va_exp_nonconviction-set	Provision the browser	2026-09-12T06:07:11.6320102Z |■■■■■■■■■■■■■■■■■■■■■■■■■■■■■■■■■■■■■■■■■■■■■■■■■■■■■■■■■■■■■■■■■■■■■■■■■■■■■■■■| 100% of 113.2 MiB
va_exp_nonconviction-set	Provision the browser	2026-09-12T06:07:13.4447922Z Chrome Headless Shell 148.0.7778.96 (playwright chromium-headless-shell v1223) downloaded to /home/runner/.cache/ms-playwright/chromium_headless_shell-1223
va_exp_nonconviction-set	Render and measure va_exp_nonconviction-set	﻿2026-09-12T06:07:13.4709858Z ##[group]Run node scripts/rcap-raster-batch.mjs \
va_exp_nonconviction-set	Render and measure va_exp_nonconviction-set	2026-09-12T06:07:13.4710271Z ^[[36;1mnode scripts/rcap-raster-batch.mjs \^[[0m
va_exp_nonconviction-set	Render and measure va_exp_nonconviction-set	2026-09-12T06:07:13.4710600Z ^[[36;1m  --manifest "$MANIFEST_PATH" \^[[0m
va_exp_nonconviction-set	Render and measure va_exp_nonconviction-set	2026-09-12T06:07:13.4710894Z ^[[36;1m  --family "$FAMILY" \^[[0m
va_exp_nonconviction-set	Render and measure va_exp_nonconviction-set	2026-09-12T06:07:13.4711205Z ^[[36;1m  --commit "$COMMIT_SHA" \^[[0m
va_exp_nonconviction-set	Render and measure va_exp_nonconviction-set	2026-09-12T06:07:13.4711475Z ^[[36;1m  --scale "$REQUESTED_SCALE" \^[[0m
va_exp_nonconviction-set	Render and measure va_exp_nonconviction-set	2026-09-12T06:07:13.4711751Z ^[[36;1m  --run-id "$WORKFLOW_RUN_ID" \^[[0m
va_exp_nonconviction-set	Render and measure va_exp_nonconviction-set	2026-09-12T06:07:13.4712018Z ^[[36;1m  --out raster-out^[[0m
va_exp_nonconviction-set	Render and measure va_exp_nonconviction-set	2026-09-12T06:07:13.4752120Z shell: /usr/bin/bash -e {0}
va_exp_nonconviction-set	Render and measure va_exp_nonconviction-set	2026-09-12T06:07:13.4752393Z env:
va_exp_nonconviction-set	Render and measure va_exp_nonconviction-set	2026-09-12T06:07:13.4752671Z   pythonLocation: /opt/hostedtoolcache/Python/3.12.14/x64
va_exp_nonconviction-set	Render and measure va_exp_nonconviction-set	2026-09-12T06:07:13.4753114Z   PKG_CONFIG_PATH: /opt/hostedtoolcache/Python/3.12.14/x64/lib/pkgconfig
va_exp_nonconviction-set	Render and measure va_exp_nonconviction-set	2026-09-12T06:07:13.4753544Z   Python_ROOT_DIR: /opt/hostedtoolcache/Python/3.12.14/x64
va_exp_nonconviction-set	Render and measure va_exp_nonconviction-set	2026-09-12T06:07:13.4753929Z   Python2_ROOT_DIR: /opt/hostedtoolcache/Python/3.12.14/x64
va_exp_nonconviction-set	Render and measure va_exp_nonconviction-set	2026-09-12T06:07:13.4754308Z   Python3_ROOT_DIR: /opt/hostedtoolcache/Python/3.12.14/x64
va_exp_nonconviction-set	Render and measure va_exp_nonconviction-set	2026-09-12T06:07:13.4754733Z   LD_LIBRARY_PATH: /opt/hostedtoolcache/Python/3.12.14/x64/lib
va_exp_nonconviction-set	Render and measure va_exp_nonconviction-set	2026-09-12T06:07:13.4755134Z   PLAYWRIGHT_BROWSERS_PATH: /home/runner/.cache/ms-playwright
va_exp_nonconviction-set	Render and measure va_exp_nonconviction-set	2026-09-12T06:07:13.4755894Z   MANIFEST_PATH: data/rcap-grade-a/packet-factory-24h/warp-20260912/built-three-semantic-review/va_exp_nonconviction-set/semantic-repair/raster-manifest.json
va_exp_nonconviction-set	Render and measure va_exp_nonconviction-set	2026-09-12T06:07:13.4756575Z   FAMILY: va_exp_nonconviction-set
va_exp_nonconviction-set	Render and measure va_exp_nonconviction-set	2026-09-12T06:07:13.4756878Z   COMMIT_SHA: 331f5878b0c69ba448f4dfbe37eaed6369a0a133
va_exp_nonconviction-set	Render and measure va_exp_nonconviction-set	2026-09-12T06:07:13.4757371Z   REQUESTED_SCALE: 2.5
va_exp_nonconviction-set	Render and measure va_exp_nonconviction-set	2026-09-12T06:07:13.4757594Z   WORKFLOW_RUN_ID: 34677056396
va_exp_nonconviction-set	Render and measure va_exp_nonconviction-set	2026-09-12T06:07:13.4757837Z ##[endgroup]
va_exp_nonconviction-set	Render and measure va_exp_nonconviction-set	2026-09-12T06:10:36.0833841Z RCAP_RECEIPT_BEGIN family=va_exp_nonconviction-set run=34677056396 commit=331f5878b0c69ba448f4dfbe37eaed6369a0a133
va_exp_nonconviction-set	Render and measure va_exp_nonconviction-set	2026-09-12T06:10:36.0996923Z RCAP_RECEIPT_VERDICT {"schemaVersion":"rcap-raster-family-verdict/v1","familyId":"va_exp_nonconviction-set","verdict":"RASTER_PASS","packetCommitSha":"331f5878b0c69ba448f4dfbe37eaed6369a0a133","workflowRunId":"34677056396","requestedScale":2.5,"cssPxPerPt":1.3333333333333333,"browserExecutable":"/home/runner/.cache/ms-playwright/chromium-1223/chrome-linux64/chrome","resolvedBy":"PLAYWRIGHT_BROWSERS_PATH","operatingSystem":"Linux 6.17.0-1022-azure x64","nodeVersion":"v22.23.2","hashesBound":{"canonical":{"path":"data/rcap-all50/overlays/census-v1/va/va-exp-nonconviction-set--official-pdf-fill/fixtures/canonical.pdf","pinned":"f593a8dec288bc29cbe8ad67d236c2beb986538fc6b12faa97bfaa7178dcb9e6"},"boundary":{"path":"data/rcap-all50/overlays/census-v1/va/va-exp-nonconviction-set--official-pdf-fill/fixtures/boundary.pdf","pinned":"9348f1069237ddba5adaf20a6a5b272c55196e3b1365f52ef74c792101c137e1"}},"documentsRendered":[{"role":"canonical","document":"canonical.pdf","path":"data/rcap-all50/overlays/census-v1/va/va-exp-nonconviction-set--official-pdf-fill/fixtures/canonical.pdf","pinned":"f593a8dec288bc29cbe8ad67d236c2beb986538fc6b12faa97bfaa7178dcb9e6"},{"role":"boundary","document":"boundary.pdf","path":"data/rcap-all50/overlays/census-v1/va/va-exp-nonconviction-set--official-pdf-fill/fixtures/boundary.pdf","pinned":"9348f1069237ddba5adaf20a6a5b272c55196e3b1365f52ef74c792101c137e1"}],"documentsDigest":"3965d6500805237e0c785a5bb828de7a28a6e1c9ec2915d87417001387b353d3","coversTheWholeFamily":true,"decryptionTransforms":[],"decryptionRule":"An encrypted source is hashed before any transform; Poppler and qpdf must independently agree on its page count; the temporary derivative is decrypted and serialized with explicit objects, then admitted only when geometry, decoded page content, fields/widgets, and XFA remain identical; only that temporary transport is passed to pdf-lib for calibrated rendering; the queued packet bytes are never modified.","pagesMeasured":18,"measurements":[{"kind":"canonical","document":"canonical.pdf","page":1,"png":"va_exp_nonconviction-set/canonical/page-001.png","bytes":461906,"pngSha256":"d823903759282c8cbb2f4d805b7fad9828266fc4d518212ae9f129b4b036796c","pngWidth":2040,"pngHeight":2640,"paper":{"x0":204,"y0":3,"x1":2243,"y1":2642,"width":2040,"height":2640},"pxPerPt":3.3333333333333335,"expectedPxPerPt":3.333333333333333,"pageWidthPt":612,"pageHeightPt":792,"expectedPx":{"width":2039.9999999999998,"height":2639.9999999999995,"tolerancePx":6.666666666666666},"calibrationResidualPx":0,"inkFractionInsidePaper":0.04924818033273916,"nonblank":true,"croppedToThePage":true},{"kind":"canonical","document":"canonical.pdf","page":2,"png":"va_exp_nonconviction-set/canonical/page-002.png","bytes":158872,"pngSha256":"a7232108c13e747557ef98272b05cf895f2aa648cf664068eb68b76eb3fe2aec","pngWidth":2040,"pngHeight":2640,"paper":{"x0":204,"y0":3,"x1":2243,"y1":2642,"width":2040,"height":2640},"pxPerPt":3.3333333333333335,"expectedPxPerPt":3.333333333333333,"pageWidthPt":612,"pageHeightPt":792,"expectedPx":{"width":2039.9999999999998,"height":2639.9999999999995,"tolerancePx":6.666666666666666},"calibrationResidualPx":0,"inkFractionInsidePaper":0.01252618092691622,"nonblank":true,"croppedToThePage":true},{"kind":"canonical","document":"canonical.pdf","page":3,"png":"va_exp_nonconviction-set/canonical/page-003.png","bytes":402026,"pngSha256":"2bd3ed8f2575faf092452cfcccedc428011405e183926b06727eaa573de1bde1","pngWidth":2040,"pngHeight":2640,"paper":{"x0":204,"y0":3,"x1":2243,"y1":2642,"width":2040,"height":2640},"pxPerPt":3.3333333333333335,"expectedPxPerPt":3.333333333333333,"pageWidthPt":612,"pageHeightPt":792,"expectedPx":{"width":2039.9999999999998,"height":2639.9999999999995,"tolerancePx":6.666666666666666},"calibrationResidualPx":0,"inkFractionInsidePaper":0.05000241384432561,"nonblank":true,"croppedToThePage":true},{"kind":"canonical","document":"canonical.pdf","page":4,"png":"va_exp_nonconviction-set/canonical/page-004.png","bytes":268283,"pngSha256":"947266840d3c6316077420bc61a049aa9bb383778760a42fa5048c2a85afd8a1","pngWidth":2040,"pngHeight":2640,"paper":{"x0":204,"y0":3,"x1":2243,"y1":2642,"width":2040,"height":2640},"pxPerPt":3.3333333333333335,"expectedPxPerPt":3.333333333333333,"pageWidthPt":612,"pageHeightPt":792,"expectedPx":{"width":2039.9999999999998,"height":2639.9999999999995,"tolerancePx":6.666666666666666},"calibrationResidualPx":0,"inkFractionInsidePaper":0.030716540404040402,"nonblank":true,"croppedToThePage":true},{"kind":"canonical","document":"canonical.pdf","page":5,"png":"va_exp_nonconviction-set/canonical/page-005.png","bytes":495450,"pngSha256":"df3c81c07e6cfc72434e2341f8e46e0a43a65532311636daea1713368772d1d1","pngWidth":2040,"pngHeight":2640,"paper":{"x0":204,"y0":3,"x1":2243,"y1":2642,"width":2040,"height":2640},"pxPerPt":3.3333333333333335,"expectedPxPerPt":3.333333333333333,"pageWidthPt":612,"pageHeightPt":792,"expectedPx":{"width":2039.9999999999998,"height":2639.9999999999995,"tolerancePx":6.666666666666666},"calibrationResidualPx":0,"inkFractionInsidePaper":0.06450701871657755,"nonblank":true,"croppedToThePage":true},{"kind":"canonical","document":"canonical.pdf","page":6,"png":"va_exp_nonconviction-set/canonical/page-006.png","bytes":168679,"pngSha256":"51c2b36de4e62ed7d42184b4dadcd04c00ab0b0ff173612f2122de6344adc29d","pngWidth":2040,"pngHeight":2640,"paper":{"x0":204,"y0":3,"x1":2243,"y1":2642,"width":2040,"height":2640},"pxPerPt":3.3333333333333335,"expectedPxPerPt":3.333333333333333,"pageWidthPt":612,"pageHeightPt":792,"expectedPx":{"width":2039.9999999999998,"height":2639.9999999999995,"tolerancePx":6.666666666666666},"calibrationResidualPx":0,"inkFractionInsidePaper":0.01920788770053476,"nonblank":true,"croppedToThePage":true},{"kind":"canonical","document":"canonical.pdf","page":7,"png":"va_exp_nonconviction-set/canonical/page-007.png","bytes":461696,"pngSha256":"46ef50eeeaf1e840a05fde007168fa99477a662c126b76d8cf69bbf1af43be79","pngWidth":2040,"pngHeight":2640,"paper":{"x0":204,"y0":3,"x1":2243,"y1":2642,"width":2040,"height":2640},"pxPerPt":3.3333333333333335,"expectedPxPerPt":3.333333333333333,"pageWidthPt":612,"pageHeightPt":792,"expectedPx":{"width":2039.9999999999998,"height":2639.9999999999995,"tolerancePx":6.666666666666666},"calibrationResidualPx":0,"inkFractionInsidePaper":0.05466299019607843,"nonblank":true,"croppedToThePage":true},{"kind":"canonical","document":"canonical.pdf","page":8,"png":"va_exp_nonconviction-set/canonical/page-008.png","bytes":460657,"pngSha256":"e141764ce5af22c6bb8f4cff896597a634589058feb0c957144e2a5e88e85d70","pngWidth":2040,"pngHeight":2640,"paper":{"x0":204,"y0":3,"x1":2243,"y1":2642,"width":2040,"height":2640},"pxPerPt":3.3333333333333335,"expectedPxPerPt":3.333333333333333,"pageWidthPt":612,"pageHeightPt":792,"expectedPx":{"width":2039.9999999999998,"height":2639.9999999999995,"tolerancePx":6.666666666666666},"calibrationResidualPx":0,"inkFractionInsidePaper":0.06378676470588235,"nonblank":true,"croppedToThePage":true},{"kind":"canonical","document":"canonical.pdf","page":9,"png":"va_exp_nonconviction-set/canonical/page-009.png","bytes":181379,"pngSha256":"3c215f066d99e932aec76558e4bb3aa765e83ae4b6190422840c22dd61169b85","pngWidth":2040,"pngHeight":2640,"paper":{"x0":204,"y0":3,"x1":2243,"y1":2642,"width":2040,"height":2640},"pxPerPt":3.3333333333333335,"expectedPxPerPt":3.333333333333333,"pageWidthPt":612,"pageHeightPt":792,"expectedPx":{"width":2039.9999999999998,"height":2639.9999999999995,"tolerancePx":6.666666666666666},"calibrationResidualPx":0,"inkFractionInsidePaper":0.02150531045751634,"nonblank":true,"croppedToThePage":true},{"kind":"boundary","document":"boundary.pdf","page":1,"png":"va_exp_nonconviction-set/boundary/page-001.png","bytes":485396,"pngSha256":"68efe4faff3f97f335a55d97b6d652199192c5a117a17ebff62f5076bdb0fc20","pngWidth":2040,"pngHeight":2640,"paper":{"x0":204,"y0":3,"x1":2243,"y1":2642,"width":2040,"height":2640},"pxPerPt":3.3333333333333335,"expectedPxPerPt":3.333333333333333,"pageWidthPt":612,"pageHeightPt":792,"expectedPx":{"width":2039.9999999999998,"height":2639.9999999999995,"tolerancePx":6.666666666666666},"calibrationResidualPx":0,"inkFractionInsidePaper":0.05303977272727273,"nonblank":true,"croppedToThePage":true},{"kind":"boundary","document":"boundary.pdf","page":2,"png":"va_exp_nonconviction-set/boundary/page-002.png","bytes":158872,"pngSha256":"a7232108c13e747557ef98272b05cf895f2aa648cf664068eb68b76eb3fe2aec","pngWidth":2040,"pngHeight":2640,"paper":{"x0":204,"y0":3,"x1":2243,"y1":2642,"width":2040,"height":2640},"pxPerPt":3.3333333333333335,"expectedPxPerPt":3.333333333333333,"pageWidthPt":612,"pageHeightPt":792,"expectedPx":{"width":2039.9999999999998,"height":2639.9999999999995,"tolerancePx":6.666666666666666},"calibrationResidualPx":0,"inkFractionInsidePaper":0.01252618092691622,"nonblank":true,"croppedToThePage":true},{"kind":"boundary","document":"boundary.pdf","page":3,"png":"va_exp_nonconviction-set/boundary/page-003.png","bytes":410504,"pngSha256":"6fd704f901a4aa92065601918ffa386d434f3711105fbc2673b31a0634534472","pngWidth":2040,"pngHeight":2640,"paper":{"x0":204,"y0":3,"x1":2243,"y1":2642,"width":2040,"height":2640},"pxPerPt":3.3333333333333335,"expectedPxPerPt":3.333333333333333,"pageWidthPt":612,"pageHeightPt":792,"expectedPx":{"width":2039.9999999999998,"height":2639.9999999999995,"tolerancePx":6.666666666666666},"calibrationResidualPx":0,"inkFractionInsidePaper":0.051231060606060606,"nonblank":true,"croppedToThePage":true},{"kind":"boundary","document":"boundary.pdf","page":4,"png":"va_exp_nonconviction-set/boundary/page-004.png","bytes":278207,"pngSha256":"6aa2261b2d2b0514e9450e0ae38194be1472c897bc0ca32c8265910c40ed8943","pngWidth":2040,"pngHeight":2640,"paper":{"x0":204,"y0":3,"x1":2243,"y1":2642,"width":2040,"height":2640},"pxPerPt":3.3333333333333335,"expectedPxPerPt":3.333333333333333,"pageWidthPt":612,"pageHeightPt":792,"expectedPx":{"width":2039.9999999999998,"height":2639.9999999999995,"tolerancePx":6.666666666666666},"calibrationResidualPx":0,"inkFractionInsidePaper":0.03187054367201426,"nonblank":true,"croppedToThePage":true},{"kind":"boundary","document":"boundary.pdf","page":5,"png":"va_exp_nonconviction-set/boundary/page-005.png","bytes":500946,"pngSha256":"58115580261fb440014e80b965cbaf548574a92672afaa86ac0a32bda151c972","pngWidth":2040,"pngHeight":2640,"paper":{"x0":204,"y0":3,"x1":2243,"y1":2642,"width":2040,"height":2640},"pxPerPt":3.3333333333333335,"expectedPxPerPt":3.333333333333333,"pageWidthPt":612,"pageHeightPt":792,"expectedPx":{"width":2039.9999999999998,"height":2639.9999999999995,"tolerancePx":6.666666666666666},"calibrationResidualPx":0,"inkFractionInsidePaper":0.06507891414141415,"nonblank":true,"croppedToThePage":true},{"kind":"boundary","document":"boundary.pdf","page":6,"png":"va_exp_nonconviction-set/boundary/page-006.png","bytes":168679,"pngSha256":"51c2b36de4e62ed7d42184b4dadcd04c00ab0b0ff173612f2122de6344adc29d","pngWidth":2040,"pngHeight":2640,"paper":{"x0":204,"y0":3,"x1":2243,"y1":2642,"width":2040,"height":2640},"pxPerPt":3.3333333333333335,"expectedPxPerPt":3.333333333333333,"pageWidthPt":612,"pageHeightPt":792,"expectedPx":{"width":2039.9999999999998,"height":2639.9999999999995,"tolerancePx":6.666666666666666},"calibrationResidualPx":0,"inkFractionInsidePaper":0.01920788770053476,"nonblank":true,"croppedToThePage":true},{"kind":"boundary","document":"boundary.pdf","page":7,"png":"va_exp_nonconviction-set/boundary/page-007.png","bytes":466777,"pngSha256":"2be17a96a84e5cc189a8650545b6003d9aac9c31b989eef339001d56971da989","pngWidth":2040,"pngHeight":2640,"paper":{"x0":204,"y0":3,"x1":2243,"y1":2642,"width":2040,"height":2640},"pxPerPt":3.3333333333333335,"expectedPxPerPt":3.333333333333333,"pageWidthPt":612,"pageHeightPt":792,"expectedPx":{"width":2039.9999999999998,"height":2639.9999999999995,"tolerancePx":6.666666666666666},"calibrationResidualPx":0,"inkFractionInsidePaper":0.05523488562091503,"nonblank":true,"croppedToThePage":true},{"kind":"boundary","document":"boundary.pdf","page":8,"png":"va_exp_nonconviction-set/boundary/page-008.png","bytes":460657,"pngSha256":"e141764ce5af22c6bb8f4cff896597a634589058feb0c957144e2a5e88e85d70","pngWidth":2040,"pngHeight":2640,"paper":{"x0":204,"y0":3,"x1":2243,"y1":2642,"width":2040,"height":2640},"pxPerPt":3.3333333333333335,"expectedPxPerPt":3.333333333333333,"pageWidthPt":612,"pageHeightPt":792,"expectedPx":{"width":2039.9999999999998,"height":2639.9999999999995,"tolerancePx":6.666666666666666},"calibrationResidualPx":0,"inkFractionInsidePaper":0.06378676470588235,"nonblank":true,"croppedToThePage":true},{"kind":"boundary","document":"boundary.pdf","page":9,"png":"va_exp_nonconviction-set/boundary/page-009.png","bytes":181379,"pngSha256":"3c215f066d99e932aec76558e4bb3aa765e83ae4b6190422840c22dd61169b85","pngWidth":2040,"pngHeight":2640,"paper":{"x0":204,"y0":3,"x1":2243,"y1":2642,"width":2040,"height":2640},"pxPerPt":3.3333333333333335,"expectedPxPerPt":3.333333333333333,"pageWidthPt":612,"pageHeightPt":792,"expectedPx":{"width":2039.9999999999998,"height":2639.9999999999995,"tolerancePx":6.666666666666666},"calibrationResidualPx":0,"inkFractionInsidePaper":0.02150531045751634,"nonblank":true,"croppedToThePage":true}],"problems":[],"environmentProblems":[],"whatThisDoesNotDecide":"This is one gate. RASTER_PASS does not make a family PASS_COMPLETE, promotes nothing, and opens no commercial route.","packetPdfsModified":0,"bodiesCommitted":0,"commercialRoutesOpened":0,"productionTouched":false}
va_exp_nonconviction-set	Render and measure va_exp_nonconviction-set	2026-09-12T06:10:36.1056737Z RCAP_RECEIPT_INVENTORY [{"runId":"34677056396","familyId":"va_exp_nonconviction-set","member":"va_exp_nonconviction-set/canonical/page-001.png","bytes":461906,"sha256":"d823903759282c8cbb2f4d805b7fad9828266fc4d518212ae9f129b4b036796c","pngWidth":2040,"pngHeight":2640},{"runId":"34677056396","familyId":"va_exp_nonconviction-set","member":"va_exp_nonconviction-set/canonical/page-002.png","bytes":158872,"sha256":"a7232108c13e747557ef98272b05cf895f2aa648cf664068eb68b76eb3fe2aec","pngWidth":2040,"pngHeight":2640},{"runId":"34677056396","familyId":"va_exp_nonconviction-set","member":"va_exp_nonconviction-set/canonical/page-003.png","bytes":402026,"sha256":"2bd3ed8f2575faf092452cfcccedc428011405e183926b06727eaa573de1bde1","pngWidth":2040,"pngHeight":2640},{"runId":"34677056396","familyId":"va_exp_nonconviction-set","member":"va_exp_nonconviction-set/canonical/page-004.png","bytes":268283,"sha256":"947266840d3c6316077420bc61a049aa9bb383778760a42fa5048c2a85afd8a1","pngWidth":2040,"pngHeight":2640},{"runId":"34677056396","familyId":"va_exp_nonconviction-set","member":"va_exp_nonconviction-set/canonical/page-005.png","bytes":495450,"sha256":"df3c81c07e6cfc72434e2341f8e46e0a43a65532311636daea1713368772d1d1","pngWidth":2040,"pngHeight":2640},{"runId":"34677056396","familyId":"va_exp_nonconviction-set","member":"va_exp_nonconviction-set/canonical/page-006.png","bytes":168679,"sha256":"51c2b36de4e62ed7d42184b4dadcd04c00ab0b0ff173612f2122de6344adc29d","pngWidth":2040,"pngHeight":2640},{"runId":"34677056396","familyId":"va_exp_nonconviction-set","member":"va_exp_nonconviction-set/canonical/page-007.png","bytes":461696,"sha256":"46ef50eeeaf1e840a05fde007168fa99477a662c126b76d8cf69bbf1af43be79","pngWidth":2040,"pngHeight":2640},{"runId":"34677056396","familyId":"va_exp_nonconviction-set","member":"va_exp_nonconviction-set/canonical/page-008.png","bytes":460657,"sha256":"e141764ce5af22c6bb8f4cff896597a634589058feb0c957144e2a5e88e85d70","pngWidth":2040,"pngHeight":2640},{"runId":"34677056396","familyId":"va_exp_nonconviction-set","member":"va_exp_nonconviction-set/canonical/page-009.png","bytes":181379,"sha256":"3c215f066d99e932aec76558e4bb3aa765e83ae4b6190422840c22dd61169b85","pngWidth":2040,"pngHeight":2640},{"runId":"34677056396","familyId":"va_exp_nonconviction-set","member":"va_exp_nonconviction-set/boundary/page-001.png","bytes":485396,"sha256":"68efe4faff3f97f335a55d97b6d652199192c5a117a17ebff62f5076bdb0fc20","pngWidth":2040,"pngHeight":2640},{"runId":"34677056396","familyId":"va_exp_nonconviction-set","member":"va_exp_nonconviction-set/boundary/page-002.png","bytes":158872,"sha256":"a7232108c13e747557ef98272b05cf895f2aa648cf664068eb68b76eb3fe2aec","pngWidth":2040,"pngHeight":2640},{"runId":"34677056396","familyId":"va_exp_nonconviction-set","member":"va_exp_nonconviction-set/boundary/page-003.png","bytes":410504,"sha256":"6fd704f901a4aa92065601918ffa386d434f3711105fbc2673b31a0634534472","pngWidth":2040,"pngHeight":2640},{"runId":"34677056396","familyId":"va_exp_nonconviction-set","member":"va_exp_nonconviction-set/boundary/page-004.png","bytes":278207,"sha256":"6aa2261b2d2b0514e9450e0ae38194be1472c897bc0ca32c8265910c40ed8943","pngWidth":2040,"pngHeight":2640},{"runId":"34677056396","familyId":"va_exp_nonconviction-set","member":"va_exp_nonconviction-set/boundary/page-005.png","bytes":500946,"sha256":"58115580261fb440014e80b965cbaf548574a92672afaa86ac0a32bda151c972","pngWidth":2040,"pngHeight":2640},{"runId":"34677056396","familyId":"va_exp_nonconviction-set","member":"va_exp_nonconviction-set/boundary/page-006.png","bytes":168679,"sha256":"51c2b36de4e62ed7d42184b4dadcd04c00ab0b0ff173612f2122de6344adc29d","pngWidth":2040,"pngHeight":2640},{"runId":"34677056396","familyId":"va_exp_nonconviction-set","member":"va_exp_nonconviction-set/boundary/page-007.png","bytes":466777,"sha256":"2be17a96a84e5cc189a8650545b6003d9aac9c31b989eef339001d56971da989","pngWidth":2040,"pngHeight":2640},{"runId":"34677056396","familyId":"va_exp_nonconviction-set","member":"va_exp_nonconviction-set/boundary/page-008.png","bytes":460657,"sha256":"e141764ce5af22c6bb8f4cff896597a634589058feb0c957144e2a5e88e85d70","pngWidth":2040,"pngHeight":2640},{"runId":"34677056396","familyId":"va_exp_nonconviction-set","member":"va_exp_nonconviction-set/boundary/page-009.png","bytes":181379,"sha256":"3c215f066d99e932aec76558e4bb3aa765e83ae4b6190422840c22dd61169b85","pngWidth":2040,"pngHeight":2640}]
va_exp_nonconviction-set	Render and measure va_exp_nonconviction-set	2026-09-12T06:10:36.1071113Z RCAP_RECEIPT_END family=va_exp_nonconviction-set run=34677056396 pages=18
va_exp_nonconviction-set	Render and measure va_exp_nonconviction-set	2026-09-12T06:10:36.1072073Z RASTER_PASS va_exp_nonconviction-set — 2 document(s), 18 page(s) measured, 0 problem(s)
va_exp_nonconviction-set	Print the verdict and the page digests to the log	﻿2026-09-12T06:10:36.1175244Z ##[group]Run set -uo pipefail
va_exp_nonconviction-set	Print the verdict and the page digests to the log	2026-09-12T06:10:36.1175571Z ^[[36;1mset -uo pipefail^[[0m
va_exp_nonconviction-set	Print the verdict and the page digests to the log	2026-09-12T06:10:36.1175846Z ^[[36;1mfor v in raster-out/*.verdict.json; do^[[0m
va_exp_nonconviction-set	Print the verdict and the page digests to the log	2026-09-12T06:10:36.1176157Z ^[[36;1m  [ -e "$v" ] || continue^[[0m
va_exp_nonconviction-set	Print the verdict and the page digests to the log	2026-09-12T06:10:36.1176468Z ^[[36;1m  echo "===== BEGIN VERDICT $(basename "$v") ====="^[[0m
va_exp_nonconviction-set	Print the verdict and the page digests to the log	2026-09-12T06:10:36.1176784Z ^[[36;1m  cat "$v"^[[0m
va_exp_nonconviction-set	Print the verdict and the page digests to the log	2026-09-12T06:10:36.1177033Z ^[[36;1m  echo "===== END VERDICT $(basename "$v") ====="^[[0m
va_exp_nonconviction-set	Print the verdict and the page digests to the log	2026-09-12T06:10:36.1177322Z ^[[36;1mdone^[[0m
va_exp_nonconviction-set	Print the verdict and the page digests to the log	2026-09-12T06:10:36.1177554Z ^[[36;1mecho "===== BEGIN PAGE DIGESTS ====="^[[0m
va_exp_nonconviction-set	Print the verdict and the page digests to the log	2026-09-12T06:10:36.1178010Z ^[[36;1mfind raster-out -type f -name '*.png' -print0 | sort -z | xargs -0 -r sha256sum^[[0m
va_exp_nonconviction-set	Print the verdict and the page digests to the log	2026-09-12T06:10:36.1178451Z ^[[36;1mecho "===== END PAGE DIGESTS ====="^[[0m
va_exp_nonconviction-set	Print the verdict and the page digests to the log	2026-09-12T06:10:36.1218221Z shell: /usr/bin/bash -e {0}
va_exp_nonconviction-set	Print the verdict and the page digests to the log	2026-09-12T06:10:36.1218720Z env:
va_exp_nonconviction-set	Print the verdict and the page digests to the log	2026-09-12T06:10:36.1219079Z   pythonLocation: /opt/hostedtoolcache/Python/3.12.14/x64
va_exp_nonconviction-set	Print the verdict and the page digests to the log	2026-09-12T06:10:36.1219518Z   PKG_CONFIG_PATH: /opt/hostedtoolcache/Python/3.12.14/x64/lib/pkgconfig
va_exp_nonconviction-set	Print the verdict and the page digests to the log	2026-09-12T06:10:36.1219997Z   Python_ROOT_DIR: /opt/hostedtoolcache/Python/3.12.14/x64
va_exp_nonconviction-set	Print the verdict and the page digests to the log	2026-09-12T06:10:36.1220371Z   Python2_ROOT_DIR: /opt/hostedtoolcache/Python/3.12.14/x64
va_exp_nonconviction-set	Print the verdict and the page digests to the log	2026-09-12T06:10:36.1220737Z   Python3_ROOT_DIR: /opt/hostedtoolcache/Python/3.12.14/x64
va_exp_nonconviction-set	Print the verdict and the page digests to the log	2026-09-12T06:10:36.1221105Z   LD_LIBRARY_PATH: /opt/hostedtoolcache/Python/3.12.14/x64/lib
va_exp_nonconviction-set	Print the verdict and the page digests to the log	2026-09-12T06:10:36.1221513Z   PLAYWRIGHT_BROWSERS_PATH: /home/runner/.cache/ms-playwright
va_exp_nonconviction-set	Print the verdict and the page digests to the log	2026-09-12T06:10:36.1221842Z ##[endgroup]
va_exp_nonconviction-set	Print the verdict and the page digests to the log	2026-09-12T06:10:36.1297995Z ===== BEGIN VERDICT va_exp_nonconviction-set.verdict.json =====
va_exp_nonconviction-set	Print the verdict and the page digests to the log	2026-09-12T06:10:36.1308127Z {
va_exp_nonconviction-set	Print the verdict and the page digests to the log	2026-09-12T06:10:36.1308860Z   "schemaVersion": "rcap-raster-family-verdict/v1",
va_exp_nonconviction-set	Print the verdict and the page digests to the log	2026-09-12T06:10:36.1309385Z   "familyId": "va_exp_nonconviction-set",
va_exp_nonconviction-set	Print the verdict and the page digests to the log	2026-09-12T06:10:36.1309927Z   "verdict": "RASTER_PASS",
va_exp_nonconviction-set	Print the verdict and the page digests to the log	2026-09-12T06:10:36.1310568Z   "packetCommitSha": "331f5878b0c69ba448f4dfbe37eaed6369a0a133",
va_exp_nonconviction-set	Print the verdict and the page digests to the log	2026-09-12T06:10:36.1311156Z   "workflowRunId": "34677056396",
va_exp_nonconviction-set	Print the verdict and the page digests to the log	2026-09-12T06:10:36.1311567Z   "requestedScale": 2.5,
va_exp_nonconviction-set	Print the verdict and the page digests to the log	2026-09-12T06:10:36.1311973Z   "cssPxPerPt": 1.3333333333333333,
va_exp_nonconviction-set	Print the verdict and the page digests to the log	2026-09-12T06:10:36.1312506Z   "browserExecutable": "/home/runner/.cache/ms-playwright/chromium-1223/chrome-linux64/chrome",
va_exp_nonconviction-set	Print the verdict and the page digests to the log	2026-09-12T06:10:36.1313019Z   "resolvedBy": "PLAYWRIGHT_BROWSERS_PATH",
va_exp_nonconviction-set	Print the verdict and the page digests to the log	2026-09-12T06:10:36.1313379Z   "operatingSystem": "Linux 6.17.0-1022-azure x64",
va_exp_nonconviction-set	Print the verdict and the page digests to the log	2026-09-12T06:10:36.1313704Z   "nodeVersion": "v22.23.2",
va_exp_nonconviction-set	Print the verdict and the page digests to the log	2026-09-12T06:10:36.1313954Z   "hashesBound": {
va_exp_nonconviction-set	Print the verdict and the page digests to the log	2026-09-12T06:10:36.1314171Z     "canonical": {
va_exp_nonconviction-set	Print the verdict and the page digests to the log	2026-09-12T06:10:36.1314752Z       "path": "data/rcap-all50/overlays/census-v1/va/va-exp-nonconviction-set--official-pdf-fill/fixtures/canonical.pdf",
va_exp_nonconviction-set	Print the verdict and the page digests to the log	2026-09-12T06:10:36.1315491Z       "pinned": "f593a8dec288bc29cbe8ad67d236c2beb986538fc6b12faa97bfaa7178dcb9e6"
va_exp_nonconviction-set	Print the verdict and the page digests to the log	2026-09-12T06:10:36.1316070Z     },
va_exp_nonconviction-set	Print the verdict and the page digests to the log	2026-09-12T06:10:36.1316360Z     "boundary": {
va_exp_nonconviction-set	Print the verdict and the page digests to the log	2026-09-12T06:10:36.1317236Z       "path": "data/rcap-all50/overlays/census-v1/va/va-exp-nonconviction-set--official-pdf-fill/fixtures/boundary.pdf",
va_exp_nonconviction-set	Print the verdict and the page digests to the log	2026-09-12T06:10:36.1317965Z       "pinned": "9348f1069237ddba5adaf20a6a5b272c55196e3b1365f52ef74c792101c137e1"
va_exp_nonconviction-set	Print the verdict and the page digests to the log	2026-09-12T06:10:36.1318352Z     }
va_exp_nonconviction-set	Print the verdict and the page digests to the log	2026-09-12T06:10:36.1318755Z   },
va_exp_nonconviction-set	Print the verdict and the page digests to the log	2026-09-12T06:10:36.1319005Z   "documentsRendered": [
va_exp_nonconviction-set	Print the verdict and the page digests to the log	2026-09-12T06:10:36.1319234Z     {
va_exp_nonconviction-set	Print the verdict and the page digests to the log	2026-09-12T06:10:36.1319433Z       "role": "canonical",
va_exp_nonconviction-set	Print the verdict and the page digests to the log	2026-09-12T06:10:36.1319700Z       "document": "canonical.pdf",
va_exp_nonconviction-set	Print the verdict and the page digests to the log	2026-09-12T06:10:36.1320310Z       "path": "data/rcap-all50/overlays/census-v1/va/va-exp-nonconviction-set--official-pdf-fill/fixtures/canonical.pdf",
va_exp_nonconviction-set	Print the verdict and the page digests to the log	2026-09-12T06:10:36.1321037Z       "pinned": "f593a8dec288bc29cbe8ad67d236c2beb986538fc6b12faa97bfaa7178dcb9e6"
va_exp_nonconviction-set	Print the verdict and the page digests to the log	2026-09-12T06:10:36.1321420Z     },
va_exp_nonconviction-set	Print the verdict and the page digests to the log	2026-09-12T06:10:36.1321602Z     {
va_exp_nonconviction-set	Print the verdict and the page digests to the log	2026-09-12T06:10:36.1321794Z       "role": "boundary",
va_exp_nonconviction-set	Print the verdict and the page digests to the log	2026-09-12T06:10:36.1322066Z       "document": "boundary.pdf",
va_exp_nonconviction-set	Print the verdict and the page digests to the log	2026-09-12T06:10:36.1322663Z       "path": "data/rcap-all50/overlays/census-v1/va/va-exp-nonconviction-set--official-pdf-fill/fixtures/boundary.pdf",
va_exp_nonconviction-set	Print the verdict and the page digests to the log	2026-09-12T06:10:36.1323583Z       "pinned": "9348f1069237ddba5adaf20a6a5b272c55196e3b1365f52ef74c792101c137e1"
va_exp_nonconviction-set	Print the verdict and the page digests to the log	2026-09-12T06:10:36.1323965Z     }
va_exp_nonconviction-set	Print the verdict and the page digests to the log	2026-09-12T06:10:36.1324146Z   ],
va_exp_nonconviction-set	Print the verdict and the page digests to the log	2026-09-12T06:10:36.1324541Z   "documentsDigest": "3965d6500805237e0c785a5bb828de7a28a6e1c9ec2915d87417001387b353d3",
va_exp_nonconviction-set	Print the verdict and the page digests to the log	2026-09-12T06:10:36.1325068Z   "coversTheWholeFamily": true,
va_exp_nonconviction-set	Print the verdict and the page digests to the log	2026-09-12T06:10:36.1325497Z   "decryptionTransforms": [],
va_exp_nonconviction-set	Print the verdict and the page digests to the log	2026-09-12T06:10:36.1327802Z   "decryptionRule": "An encrypted source is hashed before any transform; Poppler and qpdf must independently agree on its page count; the temporary derivative is decrypted and serialized with explicit objects, then admitted only when geometry, decoded page content, fields/widgets, and XFA remain identical; only that temporary transport is passed to pdf-lib for calibrated rendering; the queued packet bytes are never modified.",
va_exp_nonconviction-set	Print the verdict and the page digests to the log	2026-09-12T06:10:36.1330418Z   "pagesMeasured": 18,
va_exp_nonconviction-set	Print the verdict and the page digests to the log	2026-09-12T06:10:36.1330783Z   "measurements": [
va_exp_nonconviction-set	Print the verdict and the page digests to the log	2026-09-12T06:10:36.1331102Z     {
va_exp_nonconviction-set	Print the verdict and the page digests to the log	2026-09-12T06:10:36.1331413Z       "kind": "canonical",
va_exp_nonconviction-set	Print the verdict and the page digests to the log	2026-09-12T06:10:36.1331836Z       "document": "canonical.pdf",
va_exp_nonconviction-set	Print the verdict and the page digests to the log	2026-09-12T06:10:36.1332354Z       "page": 1,
va_exp_nonconviction-set	Print the verdict and the page digests to the log	2026-09-12T06:10:36.1332836Z       "png": "va_exp_nonconviction-set/canonical/page-001.png",
va_exp_nonconviction-set	Print the verdict and the page digests to the log	2026-09-12T06:10:36.1333352Z       "bytes": 461906,
va_exp_nonconviction-set	Print the verdict and the page digests to the log	2026-09-12T06:10:36.1333988Z       "pngSha256": "d823903759282c8cbb2f4d805b7fad9828266fc4d518212ae9f129b4b036796c",
va_exp_nonconviction-set	Print the verdict and the page digests to the log	2026-09-12T06:10:36.1334638Z       "pngWidth": 2040,
va_exp_nonconviction-set	Print the verdict and the page digests to the log	2026-09-12T06:10:36.1335185Z       "pngHeight": 2640,
va_exp_nonconviction-set	Print the verdict and the page digests to the log	2026-09-12T06:10:36.1335572Z       "paper": {
va_exp_nonconviction-set	Print the verdict and the page digests to the log	2026-09-12T06:10:36.1335883Z         "x0": 204,
va_exp_nonconviction-set	Print the verdict and the page digests to the log	2026-09-12T06:10:36.1336175Z         "y0": 3,
va_exp_nonconviction-set	Print the verdict and the page digests to the log	2026-09-12T06:10:36.1336468Z         "x1": 2243,
va_exp_nonconviction-set	Print the verdict and the page digests to the log	2026-09-12T06:10:36.1336776Z         "y1": 2642,
va_exp_nonconviction-set	Print the verdict and the page digests to the log	2026-09-12T06:10:36.1337083Z         "width": 2040,
va_exp_nonconviction-set	Print the verdict and the page digests to the log	2026-09-12T06:10:36.1337626Z         "height": 2640
va_exp_nonconviction-set	Print the verdict and the page digests to the log	2026-09-12T06:10:36.1337921Z       },
va_exp_nonconviction-set	Print the verdict and the page digests to the log	2026-09-12T06:10:36.1338418Z       "pxPerPt": 3.3333333333333335,
va_exp_nonconviction-set	Print the verdict and the page digests to the log	2026-09-12T06:10:36.1339062Z       "expectedPxPerPt": 3.333333333333333,
va_exp_nonconviction-set	Print the verdict and the page digests to the log	2026-09-12T06:10:36.1339516Z       "pageWidthPt": 612,
va_exp_nonconviction-set	Print the verdict and the page digests to the log	2026-09-12T06:10:36.1339888Z       "pageHeightPt": 792,
va_exp_nonconviction-set	Print the verdict and the page digests to the log	2026-09-12T06:10:36.1340260Z       "expectedPx": {
va_exp_nonconviction-set	Print the verdict and the page digests to the log	2026-09-12T06:10:36.1340642Z         "width": 2039.9999999999998,
va_exp_nonconviction-set	Print the verdict and the page digests to the log	2026-09-12T06:10:36.1341077Z         "height": 2639.9999999999995,
va_exp_nonconviction-set	Print the verdict and the page digests to the log	2026-09-12T06:10:36.1341518Z         "tolerancePx": 6.666666666666666
va_exp_nonconviction-set	Print the verdict and the page digests to the log	2026-09-12T06:10:36.1341905Z       },
va_exp_nonconviction-set	Print the verdict and the page digests to the log	2026-09-12T06:10:36.1342242Z       "calibrationResidualPx": 0,
va_exp_nonconviction-set	Print the verdict and the page digests to the log	2026-09-12T06:10:36.1342749Z       "inkFractionInsidePaper": 0.04924818033273916,
va_exp_nonconviction-set	Print the verdict and the page digests to the log	2026-09-12T06:10:36.1343219Z       "nonblank": true,
va_exp_nonconviction-set	Print the verdict and the page digests to the log	2026-09-12T06:10:36.1343612Z       "croppedToThePage": true
va_exp_nonconviction-set	Print the verdict and the page digests to the log	2026-09-12T06:10:36.1343975Z     },
va_exp_nonconviction-set	Print the verdict and the page digests to the log	2026-09-12T06:10:36.1344267Z     {
va_exp_nonconviction-set	Print the verdict and the page digests to the log	2026-09-12T06:10:36.1344575Z       "kind": "canonical",
va_exp_nonconviction-set	Print the verdict and the page digests to the log	2026-09-12T06:10:36.1345005Z       "document": "canonical.pdf",
va_exp_nonconviction-set	Print the verdict and the page digests to the log	2026-09-12T06:10:36.1345402Z       "page": 2,
va_exp_nonconviction-set	Print the verdict and the page digests to the log	2026-09-12T06:10:36.1345872Z       "png": "va_exp_nonconviction-set/canonical/page-002.png",
va_exp_nonconviction-set	Print the verdict and the page digests to the log	2026-09-12T06:10:36.1346219Z       "bytes": 158872,
va_exp_nonconviction-set	Print the verdict and the page digests to the log	2026-09-12T06:10:36.1346630Z       "pngSha256": "a7232108c13e747557ef98272b05cf895f2aa648cf664068eb68b76eb3fe2aec",
va_exp_nonconviction-set	Print the verdict and the page digests to the log	2026-09-12T06:10:36.1347041Z       "pngWidth": 2040,
va_exp_nonconviction-set	Print the verdict and the page digests to the log	2026-09-12T06:10:36.1347405Z       "pngHeight": 2640,
va_exp_nonconviction-set	Print the verdict and the page digests to the log	2026-09-12T06:10:36.1347757Z       "paper": {
va_exp_nonconviction-set	Print the verdict and the page digests to the log	2026-09-12T06:10:36.1348061Z         "x0": 204,
va_exp_nonconviction-set	Print the verdict and the page digests to the log	2026-09-12T06:10:36.1348390Z         "y0": 3,
va_exp_nonconviction-set	Print the verdict and the page digests to the log	2026-09-12T06:10:36.1348839Z         "x1": 2243,
va_exp_nonconviction-set	Print the verdict and the page digests to the log	2026-09-12T06:10:36.1349143Z         "y1": 2642,
va_exp_nonconviction-set	Print the verdict and the page digests to the log	2026-09-12T06:10:36.1349463Z         "width": 2040,
va_exp_nonconviction-set	Print the verdict and the page digests to the log	2026-09-12T06:10:36.1349794Z         "height": 2640
va_exp_nonconviction-set	Print the verdict and the page digests to the log	2026-09-12T06:10:36.1350121Z       },
va_exp_nonconviction-set	Print the verdict and the page digests to the log	2026-09-12T06:10:36.1350351Z       "pxPerPt": 3.3333333333333335,
va_exp_nonconviction-set	Print the verdict and the page digests to the log	2026-09-12T06:10:36.1350649Z       "expectedPxPerPt": 3.333333333333333,
va_exp_nonconviction-set	Print the verdict and the page digests to the log	2026-09-12T06:10:36.1350933Z       "pageWidthPt": 612,
va_exp_nonconviction-set	Print the verdict and the page digests to the log	2026-09-12T06:10:36.1351207Z       "pageHeightPt": 792,
va_exp_nonconviction-set	Print the verdict and the page digests to the log	2026-09-12T06:10:36.1351441Z       "expectedPx": {
va_exp_nonconviction-set	Print the verdict and the page digests to the log	2026-09-12T06:10:36.1351681Z         "width": 2039.9999999999998,
va_exp_nonconviction-set	Print the verdict and the page digests to the log	2026-09-12T06:10:36.1352140Z         "height": 2639.9999999999995,
va_exp_nonconviction-set	Print the verdict and the page digests to the log	2026-09-12T06:10:36.1352561Z         "tolerancePx": 6.666666666666666
va_exp_nonconviction-set	Print the verdict and the page digests to the log	2026-09-12T06:10:36.1352813Z       },
va_exp_nonconviction-set	Print the verdict and the page digests to the log	2026-09-12T06:10:36.1353040Z       "calibrationResidualPx": 0,
va_exp_nonconviction-set	Print the verdict and the page digests to the log	2026-09-12T06:10:36.1353361Z       "inkFractionInsidePaper": 0.01252618092691622,
va_exp_nonconviction-set	Print the verdict and the page digests to the log	2026-09-12T06:10:36.1353660Z       "nonblank": true,
va_exp_nonconviction-set	Print the verdict and the page digests to the log	2026-09-12T06:10:36.1353999Z       "croppedToThePage": true
va_exp_nonconviction-set	Print the verdict and the page digests to the log	2026-09-12T06:10:36.1354275Z     },
va_exp_nonconviction-set	Print the verdict and the page digests to the log	2026-09-12T06:10:36.1354554Z     {
va_exp_nonconviction-set	Print the verdict and the page digests to the log	2026-09-12T06:10:36.1354749Z       "kind": "canonical",
va_exp_nonconviction-set	Print the verdict and the page digests to the log	2026-09-12T06:10:36.1355108Z       "document": "canonical.pdf",
va_exp_nonconviction-set	Print the verdict and the page digests to the log	2026-09-12T06:10:36.1355506Z       "page": 3,
va_exp_nonconviction-set	Print the verdict and the page digests to the log	2026-09-12T06:10:36.1355857Z       "png": "va_exp_nonconviction-set/canonical/page-003.png",
va_exp_nonconviction-set	Print the verdict and the page digests to the log	2026-09-12T06:10:36.1356190Z       "bytes": 402026,
va_exp_nonconviction-set	Print the verdict and the page digests to the log	2026-09-12T06:10:36.1356593Z       "pngSha256": "2bd3ed8f2575faf092452cfcccedc428011405e183926b06727eaa573de1bde1",
va_exp_nonconviction-set	Print the verdict and the page digests to the log	2026-09-12T06:10:36.1357017Z       "pngWidth": 2040,
va_exp_nonconviction-set	Print the verdict and the page digests to the log	2026-09-12T06:10:36.1357243Z       "pngHeight": 2640,
va_exp_nonconviction-set	Print the verdict and the page digests to the log	2026-09-12T06:10:36.1357475Z       "paper": {
va_exp_nonconviction-set	Print the verdict and the page digests to the log	2026-09-12T06:10:36.1357675Z         "x0": 204,
va_exp_nonconviction-set	Print the verdict and the page digests to the log	2026-09-12T06:10:36.1357879Z         "y0": 3,
va_exp_nonconviction-set	Print the verdict and the page digests to the log	2026-09-12T06:10:36.1358071Z         "x1": 2243,
va_exp_nonconviction-set	Print the verdict and the page digests to the log	2026-09-12T06:10:36.1358285Z         "y1": 2642,
va_exp_nonconviction-set	Print the verdict and the page digests to the log	2026-09-12T06:10:36.1358871Z         "width": 2040,
va_exp_nonconviction-set	Print the verdict and the page digests to the log	2026-09-12T06:10:36.1359181Z         "height": 2640
va_exp_nonconviction-set	Print the verdict and the page digests to the log	2026-09-12T06:10:36.1359389Z       },
va_exp_nonconviction-set	Print the verdict and the page digests to the log	2026-09-12T06:10:36.1359610Z       "pxPerPt": 3.3333333333333335,
va_exp_nonconviction-set	Print the verdict and the page digests to the log	2026-09-12T06:10:36.1359902Z       "expectedPxPerPt": 3.333333333333333,
va_exp_nonconviction-set	Print the verdict and the page digests to the log	2026-09-12T06:10:36.1360183Z       "pageWidthPt": 612,
va_exp_nonconviction-set	Print the verdict and the page digests to the log	2026-09-12T06:10:36.1360421Z       "pageHeightPt": 792,
va_exp_nonconviction-set	Print the verdict and the page digests to the log	2026-09-12T06:10:36.1360660Z       "expectedPx": {
va_exp_nonconviction-set	Print the verdict and the page digests to the log	2026-09-12T06:10:36.1360904Z         "width": 2039.9999999999998,
va_exp_nonconviction-set	Print the verdict and the page digests to the log	2026-09-12T06:10:36.1361177Z         "height": 2639.9999999999995,
va_exp_nonconviction-set	Print the verdict and the page digests to the log	2026-09-12T06:10:36.1361629Z         "tolerancePx": 6.666666666666666
va_exp_nonconviction-set	Print the verdict and the page digests to the log	2026-09-12T06:10:36.1361883Z       },
va_exp_nonconviction-set	Print the verdict and the page digests to the log	2026-09-12T06:10:36.1362105Z       "calibrationResidualPx": 0,
va_exp_nonconviction-set	Print the verdict and the page digests to the log	2026-09-12T06:10:36.1362424Z       "inkFractionInsidePaper": 0.05000241384432561,
va_exp_nonconviction-set	Print the verdict and the page digests to the log	2026-09-12T06:10:36.1362723Z       "nonblank": true,
va_exp_nonconviction-set	Print the verdict and the page digests to the log	2026-09-12T06:10:36.1362970Z       "croppedToThePage": true
va_exp_nonconviction-set	Print the verdict and the page digests to the log	2026-09-12T06:10:36.1363204Z     },
va_exp_nonconviction-set	Print the verdict and the page digests to the log	2026-09-12T06:10:36.1363384Z     {
va_exp_nonconviction-set	Print the verdict and the page digests to the log	2026-09-12T06:10:36.1363577Z       "kind": "canonical",
va_exp_nonconviction-set	Print the verdict and the page digests to the log	2026-09-12T06:10:36.1363837Z       "document": "canonical.pdf",
va_exp_nonconviction-set	Print the verdict and the page digests to the log	2026-09-12T06:10:36.1364086Z       "page": 4,
va_exp_nonconviction-set	Print the verdict and the page digests to the log	2026-09-12T06:10:36.1364384Z       "png": "va_exp_nonconviction-set/canonical/page-004.png",
va_exp_nonconviction-set	Print the verdict and the page digests to the log	2026-09-12T06:10:36.1364707Z       "bytes": 268283,
va_exp_nonconviction-set	Print the verdict and the page digests to the log	2026-09-12T06:10:36.1365094Z       "pngSha256": "947266840d3c6316077420bc61a049aa9bb383778760a42fa5048c2a85afd8a1",
va_exp_nonconviction-set	Print the verdict and the page digests to the log	2026-09-12T06:10:36.1365492Z       "pngWidth": 2040,
va_exp_nonconviction-set	Print the verdict and the page digests to the log	2026-09-12T06:10:36.1365719Z       "pngHeight": 2640,
va_exp_nonconviction-set	Print the verdict and the page digests to the log	2026-09-12T06:10:36.1365947Z       "paper": {
va_exp_nonconviction-set	Print the verdict and the page digests to the log	2026-09-12T06:10:36.1366150Z         "x0": 204,
va_exp_nonconviction-set	Print the verdict and the page digests to the log	2026-09-12T06:10:36.1366348Z         "y0": 3,
va_exp_nonconviction-set	Print the verdict and the page digests to the log	2026-09-12T06:10:36.1366542Z         "x1": 2243,
va_exp_nonconviction-set	Print the verdict and the page digests to the log	2026-09-12T06:10:36.1366741Z         "y1": 2642,
va_exp_nonconviction-set	Print the verdict and the page digests to the log	2026-09-12T06:10:36.1366946Z         "width": 2040,
va_exp_nonconviction-set	Print the verdict and the page digests to the log	2026-09-12T06:10:36.1367159Z         "height": 2640
va_exp_nonconviction-set	Print the verdict and the page digests to the log	2026-09-12T06:10:36.1367363Z       },
va_exp_nonconviction-set	Print the verdict and the page digests to the log	2026-09-12T06:10:36.1367582Z       "pxPerPt": 3.3333333333333335,
va_exp_nonconviction-set	Print the verdict and the page digests to the log	2026-09-12T06:10:36.1367870Z       "expectedPxPerPt": 3.333333333333333,
va_exp_nonconviction-set	Print the verdict and the page digests to the log	2026-09-12T06:10:36.1368145Z       "pageWidthPt": 612,
va_exp_nonconviction-set	Print the verdict and the page digests to the log	2026-09-12T06:10:36.1368383Z       "pageHeightPt": 792,
va_exp_nonconviction-set	Print the verdict and the page digests to the log	2026-09-12T06:10:36.1368856Z       "expectedPx": {
va_exp_nonconviction-set	Print the verdict and the page digests to the log	2026-09-12T06:10:36.1369166Z         "width": 2039.9999999999998,
va_exp_nonconviction-set	Print the verdict and the page digests to the log	2026-09-12T06:10:36.1369537Z         "height": 2639.9999999999995,
va_exp_nonconviction-set	Print the verdict and the page digests to the log	2026-09-12T06:10:36.1369817Z         "tolerancePx": 6.666666666666666
va_exp_nonconviction-set	Print the verdict and the page digests to the log	2026-09-12T06:10:36.1370069Z       },
va_exp_nonconviction-set	Print the verdict and the page digests to the log	2026-09-12T06:10:36.1370341Z       "calibrationResidualPx": 0,
va_exp_nonconviction-set	Print the verdict and the page digests to the log	2026-09-12T06:10:36.1370811Z       "inkFractionInsidePaper": 0.030716540404040402,
va_exp_nonconviction-set	Print the verdict and the page digests to the log	2026-09-12T06:10:36.1371118Z       "nonblank": true,
va_exp_nonconviction-set	Print the verdict and the page digests to the log	2026-09-12T06:10:36.1371370Z       "croppedToThePage": true
va_exp_nonconviction-set	Print the verdict and the page digests to the log	2026-09-12T06:10:36.1371602Z     },
va_exp_nonconviction-set	Print the verdict and the page digests to the log	2026-09-12T06:10:36.1371782Z     {
va_exp_nonconviction-set	Print the verdict and the page digests to the log	2026-09-12T06:10:36.1371974Z       "kind": "canonical",
va_exp_nonconviction-set	Print the verdict and the page digests to the log	2026-09-12T06:10:36.1372454Z       "document": "canonical.pdf",
va_exp_nonconviction-set	Print the verdict and the page digests to the log	2026-09-12T06:10:36.1372702Z       "page": 5,
va_exp_nonconviction-set	Print the verdict and the page digests to the log	2026-09-12T06:10:36.1372996Z       "png": "va_exp_nonconviction-set/canonical/page-005.png",
va_exp_nonconviction-set	Print the verdict and the page digests to the log	2026-09-12T06:10:36.1373322Z       "bytes": 495450,
va_exp_nonconviction-set	Print the verdict and the page digests to the log	2026-09-12T06:10:36.1373730Z       "pngSha256": "df3c81c07e6cfc72434e2341f8e46e0a43a65532311636daea1713368772d1d1",
va_exp_nonconviction-set	Print the verdict and the page digests to the log	2026-09-12T06:10:36.1374353Z       "pngWidth": 2040,
va_exp_nonconviction-set	Print the verdict and the page digests to the log	2026-09-12T06:10:36.1374589Z       "pngHeight": 2640,
va_exp_nonconviction-set	Print the verdict and the page digests to the log	2026-09-12T06:10:36.1374818Z       "paper": {
va_exp_nonconviction-set	Print the verdict and the page digests to the log	2026-09-12T06:10:36.1375024Z         "x0": 204,
va_exp_nonconviction-set	Print the verdict and the page digests to the log	2026-09-12T06:10:36.1375225Z         "y0": 3,
va_exp_nonconviction-set	Print the verdict and the page digests to the log	2026-09-12T06:10:36.1375424Z         "x1": 2243,
va_exp_nonconviction-set	Print the verdict and the page digests to the log	2026-09-12T06:10:36.1375633Z         "y1": 2642,
va_exp_nonconviction-set	Print the verdict and the page digests to the log	2026-09-12T06:10:36.1375831Z         "width": 2040,
va_exp_nonconviction-set	Print the verdict and the page digests to the log	2026-09-12T06:10:36.1376049Z         "height": 2640
va_exp_nonconviction-set	Print the verdict and the page digests to the log	2026-09-12T06:10:36.1376361Z       },
va_exp_nonconviction-set	Print the verdict and the page digests to the log	2026-09-12T06:10:36.1376664Z       "pxPerPt": 3.3333333333333335,
va_exp_nonconviction-set	Print the verdict and the page digests to the log	2026-09-12T06:10:36.1376966Z       "expectedPxPerPt": 3.333333333333333,
va_exp_nonconviction-set	Print the verdict and the page digests to the log	2026-09-12T06:10:36.1377259Z       "pageWidthPt": 612,
va_exp_nonconviction-set	Print the verdict and the page digests to the log	2026-09-12T06:10:36.1377501Z       "pageHeightPt": 792,
va_exp_nonconviction-set	Print the verdict and the page digests to the log	2026-09-12T06:10:36.1377739Z       "expectedPx": {
va_exp_nonconviction-set	Print the verdict and the page digests to the log	2026-09-12T06:10:36.1377978Z         "width": 2039.9999999999998,
va_exp_nonconviction-set	Print the verdict and the page digests to the log	2026-09-12T06:10:36.1378255Z         "height": 2639.9999999999995,
va_exp_nonconviction-set	Print the verdict and the page digests to the log	2026-09-12T06:10:36.1378699Z         "tolerancePx": 6.666666666666666
va_exp_nonconviction-set	Print the verdict and the page digests to the log	2026-09-12T06:10:36.1378959Z       },
va_exp_nonconviction-set	Print the verdict and the page digests to the log	2026-09-12T06:10:36.1379184Z       "calibrationResidualPx": 0,
va_exp_nonconviction-set	Print the verdict and the page digests to the log	2026-09-12T06:10:36.1379512Z       "inkFractionInsidePaper": 0.06450701871657755,
va_exp_nonconviction-set	Print the verdict and the page digests to the log	2026-09-12T06:10:36.1379812Z       "nonblank": true,
va_exp_nonconviction-set	Print the verdict and the page digests to the log	2026-09-12T06:10:36.1380060Z       "croppedToThePage": true
va_exp_nonconviction-set	Print the verdict and the page digests to the log	2026-09-12T06:10:36.1380301Z     },
va_exp_nonconviction-set	Print the verdict and the page digests to the log	2026-09-12T06:10:36.1380483Z     {
va_exp_nonconviction-set	Print the verdict and the page digests to the log	2026-09-12T06:10:36.1380774Z       "kind": "canonical",
va_exp_nonconviction-set	Print the verdict and the page digests to the log	2026-09-12T06:10:36.1381117Z       "document": "canonical.pdf",
va_exp_nonconviction-set	Print the verdict and the page digests to the log	2026-09-12T06:10:36.1381511Z       "page": 6,
va_exp_nonconviction-set	Print the verdict and the page digests to the log	2026-09-12T06:10:36.1381812Z       "png": "va_exp_nonconviction-set/canonical/page-006.png",
va_exp_nonconviction-set	Print the verdict and the page digests to the log	2026-09-12T06:10:36.1382222Z       "bytes": 168679,
va_exp_nonconviction-set	Print the verdict and the page digests to the log	2026-09-12T06:10:36.1382732Z       "pngSha256": "51c2b36de4e62ed7d42184b4dadcd04c00ab0b0ff173612f2122de6344adc29d",
va_exp_nonconviction-set	Print the verdict and the page digests to the log	2026-09-12T06:10:36.1383155Z       "pngWidth": 2040,
va_exp_nonconviction-set	Print the verdict and the page digests to the log	2026-09-12T06:10:36.1383388Z       "pngHeight": 2640,
va_exp_nonconviction-set	Print the verdict and the page digests to the log	2026-09-12T06:10:36.1383614Z       "paper": {
va_exp_nonconviction-set	Print the verdict and the page digests to the log	2026-09-12T06:10:36.1383815Z         "x0": 204,
va_exp_nonconviction-set	Print the verdict and the page digests to the log	2026-09-12T06:10:36.1384022Z         "y0": 3,
va_exp_nonconviction-set	Print the verdict and the page digests to the log	2026-09-12T06:10:36.1384214Z         "x1": 2243,
va_exp_nonconviction-set	Print the verdict and the page digests to the log	2026-09-12T06:10:36.1384414Z         "y1": 2642,
va_exp_nonconviction-set	Print the verdict and the page digests to the log	2026-09-12T06:10:36.1384616Z         "width": 2040,
va_exp_nonconviction-set	Print the verdict and the page digests to the log	2026-09-12T06:10:36.1384828Z         "height": 2640
va_exp_nonconviction-set	Print the verdict and the page digests to the log	2026-09-12T06:10:36.1385033Z       },
va_exp_nonconviction-set	Print the verdict and the page digests to the log	2026-09-12T06:10:36.1385254Z       "pxPerPt": 3.3333333333333335,
va_exp_nonconviction-set	Print the verdict and the page digests to the log	2026-09-12T06:10:36.1385541Z       "expectedPxPerPt": 3.333333333333333,
va_exp_nonconviction-set	Print the verdict and the page digests to the log	2026-09-12T06:10:36.1385815Z       "pageWidthPt": 612,
va_exp_nonconviction-set	Print the verdict and the page digests to the log	2026-09-12T06:10:36.1386135Z       "pageHeightPt": 792,
va_exp_nonconviction-set	Print the verdict and the page digests to the log	2026-09-12T06:10:36.1386473Z       "expectedPx": {
va_exp_nonconviction-set	Print the verdict and the page digests to the log	2026-09-12T06:10:36.1386710Z         "width": 2039.9999999999998,
va_exp_nonconviction-set	Print the verdict and the page digests to the log	2026-09-12T06:10:36.1386978Z         "height": 2639.9999999999995,
va_exp_nonconviction-set	Print the verdict and the page digests to the log	2026-09-12T06:10:36.1387259Z         "tolerancePx": 6.666666666666666
va_exp_nonconviction-set	Print the verdict and the page digests to the log	2026-09-12T06:10:36.1387510Z       },
va_exp_nonconviction-set	Print the verdict and the page digests to the log	2026-09-12T06:10:36.1387730Z       "calibrationResidualPx": 0,
va_exp_nonconviction-set	Print the verdict and the page digests to the log	2026-09-12T06:10:36.1388045Z       "inkFractionInsidePaper": 0.01920788770053476,
va_exp_nonconviction-set	Print the verdict and the page digests to the log	2026-09-12T06:10:36.1388338Z       "nonblank": true,
va_exp_nonconviction-set	Print the verdict and the page digests to the log	2026-09-12T06:10:36.1388740Z       "croppedToThePage": true
va_exp_nonconviction-set	Print the verdict and the page digests to the log	2026-09-12T06:10:36.1388971Z     },
va_exp_nonconviction-set	Print the verdict and the page digests to the log	2026-09-12T06:10:36.1389151Z     {
va_exp_nonconviction-set	Print the verdict and the page digests to the log	2026-09-12T06:10:36.1389339Z       "kind": "canonical",
va_exp_nonconviction-set	Print the verdict and the page digests to the log	2026-09-12T06:10:36.1389596Z       "document": "canonical.pdf",
va_exp_nonconviction-set	Print the verdict and the page digests to the log	2026-09-12T06:10:36.1389855Z       "page": 7,
va_exp_nonconviction-set	Print the verdict and the page digests to the log	2026-09-12T06:10:36.1390163Z       "png": "va_exp_nonconviction-set/canonical/page-007.png",
va_exp_nonconviction-set	Print the verdict and the page digests to the log	2026-09-12T06:10:36.1390667Z       "bytes": 461696,
va_exp_nonconviction-set	Print the verdict and the page digests to the log	2026-09-12T06:10:36.1391077Z       "pngSha256": "46ef50eeeaf1e840a05fde007168fa99477a662c126b76d8cf69bbf1af43be79",
va_exp_nonconviction-set	Print the verdict and the page digests to the log	2026-09-12T06:10:36.1391504Z       "pngWidth": 2040,
va_exp_nonconviction-set	Print the verdict and the page digests to the log	2026-09-12T06:10:36.1391724Z       "pngHeight": 2640,
va_exp_nonconviction-set	Print the verdict and the page digests to the log	2026-09-12T06:10:36.1392036Z       "paper": {
va_exp_nonconviction-set	Print the verdict and the page digests to the log	2026-09-12T06:10:36.1392469Z         "x0": 204,
va_exp_nonconviction-set	Print the verdict and the page digests to the log	2026-09-12T06:10:36.1392673Z         "y0": 3,
va_exp_nonconviction-set	Print the verdict and the page digests to the log	2026-09-12T06:10:36.1392866Z         "x1": 2243,
va_exp_nonconviction-set	Print the verdict and the page digests to the log	2026-09-12T06:10:36.1393069Z         "y1": 2642,
va_exp_nonconviction-set	Print the verdict and the page digests to the log	2026-09-12T06:10:36.1393267Z         "width": 2040,
va_exp_nonconviction-set	Print the verdict and the page digests to the log	2026-09-12T06:10:36.1393520Z         "height": 2640
va_exp_nonconviction-set	Print the verdict and the page digests to the log	2026-09-12T06:10:36.1393853Z       },
va_exp_nonconviction-set	Print the verdict and the page digests to the log	2026-09-12T06:10:36.1394088Z       "pxPerPt": 3.3333333333333335,
va_exp_nonconviction-set	Print the verdict and the page digests to the log	2026-09-12T06:10:36.1394384Z       "expectedPxPerPt": 3.333333333333333,
va_exp_nonconviction-set	Print the verdict and the page digests to the log	2026-09-12T06:10:36.1394666Z       "pageWidthPt": 612,
va_exp_nonconviction-set	Print the verdict and the page digests to the log	2026-09-12T06:10:36.1394902Z       "pageHeightPt": 792,
va_exp_nonconviction-set	Print the verdict and the page digests to the log	2026-09-12T06:10:36.1395134Z       "expectedPx": {
va_exp_nonconviction-set	Print the verdict and the page digests to the log	2026-09-12T06:10:36.1395378Z         "width": 2039.9999999999998,
va_exp_nonconviction-set	Print the verdict and the page digests to the log	2026-09-12T06:10:36.1395648Z         "height": 2639.9999999999995,
va_exp_nonconviction-set	Print the verdict and the page digests to the log	2026-09-12T06:10:36.1395929Z         "tolerancePx": 6.666666666666666
va_exp_nonconviction-set	Print the verdict and the page digests to the log	2026-09-12T06:10:36.1396188Z       },
va_exp_nonconviction-set	Print the verdict and the page digests to the log	2026-09-12T06:10:36.1396412Z       "calibrationResidualPx": 0,
va_exp_nonconviction-set	Print the verdict and the page digests to the log	2026-09-12T06:10:36.1396732Z       "inkFractionInsidePaper": 0.05466299019607843,
va_exp_nonconviction-set	Print the verdict and the page digests to the log	2026-09-12T06:10:36.1397041Z       "nonblank": true,
va_exp_nonconviction-set	Print the verdict and the page digests to the log	2026-09-12T06:10:36.1397286Z       "croppedToThePage": true
va_exp_nonconviction-set	Print the verdict and the page digests to the log	2026-09-12T06:10:36.1397666Z     },
va_exp_nonconviction-set	Print the verdict and the page digests to the log	2026-09-12T06:10:36.1397876Z     {
va_exp_nonconviction-set	Print the verdict and the page digests to the log	2026-09-12T06:10:36.1398069Z       "kind": "canonical",
va_exp_nonconviction-set	Print the verdict and the page digests to the log	2026-09-12T06:10:36.1398329Z       "document": "canonical.pdf",
va_exp_nonconviction-set	Print the verdict and the page digests to the log	2026-09-12T06:10:36.1398743Z       "page": 8,
va_exp_nonconviction-set	Print the verdict and the page digests to the log	2026-09-12T06:10:36.1399146Z       "png": "va_exp_nonconviction-set/canonical/page-008.png",
va_exp_nonconviction-set	Print the verdict and the page digests to the log	2026-09-12T06:10:36.1399553Z       "bytes": 460657,
va_exp_nonconviction-set	Print the verdict and the page digests to the log	2026-09-12T06:10:36.1399952Z       "pngSha256": "e141764ce5af22c6bb8f4cff896597a634589058feb0c957144e2a5e88e85d70",
va_exp_nonconviction-set	Print the verdict and the page digests to the log	2026-09-12T06:10:36.1400363Z       "pngWidth": 2040,
va_exp_nonconviction-set	Print the verdict and the page digests to the log	2026-09-12T06:10:36.1400590Z       "pngHeight": 2640,
va_exp_nonconviction-set	Print the verdict and the page digests to the log	2026-09-12T06:10:36.1400812Z       "paper": {
va_exp_nonconviction-set	Print the verdict and the page digests to the log	2026-09-12T06:10:36.1401015Z         "x0": 204,
va_exp_nonconviction-set	Print the verdict and the page digests to the log	2026-09-12T06:10:36.1401393Z         "y0": 3,
va_exp_nonconviction-set	Print the verdict and the page digests to the log	2026-09-12T06:10:36.1401587Z         "x1": 2243,
va_exp_nonconviction-set	Print the verdict and the page digests to the log	2026-09-12T06:10:36.1401782Z         "y1": 2642,
va_exp_nonconviction-set	Print the verdict and the page digests to the log	2026-09-12T06:10:36.1401985Z         "width": 2040,
va_exp_nonconviction-set	Print the verdict and the page digests to the log	2026-09-12T06:10:36.1402200Z         "height": 2640
va_exp_nonconviction-set	Print the verdict and the page digests to the log	2026-09-12T06:10:36.1402490Z       },
va_exp_nonconviction-set	Print the verdict and the page digests to the log	2026-09-12T06:10:36.1402801Z       "pxPerPt": 3.3333333333333335,
va_exp_nonconviction-set	Print the verdict and the page digests to the log	2026-09-12T06:10:36.1403089Z       "expectedPxPerPt": 3.333333333333333,
va_exp_nonconviction-set	Print the verdict and the page digests to the log	2026-09-12T06:10:36.1403365Z       "pageWidthPt": 612,
va_exp_nonconviction-set	Print the verdict and the page digests to the log	2026-09-12T06:10:36.1403603Z       "pageHeightPt": 792,
va_exp_nonconviction-set	Print the verdict and the page digests to the log	2026-09-12T06:10:36.1403833Z       "expectedPx": {
va_exp_nonconviction-set	Print the verdict and the page digests to the log	2026-09-12T06:10:36.1404072Z         "width": 2039.9999999999998,
va_exp_nonconviction-set	Print the verdict and the page digests to the log	2026-09-12T06:10:36.1404340Z         "height": 2639.9999999999995,
va_exp_nonconviction-set	Print the verdict and the page digests to the log	2026-09-12T06:10:36.1404619Z         "tolerancePx": 6.666666666666666
va_exp_nonconviction-set	Print the verdict and the page digests to the log	2026-09-12T06:10:36.1405039Z       },
va_exp_nonconviction-set	Print the verdict and the page digests to the log	2026-09-12T06:10:36.1405268Z       "calibrationResidualPx": 0,
va_exp_nonconviction-set	Print the verdict and the page digests to the log	2026-09-12T06:10:36.1405581Z       "inkFractionInsidePaper": 0.06378676470588235,
va_exp_nonconviction-set	Print the verdict and the page digests to the log	2026-09-12T06:10:36.1405872Z       "nonblank": true,
va_exp_nonconviction-set	Print the verdict and the page digests to the log	2026-09-12T06:10:36.1406124Z       "croppedToThePage": true
va_exp_nonconviction-set	Print the verdict and the page digests to the log	2026-09-12T06:10:36.1406355Z     },
va_exp_nonconviction-set	Print the verdict and the page digests to the log	2026-09-12T06:10:36.1406533Z     {
va_exp_nonconviction-set	Print the verdict and the page digests to the log	2026-09-12T06:10:36.1406726Z       "kind": "canonical",
va_exp_nonconviction-set	Print the verdict and the page digests to the log	2026-09-12T06:10:36.1406983Z       "document": "canonical.pdf",
va_exp_nonconviction-set	Print the verdict and the page digests to the log	2026-09-12T06:10:36.1407228Z       "page": 9,
va_exp_nonconviction-set	Print the verdict and the page digests to the log	2026-09-12T06:10:36.1407518Z       "png": "va_exp_nonconviction-set/canonical/page-009.png",
va_exp_nonconviction-set	Print the verdict and the page digests to the log	2026-09-12T06:10:36.1407836Z       "bytes": 181379,
va_exp_nonconviction-set	Print the verdict and the page digests to the log	2026-09-12T06:10:36.1408233Z       "pngSha256": "3c215f066d99e932aec76558e4bb3aa765e83ae4b6190422840c22dd61169b85",
va_exp_nonconviction-set	Print the verdict and the page digests to the log	2026-09-12T06:10:36.1408790Z       "pngWidth": 2040,
va_exp_nonconviction-set	Print the verdict and the page digests to the log	2026-09-12T06:10:36.1409070Z       "pngHeight": 2640,
va_exp_nonconviction-set	Print the verdict and the page digests to the log	2026-09-12T06:10:36.1409407Z       "paper": {
va_exp_nonconviction-set	Print the verdict and the page digests to the log	2026-09-12T06:10:36.1409606Z         "x0": 204,
va_exp_nonconviction-set	Print the verdict and the page digests to the log	2026-09-12T06:10:36.1409806Z         "y0": 3,
va_exp_nonconviction-set	Print the verdict and the page digests to the log	2026-09-12T06:10:36.1410000Z         "x1": 2243,
va_exp_nonconviction-set	Print the verdict and the page digests to the log	2026-09-12T06:10:36.1410201Z         "y1": 2642,
va_exp_nonconviction-set	Print the verdict and the page digests to the log	2026-09-12T06:10:36.1410401Z         "width": 2040,
va_exp_nonconviction-set	Print the verdict and the page digests to the log	2026-09-12T06:10:36.1410707Z         "height": 2640
va_exp_nonconviction-set	Print the verdict and the page digests to the log	2026-09-12T06:10:36.1410993Z       },
va_exp_nonconviction-set	Print the verdict and the page digests to the log	2026-09-12T06:10:36.1411209Z       "pxPerPt": 3.3333333333333335,
va_exp_nonconviction-set	Print the verdict and the page digests to the log	2026-09-12T06:10:36.1411492Z       "expectedPxPerPt": 3.333333333333333,
va_exp_nonconviction-set	Print the verdict and the page digests to the log	2026-09-12T06:10:36.1411769Z       "pageWidthPt": 612,
va_exp_nonconviction-set	Print the verdict and the page digests to the log	2026-09-12T06:10:36.1412148Z       "pageHeightPt": 792,
va_exp_nonconviction-set	Print the verdict and the page digests to the log	2026-09-12T06:10:36.1412376Z       "expectedPx": {
va_exp_nonconviction-set	Print the verdict and the page digests to the log	2026-09-12T06:10:36.1412615Z         "width": 2039.9999999999998,
va_exp_nonconviction-set	Print the verdict and the page digests to the log	2026-09-12T06:10:36.1412880Z         "height": 2639.9999999999995,
va_exp_nonconviction-set	Print the verdict and the page digests to the log	2026-09-12T06:10:36.1413162Z         "tolerancePx": 6.666666666666666
va_exp_nonconviction-set	Print the verdict and the page digests to the log	2026-09-12T06:10:36.1413412Z       },
va_exp_nonconviction-set	Print the verdict and the page digests to the log	2026-09-12T06:10:36.1413631Z       "calibrationResidualPx": 0,
va_exp_nonconviction-set	Print the verdict and the page digests to the log	2026-09-12T06:10:36.1413938Z       "inkFractionInsidePaper": 0.02150531045751634,
va_exp_nonconviction-set	Print the verdict and the page digests to the log	2026-09-12T06:10:36.1414232Z       "nonblank": true,
va_exp_nonconviction-set	Print the verdict and the page digests to the log	2026-09-12T06:10:36.1414584Z       "croppedToThePage": true
va_exp_nonconviction-set	Print the verdict and the page digests to the log	2026-09-12T06:10:36.1414908Z     },
va_exp_nonconviction-set	Print the verdict and the page digests to the log	2026-09-12T06:10:36.1415091Z     {
va_exp_nonconviction-set	Print the verdict and the page digests to the log	2026-09-12T06:10:36.1415277Z       "kind": "boundary",
va_exp_nonconviction-set	Print the verdict and the page digests to the log	2026-09-12T06:10:36.1415546Z       "document": "boundary.pdf",
va_exp_nonconviction-set	Print the verdict and the page digests to the log	2026-09-12T06:10:36.1415792Z       "page": 1,
va_exp_nonconviction-set	Print the verdict and the page digests to the log	2026-09-12T06:10:36.1416080Z       "png": "va_exp_nonconviction-set/boundary/page-001.png",
va_exp_nonconviction-set	Print the verdict and the page digests to the log	2026-09-12T06:10:36.1416424Z       "bytes": 485396,
va_exp_nonconviction-set	Print the verdict and the page digests to the log	2026-09-12T06:10:36.1416820Z       "pngSha256": "68efe4faff3f97f335a55d97b6d652199192c5a117a17ebff62f5076bdb0fc20",
va_exp_nonconviction-set	Print the verdict and the page digests to the log	2026-09-12T06:10:36.1417242Z       "pngWidth": 2040,
va_exp_nonconviction-set	Print the verdict and the page digests to the log	2026-09-12T06:10:36.1417463Z       "pngHeight": 2640,
va_exp_nonconviction-set	Print the verdict and the page digests to the log	2026-09-12T06:10:36.1417678Z       "paper": {
va_exp_nonconviction-set	Print the verdict and the page digests to the log	2026-09-12T06:10:36.1417874Z         "x0": 204,
va_exp_nonconviction-set	Print the verdict and the page digests to the log	2026-09-12T06:10:36.1418072Z         "y0": 3,
va_exp_nonconviction-set	Print the verdict and the page digests to the log	2026-09-12T06:10:36.1418276Z         "x1": 2243,
va_exp_nonconviction-set	Print the verdict and the page digests to the log	2026-09-12T06:10:36.1418747Z         "y1": 2642,
va_exp_nonconviction-set	Print the verdict and the page digests to the log	2026-09-12T06:10:36.1419065Z         "width": 2040,
va_exp_nonconviction-set	Print the verdict and the page digests to the log	2026-09-12T06:10:36.1419340Z         "height": 2640
va_exp_nonconviction-set	Print the verdict and the page digests to the log	2026-09-12T06:10:36.1419541Z       },
va_exp_nonconviction-set	Print the verdict and the page digests to the log	2026-09-12T06:10:36.1419758Z       "pxPerPt": 3.3333333333333335,
va_exp_nonconviction-set	Print the verdict and the page digests to the log	2026-09-12T06:10:36.1420044Z       "expectedPxPerPt": 3.333333333333333,
va_exp_nonconviction-set	Print the verdict and the page digests to the log	2026-09-12T06:10:36.1420530Z       "pageWidthPt": 612,
va_exp_nonconviction-set	Print the verdict and the page digests to the log	2026-09-12T06:10:36.1420819Z       "pageHeightPt": 792,
va_exp_nonconviction-set	Print the verdict and the page digests to the log	2026-09-12T06:10:36.1421221Z       "expectedPx": {
va_exp_nonconviction-set	Print the verdict and the page digests to the log	2026-09-12T06:10:36.1421459Z         "width": 2039.9999999999998,
va_exp_nonconviction-set	Print the verdict and the page digests to the log	2026-09-12T06:10:36.1421782Z         "height": 2639.9999999999995,
va_exp_nonconviction-set	Print the verdict and the page digests to the log	2026-09-12T06:10:36.1422276Z         "tolerancePx": 6.666666666666666
va_exp_nonconviction-set	Print the verdict and the page digests to the log	2026-09-12T06:10:36.1422531Z       },
va_exp_nonconviction-set	Print the verdict and the page digests to the log	2026-09-12T06:10:36.1422752Z       "calibrationResidualPx": 0,
va_exp_nonconviction-set	Print the verdict and the page digests to the log	2026-09-12T06:10:36.1423062Z       "inkFractionInsidePaper": 0.05303977272727273,
va_exp_nonconviction-set	Print the verdict and the page digests to the log	2026-09-12T06:10:36.1423355Z       "nonblank": true,
va_exp_nonconviction-set	Print the verdict and the page digests to the log	2026-09-12T06:10:36.1423604Z       "croppedToThePage": true
va_exp_nonconviction-set	Print the verdict and the page digests to the log	2026-09-12T06:10:36.1423834Z     },
va_exp_nonconviction-set	Print the verdict and the page digests to the log	2026-09-12T06:10:36.1424108Z     {
va_exp_nonconviction-set	Print the verdict and the page digests to the log	2026-09-12T06:10:36.1424401Z       "kind": "boundary",
va_exp_nonconviction-set	Print the verdict and the page digests to the log	2026-09-12T06:10:36.1424804Z       "document": "boundary.pdf",
va_exp_nonconviction-set	Print the verdict and the page digests to the log	2026-09-12T06:10:36.1425193Z       "page": 2,
va_exp_nonconviction-set	Print the verdict and the page digests to the log	2026-09-12T06:10:36.1425653Z       "png": "va_exp_nonconviction-set/boundary/page-002.png",
va_exp_nonconviction-set	Print the verdict and the page digests to the log	2026-09-12T06:10:36.1426078Z       "bytes": 158872,
va_exp_nonconviction-set	Print the verdict and the page digests to the log	2026-09-12T06:10:36.1426513Z       "pngSha256": "a7232108c13e747557ef98272b05cf895f2aa648cf664068eb68b76eb3fe2aec",
va_exp_nonconviction-set	Print the verdict and the page digests to the log	2026-09-12T06:10:36.1427148Z       "pngWidth": 2040,
va_exp_nonconviction-set	Print the verdict and the page digests to the log	2026-09-12T06:10:36.1427373Z       "pngHeight": 2640,
va_exp_nonconviction-set	Print the verdict and the page digests to the log	2026-09-12T06:10:36.1427595Z       "paper": {
va_exp_nonconviction-set	Print the verdict and the page digests to the log	2026-09-12T06:10:36.1427804Z         "x0": 204,
va_exp_nonconviction-set	Print the verdict and the page digests to the log	2026-09-12T06:10:36.1428002Z         "y0": 3,
va_exp_nonconviction-set	Print the verdict and the page digests to the log	2026-09-12T06:10:36.1428196Z         "x1": 2243,
va_exp_nonconviction-set	Print the verdict and the page digests to the log	2026-09-12T06:10:36.1428394Z         "y1": 2642,
va_exp_nonconviction-set	Print the verdict and the page digests to the log	2026-09-12T06:10:36.1428809Z         "width": 2040,
va_exp_nonconviction-set	Print the verdict and the page digests to the log	2026-09-12T06:10:36.1429141Z         "height": 2640
va_exp_nonconviction-set	Print the verdict and the page digests to the log	2026-09-12T06:10:36.1429636Z       },
va_exp_nonconviction-set	Print the verdict and the page digests to the log	2026-09-12T06:10:36.1429993Z       "pxPerPt": 3.3333333333333335,
va_exp_nonconviction-set	Print the verdict and the page digests to the log	2026-09-12T06:10:36.1430462Z       "expectedPxPerPt": 3.333333333333333,
va_exp_nonconviction-set	Print the verdict and the page digests to the log	2026-09-12T06:10:36.1430894Z       "pageWidthPt": 612,
va_exp_nonconviction-set	Print the verdict and the page digests to the log	2026-09-12T06:10:36.1431194Z       "pageHeightPt": 792,
va_exp_nonconviction-set	Print the verdict and the page digests to the log	2026-09-12T06:10:36.1431437Z       "expectedPx": {
va_exp_nonconviction-set	Print the verdict and the page digests to the log	2026-09-12T06:10:36.1431684Z         "width": 2039.9999999999998,
va_exp_nonconviction-set	Print the verdict and the page digests to the log	2026-09-12T06:10:36.1431958Z         "height": 2639.9999999999995,
va_exp_nonconviction-set	Print the verdict and the page digests to the log	2026-09-12T06:10:36.1432246Z         "tolerancePx": 6.666666666666666
va_exp_nonconviction-set	Print the verdict and the page digests to the log	2026-09-12T06:10:36.1432602Z       },
va_exp_nonconviction-set	Print the verdict and the page digests to the log	2026-09-12T06:10:36.1432922Z       "calibrationResidualPx": 0,
va_exp_nonconviction-set	Print the verdict and the page digests to the log	2026-09-12T06:10:36.1433338Z       "inkFractionInsidePaper": 0.01252618092691622,
va_exp_nonconviction-set	Print the verdict and the page digests to the log	2026-09-12T06:10:36.1433654Z       "nonblank": true,
va_exp_nonconviction-set	Print the verdict and the page digests to the log	2026-09-12T06:10:36.1434071Z       "croppedToThePage": true
va_exp_nonconviction-set	Print the verdict and the page digests to the log	2026-09-12T06:10:36.1434323Z     },
va_exp_nonconviction-set	Print the verdict and the page digests to the log	2026-09-12T06:10:36.1434506Z     {
va_exp_nonconviction-set	Print the verdict and the page digests to the log	2026-09-12T06:10:36.1434700Z       "kind": "boundary",
va_exp_nonconviction-set	Print the verdict and the page digests to the log	2026-09-12T06:10:36.1434955Z       "document": "boundary.pdf",
va_exp_nonconviction-set	Print the verdict and the page digests to the log	2026-09-12T06:10:36.1435198Z       "page": 3,
va_exp_nonconviction-set	Print the verdict and the page digests to the log	2026-09-12T06:10:36.1435501Z       "png": "va_exp_nonconviction-set/boundary/page-003.png",
va_exp_nonconviction-set	Print the verdict and the page digests to the log	2026-09-12T06:10:36.1435833Z       "bytes": 410504,
va_exp_nonconviction-set	Print the verdict and the page digests to the log	2026-09-12T06:10:36.1436230Z       "pngSha256": "6fd704f901a4aa92065601918ffa386d434f3711105fbc2673b31a0634534472",
va_exp_nonconviction-set	Print the verdict and the page digests to the log	2026-09-12T06:10:36.1436638Z       "pngWidth": 2040,
va_exp_nonconviction-set	Print the verdict and the page digests to the log	2026-09-12T06:10:36.1436862Z       "pngHeight": 2640,
va_exp_nonconviction-set	Print the verdict and the page digests to the log	2026-09-12T06:10:36.1437088Z       "paper": {
va_exp_nonconviction-set	Print the verdict and the page digests to the log	2026-09-12T06:10:36.1437296Z         "x0": 204,
va_exp_nonconviction-set	Print the verdict and the page digests to the log	2026-09-12T06:10:36.1437507Z         "y0": 3,
va_exp_nonconviction-set	Print the verdict and the page digests to the log	2026-09-12T06:10:36.1437707Z         "x1": 2243,
va_exp_nonconviction-set	Print the verdict and the page digests to the log	2026-09-12T06:10:36.1437908Z         "y1": 2642,
va_exp_nonconviction-set	Print the verdict and the page digests to the log	2026-09-12T06:10:36.1438106Z         "width": 2040,
va_exp_nonconviction-set	Print the verdict and the page digests to the log	2026-09-12T06:10:36.1438318Z         "height": 2640
va_exp_nonconviction-set	Print the verdict and the page digests to the log	2026-09-12T06:10:36.1438742Z       },
va_exp_nonconviction-set	Print the verdict and the page digests to the log	2026-09-12T06:10:36.1438975Z       "pxPerPt": 3.3333333333333335,
va_exp_nonconviction-set	Print the verdict and the page digests to the log	2026-09-12T06:10:36.1439270Z       "expectedPxPerPt": 3.333333333333333,
va_exp_nonconviction-set	Print the verdict and the page digests to the log	2026-09-12T06:10:36.1439545Z       "pageWidthPt": 612,
va_exp_nonconviction-set	Print the verdict and the page digests to the log	2026-09-12T06:10:36.1439777Z       "pageHeightPt": 792,
va_exp_nonconviction-set	Print the verdict and the page digests to the log	2026-09-12T06:10:36.1440018Z       "expectedPx": {
va_exp_nonconviction-set	Print the verdict and the page digests to the log	2026-09-12T06:10:36.1440256Z         "width": 2039.9999999999998,
va_exp_nonconviction-set	Print the verdict and the page digests to the log	2026-09-12T06:10:36.1440528Z         "height": 2639.9999999999995,
va_exp_nonconviction-set	Print the verdict and the page digests to the log	2026-09-12T06:10:36.1440806Z         "tolerancePx": 6.666666666666666
va_exp_nonconviction-set	Print the verdict and the page digests to the log	2026-09-12T06:10:36.1441057Z       },
va_exp_nonconviction-set	Print the verdict and the page digests to the log	2026-09-12T06:10:36.1441296Z       "calibrationResidualPx": 0,
va_exp_nonconviction-set	Print the verdict and the page digests to the log	2026-09-12T06:10:36.1441630Z       "inkFractionInsidePaper": 0.051231060606060606,
va_exp_nonconviction-set	Print the verdict and the page digests to the log	2026-09-12T06:10:36.1441935Z       "nonblank": true,
va_exp_nonconviction-set	Print the verdict and the page digests to the log	2026-09-12T06:10:36.1442196Z       "croppedToThePage": true
va_exp_nonconviction-set	Print the verdict and the page digests to the log	2026-09-12T06:10:36.1442586Z     },
va_exp_nonconviction-set	Print the verdict and the page digests to the log	2026-09-12T06:10:36.1442772Z     {
va_exp_nonconviction-set	Print the verdict and the page digests to the log	2026-09-12T06:10:36.1442967Z       "kind": "boundary",
va_exp_nonconviction-set	Print the verdict and the page digests to the log	2026-09-12T06:10:36.1443224Z       "document": "boundary.pdf",
va_exp_nonconviction-set	Print the verdict and the page digests to the log	2026-09-12T06:10:36.1443473Z       "page": 4,
va_exp_nonconviction-set	Print the verdict and the page digests to the log	2026-09-12T06:10:36.1443774Z       "png": "va_exp_nonconviction-set/boundary/page-004.png",
va_exp_nonconviction-set	Print the verdict and the page digests to the log	2026-09-12T06:10:36.1444098Z       "bytes": 278207,
va_exp_nonconviction-set	Print the verdict and the page digests to the log	2026-09-12T06:10:36.1444500Z       "pngSha256": "6aa2261b2d2b0514e9450e0ae38194be1472c897bc0ca32c8265910c40ed8943",
va_exp_nonconviction-set	Print the verdict and the page digests to the log	2026-09-12T06:10:36.1444915Z       "pngWidth": 2040,
va_exp_nonconviction-set	Print the verdict and the page digests to the log	2026-09-12T06:10:36.1445142Z       "pngHeight": 2640,
va_exp_nonconviction-set	Print the verdict and the page digests to the log	2026-09-12T06:10:36.1445370Z       "paper": {
va_exp_nonconviction-set	Print the verdict and the page digests to the log	2026-09-12T06:10:36.1445575Z         "x0": 204,
va_exp_nonconviction-set	Print the verdict and the page digests to the log	2026-09-12T06:10:36.1445779Z         "y0": 3,
va_exp_nonconviction-set	Print the verdict and the page digests to the log	2026-09-12T06:10:36.1445974Z         "x1": 2243,
va_exp_nonconviction-set	Print the verdict and the page digests to the log	2026-09-12T06:10:36.1446176Z         "y1": 2642,
va_exp_nonconviction-set	Print the verdict and the page digests to the log	2026-09-12T06:10:36.1446377Z         "width": 2040,
va_exp_nonconviction-set	Print the verdict and the page digests to the log	2026-09-12T06:10:36.1446589Z         "height": 2640
va_exp_nonconviction-set	Print the verdict and the page digests to the log	2026-09-12T06:10:36.1446842Z       },
va_exp_nonconviction-set	Print the verdict and the page digests to the log	2026-09-12T06:10:36.1447069Z       "pxPerPt": 3.3333333333333335,
va_exp_nonconviction-set	Print the verdict and the page digests to the log	2026-09-12T06:10:36.1447368Z       "expectedPxPerPt": 3.333333333333333,
va_exp_nonconviction-set	Print the verdict and the page digests to the log	2026-09-12T06:10:36.1447649Z       "pageWidthPt": 612,
va_exp_nonconviction-set	Print the verdict and the page digests to the log	2026-09-12T06:10:36.1447884Z       "pageHeightPt": 792,
va_exp_nonconviction-set	Print the verdict and the page digests to the log	2026-09-12T06:10:36.1448130Z       "expectedPx": {
va_exp_nonconviction-set	Print the verdict and the page digests to the log	2026-09-12T06:10:36.1448391Z         "width": 2039.9999999999998,
va_exp_nonconviction-set	Print the verdict and the page digests to the log	2026-09-12T06:10:36.1448842Z         "height": 2639.9999999999995,
va_exp_nonconviction-set	Print the verdict and the page digests to the log	2026-09-12T06:10:36.1449132Z         "tolerancePx": 6.666666666666666
va_exp_nonconviction-set	Print the verdict and the page digests to the log	2026-09-12T06:10:36.1449397Z       },
va_exp_nonconviction-set	Print the verdict and the page digests to the log	2026-09-12T06:10:36.1449630Z       "calibrationResidualPx": 0,
va_exp_nonconviction-set	Print the verdict and the page digests to the log	2026-09-12T06:10:36.1449967Z       "inkFractionInsidePaper": 0.03187054367201426,
va_exp_nonconviction-set	Print the verdict and the page digests to the log	2026-09-12T06:10:36.1450262Z       "nonblank": true,
va_exp_nonconviction-set	Print the verdict and the page digests to the log	2026-09-12T06:10:36.1450509Z       "croppedToThePage": true
va_exp_nonconviction-set	Print the verdict and the page digests to the log	2026-09-12T06:10:36.1450751Z     },
va_exp_nonconviction-set	Print the verdict and the page digests to the log	2026-09-12T06:10:36.1450937Z     {
va_exp_nonconviction-set	Print the verdict and the page digests to the log	2026-09-12T06:10:36.1451132Z       "kind": "boundary",
va_exp_nonconviction-set	Print the verdict and the page digests to the log	2026-09-12T06:10:36.1451390Z       "document": "boundary.pdf",
va_exp_nonconviction-set	Print the verdict and the page digests to the log	2026-09-12T06:10:36.1451630Z       "page": 5,
va_exp_nonconviction-set	Print the verdict and the page digests to the log	2026-09-12T06:10:36.1451925Z       "png": "va_exp_nonconviction-set/boundary/page-005.png",
va_exp_nonconviction-set	Print the verdict and the page digests to the log	2026-09-12T06:10:36.1452243Z       "bytes": 500946,
va_exp_nonconviction-set	Print the verdict and the page digests to the log	2026-09-12T06:10:36.1452647Z       "pngSha256": "58115580261fb440014e80b965cbaf548574a92672afaa86ac0a32bda151c972",
va_exp_nonconviction-set	Print the verdict and the page digests to the log	2026-09-12T06:10:36.1453222Z       "pngWidth": 2040,
va_exp_nonconviction-set	Print the verdict and the page digests to the log	2026-09-12T06:10:36.1453453Z       "pngHeight": 2640,
va_exp_nonconviction-set	Print the verdict and the page digests to the log	2026-09-12T06:10:36.1453692Z       "paper": {
va_exp_nonconviction-set	Print the verdict and the page digests to the log	2026-09-12T06:10:36.1453905Z         "x0": 204,
va_exp_nonconviction-set	Print the verdict and the page digests to the log	2026-09-12T06:10:36.1454112Z         "y0": 3,
va_exp_nonconviction-set	Print the verdict and the page digests to the log	2026-09-12T06:10:36.1454308Z         "x1": 2243,
va_exp_nonconviction-set	Print the verdict and the page digests to the log	2026-09-12T06:10:36.1454509Z         "y1": 2642,
va_exp_nonconviction-set	Print the verdict and the page digests to the log	2026-09-12T06:10:36.1454715Z         "width": 2040,
va_exp_nonconviction-set	Print the verdict and the page digests to the log	2026-09-12T06:10:36.1454938Z         "height": 2640
va_exp_nonconviction-set	Print the verdict and the page digests to the log	2026-09-12T06:10:36.1455156Z       },
va_exp_nonconviction-set	Print the verdict and the page digests to the log	2026-09-12T06:10:36.1455384Z       "pxPerPt": 3.3333333333333335,
va_exp_nonconviction-set	Print the verdict and the page digests to the log	2026-09-12T06:10:36.1455687Z       "expectedPxPerPt": 3.333333333333333,
va_exp_nonconviction-set	Print the verdict and the page digests to the log	2026-09-12T06:10:36.1455971Z       "pageWidthPt": 612,
va_exp_nonconviction-set	Print the verdict and the page digests to the log	2026-09-12T06:10:36.1456217Z       "pageHeightPt": 792,
va_exp_nonconviction-set	Print the verdict and the page digests to the log	2026-09-12T06:10:36.1456452Z       "expectedPx": {
va_exp_nonconviction-set	Print the verdict and the page digests to the log	2026-09-12T06:10:36.1456705Z         "width": 2039.9999999999998,
va_exp_nonconviction-set	Print the verdict and the page digests to the log	2026-09-12T06:10:36.1456982Z         "height": 2639.9999999999995,
va_exp_nonconviction-set	Print the verdict and the page digests to the log	2026-09-12T06:10:36.1457266Z         "tolerancePx": 6.666666666666666
va_exp_nonconviction-set	Print the verdict and the page digests to the log	2026-09-12T06:10:36.1457522Z       },
va_exp_nonconviction-set	Print the verdict and the page digests to the log	2026-09-12T06:10:36.1457753Z       "calibrationResidualPx": 0,
va_exp_nonconviction-set	Print the verdict and the page digests to the log	2026-09-12T06:10:36.1458085Z       "inkFractionInsidePaper": 0.06507891414141415,
va_exp_nonconviction-set	Print the verdict and the page digests to the log	2026-09-12T06:10:36.1458391Z       "nonblank": true,
va_exp_nonconviction-set	Print the verdict and the page digests to the log	2026-09-12T06:10:36.1458806Z       "croppedToThePage": true
va_exp_nonconviction-set	Print the verdict and the page digests to the log	2026-09-12T06:10:36.1459051Z     },
va_exp_nonconviction-set	Print the verdict and the page digests to the log	2026-09-12T06:10:36.1459236Z     {
va_exp_nonconviction-set	Print the verdict and the page digests to the log	2026-09-12T06:10:36.1459447Z       "kind": "boundary",
va_exp_nonconviction-set	Print the verdict and the page digests to the log	2026-09-12T06:10:36.1459700Z       "document": "boundary.pdf",
va_exp_nonconviction-set	Print the verdict and the page digests to the log	2026-09-12T06:10:36.1459944Z       "page": 6,
va_exp_nonconviction-set	Print the verdict and the page digests to the log	2026-09-12T06:10:36.1460243Z       "png": "va_exp_nonconviction-set/boundary/page-006.png",
va_exp_nonconviction-set	Print the verdict and the page digests to the log	2026-09-12T06:10:36.1460568Z       "bytes": 168679,
va_exp_nonconviction-set	Print the verdict and the page digests to the log	2026-09-12T06:10:36.1460971Z       "pngSha256": "51c2b36de4e62ed7d42184b4dadcd04c00ab0b0ff173612f2122de6344adc29d",
va_exp_nonconviction-set	Print the verdict and the page digests to the log	2026-09-12T06:10:36.1461541Z       "pngWidth": 2040,
va_exp_nonconviction-set	Print the verdict and the page digests to the log	2026-09-12T06:10:36.1461772Z       "pngHeight": 2640,
va_exp_nonconviction-set	Print the verdict and the page digests to the log	2026-09-12T06:10:36.1461999Z       "paper": {
va_exp_nonconviction-set	Print the verdict and the page digests to the log	2026-09-12T06:10:36.1462202Z         "x0": 204,
va_exp_nonconviction-set	Print the verdict and the page digests to the log	2026-09-12T06:10:36.1462410Z         "y0": 3,
va_exp_nonconviction-set	Print the verdict and the page digests to the log	2026-09-12T06:10:36.1462606Z         "x1": 2243,
va_exp_nonconviction-set	Print the verdict and the page digests to the log	2026-09-12T06:10:36.1462823Z         "y1": 2642,
va_exp_nonconviction-set	Print the verdict and the page digests to the log	2026-09-12T06:10:36.1463023Z         "width": 2040,
va_exp_nonconviction-set	Print the verdict and the page digests to the log	2026-09-12T06:10:36.1463235Z         "height": 2640
va_exp_nonconviction-set	Print the verdict and the page digests to the log	2026-09-12T06:10:36.1463435Z       },
va_exp_nonconviction-set	Print the verdict and the page digests to the log	2026-09-12T06:10:36.1463656Z       "pxPerPt": 3.3333333333333335,
va_exp_nonconviction-set	Print the verdict and the page digests to the log	2026-09-12T06:10:36.1463944Z       "expectedPxPerPt": 3.333333333333333,
va_exp_nonconviction-set	Print the verdict and the page digests to the log	2026-09-12T06:10:36.1464226Z       "pageWidthPt": 612,
va_exp_nonconviction-set	Print the verdict and the page digests to the log	2026-09-12T06:10:36.1464459Z       "pageHeightPt": 792,
va_exp_nonconviction-set	Print the verdict and the page digests to the log	2026-09-12T06:10:36.1464692Z       "expectedPx": {
va_exp_nonconviction-set	Print the verdict and the page digests to the log	2026-09-12T06:10:36.1464928Z         "width": 2039.9999999999998,
va_exp_nonconviction-set	Print the verdict and the page digests to the log	2026-09-12T06:10:36.1465202Z         "height": 2639.9999999999995,
va_exp_nonconviction-set	Print the verdict and the page digests to the log	2026-09-12T06:10:36.1465480Z         "tolerancePx": 6.666666666666666
va_exp_nonconviction-set	Print the verdict and the page digests to the log	2026-09-12T06:10:36.1465732Z       },
va_exp_nonconviction-set	Print the verdict and the page digests to the log	2026-09-12T06:10:36.1465954Z       "calibrationResidualPx": 0,
va_exp_nonconviction-set	Print the verdict and the page digests to the log	2026-09-12T06:10:36.1466264Z       "inkFractionInsidePaper": 0.01920788770053476,
va_exp_nonconviction-set	Print the verdict and the page digests to the log	2026-09-12T06:10:36.1466556Z       "nonblank": true,
va_exp_nonconviction-set	Print the verdict and the page digests to the log	2026-09-12T06:10:36.1466803Z       "croppedToThePage": true
va_exp_nonconviction-set	Print the verdict and the page digests to the log	2026-09-12T06:10:36.1467038Z     },
va_exp_nonconviction-set	Print the verdict and the page digests to the log	2026-09-12T06:10:36.1467218Z     {
va_exp_nonconviction-set	Print the verdict and the page digests to the log	2026-09-12T06:10:36.1467406Z       "kind": "boundary",
va_exp_nonconviction-set	Print the verdict and the page digests to the log	2026-09-12T06:10:36.1467655Z       "document": "boundary.pdf",
va_exp_nonconviction-set	Print the verdict and the page digests to the log	2026-09-12T06:10:36.1467895Z       "page": 7,
va_exp_nonconviction-set	Print the verdict and the page digests to the log	2026-09-12T06:10:36.1468180Z       "png": "va_exp_nonconviction-set/boundary/page-007.png",
va_exp_nonconviction-set	Print the verdict and the page digests to the log	2026-09-12T06:10:36.1468653Z       "bytes": 466777,
va_exp_nonconviction-set	Print the verdict and the page digests to the log	2026-09-12T06:10:36.1469052Z       "pngSha256": "2be17a96a84e5cc189a8650545b6003d9aac9c31b989eef339001d56971da989",
va_exp_nonconviction-set	Print the verdict and the page digests to the log	2026-09-12T06:10:36.1469452Z       "pngWidth": 2040,
va_exp_nonconviction-set	Print the verdict and the page digests to the log	2026-09-12T06:10:36.1469673Z       "pngHeight": 2640,
va_exp_nonconviction-set	Print the verdict and the page digests to the log	2026-09-12T06:10:36.1469893Z       "paper": {
va_exp_nonconviction-set	Print the verdict and the page digests to the log	2026-09-12T06:10:36.1470092Z         "x0": 204,
va_exp_nonconviction-set	Print the verdict and the page digests to the log	2026-09-12T06:10:36.1470292Z         "y0": 3,
va_exp_nonconviction-set	Print the verdict and the page digests to the log	2026-09-12T06:10:36.1470487Z         "x1": 2243,
va_exp_nonconviction-set	Print the verdict and the page digests to the log	2026-09-12T06:10:36.1470689Z         "y1": 2642,
va_exp_nonconviction-set	Print the verdict and the page digests to the log	2026-09-12T06:10:36.1470888Z         "width": 2040,
va_exp_nonconviction-set	Print the verdict and the page digests to the log	2026-09-12T06:10:36.1471098Z         "height": 2640
va_exp_nonconviction-set	Print the verdict and the page digests to the log	2026-09-12T06:10:36.1471299Z       },
va_exp_nonconviction-set	Print the verdict and the page digests to the log	2026-09-12T06:10:36.1471662Z       "pxPerPt": 3.3333333333333335,
va_exp_nonconviction-set	Print the verdict and the page digests to the log	2026-09-12T06:10:36.1471951Z       "expectedPxPerPt": 3.333333333333333,
va_exp_nonconviction-set	Print the verdict and the page digests to the log	2026-09-12T06:10:36.1472223Z       "pageWidthPt": 612,
va_exp_nonconviction-set	Print the verdict and the page digests to the log	2026-09-12T06:10:36.1472452Z       "pageHeightPt": 792,
va_exp_nonconviction-set	Print the verdict and the page digests to the log	2026-09-12T06:10:36.1472680Z       "expectedPx": {
va_exp_nonconviction-set	Print the verdict and the page digests to the log	2026-09-12T06:10:36.1472917Z         "width": 2039.9999999999998,
va_exp_nonconviction-set	Print the verdict and the page digests to the log	2026-09-12T06:10:36.1473191Z         "height": 2639.9999999999995,
va_exp_nonconviction-set	Print the verdict and the page digests to the log	2026-09-12T06:10:36.1473466Z         "tolerancePx": 6.666666666666666
va_exp_nonconviction-set	Print the verdict and the page digests to the log	2026-09-12T06:10:36.1473711Z       },
va_exp_nonconviction-set	Print the verdict and the page digests to the log	2026-09-12T06:10:36.1473931Z       "calibrationResidualPx": 0,
va_exp_nonconviction-set	Print the verdict and the page digests to the log	2026-09-12T06:10:36.1474235Z       "inkFractionInsidePaper": 0.05523488562091503,
va_exp_nonconviction-set	Print the verdict and the page digests to the log	2026-09-12T06:10:36.1474521Z       "nonblank": true,
va_exp_nonconviction-set	Print the verdict and the page digests to the log	2026-09-12T06:10:36.1474767Z       "croppedToThePage": true
va_exp_nonconviction-set	Print the verdict and the page digests to the log	2026-09-12T06:10:36.1474998Z     },
va_exp_nonconviction-set	Print the verdict and the page digests to the log	2026-09-12T06:10:36.1475188Z     {
va_exp_nonconviction-set	Print the verdict and the page digests to the log	2026-09-12T06:10:36.1475378Z       "kind": "boundary",
va_exp_nonconviction-set	Print the verdict and the page digests to the log	2026-09-12T06:10:36.1475626Z       "document": "boundary.pdf",
va_exp_nonconviction-set	Print the verdict and the page digests to the log	2026-09-12T06:10:36.1475861Z       "page": 8,
va_exp_nonconviction-set	Print the verdict and the page digests to the log	2026-09-12T06:10:36.1476154Z       "png": "va_exp_nonconviction-set/boundary/page-008.png",
va_exp_nonconviction-set	Print the verdict and the page digests to the log	2026-09-12T06:10:36.1476460Z       "bytes": 460657,
va_exp_nonconviction-set	Print the verdict and the page digests to the log	2026-09-12T06:10:36.1476842Z       "pngSha256": "e141764ce5af22c6bb8f4cff896597a634589058feb0c957144e2a5e88e85d70",
va_exp_nonconviction-set	Print the verdict and the page digests to the log	2026-09-12T06:10:36.1477237Z       "pngWidth": 2040,
va_exp_nonconviction-set	Print the verdict and the page digests to the log	2026-09-12T06:10:36.1477457Z       "pngHeight": 2640,
va_exp_nonconviction-set	Print the verdict and the page digests to the log	2026-09-12T06:10:36.1477676Z       "paper": {
va_exp_nonconviction-set	Print the verdict and the page digests to the log	2026-09-12T06:10:36.1477877Z         "x0": 204,
va_exp_nonconviction-set	Print the verdict and the page digests to the log	2026-09-12T06:10:36.1478074Z         "y0": 3,
va_exp_nonconviction-set	Print the verdict and the page digests to the log	2026-09-12T06:10:36.1478268Z         "x1": 2243,
va_exp_nonconviction-set	Print the verdict and the page digests to the log	2026-09-12T06:10:36.1478463Z         "y1": 2642,
va_exp_nonconviction-set	Print the verdict and the page digests to the log	2026-09-12T06:10:36.1478919Z         "width": 2040,
va_exp_nonconviction-set	Print the verdict and the page digests to the log	2026-09-12T06:10:36.1479130Z         "height": 2640
va_exp_nonconviction-set	Print the verdict and the page digests to the log	2026-09-12T06:10:36.1479342Z       },
va_exp_nonconviction-set	Print the verdict and the page digests to the log	2026-09-12T06:10:36.1479553Z       "pxPerPt": 3.3333333333333335,
va_exp_nonconviction-set	Print the verdict and the page digests to the log	2026-09-12T06:10:36.1479975Z       "expectedPxPerPt": 3.333333333333333,
va_exp_nonconviction-set	Print the verdict and the page digests to the log	2026-09-12T06:10:36.1480245Z       "pageWidthPt": 612,
va_exp_nonconviction-set	Print the verdict and the page digests to the log	2026-09-12T06:10:36.1480474Z       "pageHeightPt": 792,
va_exp_nonconviction-set	Print the verdict and the page digests to the log	2026-09-12T06:10:36.1480710Z       "expectedPx": {
va_exp_nonconviction-set	Print the verdict and the page digests to the log	2026-09-12T06:10:36.1480957Z         "width": 2039.9999999999998,
va_exp_nonconviction-set	Print the verdict and the page digests to the log	2026-09-12T06:10:36.1481231Z         "height": 2639.9999999999995,
va_exp_nonconviction-set	Print the verdict and the page digests to the log	2026-09-12T06:10:36.1481510Z         "tolerancePx": 6.666666666666666
va_exp_nonconviction-set	Print the verdict and the page digests to the log	2026-09-12T06:10:36.1481761Z       },
va_exp_nonconviction-set	Print the verdict and the page digests to the log	2026-09-12T06:10:36.1481980Z       "calibrationResidualPx": 0,
va_exp_nonconviction-set	Print the verdict and the page digests to the log	2026-09-12T06:10:36.1482304Z       "inkFractionInsidePaper": 0.06378676470588235,
va_exp_nonconviction-set	Print the verdict and the page digests to the log	2026-09-12T06:10:36.1482609Z       "nonblank": true,
va_exp_nonconviction-set	Print the verdict and the page digests to the log	2026-09-12T06:10:36.1482861Z       "croppedToThePage": true
va_exp_nonconviction-set	Print the verdict and the page digests to the log	2026-09-12T06:10:36.1483102Z     },
va_exp_nonconviction-set	Print the verdict and the page digests to the log	2026-09-12T06:10:36.1483288Z     {
va_exp_nonconviction-set	Print the verdict and the page digests to the log	2026-09-12T06:10:36.1483484Z       "kind": "boundary",
va_exp_nonconviction-set	Print the verdict and the page digests to the log	2026-09-12T06:10:36.1483741Z       "document": "boundary.pdf",
va_exp_nonconviction-set	Print the verdict and the page digests to the log	2026-09-12T06:10:36.1483991Z       "page": 9,
va_exp_nonconviction-set	Print the verdict and the page digests to the log	2026-09-12T06:10:36.1484343Z       "png": "va_exp_nonconviction-set/boundary/page-009.png",
va_exp_nonconviction-set	Print the verdict and the page digests to the log	2026-09-12T06:10:36.1484667Z       "bytes": 181379,
va_exp_nonconviction-set	Print the verdict and the page digests to the log	2026-09-12T06:10:36.1485060Z       "pngSha256": "3c215f066d99e932aec76558e4bb3aa765e83ae4b6190422840c22dd61169b85",
va_exp_nonconviction-set	Print the verdict and the page digests to the log	2026-09-12T06:10:36.1485471Z       "pngWidth": 2040,
va_exp_nonconviction-set	Print the verdict and the page digests to the log	2026-09-12T06:10:36.1485702Z       "pngHeight": 2640,
va_exp_nonconviction-set	Print the verdict and the page digests to the log	2026-09-12T06:10:36.1485928Z       "paper": {
va_exp_nonconviction-set	Print the verdict and the page digests to the log	2026-09-12T06:10:36.1496399Z         "x0": 204,
va_exp_nonconviction-set	Print the verdict and the page digests to the log	2026-09-12T06:10:36.1496734Z         "y0": 3,
va_exp_nonconviction-set	Print the verdict and the page digests to the log	2026-09-12T06:10:36.1496955Z         "x1": 2243,
va_exp_nonconviction-set	Print the verdict and the page digests to the log	2026-09-12T06:10:36.1497163Z         "y1": 2642,
va_exp_nonconviction-set	Print the verdict and the page digests to the log	2026-09-12T06:10:36.1497365Z         "width": 2040,
va_exp_nonconviction-set	Print the verdict and the page digests to the log	2026-09-12T06:10:36.1497584Z         "height": 2640
va_exp_nonconviction-set	Print the verdict and the page digests to the log	2026-09-12T06:10:36.1497799Z       },
va_exp_nonconviction-set	Print the verdict and the page digests to the log	2026-09-12T06:10:36.1498040Z       "pxPerPt": 3.3333333333333335,
va_exp_nonconviction-set	Print the verdict and the page digests to the log	2026-09-12T06:10:36.1498344Z       "expectedPxPerPt": 3.333333333333333,
va_exp_nonconviction-set	Print the verdict and the page digests to the log	2026-09-12T06:10:36.1498820Z       "pageWidthPt": 612,
va_exp_nonconviction-set	Print the verdict and the page digests to the log	2026-09-12T06:10:36.1499063Z       "pageHeightPt": 792,
va_exp_nonconviction-set	Print the verdict and the page digests to the log	2026-09-12T06:10:36.1499299Z       "expectedPx": {
va_exp_nonconviction-set	Print the verdict and the page digests to the log	2026-09-12T06:10:36.1499554Z         "width": 2039.9999999999998,
va_exp_nonconviction-set	Print the verdict and the page digests to the log	2026-09-12T06:10:36.1499834Z         "height": 2639.9999999999995,
va_exp_nonconviction-set	Print the verdict and the page digests to the log	2026-09-12T06:10:36.1500120Z         "tolerancePx": 6.666666666666666
va_exp_nonconviction-set	Print the verdict and the page digests to the log	2026-09-12T06:10:36.1500565Z       },
va_exp_nonconviction-set	Print the verdict and the page digests to the log	2026-09-12T06:10:36.1500790Z       "calibrationResidualPx": 0,
va_exp_nonconviction-set	Print the verdict and the page digests to the log	2026-09-12T06:10:36.1501118Z       "inkFractionInsidePaper": 0.02150531045751634,
va_exp_nonconviction-set	Print the verdict and the page digests to the log	2026-09-12T06:10:36.1501460Z       "nonblank": true,
va_exp_nonconviction-set	Print the verdict and the page digests to the log	2026-09-12T06:10:36.1501826Z       "croppedToThePage": true
va_exp_nonconviction-set	Print the verdict and the page digests to the log	2026-09-12T06:10:36.1502124Z     }
va_exp_nonconviction-set	Print the verdict and the page digests to the log	2026-09-12T06:10:36.1502311Z   ],
va_exp_nonconviction-set	Print the verdict and the page digests to the log	2026-09-12T06:10:36.1502502Z   "problems": [],
va_exp_nonconviction-set	Print the verdict and the page digests to the log	2026-09-12T06:10:36.1502739Z   "environmentProblems": [],
va_exp_nonconviction-set	Print the verdict and the page digests to the log	2026-09-12T06:10:36.1503403Z   "whatThisDoesNotDecide": "This is one gate. RASTER_PASS does not make a family PASS_COMPLETE, promotes nothing, and opens no commercial route.",
va_exp_nonconviction-set	Print the verdict and the page digests to the log	2026-09-12T06:10:36.1504007Z   "packetPdfsModified": 0,
va_exp_nonconviction-set	Print the verdict and the page digests to the log	2026-09-12T06:10:36.1504252Z   "bodiesCommitted": 0,
va_exp_nonconviction-set	Print the verdict and the page digests to the log	2026-09-12T06:10:36.1504508Z   "commercialRoutesOpened": 0,
va_exp_nonconviction-set	Print the verdict and the page digests to the log	2026-09-12T06:10:36.1504763Z   "productionTouched": false
va_exp_nonconviction-set	Print the verdict and the page digests to the log	2026-09-12T06:10:36.1505007Z }
va_exp_nonconviction-set	Print the verdict and the page digests to the log	2026-09-12T06:10:36.1505332Z ===== END VERDICT va_exp_nonconviction-set.verdict.json =====
va_exp_nonconviction-set	Print the verdict and the page digests to the log	2026-09-12T06:10:36.1505709Z ===== BEGIN PAGE DIGESTS =====
va_exp_nonconviction-set	Print the verdict and the page digests to the log	2026-09-12T06:10:36.1506414Z 68efe4faff3f97f335a55d97b6d652199192c5a117a17ebff62f5076bdb0fc20  raster-out/va_exp_nonconviction-set/boundary/page-001.png
va_exp_nonconviction-set	Print the verdict and the page digests to the log	2026-09-12T06:10:36.1507402Z a7232108c13e747557ef98272b05cf895f2aa648cf664068eb68b76eb3fe2aec  raster-out/va_exp_nonconviction-set/boundary/page-002.png
va_exp_nonconviction-set	Print the verdict and the page digests to the log	2026-09-12T06:10:36.1508324Z 6fd704f901a4aa92065601918ffa386d434f3711105fbc2673b31a0634534472  raster-out/va_exp_nonconviction-set/boundary/page-003.png
va_exp_nonconviction-set	Print the verdict and the page digests to the log	2026-09-12T06:10:36.1509463Z 6aa2261b2d2b0514e9450e0ae38194be1472c897bc0ca32c8265910c40ed8943  raster-out/va_exp_nonconviction-set/boundary/page-004.png
va_exp_nonconviction-set	Print the verdict and the page digests to the log	2026-09-12T06:10:36.1510408Z 58115580261fb440014e80b965cbaf548574a92672afaa86ac0a32bda151c972  raster-out/va_exp_nonconviction-set/boundary/page-005.png
va_exp_nonconviction-set	Print the verdict and the page digests to the log	2026-09-12T06:10:36.1511335Z 51c2b36de4e62ed7d42184b4dadcd04c00ab0b0ff173612f2122de6344adc29d  raster-out/va_exp_nonconviction-set/boundary/page-006.png
va_exp_nonconviction-set	Print the verdict and the page digests to the log	2026-09-12T06:10:36.1512439Z 2be17a96a84e5cc189a8650545b6003d9aac9c31b989eef339001d56971da989  raster-out/va_exp_nonconviction-set/boundary/page-007.png
va_exp_nonconviction-set	Print the verdict and the page digests to the log	2026-09-12T06:10:36.1513396Z e141764ce5af22c6bb8f4cff896597a634589058feb0c957144e2a5e88e85d70  raster-out/va_exp_nonconviction-set/boundary/page-008.png
va_exp_nonconviction-set	Print the verdict and the page digests to the log	2026-09-12T06:10:36.1514345Z 3c215f066d99e932aec76558e4bb3aa765e83ae4b6190422840c22dd61169b85  raster-out/va_exp_nonconviction-set/boundary/page-009.png
va_exp_nonconviction-set	Print the verdict and the page digests to the log	2026-09-12T06:10:36.1515340Z 6cc6a6ae21f8af29c3fc8668a3d10e8d0cb80d574d5e2583da45bf8ef80f4e5f  raster-out/va_exp_nonconviction-set/boundary/page-calibration.png
va_exp_nonconviction-set	Print the verdict and the page digests to the log	2026-09-12T06:10:36.1516328Z d823903759282c8cbb2f4d805b7fad9828266fc4d518212ae9f129b4b036796c  raster-out/va_exp_nonconviction-set/canonical/page-001.png
va_exp_nonconviction-set	Print the verdict and the page digests to the log	2026-09-12T06:10:36.1517260Z a7232108c13e747557ef98272b05cf895f2aa648cf664068eb68b76eb3fe2aec  raster-out/va_exp_nonconviction-set/canonical/page-002.png
va_exp_nonconviction-set	Print the verdict and the page digests to the log	2026-09-12T06:10:36.1518196Z 2bd3ed8f2575faf092452cfcccedc428011405e183926b06727eaa573de1bde1  raster-out/va_exp_nonconviction-set/canonical/page-003.png
va_exp_nonconviction-set	Print the verdict and the page digests to the log	2026-09-12T06:10:36.1519366Z 947266840d3c6316077420bc61a049aa9bb383778760a42fa5048c2a85afd8a1  raster-out/va_exp_nonconviction-set/canonical/page-004.png
va_exp_nonconviction-set	Print the verdict and the page digests to the log	2026-09-12T06:10:36.1520298Z df3c81c07e6cfc72434e2341f8e46e0a43a65532311636daea1713368772d1d1  raster-out/va_exp_nonconviction-set/canonical/page-005.png
va_exp_nonconviction-set	Print the verdict and the page digests to the log	2026-09-12T06:10:36.1521226Z 51c2b36de4e62ed7d42184b4dadcd04c00ab0b0ff173612f2122de6344adc29d  raster-out/va_exp_nonconviction-set/canonical/page-006.png
va_exp_nonconviction-set	Print the verdict and the page digests to the log	2026-09-12T06:10:36.1522186Z 46ef50eeeaf1e840a05fde007168fa99477a662c126b76d8cf69bbf1af43be79  raster-out/va_exp_nonconviction-set/canonical/page-007.png
va_exp_nonconviction-set	Print the verdict and the page digests to the log	2026-09-12T06:10:36.1523114Z e141764ce5af22c6bb8f4cff896597a634589058feb0c957144e2a5e88e85d70  raster-out/va_exp_nonconviction-set/canonical/page-008.png
va_exp_nonconviction-set	Print the verdict and the page digests to the log	2026-09-12T06:10:36.1524033Z 3c215f066d99e932aec76558e4bb3aa765e83ae4b6190422840c22dd61169b85  raster-out/va_exp_nonconviction-set/canonical/page-009.png
va_exp_nonconviction-set	Print the verdict and the page digests to the log	2026-09-12T06:10:36.1525013Z 6cc6a6ae21f8af29c3fc8668a3d10e8d0cb80d574d5e2583da45bf8ef80f4e5f  raster-out/va_exp_nonconviction-set/canonical/page-calibration.png
va_exp_nonconviction-set	Print the verdict and the page digests to the log	2026-09-12T06:10:36.1525798Z ===== END PAGE DIGESTS =====
va_exp_nonconviction-set	Refuse a modified packet byte	﻿2026-09-12T06:10:36.1550485Z ##[group]Run set -euo pipefail
va_exp_nonconviction-set	Refuse a modified packet byte	2026-09-12T06:10:36.1550796Z ^[[36;1mset -euo pipefail^[[0m
va_exp_nonconviction-set	Refuse a modified packet byte	2026-09-12T06:10:36.1551144Z ^[[36;1m# The render writes only under raster-out/. If a tracked file moved,^[[0m
va_exp_nonconviction-set	Refuse a modified packet byte	2026-09-12T06:10:36.1551554Z ^[[36;1m# something wrote where it must not.^[[0m
va_exp_nonconviction-set	Refuse a modified packet byte	2026-09-12T06:10:36.1551893Z ^[[36;1mgit diff --quiet && git diff --cached --quiet \^[[0m
va_exp_nonconviction-set	Refuse a modified packet byte	2026-09-12T06:10:36.1552375Z ^[[36;1m  || { echo "REFUSED: the render modified tracked files"; git status --porcelain; exit 1; }^[[0m
va_exp_nonconviction-set	Refuse a modified packet byte	2026-09-12T06:10:36.1589690Z shell: /usr/bin/bash -e {0}
va_exp_nonconviction-set	Refuse a modified packet byte	2026-09-12T06:10:36.1589954Z env:
va_exp_nonconviction-set	Refuse a modified packet byte	2026-09-12T06:10:36.1590228Z   pythonLocation: /opt/hostedtoolcache/Python/3.12.14/x64
va_exp_nonconviction-set	Refuse a modified packet byte	2026-09-12T06:10:36.1590665Z   PKG_CONFIG_PATH: /opt/hostedtoolcache/Python/3.12.14/x64/lib/pkgconfig
va_exp_nonconviction-set	Refuse a modified packet byte	2026-09-12T06:10:36.1591095Z   Python_ROOT_DIR: /opt/hostedtoolcache/Python/3.12.14/x64
va_exp_nonconviction-set	Refuse a modified packet byte	2026-09-12T06:10:36.1591465Z   Python2_ROOT_DIR: /opt/hostedtoolcache/Python/3.12.14/x64
va_exp_nonconviction-set	Refuse a modified packet byte	2026-09-12T06:10:36.1591828Z   Python3_ROOT_DIR: /opt/hostedtoolcache/Python/3.12.14/x64
va_exp_nonconviction-set	Refuse a modified packet byte	2026-09-12T06:10:36.1592228Z   LD_LIBRARY_PATH: /opt/hostedtoolcache/Python/3.12.14/x64/lib
va_exp_nonconviction-set	Refuse a modified packet byte	2026-09-12T06:10:36.1592628Z   PLAYWRIGHT_BROWSERS_PATH: /home/runner/.cache/ms-playwright
va_exp_nonconviction-set	Refuse a modified packet byte	2026-09-12T06:10:36.1592962Z ##[endgroup]
va_exp_nonconviction-set	Artifact-safe label for this family	﻿2026-09-12T06:10:36.9563160Z ##[group]Run printf 'FAMILY_SLUG=%s\n' "$(printf '%s' "$FAMILY" | tr -c 'A-Za-z0-9._-' '_')" >> "$GITHUB_ENV"
va_exp_nonconviction-set	Artifact-safe label for this family	2026-09-12T06:10:36.9563833Z ^[[36;1mprintf 'FAMILY_SLUG=%s\n' "$(printf '%s' "$FAMILY" | tr -c 'A-Za-z0-9._-' '_')" >> "$GITHUB_ENV"^[[0m
va_exp_nonconviction-set	Artifact-safe label for this family	2026-09-12T06:10:36.9608788Z shell: /usr/bin/bash -e {0}
va_exp_nonconviction-set	Artifact-safe label for this family	2026-09-12T06:10:36.9609087Z env:
va_exp_nonconviction-set	Artifact-safe label for this family	2026-09-12T06:10:36.9609368Z   pythonLocation: /opt/hostedtoolcache/Python/3.12.14/x64
va_exp_nonconviction-set	Artifact-safe label for this family	2026-09-12T06:10:36.9610017Z   PKG_CONFIG_PATH: /opt/hostedtoolcache/Python/3.12.14/x64/lib/pkgconfig
va_exp_nonconviction-set	Artifact-safe label for this family	2026-09-12T06:10:36.9610461Z   Python_ROOT_DIR: /opt/hostedtoolcache/Python/3.12.14/x64
va_exp_nonconviction-set	Artifact-safe label for this family	2026-09-12T06:10:36.9610837Z   Python2_ROOT_DIR: /opt/hostedtoolcache/Python/3.12.14/x64
va_exp_nonconviction-set	Artifact-safe label for this family	2026-09-12T06:10:36.9611243Z   Python3_ROOT_DIR: /opt/hostedtoolcache/Python/3.12.14/x64
va_exp_nonconviction-set	Artifact-safe label for this family	2026-09-12T06:10:36.9611636Z   LD_LIBRARY_PATH: /opt/hostedtoolcache/Python/3.12.14/x64/lib
va_exp_nonconviction-set	Artifact-safe label for this family	2026-09-12T06:10:36.9612045Z   PLAYWRIGHT_BROWSERS_PATH: /home/runner/.cache/ms-playwright
va_exp_nonconviction-set	Artifact-safe label for this family	2026-09-12T06:10:36.9612398Z   FAMILY: va_exp_nonconviction-set
va_exp_nonconviction-set	Artifact-safe label for this family	2026-09-12T06:10:36.9612714Z ##[endgroup]
va_exp_nonconviction-set	Run actions/upload-artifact@v4	﻿2026-09-12T06:10:36.9743740Z Node 20 is being deprecated. This workflow is running with Node 24 by default. If you need to temporarily use Node 20, you can set the ACTIONS_ALLOW_USE_UNSECURE_NODE_VERSION=true environment variable. For more information see: https://github.blog/changelog/2025-09-19-deprecation-of-node-20-on-github-actions-runners/
va_exp_nonconviction-set	Run actions/upload-artifact@v4	2026-09-12T06:10:36.9744977Z ##[group]Run actions/upload-artifact@v4
va_exp_nonconviction-set	Run actions/upload-artifact@v4	2026-09-12T06:10:36.9745272Z with:
va_exp_nonconviction-set	Run actions/upload-artifact@v4	2026-09-12T06:10:36.9745544Z   name: rcap-raster-va_exp_nonconviction-set-34677056396
va_exp_nonconviction-set	Run actions/upload-artifact@v4	2026-09-12T06:10:36.9745871Z   path: raster-out/
va_exp_nonconviction-set	Run actions/upload-artifact@v4	2026-09-12T06:10:36.9746094Z   if-no-files-found: error
va_exp_nonconviction-set	Run actions/upload-artifact@v4	2026-09-12T06:10:36.9746328Z   retention-days: 14
va_exp_nonconviction-set	Run actions/upload-artifact@v4	2026-09-12T06:10:36.9746547Z   compression-level: 6
va_exp_nonconviction-set	Run actions/upload-artifact@v4	2026-09-12T06:10:36.9746764Z   overwrite: false
va_exp_nonconviction-set	Run actions/upload-artifact@v4	2026-09-12T06:10:36.9746980Z   include-hidden-files: false
va_exp_nonconviction-set	Run actions/upload-artifact@v4	2026-09-12T06:10:36.9747215Z env:
va_exp_nonconviction-set	Run actions/upload-artifact@v4	2026-09-12T06:10:36.9747470Z   pythonLocation: /opt/hostedtoolcache/Python/3.12.14/x64
va_exp_nonconviction-set	Run actions/upload-artifact@v4	2026-09-12T06:10:36.9747891Z   PKG_CONFIG_PATH: /opt/hostedtoolcache/Python/3.12.14/x64/lib/pkgconfig
va_exp_nonconviction-set	Run actions/upload-artifact@v4	2026-09-12T06:10:36.9748345Z   Python_ROOT_DIR: /opt/hostedtoolcache/Python/3.12.14/x64
va_exp_nonconviction-set	Run actions/upload-artifact@v4	2026-09-12T06:10:36.9748935Z   Python2_ROOT_DIR: /opt/hostedtoolcache/Python/3.12.14/x64
va_exp_nonconviction-set	Run actions/upload-artifact@v4	2026-09-12T06:10:36.9749312Z   Python3_ROOT_DIR: /opt/hostedtoolcache/Python/3.12.14/x64
va_exp_nonconviction-set	Run actions/upload-artifact@v4	2026-09-12T06:10:36.9749683Z   LD_LIBRARY_PATH: /opt/hostedtoolcache/Python/3.12.14/x64/lib
va_exp_nonconviction-set	Run actions/upload-artifact@v4	2026-09-12T06:10:36.9750105Z   PLAYWRIGHT_BROWSERS_PATH: /home/runner/.cache/ms-playwright
va_exp_nonconviction-set	Run actions/upload-artifact@v4	2026-09-12T06:10:36.9750472Z   FAMILY_SLUG: va_exp_nonconviction-set
va_exp_nonconviction-set	Run actions/upload-artifact@v4	2026-09-12T06:10:36.9750741Z ##[endgroup]
va_exp_nonconviction-set	Run actions/upload-artifact@v4	2026-09-12T06:10:37.1431008Z (node:5992) [DEP0040] DeprecationWarning: The `punycode` module is deprecated. Please use a userland alternative instead.
va_exp_nonconviction-set	Run actions/upload-artifact@v4	2026-09-12T06:10:37.1432715Z (Use `node --trace-deprecation ...` to show where the warning was created)
va_exp_nonconviction-set	Run actions/upload-artifact@v4	2026-09-12T06:10:37.1550274Z With the provided path, there will be 26 files uploaded
va_exp_nonconviction-set	Run actions/upload-artifact@v4	2026-09-12T06:10:37.1555477Z Artifact name is valid!
va_exp_nonconviction-set	Run actions/upload-artifact@v4	2026-09-12T06:10:37.1556369Z Root directory input is valid!
va_exp_nonconviction-set	Run actions/upload-artifact@v4	2026-09-12T06:10:37.4089925Z Beginning upload of artifact content to blob storage
va_exp_nonconviction-set	Run actions/upload-artifact@v4	2026-09-12T06:10:37.6581592Z (node:5992) [DEP0169] DeprecationWarning: `url.parse()` behavior is not standardized and prone to errors that have security implications. Use the WHATWG URL API instead. CVEs are not issued for `url.parse()` vulnerabilities.
va_exp_nonconviction-set	Run actions/upload-artifact@v4	2026-09-12T06:10:37.9663408Z Uploaded bytes 5786981
va_exp_nonconviction-set	Run actions/upload-artifact@v4	2026-09-12T06:10:37.9940809Z Finished uploading artifact content to blob storage!
va_exp_nonconviction-set	Run actions/upload-artifact@v4	2026-09-12T06:10:37.9942172Z SHA256 digest of uploaded artifact zip is 49bb583e86ff2034db0c2c3d2f7d031766589a528ae06d7b1b647bf30f4de032
va_exp_nonconviction-set	Run actions/upload-artifact@v4	2026-09-12T06:10:37.9944018Z Finalizing artifact upload
va_exp_nonconviction-set	Run actions/upload-artifact@v4	2026-09-12T06:10:38.1805282Z Artifact rcap-raster-va_exp_nonconviction-set-34677056396.zip successfully finalized. Artifact ID 10292848023
va_exp_nonconviction-set	Run actions/upload-artifact@v4	2026-09-12T06:10:38.1806800Z Artifact rcap-raster-va_exp_nonconviction-set-34677056396 has been successfully uploaded! Final size is 5786981 bytes. Artifact ID is 10292848023
va_exp_nonconviction-set	Run actions/upload-artifact@v4	2026-09-12T06:10:38.1814176Z Artifact download URL: https://github.com/Roger-LegalEase/legalease-partner-dashboard-clean/actions/runs/34677056396/artifacts/10292848023
va_exp_nonconviction-set	Post Run actions/setup-python@v5	﻿2026-09-12T06:10:38.2006256Z Node 20 is being deprecated. This workflow is running with Node 24 by default. If you need to temporarily use Node 20, you can set the ACTIONS_ALLOW_USE_UNSECURE_NODE_VERSION=true environment variable. For more information see: https://github.blog/changelog/2025-09-19-deprecation-of-node-20-on-github-actions-runners/
va_exp_nonconviction-set	Post Run actions/setup-python@v5	2026-09-12T06:10:38.2007629Z Post job cleanup.
va_exp_nonconviction-set	Post Run actions/setup-python@v5	2026-09-12T06:10:38.3224618Z (node:6004) [DEP0040] DeprecationWarning: The `punycode` module is deprecated. Please use a userland alternative instead.
va_exp_nonconviction-set	Post Run actions/setup-python@v5	2026-09-12T06:10:38.3225548Z (Use `node --trace-deprecation ...` to show where the warning was created)
va_exp_nonconviction-set	Post Run actions/setup-node@v4	﻿2026-09-12T06:10:38.3419507Z Node 20 is being deprecated. This workflow is running with Node 24 by default. If you need to temporarily use Node 20, you can set the ACTIONS_ALLOW_USE_UNSECURE_NODE_VERSION=true environment variable. For more information see: https://github.blog/changelog/2025-09-19-deprecation-of-node-20-on-github-actions-runners/
va_exp_nonconviction-set	Post Run actions/setup-node@v4	2026-09-12T06:10:38.3421520Z Post job cleanup.
va_exp_nonconviction-set	Post Run actions/setup-node@v4	2026-09-12T06:10:38.4667165Z (node:6012) [DEP0040] DeprecationWarning: The `punycode` module is deprecated. Please use a userland alternative instead.
va_exp_nonconviction-set	Post Run actions/setup-node@v4	2026-09-12T06:10:38.4668062Z (Use `node --trace-deprecation ...` to show where the warning was created)
va_exp_nonconviction-set	Post Run actions/checkout@v4	﻿2026-09-12T06:10:38.4853203Z Node 20 is being deprecated. This workflow is running with Node 24 by default. If you need to temporarily use Node 20, you can set the ACTIONS_ALLOW_USE_UNSECURE_NODE_VERSION=true environment variable. For more information see: https://github.blog/changelog/2025-09-19-deprecation-of-node-20-on-github-actions-runners/
va_exp_nonconviction-set	Post Run actions/checkout@v4	2026-09-12T06:10:38.4854390Z Post job cleanup.
va_exp_nonconviction-set	Post Run actions/checkout@v4	2026-09-12T06:10:38.5889172Z [command]/usr/bin/git version
va_exp_nonconviction-set	Post Run actions/checkout@v4	2026-09-12T06:10:38.5948978Z git version 2.55.0
va_exp_nonconviction-set	Post Run actions/checkout@v4	2026-09-12T06:10:38.5962319Z Temporarily overriding HOME='/home/runner/work/_temp/c0760427-7d24-48f5-bf8f-30981d58b2af' before making global git config changes
va_exp_nonconviction-set	Post Run actions/checkout@v4	2026-09-12T06:10:38.5964107Z Adding repository directory to the temporary git global config as a safe directory
va_exp_nonconviction-set	Post Run actions/checkout@v4	2026-09-12T06:10:38.5966339Z [command]/usr/bin/git config --global --add safe.directory /home/runner/work/legalease-partner-dashboard-clean/legalease-partner-dashboard-clean
va_exp_nonconviction-set	Post Run actions/checkout@v4	2026-09-12T06:10:38.6021381Z [command]/usr/bin/git config --local --name-only --get-regexp core\.sshCommand
va_exp_nonconviction-set	Post Run actions/checkout@v4	2026-09-12T06:10:38.6065201Z [command]/usr/bin/git submodule foreach --recursive sh -c "git config --local --name-only --get-regexp 'core\.sshCommand' && git config --local --unset-all 'core.sshCommand' || :"
va_exp_nonconviction-set	Post Run actions/checkout@v4	2026-09-12T06:10:38.6363941Z [command]/usr/bin/git config --local --name-only --get-regexp http\.https\:\/\/github\.com\/\.extraheader
va_exp_nonconviction-set	Post Run actions/checkout@v4	2026-09-12T06:10:38.6392766Z http.https://github.com/.extraheader
va_exp_nonconviction-set	Post Run actions/checkout@v4	2026-09-12T06:10:38.6410293Z [command]/usr/bin/git config --local --unset-all http.https://github.com/.extraheader
va_exp_nonconviction-set	Post Run actions/checkout@v4	2026-09-12T06:10:38.6447356Z [command]/usr/bin/git submodule foreach --recursive sh -c "git config --local --name-only --get-regexp 'http\.https\:\/\/github\.com\/\.extraheader' && git config --local --unset-all 'http.https://github.com/.extraheader' || :"
va_exp_nonconviction-set	Post Run actions/checkout@v4	2026-09-12T06:10:38.6751188Z [command]/usr/bin/git config --local --name-only --get-regexp ^includeIf\.gitdir:
va_exp_nonconviction-set	Post Run actions/checkout@v4	2026-09-12T06:10:38.6792129Z [command]/usr/bin/git submodule foreach --recursive git config --local --show-origin --name-only --get-regexp remote.origin.url
va_exp_nonconviction-set	Complete job	﻿2026-09-12T06:10:38.7340262Z Cleaning up orphan processes
va_exp_nonconviction-set	Complete job	2026-09-12T06:10:38.7661127Z ##[warning]Node.js 20 is deprecated. The following actions target Node.js 20 but are being forced to run on Node.js 24: actions/checkout@v4, actions/setup-node@v4, actions/setup-python@v5, actions/upload-artifact@v4. For more information see: https://github.blog/changelog/2025-09-19-deprecation-of-node-20-on-github-actions-runners/
