al-felony-nonconviction-90-set	Set up job	﻿2026-09-11T09:20:07.1948078Z Current runner version: '2.337.0'
al-felony-nonconviction-90-set	Set up job	2026-09-11T09:20:07.1970717Z ##[group]Runner Image Provisioner
al-felony-nonconviction-90-set	Set up job	2026-09-11T09:20:07.1971646Z Hosted Compute Agent
al-felony-nonconviction-90-set	Set up job	2026-09-11T09:20:07.1972132Z Version: 20260828.587
al-felony-nonconviction-90-set	Set up job	2026-09-11T09:20:07.1972689Z Commit: abac92662cab4cc7352de4f9f9d2e2419aad9c29
al-felony-nonconviction-90-set	Set up job	2026-09-11T09:20:07.1973348Z Build Date: 2026-08-28T16:44:25Z
al-felony-nonconviction-90-set	Set up job	2026-09-11T09:20:07.1973899Z Worker ID: {bf5fc50d-9874-4786-8a3a-8c7cdd493699}
al-felony-nonconviction-90-set	Set up job	2026-09-11T09:20:07.1974570Z Azure Region: westus3
al-felony-nonconviction-90-set	Set up job	2026-09-11T09:20:07.1975083Z ##[endgroup]
al-felony-nonconviction-90-set	Set up job	2026-09-11T09:20:07.1976545Z ##[group]Operating System
al-felony-nonconviction-90-set	Set up job	2026-09-11T09:20:07.1977080Z Ubuntu
al-felony-nonconviction-90-set	Set up job	2026-09-11T09:20:07.1977512Z 24.04.5
al-felony-nonconviction-90-set	Set up job	2026-09-11T09:20:07.1978000Z LTS
al-felony-nonconviction-90-set	Set up job	2026-09-11T09:20:07.1978430Z ##[endgroup]
al-felony-nonconviction-90-set	Set up job	2026-09-11T09:20:07.1979187Z ##[group]Runner Image
al-felony-nonconviction-90-set	Set up job	2026-09-11T09:20:07.1979746Z Image: ubuntu-24.04
al-felony-nonconviction-90-set	Set up job	2026-09-11T09:20:07.1980209Z Version: 20260907.300.1
al-felony-nonconviction-90-set	Set up job	2026-09-11T09:20:07.1981108Z Included Software: https://github.com/actions/runner-images/blob/ubuntu24/20260907.300/images/ubuntu/Ubuntu2404-Readme.md
al-felony-nonconviction-90-set	Set up job	2026-09-11T09:20:07.1982489Z Image Release: https://github.com/actions/runner-images/releases/tag/ubuntu24%2F20260907.300
al-felony-nonconviction-90-set	Set up job	2026-09-11T09:20:07.1983319Z ##[endgroup]
al-felony-nonconviction-90-set	Set up job	2026-09-11T09:20:07.1984240Z ##[group]GITHUB_TOKEN Permissions
al-felony-nonconviction-90-set	Set up job	2026-09-11T09:20:07.1986201Z Contents: read
al-felony-nonconviction-90-set	Set up job	2026-09-11T09:20:07.1986737Z Metadata: read
al-felony-nonconviction-90-set	Set up job	2026-09-11T09:20:07.1987353Z ##[endgroup]
al-felony-nonconviction-90-set	Set up job	2026-09-11T09:20:07.1989082Z Secret source: Actions
al-felony-nonconviction-90-set	Set up job	2026-09-11T09:20:07.1989910Z Cache mode: write
al-felony-nonconviction-90-set	Set up job	2026-09-11T09:20:07.1990525Z Prepare workflow directory
al-felony-nonconviction-90-set	Set up job	2026-09-11T09:20:07.2292840Z Prepare all required actions
al-felony-nonconviction-90-set	Set up job	2026-09-11T09:20:07.2342695Z Getting action download info
al-felony-nonconviction-90-set	Set up job	2026-09-11T09:20:07.5409909Z Download action repository 'actions/checkout@v4' (SHA:11d5960a326750d5838078e36cf38b85af677262)
al-felony-nonconviction-90-set	Set up job	2026-09-11T09:20:07.6720201Z Download action repository 'actions/setup-node@v4' (SHA:49933ea5288caeca8642d1e84afbd3f7d6820020)
al-felony-nonconviction-90-set	Set up job	2026-09-11T09:20:07.8793954Z Download action repository 'actions/setup-python@v5' (SHA:a26af69be951a213d495a4c3e4e4022e16d87065)
al-felony-nonconviction-90-set	Set up job	2026-09-11T09:20:07.9862717Z Download action repository 'actions/upload-artifact@v4' (SHA:ea165f8d65b6e75b540449e92b4886f43607fa02)
al-felony-nonconviction-90-set	Set up job	2026-09-11T09:20:08.2840505Z Complete job name: al-felony-nonconviction-90-set
al-felony-nonconviction-90-set	Run actions/checkout@v4	﻿2026-09-11T09:20:08.3453416Z Node 20 is being deprecated. This workflow is running with Node 24 by default. If you need to temporarily use Node 20, you can set the ACTIONS_ALLOW_USE_UNSECURE_NODE_VERSION=true environment variable. For more information see: https://github.blog/changelog/2025-09-19-deprecation-of-node-20-on-github-actions-runners/
al-felony-nonconviction-90-set	Run actions/checkout@v4	2026-09-11T09:20:08.3460753Z ##[group]Run actions/checkout@v4
al-felony-nonconviction-90-set	Run actions/checkout@v4	2026-09-11T09:20:08.3461382Z with:
al-felony-nonconviction-90-set	Run actions/checkout@v4	2026-09-11T09:20:08.3461793Z   ref: 380620df6aa089ea5e0cfd58c2ab6dd2f472cd1d
al-felony-nonconviction-90-set	Run actions/checkout@v4	2026-09-11T09:20:08.3462455Z   repository: Roger-LegalEase/legalease-partner-dashboard-clean
al-felony-nonconviction-90-set	Run actions/checkout@v4	2026-09-11T09:20:08.3466087Z   token: ***
al-felony-nonconviction-90-set	Run actions/checkout@v4	2026-09-11T09:20:08.3466480Z   ssh-strict: true
al-felony-nonconviction-90-set	Run actions/checkout@v4	2026-09-11T09:20:08.3466866Z   ssh-user: git
al-felony-nonconviction-90-set	Run actions/checkout@v4	2026-09-11T09:20:08.3467255Z   persist-credentials: true
al-felony-nonconviction-90-set	Run actions/checkout@v4	2026-09-11T09:20:08.3467707Z   clean: true
al-felony-nonconviction-90-set	Run actions/checkout@v4	2026-09-11T09:20:08.3468099Z   sparse-checkout-cone-mode: true
al-felony-nonconviction-90-set	Run actions/checkout@v4	2026-09-11T09:20:08.3468557Z   fetch-depth: 1
al-felony-nonconviction-90-set	Run actions/checkout@v4	2026-09-11T09:20:08.3468951Z   fetch-tags: false
al-felony-nonconviction-90-set	Run actions/checkout@v4	2026-09-11T09:20:08.3469331Z   show-progress: true
al-felony-nonconviction-90-set	Run actions/checkout@v4	2026-09-11T09:20:08.3469749Z   lfs: false
al-felony-nonconviction-90-set	Run actions/checkout@v4	2026-09-11T09:20:08.3470105Z   submodules: false
al-felony-nonconviction-90-set	Run actions/checkout@v4	2026-09-11T09:20:08.3470487Z   set-safe-directory: true
al-felony-nonconviction-90-set	Run actions/checkout@v4	2026-09-11T09:20:08.3470916Z   allow-unsafe-pr-checkout: false
al-felony-nonconviction-90-set	Run actions/checkout@v4	2026-09-11T09:20:08.3471519Z ##[endgroup]
al-felony-nonconviction-90-set	Run actions/checkout@v4	2026-09-11T09:20:08.4337622Z Syncing repository: Roger-LegalEase/legalease-partner-dashboard-clean
al-felony-nonconviction-90-set	Run actions/checkout@v4	2026-09-11T09:20:08.4340344Z ##[group]Getting Git version info
al-felony-nonconviction-90-set	Run actions/checkout@v4	2026-09-11T09:20:08.4341905Z Working directory is '/home/runner/work/legalease-partner-dashboard-clean/legalease-partner-dashboard-clean'
al-felony-nonconviction-90-set	Run actions/checkout@v4	2026-09-11T09:20:08.4343814Z [command]/usr/bin/git version
al-felony-nonconviction-90-set	Run actions/checkout@v4	2026-09-11T09:20:08.4426894Z git version 2.55.0
al-felony-nonconviction-90-set	Run actions/checkout@v4	2026-09-11T09:20:08.4434530Z ##[endgroup]
al-felony-nonconviction-90-set	Run actions/checkout@v4	2026-09-11T09:20:08.4448251Z Temporarily overriding HOME='/home/runner/work/_temp/b9f8e60b-0edf-43b8-958a-677b327ee2b2' before making global git config changes
al-felony-nonconviction-90-set	Run actions/checkout@v4	2026-09-11T09:20:08.4450594Z Adding repository directory to the temporary git global config as a safe directory
al-felony-nonconviction-90-set	Run actions/checkout@v4	2026-09-11T09:20:08.4452932Z [command]/usr/bin/git config --global --add safe.directory /home/runner/work/legalease-partner-dashboard-clean/legalease-partner-dashboard-clean
al-felony-nonconviction-90-set	Run actions/checkout@v4	2026-09-11T09:20:08.4498926Z Deleting the contents of '/home/runner/work/legalease-partner-dashboard-clean/legalease-partner-dashboard-clean'
al-felony-nonconviction-90-set	Run actions/checkout@v4	2026-09-11T09:20:08.4505840Z ##[group]Initializing the repository
al-felony-nonconviction-90-set	Run actions/checkout@v4	2026-09-11T09:20:08.4509324Z [command]/usr/bin/git init /home/runner/work/legalease-partner-dashboard-clean/legalease-partner-dashboard-clean
al-felony-nonconviction-90-set	Run actions/checkout@v4	2026-09-11T09:20:08.4661944Z hint: Using 'master' as the name for the initial branch. This default branch name
al-felony-nonconviction-90-set	Run actions/checkout@v4	2026-09-11T09:20:08.4663903Z hint: will change to "main" in Git 3.0. To configure the initial branch name
al-felony-nonconviction-90-set	Run actions/checkout@v4	2026-09-11T09:20:08.4665892Z hint: to use in all of your new repositories, which will suppress this warning,
al-felony-nonconviction-90-set	Run actions/checkout@v4	2026-09-11T09:20:08.4667406Z hint: call:
al-felony-nonconviction-90-set	Run actions/checkout@v4	2026-09-11T09:20:08.4668232Z hint:
al-felony-nonconviction-90-set	Run actions/checkout@v4	2026-09-11T09:20:08.4669176Z hint: 	git config --global init.defaultBranch <name>
al-felony-nonconviction-90-set	Run actions/checkout@v4	2026-09-11T09:20:08.4670312Z hint:
al-felony-nonconviction-90-set	Run actions/checkout@v4	2026-09-11T09:20:08.4671341Z hint: Names commonly chosen instead of 'master' are 'main', 'trunk' and
al-felony-nonconviction-90-set	Run actions/checkout@v4	2026-09-11T09:20:08.4672823Z hint: 'development'. The just-created branch can be renamed via this command:
al-felony-nonconviction-90-set	Run actions/checkout@v4	2026-09-11T09:20:08.4674017Z hint:
al-felony-nonconviction-90-set	Run actions/checkout@v4	2026-09-11T09:20:08.4674727Z hint: 	git branch -m <name>
al-felony-nonconviction-90-set	Run actions/checkout@v4	2026-09-11T09:20:08.4675636Z hint:
al-felony-nonconviction-90-set	Run actions/checkout@v4	2026-09-11T09:20:08.4676711Z hint: Disable this message with "git config set advice.defaultBranchName false"
al-felony-nonconviction-90-set	Run actions/checkout@v4	2026-09-11T09:20:08.4679033Z Initialized empty Git repository in /home/runner/work/legalease-partner-dashboard-clean/legalease-partner-dashboard-clean/.git/
al-felony-nonconviction-90-set	Run actions/checkout@v4	2026-09-11T09:20:08.4683054Z [command]/usr/bin/git remote add origin https://github.com/Roger-LegalEase/legalease-partner-dashboard-clean
al-felony-nonconviction-90-set	Run actions/checkout@v4	2026-09-11T09:20:08.4719201Z ##[endgroup]
al-felony-nonconviction-90-set	Run actions/checkout@v4	2026-09-11T09:20:08.4720305Z ##[group]Disabling automatic garbage collection
al-felony-nonconviction-90-set	Run actions/checkout@v4	2026-09-11T09:20:08.4723361Z [command]/usr/bin/git config --local gc.auto 0
al-felony-nonconviction-90-set	Run actions/checkout@v4	2026-09-11T09:20:08.4756216Z ##[endgroup]
al-felony-nonconviction-90-set	Run actions/checkout@v4	2026-09-11T09:20:08.4757328Z ##[group]Setting up auth
al-felony-nonconviction-90-set	Run actions/checkout@v4	2026-09-11T09:20:08.4763346Z [command]/usr/bin/git config --local --name-only --get-regexp core\.sshCommand
al-felony-nonconviction-90-set	Run actions/checkout@v4	2026-09-11T09:20:08.4796038Z [command]/usr/bin/git submodule foreach --recursive sh -c "git config --local --name-only --get-regexp 'core\.sshCommand' && git config --local --unset-all 'core.sshCommand' || :"
al-felony-nonconviction-90-set	Run actions/checkout@v4	2026-09-11T09:20:08.5094020Z [command]/usr/bin/git config --local --name-only --get-regexp http\.https\:\/\/github\.com\/\.extraheader
al-felony-nonconviction-90-set	Run actions/checkout@v4	2026-09-11T09:20:08.5127390Z [command]/usr/bin/git submodule foreach --recursive sh -c "git config --local --name-only --get-regexp 'http\.https\:\/\/github\.com\/\.extraheader' && git config --local --unset-all 'http.https://github.com/.extraheader' || :"
al-felony-nonconviction-90-set	Run actions/checkout@v4	2026-09-11T09:20:08.5327374Z [command]/usr/bin/git config --local --name-only --get-regexp ^includeIf\.gitdir:
al-felony-nonconviction-90-set	Run actions/checkout@v4	2026-09-11T09:20:08.5360252Z [command]/usr/bin/git submodule foreach --recursive git config --local --show-origin --name-only --get-regexp remote.origin.url
al-felony-nonconviction-90-set	Run actions/checkout@v4	2026-09-11T09:20:08.5562776Z [command]/usr/bin/git config --local http.https://github.com/.extraheader AUTHORIZATION: basic ***
al-felony-nonconviction-90-set	Run actions/checkout@v4	2026-09-11T09:20:08.5598067Z ##[endgroup]
al-felony-nonconviction-90-set	Run actions/checkout@v4	2026-09-11T09:20:08.5598832Z ##[group]Fetching the repository
al-felony-nonconviction-90-set	Run actions/checkout@v4	2026-09-11T09:20:08.5605432Z [command]/usr/bin/git -c protocol.version=2 fetch --no-tags --prune --no-recurse-submodules --depth=1 origin 380620df6aa089ea5e0cfd58c2ab6dd2f472cd1d
al-felony-nonconviction-90-set	Run actions/checkout@v4	2026-09-11T09:21:03.7361613Z From https://github.com/Roger-LegalEase/legalease-partner-dashboard-clean
al-felony-nonconviction-90-set	Run actions/checkout@v4	2026-09-11T09:21:03.7363294Z  * branch              380620df6aa089ea5e0cfd58c2ab6dd2f472cd1d -> FETCH_HEAD
al-felony-nonconviction-90-set	Run actions/checkout@v4	2026-09-11T09:21:03.7365987Z ##[endgroup]
al-felony-nonconviction-90-set	Run actions/checkout@v4	2026-09-11T09:21:03.7366591Z ##[group]Determining the checkout info
al-felony-nonconviction-90-set	Run actions/checkout@v4	2026-09-11T09:21:03.7367694Z ##[endgroup]
al-felony-nonconviction-90-set	Run actions/checkout@v4	2026-09-11T09:21:03.7373005Z [command]/usr/bin/git sparse-checkout disable
al-felony-nonconviction-90-set	Run actions/checkout@v4	2026-09-11T09:21:03.7417659Z [command]/usr/bin/git config --local --unset-all extensions.worktreeConfig
al-felony-nonconviction-90-set	Run actions/checkout@v4	2026-09-11T09:21:03.7444927Z ##[group]Checking out the ref
al-felony-nonconviction-90-set	Run actions/checkout@v4	2026-09-11T09:21:03.7449989Z [command]/usr/bin/git checkout --progress --force 380620df6aa089ea5e0cfd58c2ab6dd2f472cd1d
al-felony-nonconviction-90-set	Run actions/checkout@v4	2026-09-11T09:21:04.7998115Z Updating files:  18% (4050/21733)
al-felony-nonconviction-90-set	Run actions/checkout@v4	2026-09-11T09:21:04.8838751Z Updating files:  19% (4130/21733)
al-felony-nonconviction-90-set	Run actions/checkout@v4	2026-09-11T09:21:05.0029271Z Updating files:  20% (4347/21733)
al-felony-nonconviction-90-set	Run actions/checkout@v4	2026-09-11T09:21:05.0973904Z Updating files:  21% (4564/21733)
al-felony-nonconviction-90-set	Run actions/checkout@v4	2026-09-11T09:21:05.1863361Z Updating files:  22% (4782/21733)
al-felony-nonconviction-90-set	Run actions/checkout@v4	2026-09-11T09:21:05.3131200Z Updating files:  23% (4999/21733)
al-felony-nonconviction-90-set	Run actions/checkout@v4	2026-09-11T09:21:05.3668968Z Updating files:  24% (5216/21733)
al-felony-nonconviction-90-set	Run actions/checkout@v4	2026-09-11T09:21:05.4193387Z Updating files:  25% (5434/21733)
al-felony-nonconviction-90-set	Run actions/checkout@v4	2026-09-11T09:21:05.4761649Z Updating files:  26% (5651/21733)
al-felony-nonconviction-90-set	Run actions/checkout@v4	2026-09-11T09:21:05.5282108Z Updating files:  27% (5868/21733)
al-felony-nonconviction-90-set	Run actions/checkout@v4	2026-09-11T09:21:05.6094981Z Updating files:  28% (6086/21733)
al-felony-nonconviction-90-set	Run actions/checkout@v4	2026-09-11T09:21:05.6918605Z Updating files:  29% (6303/21733)
al-felony-nonconviction-90-set	Run actions/checkout@v4	2026-09-11T09:21:05.7707026Z Updating files:  30% (6520/21733)
al-felony-nonconviction-90-set	Run actions/checkout@v4	2026-09-11T09:21:05.8471125Z Updating files:  30% (6619/21733)
al-felony-nonconviction-90-set	Run actions/checkout@v4	2026-09-11T09:21:05.9457773Z Updating files:  31% (6738/21733)
al-felony-nonconviction-90-set	Run actions/checkout@v4	2026-09-11T09:21:06.0425885Z Updating files:  32% (6955/21733)
al-felony-nonconviction-90-set	Run actions/checkout@v4	2026-09-11T09:21:06.1361494Z Updating files:  33% (7172/21733)
al-felony-nonconviction-90-set	Run actions/checkout@v4	2026-09-11T09:21:06.1703493Z Updating files:  34% (7390/21733)
al-felony-nonconviction-90-set	Run actions/checkout@v4	2026-09-11T09:21:06.2157912Z Updating files:  35% (7607/21733)
al-felony-nonconviction-90-set	Run actions/checkout@v4	2026-09-11T09:21:06.2934291Z Updating files:  36% (7824/21733)
al-felony-nonconviction-90-set	Run actions/checkout@v4	2026-09-11T09:21:06.3352348Z Updating files:  37% (8042/21733)
al-felony-nonconviction-90-set	Run actions/checkout@v4	2026-09-11T09:21:06.3709389Z Updating files:  38% (8259/21733)
al-felony-nonconviction-90-set	Run actions/checkout@v4	2026-09-11T09:21:06.3998576Z Updating files:  39% (8476/21733)
al-felony-nonconviction-90-set	Run actions/checkout@v4	2026-09-11T09:21:06.4396822Z Updating files:  40% (8694/21733)
al-felony-nonconviction-90-set	Run actions/checkout@v4	2026-09-11T09:21:06.4981713Z Updating files:  41% (8911/21733)
al-felony-nonconviction-90-set	Run actions/checkout@v4	2026-09-11T09:21:06.5261617Z Updating files:  42% (9128/21733)
al-felony-nonconviction-90-set	Run actions/checkout@v4	2026-09-11T09:21:06.5506467Z Updating files:  43% (9346/21733)
al-felony-nonconviction-90-set	Run actions/checkout@v4	2026-09-11T09:21:06.5728379Z Updating files:  44% (9563/21733)
al-felony-nonconviction-90-set	Run actions/checkout@v4	2026-09-11T09:21:06.5887957Z Updating files:  45% (9780/21733)
al-felony-nonconviction-90-set	Run actions/checkout@v4	2026-09-11T09:21:06.5998730Z Updating files:  46% (9998/21733)
al-felony-nonconviction-90-set	Run actions/checkout@v4	2026-09-11T09:21:06.6163859Z Updating files:  47% (10215/21733)
al-felony-nonconviction-90-set	Run actions/checkout@v4	2026-09-11T09:21:06.6513160Z Updating files:  48% (10432/21733)
al-felony-nonconviction-90-set	Run actions/checkout@v4	2026-09-11T09:21:06.6646852Z Updating files:  49% (10650/21733)
al-felony-nonconviction-90-set	Run actions/checkout@v4	2026-09-11T09:21:06.7700121Z Updating files:  50% (10867/21733)
al-felony-nonconviction-90-set	Run actions/checkout@v4	2026-09-11T09:21:06.7700980Z Updating files:  50% (11081/21733)
al-felony-nonconviction-90-set	Run actions/checkout@v4	2026-09-11T09:21:06.9523870Z Updating files:  51% (11084/21733)
al-felony-nonconviction-90-set	Run actions/checkout@v4	2026-09-11T09:21:06.9621217Z Updating files:  52% (11302/21733)
al-felony-nonconviction-90-set	Run actions/checkout@v4	2026-09-11T09:21:06.9867913Z Updating files:  53% (11519/21733)
al-felony-nonconviction-90-set	Run actions/checkout@v4	2026-09-11T09:21:06.9990981Z Updating files:  54% (11736/21733)
al-felony-nonconviction-90-set	Run actions/checkout@v4	2026-09-11T09:21:07.0104428Z Updating files:  55% (11954/21733)
al-felony-nonconviction-90-set	Run actions/checkout@v4	2026-09-11T09:21:07.0234898Z Updating files:  56% (12171/21733)
al-felony-nonconviction-90-set	Run actions/checkout@v4	2026-09-11T09:21:07.0655742Z Updating files:  57% (12388/21733)
al-felony-nonconviction-90-set	Run actions/checkout@v4	2026-09-11T09:21:07.1422498Z Updating files:  58% (12606/21733)
al-felony-nonconviction-90-set	Run actions/checkout@v4	2026-09-11T09:21:07.1610427Z Updating files:  59% (12823/21733)
al-felony-nonconviction-90-set	Run actions/checkout@v4	2026-09-11T09:21:07.1924367Z Updating files:  60% (13040/21733)
al-felony-nonconviction-90-set	Run actions/checkout@v4	2026-09-11T09:21:07.2156247Z Updating files:  61% (13258/21733)
al-felony-nonconviction-90-set	Run actions/checkout@v4	2026-09-11T09:21:07.2372083Z Updating files:  62% (13475/21733)
al-felony-nonconviction-90-set	Run actions/checkout@v4	2026-09-11T09:21:07.2884330Z Updating files:  63% (13692/21733)
al-felony-nonconviction-90-set	Run actions/checkout@v4	2026-09-11T09:21:07.3368771Z Updating files:  64% (13910/21733)
al-felony-nonconviction-90-set	Run actions/checkout@v4	2026-09-11T09:21:07.4938393Z Updating files:  65% (14127/21733)
al-felony-nonconviction-90-set	Run actions/checkout@v4	2026-09-11T09:21:07.5110718Z Updating files:  66% (14344/21733)
al-felony-nonconviction-90-set	Run actions/checkout@v4	2026-09-11T09:21:07.5269556Z Updating files:  67% (14562/21733)
al-felony-nonconviction-90-set	Run actions/checkout@v4	2026-09-11T09:21:07.6029413Z Updating files:  68% (14779/21733)
al-felony-nonconviction-90-set	Run actions/checkout@v4	2026-09-11T09:21:07.6926845Z Updating files:  69% (14996/21733)
al-felony-nonconviction-90-set	Run actions/checkout@v4	2026-09-11T09:21:07.7376422Z Updating files:  70% (15214/21733)
al-felony-nonconviction-90-set	Run actions/checkout@v4	2026-09-11T09:21:07.7709838Z Updating files:  71% (15431/21733)
al-felony-nonconviction-90-set	Run actions/checkout@v4	2026-09-11T09:21:07.8221665Z Updating files:  71% (15535/21733)
al-felony-nonconviction-90-set	Run actions/checkout@v4	2026-09-11T09:21:07.9820610Z Updating files:  72% (15648/21733)
al-felony-nonconviction-90-set	Run actions/checkout@v4	2026-09-11T09:21:07.9997310Z Updating files:  73% (15866/21733)
al-felony-nonconviction-90-set	Run actions/checkout@v4	2026-09-11T09:21:08.0111695Z Updating files:  74% (16083/21733)
al-felony-nonconviction-90-set	Run actions/checkout@v4	2026-09-11T09:21:08.0227481Z Updating files:  75% (16300/21733)
al-felony-nonconviction-90-set	Run actions/checkout@v4	2026-09-11T09:21:08.0300299Z Updating files:  76% (16518/21733)
al-felony-nonconviction-90-set	Run actions/checkout@v4	2026-09-11T09:21:08.0960317Z Updating files:  77% (16735/21733)
al-felony-nonconviction-90-set	Run actions/checkout@v4	2026-09-11T09:21:08.1811182Z Updating files:  78% (16952/21733)
al-felony-nonconviction-90-set	Run actions/checkout@v4	2026-09-11T09:21:08.2981324Z Updating files:  79% (17170/21733)
al-felony-nonconviction-90-set	Run actions/checkout@v4	2026-09-11T09:21:08.3461014Z Updating files:  80% (17387/21733)
al-felony-nonconviction-90-set	Run actions/checkout@v4	2026-09-11T09:21:08.3696773Z Updating files:  81% (17604/21733)
al-felony-nonconviction-90-set	Run actions/checkout@v4	2026-09-11T09:21:08.3888921Z Updating files:  82% (17822/21733)
al-felony-nonconviction-90-set	Run actions/checkout@v4	2026-09-11T09:21:08.4053544Z Updating files:  83% (18039/21733)
al-felony-nonconviction-90-set	Run actions/checkout@v4	2026-09-11T09:21:08.4198836Z Updating files:  84% (18256/21733)
al-felony-nonconviction-90-set	Run actions/checkout@v4	2026-09-11T09:21:08.4355944Z Updating files:  85% (18474/21733)
al-felony-nonconviction-90-set	Run actions/checkout@v4	2026-09-11T09:21:08.4527670Z Updating files:  86% (18691/21733)
al-felony-nonconviction-90-set	Run actions/checkout@v4	2026-09-11T09:21:08.4672923Z Updating files:  87% (18908/21733)
al-felony-nonconviction-90-set	Run actions/checkout@v4	2026-09-11T09:21:08.4838548Z Updating files:  88% (19126/21733)
al-felony-nonconviction-90-set	Run actions/checkout@v4	2026-09-11T09:21:08.4991797Z Updating files:  89% (19343/21733)
al-felony-nonconviction-90-set	Run actions/checkout@v4	2026-09-11T09:21:08.5251953Z Updating files:  90% (19560/21733)
al-felony-nonconviction-90-set	Run actions/checkout@v4	2026-09-11T09:21:08.5332069Z Updating files:  91% (19778/21733)
al-felony-nonconviction-90-set	Run actions/checkout@v4	2026-09-11T09:21:08.5451593Z Updating files:  92% (19995/21733)
al-felony-nonconviction-90-set	Run actions/checkout@v4	2026-09-11T09:21:08.6991447Z Updating files:  93% (20212/21733)
al-felony-nonconviction-90-set	Run actions/checkout@v4	2026-09-11T09:21:08.7704804Z Updating files:  94% (20430/21733)
al-felony-nonconviction-90-set	Run actions/checkout@v4	2026-09-11T09:21:08.7864185Z Updating files:  94% (20515/21733)
al-felony-nonconviction-90-set	Run actions/checkout@v4	2026-09-11T09:21:08.8199313Z Updating files:  95% (20647/21733)
al-felony-nonconviction-90-set	Run actions/checkout@v4	2026-09-11T09:21:08.8699821Z Updating files:  96% (20864/21733)
al-felony-nonconviction-90-set	Run actions/checkout@v4	2026-09-11T09:21:08.9120390Z Updating files:  97% (21082/21733)
al-felony-nonconviction-90-set	Run actions/checkout@v4	2026-09-11T09:21:08.9577600Z Updating files:  98% (21299/21733)
al-felony-nonconviction-90-set	Run actions/checkout@v4	2026-09-11T09:21:08.9942622Z Updating files:  99% (21516/21733)
al-felony-nonconviction-90-set	Run actions/checkout@v4	2026-09-11T09:21:08.9943251Z Updating files: 100% (21733/21733)
al-felony-nonconviction-90-set	Run actions/checkout@v4	2026-09-11T09:21:08.9943602Z Updating files: 100% (21733/21733), done.
al-felony-nonconviction-90-set	Run actions/checkout@v4	2026-09-11T09:21:09.0426106Z Note: switching to '380620df6aa089ea5e0cfd58c2ab6dd2f472cd1d'.
al-felony-nonconviction-90-set	Run actions/checkout@v4	2026-09-11T09:21:09.0426531Z 
al-felony-nonconviction-90-set	Run actions/checkout@v4	2026-09-11T09:21:09.0426796Z You are in 'detached HEAD' state. You can look around, make experimental
al-felony-nonconviction-90-set	Run actions/checkout@v4	2026-09-11T09:21:09.0427244Z changes and commit them, and you can discard any commits you make in this
al-felony-nonconviction-90-set	Run actions/checkout@v4	2026-09-11T09:21:09.0427657Z state without impacting any branches by switching back to a branch.
al-felony-nonconviction-90-set	Run actions/checkout@v4	2026-09-11T09:21:09.0427863Z 
al-felony-nonconviction-90-set	Run actions/checkout@v4	2026-09-11T09:21:09.0428018Z If you want to create a new branch to retain commits you create, you may
al-felony-nonconviction-90-set	Run actions/checkout@v4	2026-09-11T09:21:09.0428605Z do so (now or later) by using -c with the switch command. Example:
al-felony-nonconviction-90-set	Run actions/checkout@v4	2026-09-11T09:21:09.0428820Z 
al-felony-nonconviction-90-set	Run actions/checkout@v4	2026-09-11T09:21:09.0428912Z   git switch -c <new-branch-name>
al-felony-nonconviction-90-set	Run actions/checkout@v4	2026-09-11T09:21:09.0429057Z 
al-felony-nonconviction-90-set	Run actions/checkout@v4	2026-09-11T09:21:09.0429139Z Or undo this operation with:
al-felony-nonconviction-90-set	Run actions/checkout@v4	2026-09-11T09:21:09.0429269Z 
al-felony-nonconviction-90-set	Run actions/checkout@v4	2026-09-11T09:21:09.0429340Z   git switch -
al-felony-nonconviction-90-set	Run actions/checkout@v4	2026-09-11T09:21:09.0429444Z 
al-felony-nonconviction-90-set	Run actions/checkout@v4	2026-09-11T09:21:09.0429608Z Turn off this advice by setting config variable advice.detachedHead to false
al-felony-nonconviction-90-set	Run actions/checkout@v4	2026-09-11T09:21:09.0429847Z 
al-felony-nonconviction-90-set	Run actions/checkout@v4	2026-09-11T09:21:09.0430123Z HEAD is now at 380620df Enroll Colorado multiple-conviction and Alabama 90-day packets for current-byte raster review
al-felony-nonconviction-90-set	Run actions/checkout@v4	2026-09-11T09:21:09.0616714Z ##[endgroup]
al-felony-nonconviction-90-set	Run actions/checkout@v4	2026-09-11T09:21:09.0668459Z [command]/usr/bin/git log -1 --format=%H
al-felony-nonconviction-90-set	Run actions/checkout@v4	2026-09-11T09:21:09.0698458Z 380620df6aa089ea5e0cfd58c2ab6dd2f472cd1d
al-felony-nonconviction-90-set	Refuse a movable ref and prove the checkout is the pinned commit	﻿2026-09-11T09:21:09.0885467Z ##[group]Run set -euo pipefail
al-felony-nonconviction-90-set	Refuse a movable ref and prove the checkout is the pinned commit	2026-09-11T09:21:09.0886043Z ^[[36;1mset -euo pipefail^[[0m
al-felony-nonconviction-90-set	Refuse a movable ref and prove the checkout is the pinned commit	2026-09-11T09:21:09.0886382Z ^[[36;1m# actions/checkout accepts a branch or tag here despite the input^[[0m
al-felony-nonconviction-90-set	Refuse a movable ref and prove the checkout is the pinned commit	2026-09-11T09:21:09.0886807Z ^[[36;1m# description. Three jobs resolve this ref independently, so a branch^[[0m
al-felony-nonconviction-90-set	Refuse a movable ref and prove the checkout is the pinned commit	2026-09-11T09:21:09.0887204Z ^[[36;1m# that moves mid-run would have them inspect different commits while^[[0m
al-felony-nonconviction-90-set	Refuse a movable ref and prove the checkout is the pinned commit	2026-09-11T09:21:09.0887570Z ^[[36;1m# every receipt recorded the literal branch name as the pin. An^[[0m
al-felony-nonconviction-90-set	Refuse a movable ref and prove the checkout is the pinned commit	2026-09-11T09:21:09.0887951Z ^[[36;1m# immutable 40-hex commit, verified against the checked-out HEAD, is^[[0m
al-felony-nonconviction-90-set	Refuse a movable ref and prove the checkout is the pinned commit	2026-09-11T09:21:09.0888294Z ^[[36;1m# the only input that makes a receipt findable again.^[[0m
al-felony-nonconviction-90-set	Refuse a movable ref and prove the checkout is the pinned commit	2026-09-11T09:21:09.0888558Z ^[[36;1mcase "$REF" in^[[0m
al-felony-nonconviction-90-set	Refuse a movable ref and prove the checkout is the pinned commit	2026-09-11T09:21:09.0888903Z ^[[36;1m  *[!0-9a-f]* | "") echo "REFUSED: commit_sha must be a full 40-character commit hash, got '$REF'"; exit 1;;^[[0m
al-felony-nonconviction-90-set	Refuse a movable ref and prove the checkout is the pinned commit	2026-09-11T09:21:09.0889446Z ^[[36;1mesac^[[0m
al-felony-nonconviction-90-set	Refuse a movable ref and prove the checkout is the pinned commit	2026-09-11T09:21:09.0889743Z ^[[36;1m[ "${#REF}" -eq 40 ] || { echo "REFUSED: commit_sha must be 40 hex characters, got ${#REF}"; exit 1; }^[[0m
al-felony-nonconviction-90-set	Refuse a movable ref and prove the checkout is the pinned commit	2026-09-11T09:21:09.0890149Z ^[[36;1mHEAD_SHA="$(git rev-parse HEAD)"^[[0m
al-felony-nonconviction-90-set	Refuse a movable ref and prove the checkout is the pinned commit	2026-09-11T09:21:09.0890497Z ^[[36;1m[ "$HEAD_SHA" = "$REF" ] || { echo "REFUSED: checked out $HEAD_SHA but the pin says $REF"; exit 1; }^[[0m
al-felony-nonconviction-90-set	Refuse a movable ref and prove the checkout is the pinned commit	2026-09-11T09:21:09.0890866Z ^[[36;1mecho "pinned commit confirmed: $HEAD_SHA"^[[0m
al-felony-nonconviction-90-set	Refuse a movable ref and prove the checkout is the pinned commit	2026-09-11T09:21:09.0926491Z shell: /usr/bin/bash -e {0}
al-felony-nonconviction-90-set	Refuse a movable ref and prove the checkout is the pinned commit	2026-09-11T09:21:09.0926726Z env:
al-felony-nonconviction-90-set	Refuse a movable ref and prove the checkout is the pinned commit	2026-09-11T09:21:09.0926927Z   REF: 380620df6aa089ea5e0cfd58c2ab6dd2f472cd1d
al-felony-nonconviction-90-set	Refuse a movable ref and prove the checkout is the pinned commit	2026-09-11T09:21:09.0927179Z ##[endgroup]
al-felony-nonconviction-90-set	Refuse a movable ref and prove the checkout is the pinned commit	2026-09-11T09:21:09.1395140Z pinned commit confirmed: 380620df6aa089ea5e0cfd58c2ab6dd2f472cd1d
al-felony-nonconviction-90-set	Run actions/setup-node@v4	﻿2026-09-11T09:21:09.1469564Z Node 20 is being deprecated. This workflow is running with Node 24 by default. If you need to temporarily use Node 20, you can set the ACTIONS_ALLOW_USE_UNSECURE_NODE_VERSION=true environment variable. For more information see: https://github.blog/changelog/2025-09-19-deprecation-of-node-20-on-github-actions-runners/
al-felony-nonconviction-90-set	Run actions/setup-node@v4	2026-09-11T09:21:09.1470814Z ##[group]Run actions/setup-node@v4
al-felony-nonconviction-90-set	Run actions/setup-node@v4	2026-09-11T09:21:09.1471025Z with:
al-felony-nonconviction-90-set	Run actions/setup-node@v4	2026-09-11T09:21:09.1471189Z   node-version: 22
al-felony-nonconviction-90-set	Run actions/setup-node@v4	2026-09-11T09:21:09.1471364Z   always-auth: false
al-felony-nonconviction-90-set	Run actions/setup-node@v4	2026-09-11T09:21:09.1471549Z   check-latest: false
al-felony-nonconviction-90-set	Run actions/setup-node@v4	2026-09-11T09:21:09.1473577Z   token: ***
al-felony-nonconviction-90-set	Run actions/setup-node@v4	2026-09-11T09:21:09.1473747Z ##[endgroup]
al-felony-nonconviction-90-set	Run actions/setup-node@v4	2026-09-11T09:21:09.2612165Z Found in cache @ /opt/hostedtoolcache/node/22.23.2/x64
al-felony-nonconviction-90-set	Run actions/setup-node@v4	2026-09-11T09:21:09.2616319Z (node:2054) [DEP0040] DeprecationWarning: The `punycode` module is deprecated. Please use a userland alternative instead.
al-felony-nonconviction-90-set	Run actions/setup-node@v4	2026-09-11T09:21:09.2617240Z (Use `node --trace-deprecation ...` to show where the warning was created)
al-felony-nonconviction-90-set	Run actions/setup-node@v4	2026-09-11T09:21:09.2618963Z ##[group]Environment details
al-felony-nonconviction-90-set	Run actions/setup-node@v4	2026-09-11T09:21:09.6077153Z node: v22.23.2
al-felony-nonconviction-90-set	Run actions/setup-node@v4	2026-09-11T09:21:09.6077508Z npm: 10.9.8
al-felony-nonconviction-90-set	Run actions/setup-node@v4	2026-09-11T09:21:09.6077780Z yarn: 1.22.22
al-felony-nonconviction-90-set	Run actions/setup-node@v4	2026-09-11T09:21:09.6078419Z ##[endgroup]
al-felony-nonconviction-90-set	Run npm ci --cache /tmp/npm-cache	﻿2026-09-11T09:21:09.6181998Z ##[group]Run npm ci --cache /tmp/npm-cache
al-felony-nonconviction-90-set	Run npm ci --cache /tmp/npm-cache	2026-09-11T09:21:09.6182300Z ^[[36;1mnpm ci --cache /tmp/npm-cache^[[0m
al-felony-nonconviction-90-set	Run npm ci --cache /tmp/npm-cache	2026-09-11T09:21:09.6415175Z shell: /usr/bin/bash -e {0}
al-felony-nonconviction-90-set	Run npm ci --cache /tmp/npm-cache	2026-09-11T09:21:09.6415421Z ##[endgroup]
al-felony-nonconviction-90-set	Run npm ci --cache /tmp/npm-cache	2026-09-11T09:21:25.3973651Z 
al-felony-nonconviction-90-set	Run npm ci --cache /tmp/npm-cache	2026-09-11T09:21:25.3979155Z added 492 packages, and audited 493 packages in 16s
al-felony-nonconviction-90-set	Run npm ci --cache /tmp/npm-cache	2026-09-11T09:21:25.3979429Z 
al-felony-nonconviction-90-set	Run npm ci --cache /tmp/npm-cache	2026-09-11T09:21:25.3979607Z 186 packages are looking for funding
al-felony-nonconviction-90-set	Run npm ci --cache /tmp/npm-cache	2026-09-11T09:21:25.3979896Z   run `npm fund` for details
al-felony-nonconviction-90-set	Run npm ci --cache /tmp/npm-cache	2026-09-11T09:21:25.5417188Z 
al-felony-nonconviction-90-set	Run npm ci --cache /tmp/npm-cache	2026-09-11T09:21:25.5418298Z 39 vulnerabilities (2 low, 29 moderate, 7 high, 1 critical)
al-felony-nonconviction-90-set	Run npm ci --cache /tmp/npm-cache	2026-09-11T09:21:25.5418741Z 
al-felony-nonconviction-90-set	Run npm ci --cache /tmp/npm-cache	2026-09-11T09:21:25.5419001Z To address issues that do not require attention, run:
al-felony-nonconviction-90-set	Run npm ci --cache /tmp/npm-cache	2026-09-11T09:21:25.5419436Z   npm audit fix
al-felony-nonconviction-90-set	Run npm ci --cache /tmp/npm-cache	2026-09-11T09:21:25.5419596Z 
al-felony-nonconviction-90-set	Run npm ci --cache /tmp/npm-cache	2026-09-11T09:21:25.5419749Z To address all issues, run:
al-felony-nonconviction-90-set	Run npm ci --cache /tmp/npm-cache	2026-09-11T09:21:25.5420116Z   npm audit fix --force
al-felony-nonconviction-90-set	Run npm ci --cache /tmp/npm-cache	2026-09-11T09:21:25.5420311Z 
al-felony-nonconviction-90-set	Run npm ci --cache /tmp/npm-cache	2026-09-11T09:21:25.5420464Z Run `npm audit` for details.
al-felony-nonconviction-90-set	Run actions/setup-python@v5	﻿2026-09-11T09:21:25.6079101Z Node 20 is being deprecated. This workflow is running with Node 24 by default. If you need to temporarily use Node 20, you can set the ACTIONS_ALLOW_USE_UNSECURE_NODE_VERSION=true environment variable. For more information see: https://github.blog/changelog/2025-09-19-deprecation-of-node-20-on-github-actions-runners/
al-felony-nonconviction-90-set	Run actions/setup-python@v5	2026-09-11T09:21:25.6080136Z ##[group]Run actions/setup-python@v5
al-felony-nonconviction-90-set	Run actions/setup-python@v5	2026-09-11T09:21:25.6080356Z with:
al-felony-nonconviction-90-set	Run actions/setup-python@v5	2026-09-11T09:21:25.6080527Z   python-version: 3.12
al-felony-nonconviction-90-set	Run actions/setup-python@v5	2026-09-11T09:21:25.6080724Z   check-latest: false
al-felony-nonconviction-90-set	Run actions/setup-python@v5	2026-09-11T09:21:25.6082734Z   token: ***
al-felony-nonconviction-90-set	Run actions/setup-python@v5	2026-09-11T09:21:25.6082910Z   update-environment: true
al-felony-nonconviction-90-set	Run actions/setup-python@v5	2026-09-11T09:21:25.6083112Z   allow-prereleases: false
al-felony-nonconviction-90-set	Run actions/setup-python@v5	2026-09-11T09:21:25.6083295Z   freethreaded: false
al-felony-nonconviction-90-set	Run actions/setup-python@v5	2026-09-11T09:21:25.6083473Z ##[endgroup]
al-felony-nonconviction-90-set	Run actions/setup-python@v5	2026-09-11T09:21:25.7169405Z ##[group]Installed versions
al-felony-nonconviction-90-set	Run actions/setup-python@v5	2026-09-11T09:21:25.7403758Z (node:2122) [DEP0040] DeprecationWarning: The `punycode` module is deprecated. Please use a userland alternative instead.
al-felony-nonconviction-90-set	Run actions/setup-python@v5	2026-09-11T09:21:25.7405022Z (Use `node --trace-deprecation ...` to show where the warning was created)
al-felony-nonconviction-90-set	Run actions/setup-python@v5	2026-09-11T09:21:25.7405842Z Successfully set up CPython (3.12.14)
al-felony-nonconviction-90-set	Run actions/setup-python@v5	2026-09-11T09:21:25.7406240Z ##[endgroup]
al-felony-nonconviction-90-set	Install the pinned encrypted-PDF reader	﻿2026-09-11T09:21:25.7532441Z ##[group]Run python -m pip install --disable-pip-version-check pikepdf==10.12.0
al-felony-nonconviction-90-set	Install the pinned encrypted-PDF reader	2026-09-11T09:21:25.7532913Z ^[[36;1mpython -m pip install --disable-pip-version-check pikepdf==10.12.0^[[0m
al-felony-nonconviction-90-set	Install the pinned encrypted-PDF reader	2026-09-11T09:21:25.8342530Z shell: /usr/bin/bash -e {0}
al-felony-nonconviction-90-set	Install the pinned encrypted-PDF reader	2026-09-11T09:21:25.8342795Z env:
al-felony-nonconviction-90-set	Install the pinned encrypted-PDF reader	2026-09-11T09:21:25.8343036Z   pythonLocation: /opt/hostedtoolcache/Python/3.12.14/x64
al-felony-nonconviction-90-set	Install the pinned encrypted-PDF reader	2026-09-11T09:21:25.8343427Z   PKG_CONFIG_PATH: /opt/hostedtoolcache/Python/3.12.14/x64/lib/pkgconfig
al-felony-nonconviction-90-set	Install the pinned encrypted-PDF reader	2026-09-11T09:21:25.8343791Z   Python_ROOT_DIR: /opt/hostedtoolcache/Python/3.12.14/x64
al-felony-nonconviction-90-set	Install the pinned encrypted-PDF reader	2026-09-11T09:21:25.8344099Z   Python2_ROOT_DIR: /opt/hostedtoolcache/Python/3.12.14/x64
al-felony-nonconviction-90-set	Install the pinned encrypted-PDF reader	2026-09-11T09:21:25.8344398Z   Python3_ROOT_DIR: /opt/hostedtoolcache/Python/3.12.14/x64
al-felony-nonconviction-90-set	Install the pinned encrypted-PDF reader	2026-09-11T09:21:25.8344705Z   LD_LIBRARY_PATH: /opt/hostedtoolcache/Python/3.12.14/x64/lib
al-felony-nonconviction-90-set	Install the pinned encrypted-PDF reader	2026-09-11T09:21:25.8344989Z ##[endgroup]
al-felony-nonconviction-90-set	Install the pinned encrypted-PDF reader	2026-09-11T09:21:28.6417079Z Collecting pikepdf==10.12.0
al-felony-nonconviction-90-set	Install the pinned encrypted-PDF reader	2026-09-11T09:21:28.7039997Z   Downloading pikepdf-10.12.0-cp312-cp312-manylinux_2_27_x86_64.manylinux_2_28_x86_64.whl.metadata (11 kB)
al-felony-nonconviction-90-set	Install the pinned encrypted-PDF reader	2026-09-11T09:21:29.0722693Z Collecting Pillow>=10.0.1 (from pikepdf==10.12.0)
al-felony-nonconviction-90-set	Install the pinned encrypted-PDF reader	2026-09-11T09:21:29.0824606Z   Downloading pillow-12.3.0-cp312-cp312-manylinux_2_27_x86_64.manylinux_2_28_x86_64.whl.metadata (9.1 kB)
al-felony-nonconviction-90-set	Install the pinned encrypted-PDF reader	2026-09-11T09:21:29.4581152Z Collecting lxml>=4.8 (from pikepdf==10.12.0)
al-felony-nonconviction-90-set	Install the pinned encrypted-PDF reader	2026-09-11T09:21:29.4682437Z   Downloading lxml-6.1.3-cp312-cp312-manylinux_2_26_x86_64.manylinux_2_28_x86_64.whl.metadata (3.3 kB)
al-felony-nonconviction-90-set	Install the pinned encrypted-PDF reader	2026-09-11T09:21:29.8152420Z Collecting packaging (from pikepdf==10.12.0)
al-felony-nonconviction-90-set	Install the pinned encrypted-PDF reader	2026-09-11T09:21:29.8252870Z   Downloading packaging-26.3-py3-none-any.whl.metadata (3.5 kB)
al-felony-nonconviction-90-set	Install the pinned encrypted-PDF reader	2026-09-11T09:21:29.9632771Z Downloading pikepdf-10.12.0-cp312-cp312-manylinux_2_27_x86_64.manylinux_2_28_x86_64.whl (2.3 MB)
al-felony-nonconviction-90-set	Install the pinned encrypted-PDF reader	2026-09-11T09:21:30.3775278Z    ━━━━━━━━━━━━━━━━━━━━━━━━━━━━━━━━━━━━━━━━ 2.3/2.3 MB 5.2 MB/s  0:00:00
al-felony-nonconviction-90-set	Install the pinned encrypted-PDF reader	2026-09-11T09:21:30.3877824Z Downloading lxml-6.1.3-cp312-cp312-manylinux_2_26_x86_64.manylinux_2_28_x86_64.whl (5.2 MB)
al-felony-nonconviction-90-set	Install the pinned encrypted-PDF reader	2026-09-11T09:21:30.4781643Z    ━━━━━━━━━━━━━━━━━━━━━━━━━━━━━━━━━━━━━━━━ 5.2/5.2 MB 56.4 MB/s  0:00:00
al-felony-nonconviction-90-set	Install the pinned encrypted-PDF reader	2026-09-11T09:21:30.4891168Z Downloading pillow-12.3.0-cp312-cp312-manylinux_2_27_x86_64.manylinux_2_28_x86_64.whl (6.9 MB)
al-felony-nonconviction-90-set	Install the pinned encrypted-PDF reader	2026-09-11T09:21:30.8253372Z    ━━━━━━━━━━━━━━━━━━━━━━━━━━━━━━━━━━━━━━━━ 6.9/6.9 MB 20.0 MB/s  0:00:00
al-felony-nonconviction-90-set	Install the pinned encrypted-PDF reader	2026-09-11T09:21:30.8353826Z Downloading packaging-26.3-py3-none-any.whl (129 kB)
al-felony-nonconviction-90-set	Install the pinned encrypted-PDF reader	2026-09-11T09:21:31.3412655Z Installing collected packages: Pillow, packaging, lxml, pikepdf
al-felony-nonconviction-90-set	Install the pinned encrypted-PDF reader	2026-09-11T09:21:32.5801664Z 
al-felony-nonconviction-90-set	Install the pinned encrypted-PDF reader	2026-09-11T09:21:32.5811889Z Successfully installed Pillow-12.3.0 lxml-6.1.3 packaging-26.3 pikepdf-10.12.0
al-felony-nonconviction-90-set	Provision the browser	﻿2026-09-11T09:21:32.6416713Z ##[group]Run set -euo pipefail
al-felony-nonconviction-90-set	Provision the browser	2026-09-11T09:21:32.6417012Z ^[[36;1mset -euo pipefail^[[0m
al-felony-nonconviction-90-set	Provision the browser	2026-09-11T09:21:32.6417292Z ^[[36;1mexport PLAYWRIGHT_BROWSERS_PATH="$HOME/.cache/ms-playwright"^[[0m
al-felony-nonconviction-90-set	Provision the browser	2026-09-11T09:21:32.6417665Z ^[[36;1mnpx --yes playwright install --with-deps chromium^[[0m
al-felony-nonconviction-90-set	Provision the browser	2026-09-11T09:21:32.6418033Z ^[[36;1mecho "PLAYWRIGHT_BROWSERS_PATH=$PLAYWRIGHT_BROWSERS_PATH" >> "$GITHUB_ENV"^[[0m
al-felony-nonconviction-90-set	Provision the browser	2026-09-11T09:21:32.6451274Z shell: /usr/bin/bash -e {0}
al-felony-nonconviction-90-set	Provision the browser	2026-09-11T09:21:32.6451480Z env:
al-felony-nonconviction-90-set	Provision the browser	2026-09-11T09:21:32.6451699Z   pythonLocation: /opt/hostedtoolcache/Python/3.12.14/x64
al-felony-nonconviction-90-set	Provision the browser	2026-09-11T09:21:32.6452053Z   PKG_CONFIG_PATH: /opt/hostedtoolcache/Python/3.12.14/x64/lib/pkgconfig
al-felony-nonconviction-90-set	Provision the browser	2026-09-11T09:21:32.6452388Z   Python_ROOT_DIR: /opt/hostedtoolcache/Python/3.12.14/x64
al-felony-nonconviction-90-set	Provision the browser	2026-09-11T09:21:32.6452687Z   Python2_ROOT_DIR: /opt/hostedtoolcache/Python/3.12.14/x64
al-felony-nonconviction-90-set	Provision the browser	2026-09-11T09:21:32.6452975Z   Python3_ROOT_DIR: /opt/hostedtoolcache/Python/3.12.14/x64
al-felony-nonconviction-90-set	Provision the browser	2026-09-11T09:21:32.6453276Z   LD_LIBRARY_PATH: /opt/hostedtoolcache/Python/3.12.14/x64/lib
al-felony-nonconviction-90-set	Provision the browser	2026-09-11T09:21:32.6453585Z ##[endgroup]
al-felony-nonconviction-90-set	Provision the browser	2026-09-11T09:21:33.3458259Z Installing dependencies...
al-felony-nonconviction-90-set	Provision the browser	2026-09-11T09:21:33.3508625Z Switching to root user to install dependencies...
al-felony-nonconviction-90-set	Provision the browser	2026-09-11T09:21:33.4537545Z Get:1 file:/etc/apt/apt-mirrors.txt Mirrorlist [144 B]
al-felony-nonconviction-90-set	Provision the browser	2026-09-11T09:21:33.4851545Z Get:6 https://packages.microsoft.com/ubuntu/24.04/prod noble InRelease [3600 B]
al-felony-nonconviction-90-set	Provision the browser	2026-09-11T09:21:33.5260681Z Hit:2 http://azure.archive.ubuntu.com/ubuntu noble InRelease
al-felony-nonconviction-90-set	Provision the browser	2026-09-11T09:21:33.5277497Z Get:3 http://azure.archive.ubuntu.com/ubuntu noble-updates InRelease [126 kB]
al-felony-nonconviction-90-set	Provision the browser	2026-09-11T09:21:33.5470321Z Get:4 http://azure.archive.ubuntu.com/ubuntu noble-backports InRelease [126 kB]
al-felony-nonconviction-90-set	Provision the browser	2026-09-11T09:21:33.5471719Z Get:7 https://dl.google.com/linux/chrome-stable/deb stable InRelease [2548 B]
al-felony-nonconviction-90-set	Provision the browser	2026-09-11T09:21:33.5719686Z Get:8 https://packages.microsoft.com/ubuntu/24.04/prod noble/main arm64 Packages [411 kB]
al-felony-nonconviction-90-set	Provision the browser	2026-09-11T09:21:33.6056735Z Get:5 http://azure.archive.ubuntu.com/ubuntu noble-security InRelease [126 kB]
al-felony-nonconviction-90-set	Provision the browser	2026-09-11T09:21:33.9297690Z Get:9 https://packages.microsoft.com/ubuntu/24.04/prod noble/main amd64 Packages [460 kB]
al-felony-nonconviction-90-set	Provision the browser	2026-09-11T09:21:33.9684219Z Get:10 http://azure.archive.ubuntu.com/ubuntu noble-updates/main amd64 Packages [1262 kB]
al-felony-nonconviction-90-set	Provision the browser	2026-09-11T09:21:33.9919787Z Get:11 http://azure.archive.ubuntu.com/ubuntu noble-updates/main Translation-en [292 kB]
al-felony-nonconviction-90-set	Provision the browser	2026-09-11T09:21:34.0004375Z Get:12 http://azure.archive.ubuntu.com/ubuntu noble-updates/main amd64 Components [180 kB]
al-felony-nonconviction-90-set	Provision the browser	2026-09-11T09:21:34.0044428Z Get:13 http://azure.archive.ubuntu.com/ubuntu noble-updates/universe amd64 Packages [1690 kB]
al-felony-nonconviction-90-set	Provision the browser	2026-09-11T09:21:34.0341432Z Get:14 http://azure.archive.ubuntu.com/ubuntu noble-updates/universe amd64 Components [387 kB]
al-felony-nonconviction-90-set	Provision the browser	2026-09-11T09:21:34.0377157Z Get:15 http://azure.archive.ubuntu.com/ubuntu noble-updates/restricted amd64 Packages [1540 kB]
al-felony-nonconviction-90-set	Provision the browser	2026-09-11T09:21:34.0485064Z Get:18 https://dl.google.com/linux/chrome-stable/deb stable/main amd64 Packages [1409 B]
al-felony-nonconviction-90-set	Provision the browser	2026-09-11T09:21:34.0654017Z Get:16 http://azure.archive.ubuntu.com/ubuntu noble-updates/restricted Translation-en [353 kB]
al-felony-nonconviction-90-set	Provision the browser	2026-09-11T09:21:34.0699541Z Get:17 http://azure.archive.ubuntu.com/ubuntu noble-updates/multiverse amd64 Components [940 B]
al-felony-nonconviction-90-set	Provision the browser	2026-09-11T09:21:34.0787181Z Get:19 http://azure.archive.ubuntu.com/ubuntu noble-backports/main amd64 Components [5748 B]
al-felony-nonconviction-90-set	Provision the browser	2026-09-11T09:21:34.0867302Z Get:20 http://azure.archive.ubuntu.com/ubuntu noble-backports/universe amd64 Components [12.6 kB]
al-felony-nonconviction-90-set	Provision the browser	2026-09-11T09:21:34.1587045Z Get:21 http://azure.archive.ubuntu.com/ubuntu noble-security/main amd64 Packages [1006 kB]
al-felony-nonconviction-90-set	Provision the browser	2026-09-11T09:21:34.1635946Z Get:22 http://azure.archive.ubuntu.com/ubuntu noble-security/main Translation-en [213 kB]
al-felony-nonconviction-90-set	Provision the browser	2026-09-11T09:21:34.1723831Z Get:23 http://azure.archive.ubuntu.com/ubuntu noble-security/main amd64 Components [46.5 kB]
al-felony-nonconviction-90-set	Provision the browser	2026-09-11T09:21:34.1742285Z Get:24 http://azure.archive.ubuntu.com/ubuntu noble-security/universe amd64 Packages [1206 kB]
al-felony-nonconviction-90-set	Provision the browser	2026-09-11T09:21:34.1905406Z Get:25 http://azure.archive.ubuntu.com/ubuntu noble-security/universe amd64 Components [76.3 kB]
al-felony-nonconviction-90-set	Provision the browser	2026-09-11T09:21:34.2097167Z Get:26 http://azure.archive.ubuntu.com/ubuntu noble-security/restricted amd64 Packages [1445 kB]
al-felony-nonconviction-90-set	Provision the browser	2026-09-11T09:21:34.2489746Z Get:27 http://azure.archive.ubuntu.com/ubuntu noble-security/restricted Translation-en [336 kB]
al-felony-nonconviction-90-set	Provision the browser	2026-09-11T09:21:41.1386439Z Fetched 11.3 MB in 1s (8014 kB/s)
al-felony-nonconviction-90-set	Provision the browser	2026-09-11T09:21:41.8301766Z Reading package lists...
al-felony-nonconviction-90-set	Provision the browser	2026-09-11T09:21:41.8506426Z Reading package lists...
al-felony-nonconviction-90-set	Provision the browser	2026-09-11T09:21:42.0589186Z Building dependency tree...
al-felony-nonconviction-90-set	Provision the browser	2026-09-11T09:21:42.0595433Z Reading state information...
al-felony-nonconviction-90-set	Provision the browser	2026-09-11T09:21:42.2267456Z libasound2t64 is already the newest version (1.2.11-1ubuntu0.3).
al-felony-nonconviction-90-set	Provision the browser	2026-09-11T09:21:42.2267976Z libasound2t64 set to manually installed.
al-felony-nonconviction-90-set	Provision the browser	2026-09-11T09:21:42.2268516Z libatk-bridge2.0-0t64 is already the newest version (2.52.0-1build1).
al-felony-nonconviction-90-set	Provision the browser	2026-09-11T09:21:42.2269064Z libatk-bridge2.0-0t64 set to manually installed.
al-felony-nonconviction-90-set	Provision the browser	2026-09-11T09:21:42.2269626Z libatk1.0-0t64 is already the newest version (2.52.0-1build1).
al-felony-nonconviction-90-set	Provision the browser	2026-09-11T09:21:42.2270207Z libatk1.0-0t64 set to manually installed.
al-felony-nonconviction-90-set	Provision the browser	2026-09-11T09:21:42.2270765Z libatspi2.0-0t64 is already the newest version (2.52.0-1build1).
al-felony-nonconviction-90-set	Provision the browser	2026-09-11T09:21:42.2271299Z libatspi2.0-0t64 set to manually installed.
al-felony-nonconviction-90-set	Provision the browser	2026-09-11T09:21:42.2272193Z libcairo2 is already the newest version (1.18.0-3build1).
al-felony-nonconviction-90-set	Provision the browser	2026-09-11T09:21:42.2272670Z libcairo2 set to manually installed.
al-felony-nonconviction-90-set	Provision the browser	2026-09-11T09:21:42.2273203Z libcups2t64 is already the newest version (2.4.7-1.2ubuntu7.14).
al-felony-nonconviction-90-set	Provision the browser	2026-09-11T09:21:42.2273715Z libcups2t64 set to manually installed.
al-felony-nonconviction-90-set	Provision the browser	2026-09-11T09:21:42.2274113Z libdbus-1-3 is already the newest version (1.14.10-4ubuntu4.1).
al-felony-nonconviction-90-set	Provision the browser	2026-09-11T09:21:42.2274424Z libdbus-1-3 set to manually installed.
al-felony-nonconviction-90-set	Provision the browser	2026-09-11T09:21:42.2274746Z libdrm2 is already the newest version (2.4.125-1ubuntu0.1~24.04.2).
al-felony-nonconviction-90-set	Provision the browser	2026-09-11T09:21:42.2275071Z libdrm2 set to manually installed.
al-felony-nonconviction-90-set	Provision the browser	2026-09-11T09:21:42.2275391Z libgbm1 is already the newest version (25.2.8-0ubuntu0.24.04.2).
al-felony-nonconviction-90-set	Provision the browser	2026-09-11T09:21:42.2275945Z libgbm1 set to manually installed.
al-felony-nonconviction-90-set	Provision the browser	2026-09-11T09:21:42.2276274Z libglib2.0-0t64 is already the newest version (2.80.0-6ubuntu3.8).
al-felony-nonconviction-90-set	Provision the browser	2026-09-11T09:21:42.2276622Z libglib2.0-0t64 set to manually installed.
al-felony-nonconviction-90-set	Provision the browser	2026-09-11T09:21:42.2276963Z libnspr4 is already the newest version (2:4.35-1.1build1).
al-felony-nonconviction-90-set	Provision the browser	2026-09-11T09:21:42.2277268Z libnspr4 set to manually installed.
al-felony-nonconviction-90-set	Provision the browser	2026-09-11T09:21:42.2277564Z libnss3 is already the newest version (2:3.98-1ubuntu0.2).
al-felony-nonconviction-90-set	Provision the browser	2026-09-11T09:21:42.2277848Z libnss3 set to manually installed.
al-felony-nonconviction-90-set	Provision the browser	2026-09-11T09:21:42.2278163Z libpango-1.0-0 is already the newest version (1.52.1+ds-1build1).
al-felony-nonconviction-90-set	Provision the browser	2026-09-11T09:21:42.2278478Z libpango-1.0-0 set to manually installed.
al-felony-nonconviction-90-set	Provision the browser	2026-09-11T09:21:42.2278793Z libx11-6 is already the newest version (2:1.8.7-1build1).
al-felony-nonconviction-90-set	Provision the browser	2026-09-11T09:21:42.2279089Z libx11-6 set to manually installed.
al-felony-nonconviction-90-set	Provision the browser	2026-09-11T09:21:42.2279374Z libxcb1 is already the newest version (1.15-1ubuntu2).
al-felony-nonconviction-90-set	Provision the browser	2026-09-11T09:21:42.2279653Z libxcb1 set to manually installed.
al-felony-nonconviction-90-set	Provision the browser	2026-09-11T09:21:42.2279967Z libxcomposite1 is already the newest version (1:0.4.5-1build3).
al-felony-nonconviction-90-set	Provision the browser	2026-09-11T09:21:42.2280298Z libxcomposite1 set to manually installed.
al-felony-nonconviction-90-set	Provision the browser	2026-09-11T09:21:42.2280617Z libxdamage1 is already the newest version (1:1.1.6-1build1).
al-felony-nonconviction-90-set	Provision the browser	2026-09-11T09:21:42.2280932Z libxdamage1 set to manually installed.
al-felony-nonconviction-90-set	Provision the browser	2026-09-11T09:21:42.2281246Z libxext6 is already the newest version (2:1.3.4-1build2).
al-felony-nonconviction-90-set	Provision the browser	2026-09-11T09:21:42.2281529Z libxext6 set to manually installed.
al-felony-nonconviction-90-set	Provision the browser	2026-09-11T09:21:42.2281829Z libxfixes3 is already the newest version (1:6.0.0-2build1).
al-felony-nonconviction-90-set	Provision the browser	2026-09-11T09:21:42.2282126Z libxfixes3 set to manually installed.
al-felony-nonconviction-90-set	Provision the browser	2026-09-11T09:21:42.2282439Z libxkbcommon0 is already the newest version (1.6.0-1build1).
al-felony-nonconviction-90-set	Provision the browser	2026-09-11T09:21:42.2282740Z libxkbcommon0 set to manually installed.
al-felony-nonconviction-90-set	Provision the browser	2026-09-11T09:21:42.2283047Z libxrandr2 is already the newest version (2:1.5.2-2build1).
al-felony-nonconviction-90-set	Provision the browser	2026-09-11T09:21:42.2283335Z libxrandr2 set to manually installed.
al-felony-nonconviction-90-set	Provision the browser	2026-09-11T09:21:42.2283634Z xvfb is already the newest version (2:21.1.12-1ubuntu1.6).
al-felony-nonconviction-90-set	Provision the browser	2026-09-11T09:21:42.2284056Z fonts-noto-color-emoji is already the newest version (2.047-0ubuntu0.24.04.1).
al-felony-nonconviction-90-set	Provision the browser	2026-09-11T09:21:42.2284664Z libfontconfig1 is already the newest version (2.15.0-1.1ubuntu2).
al-felony-nonconviction-90-set	Provision the browser	2026-09-11T09:21:42.2285002Z libfontconfig1 set to manually installed.
al-felony-nonconviction-90-set	Provision the browser	2026-09-11T09:21:42.2285409Z libfreetype6 is already the newest version (2.13.2+dfsg-1ubuntu0.1).
al-felony-nonconviction-90-set	Provision the browser	2026-09-11T09:21:42.2285986Z libfreetype6 set to manually installed.
al-felony-nonconviction-90-set	Provision the browser	2026-09-11T09:21:42.2286315Z fonts-liberation is already the newest version (1:2.1.5-3).
al-felony-nonconviction-90-set	Provision the browser	2026-09-11T09:21:42.2286650Z fonts-liberation set to manually installed.
al-felony-nonconviction-90-set	Provision the browser	2026-09-11T09:21:42.2286967Z The following additional packages will be installed:
al-felony-nonconviction-90-set	Provision the browser	2026-09-11T09:21:42.2287255Z   xfonts-encodings xfonts-utils
al-felony-nonconviction-90-set	Provision the browser	2026-09-11T09:21:42.2287478Z Recommended packages:
al-felony-nonconviction-90-set	Provision the browser	2026-09-11T09:21:42.2287699Z   fonts-ipafont-mincho fonts-tlwg-loma
al-felony-nonconviction-90-set	Provision the browser	2026-09-11T09:21:42.2440021Z The following NEW packages will be installed:
al-felony-nonconviction-90-set	Provision the browser	2026-09-11T09:21:42.2440638Z   fonts-freefont-ttf fonts-ipafont-gothic fonts-tlwg-loma-otf fonts-unifont
al-felony-nonconviction-90-set	Provision the browser	2026-09-11T09:21:42.2445917Z   fonts-wqy-zenhei xfonts-cyrillic xfonts-encodings xfonts-scalable
al-felony-nonconviction-90-set	Provision the browser	2026-09-11T09:21:42.2446270Z   xfonts-utils
al-felony-nonconviction-90-set	Provision the browser	2026-09-11T09:21:42.2597654Z 0 upgraded, 9 newly installed, 0 to remove and 50 not upgraded.
al-felony-nonconviction-90-set	Provision the browser	2026-09-11T09:21:42.2598342Z Need to get 21.1 MB of archives.
al-felony-nonconviction-90-set	Provision the browser	2026-09-11T09:21:42.2598701Z After this operation, 79.5 MB of additional disk space will be used.
al-felony-nonconviction-90-set	Provision the browser	2026-09-11T09:21:42.2599277Z Get:1 file:/etc/apt/apt-mirrors.txt Mirrorlist [144 B]
al-felony-nonconviction-90-set	Provision the browser	2026-09-11T09:21:42.3294887Z Get:2 http://azure.archive.ubuntu.com/ubuntu noble/universe amd64 fonts-ipafont-gothic all 00303-21ubuntu1 [3513 kB]
al-felony-nonconviction-90-set	Provision the browser	2026-09-11T09:21:42.5174258Z Get:3 http://azure.archive.ubuntu.com/ubuntu noble/main amd64 fonts-freefont-ttf all 20211204+svn4273-2 [5641 kB]
al-felony-nonconviction-90-set	Provision the browser	2026-09-11T09:21:42.6616105Z Get:4 http://azure.archive.ubuntu.com/ubuntu noble/universe amd64 fonts-tlwg-loma-otf all 1:0.7.3-1 [107 kB]
al-felony-nonconviction-90-set	Provision the browser	2026-09-11T09:21:42.7077730Z Get:5 http://azure.archive.ubuntu.com/ubuntu noble/universe amd64 fonts-unifont all 1:15.1.01-1build1 [2993 kB]
al-felony-nonconviction-90-set	Provision the browser	2026-09-11T09:21:42.7960686Z Get:6 http://azure.archive.ubuntu.com/ubuntu noble/universe amd64 fonts-wqy-zenhei all 0.9.45-8 [7472 kB]
al-felony-nonconviction-90-set	Provision the browser	2026-09-11T09:21:42.9495194Z Get:7 http://azure.archive.ubuntu.com/ubuntu noble/main amd64 xfonts-encodings all 1:1.0.5-0ubuntu2 [578 kB]
al-felony-nonconviction-90-set	Provision the browser	2026-09-11T09:21:43.0024846Z Get:8 http://azure.archive.ubuntu.com/ubuntu noble/main amd64 xfonts-utils amd64 1:7.7+6build3 [94.4 kB]
al-felony-nonconviction-90-set	Provision the browser	2026-09-11T09:21:43.0484106Z Get:9 http://azure.archive.ubuntu.com/ubuntu noble/universe amd64 xfonts-cyrillic all 1:1.0.5+nmu1 [384 kB]
al-felony-nonconviction-90-set	Provision the browser	2026-09-11T09:21:43.0984417Z Get:10 http://azure.archive.ubuntu.com/ubuntu noble/main amd64 xfonts-scalable all 1:1.0.3-1.3 [304 kB]
al-felony-nonconviction-90-set	Provision the browser	2026-09-11T09:21:43.4199077Z Fetched 21.1 MB in 1s (24.8 MB/s)
al-felony-nonconviction-90-set	Provision the browser	2026-09-11T09:21:43.5110816Z Selecting previously unselected package fonts-ipafont-gothic.
al-felony-nonconviction-90-set	Provision the browser	2026-09-11T09:21:43.5326897Z (Reading database ... 
al-felony-nonconviction-90-set	Provision the browser	2026-09-11T09:21:43.5327299Z (Reading database ... 5%
al-felony-nonconviction-90-set	Provision the browser	2026-09-11T09:21:43.5327629Z (Reading database ... 10%
al-felony-nonconviction-90-set	Provision the browser	2026-09-11T09:21:43.5327939Z (Reading database ... 15%
al-felony-nonconviction-90-set	Provision the browser	2026-09-11T09:21:43.5328248Z (Reading database ... 20%
al-felony-nonconviction-90-set	Provision the browser	2026-09-11T09:21:43.5328912Z (Reading database ... 25%
al-felony-nonconviction-90-set	Provision the browser	2026-09-11T09:21:43.5329214Z (Reading database ... 30%
al-felony-nonconviction-90-set	Provision the browser	2026-09-11T09:21:43.5329492Z (Reading database ... 35%
al-felony-nonconviction-90-set	Provision the browser	2026-09-11T09:21:43.5329786Z (Reading database ... 40%
al-felony-nonconviction-90-set	Provision the browser	2026-09-11T09:21:43.5330071Z (Reading database ... 45%
al-felony-nonconviction-90-set	Provision the browser	2026-09-11T09:21:43.5330352Z (Reading database ... 50%
al-felony-nonconviction-90-set	Provision the browser	2026-09-11T09:21:43.5353797Z (Reading database ... 55%
al-felony-nonconviction-90-set	Provision the browser	2026-09-11T09:21:44.1341949Z (Reading database ... 60%
al-felony-nonconviction-90-set	Provision the browser	2026-09-11T09:21:44.4043414Z (Reading database ... 65%
al-felony-nonconviction-90-set	Provision the browser	2026-09-11T09:21:44.7838095Z (Reading database ... 70%
al-felony-nonconviction-90-set	Provision the browser	2026-09-11T09:21:45.2475919Z (Reading database ... 75%
al-felony-nonconviction-90-set	Provision the browser	2026-09-11T09:21:45.6796811Z (Reading database ... 80%
al-felony-nonconviction-90-set	Provision the browser	2026-09-11T09:21:46.3641145Z (Reading database ... 85%
al-felony-nonconviction-90-set	Provision the browser	2026-09-11T09:21:46.7442839Z (Reading database ... 90%
al-felony-nonconviction-90-set	Provision the browser	2026-09-11T09:21:47.6409416Z (Reading database ... 95%
al-felony-nonconviction-90-set	Provision the browser	2026-09-11T09:21:47.6409771Z (Reading database ... 100%
al-felony-nonconviction-90-set	Provision the browser	2026-09-11T09:21:47.6410135Z (Reading database ... 201818 files and directories currently installed.)
al-felony-nonconviction-90-set	Provision the browser	2026-09-11T09:21:47.6451071Z Preparing to unpack .../0-fonts-ipafont-gothic_00303-21ubuntu1_all.deb ...
al-felony-nonconviction-90-set	Provision the browser	2026-09-11T09:21:47.7576533Z Unpacking fonts-ipafont-gothic (00303-21ubuntu1) ...
al-felony-nonconviction-90-set	Provision the browser	2026-09-11T09:21:48.1079684Z Selecting previously unselected package fonts-freefont-ttf.
al-felony-nonconviction-90-set	Provision the browser	2026-09-11T09:21:48.1190449Z Preparing to unpack .../1-fonts-freefont-ttf_20211204+svn4273-2_all.deb ...
al-felony-nonconviction-90-set	Provision the browser	2026-09-11T09:21:48.2117486Z Unpacking fonts-freefont-ttf (20211204+svn4273-2) ...
al-felony-nonconviction-90-set	Provision the browser	2026-09-11T09:21:48.7372228Z Selecting previously unselected package fonts-tlwg-loma-otf.
al-felony-nonconviction-90-set	Provision the browser	2026-09-11T09:21:48.7486946Z Preparing to unpack .../2-fonts-tlwg-loma-otf_1%3a0.7.3-1_all.deb ...
al-felony-nonconviction-90-set	Provision the browser	2026-09-11T09:21:48.9535958Z Unpacking fonts-tlwg-loma-otf (1:0.7.3-1) ...
al-felony-nonconviction-90-set	Provision the browser	2026-09-11T09:21:48.9729985Z Selecting previously unselected package fonts-unifont.
al-felony-nonconviction-90-set	Provision the browser	2026-09-11T09:21:48.9841126Z Preparing to unpack .../3-fonts-unifont_1%3a15.1.01-1build1_all.deb ...
al-felony-nonconviction-90-set	Provision the browser	2026-09-11T09:21:49.1257988Z Unpacking fonts-unifont (1:15.1.01-1build1) ...
al-felony-nonconviction-90-set	Provision the browser	2026-09-11T09:21:49.4116816Z Selecting previously unselected package fonts-wqy-zenhei.
al-felony-nonconviction-90-set	Provision the browser	2026-09-11T09:21:49.4227056Z Preparing to unpack .../4-fonts-wqy-zenhei_0.9.45-8_all.deb ...
al-felony-nonconviction-90-set	Provision the browser	2026-09-11T09:21:49.4311000Z Unpacking fonts-wqy-zenhei (0.9.45-8) ...
al-felony-nonconviction-90-set	Provision the browser	2026-09-11T09:21:49.9642482Z Selecting previously unselected package xfonts-encodings.
al-felony-nonconviction-90-set	Provision the browser	2026-09-11T09:21:49.9754232Z Preparing to unpack .../5-xfonts-encodings_1%3a1.0.5-0ubuntu2_all.deb ...
al-felony-nonconviction-90-set	Provision the browser	2026-09-11T09:21:49.9762554Z Unpacking xfonts-encodings (1:1.0.5-0ubuntu2) ...
al-felony-nonconviction-90-set	Provision the browser	2026-09-11T09:21:50.3419949Z Selecting previously unselected package xfonts-utils.
al-felony-nonconviction-90-set	Provision the browser	2026-09-11T09:21:50.3534322Z Preparing to unpack .../6-xfonts-utils_1%3a7.7+6build3_amd64.deb ...
al-felony-nonconviction-90-set	Provision the browser	2026-09-11T09:21:50.3543473Z Unpacking xfonts-utils (1:7.7+6build3) ...
al-felony-nonconviction-90-set	Provision the browser	2026-09-11T09:21:50.3863097Z Selecting previously unselected package xfonts-cyrillic.
al-felony-nonconviction-90-set	Provision the browser	2026-09-11T09:21:50.3977777Z Preparing to unpack .../7-xfonts-cyrillic_1%3a1.0.5+nmu1_all.deb ...
al-felony-nonconviction-90-set	Provision the browser	2026-09-11T09:21:50.3986328Z Unpacking xfonts-cyrillic (1:1.0.5+nmu1) ...
al-felony-nonconviction-90-set	Provision the browser	2026-09-11T09:21:50.4368626Z Selecting previously unselected package xfonts-scalable.
al-felony-nonconviction-90-set	Provision the browser	2026-09-11T09:21:50.4481785Z Preparing to unpack .../8-xfonts-scalable_1%3a1.0.3-1.3_all.deb ...
al-felony-nonconviction-90-set	Provision the browser	2026-09-11T09:21:50.4489862Z Unpacking xfonts-scalable (1:1.0.3-1.3) ...
al-felony-nonconviction-90-set	Provision the browser	2026-09-11T09:21:50.5042275Z Setting up fonts-wqy-zenhei (0.9.45-8) ...
al-felony-nonconviction-90-set	Provision the browser	2026-09-11T09:21:50.5259167Z Setting up fonts-freefont-ttf (20211204+svn4273-2) ...
al-felony-nonconviction-90-set	Provision the browser	2026-09-11T09:21:50.5282456Z Setting up fonts-tlwg-loma-otf (1:0.7.3-1) ...
al-felony-nonconviction-90-set	Provision the browser	2026-09-11T09:21:50.5303676Z Setting up xfonts-encodings (1:1.0.5-0ubuntu2) ...
al-felony-nonconviction-90-set	Provision the browser	2026-09-11T09:21:50.5324501Z Setting up fonts-ipafont-gothic (00303-21ubuntu1) ...
al-felony-nonconviction-90-set	Provision the browser	2026-09-11T09:21:50.5389821Z update-alternatives: using /usr/share/fonts/opentype/ipafont-gothic/ipag.ttf to provide /usr/share/fonts/truetype/fonts-japanese-gothic.ttf (fonts-japanese-gothic.ttf) in auto mode
al-felony-nonconviction-90-set	Provision the browser	2026-09-11T09:21:50.5405950Z Setting up fonts-unifont (1:15.1.01-1build1) ...
al-felony-nonconviction-90-set	Provision the browser	2026-09-11T09:21:50.5427399Z Setting up xfonts-utils (1:7.7+6build3) ...
al-felony-nonconviction-90-set	Provision the browser	2026-09-11T09:21:50.5469393Z Setting up xfonts-cyrillic (1:1.0.5+nmu1) ...
al-felony-nonconviction-90-set	Provision the browser	2026-09-11T09:21:50.5738212Z Setting up xfonts-scalable (1:1.0.3-1.3) ...
al-felony-nonconviction-90-set	Provision the browser	2026-09-11T09:21:50.5985019Z Processing triggers for man-db (2.12.0-4build2) ...
al-felony-nonconviction-90-set	Provision the browser	2026-09-11T09:21:50.6003728Z Not building database; man-db/auto-update is not 'true'.
al-felony-nonconviction-90-set	Provision the browser	2026-09-11T09:21:50.6016514Z Processing triggers for fontconfig (2.15.0-1.1ubuntu2) ...
al-felony-nonconviction-90-set	Provision the browser	2026-09-11T09:21:51.7106529Z 
al-felony-nonconviction-90-set	Provision the browser	2026-09-11T09:21:51.7107121Z Running kernel seems to be up-to-date.
al-felony-nonconviction-90-set	Provision the browser	2026-09-11T09:21:51.7107353Z 
al-felony-nonconviction-90-set	Provision the browser	2026-09-11T09:21:51.7107482Z No services need to be restarted.
al-felony-nonconviction-90-set	Provision the browser	2026-09-11T09:21:51.7107633Z 
al-felony-nonconviction-90-set	Provision the browser	2026-09-11T09:21:51.7107756Z No containers need to be restarted.
al-felony-nonconviction-90-set	Provision the browser	2026-09-11T09:21:51.7107901Z 
al-felony-nonconviction-90-set	Provision the browser	2026-09-11T09:21:51.7108049Z No user sessions are running outdated binaries.
al-felony-nonconviction-90-set	Provision the browser	2026-09-11T09:21:51.7108215Z 
al-felony-nonconviction-90-set	Provision the browser	2026-09-11T09:21:51.7108452Z No VM guests are running outdated hypervisor (qemu) binaries on this host.
al-felony-nonconviction-90-set	Provision the browser	2026-09-11T09:21:52.7252172Z Downloading Chrome for Testing 148.0.7778.96 (playwright chromium v1223) from https://cdn.playwright.dev/builds/cft/148.0.7778.96/linux64/chrome-linux64.zip
al-felony-nonconviction-90-set	Provision the browser	2026-09-11T09:21:53.6892589Z |                                                                                |   0% of 175.4 MiB
al-felony-nonconviction-90-set	Provision the browser	2026-09-11T09:21:53.8545931Z |■■■■■■■■                                                                        |  10% of 175.4 MiB
al-felony-nonconviction-90-set	Provision the browser	2026-09-11T09:21:53.9218978Z |■■■■■■■■■■■■■■■■                                                                |  20% of 175.4 MiB
al-felony-nonconviction-90-set	Provision the browser	2026-09-11T09:21:54.0004776Z |■■■■■■■■■■■■■■■■■■■■■■■■                                                        |  30% of 175.4 MiB
al-felony-nonconviction-90-set	Provision the browser	2026-09-11T09:21:54.0837077Z |■■■■■■■■■■■■■■■■■■■■■■■■■■■■■■■■                                                |  40% of 175.4 MiB
al-felony-nonconviction-90-set	Provision the browser	2026-09-11T09:21:54.1652592Z |■■■■■■■■■■■■■■■■■■■■■■■■■■■■■■■■■■■■■■■■                                        |  50% of 175.4 MiB
al-felony-nonconviction-90-set	Provision the browser	2026-09-11T09:21:54.2234188Z |■■■■■■■■■■■■■■■■■■■■■■■■■■■■■■■■■■■■■■■■■■■■■■■■                                |  60% of 175.4 MiB
al-felony-nonconviction-90-set	Provision the browser	2026-09-11T09:21:54.2804384Z |■■■■■■■■■■■■■■■■■■■■■■■■■■■■■■■■■■■■■■■■■■■■■■■■■■■■■■■■                        |  70% of 175.4 MiB
al-felony-nonconviction-90-set	Provision the browser	2026-09-11T09:21:54.3603709Z |■■■■■■■■■■■■■■■■■■■■■■■■■■■■■■■■■■■■■■■■■■■■■■■■■■■■■■■■■■■■■■■■                |  80% of 175.4 MiB
al-felony-nonconviction-90-set	Provision the browser	2026-09-11T09:21:54.4277460Z |■■■■■■■■■■■■■■■■■■■■■■■■■■■■■■■■■■■■■■■■■■■■■■■■■■■■■■■■■■■■■■■■■■■■■■■■        |  90% of 175.4 MiB
al-felony-nonconviction-90-set	Provision the browser	2026-09-11T09:21:54.4810541Z |■■■■■■■■■■■■■■■■■■■■■■■■■■■■■■■■■■■■■■■■■■■■■■■■■■■■■■■■■■■■■■■■■■■■■■■■■■■■■■■■| 100% of 175.4 MiB
al-felony-nonconviction-90-set	Provision the browser	2026-09-11T09:21:56.5222338Z Chrome for Testing 148.0.7778.96 (playwright chromium v1223) downloaded to /home/runner/.cache/ms-playwright/chromium-1223
al-felony-nonconviction-90-set	Provision the browser	2026-09-11T09:21:56.5230271Z Downloading FFmpeg (playwright ffmpeg v1011) from https://cdn.playwright.dev/dbazure/download/playwright/builds/ffmpeg/1011/ffmpeg-linux.zip
al-felony-nonconviction-90-set	Provision the browser	2026-09-11T09:21:57.4259214Z |                                                                                |   0% of 2.3 MiB
al-felony-nonconviction-90-set	Provision the browser	2026-09-11T09:21:57.4494257Z |■■■■■■■■                                                                        |  10% of 2.3 MiB
al-felony-nonconviction-90-set	Provision the browser	2026-09-11T09:21:57.4591219Z |■■■■■■■■■■■■■■■■                                                                |  20% of 2.3 MiB
al-felony-nonconviction-90-set	Provision the browser	2026-09-11T09:21:57.4664224Z |■■■■■■■■■■■■■■■■■■■■■■■■                                                        |  30% of 2.3 MiB
al-felony-nonconviction-90-set	Provision the browser	2026-09-11T09:21:57.4701161Z |■■■■■■■■■■■■■■■■■■■■■■■■■■■■■■■■                                                |  40% of 2.3 MiB
al-felony-nonconviction-90-set	Provision the browser	2026-09-11T09:21:57.4756551Z |■■■■■■■■■■■■■■■■■■■■■■■■■■■■■■■■■■■■■■■■                                        |  50% of 2.3 MiB
al-felony-nonconviction-90-set	Provision the browser	2026-09-11T09:21:57.4821691Z |■■■■■■■■■■■■■■■■■■■■■■■■■■■■■■■■■■■■■■■■■■■■■■■■                                |  60% of 2.3 MiB
al-felony-nonconviction-90-set	Provision the browser	2026-09-11T09:21:57.4834702Z |■■■■■■■■■■■■■■■■■■■■■■■■■■■■■■■■■■■■■■■■■■■■■■■■■■■■■■■■                        |  70% of 2.3 MiB
al-felony-nonconviction-90-set	Provision the browser	2026-09-11T09:21:57.4843293Z |■■■■■■■■■■■■■■■■■■■■■■■■■■■■■■■■■■■■■■■■■■■■■■■■■■■■■■■■■■■■■■■■                |  80% of 2.3 MiB
al-felony-nonconviction-90-set	Provision the browser	2026-09-11T09:21:57.4903565Z |■■■■■■■■■■■■■■■■■■■■■■■■■■■■■■■■■■■■■■■■■■■■■■■■■■■■■■■■■■■■■■■■■■■■■■■■        |  90% of 2.3 MiB
al-felony-nonconviction-90-set	Provision the browser	2026-09-11T09:21:57.4914701Z |■■■■■■■■■■■■■■■■■■■■■■■■■■■■■■■■■■■■■■■■■■■■■■■■■■■■■■■■■■■■■■■■■■■■■■■■■■■■■■■■| 100% of 2.3 MiB
al-felony-nonconviction-90-set	Provision the browser	2026-09-11T09:21:57.5376831Z FFmpeg (playwright ffmpeg v1011) downloaded to /home/runner/.cache/ms-playwright/ffmpeg-1011
al-felony-nonconviction-90-set	Provision the browser	2026-09-11T09:21:57.5379470Z Downloading Chrome Headless Shell 148.0.7778.96 (playwright chromium-headless-shell v1223) from https://cdn.playwright.dev/builds/cft/148.0.7778.96/linux64/chrome-headless-shell-linux64.zip
al-felony-nonconviction-90-set	Provision the browser	2026-09-11T09:21:58.4878360Z |                                                                                |   0% of 113.2 MiB
al-felony-nonconviction-90-set	Provision the browser	2026-09-11T09:21:58.6340645Z |■■■■■■■■                                                                        |  10% of 113.2 MiB
al-felony-nonconviction-90-set	Provision the browser	2026-09-11T09:21:58.6855432Z |■■■■■■■■■■■■■■■■                                                                |  20% of 113.2 MiB
al-felony-nonconviction-90-set	Provision the browser	2026-09-11T09:21:58.7386510Z |■■■■■■■■■■■■■■■■■■■■■■■■                                                        |  30% of 113.2 MiB
al-felony-nonconviction-90-set	Provision the browser	2026-09-11T09:21:58.7951546Z |■■■■■■■■■■■■■■■■■■■■■■■■■■■■■■■■                                                |  40% of 113.2 MiB
al-felony-nonconviction-90-set	Provision the browser	2026-09-11T09:21:58.8451228Z |■■■■■■■■■■■■■■■■■■■■■■■■■■■■■■■■■■■■■■■■                                        |  50% of 113.2 MiB
al-felony-nonconviction-90-set	Provision the browser	2026-09-11T09:21:58.8946616Z |■■■■■■■■■■■■■■■■■■■■■■■■■■■■■■■■■■■■■■■■■■■■■■■■                                |  60% of 113.2 MiB
al-felony-nonconviction-90-set	Provision the browser	2026-09-11T09:21:58.9376222Z |■■■■■■■■■■■■■■■■■■■■■■■■■■■■■■■■■■■■■■■■■■■■■■■■■■■■■■■■                        |  70% of 113.2 MiB
al-felony-nonconviction-90-set	Provision the browser	2026-09-11T09:21:59.0090209Z |■■■■■■■■■■■■■■■■■■■■■■■■■■■■■■■■■■■■■■■■■■■■■■■■■■■■■■■■■■■■■■■■                |  80% of 113.2 MiB
al-felony-nonconviction-90-set	Provision the browser	2026-09-11T09:21:59.0621675Z |■■■■■■■■■■■■■■■■■■■■■■■■■■■■■■■■■■■■■■■■■■■■■■■■■■■■■■■■■■■■■■■■■■■■■■■■        |  90% of 113.2 MiB
al-felony-nonconviction-90-set	Provision the browser	2026-09-11T09:21:59.1290230Z |■■■■■■■■■■■■■■■■■■■■■■■■■■■■■■■■■■■■■■■■■■■■■■■■■■■■■■■■■■■■■■■■■■■■■■■■■■■■■■■■| 100% of 113.2 MiB
al-felony-nonconviction-90-set	Provision the browser	2026-09-11T09:22:00.5640165Z Chrome Headless Shell 148.0.7778.96 (playwright chromium-headless-shell v1223) downloaded to /home/runner/.cache/ms-playwright/chromium_headless_shell-1223
al-felony-nonconviction-90-set	Render and measure al-felony-nonconviction-90-set	﻿2026-09-11T09:22:00.5867199Z ##[group]Run node scripts/rcap-raster-batch.mjs \
al-felony-nonconviction-90-set	Render and measure al-felony-nonconviction-90-set	2026-09-11T09:22:00.5867583Z ^[[36;1mnode scripts/rcap-raster-batch.mjs \^[[0m
al-felony-nonconviction-90-set	Render and measure al-felony-nonconviction-90-set	2026-09-11T09:22:00.5867883Z ^[[36;1m  --manifest "$MANIFEST_PATH" \^[[0m
al-felony-nonconviction-90-set	Render and measure al-felony-nonconviction-90-set	2026-09-11T09:22:00.5868121Z ^[[36;1m  --family "$FAMILY" \^[[0m
al-felony-nonconviction-90-set	Render and measure al-felony-nonconviction-90-set	2026-09-11T09:22:00.5868338Z ^[[36;1m  --commit "$COMMIT_SHA" \^[[0m
al-felony-nonconviction-90-set	Render and measure al-felony-nonconviction-90-set	2026-09-11T09:22:00.5868557Z ^[[36;1m  --scale "$REQUESTED_SCALE" \^[[0m
al-felony-nonconviction-90-set	Render and measure al-felony-nonconviction-90-set	2026-09-11T09:22:00.5868775Z ^[[36;1m  --run-id "$WORKFLOW_RUN_ID" \^[[0m
al-felony-nonconviction-90-set	Render and measure al-felony-nonconviction-90-set	2026-09-11T09:22:00.5869013Z ^[[36;1m  --out raster-out^[[0m
al-felony-nonconviction-90-set	Render and measure al-felony-nonconviction-90-set	2026-09-11T09:22:00.5901969Z shell: /usr/bin/bash -e {0}
al-felony-nonconviction-90-set	Render and measure al-felony-nonconviction-90-set	2026-09-11T09:22:00.5902191Z env:
al-felony-nonconviction-90-set	Render and measure al-felony-nonconviction-90-set	2026-09-11T09:22:00.5902417Z   pythonLocation: /opt/hostedtoolcache/Python/3.12.14/x64
al-felony-nonconviction-90-set	Render and measure al-felony-nonconviction-90-set	2026-09-11T09:22:00.5902771Z   PKG_CONFIG_PATH: /opt/hostedtoolcache/Python/3.12.14/x64/lib/pkgconfig
al-felony-nonconviction-90-set	Render and measure al-felony-nonconviction-90-set	2026-09-11T09:22:00.5903119Z   Python_ROOT_DIR: /opt/hostedtoolcache/Python/3.12.14/x64
al-felony-nonconviction-90-set	Render and measure al-felony-nonconviction-90-set	2026-09-11T09:22:00.5903428Z   Python2_ROOT_DIR: /opt/hostedtoolcache/Python/3.12.14/x64
al-felony-nonconviction-90-set	Render and measure al-felony-nonconviction-90-set	2026-09-11T09:22:00.5903749Z   Python3_ROOT_DIR: /opt/hostedtoolcache/Python/3.12.14/x64
al-felony-nonconviction-90-set	Render and measure al-felony-nonconviction-90-set	2026-09-11T09:22:00.5904092Z   LD_LIBRARY_PATH: /opt/hostedtoolcache/Python/3.12.14/x64/lib
al-felony-nonconviction-90-set	Render and measure al-felony-nonconviction-90-set	2026-09-11T09:22:00.5904421Z   PLAYWRIGHT_BROWSERS_PATH: /home/runner/.cache/ms-playwright
al-felony-nonconviction-90-set	Render and measure al-felony-nonconviction-90-set	2026-09-11T09:22:00.5904858Z   MANIFEST_PATH: data/rcap-grade-a/packet-factory-24h/checkpoint-232-to-250/co-al-raster-manifest.json
al-felony-nonconviction-90-set	Render and measure al-felony-nonconviction-90-set	2026-09-11T09:22:00.5905253Z   FAMILY: al-felony-nonconviction-90-set
al-felony-nonconviction-90-set	Render and measure al-felony-nonconviction-90-set	2026-09-11T09:22:00.5905716Z   COMMIT_SHA: 380620df6aa089ea5e0cfd58c2ab6dd2f472cd1d
al-felony-nonconviction-90-set	Render and measure al-felony-nonconviction-90-set	2026-09-11T09:22:00.5906028Z   REQUESTED_SCALE: 2.5
al-felony-nonconviction-90-set	Render and measure al-felony-nonconviction-90-set	2026-09-11T09:22:00.5906212Z   WORKFLOW_RUN_ID: 34583375403
al-felony-nonconviction-90-set	Render and measure al-felony-nonconviction-90-set	2026-09-11T09:22:00.5906407Z ##[endgroup]
al-felony-nonconviction-90-set	Render and measure al-felony-nonconviction-90-set	2026-09-11T09:26:08.4366262Z RCAP_RECEIPT_BEGIN family=al-felony-nonconviction-90-set run=34583375403 commit=380620df6aa089ea5e0cfd58c2ab6dd2f472cd1d
al-felony-nonconviction-90-set	Render and measure al-felony-nonconviction-90-set	2026-09-11T09:26:08.4438911Z RCAP_RECEIPT_VERDICT {"schemaVersion":"rcap-raster-family-verdict/v1","familyId":"al-felony-nonconviction-90-set","verdict":"RASTER_PASS","packetCommitSha":"380620df6aa089ea5e0cfd58c2ab6dd2f472cd1d","workflowRunId":"34583375403","requestedScale":2.5,"cssPxPerPt":1.3333333333333333,"browserExecutable":"/home/runner/.cache/ms-playwright/chromium-1223/chrome-linux64/chrome","resolvedBy":"PLAYWRIGHT_BROWSERS_PATH","operatingSystem":"Linux 6.17.0-1022-azure x64","nodeVersion":"v22.23.2","hashesBound":{"canonical":{"path":"data/rcap-all50/overlays/census-v1/al/al-felony-nonconviction-90-set--official-pdf-fill/fixtures/canonical.pdf","pinned":"504731a37cda8b7b6ef801555bd380aee76c56da76ce22c65bb9eeddb3bad2c2"},"boundary":{"path":"data/rcap-all50/overlays/census-v1/al/al-felony-nonconviction-90-set--official-pdf-fill/fixtures/boundary.pdf","pinned":"645a143db875a9e0ee38b5ba20a4060d06b2f0efa88db87ba651984b941a5208"}},"documentsRendered":[{"role":"canonical","document":"canonical.pdf","path":"data/rcap-all50/overlays/census-v1/al/al-felony-nonconviction-90-set--official-pdf-fill/fixtures/canonical.pdf","pinned":"504731a37cda8b7b6ef801555bd380aee76c56da76ce22c65bb9eeddb3bad2c2"},{"role":"boundary","document":"boundary.pdf","path":"data/rcap-all50/overlays/census-v1/al/al-felony-nonconviction-90-set--official-pdf-fill/fixtures/boundary.pdf","pinned":"645a143db875a9e0ee38b5ba20a4060d06b2f0efa88db87ba651984b941a5208"}],"documentsDigest":"1d847419451a37e1ceec3f49336dbc13d53b3dbee9a6ce0a4cd706f525c25725","coversTheWholeFamily":true,"decryptionTransforms":[],"decryptionRule":"An encrypted source is hashed before any transform; Poppler and qpdf must independently agree on its page count; only the temporary decrypted derivative is passed to pdf-lib for calibrated rendering; the queued packet bytes are never modified.","pagesMeasured":22,"measurements":[{"kind":"canonical","document":"canonical.pdf","page":1,"png":"al-felony-nonconviction-90-set/canonical/page-001.png","bytes":504021,"pngSha256":"ad4b184ddd955c3567561daa03a6dbe8aa5bf523ca710709e723832ad9c32477","pngWidth":2040,"pngHeight":2640,"paper":{"x0":204,"y0":3,"x1":2243,"y1":2642,"width":2040,"height":2640},"pxPerPt":3.3333333333333335,"expectedPxPerPt":3.333333333333333,"pageWidthPt":612,"pageHeightPt":792,"expectedPx":{"width":2039.9999999999998,"height":2639.9999999999995,"tolerancePx":6.666666666666666},"calibrationResidualPx":0,"inkFractionInsidePaper":0.06904207516339869,"nonblank":true,"croppedToThePage":true},{"kind":"canonical","document":"canonical.pdf","page":2,"png":"al-felony-nonconviction-90-set/canonical/page-002.png","bytes":544813,"pngSha256":"7594c42db133eb0d803c8af3aff903168fa61da8d0bc6e3123d49391ffe07d7f","pngWidth":2040,"pngHeight":2640,"paper":{"x0":204,"y0":3,"x1":2243,"y1":2642,"width":2040,"height":2640},"pxPerPt":3.3333333333333335,"expectedPxPerPt":3.333333333333333,"pageWidthPt":612,"pageHeightPt":792,"expectedPx":{"width":2039.9999999999998,"height":2639.9999999999995,"tolerancePx":6.666666666666666},"calibrationResidualPx":0,"inkFractionInsidePaper":0.0699667632204397,"nonblank":true,"croppedToThePage":true},{"kind":"canonical","document":"canonical.pdf","page":3,"png":"al-felony-nonconviction-90-set/canonical/page-003.png","bytes":536384,"pngSha256":"911d1a3e4e31cc31e23719559b200ff4047066570d95749c528981dfdedf421b","pngWidth":2040,"pngHeight":2640,"paper":{"x0":204,"y0":3,"x1":2243,"y1":2642,"width":2040,"height":2640},"pxPerPt":3.3333333333333335,"expectedPxPerPt":3.333333333333333,"pageWidthPt":612,"pageHeightPt":792,"expectedPx":{"width":2039.9999999999998,"height":2639.9999999999995,"tolerancePx":6.666666666666666},"calibrationResidualPx":0,"inkFractionInsidePaper":0.07420120320855615,"nonblank":true,"croppedToThePage":true},{"kind":"canonical","document":"canonical.pdf","page":4,"png":"al-felony-nonconviction-90-set/canonical/page-004.png","bytes":556371,"pngSha256":"8b10944a431cfb379b63e41d1d0510181cf2d46dd99a0091a4def344f0e30d10","pngWidth":2040,"pngHeight":2640,"paper":{"x0":204,"y0":3,"x1":2243,"y1":2642,"width":2040,"height":2640},"pxPerPt":3.3333333333333335,"expectedPxPerPt":3.333333333333333,"pageWidthPt":612,"pageHeightPt":792,"expectedPx":{"width":2039.9999999999998,"height":2639.9999999999995,"tolerancePx":6.666666666666666},"calibrationResidualPx":0,"inkFractionInsidePaper":0.08577187314319668,"nonblank":true,"croppedToThePage":true},{"kind":"canonical","document":"canonical.pdf","page":5,"png":"al-felony-nonconviction-90-set/canonical/page-005.png","bytes":379980,"pngSha256":"afc7a2a69227d6762290d99f29309a6cf062625491ce9f2e57970b1e80a57cde","pngWidth":2040,"pngHeight":2640,"paper":{"x0":204,"y0":3,"x1":2243,"y1":2642,"width":2040,"height":2640},"pxPerPt":3.3333333333333335,"expectedPxPerPt":3.333333333333333,"pageWidthPt":612,"pageHeightPt":792,"expectedPx":{"width":2039.9999999999998,"height":2639.9999999999995,"tolerancePx":6.666666666666666},"calibrationResidualPx":0,"inkFractionInsidePaper":0.05346498068924539,"nonblank":true,"croppedToThePage":true},{"kind":"canonical","document":"canonical.pdf","page":6,"png":"al-felony-nonconviction-90-set/canonical/page-006.png","bytes":362374,"pngSha256":"566f97fd66bea0621b065d9683ace373cca15d41f9f5dd435953cac3b6a0c234","pngWidth":2040,"pngHeight":2640,"paper":{"x0":204,"y0":3,"x1":2243,"y1":2642,"width":2040,"height":2640},"pxPerPt":3.3333333333333335,"expectedPxPerPt":3.333333333333333,"pageWidthPt":612,"pageHeightPt":792,"expectedPx":{"width":2039.9999999999998,"height":2639.9999999999995,"tolerancePx":6.666666666666666},"calibrationResidualPx":0,"inkFractionInsidePaper":0.04030674390968508,"nonblank":true,"croppedToThePage":true},{"kind":"canonical","document":"canonical.pdf","page":7,"png":"al-felony-nonconviction-90-set/canonical/page-007.png","bytes":434042,"pngSha256":"68a594b4e3298b1d3b2d58d9e97846aa3186721993f43d79356936aaad3899b0","pngWidth":2040,"pngHeight":2640,"paper":{"x0":204,"y0":3,"x1":2243,"y1":2642,"width":2040,"height":2640},"pxPerPt":3.3333333333333335,"expectedPxPerPt":3.333333333333333,"pageWidthPt":612,"pageHeightPt":792,"expectedPx":{"width":2039.9999999999998,"height":2639.9999999999995,"tolerancePx":6.666666666666666},"calibrationResidualPx":0,"inkFractionInsidePaper":0.057026515151515154,"nonblank":true,"croppedToThePage":true},{"kind":"canonical","document":"canonical.pdf","page":8,"png":"al-felony-nonconviction-90-set/canonical/page-008.png","bytes":875580,"pngSha256":"269a4ddebadc885f0aeeb07d6c6280a1365ef1986fbb291bf6be6cf28a3fb8a9","pngWidth":2040,"pngHeight":2640,"paper":{"x0":204,"y0":3,"x1":2243,"y1":2642,"width":2040,"height":2640},"pxPerPt":3.3333333333333335,"expectedPxPerPt":3.333333333333333,"pageWidthPt":612,"pageHeightPt":792,"expectedPx":{"width":2039.9999999999998,"height":2639.9999999999995,"tolerancePx":6.666666666666666},"calibrationResidualPx":0,"inkFractionInsidePaper":0.10153557635175282,"nonblank":true,"croppedToThePage":true},{"kind":"canonical","document":"canonical.pdf","page":9,"png":"al-felony-nonconviction-90-set/canonical/page-009.png","bytes":460556,"pngSha256":"a01c3df1753ae057098e80d8b6335a6eb4c13c9c467e868befacc7618102c95d","pngWidth":2040,"pngHeight":2640,"paper":{"x0":204,"y0":3,"x1":2243,"y1":2642,"width":2040,"height":2640},"pxPerPt":3.3333333333333335,"expectedPxPerPt":3.333333333333333,"pageWidthPt":612,"pageHeightPt":792,"expectedPx":{"width":2039.9999999999998,"height":2639.9999999999995,"tolerancePx":6.666666666666666},"calibrationResidualPx":0,"inkFractionInsidePaper":0.05417186571598336,"nonblank":true,"croppedToThePage":true},{"kind":"canonical","document":"canonical.pdf","page":10,"png":"al-felony-nonconviction-90-set/canonical/page-010.png","bytes":476165,"pngSha256":"eadc454dab0a98a95647aadaa3ffa5285e8504330d8b69001b4bf20c6df8699c","pngWidth":2040,"pngHeight":2640,"paper":{"x0":204,"y0":3,"x1":2243,"y1":2642,"width":2040,"height":2640},"pxPerPt":3.3333333333333335,"expectedPxPerPt":3.333333333333333,"pageWidthPt":612,"pageHeightPt":792,"expectedPx":{"width":2039.9999999999998,"height":2639.9999999999995,"tolerancePx":6.666666666666666},"calibrationResidualPx":0,"inkFractionInsidePaper":0.054849970291146764,"nonblank":true,"croppedToThePage":true},{"kind":"canonical","document":"canonical.pdf","page":11,"png":"al-felony-nonconviction-90-set/canonical/page-011.png","bytes":427956,"pngSha256":"3d8753a2fd235f0a0ce226962e7b6918fe2c75b96c62e43b0c544edec4d2f170","pngWidth":2040,"pngHeight":2640,"paper":{"x0":204,"y0":3,"x1":2243,"y1":2642,"width":2040,"height":2640},"pxPerPt":3.3333333333333335,"expectedPxPerPt":3.333333333333333,"pageWidthPt":612,"pageHeightPt":792,"expectedPx":{"width":2039.9999999999998,"height":2639.9999999999995,"tolerancePx":6.666666666666666},"calibrationResidualPx":0,"inkFractionInsidePaper":0.05390875668449198,"nonblank":true,"croppedToThePage":true},{"kind":"boundary","document":"boundary.pdf","page":1,"png":"al-felony-nonconviction-90-set/boundary/page-001.png","bytes":511528,"pngSha256":"bd63b4521077e7d6d30cd1cec3aaa0c76d369bf030c455d990a438b907cd4db9","pngWidth":2040,"pngHeight":2640,"paper":{"x0":204,"y0":3,"x1":2243,"y1":2642,"width":2040,"height":2640},"pxPerPt":3.3333333333333335,"expectedPxPerPt":3.333333333333333,"pageWidthPt":612,"pageHeightPt":792,"expectedPx":{"width":2039.9999999999998,"height":2639.9999999999995,"tolerancePx":6.666666666666666},"calibrationResidualPx":0,"inkFractionInsidePaper":0.07057616607248961,"nonblank":true,"croppedToThePage":true},{"kind":"boundary","document":"boundary.pdf","page":2,"png":"al-felony-nonconviction-90-set/boundary/page-002.png","bytes":545259,"pngSha256":"0882f000e8193ae89048c2820f99228ec0e506a7ea8e72c3f1c5f6ebd44a4789","pngWidth":2040,"pngHeight":2640,"paper":{"x0":204,"y0":3,"x1":2243,"y1":2642,"width":2040,"height":2640},"pxPerPt":3.3333333333333335,"expectedPxPerPt":3.333333333333333,"pageWidthPt":612,"pageHeightPt":792,"expectedPx":{"width":2039.9999999999998,"height":2639.9999999999995,"tolerancePx":6.666666666666666},"calibrationResidualPx":0,"inkFractionInsidePaper":0.07003862150920974,"nonblank":true,"croppedToThePage":true},{"kind":"boundary","document":"boundary.pdf","page":3,"png":"al-felony-nonconviction-90-set/boundary/page-003.png","bytes":536786,"pngSha256":"031415e764762365ce360833603bfc243359b44dc76525c8d571a82bde1cf3c3","pngWidth":2040,"pngHeight":2640,"paper":{"x0":204,"y0":3,"x1":2243,"y1":2642,"width":2040,"height":2640},"pxPerPt":3.3333333333333335,"expectedPxPerPt":3.333333333333333,"pageWidthPt":612,"pageHeightPt":792,"expectedPx":{"width":2039.9999999999998,"height":2639.9999999999995,"tolerancePx":6.666666666666666},"calibrationResidualPx":0,"inkFractionInsidePaper":0.07427510398098633,"nonblank":true,"croppedToThePage":true},{"kind":"boundary","document":"boundary.pdf","page":4,"png":"al-felony-nonconviction-90-set/boundary/page-004.png","bytes":556825,"pngSha256":"d89f30e92db1a3e3d671d330a945542db64569c2ac861663434f2efaebd635bb","pngWidth":2040,"pngHeight":2640,"paper":{"x0":204,"y0":3,"x1":2243,"y1":2642,"width":2040,"height":2640},"pxPerPt":3.3333333333333335,"expectedPxPerPt":3.333333333333333,"pageWidthPt":612,"pageHeightPt":792,"expectedPx":{"width":2039.9999999999998,"height":2639.9999999999995,"tolerancePx":6.666666666666666},"calibrationResidualPx":0,"inkFractionInsidePaper":0.08584633095662507,"nonblank":true,"croppedToThePage":true},{"kind":"boundary","document":"boundary.pdf","page":5,"png":"al-felony-nonconviction-90-set/boundary/page-005.png","bytes":380400,"pngSha256":"753604d304fab4f4460cbf20f1d7657b1b31c911f1895321fca8320c14b8c7ab","pngWidth":2040,"pngHeight":2640,"paper":{"x0":204,"y0":3,"x1":2243,"y1":2642,"width":2040,"height":2640},"pxPerPt":3.3333333333333335,"expectedPxPerPt":3.333333333333333,"pageWidthPt":612,"pageHeightPt":792,"expectedPx":{"width":2039.9999999999998,"height":2639.9999999999995,"tolerancePx":6.666666666666666},"calibrationResidualPx":0,"inkFractionInsidePaper":0.0535394385026738,"nonblank":true,"croppedToThePage":true},{"kind":"boundary","document":"boundary.pdf","page":6,"png":"al-felony-nonconviction-90-set/boundary/page-006.png","bytes":363245,"pngSha256":"ec0543cf628c9fe06f44eec94ae5014d6eaeb480d03ec4a736f322026d0520b4","pngWidth":2040,"pngHeight":2640,"paper":{"x0":204,"y0":3,"x1":2243,"y1":2642,"width":2040,"height":2640},"pxPerPt":3.3333333333333335,"expectedPxPerPt":3.333333333333333,"pageWidthPt":612,"pageHeightPt":792,"expectedPx":{"width":2039.9999999999998,"height":2639.9999999999995,"tolerancePx":6.666666666666666},"calibrationResidualPx":0,"inkFractionInsidePaper":0.040533273915626854,"nonblank":true,"croppedToThePage":true},{"kind":"boundary","document":"boundary.pdf","page":7,"png":"al-felony-nonconviction-90-set/boundary/page-007.png","bytes":434042,"pngSha256":"68a594b4e3298b1d3b2d58d9e97846aa3186721993f43d79356936aaad3899b0","pngWidth":2040,"pngHeight":2640,"paper":{"x0":204,"y0":3,"x1":2243,"y1":2642,"width":2040,"height":2640},"pxPerPt":3.3333333333333335,"expectedPxPerPt":3.333333333333333,"pageWidthPt":612,"pageHeightPt":792,"expectedPx":{"width":2039.9999999999998,"height":2639.9999999999995,"tolerancePx":6.666666666666666},"calibrationResidualPx":0,"inkFractionInsidePaper":0.057026515151515154,"nonblank":true,"croppedToThePage":true},{"kind":"boundary","document":"boundary.pdf","page":8,"png":"al-felony-nonconviction-90-set/boundary/page-008.png","bytes":876048,"pngSha256":"10f1b5fac070e4751cc9ffa0b6b0a16f94faf48ed5a6b1b04cf015771097e18c","pngWidth":2040,"pngHeight":2640,"paper":{"x0":204,"y0":3,"x1":2243,"y1":2642,"width":2040,"height":2640},"pxPerPt":3.3333333333333335,"expectedPxPerPt":3.333333333333333,"pageWidthPt":612,"pageHeightPt":792,"expectedPx":{"width":2039.9999999999998,"height":2639.9999999999995,"tolerancePx":6.666666666666666},"calibrationResidualPx":0,"inkFractionInsidePaper":0.10161003416518122,"nonblank":true,"croppedToThePage":true},{"kind":"boundary","document":"boundary.pdf","page":9,"png":"al-felony-nonconviction-90-set/boundary/page-009.png","bytes":471281,"pngSha256":"71e592c168ffd9c19bdd7117decb67e49eeb350804c4f0465fd81f09d7416171","pngWidth":2040,"pngHeight":2640,"paper":{"x0":204,"y0":3,"x1":2243,"y1":2642,"width":2040,"height":2640},"pxPerPt":3.3333333333333335,"expectedPxPerPt":3.333333333333333,"pageWidthPt":612,"pageHeightPt":792,"expectedPx":{"width":2039.9999999999998,"height":2639.9999999999995,"tolerancePx":6.666666666666666},"calibrationResidualPx":0,"inkFractionInsidePaper":0.0557250816993464,"nonblank":true,"croppedToThePage":true},{"kind":"boundary","document":"boundary.pdf","page":10,"png":"al-felony-nonconviction-90-set/boundary/page-010.png","bytes":480524,"pngSha256":"6e6efc5edf38cd05c3751046fbb2a902049730ef6386910d60c704b46bfe7a56","pngWidth":2040,"pngHeight":2640,"paper":{"x0":204,"y0":3,"x1":2243,"y1":2642,"width":2040,"height":2640},"pxPerPt":3.3333333333333335,"expectedPxPerPt":3.333333333333333,"pageWidthPt":612,"pageHeightPt":792,"expectedPx":{"width":2039.9999999999998,"height":2639.9999999999995,"tolerancePx":6.666666666666666},"calibrationResidualPx":0,"inkFractionInsidePaper":0.05537785947712418,"nonblank":true,"croppedToThePage":true},{"kind":"boundary","document":"boundary.pdf","page":11,"png":"al-felony-nonconviction-90-set/boundary/page-011.png","bytes":427956,"pngSha256":"3d8753a2fd235f0a0ce226962e7b6918fe2c75b96c62e43b0c544edec4d2f170","pngWidth":2040,"pngHeight":2640,"paper":{"x0":204,"y0":3,"x1":2243,"y1":2642,"width":2040,"height":2640},"pxPerPt":3.3333333333333335,"expectedPxPerPt":3.333333333333333,"pageWidthPt":612,"pageHeightPt":792,"expectedPx":{"width":2039.9999999999998,"height":2639.9999999999995,"tolerancePx":6.666666666666666},"calibrationResidualPx":0,"inkFractionInsidePaper":0.05390875668449198,"nonblank":true,"croppedToThePage":true}],"problems":[],"environmentProblems":[],"whatThisDoesNotDecide":"This is one gate. RASTER_PASS does not make a family PASS_COMPLETE, promotes nothing, and opens no commercial route.","packetPdfsModified":0,"bodiesCommitted":0,"commercialRoutesOpened":0,"productionTouched":false}
al-felony-nonconviction-90-set	Render and measure al-felony-nonconviction-90-set	2026-09-11T09:26:08.4497116Z RCAP_RECEIPT_INVENTORY [{"runId":"34583375403","familyId":"al-felony-nonconviction-90-set","member":"al-felony-nonconviction-90-set/canonical/page-001.png","bytes":504021,"sha256":"ad4b184ddd955c3567561daa03a6dbe8aa5bf523ca710709e723832ad9c32477","pngWidth":2040,"pngHeight":2640},{"runId":"34583375403","familyId":"al-felony-nonconviction-90-set","member":"al-felony-nonconviction-90-set/canonical/page-002.png","bytes":544813,"sha256":"7594c42db133eb0d803c8af3aff903168fa61da8d0bc6e3123d49391ffe07d7f","pngWidth":2040,"pngHeight":2640},{"runId":"34583375403","familyId":"al-felony-nonconviction-90-set","member":"al-felony-nonconviction-90-set/canonical/page-003.png","bytes":536384,"sha256":"911d1a3e4e31cc31e23719559b200ff4047066570d95749c528981dfdedf421b","pngWidth":2040,"pngHeight":2640},{"runId":"34583375403","familyId":"al-felony-nonconviction-90-set","member":"al-felony-nonconviction-90-set/canonical/page-004.png","bytes":556371,"sha256":"8b10944a431cfb379b63e41d1d0510181cf2d46dd99a0091a4def344f0e30d10","pngWidth":2040,"pngHeight":2640},{"runId":"34583375403","familyId":"al-felony-nonconviction-90-set","member":"al-felony-nonconviction-90-set/canonical/page-005.png","bytes":379980,"sha256":"afc7a2a69227d6762290d99f29309a6cf062625491ce9f2e57970b1e80a57cde","pngWidth":2040,"pngHeight":2640},{"runId":"34583375403","familyId":"al-felony-nonconviction-90-set","member":"al-felony-nonconviction-90-set/canonical/page-006.png","bytes":362374,"sha256":"566f97fd66bea0621b065d9683ace373cca15d41f9f5dd435953cac3b6a0c234","pngWidth":2040,"pngHeight":2640},{"runId":"34583375403","familyId":"al-felony-nonconviction-90-set","member":"al-felony-nonconviction-90-set/canonical/page-007.png","bytes":434042,"sha256":"68a594b4e3298b1d3b2d58d9e97846aa3186721993f43d79356936aaad3899b0","pngWidth":2040,"pngHeight":2640},{"runId":"34583375403","familyId":"al-felony-nonconviction-90-set","member":"al-felony-nonconviction-90-set/canonical/page-008.png","bytes":875580,"sha256":"269a4ddebadc885f0aeeb07d6c6280a1365ef1986fbb291bf6be6cf28a3fb8a9","pngWidth":2040,"pngHeight":2640},{"runId":"34583375403","familyId":"al-felony-nonconviction-90-set","member":"al-felony-nonconviction-90-set/canonical/page-009.png","bytes":460556,"sha256":"a01c3df1753ae057098e80d8b6335a6eb4c13c9c467e868befacc7618102c95d","pngWidth":2040,"pngHeight":2640},{"runId":"34583375403","familyId":"al-felony-nonconviction-90-set","member":"al-felony-nonconviction-90-set/canonical/page-010.png","bytes":476165,"sha256":"eadc454dab0a98a95647aadaa3ffa5285e8504330d8b69001b4bf20c6df8699c","pngWidth":2040,"pngHeight":2640},{"runId":"34583375403","familyId":"al-felony-nonconviction-90-set","member":"al-felony-nonconviction-90-set/canonical/page-011.png","bytes":427956,"sha256":"3d8753a2fd235f0a0ce226962e7b6918fe2c75b96c62e43b0c544edec4d2f170","pngWidth":2040,"pngHeight":2640},{"runId":"34583375403","familyId":"al-felony-nonconviction-90-set","member":"al-felony-nonconviction-90-set/boundary/page-001.png","bytes":511528,"sha256":"bd63b4521077e7d6d30cd1cec3aaa0c76d369bf030c455d990a438b907cd4db9","pngWidth":2040,"pngHeight":2640},{"runId":"34583375403","familyId":"al-felony-nonconviction-90-set","member":"al-felony-nonconviction-90-set/boundary/page-002.png","bytes":545259,"sha256":"0882f000e8193ae89048c2820f99228ec0e506a7ea8e72c3f1c5f6ebd44a4789","pngWidth":2040,"pngHeight":2640},{"runId":"34583375403","familyId":"al-felony-nonconviction-90-set","member":"al-felony-nonconviction-90-set/boundary/page-003.png","bytes":536786,"sha256":"031415e764762365ce360833603bfc243359b44dc76525c8d571a82bde1cf3c3","pngWidth":2040,"pngHeight":2640},{"runId":"34583375403","familyId":"al-felony-nonconviction-90-set","member":"al-felony-nonconviction-90-set/boundary/page-004.png","bytes":556825,"sha256":"d89f30e92db1a3e3d671d330a945542db64569c2ac861663434f2efaebd635bb","pngWidth":2040,"pngHeight":2640},{"runId":"34583375403","familyId":"al-felony-nonconviction-90-set","member":"al-felony-nonconviction-90-set/boundary/page-005.png","bytes":380400,"sha256":"753604d304fab4f4460cbf20f1d7657b1b31c911f1895321fca8320c14b8c7ab","pngWidth":2040,"pngHeight":2640},{"runId":"34583375403","familyId":"al-felony-nonconviction-90-set","member":"al-felony-nonconviction-90-set/boundary/page-006.png","bytes":363245,"sha256":"ec0543cf628c9fe06f44eec94ae5014d6eaeb480d03ec4a736f322026d0520b4","pngWidth":2040,"pngHeight":2640},{"runId":"34583375403","familyId":"al-felony-nonconviction-90-set","member":"al-felony-nonconviction-90-set/boundary/page-007.png","bytes":434042,"sha256":"68a594b4e3298b1d3b2d58d9e97846aa3186721993f43d79356936aaad3899b0","pngWidth":2040,"pngHeight":2640},{"runId":"34583375403","familyId":"al-felony-nonconviction-90-set","member":"al-felony-nonconviction-90-set/boundary/page-008.png","bytes":876048,"sha256":"10f1b5fac070e4751cc9ffa0b6b0a16f94faf48ed5a6b1b04cf015771097e18c","pngWidth":2040,"pngHeight":2640},{"runId":"34583375403","familyId":"al-felony-nonconviction-90-set","member":"al-felony-nonconviction-90-set/boundary/page-009.png","bytes":471281,"sha256":"71e592c168ffd9c19bdd7117decb67e49eeb350804c4f0465fd81f09d7416171","pngWidth":2040,"pngHeight":2640},{"runId":"34583375403","familyId":"al-felony-nonconviction-90-set","member":"al-felony-nonconviction-90-set/boundary/page-010.png","bytes":480524,"sha256":"6e6efc5edf38cd05c3751046fbb2a902049730ef6386910d60c704b46bfe7a56","pngWidth":2040,"pngHeight":2640},{"runId":"34583375403","familyId":"al-felony-nonconviction-90-set","member":"al-felony-nonconviction-90-set/boundary/page-011.png","bytes":427956,"sha256":"3d8753a2fd235f0a0ce226962e7b6918fe2c75b96c62e43b0c544edec4d2f170","pngWidth":2040,"pngHeight":2640}]
al-felony-nonconviction-90-set	Render and measure al-felony-nonconviction-90-set	2026-09-11T09:26:08.4512397Z RCAP_RECEIPT_END family=al-felony-nonconviction-90-set run=34583375403 pages=22
al-felony-nonconviction-90-set	Render and measure al-felony-nonconviction-90-set	2026-09-11T09:26:08.4513416Z RASTER_PASS al-felony-nonconviction-90-set — 2 document(s), 22 page(s) measured, 0 problem(s)
al-felony-nonconviction-90-set	Print the verdict and the page digests to the log	﻿2026-09-11T09:26:08.4594313Z ##[group]Run set -uo pipefail
al-felony-nonconviction-90-set	Print the verdict and the page digests to the log	2026-09-11T09:26:08.4594640Z ^[[36;1mset -uo pipefail^[[0m
al-felony-nonconviction-90-set	Print the verdict and the page digests to the log	2026-09-11T09:26:08.4594943Z ^[[36;1mfor v in raster-out/*.verdict.json; do^[[0m
al-felony-nonconviction-90-set	Print the verdict and the page digests to the log	2026-09-11T09:26:08.4595309Z ^[[36;1m  [ -e "$v" ] || continue^[[0m
al-felony-nonconviction-90-set	Print the verdict and the page digests to the log	2026-09-11T09:26:08.4596323Z ^[[36;1m  echo "===== BEGIN VERDICT $(basename "$v") ====="^[[0m
al-felony-nonconviction-90-set	Print the verdict and the page digests to the log	2026-09-11T09:26:08.4596659Z ^[[36;1m  cat "$v"^[[0m
al-felony-nonconviction-90-set	Print the verdict and the page digests to the log	2026-09-11T09:26:08.4596923Z ^[[36;1m  echo "===== END VERDICT $(basename "$v") ====="^[[0m
al-felony-nonconviction-90-set	Print the verdict and the page digests to the log	2026-09-11T09:26:08.4597254Z ^[[36;1mdone^[[0m
al-felony-nonconviction-90-set	Print the verdict and the page digests to the log	2026-09-11T09:26:08.4597522Z ^[[36;1mecho "===== BEGIN PAGE DIGESTS ====="^[[0m
al-felony-nonconviction-90-set	Print the verdict and the page digests to the log	2026-09-11T09:26:08.4598020Z ^[[36;1mfind raster-out -type f -name '*.png' -print0 | sort -z | xargs -0 -r sha256sum^[[0m
al-felony-nonconviction-90-set	Print the verdict and the page digests to the log	2026-09-11T09:26:08.4598546Z ^[[36;1mecho "===== END PAGE DIGESTS ====="^[[0m
al-felony-nonconviction-90-set	Print the verdict and the page digests to the log	2026-09-11T09:26:08.4632862Z shell: /usr/bin/bash -e {0}
al-felony-nonconviction-90-set	Print the verdict and the page digests to the log	2026-09-11T09:26:08.4633074Z env:
al-felony-nonconviction-90-set	Print the verdict and the page digests to the log	2026-09-11T09:26:08.4633300Z   pythonLocation: /opt/hostedtoolcache/Python/3.12.14/x64
al-felony-nonconviction-90-set	Print the verdict and the page digests to the log	2026-09-11T09:26:08.4633662Z   PKG_CONFIG_PATH: /opt/hostedtoolcache/Python/3.12.14/x64/lib/pkgconfig
al-felony-nonconviction-90-set	Print the verdict and the page digests to the log	2026-09-11T09:26:08.4634051Z   Python_ROOT_DIR: /opt/hostedtoolcache/Python/3.12.14/x64
al-felony-nonconviction-90-set	Print the verdict and the page digests to the log	2026-09-11T09:26:08.4634350Z   Python2_ROOT_DIR: /opt/hostedtoolcache/Python/3.12.14/x64
al-felony-nonconviction-90-set	Print the verdict and the page digests to the log	2026-09-11T09:26:08.4634642Z   Python3_ROOT_DIR: /opt/hostedtoolcache/Python/3.12.14/x64
al-felony-nonconviction-90-set	Print the verdict and the page digests to the log	2026-09-11T09:26:08.4634932Z   LD_LIBRARY_PATH: /opt/hostedtoolcache/Python/3.12.14/x64/lib
al-felony-nonconviction-90-set	Print the verdict and the page digests to the log	2026-09-11T09:26:08.4635245Z   PLAYWRIGHT_BROWSERS_PATH: /home/runner/.cache/ms-playwright
al-felony-nonconviction-90-set	Print the verdict and the page digests to the log	2026-09-11T09:26:08.4635638Z ##[endgroup]
al-felony-nonconviction-90-set	Print the verdict and the page digests to the log	2026-09-11T09:26:08.4698812Z ===== BEGIN VERDICT al-felony-nonconviction-90-set.verdict.json =====
al-felony-nonconviction-90-set	Print the verdict and the page digests to the log	2026-09-11T09:26:08.4706540Z {
al-felony-nonconviction-90-set	Print the verdict and the page digests to the log	2026-09-11T09:26:08.4706919Z   "schemaVersion": "rcap-raster-family-verdict/v1",
al-felony-nonconviction-90-set	Print the verdict and the page digests to the log	2026-09-11T09:26:08.4707413Z   "familyId": "al-felony-nonconviction-90-set",
al-felony-nonconviction-90-set	Print the verdict and the page digests to the log	2026-09-11T09:26:08.4707819Z   "verdict": "RASTER_PASS",
al-felony-nonconviction-90-set	Print the verdict and the page digests to the log	2026-09-11T09:26:08.4708271Z   "packetCommitSha": "380620df6aa089ea5e0cfd58c2ab6dd2f472cd1d",
al-felony-nonconviction-90-set	Print the verdict and the page digests to the log	2026-09-11T09:26:08.4708763Z   "workflowRunId": "34583375403",
al-felony-nonconviction-90-set	Print the verdict and the page digests to the log	2026-09-11T09:26:08.4709097Z   "requestedScale": 2.5,
al-felony-nonconviction-90-set	Print the verdict and the page digests to the log	2026-09-11T09:26:08.4709419Z   "cssPxPerPt": 1.3333333333333333,
al-felony-nonconviction-90-set	Print the verdict and the page digests to the log	2026-09-11T09:26:08.4710042Z   "browserExecutable": "/home/runner/.cache/ms-playwright/chromium-1223/chrome-linux64/chrome",
al-felony-nonconviction-90-set	Print the verdict and the page digests to the log	2026-09-11T09:26:08.4710660Z   "resolvedBy": "PLAYWRIGHT_BROWSERS_PATH",
al-felony-nonconviction-90-set	Print the verdict and the page digests to the log	2026-09-11T09:26:08.4710951Z   "operatingSystem": "Linux 6.17.0-1022-azure x64",
al-felony-nonconviction-90-set	Print the verdict and the page digests to the log	2026-09-11T09:26:08.4711198Z   "nodeVersion": "v22.23.2",
al-felony-nonconviction-90-set	Print the verdict and the page digests to the log	2026-09-11T09:26:08.4711393Z   "hashesBound": {
al-felony-nonconviction-90-set	Print the verdict and the page digests to the log	2026-09-11T09:26:08.4711561Z     "canonical": {
al-felony-nonconviction-90-set	Print the verdict and the page digests to the log	2026-09-11T09:26:08.4712034Z       "path": "data/rcap-all50/overlays/census-v1/al/al-felony-nonconviction-90-set--official-pdf-fill/fixtures/canonical.pdf",
al-felony-nonconviction-90-set	Print the verdict and the page digests to the log	2026-09-11T09:26:08.4712626Z       "pinned": "504731a37cda8b7b6ef801555bd380aee76c56da76ce22c65bb9eeddb3bad2c2"
al-felony-nonconviction-90-set	Print the verdict and the page digests to the log	2026-09-11T09:26:08.4713120Z     },
al-felony-nonconviction-90-set	Print the verdict and the page digests to the log	2026-09-11T09:26:08.4713275Z     "boundary": {
al-felony-nonconviction-90-set	Print the verdict and the page digests to the log	2026-09-11T09:26:08.4713720Z       "path": "data/rcap-all50/overlays/census-v1/al/al-felony-nonconviction-90-set--official-pdf-fill/fixtures/boundary.pdf",
al-felony-nonconviction-90-set	Print the verdict and the page digests to the log	2026-09-11T09:26:08.4714297Z       "pinned": "645a143db875a9e0ee38b5ba20a4060d06b2f0efa88db87ba651984b941a5208"
al-felony-nonconviction-90-set	Print the verdict and the page digests to the log	2026-09-11T09:26:08.4714596Z     }
al-felony-nonconviction-90-set	Print the verdict and the page digests to the log	2026-09-11T09:26:08.4714739Z   },
al-felony-nonconviction-90-set	Print the verdict and the page digests to the log	2026-09-11T09:26:08.4714966Z   "documentsRendered": [
al-felony-nonconviction-90-set	Print the verdict and the page digests to the log	2026-09-11T09:26:08.4715145Z     {
al-felony-nonconviction-90-set	Print the verdict and the page digests to the log	2026-09-11T09:26:08.4715300Z       "role": "canonical",
al-felony-nonconviction-90-set	Print the verdict and the page digests to the log	2026-09-11T09:26:08.4715693Z       "document": "canonical.pdf",
al-felony-nonconviction-90-set	Print the verdict and the page digests to the log	2026-09-11T09:26:08.4716173Z       "path": "data/rcap-all50/overlays/census-v1/al/al-felony-nonconviction-90-set--official-pdf-fill/fixtures/canonical.pdf",
al-felony-nonconviction-90-set	Print the verdict and the page digests to the log	2026-09-11T09:26:08.4716743Z       "pinned": "504731a37cda8b7b6ef801555bd380aee76c56da76ce22c65bb9eeddb3bad2c2"
al-felony-nonconviction-90-set	Print the verdict and the page digests to the log	2026-09-11T09:26:08.4717050Z     },
al-felony-nonconviction-90-set	Print the verdict and the page digests to the log	2026-09-11T09:26:08.4717199Z     {
al-felony-nonconviction-90-set	Print the verdict and the page digests to the log	2026-09-11T09:26:08.4717363Z       "role": "boundary",
al-felony-nonconviction-90-set	Print the verdict and the page digests to the log	2026-09-11T09:26:08.4717579Z       "document": "boundary.pdf",
al-felony-nonconviction-90-set	Print the verdict and the page digests to the log	2026-09-11T09:26:08.4718292Z       "path": "data/rcap-all50/overlays/census-v1/al/al-felony-nonconviction-90-set--official-pdf-fill/fixtures/boundary.pdf",
al-felony-nonconviction-90-set	Print the verdict and the page digests to the log	2026-09-11T09:26:08.4719439Z       "pinned": "645a143db875a9e0ee38b5ba20a4060d06b2f0efa88db87ba651984b941a5208"
al-felony-nonconviction-90-set	Print the verdict and the page digests to the log	2026-09-11T09:26:08.4719951Z     }
al-felony-nonconviction-90-set	Print the verdict and the page digests to the log	2026-09-11T09:26:08.4720179Z   ],
al-felony-nonconviction-90-set	Print the verdict and the page digests to the log	2026-09-11T09:26:08.4720688Z   "documentsDigest": "1d847419451a37e1ceec3f49336dbc13d53b3dbee9a6ce0a4cd706f525c25725",
al-felony-nonconviction-90-set	Print the verdict and the page digests to the log	2026-09-11T09:26:08.4721292Z   "coversTheWholeFamily": true,
al-felony-nonconviction-90-set	Print the verdict and the page digests to the log	2026-09-11T09:26:08.4721623Z   "decryptionTransforms": [],
al-felony-nonconviction-90-set	Print the verdict and the page digests to the log	2026-09-11T09:26:08.4723076Z   "decryptionRule": "An encrypted source is hashed before any transform; Poppler and qpdf must independently agree on its page count; only the temporary decrypted derivative is passed to pdf-lib for calibrated rendering; the queued packet bytes are never modified.",
al-felony-nonconviction-90-set	Print the verdict and the page digests to the log	2026-09-11T09:26:08.4724392Z   "pagesMeasured": 22,
al-felony-nonconviction-90-set	Print the verdict and the page digests to the log	2026-09-11T09:26:08.4724681Z   "measurements": [
al-felony-nonconviction-90-set	Print the verdict and the page digests to the log	2026-09-11T09:26:08.4724919Z     {
al-felony-nonconviction-90-set	Print the verdict and the page digests to the log	2026-09-11T09:26:08.4725149Z       "kind": "canonical",
al-felony-nonconviction-90-set	Print the verdict and the page digests to the log	2026-09-11T09:26:08.4725465Z       "document": "canonical.pdf",
al-felony-nonconviction-90-set	Print the verdict and the page digests to the log	2026-09-11T09:26:08.4725926Z       "page": 1,
al-felony-nonconviction-90-set	Print the verdict and the page digests to the log	2026-09-11T09:26:08.4726345Z       "png": "al-felony-nonconviction-90-set/canonical/page-001.png",
al-felony-nonconviction-90-set	Print the verdict and the page digests to the log	2026-09-11T09:26:08.4726782Z       "bytes": 504021,
al-felony-nonconviction-90-set	Print the verdict and the page digests to the log	2026-09-11T09:26:08.4727307Z       "pngSha256": "ad4b184ddd955c3567561daa03a6dbe8aa5bf523ca710709e723832ad9c32477",
al-felony-nonconviction-90-set	Print the verdict and the page digests to the log	2026-09-11T09:26:08.4727796Z       "pngWidth": 2040,
al-felony-nonconviction-90-set	Print the verdict and the page digests to the log	2026-09-11T09:26:08.4727980Z       "pngHeight": 2640,
al-felony-nonconviction-90-set	Print the verdict and the page digests to the log	2026-09-11T09:26:08.4728163Z       "paper": {
al-felony-nonconviction-90-set	Print the verdict and the page digests to the log	2026-09-11T09:26:08.4728330Z         "x0": 204,
al-felony-nonconviction-90-set	Print the verdict and the page digests to the log	2026-09-11T09:26:08.4728489Z         "y0": 3,
al-felony-nonconviction-90-set	Print the verdict and the page digests to the log	2026-09-11T09:26:08.4728642Z         "x1": 2243,
al-felony-nonconviction-90-set	Print the verdict and the page digests to the log	2026-09-11T09:26:08.4728798Z         "y1": 2642,
al-felony-nonconviction-90-set	Print the verdict and the page digests to the log	2026-09-11T09:26:08.4728955Z         "width": 2040,
al-felony-nonconviction-90-set	Print the verdict and the page digests to the log	2026-09-11T09:26:08.4729123Z         "height": 2640
al-felony-nonconviction-90-set	Print the verdict and the page digests to the log	2026-09-11T09:26:08.4729291Z       },
al-felony-nonconviction-90-set	Print the verdict and the page digests to the log	2026-09-11T09:26:08.4729473Z       "pxPerPt": 3.3333333333333335,
al-felony-nonconviction-90-set	Print the verdict and the page digests to the log	2026-09-11T09:26:08.4729707Z       "expectedPxPerPt": 3.333333333333333,
al-felony-nonconviction-90-set	Print the verdict and the page digests to the log	2026-09-11T09:26:08.4729925Z       "pageWidthPt": 612,
al-felony-nonconviction-90-set	Print the verdict and the page digests to the log	2026-09-11T09:26:08.4730111Z       "pageHeightPt": 792,
al-felony-nonconviction-90-set	Print the verdict and the page digests to the log	2026-09-11T09:26:08.4730303Z       "expectedPx": {
al-felony-nonconviction-90-set	Print the verdict and the page digests to the log	2026-09-11T09:26:08.4730568Z         "width": 2039.9999999999998,
al-felony-nonconviction-90-set	Print the verdict and the page digests to the log	2026-09-11T09:26:08.4730914Z         "height": 2639.9999999999995,
al-felony-nonconviction-90-set	Print the verdict and the page digests to the log	2026-09-11T09:26:08.4731280Z         "tolerancePx": 6.666666666666666
al-felony-nonconviction-90-set	Print the verdict and the page digests to the log	2026-09-11T09:26:08.4731599Z       },
al-felony-nonconviction-90-set	Print the verdict and the page digests to the log	2026-09-11T09:26:08.4731882Z       "calibrationResidualPx": 0,
al-felony-nonconviction-90-set	Print the verdict and the page digests to the log	2026-09-11T09:26:08.4732286Z       "inkFractionInsidePaper": 0.06904207516339869,
al-felony-nonconviction-90-set	Print the verdict and the page digests to the log	2026-09-11T09:26:08.4732527Z       "nonblank": true,
al-felony-nonconviction-90-set	Print the verdict and the page digests to the log	2026-09-11T09:26:08.4732729Z       "croppedToThePage": true
al-felony-nonconviction-90-set	Print the verdict and the page digests to the log	2026-09-11T09:26:08.4732918Z     },
al-felony-nonconviction-90-set	Print the verdict and the page digests to the log	2026-09-11T09:26:08.4733068Z     {
al-felony-nonconviction-90-set	Print the verdict and the page digests to the log	2026-09-11T09:26:08.4733224Z       "kind": "canonical",
al-felony-nonconviction-90-set	Print the verdict and the page digests to the log	2026-09-11T09:26:08.4733432Z       "document": "canonical.pdf",
al-felony-nonconviction-90-set	Print the verdict and the page digests to the log	2026-09-11T09:26:08.4733631Z       "page": 2,
al-felony-nonconviction-90-set	Print the verdict and the page digests to the log	2026-09-11T09:26:08.4734257Z       "png": "al-felony-nonconviction-90-set/canonical/page-002.png",
al-felony-nonconviction-90-set	Print the verdict and the page digests to the log	2026-09-11T09:26:08.4734748Z       "bytes": 544813,
al-felony-nonconviction-90-set	Print the verdict and the page digests to the log	2026-09-11T09:26:08.4735331Z       "pngSha256": "7594c42db133eb0d803c8af3aff903168fa61da8d0bc6e3123d49391ffe07d7f",
al-felony-nonconviction-90-set	Print the verdict and the page digests to the log	2026-09-11T09:26:08.4736021Z       "pngWidth": 2040,
al-felony-nonconviction-90-set	Print the verdict and the page digests to the log	2026-09-11T09:26:08.4736303Z       "pngHeight": 2640,
al-felony-nonconviction-90-set	Print the verdict and the page digests to the log	2026-09-11T09:26:08.4736581Z       "paper": {
al-felony-nonconviction-90-set	Print the verdict and the page digests to the log	2026-09-11T09:26:08.4736825Z         "x0": 204,
al-felony-nonconviction-90-set	Print the verdict and the page digests to the log	2026-09-11T09:26:08.4737068Z         "y0": 3,
al-felony-nonconviction-90-set	Print the verdict and the page digests to the log	2026-09-11T09:26:08.4737304Z         "x1": 2243,
al-felony-nonconviction-90-set	Print the verdict and the page digests to the log	2026-09-11T09:26:08.4737541Z         "y1": 2642,
al-felony-nonconviction-90-set	Print the verdict and the page digests to the log	2026-09-11T09:26:08.4737781Z         "width": 2040,
al-felony-nonconviction-90-set	Print the verdict and the page digests to the log	2026-09-11T09:26:08.4738036Z         "height": 2640
al-felony-nonconviction-90-set	Print the verdict and the page digests to the log	2026-09-11T09:26:08.4738286Z       },
al-felony-nonconviction-90-set	Print the verdict and the page digests to the log	2026-09-11T09:26:08.4738557Z       "pxPerPt": 3.3333333333333335,
al-felony-nonconviction-90-set	Print the verdict and the page digests to the log	2026-09-11T09:26:08.4738937Z       "expectedPxPerPt": 3.333333333333333,
al-felony-nonconviction-90-set	Print the verdict and the page digests to the log	2026-09-11T09:26:08.4739285Z       "pageWidthPt": 612,
al-felony-nonconviction-90-set	Print the verdict and the page digests to the log	2026-09-11T09:26:08.4739579Z       "pageHeightPt": 792,
al-felony-nonconviction-90-set	Print the verdict and the page digests to the log	2026-09-11T09:26:08.4739878Z       "expectedPx": {
al-felony-nonconviction-90-set	Print the verdict and the page digests to the log	2026-09-11T09:26:08.4740175Z         "width": 2039.9999999999998,
al-felony-nonconviction-90-set	Print the verdict and the page digests to the log	2026-09-11T09:26:08.4740516Z         "height": 2639.9999999999995,
al-felony-nonconviction-90-set	Print the verdict and the page digests to the log	2026-09-11T09:26:08.4740875Z         "tolerancePx": 6.666666666666666
al-felony-nonconviction-90-set	Print the verdict and the page digests to the log	2026-09-11T09:26:08.4741418Z       },
al-felony-nonconviction-90-set	Print the verdict and the page digests to the log	2026-09-11T09:26:08.4741646Z       "calibrationResidualPx": 0,
al-felony-nonconviction-90-set	Print the verdict and the page digests to the log	2026-09-11T09:26:08.4741905Z       "inkFractionInsidePaper": 0.0699667632204397,
al-felony-nonconviction-90-set	Print the verdict and the page digests to the log	2026-09-11T09:26:08.4742144Z       "nonblank": true,
al-felony-nonconviction-90-set	Print the verdict and the page digests to the log	2026-09-11T09:26:08.4742371Z       "croppedToThePage": true
al-felony-nonconviction-90-set	Print the verdict and the page digests to the log	2026-09-11T09:26:08.4742571Z     },
al-felony-nonconviction-90-set	Print the verdict and the page digests to the log	2026-09-11T09:26:08.4742717Z     {
al-felony-nonconviction-90-set	Print the verdict and the page digests to the log	2026-09-11T09:26:08.4742875Z       "kind": "canonical",
al-felony-nonconviction-90-set	Print the verdict and the page digests to the log	2026-09-11T09:26:08.4743088Z       "document": "canonical.pdf",
al-felony-nonconviction-90-set	Print the verdict and the page digests to the log	2026-09-11T09:26:08.4743287Z       "page": 3,
al-felony-nonconviction-90-set	Print the verdict and the page digests to the log	2026-09-11T09:26:08.4743550Z       "png": "al-felony-nonconviction-90-set/canonical/page-003.png",
al-felony-nonconviction-90-set	Print the verdict and the page digests to the log	2026-09-11T09:26:08.4743825Z       "bytes": 536384,
al-felony-nonconviction-90-set	Print the verdict and the page digests to the log	2026-09-11T09:26:08.4744145Z       "pngSha256": "911d1a3e4e31cc31e23719559b200ff4047066570d95749c528981dfdedf421b",
al-felony-nonconviction-90-set	Print the verdict and the page digests to the log	2026-09-11T09:26:08.4744477Z       "pngWidth": 2040,
al-felony-nonconviction-90-set	Print the verdict and the page digests to the log	2026-09-11T09:26:08.4744658Z       "pngHeight": 2640,
al-felony-nonconviction-90-set	Print the verdict and the page digests to the log	2026-09-11T09:26:08.4744837Z       "paper": {
al-felony-nonconviction-90-set	Print the verdict and the page digests to the log	2026-09-11T09:26:08.4744996Z         "x0": 204,
al-felony-nonconviction-90-set	Print the verdict and the page digests to the log	2026-09-11T09:26:08.4745152Z         "y0": 3,
al-felony-nonconviction-90-set	Print the verdict and the page digests to the log	2026-09-11T09:26:08.4745321Z         "x1": 2243,
al-felony-nonconviction-90-set	Print the verdict and the page digests to the log	2026-09-11T09:26:08.4745636Z         "y1": 2642,
al-felony-nonconviction-90-set	Print the verdict and the page digests to the log	2026-09-11T09:26:08.4745894Z         "width": 2040,
al-felony-nonconviction-90-set	Print the verdict and the page digests to the log	2026-09-11T09:26:08.4746066Z         "height": 2640
al-felony-nonconviction-90-set	Print the verdict and the page digests to the log	2026-09-11T09:26:08.4746230Z       },
al-felony-nonconviction-90-set	Print the verdict and the page digests to the log	2026-09-11T09:26:08.4746405Z       "pxPerPt": 3.3333333333333335,
al-felony-nonconviction-90-set	Print the verdict and the page digests to the log	2026-09-11T09:26:08.4746635Z       "expectedPxPerPt": 3.333333333333333,
al-felony-nonconviction-90-set	Print the verdict and the page digests to the log	2026-09-11T09:26:08.4746861Z       "pageWidthPt": 612,
al-felony-nonconviction-90-set	Print the verdict and the page digests to the log	2026-09-11T09:26:08.4747048Z       "pageHeightPt": 792,
al-felony-nonconviction-90-set	Print the verdict and the page digests to the log	2026-09-11T09:26:08.4747233Z       "expectedPx": {
al-felony-nonconviction-90-set	Print the verdict and the page digests to the log	2026-09-11T09:26:08.4747420Z         "width": 2039.9999999999998,
al-felony-nonconviction-90-set	Print the verdict and the page digests to the log	2026-09-11T09:26:08.4747633Z         "height": 2639.9999999999995,
al-felony-nonconviction-90-set	Print the verdict and the page digests to the log	2026-09-11T09:26:08.4747890Z         "tolerancePx": 6.666666666666666
al-felony-nonconviction-90-set	Print the verdict and the page digests to the log	2026-09-11T09:26:08.4748202Z       },
al-felony-nonconviction-90-set	Print the verdict and the page digests to the log	2026-09-11T09:26:08.4748381Z       "calibrationResidualPx": 0,
al-felony-nonconviction-90-set	Print the verdict and the page digests to the log	2026-09-11T09:26:08.4748633Z       "inkFractionInsidePaper": 0.07420120320855615,
al-felony-nonconviction-90-set	Print the verdict and the page digests to the log	2026-09-11T09:26:08.4748868Z       "nonblank": true,
al-felony-nonconviction-90-set	Print the verdict and the page digests to the log	2026-09-11T09:26:08.4749069Z       "croppedToThePage": true
al-felony-nonconviction-90-set	Print the verdict and the page digests to the log	2026-09-11T09:26:08.4749255Z     },
al-felony-nonconviction-90-set	Print the verdict and the page digests to the log	2026-09-11T09:26:08.4749405Z     {
al-felony-nonconviction-90-set	Print the verdict and the page digests to the log	2026-09-11T09:26:08.4749556Z       "kind": "canonical",
al-felony-nonconviction-90-set	Print the verdict and the page digests to the log	2026-09-11T09:26:08.4749757Z       "document": "canonical.pdf",
al-felony-nonconviction-90-set	Print the verdict and the page digests to the log	2026-09-11T09:26:08.4749954Z       "page": 4,
al-felony-nonconviction-90-set	Print the verdict and the page digests to the log	2026-09-11T09:26:08.4750205Z       "png": "al-felony-nonconviction-90-set/canonical/page-004.png",
al-felony-nonconviction-90-set	Print the verdict and the page digests to the log	2026-09-11T09:26:08.4750473Z       "bytes": 556371,
al-felony-nonconviction-90-set	Print the verdict and the page digests to the log	2026-09-11T09:26:08.4750794Z       "pngSha256": "8b10944a431cfb379b63e41d1d0510181cf2d46dd99a0091a4def344f0e30d10",
al-felony-nonconviction-90-set	Print the verdict and the page digests to the log	2026-09-11T09:26:08.4751115Z       "pngWidth": 2040,
al-felony-nonconviction-90-set	Print the verdict and the page digests to the log	2026-09-11T09:26:08.4751292Z       "pngHeight": 2640,
al-felony-nonconviction-90-set	Print the verdict and the page digests to the log	2026-09-11T09:26:08.4751467Z       "paper": {
al-felony-nonconviction-90-set	Print the verdict and the page digests to the log	2026-09-11T09:26:08.4751624Z         "x0": 204,
al-felony-nonconviction-90-set	Print the verdict and the page digests to the log	2026-09-11T09:26:08.4751784Z         "y0": 3,
al-felony-nonconviction-90-set	Print the verdict and the page digests to the log	2026-09-11T09:26:08.4752087Z         "x1": 2243,
al-felony-nonconviction-90-set	Print the verdict and the page digests to the log	2026-09-11T09:26:08.4752242Z         "y1": 2642,
al-felony-nonconviction-90-set	Print the verdict and the page digests to the log	2026-09-11T09:26:08.4752407Z         "width": 2040,
al-felony-nonconviction-90-set	Print the verdict and the page digests to the log	2026-09-11T09:26:08.4752576Z         "height": 2640
al-felony-nonconviction-90-set	Print the verdict and the page digests to the log	2026-09-11T09:26:08.4752737Z       },
al-felony-nonconviction-90-set	Print the verdict and the page digests to the log	2026-09-11T09:26:08.4752916Z       "pxPerPt": 3.3333333333333335,
al-felony-nonconviction-90-set	Print the verdict and the page digests to the log	2026-09-11T09:26:08.4753152Z       "expectedPxPerPt": 3.333333333333333,
al-felony-nonconviction-90-set	Print the verdict and the page digests to the log	2026-09-11T09:26:08.4753370Z       "pageWidthPt": 612,
al-felony-nonconviction-90-set	Print the verdict and the page digests to the log	2026-09-11T09:26:08.4753556Z       "pageHeightPt": 792,
al-felony-nonconviction-90-set	Print the verdict and the page digests to the log	2026-09-11T09:26:08.4753742Z       "expectedPx": {
al-felony-nonconviction-90-set	Print the verdict and the page digests to the log	2026-09-11T09:26:08.4753929Z         "width": 2039.9999999999998,
al-felony-nonconviction-90-set	Print the verdict and the page digests to the log	2026-09-11T09:26:08.4754143Z         "height": 2639.9999999999995,
al-felony-nonconviction-90-set	Print the verdict and the page digests to the log	2026-09-11T09:26:08.4754368Z         "tolerancePx": 6.666666666666666
al-felony-nonconviction-90-set	Print the verdict and the page digests to the log	2026-09-11T09:26:08.4754563Z       },
al-felony-nonconviction-90-set	Print the verdict and the page digests to the log	2026-09-11T09:26:08.4754736Z       "calibrationResidualPx": 0,
al-felony-nonconviction-90-set	Print the verdict and the page digests to the log	2026-09-11T09:26:08.4754983Z       "inkFractionInsidePaper": 0.08577187314319668,
al-felony-nonconviction-90-set	Print the verdict and the page digests to the log	2026-09-11T09:26:08.4755214Z       "nonblank": true,
al-felony-nonconviction-90-set	Print the verdict and the page digests to the log	2026-09-11T09:26:08.4755411Z       "croppedToThePage": true
al-felony-nonconviction-90-set	Print the verdict and the page digests to the log	2026-09-11T09:26:08.4755798Z     },
al-felony-nonconviction-90-set	Print the verdict and the page digests to the log	2026-09-11T09:26:08.4755944Z     {
al-felony-nonconviction-90-set	Print the verdict and the page digests to the log	2026-09-11T09:26:08.4756100Z       "kind": "canonical",
al-felony-nonconviction-90-set	Print the verdict and the page digests to the log	2026-09-11T09:26:08.4756306Z       "document": "canonical.pdf",
al-felony-nonconviction-90-set	Print the verdict and the page digests to the log	2026-09-11T09:26:08.4756504Z       "page": 5,
al-felony-nonconviction-90-set	Print the verdict and the page digests to the log	2026-09-11T09:26:08.4756875Z       "png": "al-felony-nonconviction-90-set/canonical/page-005.png",
al-felony-nonconviction-90-set	Print the verdict and the page digests to the log	2026-09-11T09:26:08.4757156Z       "bytes": 379980,
al-felony-nonconviction-90-set	Print the verdict and the page digests to the log	2026-09-11T09:26:08.4757468Z       "pngSha256": "afc7a2a69227d6762290d99f29309a6cf062625491ce9f2e57970b1e80a57cde",
al-felony-nonconviction-90-set	Print the verdict and the page digests to the log	2026-09-11T09:26:08.4757788Z       "pngWidth": 2040,
al-felony-nonconviction-90-set	Print the verdict and the page digests to the log	2026-09-11T09:26:08.4757963Z       "pngHeight": 2640,
al-felony-nonconviction-90-set	Print the verdict and the page digests to the log	2026-09-11T09:26:08.4758139Z       "paper": {
al-felony-nonconviction-90-set	Print the verdict and the page digests to the log	2026-09-11T09:26:08.4758303Z         "x0": 204,
al-felony-nonconviction-90-set	Print the verdict and the page digests to the log	2026-09-11T09:26:08.4758462Z         "y0": 3,
al-felony-nonconviction-90-set	Print the verdict and the page digests to the log	2026-09-11T09:26:08.4758615Z         "x1": 2243,
al-felony-nonconviction-90-set	Print the verdict and the page digests to the log	2026-09-11T09:26:08.4758773Z         "y1": 2642,
al-felony-nonconviction-90-set	Print the verdict and the page digests to the log	2026-09-11T09:26:08.4758930Z         "width": 2040,
al-felony-nonconviction-90-set	Print the verdict and the page digests to the log	2026-09-11T09:26:08.4759174Z         "height": 2640
al-felony-nonconviction-90-set	Print the verdict and the page digests to the log	2026-09-11T09:26:08.4759418Z       },
al-felony-nonconviction-90-set	Print the verdict and the page digests to the log	2026-09-11T09:26:08.4759682Z       "pxPerPt": 3.3333333333333335,
al-felony-nonconviction-90-set	Print the verdict and the page digests to the log	2026-09-11T09:26:08.4760031Z       "expectedPxPerPt": 3.333333333333333,
al-felony-nonconviction-90-set	Print the verdict and the page digests to the log	2026-09-11T09:26:08.4760314Z       "pageWidthPt": 612,
al-felony-nonconviction-90-set	Print the verdict and the page digests to the log	2026-09-11T09:26:08.4760496Z       "pageHeightPt": 792,
al-felony-nonconviction-90-set	Print the verdict and the page digests to the log	2026-09-11T09:26:08.4760687Z       "expectedPx": {
al-felony-nonconviction-90-set	Print the verdict and the page digests to the log	2026-09-11T09:26:08.4760881Z         "width": 2039.9999999999998,
al-felony-nonconviction-90-set	Print the verdict and the page digests to the log	2026-09-11T09:26:08.4761093Z         "height": 2639.9999999999995,
al-felony-nonconviction-90-set	Print the verdict and the page digests to the log	2026-09-11T09:26:08.4761314Z         "tolerancePx": 6.666666666666666
al-felony-nonconviction-90-set	Print the verdict and the page digests to the log	2026-09-11T09:26:08.4761511Z       },
al-felony-nonconviction-90-set	Print the verdict and the page digests to the log	2026-09-11T09:26:08.4761687Z       "calibrationResidualPx": 0,
al-felony-nonconviction-90-set	Print the verdict and the page digests to the log	2026-09-11T09:26:08.4761936Z       "inkFractionInsidePaper": 0.05346498068924539,
al-felony-nonconviction-90-set	Print the verdict and the page digests to the log	2026-09-11T09:26:08.4762174Z       "nonblank": true,
al-felony-nonconviction-90-set	Print the verdict and the page digests to the log	2026-09-11T09:26:08.4762372Z       "croppedToThePage": true
al-felony-nonconviction-90-set	Print the verdict and the page digests to the log	2026-09-11T09:26:08.4762559Z     },
al-felony-nonconviction-90-set	Print the verdict and the page digests to the log	2026-09-11T09:26:08.4762807Z     {
al-felony-nonconviction-90-set	Print the verdict and the page digests to the log	2026-09-11T09:26:08.4763028Z       "kind": "canonical",
al-felony-nonconviction-90-set	Print the verdict and the page digests to the log	2026-09-11T09:26:08.4763340Z       "document": "canonical.pdf",
al-felony-nonconviction-90-set	Print the verdict and the page digests to the log	2026-09-11T09:26:08.4763645Z       "page": 6,
al-felony-nonconviction-90-set	Print the verdict and the page digests to the log	2026-09-11T09:26:08.4763910Z       "png": "al-felony-nonconviction-90-set/canonical/page-006.png",
al-felony-nonconviction-90-set	Print the verdict and the page digests to the log	2026-09-11T09:26:08.4764178Z       "bytes": 362374,
al-felony-nonconviction-90-set	Print the verdict and the page digests to the log	2026-09-11T09:26:08.4764492Z       "pngSha256": "566f97fd66bea0621b065d9683ace373cca15d41f9f5dd435953cac3b6a0c234",
al-felony-nonconviction-90-set	Print the verdict and the page digests to the log	2026-09-11T09:26:08.4764818Z       "pngWidth": 2040,
al-felony-nonconviction-90-set	Print the verdict and the page digests to the log	2026-09-11T09:26:08.4764993Z       "pngHeight": 2640,
al-felony-nonconviction-90-set	Print the verdict and the page digests to the log	2026-09-11T09:26:08.4765170Z       "paper": {
al-felony-nonconviction-90-set	Print the verdict and the page digests to the log	2026-09-11T09:26:08.4765324Z         "x0": 204,
al-felony-nonconviction-90-set	Print the verdict and the page digests to the log	2026-09-11T09:26:08.4765628Z         "y0": 3,
al-felony-nonconviction-90-set	Print the verdict and the page digests to the log	2026-09-11T09:26:08.4765786Z         "x1": 2243,
al-felony-nonconviction-90-set	Print the verdict and the page digests to the log	2026-09-11T09:26:08.4765940Z         "y1": 2642,
al-felony-nonconviction-90-set	Print the verdict and the page digests to the log	2026-09-11T09:26:08.4766099Z         "width": 2040,
al-felony-nonconviction-90-set	Print the verdict and the page digests to the log	2026-09-11T09:26:08.4766271Z         "height": 2640
al-felony-nonconviction-90-set	Print the verdict and the page digests to the log	2026-09-11T09:26:08.4766534Z       },
al-felony-nonconviction-90-set	Print the verdict and the page digests to the log	2026-09-11T09:26:08.4766793Z       "pxPerPt": 3.3333333333333335,
al-felony-nonconviction-90-set	Print the verdict and the page digests to the log	2026-09-11T09:26:08.4767147Z       "expectedPxPerPt": 3.333333333333333,
al-felony-nonconviction-90-set	Print the verdict and the page digests to the log	2026-09-11T09:26:08.4767457Z       "pageWidthPt": 612,
al-felony-nonconviction-90-set	Print the verdict and the page digests to the log	2026-09-11T09:26:08.4767642Z       "pageHeightPt": 792,
al-felony-nonconviction-90-set	Print the verdict and the page digests to the log	2026-09-11T09:26:08.4767973Z       "expectedPx": {
al-felony-nonconviction-90-set	Print the verdict and the page digests to the log	2026-09-11T09:26:08.4768162Z         "width": 2039.9999999999998,
al-felony-nonconviction-90-set	Print the verdict and the page digests to the log	2026-09-11T09:26:08.4768375Z         "height": 2639.9999999999995,
al-felony-nonconviction-90-set	Print the verdict and the page digests to the log	2026-09-11T09:26:08.4768592Z         "tolerancePx": 6.666666666666666
al-felony-nonconviction-90-set	Print the verdict and the page digests to the log	2026-09-11T09:26:08.4768792Z       },
al-felony-nonconviction-90-set	Print the verdict and the page digests to the log	2026-09-11T09:26:08.4768964Z       "calibrationResidualPx": 0,
al-felony-nonconviction-90-set	Print the verdict and the page digests to the log	2026-09-11T09:26:08.4769217Z       "inkFractionInsidePaper": 0.04030674390968508,
al-felony-nonconviction-90-set	Print the verdict and the page digests to the log	2026-09-11T09:26:08.4769448Z       "nonblank": true,
al-felony-nonconviction-90-set	Print the verdict and the page digests to the log	2026-09-11T09:26:08.4769637Z       "croppedToThePage": true
al-felony-nonconviction-90-set	Print the verdict and the page digests to the log	2026-09-11T09:26:08.4769819Z     },
al-felony-nonconviction-90-set	Print the verdict and the page digests to the log	2026-09-11T09:26:08.4769959Z     {
al-felony-nonconviction-90-set	Print the verdict and the page digests to the log	2026-09-11T09:26:08.4770107Z       "kind": "canonical",
al-felony-nonconviction-90-set	Print the verdict and the page digests to the log	2026-09-11T09:26:08.4770319Z       "document": "canonical.pdf",
al-felony-nonconviction-90-set	Print the verdict and the page digests to the log	2026-09-11T09:26:08.4770544Z       "page": 7,
al-felony-nonconviction-90-set	Print the verdict and the page digests to the log	2026-09-11T09:26:08.4770791Z       "png": "al-felony-nonconviction-90-set/canonical/page-007.png",
al-felony-nonconviction-90-set	Print the verdict and the page digests to the log	2026-09-11T09:26:08.4771054Z       "bytes": 434042,
al-felony-nonconviction-90-set	Print the verdict and the page digests to the log	2026-09-11T09:26:08.4771352Z       "pngSha256": "68a594b4e3298b1d3b2d58d9e97846aa3186721993f43d79356936aaad3899b0",
al-felony-nonconviction-90-set	Print the verdict and the page digests to the log	2026-09-11T09:26:08.4771675Z       "pngWidth": 2040,
al-felony-nonconviction-90-set	Print the verdict and the page digests to the log	2026-09-11T09:26:08.4771847Z       "pngHeight": 2640,
al-felony-nonconviction-90-set	Print the verdict and the page digests to the log	2026-09-11T09:26:08.4772020Z       "paper": {
al-felony-nonconviction-90-set	Print the verdict and the page digests to the log	2026-09-11T09:26:08.4772175Z         "x0": 204,
al-felony-nonconviction-90-set	Print the verdict and the page digests to the log	2026-09-11T09:26:08.4772331Z         "y0": 3,
al-felony-nonconviction-90-set	Print the verdict and the page digests to the log	2026-09-11T09:26:08.4772594Z         "x1": 2243,
al-felony-nonconviction-90-set	Print the verdict and the page digests to the log	2026-09-11T09:26:08.4772756Z         "y1": 2642,
al-felony-nonconviction-90-set	Print the verdict and the page digests to the log	2026-09-11T09:26:08.4772910Z         "width": 2040,
al-felony-nonconviction-90-set	Print the verdict and the page digests to the log	2026-09-11T09:26:08.4773071Z         "height": 2640
al-felony-nonconviction-90-set	Print the verdict and the page digests to the log	2026-09-11T09:26:08.4773228Z       },
al-felony-nonconviction-90-set	Print the verdict and the page digests to the log	2026-09-11T09:26:08.4773395Z       "pxPerPt": 3.3333333333333335,
al-felony-nonconviction-90-set	Print the verdict and the page digests to the log	2026-09-11T09:26:08.4773618Z       "expectedPxPerPt": 3.333333333333333,
al-felony-nonconviction-90-set	Print the verdict and the page digests to the log	2026-09-11T09:26:08.4773834Z       "pageWidthPt": 612,
al-felony-nonconviction-90-set	Print the verdict and the page digests to the log	2026-09-11T09:26:08.4774014Z       "pageHeightPt": 792,
al-felony-nonconviction-90-set	Print the verdict and the page digests to the log	2026-09-11T09:26:08.4774192Z       "expectedPx": {
al-felony-nonconviction-90-set	Print the verdict and the page digests to the log	2026-09-11T09:26:08.4774377Z         "width": 2039.9999999999998,
al-felony-nonconviction-90-set	Print the verdict and the page digests to the log	2026-09-11T09:26:08.4774587Z         "height": 2639.9999999999995,
al-felony-nonconviction-90-set	Print the verdict and the page digests to the log	2026-09-11T09:26:08.4774801Z         "tolerancePx": 6.666666666666666
al-felony-nonconviction-90-set	Print the verdict and the page digests to the log	2026-09-11T09:26:08.4774998Z       },
al-felony-nonconviction-90-set	Print the verdict and the page digests to the log	2026-09-11T09:26:08.4775176Z       "calibrationResidualPx": 0,
al-felony-nonconviction-90-set	Print the verdict and the page digests to the log	2026-09-11T09:26:08.4775420Z       "inkFractionInsidePaper": 0.057026515151515154,
al-felony-nonconviction-90-set	Print the verdict and the page digests to the log	2026-09-11T09:26:08.4775957Z       "nonblank": true,
al-felony-nonconviction-90-set	Print the verdict and the page digests to the log	2026-09-11T09:26:08.4776263Z       "croppedToThePage": true
al-felony-nonconviction-90-set	Print the verdict and the page digests to the log	2026-09-11T09:26:08.4776555Z     },
al-felony-nonconviction-90-set	Print the verdict and the page digests to the log	2026-09-11T09:26:08.4776770Z     {
al-felony-nonconviction-90-set	Print the verdict and the page digests to the log	2026-09-11T09:26:08.4776921Z       "kind": "canonical",
al-felony-nonconviction-90-set	Print the verdict and the page digests to the log	2026-09-11T09:26:08.4777119Z       "document": "canonical.pdf",
al-felony-nonconviction-90-set	Print the verdict and the page digests to the log	2026-09-11T09:26:08.4777315Z       "page": 8,
al-felony-nonconviction-90-set	Print the verdict and the page digests to the log	2026-09-11T09:26:08.4777560Z       "png": "al-felony-nonconviction-90-set/canonical/page-008.png",
al-felony-nonconviction-90-set	Print the verdict and the page digests to the log	2026-09-11T09:26:08.4777826Z       "bytes": 875580,
al-felony-nonconviction-90-set	Print the verdict and the page digests to the log	2026-09-11T09:26:08.4778150Z       "pngSha256": "269a4ddebadc885f0aeeb07d6c6280a1365ef1986fbb291bf6be6cf28a3fb8a9",
al-felony-nonconviction-90-set	Print the verdict and the page digests to the log	2026-09-11T09:26:08.4778612Z       "pngWidth": 2040,
al-felony-nonconviction-90-set	Print the verdict and the page digests to the log	2026-09-11T09:26:08.4778878Z       "pngHeight": 2640,
al-felony-nonconviction-90-set	Print the verdict and the page digests to the log	2026-09-11T09:26:08.4779139Z       "paper": {
al-felony-nonconviction-90-set	Print the verdict and the page digests to the log	2026-09-11T09:26:08.4779343Z         "x0": 204,
al-felony-nonconviction-90-set	Print the verdict and the page digests to the log	2026-09-11T09:26:08.4779502Z         "y0": 3,
al-felony-nonconviction-90-set	Print the verdict and the page digests to the log	2026-09-11T09:26:08.4779664Z         "x1": 2243,
al-felony-nonconviction-90-set	Print the verdict and the page digests to the log	2026-09-11T09:26:08.4779819Z         "y1": 2642,
al-felony-nonconviction-90-set	Print the verdict and the page digests to the log	2026-09-11T09:26:08.4779977Z         "width": 2040,
al-felony-nonconviction-90-set	Print the verdict and the page digests to the log	2026-09-11T09:26:08.4780141Z         "height": 2640
al-felony-nonconviction-90-set	Print the verdict and the page digests to the log	2026-09-11T09:26:08.4780299Z       },
al-felony-nonconviction-90-set	Print the verdict and the page digests to the log	2026-09-11T09:26:08.4780472Z       "pxPerPt": 3.3333333333333335,
al-felony-nonconviction-90-set	Print the verdict and the page digests to the log	2026-09-11T09:26:08.4780696Z       "expectedPxPerPt": 3.333333333333333,
al-felony-nonconviction-90-set	Print the verdict and the page digests to the log	2026-09-11T09:26:08.4780905Z       "pageWidthPt": 612,
al-felony-nonconviction-90-set	Print the verdict and the page digests to the log	2026-09-11T09:26:08.4781086Z       "pageHeightPt": 792,
al-felony-nonconviction-90-set	Print the verdict and the page digests to the log	2026-09-11T09:26:08.4781267Z       "expectedPx": {
al-felony-nonconviction-90-set	Print the verdict and the page digests to the log	2026-09-11T09:26:08.4781452Z         "width": 2039.9999999999998,
al-felony-nonconviction-90-set	Print the verdict and the page digests to the log	2026-09-11T09:26:08.4781659Z         "height": 2639.9999999999995,
al-felony-nonconviction-90-set	Print the verdict and the page digests to the log	2026-09-11T09:26:08.4781878Z         "tolerancePx": 6.666666666666666
al-felony-nonconviction-90-set	Print the verdict and the page digests to the log	2026-09-11T09:26:08.4782068Z       },
al-felony-nonconviction-90-set	Print the verdict and the page digests to the log	2026-09-11T09:26:08.4782238Z       "calibrationResidualPx": 0,
al-felony-nonconviction-90-set	Print the verdict and the page digests to the log	2026-09-11T09:26:08.4782480Z       "inkFractionInsidePaper": 0.10153557635175282,
al-felony-nonconviction-90-set	Print the verdict and the page digests to the log	2026-09-11T09:26:08.4782723Z       "nonblank": true,
al-felony-nonconviction-90-set	Print the verdict and the page digests to the log	2026-09-11T09:26:08.4782922Z       "croppedToThePage": true
al-felony-nonconviction-90-set	Print the verdict and the page digests to the log	2026-09-11T09:26:08.4783232Z     },
al-felony-nonconviction-90-set	Print the verdict and the page digests to the log	2026-09-11T09:26:08.4783372Z     {
al-felony-nonconviction-90-set	Print the verdict and the page digests to the log	2026-09-11T09:26:08.4783522Z       "kind": "canonical",
al-felony-nonconviction-90-set	Print the verdict and the page digests to the log	2026-09-11T09:26:08.4783726Z       "document": "canonical.pdf",
al-felony-nonconviction-90-set	Print the verdict and the page digests to the log	2026-09-11T09:26:08.4783919Z       "page": 9,
al-felony-nonconviction-90-set	Print the verdict and the page digests to the log	2026-09-11T09:26:08.4784282Z       "png": "al-felony-nonconviction-90-set/canonical/page-009.png",
al-felony-nonconviction-90-set	Print the verdict and the page digests to the log	2026-09-11T09:26:08.4784719Z       "bytes": 460556,
al-felony-nonconviction-90-set	Print the verdict and the page digests to the log	2026-09-11T09:26:08.4785191Z       "pngSha256": "a01c3df1753ae057098e80d8b6335a6eb4c13c9c467e868befacc7618102c95d",
al-felony-nonconviction-90-set	Print the verdict and the page digests to the log	2026-09-11T09:26:08.4785682Z       "pngWidth": 2040,
al-felony-nonconviction-90-set	Print the verdict and the page digests to the log	2026-09-11T09:26:08.4785910Z       "pngHeight": 2640,
al-felony-nonconviction-90-set	Print the verdict and the page digests to the log	2026-09-11T09:26:08.4786089Z       "paper": {
al-felony-nonconviction-90-set	Print the verdict and the page digests to the log	2026-09-11T09:26:08.4786253Z         "x0": 204,
al-felony-nonconviction-90-set	Print the verdict and the page digests to the log	2026-09-11T09:26:08.4786412Z         "y0": 3,
al-felony-nonconviction-90-set	Print the verdict and the page digests to the log	2026-09-11T09:26:08.4786571Z         "x1": 2243,
al-felony-nonconviction-90-set	Print the verdict and the page digests to the log	2026-09-11T09:26:08.4786736Z         "y1": 2642,
al-felony-nonconviction-90-set	Print the verdict and the page digests to the log	2026-09-11T09:26:08.4786895Z         "width": 2040,
al-felony-nonconviction-90-set	Print the verdict and the page digests to the log	2026-09-11T09:26:08.4787066Z         "height": 2640
al-felony-nonconviction-90-set	Print the verdict and the page digests to the log	2026-09-11T09:26:08.4787227Z       },
al-felony-nonconviction-90-set	Print the verdict and the page digests to the log	2026-09-11T09:26:08.4787420Z       "pxPerPt": 3.3333333333333335,
al-felony-nonconviction-90-set	Print the verdict and the page digests to the log	2026-09-11T09:26:08.4787744Z       "expectedPxPerPt": 3.333333333333333,
al-felony-nonconviction-90-set	Print the verdict and the page digests to the log	2026-09-11T09:26:08.4788084Z       "pageWidthPt": 612,
al-felony-nonconviction-90-set	Print the verdict and the page digests to the log	2026-09-11T09:26:08.4788372Z       "pageHeightPt": 792,
al-felony-nonconviction-90-set	Print the verdict and the page digests to the log	2026-09-11T09:26:08.4788737Z       "expectedPx": {
al-felony-nonconviction-90-set	Print the verdict and the page digests to the log	2026-09-11T09:26:08.4788930Z         "width": 2039.9999999999998,
al-felony-nonconviction-90-set	Print the verdict and the page digests to the log	2026-09-11T09:26:08.4789148Z         "height": 2639.9999999999995,
al-felony-nonconviction-90-set	Print the verdict and the page digests to the log	2026-09-11T09:26:08.4789374Z         "tolerancePx": 6.666666666666666
al-felony-nonconviction-90-set	Print the verdict and the page digests to the log	2026-09-11T09:26:08.4789570Z       },
al-felony-nonconviction-90-set	Print the verdict and the page digests to the log	2026-09-11T09:26:08.4789745Z       "calibrationResidualPx": 0,
al-felony-nonconviction-90-set	Print the verdict and the page digests to the log	2026-09-11T09:26:08.4789994Z       "inkFractionInsidePaper": 0.05417186571598336,
al-felony-nonconviction-90-set	Print the verdict and the page digests to the log	2026-09-11T09:26:08.4790234Z       "nonblank": true,
al-felony-nonconviction-90-set	Print the verdict and the page digests to the log	2026-09-11T09:26:08.4790431Z       "croppedToThePage": true
al-felony-nonconviction-90-set	Print the verdict and the page digests to the log	2026-09-11T09:26:08.4790616Z     },
al-felony-nonconviction-90-set	Print the verdict and the page digests to the log	2026-09-11T09:26:08.4790759Z     {
al-felony-nonconviction-90-set	Print the verdict and the page digests to the log	2026-09-11T09:26:08.4791007Z       "kind": "canonical",
al-felony-nonconviction-90-set	Print the verdict and the page digests to the log	2026-09-11T09:26:08.4791319Z       "document": "canonical.pdf",
al-felony-nonconviction-90-set	Print the verdict and the page digests to the log	2026-09-11T09:26:08.4791630Z       "page": 10,
al-felony-nonconviction-90-set	Print the verdict and the page digests to the log	2026-09-11T09:26:08.4791943Z       "png": "al-felony-nonconviction-90-set/canonical/page-010.png",
al-felony-nonconviction-90-set	Print the verdict and the page digests to the log	2026-09-11T09:26:08.4792219Z       "bytes": 476165,
al-felony-nonconviction-90-set	Print the verdict and the page digests to the log	2026-09-11T09:26:08.4792539Z       "pngSha256": "eadc454dab0a98a95647aadaa3ffa5285e8504330d8b69001b4bf20c6df8699c",
al-felony-nonconviction-90-set	Print the verdict and the page digests to the log	2026-09-11T09:26:08.4792881Z       "pngWidth": 2040,
al-felony-nonconviction-90-set	Print the verdict and the page digests to the log	2026-09-11T09:26:08.4793063Z       "pngHeight": 2640,
al-felony-nonconviction-90-set	Print the verdict and the page digests to the log	2026-09-11T09:26:08.4793246Z       "paper": {
al-felony-nonconviction-90-set	Print the verdict and the page digests to the log	2026-09-11T09:26:08.4793404Z         "x0": 204,
al-felony-nonconviction-90-set	Print the verdict and the page digests to the log	2026-09-11T09:26:08.4793562Z         "y0": 3,
al-felony-nonconviction-90-set	Print the verdict and the page digests to the log	2026-09-11T09:26:08.4793762Z         "x1": 2243,
al-felony-nonconviction-90-set	Print the verdict and the page digests to the log	2026-09-11T09:26:08.4793999Z         "y1": 2642,
al-felony-nonconviction-90-set	Print the verdict and the page digests to the log	2026-09-11T09:26:08.4794235Z         "width": 2040,
al-felony-nonconviction-90-set	Print the verdict and the page digests to the log	2026-09-11T09:26:08.4794493Z         "height": 2640
al-felony-nonconviction-90-set	Print the verdict and the page digests to the log	2026-09-11T09:26:08.4794716Z       },
al-felony-nonconviction-90-set	Print the verdict and the page digests to the log	2026-09-11T09:26:08.4794890Z       "pxPerPt": 3.3333333333333335,
al-felony-nonconviction-90-set	Print the verdict and the page digests to the log	2026-09-11T09:26:08.4795123Z       "expectedPxPerPt": 3.333333333333333,
al-felony-nonconviction-90-set	Print the verdict and the page digests to the log	2026-09-11T09:26:08.4795338Z       "pageWidthPt": 612,
al-felony-nonconviction-90-set	Print the verdict and the page digests to the log	2026-09-11T09:26:08.4795687Z       "pageHeightPt": 792,
al-felony-nonconviction-90-set	Print the verdict and the page digests to the log	2026-09-11T09:26:08.4795906Z       "expectedPx": {
al-felony-nonconviction-90-set	Print the verdict and the page digests to the log	2026-09-11T09:26:08.4796101Z         "width": 2039.9999999999998,
al-felony-nonconviction-90-set	Print the verdict and the page digests to the log	2026-09-11T09:26:08.4796315Z         "height": 2639.9999999999995,
al-felony-nonconviction-90-set	Print the verdict and the page digests to the log	2026-09-11T09:26:08.4796534Z         "tolerancePx": 6.666666666666666
al-felony-nonconviction-90-set	Print the verdict and the page digests to the log	2026-09-11T09:26:08.4796767Z       },
al-felony-nonconviction-90-set	Print the verdict and the page digests to the log	2026-09-11T09:26:08.4797010Z       "calibrationResidualPx": 0,
al-felony-nonconviction-90-set	Print the verdict and the page digests to the log	2026-09-11T09:26:08.4797387Z       "inkFractionInsidePaper": 0.054849970291146764,
al-felony-nonconviction-90-set	Print the verdict and the page digests to the log	2026-09-11T09:26:08.4797733Z       "nonblank": true,
al-felony-nonconviction-90-set	Print the verdict and the page digests to the log	2026-09-11T09:26:08.4798030Z       "croppedToThePage": true
al-felony-nonconviction-90-set	Print the verdict and the page digests to the log	2026-09-11T09:26:08.4798300Z     },
al-felony-nonconviction-90-set	Print the verdict and the page digests to the log	2026-09-11T09:26:08.4798514Z     {
al-felony-nonconviction-90-set	Print the verdict and the page digests to the log	2026-09-11T09:26:08.4798740Z       "kind": "canonical",
al-felony-nonconviction-90-set	Print the verdict and the page digests to the log	2026-09-11T09:26:08.4799073Z       "document": "canonical.pdf",
al-felony-nonconviction-90-set	Print the verdict and the page digests to the log	2026-09-11T09:26:08.4799386Z       "page": 11,
al-felony-nonconviction-90-set	Print the verdict and the page digests to the log	2026-09-11T09:26:08.4799805Z       "png": "al-felony-nonconviction-90-set/canonical/page-011.png",
al-felony-nonconviction-90-set	Print the verdict and the page digests to the log	2026-09-11T09:26:08.4800207Z       "bytes": 427956,
al-felony-nonconviction-90-set	Print the verdict and the page digests to the log	2026-09-11T09:26:08.4800722Z       "pngSha256": "3d8753a2fd235f0a0ce226962e7b6918fe2c75b96c62e43b0c544edec4d2f170",
al-felony-nonconviction-90-set	Print the verdict and the page digests to the log	2026-09-11T09:26:08.4801433Z       "pngWidth": 2040,
al-felony-nonconviction-90-set	Print the verdict and the page digests to the log	2026-09-11T09:26:08.4801670Z       "pngHeight": 2640,
al-felony-nonconviction-90-set	Print the verdict and the page digests to the log	2026-09-11T09:26:08.4801848Z       "paper": {
al-felony-nonconviction-90-set	Print the verdict and the page digests to the log	2026-09-11T09:26:08.4802008Z         "x0": 204,
al-felony-nonconviction-90-set	Print the verdict and the page digests to the log	2026-09-11T09:26:08.4802169Z         "y0": 3,
al-felony-nonconviction-90-set	Print the verdict and the page digests to the log	2026-09-11T09:26:08.4802330Z         "x1": 2243,
al-felony-nonconviction-90-set	Print the verdict and the page digests to the log	2026-09-11T09:26:08.4802487Z         "y1": 2642,
al-felony-nonconviction-90-set	Print the verdict and the page digests to the log	2026-09-11T09:26:08.4802652Z         "width": 2040,
al-felony-nonconviction-90-set	Print the verdict and the page digests to the log	2026-09-11T09:26:08.4802819Z         "height": 2640
al-felony-nonconviction-90-set	Print the verdict and the page digests to the log	2026-09-11T09:26:08.4802977Z       },
al-felony-nonconviction-90-set	Print the verdict and the page digests to the log	2026-09-11T09:26:08.4803150Z       "pxPerPt": 3.3333333333333335,
al-felony-nonconviction-90-set	Print the verdict and the page digests to the log	2026-09-11T09:26:08.4803383Z       "expectedPxPerPt": 3.333333333333333,
al-felony-nonconviction-90-set	Print the verdict and the page digests to the log	2026-09-11T09:26:08.4803599Z       "pageWidthPt": 612,
al-felony-nonconviction-90-set	Print the verdict and the page digests to the log	2026-09-11T09:26:08.4803789Z       "pageHeightPt": 792,
al-felony-nonconviction-90-set	Print the verdict and the page digests to the log	2026-09-11T09:26:08.4803980Z       "expectedPx": {
al-felony-nonconviction-90-set	Print the verdict and the page digests to the log	2026-09-11T09:26:08.4804308Z         "width": 2039.9999999999998,
al-felony-nonconviction-90-set	Print the verdict and the page digests to the log	2026-09-11T09:26:08.4804640Z         "height": 2639.9999999999995,
al-felony-nonconviction-90-set	Print the verdict and the page digests to the log	2026-09-11T09:26:08.4804985Z         "tolerancePx": 6.666666666666666
al-felony-nonconviction-90-set	Print the verdict and the page digests to the log	2026-09-11T09:26:08.4805210Z       },
al-felony-nonconviction-90-set	Print the verdict and the page digests to the log	2026-09-11T09:26:08.4805393Z       "calibrationResidualPx": 0,
al-felony-nonconviction-90-set	Print the verdict and the page digests to the log	2026-09-11T09:26:08.4805792Z       "inkFractionInsidePaper": 0.05390875668449198,
al-felony-nonconviction-90-set	Print the verdict and the page digests to the log	2026-09-11T09:26:08.4806026Z       "nonblank": true,
al-felony-nonconviction-90-set	Print the verdict and the page digests to the log	2026-09-11T09:26:08.4806223Z       "croppedToThePage": true
al-felony-nonconviction-90-set	Print the verdict and the page digests to the log	2026-09-11T09:26:08.4806528Z     },
al-felony-nonconviction-90-set	Print the verdict and the page digests to the log	2026-09-11T09:26:08.4806676Z     {
al-felony-nonconviction-90-set	Print the verdict and the page digests to the log	2026-09-11T09:26:08.4806826Z       "kind": "boundary",
al-felony-nonconviction-90-set	Print the verdict and the page digests to the log	2026-09-11T09:26:08.4807033Z       "document": "boundary.pdf",
al-felony-nonconviction-90-set	Print the verdict and the page digests to the log	2026-09-11T09:26:08.4807235Z       "page": 1,
al-felony-nonconviction-90-set	Print the verdict and the page digests to the log	2026-09-11T09:26:08.4807495Z       "png": "al-felony-nonconviction-90-set/boundary/page-001.png",
al-felony-nonconviction-90-set	Print the verdict and the page digests to the log	2026-09-11T09:26:08.4807761Z       "bytes": 511528,
al-felony-nonconviction-90-set	Print the verdict and the page digests to the log	2026-09-11T09:26:08.4808206Z       "pngSha256": "bd63b4521077e7d6d30cd1cec3aaa0c76d369bf030c455d990a438b907cd4db9",
al-felony-nonconviction-90-set	Print the verdict and the page digests to the log	2026-09-11T09:26:08.4808743Z       "pngWidth": 2040,
al-felony-nonconviction-90-set	Print the verdict and the page digests to the log	2026-09-11T09:26:08.4809003Z       "pngHeight": 2640,
al-felony-nonconviction-90-set	Print the verdict and the page digests to the log	2026-09-11T09:26:08.4809185Z       "paper": {
al-felony-nonconviction-90-set	Print the verdict and the page digests to the log	2026-09-11T09:26:08.4809348Z         "x0": 204,
al-felony-nonconviction-90-set	Print the verdict and the page digests to the log	2026-09-11T09:26:08.4809507Z         "y0": 3,
al-felony-nonconviction-90-set	Print the verdict and the page digests to the log	2026-09-11T09:26:08.4809669Z         "x1": 2243,
al-felony-nonconviction-90-set	Print the verdict and the page digests to the log	2026-09-11T09:26:08.4809827Z         "y1": 2642,
al-felony-nonconviction-90-set	Print the verdict and the page digests to the log	2026-09-11T09:26:08.4809986Z         "width": 2040,
al-felony-nonconviction-90-set	Print the verdict and the page digests to the log	2026-09-11T09:26:08.4810155Z         "height": 2640
al-felony-nonconviction-90-set	Print the verdict and the page digests to the log	2026-09-11T09:26:08.4810315Z       },
al-felony-nonconviction-90-set	Print the verdict and the page digests to the log	2026-09-11T09:26:08.4810495Z       "pxPerPt": 3.3333333333333335,
al-felony-nonconviction-90-set	Print the verdict and the page digests to the log	2026-09-11T09:26:08.4810730Z       "expectedPxPerPt": 3.333333333333333,
al-felony-nonconviction-90-set	Print the verdict and the page digests to the log	2026-09-11T09:26:08.4810948Z       "pageWidthPt": 612,
al-felony-nonconviction-90-set	Print the verdict and the page digests to the log	2026-09-11T09:26:08.4811134Z       "pageHeightPt": 792,
al-felony-nonconviction-90-set	Print the verdict and the page digests to the log	2026-09-11T09:26:08.4811317Z       "expectedPx": {
al-felony-nonconviction-90-set	Print the verdict and the page digests to the log	2026-09-11T09:26:08.4811507Z         "width": 2039.9999999999998,
al-felony-nonconviction-90-set	Print the verdict and the page digests to the log	2026-09-11T09:26:08.4811800Z         "height": 2639.9999999999995,
al-felony-nonconviction-90-set	Print the verdict and the page digests to the log	2026-09-11T09:26:08.4812151Z         "tolerancePx": 6.666666666666666
al-felony-nonconviction-90-set	Print the verdict and the page digests to the log	2026-09-11T09:26:08.4812454Z       },
al-felony-nonconviction-90-set	Print the verdict and the page digests to the log	2026-09-11T09:26:08.4812696Z       "calibrationResidualPx": 0,
al-felony-nonconviction-90-set	Print the verdict and the page digests to the log	2026-09-11T09:26:08.4812950Z       "inkFractionInsidePaper": 0.07057616607248961,
al-felony-nonconviction-90-set	Print the verdict and the page digests to the log	2026-09-11T09:26:08.4813181Z       "nonblank": true,
al-felony-nonconviction-90-set	Print the verdict and the page digests to the log	2026-09-11T09:26:08.4813375Z       "croppedToThePage": true
al-felony-nonconviction-90-set	Print the verdict and the page digests to the log	2026-09-11T09:26:08.4813573Z     },
al-felony-nonconviction-90-set	Print the verdict and the page digests to the log	2026-09-11T09:26:08.4813714Z     {
al-felony-nonconviction-90-set	Print the verdict and the page digests to the log	2026-09-11T09:26:08.4813868Z       "kind": "boundary",
al-felony-nonconviction-90-set	Print the verdict and the page digests to the log	2026-09-11T09:26:08.4814070Z       "document": "boundary.pdf",
al-felony-nonconviction-90-set	Print the verdict and the page digests to the log	2026-09-11T09:26:08.4814304Z       "page": 2,
al-felony-nonconviction-90-set	Print the verdict and the page digests to the log	2026-09-11T09:26:08.4814715Z       "png": "al-felony-nonconviction-90-set/boundary/page-002.png",
al-felony-nonconviction-90-set	Print the verdict and the page digests to the log	2026-09-11T09:26:08.4815146Z       "bytes": 545259,
al-felony-nonconviction-90-set	Print the verdict and the page digests to the log	2026-09-11T09:26:08.4815617Z       "pngSha256": "0882f000e8193ae89048c2820f99228ec0e506a7ea8e72c3f1c5f6ebd44a4789",
al-felony-nonconviction-90-set	Print the verdict and the page digests to the log	2026-09-11T09:26:08.4815945Z       "pngWidth": 2040,
al-felony-nonconviction-90-set	Print the verdict and the page digests to the log	2026-09-11T09:26:08.4816126Z       "pngHeight": 2640,
al-felony-nonconviction-90-set	Print the verdict and the page digests to the log	2026-09-11T09:26:08.4816303Z       "paper": {
al-felony-nonconviction-90-set	Print the verdict and the page digests to the log	2026-09-11T09:26:08.4816461Z         "x0": 204,
al-felony-nonconviction-90-set	Print the verdict and the page digests to the log	2026-09-11T09:26:08.4816622Z         "y0": 3,
al-felony-nonconviction-90-set	Print the verdict and the page digests to the log	2026-09-11T09:26:08.4816776Z         "x1": 2243,
al-felony-nonconviction-90-set	Print the verdict and the page digests to the log	2026-09-11T09:26:08.4816998Z         "y1": 2642,
al-felony-nonconviction-90-set	Print the verdict and the page digests to the log	2026-09-11T09:26:08.4817239Z         "width": 2040,
al-felony-nonconviction-90-set	Print the verdict and the page digests to the log	2026-09-11T09:26:08.4817494Z         "height": 2640
al-felony-nonconviction-90-set	Print the verdict and the page digests to the log	2026-09-11T09:26:08.4817736Z       },
al-felony-nonconviction-90-set	Print the verdict and the page digests to the log	2026-09-11T09:26:08.4817956Z       "pxPerPt": 3.3333333333333335,
al-felony-nonconviction-90-set	Print the verdict and the page digests to the log	2026-09-11T09:26:08.4818319Z       "expectedPxPerPt": 3.333333333333333,
al-felony-nonconviction-90-set	Print the verdict and the page digests to the log	2026-09-11T09:26:08.4818536Z       "pageWidthPt": 612,
al-felony-nonconviction-90-set	Print the verdict and the page digests to the log	2026-09-11T09:26:08.4818723Z       "pageHeightPt": 792,
al-felony-nonconviction-90-set	Print the verdict and the page digests to the log	2026-09-11T09:26:08.4818913Z       "expectedPx": {
al-felony-nonconviction-90-set	Print the verdict and the page digests to the log	2026-09-11T09:26:08.4819101Z         "width": 2039.9999999999998,
al-felony-nonconviction-90-set	Print the verdict and the page digests to the log	2026-09-11T09:26:08.4819318Z         "height": 2639.9999999999995,
al-felony-nonconviction-90-set	Print the verdict and the page digests to the log	2026-09-11T09:26:08.4819537Z         "tolerancePx": 6.666666666666666
al-felony-nonconviction-90-set	Print the verdict and the page digests to the log	2026-09-11T09:26:08.4819733Z       },
al-felony-nonconviction-90-set	Print the verdict and the page digests to the log	2026-09-11T09:26:08.4819989Z       "calibrationResidualPx": 0,
al-felony-nonconviction-90-set	Print the verdict and the page digests to the log	2026-09-11T09:26:08.4820385Z       "inkFractionInsidePaper": 0.07003862150920974,
al-felony-nonconviction-90-set	Print the verdict and the page digests to the log	2026-09-11T09:26:08.4820753Z       "nonblank": true,
al-felony-nonconviction-90-set	Print the verdict and the page digests to the log	2026-09-11T09:26:08.4820981Z       "croppedToThePage": true
al-felony-nonconviction-90-set	Print the verdict and the page digests to the log	2026-09-11T09:26:08.4821167Z     },
al-felony-nonconviction-90-set	Print the verdict and the page digests to the log	2026-09-11T09:26:08.4821311Z     {
al-felony-nonconviction-90-set	Print the verdict and the page digests to the log	2026-09-11T09:26:08.4821460Z       "kind": "boundary",
al-felony-nonconviction-90-set	Print the verdict and the page digests to the log	2026-09-11T09:26:08.4821659Z       "document": "boundary.pdf",
al-felony-nonconviction-90-set	Print the verdict and the page digests to the log	2026-09-11T09:26:08.4821854Z       "page": 3,
al-felony-nonconviction-90-set	Print the verdict and the page digests to the log	2026-09-11T09:26:08.4822116Z       "png": "al-felony-nonconviction-90-set/boundary/page-003.png",
al-felony-nonconviction-90-set	Print the verdict and the page digests to the log	2026-09-11T09:26:08.4822379Z       "bytes": 536786,
al-felony-nonconviction-90-set	Print the verdict and the page digests to the log	2026-09-11T09:26:08.4822683Z       "pngSha256": "031415e764762365ce360833603bfc243359b44dc76525c8d571a82bde1cf3c3",
al-felony-nonconviction-90-set	Print the verdict and the page digests to the log	2026-09-11T09:26:08.4823115Z       "pngWidth": 2040,
al-felony-nonconviction-90-set	Print the verdict and the page digests to the log	2026-09-11T09:26:08.4823296Z       "pngHeight": 2640,
al-felony-nonconviction-90-set	Print the verdict and the page digests to the log	2026-09-11T09:26:08.4823475Z       "paper": {
al-felony-nonconviction-90-set	Print the verdict and the page digests to the log	2026-09-11T09:26:08.4823633Z         "x0": 204,
al-felony-nonconviction-90-set	Print the verdict and the page digests to the log	2026-09-11T09:26:08.4823792Z         "y0": 3,
al-felony-nonconviction-90-set	Print the verdict and the page digests to the log	2026-09-11T09:26:08.4823947Z         "x1": 2243,
al-felony-nonconviction-90-set	Print the verdict and the page digests to the log	2026-09-11T09:26:08.4824101Z         "y1": 2642,
al-felony-nonconviction-90-set	Print the verdict and the page digests to the log	2026-09-11T09:26:08.4824257Z         "width": 2040,
al-felony-nonconviction-90-set	Print the verdict and the page digests to the log	2026-09-11T09:26:08.4824430Z         "height": 2640
al-felony-nonconviction-90-set	Print the verdict and the page digests to the log	2026-09-11T09:26:08.4824590Z       },
al-felony-nonconviction-90-set	Print the verdict and the page digests to the log	2026-09-11T09:26:08.4824765Z       "pxPerPt": 3.3333333333333335,
al-felony-nonconviction-90-set	Print the verdict and the page digests to the log	2026-09-11T09:26:08.4824991Z       "expectedPxPerPt": 3.333333333333333,
al-felony-nonconviction-90-set	Print the verdict and the page digests to the log	2026-09-11T09:26:08.4825207Z       "pageWidthPt": 612,
al-felony-nonconviction-90-set	Print the verdict and the page digests to the log	2026-09-11T09:26:08.4825391Z       "pageHeightPt": 792,
al-felony-nonconviction-90-set	Print the verdict and the page digests to the log	2026-09-11T09:26:08.4825759Z       "expectedPx": {
al-felony-nonconviction-90-set	Print the verdict and the page digests to the log	2026-09-11T09:26:08.4826059Z         "width": 2039.9999999999998,
al-felony-nonconviction-90-set	Print the verdict and the page digests to the log	2026-09-11T09:26:08.4826391Z         "height": 2639.9999999999995,
al-felony-nonconviction-90-set	Print the verdict and the page digests to the log	2026-09-11T09:26:08.4826700Z         "tolerancePx": 6.666666666666666
al-felony-nonconviction-90-set	Print the verdict and the page digests to the log	2026-09-11T09:26:08.4826903Z       },
al-felony-nonconviction-90-set	Print the verdict and the page digests to the log	2026-09-11T09:26:08.4827080Z       "calibrationResidualPx": 0,
al-felony-nonconviction-90-set	Print the verdict and the page digests to the log	2026-09-11T09:26:08.4827330Z       "inkFractionInsidePaper": 0.07427510398098633,
al-felony-nonconviction-90-set	Print the verdict and the page digests to the log	2026-09-11T09:26:08.4827563Z       "nonblank": true,
al-felony-nonconviction-90-set	Print the verdict and the page digests to the log	2026-09-11T09:26:08.4827759Z       "croppedToThePage": true
al-felony-nonconviction-90-set	Print the verdict and the page digests to the log	2026-09-11T09:26:08.4827945Z     },
al-felony-nonconviction-90-set	Print the verdict and the page digests to the log	2026-09-11T09:26:08.4828086Z     {
al-felony-nonconviction-90-set	Print the verdict and the page digests to the log	2026-09-11T09:26:08.4828234Z       "kind": "boundary",
al-felony-nonconviction-90-set	Print the verdict and the page digests to the log	2026-09-11T09:26:08.4828435Z       "document": "boundary.pdf",
al-felony-nonconviction-90-set	Print the verdict and the page digests to the log	2026-09-11T09:26:08.4828624Z       "page": 4,
al-felony-nonconviction-90-set	Print the verdict and the page digests to the log	2026-09-11T09:26:08.4828948Z       "png": "al-felony-nonconviction-90-set/boundary/page-004.png",
al-felony-nonconviction-90-set	Print the verdict and the page digests to the log	2026-09-11T09:26:08.4829377Z       "bytes": 556825,
al-felony-nonconviction-90-set	Print the verdict and the page digests to the log	2026-09-11T09:26:08.4829850Z       "pngSha256": "d89f30e92db1a3e3d671d330a945542db64569c2ac861663434f2efaebd635bb",
al-felony-nonconviction-90-set	Print the verdict and the page digests to the log	2026-09-11T09:26:08.4830180Z       "pngWidth": 2040,
al-felony-nonconviction-90-set	Print the verdict and the page digests to the log	2026-09-11T09:26:08.4830361Z       "pngHeight": 2640,
al-felony-nonconviction-90-set	Print the verdict and the page digests to the log	2026-09-11T09:26:08.4830533Z       "paper": {
al-felony-nonconviction-90-set	Print the verdict and the page digests to the log	2026-09-11T09:26:08.4830686Z         "x0": 204,
al-felony-nonconviction-90-set	Print the verdict and the page digests to the log	2026-09-11T09:26:08.4830844Z         "y0": 3,
al-felony-nonconviction-90-set	Print the verdict and the page digests to the log	2026-09-11T09:26:08.4831004Z         "x1": 2243,
al-felony-nonconviction-90-set	Print the verdict and the page digests to the log	2026-09-11T09:26:08.4831159Z         "y1": 2642,
al-felony-nonconviction-90-set	Print the verdict and the page digests to the log	2026-09-11T09:26:08.4831321Z         "width": 2040,
al-felony-nonconviction-90-set	Print the verdict and the page digests to the log	2026-09-11T09:26:08.4831489Z         "height": 2640
al-felony-nonconviction-90-set	Print the verdict and the page digests to the log	2026-09-11T09:26:08.4831647Z       },
al-felony-nonconviction-90-set	Print the verdict and the page digests to the log	2026-09-11T09:26:08.4831819Z       "pxPerPt": 3.3333333333333335,
al-felony-nonconviction-90-set	Print the verdict and the page digests to the log	2026-09-11T09:26:08.4832087Z       "expectedPxPerPt": 3.333333333333333,
al-felony-nonconviction-90-set	Print the verdict and the page digests to the log	2026-09-11T09:26:08.4832430Z       "pageWidthPt": 612,
al-felony-nonconviction-90-set	Print the verdict and the page digests to the log	2026-09-11T09:26:08.4832717Z       "pageHeightPt": 792,
al-felony-nonconviction-90-set	Print the verdict and the page digests to the log	2026-09-11T09:26:08.4832999Z       "expectedPx": {
al-felony-nonconviction-90-set	Print the verdict and the page digests to the log	2026-09-11T09:26:08.4833198Z         "width": 2039.9999999999998,
al-felony-nonconviction-90-set	Print the verdict and the page digests to the log	2026-09-11T09:26:08.4833409Z         "height": 2639.9999999999995,
al-felony-nonconviction-90-set	Print the verdict and the page digests to the log	2026-09-11T09:26:08.4833630Z         "tolerancePx": 6.666666666666666
al-felony-nonconviction-90-set	Print the verdict and the page digests to the log	2026-09-11T09:26:08.4833824Z       },
al-felony-nonconviction-90-set	Print the verdict and the page digests to the log	2026-09-11T09:26:08.4834160Z       "calibrationResidualPx": 0,
al-felony-nonconviction-90-set	Print the verdict and the page digests to the log	2026-09-11T09:26:08.4834408Z       "inkFractionInsidePaper": 0.08584633095662507,
al-felony-nonconviction-90-set	Print the verdict and the page digests to the log	2026-09-11T09:26:08.4834634Z       "nonblank": true,
al-felony-nonconviction-90-set	Print the verdict and the page digests to the log	2026-09-11T09:26:08.4834824Z       "croppedToThePage": true
al-felony-nonconviction-90-set	Print the verdict and the page digests to the log	2026-09-11T09:26:08.4835082Z     },
al-felony-nonconviction-90-set	Print the verdict and the page digests to the log	2026-09-11T09:26:08.4835287Z     {
al-felony-nonconviction-90-set	Print the verdict and the page digests to the log	2026-09-11T09:26:08.4835612Z       "kind": "boundary",
al-felony-nonconviction-90-set	Print the verdict and the page digests to the log	2026-09-11T09:26:08.4835929Z       "document": "boundary.pdf",
al-felony-nonconviction-90-set	Print the verdict and the page digests to the log	2026-09-11T09:26:08.4836181Z       "page": 5,
al-felony-nonconviction-90-set	Print the verdict and the page digests to the log	2026-09-11T09:26:08.4836425Z       "png": "al-felony-nonconviction-90-set/boundary/page-005.png",
al-felony-nonconviction-90-set	Print the verdict and the page digests to the log	2026-09-11T09:26:08.4836685Z       "bytes": 380400,
al-felony-nonconviction-90-set	Print the verdict and the page digests to the log	2026-09-11T09:26:08.4836992Z       "pngSha256": "753604d304fab4f4460cbf20f1d7657b1b31c911f1895321fca8320c14b8c7ab",
al-felony-nonconviction-90-set	Print the verdict and the page digests to the log	2026-09-11T09:26:08.4837308Z       "pngWidth": 2040,
al-felony-nonconviction-90-set	Print the verdict and the page digests to the log	2026-09-11T09:26:08.4837482Z       "pngHeight": 2640,
al-felony-nonconviction-90-set	Print the verdict and the page digests to the log	2026-09-11T09:26:08.4837654Z       "paper": {
al-felony-nonconviction-90-set	Print the verdict and the page digests to the log	2026-09-11T09:26:08.4837808Z         "x0": 204,
al-felony-nonconviction-90-set	Print the verdict and the page digests to the log	2026-09-11T09:26:08.4837996Z         "y0": 3,
al-felony-nonconviction-90-set	Print the verdict and the page digests to the log	2026-09-11T09:26:08.4838244Z         "x1": 2243,
al-felony-nonconviction-90-set	Print the verdict and the page digests to the log	2026-09-11T09:26:08.4838478Z         "y1": 2642,
al-felony-nonconviction-90-set	Print the verdict and the page digests to the log	2026-09-11T09:26:08.4838714Z         "width": 2040,
al-felony-nonconviction-90-set	Print the verdict and the page digests to the log	2026-09-11T09:26:08.4838964Z         "height": 2640
al-felony-nonconviction-90-set	Print the verdict and the page digests to the log	2026-09-11T09:26:08.4839121Z       },
al-felony-nonconviction-90-set	Print the verdict and the page digests to the log	2026-09-11T09:26:08.4839409Z       "pxPerPt": 3.3333333333333335,
al-felony-nonconviction-90-set	Print the verdict and the page digests to the log	2026-09-11T09:26:08.4839772Z       "expectedPxPerPt": 3.333333333333333,
al-felony-nonconviction-90-set	Print the verdict and the page digests to the log	2026-09-11T09:26:08.4840131Z       "pageWidthPt": 612,
al-felony-nonconviction-90-set	Print the verdict and the page digests to the log	2026-09-11T09:26:08.4840421Z       "pageHeightPt": 792,
al-felony-nonconviction-90-set	Print the verdict and the page digests to the log	2026-09-11T09:26:08.4840712Z       "expectedPx": {
al-felony-nonconviction-90-set	Print the verdict and the page digests to the log	2026-09-11T09:26:08.4841008Z         "width": 2039.9999999999998,
al-felony-nonconviction-90-set	Print the verdict and the page digests to the log	2026-09-11T09:26:08.4841220Z         "height": 2639.9999999999995,
al-felony-nonconviction-90-set	Print the verdict and the page digests to the log	2026-09-11T09:26:08.4841445Z         "tolerancePx": 6.666666666666666
al-felony-nonconviction-90-set	Print the verdict and the page digests to the log	2026-09-11T09:26:08.4841639Z       },
al-felony-nonconviction-90-set	Print the verdict and the page digests to the log	2026-09-11T09:26:08.4841900Z       "calibrationResidualPx": 0,
al-felony-nonconviction-90-set	Print the verdict and the page digests to the log	2026-09-11T09:26:08.4842289Z       "inkFractionInsidePaper": 0.0535394385026738,
al-felony-nonconviction-90-set	Print the verdict and the page digests to the log	2026-09-11T09:26:08.4842652Z       "nonblank": true,
al-felony-nonconviction-90-set	Print the verdict and the page digests to the log	2026-09-11T09:26:08.4842904Z       "croppedToThePage": true
al-felony-nonconviction-90-set	Print the verdict and the page digests to the log	2026-09-11T09:26:08.4843101Z     },
al-felony-nonconviction-90-set	Print the verdict and the page digests to the log	2026-09-11T09:26:08.4843298Z     {
al-felony-nonconviction-90-set	Print the verdict and the page digests to the log	2026-09-11T09:26:08.4843708Z       "kind": "boundary",
al-felony-nonconviction-90-set	Print the verdict and the page digests to the log	2026-09-11T09:26:08.4844028Z       "document": "boundary.pdf",
al-felony-nonconviction-90-set	Print the verdict and the page digests to the log	2026-09-11T09:26:08.4844329Z       "page": 6,
al-felony-nonconviction-90-set	Print the verdict and the page digests to the log	2026-09-11T09:26:08.4844743Z       "png": "al-felony-nonconviction-90-set/boundary/page-006.png",
al-felony-nonconviction-90-set	Print the verdict and the page digests to the log	2026-09-11T09:26:08.4845138Z       "bytes": 363245,
al-felony-nonconviction-90-set	Print the verdict and the page digests to the log	2026-09-11T09:26:08.4845465Z       "pngSha256": "ec0543cf628c9fe06f44eec94ae5014d6eaeb480d03ec4a736f322026d0520b4",
al-felony-nonconviction-90-set	Print the verdict and the page digests to the log	2026-09-11T09:26:08.4845960Z       "pngWidth": 2040,
al-felony-nonconviction-90-set	Print the verdict and the page digests to the log	2026-09-11T09:26:08.4846145Z       "pngHeight": 2640,
al-felony-nonconviction-90-set	Print the verdict and the page digests to the log	2026-09-11T09:26:08.4846326Z       "paper": {
al-felony-nonconviction-90-set	Print the verdict and the page digests to the log	2026-09-11T09:26:08.4846495Z         "x0": 204,
al-felony-nonconviction-90-set	Print the verdict and the page digests to the log	2026-09-11T09:26:08.4846657Z         "y0": 3,
al-felony-nonconviction-90-set	Print the verdict and the page digests to the log	2026-09-11T09:26:08.4846828Z         "x1": 2243,
al-felony-nonconviction-90-set	Print the verdict and the page digests to the log	2026-09-11T09:26:08.4846997Z         "y1": 2642,
al-felony-nonconviction-90-set	Print the verdict and the page digests to the log	2026-09-11T09:26:08.4847161Z         "width": 2040,
al-felony-nonconviction-90-set	Print the verdict and the page digests to the log	2026-09-11T09:26:08.4847334Z         "height": 2640
al-felony-nonconviction-90-set	Print the verdict and the page digests to the log	2026-09-11T09:26:08.4847505Z       },
al-felony-nonconviction-90-set	Print the verdict and the page digests to the log	2026-09-11T09:26:08.4847691Z       "pxPerPt": 3.3333333333333335,
al-felony-nonconviction-90-set	Print the verdict and the page digests to the log	2026-09-11T09:26:08.4847942Z       "expectedPxPerPt": 3.333333333333333,
al-felony-nonconviction-90-set	Print the verdict and the page digests to the log	2026-09-11T09:26:08.4848165Z       "pageWidthPt": 612,
al-felony-nonconviction-90-set	Print the verdict and the page digests to the log	2026-09-11T09:26:08.4848359Z       "pageHeightPt": 792,
al-felony-nonconviction-90-set	Print the verdict and the page digests to the log	2026-09-11T09:26:08.4848548Z       "expectedPx": {
al-felony-nonconviction-90-set	Print the verdict and the page digests to the log	2026-09-11T09:26:08.4848751Z         "width": 2039.9999999999998,
al-felony-nonconviction-90-set	Print the verdict and the page digests to the log	2026-09-11T09:26:08.4849047Z         "height": 2639.9999999999995,
al-felony-nonconviction-90-set	Print the verdict and the page digests to the log	2026-09-11T09:26:08.4849478Z         "tolerancePx": 6.666666666666666
al-felony-nonconviction-90-set	Print the verdict and the page digests to the log	2026-09-11T09:26:08.4849792Z       },
al-felony-nonconviction-90-set	Print the verdict and the page digests to the log	2026-09-11T09:26:08.4850069Z       "calibrationResidualPx": 0,
al-felony-nonconviction-90-set	Print the verdict and the page digests to the log	2026-09-11T09:26:08.4850602Z       "inkFractionInsidePaper": 0.040533273915626854,
al-felony-nonconviction-90-set	Print the verdict and the page digests to the log	2026-09-11T09:26:08.4860711Z       "nonblank": true,
al-felony-nonconviction-90-set	Print the verdict and the page digests to the log	2026-09-11T09:26:08.4860963Z       "croppedToThePage": true
al-felony-nonconviction-90-set	Print the verdict and the page digests to the log	2026-09-11T09:26:08.4861162Z     },
al-felony-nonconviction-90-set	Print the verdict and the page digests to the log	2026-09-11T09:26:08.4861313Z     {
al-felony-nonconviction-90-set	Print the verdict and the page digests to the log	2026-09-11T09:26:08.4861470Z       "kind": "boundary",
al-felony-nonconviction-90-set	Print the verdict and the page digests to the log	2026-09-11T09:26:08.4861693Z       "document": "boundary.pdf",
al-felony-nonconviction-90-set	Print the verdict and the page digests to the log	2026-09-11T09:26:08.4861895Z       "page": 7,
al-felony-nonconviction-90-set	Print the verdict and the page digests to the log	2026-09-11T09:26:08.4862160Z       "png": "al-felony-nonconviction-90-set/boundary/page-007.png",
al-felony-nonconviction-90-set	Print the verdict and the page digests to the log	2026-09-11T09:26:08.4862731Z       "bytes": 434042,
al-felony-nonconviction-90-set	Print the verdict and the page digests to the log	2026-09-11T09:26:08.4863050Z       "pngSha256": "68a594b4e3298b1d3b2d58d9e97846aa3186721993f43d79356936aaad3899b0",
al-felony-nonconviction-90-set	Print the verdict and the page digests to the log	2026-09-11T09:26:08.4863381Z       "pngWidth": 2040,
al-felony-nonconviction-90-set	Print the verdict and the page digests to the log	2026-09-11T09:26:08.4863558Z       "pngHeight": 2640,
al-felony-nonconviction-90-set	Print the verdict and the page digests to the log	2026-09-11T09:26:08.4863735Z       "paper": {
al-felony-nonconviction-90-set	Print the verdict and the page digests to the log	2026-09-11T09:26:08.4863893Z         "x0": 204,
al-felony-nonconviction-90-set	Print the verdict and the page digests to the log	2026-09-11T09:26:08.4864051Z         "y0": 3,
al-felony-nonconviction-90-set	Print the verdict and the page digests to the log	2026-09-11T09:26:08.4864211Z         "x1": 2243,
al-felony-nonconviction-90-set	Print the verdict and the page digests to the log	2026-09-11T09:26:08.4864371Z         "y1": 2642,
al-felony-nonconviction-90-set	Print the verdict and the page digests to the log	2026-09-11T09:26:08.4864530Z         "width": 2040,
al-felony-nonconviction-90-set	Print the verdict and the page digests to the log	2026-09-11T09:26:08.4864694Z         "height": 2640
al-felony-nonconviction-90-set	Print the verdict and the page digests to the log	2026-09-11T09:26:08.4864855Z       },
al-felony-nonconviction-90-set	Print the verdict and the page digests to the log	2026-09-11T09:26:08.4865030Z       "pxPerPt": 3.3333333333333335,
al-felony-nonconviction-90-set	Print the verdict and the page digests to the log	2026-09-11T09:26:08.4865262Z       "expectedPxPerPt": 3.333333333333333,
al-felony-nonconviction-90-set	Print the verdict and the page digests to the log	2026-09-11T09:26:08.4865655Z       "pageWidthPt": 612,
al-felony-nonconviction-90-set	Print the verdict and the page digests to the log	2026-09-11T09:26:08.4865872Z       "pageHeightPt": 792,
al-felony-nonconviction-90-set	Print the verdict and the page digests to the log	2026-09-11T09:26:08.4866055Z       "expectedPx": {
al-felony-nonconviction-90-set	Print the verdict and the page digests to the log	2026-09-11T09:26:08.4866253Z         "width": 2039.9999999999998,
al-felony-nonconviction-90-set	Print the verdict and the page digests to the log	2026-09-11T09:26:08.4866467Z         "height": 2639.9999999999995,
al-felony-nonconviction-90-set	Print the verdict and the page digests to the log	2026-09-11T09:26:08.4866686Z         "tolerancePx": 6.666666666666666
al-felony-nonconviction-90-set	Print the verdict and the page digests to the log	2026-09-11T09:26:08.4866885Z       },
al-felony-nonconviction-90-set	Print the verdict and the page digests to the log	2026-09-11T09:26:08.4867181Z       "calibrationResidualPx": 0,
al-felony-nonconviction-90-set	Print the verdict and the page digests to the log	2026-09-11T09:26:08.4867441Z       "inkFractionInsidePaper": 0.057026515151515154,
al-felony-nonconviction-90-set	Print the verdict and the page digests to the log	2026-09-11T09:26:08.4867677Z       "nonblank": true,
al-felony-nonconviction-90-set	Print the verdict and the page digests to the log	2026-09-11T09:26:08.4867873Z       "croppedToThePage": true
al-felony-nonconviction-90-set	Print the verdict and the page digests to the log	2026-09-11T09:26:08.4868056Z     },
al-felony-nonconviction-90-set	Print the verdict and the page digests to the log	2026-09-11T09:26:08.4868208Z     {
al-felony-nonconviction-90-set	Print the verdict and the page digests to the log	2026-09-11T09:26:08.4868361Z       "kind": "boundary",
al-felony-nonconviction-90-set	Print the verdict and the page digests to the log	2026-09-11T09:26:08.4868564Z       "document": "boundary.pdf",
al-felony-nonconviction-90-set	Print the verdict and the page digests to the log	2026-09-11T09:26:08.4868760Z       "page": 8,
al-felony-nonconviction-90-set	Print the verdict and the page digests to the log	2026-09-11T09:26:08.4869021Z       "png": "al-felony-nonconviction-90-set/boundary/page-008.png",
al-felony-nonconviction-90-set	Print the verdict and the page digests to the log	2026-09-11T09:26:08.4869287Z       "bytes": 876048,
al-felony-nonconviction-90-set	Print the verdict and the page digests to the log	2026-09-11T09:26:08.4869616Z       "pngSha256": "10f1b5fac070e4751cc9ffa0b6b0a16f94faf48ed5a6b1b04cf015771097e18c",
al-felony-nonconviction-90-set	Print the verdict and the page digests to the log	2026-09-11T09:26:08.4869950Z       "pngWidth": 2040,
al-felony-nonconviction-90-set	Print the verdict and the page digests to the log	2026-09-11T09:26:08.4870129Z       "pngHeight": 2640,
al-felony-nonconviction-90-set	Print the verdict and the page digests to the log	2026-09-11T09:26:08.4870337Z       "paper": {
al-felony-nonconviction-90-set	Print the verdict and the page digests to the log	2026-09-11T09:26:08.4870498Z         "x0": 204,
al-felony-nonconviction-90-set	Print the verdict and the page digests to the log	2026-09-11T09:26:08.4870653Z         "y0": 3,
al-felony-nonconviction-90-set	Print the verdict and the page digests to the log	2026-09-11T09:26:08.4870819Z         "x1": 2243,
al-felony-nonconviction-90-set	Print the verdict and the page digests to the log	2026-09-11T09:26:08.4870973Z         "y1": 2642,
al-felony-nonconviction-90-set	Print the verdict and the page digests to the log	2026-09-11T09:26:08.4871126Z         "width": 2040,
al-felony-nonconviction-90-set	Print the verdict and the page digests to the log	2026-09-11T09:26:08.4871289Z         "height": 2640
al-felony-nonconviction-90-set	Print the verdict and the page digests to the log	2026-09-11T09:26:08.4871444Z       },
al-felony-nonconviction-90-set	Print the verdict and the page digests to the log	2026-09-11T09:26:08.4871616Z       "pxPerPt": 3.3333333333333335,
al-felony-nonconviction-90-set	Print the verdict and the page digests to the log	2026-09-11T09:26:08.4871849Z       "expectedPxPerPt": 3.333333333333333,
al-felony-nonconviction-90-set	Print the verdict and the page digests to the log	2026-09-11T09:26:08.4872067Z       "pageWidthPt": 612,
al-felony-nonconviction-90-set	Print the verdict and the page digests to the log	2026-09-11T09:26:08.4872251Z       "pageHeightPt": 792,
al-felony-nonconviction-90-set	Print the verdict and the page digests to the log	2026-09-11T09:26:08.4872432Z       "expectedPx": {
al-felony-nonconviction-90-set	Print the verdict and the page digests to the log	2026-09-11T09:26:08.4872615Z         "width": 2039.9999999999998,
al-felony-nonconviction-90-set	Print the verdict and the page digests to the log	2026-09-11T09:26:08.4872825Z         "height": 2639.9999999999995,
al-felony-nonconviction-90-set	Print the verdict and the page digests to the log	2026-09-11T09:26:08.4873048Z         "tolerancePx": 6.666666666666666
al-felony-nonconviction-90-set	Print the verdict and the page digests to the log	2026-09-11T09:26:08.4873240Z       },
al-felony-nonconviction-90-set	Print the verdict and the page digests to the log	2026-09-11T09:26:08.4873412Z       "calibrationResidualPx": 0,
al-felony-nonconviction-90-set	Print the verdict and the page digests to the log	2026-09-11T09:26:08.4873661Z       "inkFractionInsidePaper": 0.10161003416518122,
al-felony-nonconviction-90-set	Print the verdict and the page digests to the log	2026-09-11T09:26:08.4873910Z       "nonblank": true,
al-felony-nonconviction-90-set	Print the verdict and the page digests to the log	2026-09-11T09:26:08.4874112Z       "croppedToThePage": true
al-felony-nonconviction-90-set	Print the verdict and the page digests to the log	2026-09-11T09:26:08.4874308Z     },
al-felony-nonconviction-90-set	Print the verdict and the page digests to the log	2026-09-11T09:26:08.4874451Z     {
al-felony-nonconviction-90-set	Print the verdict and the page digests to the log	2026-09-11T09:26:08.4874605Z       "kind": "boundary",
al-felony-nonconviction-90-set	Print the verdict and the page digests to the log	2026-09-11T09:26:08.4874813Z       "document": "boundary.pdf",
al-felony-nonconviction-90-set	Print the verdict and the page digests to the log	2026-09-11T09:26:08.4875007Z       "page": 9,
al-felony-nonconviction-90-set	Print the verdict and the page digests to the log	2026-09-11T09:26:08.4875268Z       "png": "al-felony-nonconviction-90-set/boundary/page-009.png",
al-felony-nonconviction-90-set	Print the verdict and the page digests to the log	2026-09-11T09:26:08.4875677Z       "bytes": 471281,
al-felony-nonconviction-90-set	Print the verdict and the page digests to the log	2026-09-11T09:26:08.4876002Z       "pngSha256": "71e592c168ffd9c19bdd7117decb67e49eeb350804c4f0465fd81f09d7416171",
al-felony-nonconviction-90-set	Print the verdict and the page digests to the log	2026-09-11T09:26:08.4876329Z       "pngWidth": 2040,
al-felony-nonconviction-90-set	Print the verdict and the page digests to the log	2026-09-11T09:26:08.4876511Z       "pngHeight": 2640,
al-felony-nonconviction-90-set	Print the verdict and the page digests to the log	2026-09-11T09:26:08.4876690Z       "paper": {
al-felony-nonconviction-90-set	Print the verdict and the page digests to the log	2026-09-11T09:26:08.4876857Z         "x0": 204,
al-felony-nonconviction-90-set	Print the verdict and the page digests to the log	2026-09-11T09:26:08.4877016Z         "y0": 3,
al-felony-nonconviction-90-set	Print the verdict and the page digests to the log	2026-09-11T09:26:08.4877169Z         "x1": 2243,
al-felony-nonconviction-90-set	Print the verdict and the page digests to the log	2026-09-11T09:26:08.4877446Z         "y1": 2642,
al-felony-nonconviction-90-set	Print the verdict and the page digests to the log	2026-09-11T09:26:08.4877607Z         "width": 2040,
al-felony-nonconviction-90-set	Print the verdict and the page digests to the log	2026-09-11T09:26:08.4877775Z         "height": 2640
al-felony-nonconviction-90-set	Print the verdict and the page digests to the log	2026-09-11T09:26:08.4877944Z       },
al-felony-nonconviction-90-set	Print the verdict and the page digests to the log	2026-09-11T09:26:08.4878125Z       "pxPerPt": 3.3333333333333335,
al-felony-nonconviction-90-set	Print the verdict and the page digests to the log	2026-09-11T09:26:08.4878365Z       "expectedPxPerPt": 3.333333333333333,
al-felony-nonconviction-90-set	Print the verdict and the page digests to the log	2026-09-11T09:26:08.4878588Z       "pageWidthPt": 612,
al-felony-nonconviction-90-set	Print the verdict and the page digests to the log	2026-09-11T09:26:08.4878775Z       "pageHeightPt": 792,
al-felony-nonconviction-90-set	Print the verdict and the page digests to the log	2026-09-11T09:26:08.4878961Z       "expectedPx": {
al-felony-nonconviction-90-set	Print the verdict and the page digests to the log	2026-09-11T09:26:08.4879154Z         "width": 2039.9999999999998,
al-felony-nonconviction-90-set	Print the verdict and the page digests to the log	2026-09-11T09:26:08.4879367Z         "height": 2639.9999999999995,
al-felony-nonconviction-90-set	Print the verdict and the page digests to the log	2026-09-11T09:26:08.4879589Z         "tolerancePx": 6.666666666666666
al-felony-nonconviction-90-set	Print the verdict and the page digests to the log	2026-09-11T09:26:08.4879787Z       },
al-felony-nonconviction-90-set	Print the verdict and the page digests to the log	2026-09-11T09:26:08.4879968Z       "calibrationResidualPx": 0,
al-felony-nonconviction-90-set	Print the verdict and the page digests to the log	2026-09-11T09:26:08.4880214Z       "inkFractionInsidePaper": 0.0557250816993464,
al-felony-nonconviction-90-set	Print the verdict and the page digests to the log	2026-09-11T09:26:08.4880455Z       "nonblank": true,
al-felony-nonconviction-90-set	Print the verdict and the page digests to the log	2026-09-11T09:26:08.4880654Z       "croppedToThePage": true
al-felony-nonconviction-90-set	Print the verdict and the page digests to the log	2026-09-11T09:26:08.4880850Z     },
al-felony-nonconviction-90-set	Print the verdict and the page digests to the log	2026-09-11T09:26:08.4880997Z     {
al-felony-nonconviction-90-set	Print the verdict and the page digests to the log	2026-09-11T09:26:08.4881151Z       "kind": "boundary",
al-felony-nonconviction-90-set	Print the verdict and the page digests to the log	2026-09-11T09:26:08.4881353Z       "document": "boundary.pdf",
al-felony-nonconviction-90-set	Print the verdict and the page digests to the log	2026-09-11T09:26:08.4881551Z       "page": 10,
al-felony-nonconviction-90-set	Print the verdict and the page digests to the log	2026-09-11T09:26:08.4881911Z       "png": "al-felony-nonconviction-90-set/boundary/page-010.png",
al-felony-nonconviction-90-set	Print the verdict and the page digests to the log	2026-09-11T09:26:08.4882182Z       "bytes": 480524,
al-felony-nonconviction-90-set	Print the verdict and the page digests to the log	2026-09-11T09:26:08.4882498Z       "pngSha256": "6e6efc5edf38cd05c3751046fbb2a902049730ef6386910d60c704b46bfe7a56",
al-felony-nonconviction-90-set	Print the verdict and the page digests to the log	2026-09-11T09:26:08.4882818Z       "pngWidth": 2040,
al-felony-nonconviction-90-set	Print the verdict and the page digests to the log	2026-09-11T09:26:08.4883005Z       "pngHeight": 2640,
al-felony-nonconviction-90-set	Print the verdict and the page digests to the log	2026-09-11T09:26:08.4883195Z       "paper": {
al-felony-nonconviction-90-set	Print the verdict and the page digests to the log	2026-09-11T09:26:08.4883353Z         "x0": 204,
al-felony-nonconviction-90-set	Print the verdict and the page digests to the log	2026-09-11T09:26:08.4883510Z         "y0": 3,
al-felony-nonconviction-90-set	Print the verdict and the page digests to the log	2026-09-11T09:26:08.4883668Z         "x1": 2243,
al-felony-nonconviction-90-set	Print the verdict and the page digests to the log	2026-09-11T09:26:08.4883826Z         "y1": 2642,
al-felony-nonconviction-90-set	Print the verdict and the page digests to the log	2026-09-11T09:26:08.4883982Z         "width": 2040,
al-felony-nonconviction-90-set	Print the verdict and the page digests to the log	2026-09-11T09:26:08.4884149Z         "height": 2640
al-felony-nonconviction-90-set	Print the verdict and the page digests to the log	2026-09-11T09:26:08.4884311Z       },
al-felony-nonconviction-90-set	Print the verdict and the page digests to the log	2026-09-11T09:26:08.4884482Z       "pxPerPt": 3.3333333333333335,
al-felony-nonconviction-90-set	Print the verdict and the page digests to the log	2026-09-11T09:26:08.4884713Z       "expectedPxPerPt": 3.333333333333333,
al-felony-nonconviction-90-set	Print the verdict and the page digests to the log	2026-09-11T09:26:08.4884929Z       "pageWidthPt": 612,
al-felony-nonconviction-90-set	Print the verdict and the page digests to the log	2026-09-11T09:26:08.4885113Z       "pageHeightPt": 792,
al-felony-nonconviction-90-set	Print the verdict and the page digests to the log	2026-09-11T09:26:08.4885301Z       "expectedPx": {
al-felony-nonconviction-90-set	Print the verdict and the page digests to the log	2026-09-11T09:26:08.4885641Z         "width": 2039.9999999999998,
al-felony-nonconviction-90-set	Print the verdict and the page digests to the log	2026-09-11T09:26:08.4885891Z         "height": 2639.9999999999995,
al-felony-nonconviction-90-set	Print the verdict and the page digests to the log	2026-09-11T09:26:08.4886108Z         "tolerancePx": 6.666666666666666
al-felony-nonconviction-90-set	Print the verdict and the page digests to the log	2026-09-11T09:26:08.4886303Z       },
al-felony-nonconviction-90-set	Print the verdict and the page digests to the log	2026-09-11T09:26:08.4886478Z       "calibrationResidualPx": 0,
al-felony-nonconviction-90-set	Print the verdict and the page digests to the log	2026-09-11T09:26:08.4886731Z       "inkFractionInsidePaper": 0.05537785947712418,
al-felony-nonconviction-90-set	Print the verdict and the page digests to the log	2026-09-11T09:26:08.4886965Z       "nonblank": true,
al-felony-nonconviction-90-set	Print the verdict and the page digests to the log	2026-09-11T09:26:08.4887158Z       "croppedToThePage": true
al-felony-nonconviction-90-set	Print the verdict and the page digests to the log	2026-09-11T09:26:08.4887339Z     },
al-felony-nonconviction-90-set	Print the verdict and the page digests to the log	2026-09-11T09:26:08.4887481Z     {
al-felony-nonconviction-90-set	Print the verdict and the page digests to the log	2026-09-11T09:26:08.4887629Z       "kind": "boundary",
al-felony-nonconviction-90-set	Print the verdict and the page digests to the log	2026-09-11T09:26:08.4887833Z       "document": "boundary.pdf",
al-felony-nonconviction-90-set	Print the verdict and the page digests to the log	2026-09-11T09:26:08.4888022Z       "page": 11,
al-felony-nonconviction-90-set	Print the verdict and the page digests to the log	2026-09-11T09:26:08.4888268Z       "png": "al-felony-nonconviction-90-set/boundary/page-011.png",
al-felony-nonconviction-90-set	Print the verdict and the page digests to the log	2026-09-11T09:26:08.4888546Z       "bytes": 427956,
al-felony-nonconviction-90-set	Print the verdict and the page digests to the log	2026-09-11T09:26:08.4888854Z       "pngSha256": "3d8753a2fd235f0a0ce226962e7b6918fe2c75b96c62e43b0c544edec4d2f170",
al-felony-nonconviction-90-set	Print the verdict and the page digests to the log	2026-09-11T09:26:08.4889176Z       "pngWidth": 2040,
al-felony-nonconviction-90-set	Print the verdict and the page digests to the log	2026-09-11T09:26:08.4889351Z       "pngHeight": 2640,
al-felony-nonconviction-90-set	Print the verdict and the page digests to the log	2026-09-11T09:26:08.4889526Z       "paper": {
al-felony-nonconviction-90-set	Print the verdict and the page digests to the log	2026-09-11T09:26:08.4889688Z         "x0": 204,
al-felony-nonconviction-90-set	Print the verdict and the page digests to the log	2026-09-11T09:26:08.4889845Z         "y0": 3,
al-felony-nonconviction-90-set	Print the verdict and the page digests to the log	2026-09-11T09:26:08.4889996Z         "x1": 2243,
al-felony-nonconviction-90-set	Print the verdict and the page digests to the log	2026-09-11T09:26:08.4890150Z         "y1": 2642,
al-felony-nonconviction-90-set	Print the verdict and the page digests to the log	2026-09-11T09:26:08.4890309Z         "width": 2040,
al-felony-nonconviction-90-set	Print the verdict and the page digests to the log	2026-09-11T09:26:08.4890475Z         "height": 2640
al-felony-nonconviction-90-set	Print the verdict and the page digests to the log	2026-09-11T09:26:08.4890636Z       },
al-felony-nonconviction-90-set	Print the verdict and the page digests to the log	2026-09-11T09:26:08.4890801Z       "pxPerPt": 3.3333333333333335,
al-felony-nonconviction-90-set	Print the verdict and the page digests to the log	2026-09-11T09:26:08.4891027Z       "expectedPxPerPt": 3.333333333333333,
al-felony-nonconviction-90-set	Print the verdict and the page digests to the log	2026-09-11T09:26:08.4891238Z       "pageWidthPt": 612,
al-felony-nonconviction-90-set	Print the verdict and the page digests to the log	2026-09-11T09:26:08.4891421Z       "pageHeightPt": 792,
al-felony-nonconviction-90-set	Print the verdict and the page digests to the log	2026-09-11T09:26:08.4891601Z       "expectedPx": {
al-felony-nonconviction-90-set	Print the verdict and the page digests to the log	2026-09-11T09:26:08.4891907Z         "width": 2039.9999999999998,
al-felony-nonconviction-90-set	Print the verdict and the page digests to the log	2026-09-11T09:26:08.4892119Z         "height": 2639.9999999999995,
al-felony-nonconviction-90-set	Print the verdict and the page digests to the log	2026-09-11T09:26:08.4892336Z         "tolerancePx": 6.666666666666666
al-felony-nonconviction-90-set	Print the verdict and the page digests to the log	2026-09-11T09:26:08.4892532Z       },
al-felony-nonconviction-90-set	Print the verdict and the page digests to the log	2026-09-11T09:26:08.4892716Z       "calibrationResidualPx": 0,
al-felony-nonconviction-90-set	Print the verdict and the page digests to the log	2026-09-11T09:26:08.4892961Z       "inkFractionInsidePaper": 0.05390875668449198,
al-felony-nonconviction-90-set	Print the verdict and the page digests to the log	2026-09-11T09:26:08.4893186Z       "nonblank": true,
al-felony-nonconviction-90-set	Print the verdict and the page digests to the log	2026-09-11T09:26:08.4893375Z       "croppedToThePage": true
al-felony-nonconviction-90-set	Print the verdict and the page digests to the log	2026-09-11T09:26:08.4893556Z     }
al-felony-nonconviction-90-set	Print the verdict and the page digests to the log	2026-09-11T09:26:08.4893697Z   ],
al-felony-nonconviction-90-set	Print the verdict and the page digests to the log	2026-09-11T09:26:08.4893847Z   "problems": [],
al-felony-nonconviction-90-set	Print the verdict and the page digests to the log	2026-09-11T09:26:08.4894024Z   "environmentProblems": [],
al-felony-nonconviction-90-set	Print the verdict and the page digests to the log	2026-09-11T09:26:08.4894537Z   "whatThisDoesNotDecide": "This is one gate. RASTER_PASS does not make a family PASS_COMPLETE, promotes nothing, and opens no commercial route.",
al-felony-nonconviction-90-set	Print the verdict and the page digests to the log	2026-09-11T09:26:08.4895011Z   "packetPdfsModified": 0,
al-felony-nonconviction-90-set	Print the verdict and the page digests to the log	2026-09-11T09:26:08.4895198Z   "bodiesCommitted": 0,
al-felony-nonconviction-90-set	Print the verdict and the page digests to the log	2026-09-11T09:26:08.4895395Z   "commercialRoutesOpened": 0,
al-felony-nonconviction-90-set	Print the verdict and the page digests to the log	2026-09-11T09:26:08.4895741Z   "productionTouched": false
al-felony-nonconviction-90-set	Print the verdict and the page digests to the log	2026-09-11T09:26:08.4895924Z }
al-felony-nonconviction-90-set	Print the verdict and the page digests to the log	2026-09-11T09:26:08.4896237Z ===== END VERDICT al-felony-nonconviction-90-set.verdict.json =====
al-felony-nonconviction-90-set	Print the verdict and the page digests to the log	2026-09-11T09:26:08.4896559Z ===== BEGIN PAGE DIGESTS =====
al-felony-nonconviction-90-set	Print the verdict and the page digests to the log	2026-09-11T09:26:08.4897234Z bd63b4521077e7d6d30cd1cec3aaa0c76d369bf030c455d990a438b907cd4db9  raster-out/al-felony-nonconviction-90-set/boundary/page-001.png
al-felony-nonconviction-90-set	Print the verdict and the page digests to the log	2026-09-11T09:26:08.4898049Z 0882f000e8193ae89048c2820f99228ec0e506a7ea8e72c3f1c5f6ebd44a4789  raster-out/al-felony-nonconviction-90-set/boundary/page-002.png
al-felony-nonconviction-90-set	Print the verdict and the page digests to the log	2026-09-11T09:26:08.4898832Z 031415e764762365ce360833603bfc243359b44dc76525c8d571a82bde1cf3c3  raster-out/al-felony-nonconviction-90-set/boundary/page-003.png
al-felony-nonconviction-90-set	Print the verdict and the page digests to the log	2026-09-11T09:26:08.4899615Z d89f30e92db1a3e3d671d330a945542db64569c2ac861663434f2efaebd635bb  raster-out/al-felony-nonconviction-90-set/boundary/page-004.png
al-felony-nonconviction-90-set	Print the verdict and the page digests to the log	2026-09-11T09:26:08.4900395Z 753604d304fab4f4460cbf20f1d7657b1b31c911f1895321fca8320c14b8c7ab  raster-out/al-felony-nonconviction-90-set/boundary/page-005.png
al-felony-nonconviction-90-set	Print the verdict and the page digests to the log	2026-09-11T09:26:08.4901193Z ec0543cf628c9fe06f44eec94ae5014d6eaeb480d03ec4a736f322026d0520b4  raster-out/al-felony-nonconviction-90-set/boundary/page-006.png
al-felony-nonconviction-90-set	Print the verdict and the page digests to the log	2026-09-11T09:26:08.4901974Z 68a594b4e3298b1d3b2d58d9e97846aa3186721993f43d79356936aaad3899b0  raster-out/al-felony-nonconviction-90-set/boundary/page-007.png
al-felony-nonconviction-90-set	Print the verdict and the page digests to the log	2026-09-11T09:26:08.4902764Z 10f1b5fac070e4751cc9ffa0b6b0a16f94faf48ed5a6b1b04cf015771097e18c  raster-out/al-felony-nonconviction-90-set/boundary/page-008.png
al-felony-nonconviction-90-set	Print the verdict and the page digests to the log	2026-09-11T09:26:08.4903559Z 71e592c168ffd9c19bdd7117decb67e49eeb350804c4f0465fd81f09d7416171  raster-out/al-felony-nonconviction-90-set/boundary/page-009.png
al-felony-nonconviction-90-set	Print the verdict and the page digests to the log	2026-09-11T09:26:08.4904343Z 6e6efc5edf38cd05c3751046fbb2a902049730ef6386910d60c704b46bfe7a56  raster-out/al-felony-nonconviction-90-set/boundary/page-010.png
al-felony-nonconviction-90-set	Print the verdict and the page digests to the log	2026-09-11T09:26:08.4905124Z 3d8753a2fd235f0a0ce226962e7b6918fe2c75b96c62e43b0c544edec4d2f170  raster-out/al-felony-nonconviction-90-set/boundary/page-011.png
al-felony-nonconviction-90-set	Print the verdict and the page digests to the log	2026-09-11T09:26:08.4906093Z 6c67103a248fd038722d9beeca40d0921319ed598e7092591ec8b2b8e61c5969  raster-out/al-felony-nonconviction-90-set/boundary/page-calibration.png
al-felony-nonconviction-90-set	Print the verdict and the page digests to the log	2026-09-11T09:26:08.4906930Z ad4b184ddd955c3567561daa03a6dbe8aa5bf523ca710709e723832ad9c32477  raster-out/al-felony-nonconviction-90-set/canonical/page-001.png
al-felony-nonconviction-90-set	Print the verdict and the page digests to the log	2026-09-11T09:26:08.4907732Z 7594c42db133eb0d803c8af3aff903168fa61da8d0bc6e3123d49391ffe07d7f  raster-out/al-felony-nonconviction-90-set/canonical/page-002.png
al-felony-nonconviction-90-set	Print the verdict and the page digests to the log	2026-09-11T09:26:08.4908518Z 911d1a3e4e31cc31e23719559b200ff4047066570d95749c528981dfdedf421b  raster-out/al-felony-nonconviction-90-set/canonical/page-003.png
al-felony-nonconviction-90-set	Print the verdict and the page digests to the log	2026-09-11T09:26:08.4909299Z 8b10944a431cfb379b63e41d1d0510181cf2d46dd99a0091a4def344f0e30d10  raster-out/al-felony-nonconviction-90-set/canonical/page-004.png
al-felony-nonconviction-90-set	Print the verdict and the page digests to the log	2026-09-11T09:26:08.4910079Z afc7a2a69227d6762290d99f29309a6cf062625491ce9f2e57970b1e80a57cde  raster-out/al-felony-nonconviction-90-set/canonical/page-005.png
al-felony-nonconviction-90-set	Print the verdict and the page digests to the log	2026-09-11T09:26:08.4910861Z 566f97fd66bea0621b065d9683ace373cca15d41f9f5dd435953cac3b6a0c234  raster-out/al-felony-nonconviction-90-set/canonical/page-006.png
al-felony-nonconviction-90-set	Print the verdict and the page digests to the log	2026-09-11T09:26:08.4911774Z 68a594b4e3298b1d3b2d58d9e97846aa3186721993f43d79356936aaad3899b0  raster-out/al-felony-nonconviction-90-set/canonical/page-007.png
al-felony-nonconviction-90-set	Print the verdict and the page digests to the log	2026-09-11T09:26:08.4912571Z 269a4ddebadc885f0aeeb07d6c6280a1365ef1986fbb291bf6be6cf28a3fb8a9  raster-out/al-felony-nonconviction-90-set/canonical/page-008.png
al-felony-nonconviction-90-set	Print the verdict and the page digests to the log	2026-09-11T09:26:08.4913369Z a01c3df1753ae057098e80d8b6335a6eb4c13c9c467e868befacc7618102c95d  raster-out/al-felony-nonconviction-90-set/canonical/page-009.png
al-felony-nonconviction-90-set	Print the verdict and the page digests to the log	2026-09-11T09:26:08.4914165Z eadc454dab0a98a95647aadaa3ffa5285e8504330d8b69001b4bf20c6df8699c  raster-out/al-felony-nonconviction-90-set/canonical/page-010.png
al-felony-nonconviction-90-set	Print the verdict and the page digests to the log	2026-09-11T09:26:08.4914954Z 3d8753a2fd235f0a0ce226962e7b6918fe2c75b96c62e43b0c544edec4d2f170  raster-out/al-felony-nonconviction-90-set/canonical/page-011.png
al-felony-nonconviction-90-set	Print the verdict and the page digests to the log	2026-09-11T09:26:08.4915896Z 6c67103a248fd038722d9beeca40d0921319ed598e7092591ec8b2b8e61c5969  raster-out/al-felony-nonconviction-90-set/canonical/page-calibration.png
al-felony-nonconviction-90-set	Print the verdict and the page digests to the log	2026-09-11T09:26:08.4916398Z ===== END PAGE DIGESTS =====
al-felony-nonconviction-90-set	Refuse a modified packet byte	﻿2026-09-11T09:26:08.4937039Z ##[group]Run set -euo pipefail
al-felony-nonconviction-90-set	Refuse a modified packet byte	2026-09-11T09:26:08.4937296Z ^[[36;1mset -euo pipefail^[[0m
al-felony-nonconviction-90-set	Refuse a modified packet byte	2026-09-11T09:26:08.4937581Z ^[[36;1m# The render writes only under raster-out/. If a tracked file moved,^[[0m
al-felony-nonconviction-90-set	Refuse a modified packet byte	2026-09-11T09:26:08.4937898Z ^[[36;1m# something wrote where it must not.^[[0m
al-felony-nonconviction-90-set	Refuse a modified packet byte	2026-09-11T09:26:08.4938165Z ^[[36;1mgit diff --quiet && git diff --cached --quiet \^[[0m
al-felony-nonconviction-90-set	Refuse a modified packet byte	2026-09-11T09:26:08.4938545Z ^[[36;1m  || { echo "REFUSED: the render modified tracked files"; git status --porcelain; exit 1; }^[[0m
al-felony-nonconviction-90-set	Refuse a modified packet byte	2026-09-11T09:26:08.4969695Z shell: /usr/bin/bash -e {0}
al-felony-nonconviction-90-set	Refuse a modified packet byte	2026-09-11T09:26:08.4969937Z env:
al-felony-nonconviction-90-set	Refuse a modified packet byte	2026-09-11T09:26:08.4970161Z   pythonLocation: /opt/hostedtoolcache/Python/3.12.14/x64
al-felony-nonconviction-90-set	Refuse a modified packet byte	2026-09-11T09:26:08.4970514Z   PKG_CONFIG_PATH: /opt/hostedtoolcache/Python/3.12.14/x64/lib/pkgconfig
al-felony-nonconviction-90-set	Refuse a modified packet byte	2026-09-11T09:26:08.4970847Z   Python_ROOT_DIR: /opt/hostedtoolcache/Python/3.12.14/x64
al-felony-nonconviction-90-set	Refuse a modified packet byte	2026-09-11T09:26:08.4971146Z   Python2_ROOT_DIR: /opt/hostedtoolcache/Python/3.12.14/x64
al-felony-nonconviction-90-set	Refuse a modified packet byte	2026-09-11T09:26:08.4971446Z   Python3_ROOT_DIR: /opt/hostedtoolcache/Python/3.12.14/x64
al-felony-nonconviction-90-set	Refuse a modified packet byte	2026-09-11T09:26:08.4971774Z   LD_LIBRARY_PATH: /opt/hostedtoolcache/Python/3.12.14/x64/lib
al-felony-nonconviction-90-set	Refuse a modified packet byte	2026-09-11T09:26:08.4972091Z   PLAYWRIGHT_BROWSERS_PATH: /home/runner/.cache/ms-playwright
al-felony-nonconviction-90-set	Refuse a modified packet byte	2026-09-11T09:26:08.4972350Z ##[endgroup]
al-felony-nonconviction-90-set	Artifact-safe label for this family	﻿2026-09-11T09:26:08.5306950Z ##[group]Run printf 'FAMILY_SLUG=%s\n' "$(printf '%s' "$FAMILY" | tr -c 'A-Za-z0-9._-' '_')" >> "$GITHUB_ENV"
al-felony-nonconviction-90-set	Artifact-safe label for this family	2026-09-11T09:26:08.5307492Z ^[[36;1mprintf 'FAMILY_SLUG=%s\n' "$(printf '%s' "$FAMILY" | tr -c 'A-Za-z0-9._-' '_')" >> "$GITHUB_ENV"^[[0m
al-felony-nonconviction-90-set	Artifact-safe label for this family	2026-09-11T09:26:08.5340137Z shell: /usr/bin/bash -e {0}
al-felony-nonconviction-90-set	Artifact-safe label for this family	2026-09-11T09:26:08.5340357Z env:
al-felony-nonconviction-90-set	Artifact-safe label for this family	2026-09-11T09:26:08.5340578Z   pythonLocation: /opt/hostedtoolcache/Python/3.12.14/x64
al-felony-nonconviction-90-set	Artifact-safe label for this family	2026-09-11T09:26:08.5340939Z   PKG_CONFIG_PATH: /opt/hostedtoolcache/Python/3.12.14/x64/lib/pkgconfig
al-felony-nonconviction-90-set	Artifact-safe label for this family	2026-09-11T09:26:08.5341280Z   Python_ROOT_DIR: /opt/hostedtoolcache/Python/3.12.14/x64
al-felony-nonconviction-90-set	Artifact-safe label for this family	2026-09-11T09:26:08.5341580Z   Python2_ROOT_DIR: /opt/hostedtoolcache/Python/3.12.14/x64
al-felony-nonconviction-90-set	Artifact-safe label for this family	2026-09-11T09:26:08.5341889Z   Python3_ROOT_DIR: /opt/hostedtoolcache/Python/3.12.14/x64
al-felony-nonconviction-90-set	Artifact-safe label for this family	2026-09-11T09:26:08.5342178Z   LD_LIBRARY_PATH: /opt/hostedtoolcache/Python/3.12.14/x64/lib
al-felony-nonconviction-90-set	Artifact-safe label for this family	2026-09-11T09:26:08.5342492Z   PLAYWRIGHT_BROWSERS_PATH: /home/runner/.cache/ms-playwright
al-felony-nonconviction-90-set	Artifact-safe label for this family	2026-09-11T09:26:08.5342780Z   FAMILY: al-felony-nonconviction-90-set
al-felony-nonconviction-90-set	Artifact-safe label for this family	2026-09-11T09:26:08.5343039Z ##[endgroup]
al-felony-nonconviction-90-set	Run actions/upload-artifact@v4	﻿2026-09-11T09:26:08.5446578Z Node 20 is being deprecated. This workflow is running with Node 24 by default. If you need to temporarily use Node 20, you can set the ACTIONS_ALLOW_USE_UNSECURE_NODE_VERSION=true environment variable. For more information see: https://github.blog/changelog/2025-09-19-deprecation-of-node-20-on-github-actions-runners/
al-felony-nonconviction-90-set	Run actions/upload-artifact@v4	2026-09-11T09:26:08.5447589Z ##[group]Run actions/upload-artifact@v4
al-felony-nonconviction-90-set	Run actions/upload-artifact@v4	2026-09-11T09:26:08.5447806Z with:
al-felony-nonconviction-90-set	Run actions/upload-artifact@v4	2026-09-11T09:26:08.5448042Z   name: rcap-raster-al-felony-nonconviction-90-set-34583375403
al-felony-nonconviction-90-set	Run actions/upload-artifact@v4	2026-09-11T09:26:08.5448325Z   path: raster-out/
al-felony-nonconviction-90-set	Run actions/upload-artifact@v4	2026-09-11T09:26:08.5448502Z   if-no-files-found: error
al-felony-nonconviction-90-set	Run actions/upload-artifact@v4	2026-09-11T09:26:08.5448868Z   retention-days: 14
al-felony-nonconviction-90-set	Run actions/upload-artifact@v4	2026-09-11T09:26:08.5449045Z   compression-level: 6
al-felony-nonconviction-90-set	Run actions/upload-artifact@v4	2026-09-11T09:26:08.5449220Z   overwrite: false
al-felony-nonconviction-90-set	Run actions/upload-artifact@v4	2026-09-11T09:26:08.5449392Z   include-hidden-files: false
al-felony-nonconviction-90-set	Run actions/upload-artifact@v4	2026-09-11T09:26:08.5449579Z env:
al-felony-nonconviction-90-set	Run actions/upload-artifact@v4	2026-09-11T09:26:08.5449789Z   pythonLocation: /opt/hostedtoolcache/Python/3.12.14/x64
al-felony-nonconviction-90-set	Run actions/upload-artifact@v4	2026-09-11T09:26:08.5450136Z   PKG_CONFIG_PATH: /opt/hostedtoolcache/Python/3.12.14/x64/lib/pkgconfig
al-felony-nonconviction-90-set	Run actions/upload-artifact@v4	2026-09-11T09:26:08.5450489Z   Python_ROOT_DIR: /opt/hostedtoolcache/Python/3.12.14/x64
al-felony-nonconviction-90-set	Run actions/upload-artifact@v4	2026-09-11T09:26:08.5450789Z   Python2_ROOT_DIR: /opt/hostedtoolcache/Python/3.12.14/x64
al-felony-nonconviction-90-set	Run actions/upload-artifact@v4	2026-09-11T09:26:08.5451079Z   Python3_ROOT_DIR: /opt/hostedtoolcache/Python/3.12.14/x64
al-felony-nonconviction-90-set	Run actions/upload-artifact@v4	2026-09-11T09:26:08.5451370Z   LD_LIBRARY_PATH: /opt/hostedtoolcache/Python/3.12.14/x64/lib
al-felony-nonconviction-90-set	Run actions/upload-artifact@v4	2026-09-11T09:26:08.5451683Z   PLAYWRIGHT_BROWSERS_PATH: /home/runner/.cache/ms-playwright
al-felony-nonconviction-90-set	Run actions/upload-artifact@v4	2026-09-11T09:26:08.5451972Z   FAMILY_SLUG: al-felony-nonconviction-90-set
al-felony-nonconviction-90-set	Run actions/upload-artifact@v4	2026-09-11T09:26:08.5452198Z ##[endgroup]
al-felony-nonconviction-90-set	Run actions/upload-artifact@v4	2026-09-11T09:26:08.6841500Z (node:6389) [DEP0040] DeprecationWarning: The `punycode` module is deprecated. Please use a userland alternative instead.
al-felony-nonconviction-90-set	Run actions/upload-artifact@v4	2026-09-11T09:26:08.6842611Z (Use `node --trace-deprecation ...` to show where the warning was created)
al-felony-nonconviction-90-set	Run actions/upload-artifact@v4	2026-09-11T09:26:08.7023692Z With the provided path, there will be 30 files uploaded
al-felony-nonconviction-90-set	Run actions/upload-artifact@v4	2026-09-11T09:26:08.7024421Z Artifact name is valid!
al-felony-nonconviction-90-set	Run actions/upload-artifact@v4	2026-09-11T09:26:08.7024782Z Root directory input is valid!
al-felony-nonconviction-90-set	Run actions/upload-artifact@v4	2026-09-11T09:26:09.0589976Z Beginning upload of artifact content to blob storage
al-felony-nonconviction-90-set	Run actions/upload-artifact@v4	2026-09-11T09:26:09.3164436Z (node:6389) [DEP0169] DeprecationWarning: `url.parse()` behavior is not standardized and prone to errors that have security implications. Use the WHATWG URL API instead. CVEs are not issued for `url.parse()` vulnerabilities.
al-felony-nonconviction-90-set	Run actions/upload-artifact@v4	2026-09-11T09:26:10.0464377Z Uploaded bytes 8388608
al-felony-nonconviction-90-set	Run actions/upload-artifact@v4	2026-09-11T09:26:10.1492886Z Uploaded bytes 11479594
al-felony-nonconviction-90-set	Run actions/upload-artifact@v4	2026-09-11T09:26:10.2092853Z Finished uploading artifact content to blob storage!
al-felony-nonconviction-90-set	Run actions/upload-artifact@v4	2026-09-11T09:26:10.2093876Z SHA256 digest of uploaded artifact zip is 0655cb13d659789a519b1c9058002d2697871b0a0d63e86a763d8b953e7c4cb5
al-felony-nonconviction-90-set	Run actions/upload-artifact@v4	2026-09-11T09:26:10.2095085Z Finalizing artifact upload
al-felony-nonconviction-90-set	Run actions/upload-artifact@v4	2026-09-11T09:26:10.4699400Z Artifact rcap-raster-al-felony-nonconviction-90-set-34583375403.zip successfully finalized. Artifact ID 10192851753
al-felony-nonconviction-90-set	Run actions/upload-artifact@v4	2026-09-11T09:26:10.4700924Z Artifact rcap-raster-al-felony-nonconviction-90-set-34583375403 has been successfully uploaded! Final size is 11479594 bytes. Artifact ID is 10192851753
al-felony-nonconviction-90-set	Run actions/upload-artifact@v4	2026-09-11T09:26:10.4705766Z Artifact download URL: https://github.com/Roger-LegalEase/legalease-partner-dashboard-clean/actions/runs/34583375403/artifacts/10192851753
al-felony-nonconviction-90-set	Post Run actions/setup-python@v5	﻿2026-09-11T09:26:10.4882456Z Node 20 is being deprecated. This workflow is running with Node 24 by default. If you need to temporarily use Node 20, you can set the ACTIONS_ALLOW_USE_UNSECURE_NODE_VERSION=true environment variable. For more information see: https://github.blog/changelog/2025-09-19-deprecation-of-node-20-on-github-actions-runners/
al-felony-nonconviction-90-set	Post Run actions/setup-python@v5	2026-09-11T09:26:10.4883441Z Post job cleanup.
al-felony-nonconviction-90-set	Post Run actions/setup-python@v5	2026-09-11T09:26:10.5836210Z (node:6401) [DEP0040] DeprecationWarning: The `punycode` module is deprecated. Please use a userland alternative instead.
al-felony-nonconviction-90-set	Post Run actions/setup-python@v5	2026-09-11T09:26:10.5836894Z (Use `node --trace-deprecation ...` to show where the warning was created)
al-felony-nonconviction-90-set	Post Run actions/setup-node@v4	﻿2026-09-11T09:26:10.5988749Z Node 20 is being deprecated. This workflow is running with Node 24 by default. If you need to temporarily use Node 20, you can set the ACTIONS_ALLOW_USE_UNSECURE_NODE_VERSION=true environment variable. For more information see: https://github.blog/changelog/2025-09-19-deprecation-of-node-20-on-github-actions-runners/
al-felony-nonconviction-90-set	Post Run actions/setup-node@v4	2026-09-11T09:26:10.5990383Z Post job cleanup.
al-felony-nonconviction-90-set	Post Run actions/setup-node@v4	2026-09-11T09:26:10.6991031Z (node:6409) [DEP0040] DeprecationWarning: The `punycode` module is deprecated. Please use a userland alternative instead.
al-felony-nonconviction-90-set	Post Run actions/setup-node@v4	2026-09-11T09:26:10.6991719Z (Use `node --trace-deprecation ...` to show where the warning was created)
al-felony-nonconviction-90-set	Post Run actions/checkout@v4	﻿2026-09-11T09:26:10.7140946Z Node 20 is being deprecated. This workflow is running with Node 24 by default. If you need to temporarily use Node 20, you can set the ACTIONS_ALLOW_USE_UNSECURE_NODE_VERSION=true environment variable. For more information see: https://github.blog/changelog/2025-09-19-deprecation-of-node-20-on-github-actions-runners/
al-felony-nonconviction-90-set	Post Run actions/checkout@v4	2026-09-11T09:26:10.7142762Z Post job cleanup.
al-felony-nonconviction-90-set	Post Run actions/checkout@v4	2026-09-11T09:26:10.7846862Z [command]/usr/bin/git version
al-felony-nonconviction-90-set	Post Run actions/checkout@v4	2026-09-11T09:26:10.7890763Z git version 2.55.0
al-felony-nonconviction-90-set	Post Run actions/checkout@v4	2026-09-11T09:26:10.7923195Z Temporarily overriding HOME='/home/runner/work/_temp/b5276c2c-67e4-41c3-9c2b-e62db2a4b03f' before making global git config changes
al-felony-nonconviction-90-set	Post Run actions/checkout@v4	2026-09-11T09:26:10.7924580Z Adding repository directory to the temporary git global config as a safe directory
al-felony-nonconviction-90-set	Post Run actions/checkout@v4	2026-09-11T09:26:10.7930667Z [command]/usr/bin/git config --global --add safe.directory /home/runner/work/legalease-partner-dashboard-clean/legalease-partner-dashboard-clean
al-felony-nonconviction-90-set	Post Run actions/checkout@v4	2026-09-11T09:26:10.7966418Z [command]/usr/bin/git config --local --name-only --get-regexp core\.sshCommand
al-felony-nonconviction-90-set	Post Run actions/checkout@v4	2026-09-11T09:26:10.7999080Z [command]/usr/bin/git submodule foreach --recursive sh -c "git config --local --name-only --get-regexp 'core\.sshCommand' && git config --local --unset-all 'core.sshCommand' || :"
al-felony-nonconviction-90-set	Post Run actions/checkout@v4	2026-09-11T09:26:10.8287663Z [command]/usr/bin/git config --local --name-only --get-regexp http\.https\:\/\/github\.com\/\.extraheader
al-felony-nonconviction-90-set	Post Run actions/checkout@v4	2026-09-11T09:26:10.8321670Z http.https://github.com/.extraheader
al-felony-nonconviction-90-set	Post Run actions/checkout@v4	2026-09-11T09:26:10.8327503Z [command]/usr/bin/git config --local --unset-all http.https://github.com/.extraheader
al-felony-nonconviction-90-set	Post Run actions/checkout@v4	2026-09-11T09:26:10.8363210Z [command]/usr/bin/git submodule foreach --recursive sh -c "git config --local --name-only --get-regexp 'http\.https\:\/\/github\.com\/\.extraheader' && git config --local --unset-all 'http.https://github.com/.extraheader' || :"
al-felony-nonconviction-90-set	Post Run actions/checkout@v4	2026-09-11T09:26:10.8671449Z [command]/usr/bin/git config --local --name-only --get-regexp ^includeIf\.gitdir:
al-felony-nonconviction-90-set	Post Run actions/checkout@v4	2026-09-11T09:26:10.8716612Z [command]/usr/bin/git submodule foreach --recursive git config --local --show-origin --name-only --get-regexp remote.origin.url
al-felony-nonconviction-90-set	Complete job	﻿2026-09-11T09:26:10.9111473Z Cleaning up orphan processes
al-felony-nonconviction-90-set	Complete job	2026-09-11T09:26:10.9356485Z ##[warning]Node.js 20 is deprecated. The following actions target Node.js 20 but are being forced to run on Node.js 24: actions/checkout@v4, actions/setup-node@v4, actions/setup-python@v5, actions/upload-artifact@v4. For more information see: https://github.blog/changelog/2025-09-19-deprecation-of-node-20-on-github-actions-runners/
