fl-expunction-set	Set up job	﻿2026-09-13T12:10:59.2594244Z Current runner version: '2.337.0'
fl-expunction-set	Set up job	2026-09-13T12:10:59.2620705Z ##[group]Runner Image Provisioner
fl-expunction-set	Set up job	2026-09-13T12:10:59.2621711Z Hosted Compute Agent
fl-expunction-set	Set up job	2026-09-13T12:10:59.2622335Z Version: 20260828.587
fl-expunction-set	Set up job	2026-09-13T12:10:59.2622981Z Commit: abac92662cab4cc7352de4f9f9d2e2419aad9c29
fl-expunction-set	Set up job	2026-09-13T12:10:59.2624271Z Build Date: 2026-08-28T16:44:25Z
fl-expunction-set	Set up job	2026-09-13T12:10:59.2624973Z Worker ID: {09f1031b-d5ce-4149-8582-f0bc2e8276d5}
fl-expunction-set	Set up job	2026-09-13T12:10:59.2625700Z Azure Region: westus
fl-expunction-set	Set up job	2026-09-13T12:10:59.2626347Z ##[endgroup]
fl-expunction-set	Set up job	2026-09-13T12:10:59.2628021Z ##[group]Operating System
fl-expunction-set	Set up job	2026-09-13T12:10:59.2628766Z Ubuntu
fl-expunction-set	Set up job	2026-09-13T12:10:59.2629354Z 24.04.5
fl-expunction-set	Set up job	2026-09-13T12:10:59.2629846Z LTS
fl-expunction-set	Set up job	2026-09-13T12:10:59.2630439Z ##[endgroup]
fl-expunction-set	Set up job	2026-09-13T12:10:59.2630995Z ##[group]Runner Image
fl-expunction-set	Set up job	2026-09-13T12:10:59.2632021Z Image: ubuntu-24.04
fl-expunction-set	Set up job	2026-09-13T12:10:59.2632655Z Version: 20260907.300.1
fl-expunction-set	Set up job	2026-09-13T12:10:59.2634166Z Included Software: https://github.com/actions/runner-images/blob/ubuntu24/20260907.300/images/ubuntu/Ubuntu2404-Readme.md
fl-expunction-set	Set up job	2026-09-13T12:10:59.2636038Z Image Release: https://github.com/actions/runner-images/releases/tag/ubuntu24%2F20260907.300
fl-expunction-set	Set up job	2026-09-13T12:10:59.2637072Z ##[endgroup]
fl-expunction-set	Set up job	2026-09-13T12:10:59.2638272Z ##[group]GITHUB_TOKEN Permissions
fl-expunction-set	Set up job	2026-09-13T12:10:59.2640456Z Actions: read
fl-expunction-set	Set up job	2026-09-13T12:10:59.2641110Z Contents: read
fl-expunction-set	Set up job	2026-09-13T12:10:59.2641705Z Metadata: read
fl-expunction-set	Set up job	2026-09-13T12:10:59.2642316Z ##[endgroup]
fl-expunction-set	Set up job	2026-09-13T12:10:59.2644906Z Secret source: Actions
fl-expunction-set	Set up job	2026-09-13T12:10:59.2645946Z Cache mode: write
fl-expunction-set	Set up job	2026-09-13T12:10:59.2646703Z Prepare workflow directory
fl-expunction-set	Set up job	2026-09-13T12:10:59.2997168Z Prepare all required actions
fl-expunction-set	Set up job	2026-09-13T12:10:59.3048545Z Getting action download info
fl-expunction-set	Set up job	2026-09-13T12:10:59.6602008Z Download action repository 'actions/checkout@v4' (SHA:11d5960a326750d5838078e36cf38b85af677262)
fl-expunction-set	Set up job	2026-09-13T12:10:59.7673661Z Download action repository 'actions/setup-node@v4' (SHA:49933ea5288caeca8642d1e84afbd3f7d6820020)
fl-expunction-set	Set up job	2026-09-13T12:10:59.8560961Z Download action repository 'actions/setup-python@v5' (SHA:a26af69be951a213d495a4c3e4e4022e16d87065)
fl-expunction-set	Set up job	2026-09-13T12:10:59.9376543Z Download action repository 'actions/upload-artifact@v4' (SHA:ea165f8d65b6e75b540449e92b4886f43607fa02)
fl-expunction-set	Set up job	2026-09-13T12:11:00.1755824Z Complete job name: fl-expunction-set
fl-expunction-set	Run actions/checkout@v4	﻿2026-09-13T12:11:00.2625745Z Node 20 is being deprecated. This workflow is running with Node 24 by default. If you need to temporarily use Node 20, you can set the ACTIONS_ALLOW_USE_UNSECURE_NODE_VERSION=true environment variable. For more information see: https://github.blog/changelog/2025-09-19-deprecation-of-node-20-on-github-actions-runners/
fl-expunction-set	Run actions/checkout@v4	2026-09-13T12:11:00.2634982Z ##[group]Run actions/checkout@v4
fl-expunction-set	Run actions/checkout@v4	2026-09-13T12:11:00.2635746Z with:
fl-expunction-set	Run actions/checkout@v4	2026-09-13T12:11:00.2636227Z   ref: 68fff2a6ed01d7f01b707bdb2c07526082bad656
fl-expunction-set	Run actions/checkout@v4	2026-09-13T12:11:00.2636968Z   repository: Roger-LegalEase/legalease-partner-dashboard-clean
fl-expunction-set	Run actions/checkout@v4	2026-09-13T12:11:00.2641007Z   token: ***
fl-expunction-set	Run actions/checkout@v4	2026-09-13T12:11:00.2641428Z   ssh-strict: true
fl-expunction-set	Run actions/checkout@v4	2026-09-13T12:11:00.2641861Z   ssh-user: git
fl-expunction-set	Run actions/checkout@v4	2026-09-13T12:11:00.2642303Z   persist-credentials: true
fl-expunction-set	Run actions/checkout@v4	2026-09-13T12:11:00.2642808Z   clean: true
fl-expunction-set	Run actions/checkout@v4	2026-09-13T12:11:00.2643436Z   sparse-checkout-cone-mode: true
fl-expunction-set	Run actions/checkout@v4	2026-09-13T12:11:00.2643966Z   fetch-depth: 1
fl-expunction-set	Run actions/checkout@v4	2026-09-13T12:11:00.2644396Z   fetch-tags: false
fl-expunction-set	Run actions/checkout@v4	2026-09-13T12:11:00.2644842Z   show-progress: true
fl-expunction-set	Run actions/checkout@v4	2026-09-13T12:11:00.2645322Z   lfs: false
fl-expunction-set	Run actions/checkout@v4	2026-09-13T12:11:00.2645731Z   submodules: false
fl-expunction-set	Run actions/checkout@v4	2026-09-13T12:11:00.2646181Z   set-safe-directory: true
fl-expunction-set	Run actions/checkout@v4	2026-09-13T12:11:00.2646685Z   allow-unsafe-pr-checkout: false
fl-expunction-set	Run actions/checkout@v4	2026-09-13T12:11:00.2647444Z ##[endgroup]
fl-expunction-set	Run actions/checkout@v4	2026-09-13T12:11:00.3832774Z Syncing repository: Roger-LegalEase/legalease-partner-dashboard-clean
fl-expunction-set	Run actions/checkout@v4	2026-09-13T12:11:00.3839175Z ##[group]Getting Git version info
fl-expunction-set	Run actions/checkout@v4	2026-09-13T12:11:00.3840484Z Working directory is '/home/runner/work/legalease-partner-dashboard-clean/legalease-partner-dashboard-clean'
fl-expunction-set	Run actions/checkout@v4	2026-09-13T12:11:00.3842893Z [command]/usr/bin/git version
fl-expunction-set	Run actions/checkout@v4	2026-09-13T12:11:00.3946912Z git version 2.55.0
fl-expunction-set	Run actions/checkout@v4	2026-09-13T12:11:00.3980542Z ##[endgroup]
fl-expunction-set	Run actions/checkout@v4	2026-09-13T12:11:00.3997541Z Temporarily overriding HOME='/home/runner/work/_temp/b2937587-a39c-47d1-bb11-0a2e0738bcaa' before making global git config changes
fl-expunction-set	Run actions/checkout@v4	2026-09-13T12:11:00.4001113Z Adding repository directory to the temporary git global config as a safe directory
fl-expunction-set	Run actions/checkout@v4	2026-09-13T12:11:00.4004112Z [command]/usr/bin/git config --global --add safe.directory /home/runner/work/legalease-partner-dashboard-clean/legalease-partner-dashboard-clean
fl-expunction-set	Run actions/checkout@v4	2026-09-13T12:11:00.4057335Z Deleting the contents of '/home/runner/work/legalease-partner-dashboard-clean/legalease-partner-dashboard-clean'
fl-expunction-set	Run actions/checkout@v4	2026-09-13T12:11:00.4064337Z ##[group]Initializing the repository
fl-expunction-set	Run actions/checkout@v4	2026-09-13T12:11:00.4069752Z [command]/usr/bin/git init /home/runner/work/legalease-partner-dashboard-clean/legalease-partner-dashboard-clean
fl-expunction-set	Run actions/checkout@v4	2026-09-13T12:11:00.4198253Z hint: Using 'master' as the name for the initial branch. This default branch name
fl-expunction-set	Run actions/checkout@v4	2026-09-13T12:11:00.4202662Z hint: will change to "main" in Git 3.0. To configure the initial branch name
fl-expunction-set	Run actions/checkout@v4	2026-09-13T12:11:00.4204995Z hint: to use in all of your new repositories, which will suppress this warning,
fl-expunction-set	Run actions/checkout@v4	2026-09-13T12:11:00.4206665Z hint: call:
fl-expunction-set	Run actions/checkout@v4	2026-09-13T12:11:00.4207433Z hint:
fl-expunction-set	Run actions/checkout@v4	2026-09-13T12:11:00.4208430Z hint: 	git config --global init.defaultBranch <name>
fl-expunction-set	Run actions/checkout@v4	2026-09-13T12:11:00.4209849Z hint:
fl-expunction-set	Run actions/checkout@v4	2026-09-13T12:11:00.4211145Z hint: Names commonly chosen instead of 'master' are 'main', 'trunk' and
fl-expunction-set	Run actions/checkout@v4	2026-09-13T12:11:00.4213486Z hint: 'development'. The just-created branch can be renamed via this command:
fl-expunction-set	Run actions/checkout@v4	2026-09-13T12:11:00.4214941Z hint:
fl-expunction-set	Run actions/checkout@v4	2026-09-13T12:11:00.4215732Z hint: 	git branch -m <name>
fl-expunction-set	Run actions/checkout@v4	2026-09-13T12:11:00.4216675Z hint:
fl-expunction-set	Run actions/checkout@v4	2026-09-13T12:11:00.4217838Z hint: Disable this message with "git config set advice.defaultBranchName false"
fl-expunction-set	Run actions/checkout@v4	2026-09-13T12:11:00.4220585Z Initialized empty Git repository in /home/runner/work/legalease-partner-dashboard-clean/legalease-partner-dashboard-clean/.git/
fl-expunction-set	Run actions/checkout@v4	2026-09-13T12:11:00.4225638Z [command]/usr/bin/git remote add origin https://github.com/Roger-LegalEase/legalease-partner-dashboard-clean
fl-expunction-set	Run actions/checkout@v4	2026-09-13T12:11:00.4275713Z ##[endgroup]
fl-expunction-set	Run actions/checkout@v4	2026-09-13T12:11:00.4277054Z ##[group]Disabling automatic garbage collection
fl-expunction-set	Run actions/checkout@v4	2026-09-13T12:11:00.4279469Z [command]/usr/bin/git config --local gc.auto 0
fl-expunction-set	Run actions/checkout@v4	2026-09-13T12:11:00.4316161Z ##[endgroup]
fl-expunction-set	Run actions/checkout@v4	2026-09-13T12:11:00.4317391Z ##[group]Setting up auth
fl-expunction-set	Run actions/checkout@v4	2026-09-13T12:11:00.4324373Z [command]/usr/bin/git config --local --name-only --get-regexp core\.sshCommand
fl-expunction-set	Run actions/checkout@v4	2026-09-13T12:11:00.4359566Z [command]/usr/bin/git submodule foreach --recursive sh -c "git config --local --name-only --get-regexp 'core\.sshCommand' && git config --local --unset-all 'core.sshCommand' || :"
fl-expunction-set	Run actions/checkout@v4	2026-09-13T12:11:00.4746782Z [command]/usr/bin/git config --local --name-only --get-regexp http\.https\:\/\/github\.com\/\.extraheader
fl-expunction-set	Run actions/checkout@v4	2026-09-13T12:11:00.4793774Z [command]/usr/bin/git submodule foreach --recursive sh -c "git config --local --name-only --get-regexp 'http\.https\:\/\/github\.com\/\.extraheader' && git config --local --unset-all 'http.https://github.com/.extraheader' || :"
fl-expunction-set	Run actions/checkout@v4	2026-09-13T12:11:00.5048027Z [command]/usr/bin/git config --local --name-only --get-regexp ^includeIf\.gitdir:
fl-expunction-set	Run actions/checkout@v4	2026-09-13T12:11:00.5090769Z [command]/usr/bin/git submodule foreach --recursive git config --local --show-origin --name-only --get-regexp remote.origin.url
fl-expunction-set	Run actions/checkout@v4	2026-09-13T12:11:00.5327228Z [command]/usr/bin/git config --local http.https://github.com/.extraheader AUTHORIZATION: basic ***
fl-expunction-set	Run actions/checkout@v4	2026-09-13T12:11:00.5422067Z ##[endgroup]
fl-expunction-set	Run actions/checkout@v4	2026-09-13T12:11:00.5422884Z ##[group]Fetching the repository
fl-expunction-set	Run actions/checkout@v4	2026-09-13T12:11:00.5424489Z [command]/usr/bin/git -c protocol.version=2 fetch --no-tags --prune --no-recurse-submodules --depth=1 origin 68fff2a6ed01d7f01b707bdb2c07526082bad656
fl-expunction-set	Run actions/checkout@v4	2026-09-13T12:12:09.5740283Z From https://github.com/Roger-LegalEase/legalease-partner-dashboard-clean
fl-expunction-set	Run actions/checkout@v4	2026-09-13T12:12:09.5741434Z  * branch              68fff2a6ed01d7f01b707bdb2c07526082bad656 -> FETCH_HEAD
fl-expunction-set	Run actions/checkout@v4	2026-09-13T12:12:09.5744191Z ##[endgroup]
fl-expunction-set	Run actions/checkout@v4	2026-09-13T12:12:09.5745071Z ##[group]Determining the checkout info
fl-expunction-set	Run actions/checkout@v4	2026-09-13T12:12:09.5745839Z ##[endgroup]
fl-expunction-set	Run actions/checkout@v4	2026-09-13T12:12:09.5752308Z [command]/usr/bin/git sparse-checkout disable
fl-expunction-set	Run actions/checkout@v4	2026-09-13T12:12:09.5809175Z [command]/usr/bin/git config --local --unset-all extensions.worktreeConfig
fl-expunction-set	Run actions/checkout@v4	2026-09-13T12:12:09.5841501Z ##[group]Checking out the ref
fl-expunction-set	Run actions/checkout@v4	2026-09-13T12:12:09.5846587Z [command]/usr/bin/git checkout --progress --force 68fff2a6ed01d7f01b707bdb2c07526082bad656
fl-expunction-set	Run actions/checkout@v4	2026-09-13T12:12:10.6749553Z Updating files:  12% (3209/26355)
fl-expunction-set	Run actions/checkout@v4	2026-09-13T12:12:10.7474014Z Updating files:  13% (3427/26355)
fl-expunction-set	Run actions/checkout@v4	2026-09-13T12:12:10.8359065Z Updating files:  14% (3690/26355)
fl-expunction-set	Run actions/checkout@v4	2026-09-13T12:12:10.9101816Z Updating files:  15% (3954/26355)
fl-expunction-set	Run actions/checkout@v4	2026-09-13T12:12:10.9847958Z Updating files:  16% (4217/26355)
fl-expunction-set	Run actions/checkout@v4	2026-09-13T12:12:11.1072762Z Updating files:  17% (4481/26355)
fl-expunction-set	Run actions/checkout@v4	2026-09-13T12:12:11.2658867Z Updating files:  18% (4744/26355)
fl-expunction-set	Run actions/checkout@v4	2026-09-13T12:12:11.3965713Z Updating files:  19% (5008/26355)
fl-expunction-set	Run actions/checkout@v4	2026-09-13T12:12:11.5829522Z Updating files:  20% (5271/26355)
fl-expunction-set	Run actions/checkout@v4	2026-09-13T12:12:11.6283816Z Updating files:  21% (5535/26355)
fl-expunction-set	Run actions/checkout@v4	2026-09-13T12:12:11.6542862Z Updating files:  21% (5661/26355)
fl-expunction-set	Run actions/checkout@v4	2026-09-13T12:12:11.7444374Z Updating files:  22% (5799/26355)
fl-expunction-set	Run actions/checkout@v4	2026-09-13T12:12:11.8215848Z Updating files:  23% (6062/26355)
fl-expunction-set	Run actions/checkout@v4	2026-09-13T12:12:11.9094724Z Updating files:  24% (6326/26355)
fl-expunction-set	Run actions/checkout@v4	2026-09-13T12:12:12.0204673Z Updating files:  25% (6589/26355)
fl-expunction-set	Run actions/checkout@v4	2026-09-13T12:12:12.2230547Z Updating files:  26% (6853/26355)
fl-expunction-set	Run actions/checkout@v4	2026-09-13T12:12:12.3712130Z Updating files:  27% (7116/26355)
fl-expunction-set	Run actions/checkout@v4	2026-09-13T12:12:12.5111594Z Updating files:  28% (7380/26355)
fl-expunction-set	Run actions/checkout@v4	2026-09-13T12:12:12.6229441Z Updating files:  29% (7643/26355)
fl-expunction-set	Run actions/checkout@v4	2026-09-13T12:12:12.6303934Z Updating files:  30% (7907/26355)
fl-expunction-set	Run actions/checkout@v4	2026-09-13T12:12:12.6741548Z Updating files:  30% (7939/26355)
fl-expunction-set	Run actions/checkout@v4	2026-09-13T12:12:12.7702781Z Updating files:  31% (8171/26355)
fl-expunction-set	Run actions/checkout@v4	2026-09-13T12:12:12.8493536Z Updating files:  32% (8434/26355)
fl-expunction-set	Run actions/checkout@v4	2026-09-13T12:12:12.8954903Z Updating files:  33% (8698/26355)
fl-expunction-set	Run actions/checkout@v4	2026-09-13T12:12:12.9457403Z Updating files:  34% (8961/26355)
fl-expunction-set	Run actions/checkout@v4	2026-09-13T12:12:13.0426063Z Updating files:  35% (9225/26355)
fl-expunction-set	Run actions/checkout@v4	2026-09-13T12:12:13.0744023Z Updating files:  36% (9488/26355)
fl-expunction-set	Run actions/checkout@v4	2026-09-13T12:12:13.1129964Z Updating files:  37% (9752/26355)
fl-expunction-set	Run actions/checkout@v4	2026-09-13T12:12:13.1506801Z Updating files:  38% (10015/26355)
fl-expunction-set	Run actions/checkout@v4	2026-09-13T12:12:13.1696443Z Updating files:  39% (10279/26355)
fl-expunction-set	Run actions/checkout@v4	2026-09-13T12:12:13.1881774Z Updating files:  40% (10542/26355)
fl-expunction-set	Run actions/checkout@v4	2026-09-13T12:12:13.2390946Z Updating files:  41% (10806/26355)
fl-expunction-set	Run actions/checkout@v4	2026-09-13T12:12:13.2594332Z Updating files:  42% (11070/26355)
fl-expunction-set	Run actions/checkout@v4	2026-09-13T12:12:13.4348725Z Updating files:  43% (11333/26355)
fl-expunction-set	Run actions/checkout@v4	2026-09-13T12:12:13.6143701Z Updating files:  44% (11597/26355)
fl-expunction-set	Run actions/checkout@v4	2026-09-13T12:12:13.6379574Z Updating files:  45% (11860/26355)
fl-expunction-set	Run actions/checkout@v4	2026-09-13T12:12:13.6472912Z Updating files:  45% (12020/26355)
fl-expunction-set	Run actions/checkout@v4	2026-09-13T12:12:13.6674655Z Updating files:  46% (12124/26355)
fl-expunction-set	Run actions/checkout@v4	2026-09-13T12:12:13.6851132Z Updating files:  47% (12387/26355)
fl-expunction-set	Run actions/checkout@v4	2026-09-13T12:12:13.7043025Z Updating files:  48% (12651/26355)
fl-expunction-set	Run actions/checkout@v4	2026-09-13T12:12:13.7591026Z Updating files:  49% (12914/26355)
fl-expunction-set	Run actions/checkout@v4	2026-09-13T12:12:13.8598137Z Updating files:  50% (13178/26355)
fl-expunction-set	Run actions/checkout@v4	2026-09-13T12:12:13.9110017Z Updating files:  51% (13442/26355)
fl-expunction-set	Run actions/checkout@v4	2026-09-13T12:12:13.9608059Z Updating files:  52% (13705/26355)
fl-expunction-set	Run actions/checkout@v4	2026-09-13T12:12:14.0186649Z Updating files:  53% (13969/26355)
fl-expunction-set	Run actions/checkout@v4	2026-09-13T12:12:14.0469814Z Updating files:  54% (14232/26355)
fl-expunction-set	Run actions/checkout@v4	2026-09-13T12:12:14.1141009Z Updating files:  55% (14496/26355)
fl-expunction-set	Run actions/checkout@v4	2026-09-13T12:12:14.2385182Z Updating files:  56% (14759/26355)
fl-expunction-set	Run actions/checkout@v4	2026-09-13T12:12:14.2801565Z Updating files:  57% (15023/26355)
fl-expunction-set	Run actions/checkout@v4	2026-09-13T12:12:14.3187018Z Updating files:  58% (15286/26355)
fl-expunction-set	Run actions/checkout@v4	2026-09-13T12:12:14.3626368Z Updating files:  59% (15550/26355)
fl-expunction-set	Run actions/checkout@v4	2026-09-13T12:12:14.4164461Z Updating files:  60% (15813/26355)
fl-expunction-set	Run actions/checkout@v4	2026-09-13T12:12:14.6280091Z Updating files:  61% (16077/26355)
fl-expunction-set	Run actions/checkout@v4	2026-09-13T12:12:14.7240121Z Updating files:  61% (16275/26355)
fl-expunction-set	Run actions/checkout@v4	2026-09-13T12:12:15.0804452Z Updating files:  62% (16341/26355)
fl-expunction-set	Run actions/checkout@v4	2026-09-13T12:12:15.4143066Z Updating files:  63% (16604/26355)
fl-expunction-set	Run actions/checkout@v4	2026-09-13T12:12:15.4768227Z Updating files:  64% (16868/26355)
fl-expunction-set	Run actions/checkout@v4	2026-09-13T12:12:15.6278308Z Updating files:  65% (17131/26355)
fl-expunction-set	Run actions/checkout@v4	2026-09-13T12:12:15.6288929Z Updating files:  65% (17381/26355)
fl-expunction-set	Run actions/checkout@v4	2026-09-13T12:12:15.7494858Z Updating files:  66% (17395/26355)
fl-expunction-set	Run actions/checkout@v4	2026-09-13T12:12:15.8120964Z Updating files:  67% (17658/26355)
fl-expunction-set	Run actions/checkout@v4	2026-09-13T12:12:15.9496652Z Updating files:  68% (17922/26355)
fl-expunction-set	Run actions/checkout@v4	2026-09-13T12:12:16.0112212Z Updating files:  69% (18185/26355)
fl-expunction-set	Run actions/checkout@v4	2026-09-13T12:12:16.0438947Z Updating files:  70% (18449/26355)
fl-expunction-set	Run actions/checkout@v4	2026-09-13T12:12:16.1582155Z Updating files:  71% (18713/26355)
fl-expunction-set	Run actions/checkout@v4	2026-09-13T12:12:16.2426747Z Updating files:  72% (18976/26355)
fl-expunction-set	Run actions/checkout@v4	2026-09-13T12:12:16.3740807Z Updating files:  73% (19240/26355)
fl-expunction-set	Run actions/checkout@v4	2026-09-13T12:12:16.4699934Z Updating files:  74% (19503/26355)
fl-expunction-set	Run actions/checkout@v4	2026-09-13T12:12:16.5701054Z Updating files:  75% (19767/26355)
fl-expunction-set	Run actions/checkout@v4	2026-09-13T12:12:16.6394288Z Updating files:  76% (20030/26355)
fl-expunction-set	Run actions/checkout@v4	2026-09-13T12:12:16.7575562Z Updating files:  76% (20119/26355)
fl-expunction-set	Run actions/checkout@v4	2026-09-13T12:12:16.8081630Z Updating files:  77% (20294/26355)
fl-expunction-set	Run actions/checkout@v4	2026-09-13T12:12:16.8296221Z Updating files:  78% (20557/26355)
fl-expunction-set	Run actions/checkout@v4	2026-09-13T12:12:16.8398713Z Updating files:  79% (20821/26355)
fl-expunction-set	Run actions/checkout@v4	2026-09-13T12:12:16.8885294Z Updating files:  80% (21084/26355)
fl-expunction-set	Run actions/checkout@v4	2026-09-13T12:12:17.0239377Z Updating files:  81% (21348/26355)
fl-expunction-set	Run actions/checkout@v4	2026-09-13T12:12:17.2313608Z Updating files:  82% (21612/26355)
fl-expunction-set	Run actions/checkout@v4	2026-09-13T12:12:17.3005277Z Updating files:  83% (21875/26355)
fl-expunction-set	Run actions/checkout@v4	2026-09-13T12:12:17.3327982Z Updating files:  84% (22139/26355)
fl-expunction-set	Run actions/checkout@v4	2026-09-13T12:12:17.3581632Z Updating files:  85% (22402/26355)
fl-expunction-set	Run actions/checkout@v4	2026-09-13T12:12:17.3822773Z Updating files:  86% (22666/26355)
fl-expunction-set	Run actions/checkout@v4	2026-09-13T12:12:17.4043908Z Updating files:  87% (22929/26355)
fl-expunction-set	Run actions/checkout@v4	2026-09-13T12:12:17.4305973Z Updating files:  88% (23193/26355)
fl-expunction-set	Run actions/checkout@v4	2026-09-13T12:12:17.4552218Z Updating files:  89% (23456/26355)
fl-expunction-set	Run actions/checkout@v4	2026-09-13T12:12:17.4811055Z Updating files:  90% (23720/26355)
fl-expunction-set	Run actions/checkout@v4	2026-09-13T12:12:17.5227558Z Updating files:  91% (23984/26355)
fl-expunction-set	Run actions/checkout@v4	2026-09-13T12:12:17.5377323Z Updating files:  92% (24247/26355)
fl-expunction-set	Run actions/checkout@v4	2026-09-13T12:12:17.5534968Z Updating files:  93% (24511/26355)
fl-expunction-set	Run actions/checkout@v4	2026-09-13T12:12:17.6291096Z Updating files:  94% (24774/26355)
fl-expunction-set	Run actions/checkout@v4	2026-09-13T12:12:17.7313882Z Updating files:  94% (24937/26355)
fl-expunction-set	Run actions/checkout@v4	2026-09-13T12:12:17.8547339Z Updating files:  95% (25038/26355)
fl-expunction-set	Run actions/checkout@v4	2026-09-13T12:12:17.9255398Z Updating files:  96% (25301/26355)
fl-expunction-set	Run actions/checkout@v4	2026-09-13T12:12:17.9774337Z Updating files:  97% (25565/26355)
fl-expunction-set	Run actions/checkout@v4	2026-09-13T12:12:18.0562552Z Updating files:  98% (25828/26355)
fl-expunction-set	Run actions/checkout@v4	2026-09-13T12:12:18.1170914Z Updating files:  99% (26092/26355)
fl-expunction-set	Run actions/checkout@v4	2026-09-13T12:12:18.1171870Z Updating files: 100% (26355/26355)
fl-expunction-set	Run actions/checkout@v4	2026-09-13T12:12:18.1172756Z Updating files: 100% (26355/26355), done.
fl-expunction-set	Run actions/checkout@v4	2026-09-13T12:12:18.1502470Z Note: switching to '68fff2a6ed01d7f01b707bdb2c07526082bad656'.
fl-expunction-set	Run actions/checkout@v4	2026-09-13T12:12:18.1502996Z 
fl-expunction-set	Run actions/checkout@v4	2026-09-13T12:12:18.1503549Z You are in 'detached HEAD' state. You can look around, make experimental
fl-expunction-set	Run actions/checkout@v4	2026-09-13T12:12:18.1504349Z changes and commit them, and you can discard any commits you make in this
fl-expunction-set	Run actions/checkout@v4	2026-09-13T12:12:18.1505133Z state without impacting any branches by switching back to a branch.
fl-expunction-set	Run actions/checkout@v4	2026-09-13T12:12:18.1505598Z 
fl-expunction-set	Run actions/checkout@v4	2026-09-13T12:12:18.1505880Z If you want to create a new branch to retain commits you create, you may
fl-expunction-set	Run actions/checkout@v4	2026-09-13T12:12:18.1506552Z do so (now or later) by using -c with the switch command. Example:
fl-expunction-set	Run actions/checkout@v4	2026-09-13T12:12:18.1506977Z 
fl-expunction-set	Run actions/checkout@v4	2026-09-13T12:12:18.1507176Z   git switch -c <new-branch-name>
fl-expunction-set	Run actions/checkout@v4	2026-09-13T12:12:18.1507456Z 
fl-expunction-set	Run actions/checkout@v4	2026-09-13T12:12:18.1507610Z Or undo this operation with:
fl-expunction-set	Run actions/checkout@v4	2026-09-13T12:12:18.1507864Z 
fl-expunction-set	Run actions/checkout@v4	2026-09-13T12:12:18.1508007Z   git switch -
fl-expunction-set	Run actions/checkout@v4	2026-09-13T12:12:18.1508204Z 
fl-expunction-set	Run actions/checkout@v4	2026-09-13T12:12:18.1508574Z Turn off this advice by setting config variable advice.detachedHead to false
fl-expunction-set	Run actions/checkout@v4	2026-09-13T12:12:18.1509097Z 
fl-expunction-set	Run actions/checkout@v4	2026-09-13T12:12:18.1509509Z HEAD is now at 68fff2a6 Enroll and freeze Florida expunction current-byte raster candidate
fl-expunction-set	Run actions/checkout@v4	2026-09-13T12:12:18.1754184Z ##[endgroup]
fl-expunction-set	Run actions/checkout@v4	2026-09-13T12:12:18.1811392Z [command]/usr/bin/git log -1 --format=%H
fl-expunction-set	Run actions/checkout@v4	2026-09-13T12:12:18.1839779Z 68fff2a6ed01d7f01b707bdb2c07526082bad656
fl-expunction-set	Refuse a movable ref and prove the checkout is the pinned commit	﻿2026-09-13T12:12:18.2061039Z ##[group]Run set -euo pipefail
fl-expunction-set	Refuse a movable ref and prove the checkout is the pinned commit	2026-09-13T12:12:18.2061434Z ^[[36;1mset -euo pipefail^[[0m
fl-expunction-set	Refuse a movable ref and prove the checkout is the pinned commit	2026-09-13T12:12:18.2061817Z ^[[36;1m# actions/checkout accepts a branch or tag here despite the input^[[0m
fl-expunction-set	Refuse a movable ref and prove the checkout is the pinned commit	2026-09-13T12:12:18.2062355Z ^[[36;1m# description. Three jobs resolve this ref independently, so a branch^[[0m
fl-expunction-set	Refuse a movable ref and prove the checkout is the pinned commit	2026-09-13T12:12:18.2063104Z ^[[36;1m# that moves mid-run would have them inspect different commits while^[[0m
fl-expunction-set	Refuse a movable ref and prove the checkout is the pinned commit	2026-09-13T12:12:18.2063775Z ^[[36;1m# every receipt recorded the literal branch name as the pin. An^[[0m
fl-expunction-set	Refuse a movable ref and prove the checkout is the pinned commit	2026-09-13T12:12:18.2064277Z ^[[36;1m# immutable 40-hex commit, verified against the checked-out HEAD, is^[[0m
fl-expunction-set	Refuse a movable ref and prove the checkout is the pinned commit	2026-09-13T12:12:18.2064747Z ^[[36;1m# the only input that makes a receipt findable again.^[[0m
fl-expunction-set	Refuse a movable ref and prove the checkout is the pinned commit	2026-09-13T12:12:18.2065076Z ^[[36;1mcase "$REF" in^[[0m
fl-expunction-set	Refuse a movable ref and prove the checkout is the pinned commit	2026-09-13T12:12:18.2065517Z ^[[36;1m  *[!0-9a-f]* | "") echo "REFUSED: commit_sha must be a full 40-character commit hash, got '$REF'"; exit 1;;^[[0m
fl-expunction-set	Refuse a movable ref and prove the checkout is the pinned commit	2026-09-13T12:12:18.2065987Z ^[[36;1mesac^[[0m
fl-expunction-set	Refuse a movable ref and prove the checkout is the pinned commit	2026-09-13T12:12:18.2066366Z ^[[36;1m[ "${#REF}" -eq 40 ] || { echo "REFUSED: commit_sha must be 40 hex characters, got ${#REF}"; exit 1; }^[[0m
fl-expunction-set	Refuse a movable ref and prove the checkout is the pinned commit	2026-09-13T12:12:18.2066878Z ^[[36;1mHEAD_SHA="$(git rev-parse HEAD)"^[[0m
fl-expunction-set	Refuse a movable ref and prove the checkout is the pinned commit	2026-09-13T12:12:18.2067335Z ^[[36;1m[ "$HEAD_SHA" = "$REF" ] || { echo "REFUSED: checked out $HEAD_SHA but the pin says $REF"; exit 1; }^[[0m
fl-expunction-set	Refuse a movable ref and prove the checkout is the pinned commit	2026-09-13T12:12:18.2067830Z ^[[36;1mecho "pinned commit confirmed: $HEAD_SHA"^[[0m
fl-expunction-set	Refuse a movable ref and prove the checkout is the pinned commit	2026-09-13T12:12:18.2107631Z shell: /usr/bin/bash -e {0}
fl-expunction-set	Refuse a movable ref and prove the checkout is the pinned commit	2026-09-13T12:12:18.2107908Z env:
fl-expunction-set	Refuse a movable ref and prove the checkout is the pinned commit	2026-09-13T12:12:18.2108142Z   REF: 68fff2a6ed01d7f01b707bdb2c07526082bad656
fl-expunction-set	Refuse a movable ref and prove the checkout is the pinned commit	2026-09-13T12:12:18.2108442Z ##[endgroup]
fl-expunction-set	Refuse a movable ref and prove the checkout is the pinned commit	2026-09-13T12:12:18.2205355Z pinned commit confirmed: 68fff2a6ed01d7f01b707bdb2c07526082bad656
fl-expunction-set	Run actions/setup-node@v4	﻿2026-09-13T12:12:18.2298330Z Node 20 is being deprecated. This workflow is running with Node 24 by default. If you need to temporarily use Node 20, you can set the ACTIONS_ALLOW_USE_UNSECURE_NODE_VERSION=true environment variable. For more information see: https://github.blog/changelog/2025-09-19-deprecation-of-node-20-on-github-actions-runners/
fl-expunction-set	Run actions/setup-node@v4	2026-09-13T12:12:18.2300021Z ##[group]Run actions/setup-node@v4
fl-expunction-set	Run actions/setup-node@v4	2026-09-13T12:12:18.2300278Z with:
fl-expunction-set	Run actions/setup-node@v4	2026-09-13T12:12:18.2300471Z   node-version: 22
fl-expunction-set	Run actions/setup-node@v4	2026-09-13T12:12:18.2300676Z   always-auth: false
fl-expunction-set	Run actions/setup-node@v4	2026-09-13T12:12:18.2300887Z   check-latest: false
fl-expunction-set	Run actions/setup-node@v4	2026-09-13T12:12:18.2303757Z   token: ***
fl-expunction-set	Run actions/setup-node@v4	2026-09-13T12:12:18.2303996Z ##[endgroup]
fl-expunction-set	Run actions/setup-node@v4	2026-09-13T12:12:18.3796510Z Found in cache @ /opt/hostedtoolcache/node/22.23.2/x64
fl-expunction-set	Run actions/setup-node@v4	2026-09-13T12:12:18.3801445Z (node:2299) [DEP0040] DeprecationWarning: The `punycode` module is deprecated. Please use a userland alternative instead.
fl-expunction-set	Run actions/setup-node@v4	2026-09-13T12:12:18.3802533Z (Use `node --trace-deprecation ...` to show where the warning was created)
fl-expunction-set	Run actions/setup-node@v4	2026-09-13T12:12:18.3804550Z ##[group]Environment details
fl-expunction-set	Run actions/setup-node@v4	2026-09-13T12:12:18.7685821Z node: v22.23.2
fl-expunction-set	Run actions/setup-node@v4	2026-09-13T12:12:18.7686163Z npm: 10.9.8
fl-expunction-set	Run actions/setup-node@v4	2026-09-13T12:12:18.7686362Z yarn: 1.22.22
fl-expunction-set	Run actions/setup-node@v4	2026-09-13T12:12:18.7687604Z ##[endgroup]
fl-expunction-set	Run npm ci --cache /tmp/npm-cache	﻿2026-09-13T12:12:18.7810969Z ##[group]Run npm ci --cache /tmp/npm-cache
fl-expunction-set	Run npm ci --cache /tmp/npm-cache	2026-09-13T12:12:18.7811358Z ^[[36;1mnpm ci --cache /tmp/npm-cache^[[0m
fl-expunction-set	Run npm ci --cache /tmp/npm-cache	2026-09-13T12:12:18.7858267Z shell: /usr/bin/bash -e {0}
fl-expunction-set	Run npm ci --cache /tmp/npm-cache	2026-09-13T12:12:18.7858549Z ##[endgroup]
fl-expunction-set	Run npm ci --cache /tmp/npm-cache	2026-09-13T12:12:39.5261930Z 
fl-expunction-set	Run npm ci --cache /tmp/npm-cache	2026-09-13T12:12:39.5269025Z added 492 packages, and audited 493 packages in 21s
fl-expunction-set	Run npm ci --cache /tmp/npm-cache	2026-09-13T12:12:39.5269392Z 
fl-expunction-set	Run npm ci --cache /tmp/npm-cache	2026-09-13T12:12:39.5269635Z 186 packages are looking for funding
fl-expunction-set	Run npm ci --cache /tmp/npm-cache	2026-09-13T12:12:39.5269988Z   run `npm fund` for details
fl-expunction-set	Run npm ci --cache /tmp/npm-cache	2026-09-13T12:12:39.7124120Z 
fl-expunction-set	Run npm ci --cache /tmp/npm-cache	2026-09-13T12:12:39.7125094Z 39 vulnerabilities (2 low, 29 moderate, 7 high, 1 critical)
fl-expunction-set	Run npm ci --cache /tmp/npm-cache	2026-09-13T12:12:39.7125513Z 
fl-expunction-set	Run npm ci --cache /tmp/npm-cache	2026-09-13T12:12:39.7125821Z To address issues that do not require attention, run:
fl-expunction-set	Run npm ci --cache /tmp/npm-cache	2026-09-13T12:12:39.7126264Z   npm audit fix
fl-expunction-set	Run npm ci --cache /tmp/npm-cache	2026-09-13T12:12:39.7126426Z 
fl-expunction-set	Run npm ci --cache /tmp/npm-cache	2026-09-13T12:12:39.7126581Z To address all issues, run:
fl-expunction-set	Run npm ci --cache /tmp/npm-cache	2026-09-13T12:12:39.7126942Z   npm audit fix --force
fl-expunction-set	Run npm ci --cache /tmp/npm-cache	2026-09-13T12:12:39.7127122Z 
fl-expunction-set	Run npm ci --cache /tmp/npm-cache	2026-09-13T12:12:39.7127279Z Run `npm audit` for details.
fl-expunction-set	Run actions/setup-python@v5	﻿2026-09-13T12:12:39.7947187Z Node 20 is being deprecated. This workflow is running with Node 24 by default. If you need to temporarily use Node 20, you can set the ACTIONS_ALLOW_USE_UNSECURE_NODE_VERSION=true environment variable. For more information see: https://github.blog/changelog/2025-09-19-deprecation-of-node-20-on-github-actions-runners/
fl-expunction-set	Run actions/setup-python@v5	2026-09-13T12:12:39.7948496Z ##[group]Run actions/setup-python@v5
fl-expunction-set	Run actions/setup-python@v5	2026-09-13T12:12:39.7948929Z with:
fl-expunction-set	Run actions/setup-python@v5	2026-09-13T12:12:39.7949126Z   python-version: 3.12
fl-expunction-set	Run actions/setup-python@v5	2026-09-13T12:12:39.7949359Z   check-latest: false
fl-expunction-set	Run actions/setup-python@v5	2026-09-13T12:12:39.7951896Z   token: ***
fl-expunction-set	Run actions/setup-python@v5	2026-09-13T12:12:39.7952107Z   update-environment: true
fl-expunction-set	Run actions/setup-python@v5	2026-09-13T12:12:39.7952348Z   allow-prereleases: false
fl-expunction-set	Run actions/setup-python@v5	2026-09-13T12:12:39.7952581Z   freethreaded: false
fl-expunction-set	Run actions/setup-python@v5	2026-09-13T12:12:39.7952797Z ##[endgroup]
fl-expunction-set	Run actions/setup-python@v5	2026-09-13T12:12:39.9377320Z ##[group]Installed versions
fl-expunction-set	Run actions/setup-python@v5	2026-09-13T12:12:39.9486982Z (node:2369) [DEP0040] DeprecationWarning: The `punycode` module is deprecated. Please use a userland alternative instead.
fl-expunction-set	Run actions/setup-python@v5	2026-09-13T12:12:39.9488217Z (Use `node --trace-deprecation ...` to show where the warning was created)
fl-expunction-set	Run actions/setup-python@v5	2026-09-13T12:12:39.9489332Z Successfully set up CPython (3.12.14)
fl-expunction-set	Run actions/setup-python@v5	2026-09-13T12:12:39.9490251Z ##[endgroup]
fl-expunction-set	Install the pinned encrypted-PDF reader	﻿2026-09-13T12:12:39.9649318Z ##[group]Run python -m pip install --disable-pip-version-check pikepdf==10.12.0
fl-expunction-set	Install the pinned encrypted-PDF reader	2026-09-13T12:12:39.9649949Z ^[[36;1mpython -m pip install --disable-pip-version-check pikepdf==10.12.0^[[0m
fl-expunction-set	Install the pinned encrypted-PDF reader	2026-09-13T12:12:39.9700890Z shell: /usr/bin/bash -e {0}
fl-expunction-set	Install the pinned encrypted-PDF reader	2026-09-13T12:12:39.9701166Z env:
fl-expunction-set	Install the pinned encrypted-PDF reader	2026-09-13T12:12:39.9701452Z   pythonLocation: /opt/hostedtoolcache/Python/3.12.14/x64
fl-expunction-set	Install the pinned encrypted-PDF reader	2026-09-13T12:12:39.9701932Z   PKG_CONFIG_PATH: /opt/hostedtoolcache/Python/3.12.14/x64/lib/pkgconfig
fl-expunction-set	Install the pinned encrypted-PDF reader	2026-09-13T12:12:39.9702407Z   Python_ROOT_DIR: /opt/hostedtoolcache/Python/3.12.14/x64
fl-expunction-set	Install the pinned encrypted-PDF reader	2026-09-13T12:12:39.9702821Z   Python2_ROOT_DIR: /opt/hostedtoolcache/Python/3.12.14/x64
fl-expunction-set	Install the pinned encrypted-PDF reader	2026-09-13T12:12:39.9703545Z   Python3_ROOT_DIR: /opt/hostedtoolcache/Python/3.12.14/x64
fl-expunction-set	Install the pinned encrypted-PDF reader	2026-09-13T12:12:39.9703972Z   LD_LIBRARY_PATH: /opt/hostedtoolcache/Python/3.12.14/x64/lib
fl-expunction-set	Install the pinned encrypted-PDF reader	2026-09-13T12:12:39.9704316Z ##[endgroup]
fl-expunction-set	Install the pinned encrypted-PDF reader	2026-09-13T12:12:41.2430458Z Collecting pikepdf==10.12.0
fl-expunction-set	Install the pinned encrypted-PDF reader	2026-09-13T12:12:41.2912658Z   Downloading pikepdf-10.12.0-cp312-cp312-manylinux_2_27_x86_64.manylinux_2_28_x86_64.whl.metadata (11 kB)
fl-expunction-set	Install the pinned encrypted-PDF reader	2026-09-13T12:12:41.4840368Z Collecting Pillow>=10.0.1 (from pikepdf==10.12.0)
fl-expunction-set	Install the pinned encrypted-PDF reader	2026-09-13T12:12:41.4871085Z   Downloading pillow-12.3.0-cp312-cp312-manylinux_2_27_x86_64.manylinux_2_28_x86_64.whl.metadata (9.1 kB)
fl-expunction-set	Install the pinned encrypted-PDF reader	2026-09-13T12:12:41.7464397Z Collecting lxml>=4.8 (from pikepdf==10.12.0)
fl-expunction-set	Install the pinned encrypted-PDF reader	2026-09-13T12:12:41.7495370Z   Downloading lxml-6.1.3-cp312-cp312-manylinux_2_26_x86_64.manylinux_2_28_x86_64.whl.metadata (3.3 kB)
fl-expunction-set	Install the pinned encrypted-PDF reader	2026-09-13T12:12:41.7741425Z Collecting packaging (from pikepdf==10.12.0)
fl-expunction-set	Install the pinned encrypted-PDF reader	2026-09-13T12:12:41.7769294Z   Downloading packaging-26.3-py3-none-any.whl.metadata (3.5 kB)
fl-expunction-set	Install the pinned encrypted-PDF reader	2026-09-13T12:12:41.7847980Z Downloading pikepdf-10.12.0-cp312-cp312-manylinux_2_27_x86_64.manylinux_2_28_x86_64.whl (2.3 MB)
fl-expunction-set	Install the pinned encrypted-PDF reader	2026-09-13T12:12:41.8157270Z    ━━━━━━━━━━━━━━━━━━━━━━━━━━━━━━━━━━━━━━━━ 2.3/2.3 MB 158.3 MB/s  0:00:00
fl-expunction-set	Install the pinned encrypted-PDF reader	2026-09-13T12:12:41.8184859Z Downloading lxml-6.1.3-cp312-cp312-manylinux_2_26_x86_64.manylinux_2_28_x86_64.whl (5.2 MB)
fl-expunction-set	Install the pinned encrypted-PDF reader	2026-09-13T12:12:41.8414548Z    ━━━━━━━━━━━━━━━━━━━━━━━━━━━━━━━━━━━━━━━━ 5.2/5.2 MB 245.1 MB/s  0:00:00
fl-expunction-set	Install the pinned encrypted-PDF reader	2026-09-13T12:12:41.8444533Z Downloading pillow-12.3.0-cp312-cp312-manylinux_2_27_x86_64.manylinux_2_28_x86_64.whl (6.9 MB)
fl-expunction-set	Install the pinned encrypted-PDF reader	2026-09-13T12:12:41.8686372Z    ━━━━━━━━━━━━━━━━━━━━━━━━━━━━━━━━━━━━━━━━ 6.9/6.9 MB 309.4 MB/s  0:00:00
fl-expunction-set	Install the pinned encrypted-PDF reader	2026-09-13T12:12:41.8715644Z Downloading packaging-26.3-py3-none-any.whl (129 kB)
fl-expunction-set	Install the pinned encrypted-PDF reader	2026-09-13T12:12:41.9396782Z Installing collected packages: Pillow, packaging, lxml, pikepdf
fl-expunction-set	Install the pinned encrypted-PDF reader	2026-09-13T12:12:42.6063495Z 
fl-expunction-set	Install the pinned encrypted-PDF reader	2026-09-13T12:12:42.6078321Z Successfully installed Pillow-12.3.0 lxml-6.1.3 packaging-26.3 pikepdf-10.12.0
fl-expunction-set	Provision the browser	﻿2026-09-13T12:12:42.6916728Z ##[group]Run set -euo pipefail
fl-expunction-set	Provision the browser	2026-09-13T12:12:42.6917081Z ^[[36;1mset -euo pipefail^[[0m
fl-expunction-set	Provision the browser	2026-09-13T12:12:42.6917435Z ^[[36;1mexport PLAYWRIGHT_BROWSERS_PATH="$HOME/.cache/ms-playwright"^[[0m
fl-expunction-set	Provision the browser	2026-09-13T12:12:42.6917880Z ^[[36;1mnpx --yes playwright install --with-deps chromium^[[0m
fl-expunction-set	Provision the browser	2026-09-13T12:12:42.6918343Z ^[[36;1mecho "PLAYWRIGHT_BROWSERS_PATH=$PLAYWRIGHT_BROWSERS_PATH" >> "$GITHUB_ENV"^[[0m
fl-expunction-set	Provision the browser	2026-09-13T12:12:42.6957463Z shell: /usr/bin/bash -e {0}
fl-expunction-set	Provision the browser	2026-09-13T12:12:42.6957724Z env:
fl-expunction-set	Provision the browser	2026-09-13T12:12:42.6957992Z   pythonLocation: /opt/hostedtoolcache/Python/3.12.14/x64
fl-expunction-set	Provision the browser	2026-09-13T12:12:42.6958448Z   PKG_CONFIG_PATH: /opt/hostedtoolcache/Python/3.12.14/x64/lib/pkgconfig
fl-expunction-set	Provision the browser	2026-09-13T12:12:42.6959052Z   Python_ROOT_DIR: /opt/hostedtoolcache/Python/3.12.14/x64
fl-expunction-set	Provision the browser	2026-09-13T12:12:42.6959478Z   Python2_ROOT_DIR: /opt/hostedtoolcache/Python/3.12.14/x64
fl-expunction-set	Provision the browser	2026-09-13T12:12:42.6959859Z   Python3_ROOT_DIR: /opt/hostedtoolcache/Python/3.12.14/x64
fl-expunction-set	Provision the browser	2026-09-13T12:12:42.6960236Z   LD_LIBRARY_PATH: /opt/hostedtoolcache/Python/3.12.14/x64/lib
fl-expunction-set	Provision the browser	2026-09-13T12:12:42.6960600Z ##[endgroup]
fl-expunction-set	Provision the browser	2026-09-13T12:12:43.5270053Z Installing dependencies...
fl-expunction-set	Provision the browser	2026-09-13T12:12:43.5346673Z Switching to root user to install dependencies...
fl-expunction-set	Provision the browser	2026-09-13T12:12:43.6605123Z Get:1 file:/etc/apt/apt-mirrors.txt Mirrorlist [144 B]
fl-expunction-set	Provision the browser	2026-09-13T12:12:43.7018390Z Hit:2 http://azure.archive.ubuntu.com/ubuntu noble InRelease
fl-expunction-set	Provision the browser	2026-09-13T12:12:43.7044841Z Get:6 https://packages.microsoft.com/ubuntu/24.04/prod noble InRelease [3600 B]
fl-expunction-set	Provision the browser	2026-09-13T12:12:43.7053901Z Get:3 http://azure.archive.ubuntu.com/ubuntu noble-updates InRelease [126 kB]
fl-expunction-set	Provision the browser	2026-09-13T12:12:43.7079061Z Get:4 http://azure.archive.ubuntu.com/ubuntu noble-backports InRelease [126 kB]
fl-expunction-set	Provision the browser	2026-09-13T12:12:43.7103750Z Get:5 http://azure.archive.ubuntu.com/ubuntu noble-security InRelease [126 kB]
fl-expunction-set	Provision the browser	2026-09-13T12:12:43.7237245Z Get:7 https://dl.google.com/linux/chrome-stable/deb stable InRelease [2548 B]
fl-expunction-set	Provision the browser	2026-09-13T12:12:43.8364484Z Get:8 https://packages.microsoft.com/ubuntu/24.04/prod noble/main arm64 Packages [414 kB]
fl-expunction-set	Provision the browser	2026-09-13T12:12:43.8511417Z Get:9 https://packages.microsoft.com/ubuntu/24.04/prod noble/main amd64 Packages [463 kB]
fl-expunction-set	Provision the browser	2026-09-13T12:12:43.8906333Z Get:10 http://azure.archive.ubuntu.com/ubuntu noble-updates/main amd64 Packages [1263 kB]
fl-expunction-set	Provision the browser	2026-09-13T12:12:43.9003752Z Get:11 http://azure.archive.ubuntu.com/ubuntu noble-updates/main Translation-en [292 kB]
fl-expunction-set	Provision the browser	2026-09-13T12:12:43.9024993Z Get:12 http://azure.archive.ubuntu.com/ubuntu noble-updates/main amd64 Components [181 kB]
fl-expunction-set	Provision the browser	2026-09-13T12:12:43.9035100Z Get:13 http://azure.archive.ubuntu.com/ubuntu noble-updates/universe amd64 Packages [1690 kB]
fl-expunction-set	Provision the browser	2026-09-13T12:12:43.9146197Z Get:14 http://azure.archive.ubuntu.com/ubuntu noble-updates/universe amd64 Components [388 kB]
fl-expunction-set	Provision the browser	2026-09-13T12:12:43.9195225Z Get:15 http://azure.archive.ubuntu.com/ubuntu noble-updates/restricted amd64 Packages [1544 kB]
fl-expunction-set	Provision the browser	2026-09-13T12:12:43.9282132Z Get:16 http://azure.archive.ubuntu.com/ubuntu noble-updates/restricted Translation-en [354 kB]
fl-expunction-set	Provision the browser	2026-09-13T12:12:43.9287365Z Get:17 http://azure.archive.ubuntu.com/ubuntu noble-updates/multiverse amd64 Components [940 B]
fl-expunction-set	Provision the browser	2026-09-13T12:12:43.9572706Z Get:18 http://azure.archive.ubuntu.com/ubuntu noble-backports/main amd64 Components [5772 B]
fl-expunction-set	Provision the browser	2026-09-13T12:12:43.9593069Z Get:19 http://azure.archive.ubuntu.com/ubuntu noble-backports/universe amd64 Components [12.6 kB]
fl-expunction-set	Provision the browser	2026-09-13T12:12:44.0534377Z Get:20 http://azure.archive.ubuntu.com/ubuntu noble-security/main amd64 Packages [1006 kB]
fl-expunction-set	Provision the browser	2026-09-13T12:12:44.0597215Z Get:21 http://azure.archive.ubuntu.com/ubuntu noble-security/main Translation-en [213 kB]
fl-expunction-set	Provision the browser	2026-09-13T12:12:44.0612421Z Get:22 http://azure.archive.ubuntu.com/ubuntu noble-security/main amd64 Components [46.4 kB]
fl-expunction-set	Provision the browser	2026-09-13T12:12:44.0620555Z Get:23 http://azure.archive.ubuntu.com/ubuntu noble-security/universe amd64 Packages [1206 kB]
fl-expunction-set	Provision the browser	2026-09-13T12:12:44.0688940Z Get:24 http://azure.archive.ubuntu.com/ubuntu noble-security/universe amd64 Components [76.3 kB]
fl-expunction-set	Provision the browser	2026-09-13T12:12:44.0698641Z Get:25 http://azure.archive.ubuntu.com/ubuntu noble-security/restricted amd64 Packages [1445 kB]
fl-expunction-set	Provision the browser	2026-09-13T12:12:44.0776884Z Get:26 http://azure.archive.ubuntu.com/ubuntu noble-security/restricted Translation-en [336 kB]
fl-expunction-set	Provision the browser	2026-09-13T12:12:44.0824935Z Get:27 https://dl.google.com/linux/chrome-stable/deb stable/main amd64 Packages [1408 B]
fl-expunction-set	Provision the browser	2026-09-13T12:12:48.6477566Z Fetched 11.3 MB in 1s (8574 kB/s)
fl-expunction-set	Provision the browser	2026-09-13T12:12:49.5580418Z Reading package lists...
fl-expunction-set	Provision the browser	2026-09-13T12:12:49.5819282Z Reading package lists...
fl-expunction-set	Provision the browser	2026-09-13T12:12:49.8117927Z Building dependency tree...
fl-expunction-set	Provision the browser	2026-09-13T12:12:49.8126166Z Reading state information...
fl-expunction-set	Provision the browser	2026-09-13T12:12:50.0891306Z libasound2t64 is already the newest version (1.2.11-1ubuntu0.3).
fl-expunction-set	Provision the browser	2026-09-13T12:12:50.0892711Z libasound2t64 set to manually installed.
fl-expunction-set	Provision the browser	2026-09-13T12:12:50.0893795Z libatk-bridge2.0-0t64 is already the newest version (2.52.0-1build1).
fl-expunction-set	Provision the browser	2026-09-13T12:12:50.0894638Z libatk-bridge2.0-0t64 set to manually installed.
fl-expunction-set	Provision the browser	2026-09-13T12:12:50.0895401Z libatk1.0-0t64 is already the newest version (2.52.0-1build1).
fl-expunction-set	Provision the browser	2026-09-13T12:12:50.0896236Z libatk1.0-0t64 set to manually installed.
fl-expunction-set	Provision the browser	2026-09-13T12:12:50.0896941Z libatspi2.0-0t64 is already the newest version (2.52.0-1build1).
fl-expunction-set	Provision the browser	2026-09-13T12:12:50.0897483Z libatspi2.0-0t64 set to manually installed.
fl-expunction-set	Provision the browser	2026-09-13T12:12:50.0897914Z libcairo2 is already the newest version (1.18.0-3build1).
fl-expunction-set	Provision the browser	2026-09-13T12:12:50.0898311Z libcairo2 set to manually installed.
fl-expunction-set	Provision the browser	2026-09-13T12:12:50.0898735Z libcups2t64 is already the newest version (2.4.7-1.2ubuntu7.14).
fl-expunction-set	Provision the browser	2026-09-13T12:12:50.0899311Z libcups2t64 set to manually installed.
fl-expunction-set	Provision the browser	2026-09-13T12:12:50.0899887Z libdbus-1-3 is already the newest version (1.14.10-4ubuntu4.1).
fl-expunction-set	Provision the browser	2026-09-13T12:12:50.0900302Z libdbus-1-3 set to manually installed.
fl-expunction-set	Provision the browser	2026-09-13T12:12:50.0900726Z libdrm2 is already the newest version (2.4.125-1ubuntu0.1~24.04.2).
fl-expunction-set	Provision the browser	2026-09-13T12:12:50.0901143Z libdrm2 set to manually installed.
fl-expunction-set	Provision the browser	2026-09-13T12:12:50.0901543Z libgbm1 is already the newest version (25.2.8-0ubuntu0.24.04.2).
fl-expunction-set	Provision the browser	2026-09-13T12:12:50.0901946Z libgbm1 set to manually installed.
fl-expunction-set	Provision the browser	2026-09-13T12:12:50.0902352Z libglib2.0-0t64 is already the newest version (2.80.0-6ubuntu3.8).
fl-expunction-set	Provision the browser	2026-09-13T12:12:50.0902764Z libglib2.0-0t64 set to manually installed.
fl-expunction-set	Provision the browser	2026-09-13T12:12:50.0903517Z libnspr4 is already the newest version (2:4.35-1.1build1).
fl-expunction-set	Provision the browser	2026-09-13T12:12:50.0904101Z libnspr4 set to manually installed.
fl-expunction-set	Provision the browser	2026-09-13T12:12:50.0904514Z libnss3 is already the newest version (2:3.98-1ubuntu0.2).
fl-expunction-set	Provision the browser	2026-09-13T12:12:50.0904913Z libnss3 set to manually installed.
fl-expunction-set	Provision the browser	2026-09-13T12:12:50.0905327Z libpango-1.0-0 is already the newest version (1.52.1+ds-1build1).
fl-expunction-set	Provision the browser	2026-09-13T12:12:50.0905742Z libpango-1.0-0 set to manually installed.
fl-expunction-set	Provision the browser	2026-09-13T12:12:50.0906152Z libx11-6 is already the newest version (2:1.8.7-1build1).
fl-expunction-set	Provision the browser	2026-09-13T12:12:50.0906517Z libx11-6 set to manually installed.
fl-expunction-set	Provision the browser	2026-09-13T12:12:50.0906874Z libxcb1 is already the newest version (1.15-1ubuntu2).
fl-expunction-set	Provision the browser	2026-09-13T12:12:50.0907319Z libxcb1 set to manually installed.
fl-expunction-set	Provision the browser	2026-09-13T12:12:50.0907987Z libxcomposite1 is already the newest version (1:0.4.5-1build3).
fl-expunction-set	Provision the browser	2026-09-13T12:12:50.0908712Z libxcomposite1 set to manually installed.
fl-expunction-set	Provision the browser	2026-09-13T12:12:50.0909440Z libxdamage1 is already the newest version (1:1.1.6-1build1).
fl-expunction-set	Provision the browser	2026-09-13T12:12:50.0910108Z libxdamage1 set to manually installed.
fl-expunction-set	Provision the browser	2026-09-13T12:12:50.0910668Z libxext6 is already the newest version (2:1.3.4-1build2).
fl-expunction-set	Provision the browser	2026-09-13T12:12:50.0911047Z libxext6 set to manually installed.
fl-expunction-set	Provision the browser	2026-09-13T12:12:50.0911476Z libxfixes3 is already the newest version (1:6.0.0-2build1).
fl-expunction-set	Provision the browser	2026-09-13T12:12:50.0911865Z libxfixes3 set to manually installed.
fl-expunction-set	Provision the browser	2026-09-13T12:12:50.0912267Z libxkbcommon0 is already the newest version (1.6.0-1build1).
fl-expunction-set	Provision the browser	2026-09-13T12:12:50.0912671Z libxkbcommon0 set to manually installed.
fl-expunction-set	Provision the browser	2026-09-13T12:12:50.0913661Z libxrandr2 is already the newest version (2:1.5.2-2build1).
fl-expunction-set	Provision the browser	2026-09-13T12:12:50.0914375Z libxrandr2 set to manually installed.
fl-expunction-set	Provision the browser	2026-09-13T12:12:50.0915075Z xvfb is already the newest version (2:21.1.12-1ubuntu1.6).
fl-expunction-set	Provision the browser	2026-09-13T12:12:50.0915664Z fonts-noto-color-emoji is already the newest version (2.047-0ubuntu0.24.04.1).
fl-expunction-set	Provision the browser	2026-09-13T12:12:50.0916453Z libfontconfig1 is already the newest version (2.15.0-1.1ubuntu2).
fl-expunction-set	Provision the browser	2026-09-13T12:12:50.0916871Z libfontconfig1 set to manually installed.
fl-expunction-set	Provision the browser	2026-09-13T12:12:50.0917309Z libfreetype6 is already the newest version (2.13.2+dfsg-1ubuntu0.1).
fl-expunction-set	Provision the browser	2026-09-13T12:12:50.0918030Z libfreetype6 set to manually installed.
fl-expunction-set	Provision the browser	2026-09-13T12:12:50.0918819Z fonts-liberation is already the newest version (1:2.1.5-3).
fl-expunction-set	Provision the browser	2026-09-13T12:12:50.0919578Z fonts-liberation set to manually installed.
fl-expunction-set	Provision the browser	2026-09-13T12:12:50.0920312Z The following additional packages will be installed:
fl-expunction-set	Provision the browser	2026-09-13T12:12:50.0921154Z   xfonts-encodings xfonts-utils
fl-expunction-set	Provision the browser	2026-09-13T12:12:50.0921644Z Recommended packages:
fl-expunction-set	Provision the browser	2026-09-13T12:12:50.0922110Z   fonts-ipafont-mincho fonts-tlwg-loma
fl-expunction-set	Provision the browser	2026-09-13T12:12:50.1084181Z The following NEW packages will be installed:
fl-expunction-set	Provision the browser	2026-09-13T12:12:50.1085309Z   fonts-freefont-ttf fonts-ipafont-gothic fonts-tlwg-loma-otf fonts-unifont
fl-expunction-set	Provision the browser	2026-09-13T12:12:50.1091367Z   fonts-wqy-zenhei xfonts-cyrillic xfonts-encodings xfonts-scalable
fl-expunction-set	Provision the browser	2026-09-13T12:12:50.1092182Z   xfonts-utils
fl-expunction-set	Provision the browser	2026-09-13T12:12:50.1263760Z 0 upgraded, 9 newly installed, 0 to remove and 50 not upgraded.
fl-expunction-set	Provision the browser	2026-09-13T12:12:50.1264303Z Need to get 21.1 MB of archives.
fl-expunction-set	Provision the browser	2026-09-13T12:12:50.1264746Z After this operation, 79.5 MB of additional disk space will be used.
fl-expunction-set	Provision the browser	2026-09-13T12:12:50.1265260Z Get:1 file:/etc/apt/apt-mirrors.txt Mirrorlist [144 B]
fl-expunction-set	Provision the browser	2026-09-13T12:12:50.2062705Z Get:2 http://azure.archive.ubuntu.com/ubuntu noble/universe amd64 fonts-ipafont-gothic all 00303-21ubuntu1 [3513 kB]
fl-expunction-set	Provision the browser	2026-09-13T12:12:50.3329862Z Get:3 http://azure.archive.ubuntu.com/ubuntu noble/main amd64 fonts-freefont-ttf all 20211204+svn4273-2 [5641 kB]
fl-expunction-set	Provision the browser	2026-09-13T12:12:50.5088773Z Get:4 http://azure.archive.ubuntu.com/ubuntu noble/universe amd64 fonts-tlwg-loma-otf all 1:0.7.3-1 [107 kB]
fl-expunction-set	Provision the browser	2026-09-13T12:12:50.5699345Z Get:5 http://azure.archive.ubuntu.com/ubuntu noble/universe amd64 fonts-unifont all 1:15.1.01-1build1 [2993 kB]
fl-expunction-set	Provision the browser	2026-09-13T12:12:50.6860306Z Get:6 http://azure.archive.ubuntu.com/ubuntu noble/universe amd64 fonts-wqy-zenhei all 0.9.45-8 [7472 kB]
fl-expunction-set	Provision the browser	2026-09-13T12:12:50.8899821Z Get:7 http://azure.archive.ubuntu.com/ubuntu noble/main amd64 xfonts-encodings all 1:1.0.5-0ubuntu2 [578 kB]
fl-expunction-set	Provision the browser	2026-09-13T12:12:50.9600680Z Get:8 http://azure.archive.ubuntu.com/ubuntu noble/main amd64 xfonts-utils amd64 1:7.7+6build3 [94.4 kB]
fl-expunction-set	Provision the browser	2026-09-13T12:12:51.0213855Z Get:9 http://azure.archive.ubuntu.com/ubuntu noble/universe amd64 xfonts-cyrillic all 1:1.0.5+nmu1 [384 kB]
fl-expunction-set	Provision the browser	2026-09-13T12:12:51.0876539Z Get:10 http://azure.archive.ubuntu.com/ubuntu noble/main amd64 xfonts-scalable all 1:1.0.3-1.3 [304 kB]
fl-expunction-set	Provision the browser	2026-09-13T12:12:51.3649449Z Fetched 21.1 MB in 1s (21.6 MB/s)
fl-expunction-set	Provision the browser	2026-09-13T12:12:51.3905973Z Selecting previously unselected package fonts-ipafont-gothic.
fl-expunction-set	Provision the browser	2026-09-13T12:12:51.4235185Z (Reading database ... 
fl-expunction-set	Provision the browser	2026-09-13T12:12:51.4235726Z (Reading database ... 5%
fl-expunction-set	Provision the browser	2026-09-13T12:12:51.4242652Z (Reading database ... 10%
fl-expunction-set	Provision the browser	2026-09-13T12:12:51.4243390Z (Reading database ... 15%
fl-expunction-set	Provision the browser	2026-09-13T12:12:51.4243926Z (Reading database ... 20%
fl-expunction-set	Provision the browser	2026-09-13T12:12:51.4244393Z (Reading database ... 25%
fl-expunction-set	Provision the browser	2026-09-13T12:12:51.4244836Z (Reading database ... 30%
fl-expunction-set	Provision the browser	2026-09-13T12:12:51.4245254Z (Reading database ... 35%
fl-expunction-set	Provision the browser	2026-09-13T12:12:51.4245690Z (Reading database ... 40%
fl-expunction-set	Provision the browser	2026-09-13T12:12:51.4246118Z (Reading database ... 45%
fl-expunction-set	Provision the browser	2026-09-13T12:12:51.4246544Z (Reading database ... 50%
fl-expunction-set	Provision the browser	2026-09-13T12:12:51.4285663Z (Reading database ... 55%
fl-expunction-set	Provision the browser	2026-09-13T12:12:51.5567838Z (Reading database ... 60%
fl-expunction-set	Provision the browser	2026-09-13T12:12:52.1566484Z (Reading database ... 65%
fl-expunction-set	Provision the browser	2026-09-13T12:12:52.4019417Z (Reading database ... 70%
fl-expunction-set	Provision the browser	2026-09-13T12:12:52.5883435Z (Reading database ... 75%
fl-expunction-set	Provision the browser	2026-09-13T12:12:52.8141414Z (Reading database ... 80%
fl-expunction-set	Provision the browser	2026-09-13T12:12:52.9951812Z (Reading database ... 85%
fl-expunction-set	Provision the browser	2026-09-13T12:12:53.3066626Z (Reading database ... 90%
fl-expunction-set	Provision the browser	2026-09-13T12:12:53.7379445Z (Reading database ... 95%
fl-expunction-set	Provision the browser	2026-09-13T12:12:53.7380160Z (Reading database ... 100%
fl-expunction-set	Provision the browser	2026-09-13T12:12:53.7381155Z (Reading database ... 201818 files and directories currently installed.)
fl-expunction-set	Provision the browser	2026-09-13T12:12:53.7426646Z Preparing to unpack .../0-fonts-ipafont-gothic_00303-21ubuntu1_all.deb ...
fl-expunction-set	Provision the browser	2026-09-13T12:12:53.7511300Z Unpacking fonts-ipafont-gothic (00303-21ubuntu1) ...
fl-expunction-set	Provision the browser	2026-09-13T12:12:53.9821723Z Selecting previously unselected package fonts-freefont-ttf.
fl-expunction-set	Provision the browser	2026-09-13T12:12:53.9951393Z Preparing to unpack .../1-fonts-freefont-ttf_20211204+svn4273-2_all.deb ...
fl-expunction-set	Provision the browser	2026-09-13T12:12:53.9960553Z Unpacking fonts-freefont-ttf (20211204+svn4273-2) ...
fl-expunction-set	Provision the browser	2026-09-13T12:12:54.0803529Z Selecting previously unselected package fonts-tlwg-loma-otf.
fl-expunction-set	Provision the browser	2026-09-13T12:12:54.0928867Z Preparing to unpack .../2-fonts-tlwg-loma-otf_1%3a0.7.3-1_all.deb ...
fl-expunction-set	Provision the browser	2026-09-13T12:12:54.0938475Z Unpacking fonts-tlwg-loma-otf (1:0.7.3-1) ...
fl-expunction-set	Provision the browser	2026-09-13T12:12:54.1165312Z Selecting previously unselected package fonts-unifont.
fl-expunction-set	Provision the browser	2026-09-13T12:12:54.1292425Z Preparing to unpack .../3-fonts-unifont_1%3a15.1.01-1build1_all.deb ...
fl-expunction-set	Provision the browser	2026-09-13T12:12:54.1301290Z Unpacking fonts-unifont (1:15.1.01-1build1) ...
fl-expunction-set	Provision the browser	2026-09-13T12:12:54.2374137Z Selecting previously unselected package fonts-wqy-zenhei.
fl-expunction-set	Provision the browser	2026-09-13T12:12:54.2502417Z Preparing to unpack .../4-fonts-wqy-zenhei_0.9.45-8_all.deb ...
fl-expunction-set	Provision the browser	2026-09-13T12:12:54.2614562Z Unpacking fonts-wqy-zenhei (0.9.45-8) ...
fl-expunction-set	Provision the browser	2026-09-13T12:12:54.7506309Z Selecting previously unselected package xfonts-encodings.
fl-expunction-set	Provision the browser	2026-09-13T12:12:54.7639690Z Preparing to unpack .../5-xfonts-encodings_1%3a1.0.5-0ubuntu2_all.deb ...
fl-expunction-set	Provision the browser	2026-09-13T12:12:54.7648894Z Unpacking xfonts-encodings (1:1.0.5-0ubuntu2) ...
fl-expunction-set	Provision the browser	2026-09-13T12:12:54.7967723Z Selecting previously unselected package xfonts-utils.
fl-expunction-set	Provision the browser	2026-09-13T12:12:54.8099856Z Preparing to unpack .../6-xfonts-utils_1%3a7.7+6build3_amd64.deb ...
fl-expunction-set	Provision the browser	2026-09-13T12:12:54.8108819Z Unpacking xfonts-utils (1:7.7+6build3) ...
fl-expunction-set	Provision the browser	2026-09-13T12:12:54.8518313Z Selecting previously unselected package xfonts-cyrillic.
fl-expunction-set	Provision the browser	2026-09-13T12:12:54.8657767Z Preparing to unpack .../7-xfonts-cyrillic_1%3a1.0.5+nmu1_all.deb ...
fl-expunction-set	Provision the browser	2026-09-13T12:12:54.8669676Z Unpacking xfonts-cyrillic (1:1.0.5+nmu1) ...
fl-expunction-set	Provision the browser	2026-09-13T12:12:54.9063529Z Selecting previously unselected package xfonts-scalable.
fl-expunction-set	Provision the browser	2026-09-13T12:12:54.9199340Z Preparing to unpack .../8-xfonts-scalable_1%3a1.0.3-1.3_all.deb ...
fl-expunction-set	Provision the browser	2026-09-13T12:12:54.9238666Z Unpacking xfonts-scalable (1:1.0.3-1.3) ...
fl-expunction-set	Provision the browser	2026-09-13T12:12:54.9684064Z Setting up fonts-wqy-zenhei (0.9.45-8) ...
fl-expunction-set	Provision the browser	2026-09-13T12:12:54.9829703Z Setting up fonts-freefont-ttf (20211204+svn4273-2) ...
fl-expunction-set	Provision the browser	2026-09-13T12:12:54.9849422Z Setting up fonts-tlwg-loma-otf (1:0.7.3-1) ...
fl-expunction-set	Provision the browser	2026-09-13T12:12:54.9871862Z Setting up xfonts-encodings (1:1.0.5-0ubuntu2) ...
fl-expunction-set	Provision the browser	2026-09-13T12:12:54.9894215Z Setting up fonts-ipafont-gothic (00303-21ubuntu1) ...
fl-expunction-set	Provision the browser	2026-09-13T12:12:54.9965729Z update-alternatives: using /usr/share/fonts/opentype/ipafont-gothic/ipag.ttf to provide /usr/share/fonts/truetype/fonts-japanese-gothic.ttf (fonts-japanese-gothic.ttf) in auto mode
fl-expunction-set	Provision the browser	2026-09-13T12:12:54.9986503Z Setting up fonts-unifont (1:15.1.01-1build1) ...
fl-expunction-set	Provision the browser	2026-09-13T12:12:55.0008815Z Setting up xfonts-utils (1:7.7+6build3) ...
fl-expunction-set	Provision the browser	2026-09-13T12:12:55.0056006Z Setting up xfonts-cyrillic (1:1.0.5+nmu1) ...
fl-expunction-set	Provision the browser	2026-09-13T12:12:55.0374209Z Setting up xfonts-scalable (1:1.0.3-1.3) ...
fl-expunction-set	Provision the browser	2026-09-13T12:12:55.0670526Z Processing triggers for man-db (2.12.0-4build2) ...
fl-expunction-set	Provision the browser	2026-09-13T12:12:55.0696079Z Not building database; man-db/auto-update is not 'true'.
fl-expunction-set	Provision the browser	2026-09-13T12:12:55.0713464Z Processing triggers for fontconfig (2.15.0-1.1ubuntu2) ...
fl-expunction-set	Provision the browser	2026-09-13T12:12:55.8009999Z 
fl-expunction-set	Provision the browser	2026-09-13T12:12:55.8010740Z Running kernel seems to be up-to-date.
fl-expunction-set	Provision the browser	2026-09-13T12:12:55.8011108Z 
fl-expunction-set	Provision the browser	2026-09-13T12:12:55.8011333Z No services need to be restarted.
fl-expunction-set	Provision the browser	2026-09-13T12:12:55.8011599Z 
fl-expunction-set	Provision the browser	2026-09-13T12:12:55.8014120Z No containers need to be restarted.
fl-expunction-set	Provision the browser	2026-09-13T12:12:55.8014536Z 
fl-expunction-set	Provision the browser	2026-09-13T12:12:55.8014875Z No user sessions are running outdated binaries.
fl-expunction-set	Provision the browser	2026-09-13T12:12:55.8015365Z 
fl-expunction-set	Provision the browser	2026-09-13T12:12:55.8016000Z No VM guests are running outdated hypervisor (qemu) binaries on this host.
fl-expunction-set	Provision the browser	2026-09-13T12:12:57.0424986Z Downloading Chrome for Testing 148.0.7778.96 (playwright chromium v1223) from https://cdn.playwright.dev/builds/cft/148.0.7778.96/linux64/chrome-linux64.zip
fl-expunction-set	Provision the browser	2026-09-13T12:12:58.1003347Z |                                                                                |   0% of 175.4 MiB
fl-expunction-set	Provision the browser	2026-09-13T12:12:58.2701023Z |■■■■■■■■                                                                        |  10% of 175.4 MiB
fl-expunction-set	Provision the browser	2026-09-13T12:12:58.3559440Z |■■■■■■■■■■■■■■■■                                                                |  20% of 175.4 MiB
fl-expunction-set	Provision the browser	2026-09-13T12:12:58.4387381Z |■■■■■■■■■■■■■■■■■■■■■■■■                                                        |  30% of 175.4 MiB
fl-expunction-set	Provision the browser	2026-09-13T12:12:58.5187451Z |■■■■■■■■■■■■■■■■■■■■■■■■■■■■■■■■                                                |  40% of 175.4 MiB
fl-expunction-set	Provision the browser	2026-09-13T12:12:58.6085140Z |■■■■■■■■■■■■■■■■■■■■■■■■■■■■■■■■■■■■■■■■                                        |  50% of 175.4 MiB
fl-expunction-set	Provision the browser	2026-09-13T12:12:58.7137656Z |■■■■■■■■■■■■■■■■■■■■■■■■■■■■■■■■■■■■■■■■■■■■■■■■                                |  60% of 175.4 MiB
fl-expunction-set	Provision the browser	2026-09-13T12:12:58.8005155Z |■■■■■■■■■■■■■■■■■■■■■■■■■■■■■■■■■■■■■■■■■■■■■■■■■■■■■■■■                        |  70% of 175.4 MiB
fl-expunction-set	Provision the browser	2026-09-13T12:12:58.8911998Z |■■■■■■■■■■■■■■■■■■■■■■■■■■■■■■■■■■■■■■■■■■■■■■■■■■■■■■■■■■■■■■■■                |  80% of 175.4 MiB
fl-expunction-set	Provision the browser	2026-09-13T12:12:58.9842791Z |■■■■■■■■■■■■■■■■■■■■■■■■■■■■■■■■■■■■■■■■■■■■■■■■■■■■■■■■■■■■■■■■■■■■■■■■        |  90% of 175.4 MiB
fl-expunction-set	Provision the browser	2026-09-13T12:12:59.0724290Z |■■■■■■■■■■■■■■■■■■■■■■■■■■■■■■■■■■■■■■■■■■■■■■■■■■■■■■■■■■■■■■■■■■■■■■■■■■■■■■■■| 100% of 175.4 MiB
fl-expunction-set	Provision the browser	2026-09-13T12:13:01.8412170Z Chrome for Testing 148.0.7778.96 (playwright chromium v1223) downloaded to /home/runner/.cache/ms-playwright/chromium-1223
fl-expunction-set	Provision the browser	2026-09-13T12:13:01.8417255Z Downloading FFmpeg (playwright ffmpeg v1011) from https://cdn.playwright.dev/dbazure/download/playwright/builds/ffmpeg/1011/ffmpeg-linux.zip
fl-expunction-set	Provision the browser	2026-09-13T12:13:02.8157387Z |                                                                                |   0% of 2.3 MiB
fl-expunction-set	Provision the browser	2026-09-13T12:13:02.8192178Z |■■■■■■■■                                                                        |  10% of 2.3 MiB
fl-expunction-set	Provision the browser	2026-09-13T12:13:02.8216933Z |■■■■■■■■■■■■■■■■                                                                |  20% of 2.3 MiB
fl-expunction-set	Provision the browser	2026-09-13T12:13:02.8238291Z |■■■■■■■■■■■■■■■■■■■■■■■■                                                        |  30% of 2.3 MiB
fl-expunction-set	Provision the browser	2026-09-13T12:13:02.8256681Z |■■■■■■■■■■■■■■■■■■■■■■■■■■■■■■■■                                                |  40% of 2.3 MiB
fl-expunction-set	Provision the browser	2026-09-13T12:13:02.8270295Z |■■■■■■■■■■■■■■■■■■■■■■■■■■■■■■■■■■■■■■■■                                        |  50% of 2.3 MiB
fl-expunction-set	Provision the browser	2026-09-13T12:13:02.8286350Z |■■■■■■■■■■■■■■■■■■■■■■■■■■■■■■■■■■■■■■■■■■■■■■■■                                |  60% of 2.3 MiB
fl-expunction-set	Provision the browser	2026-09-13T12:13:02.8305594Z |■■■■■■■■■■■■■■■■■■■■■■■■■■■■■■■■■■■■■■■■■■■■■■■■■■■■■■■■                        |  70% of 2.3 MiB
fl-expunction-set	Provision the browser	2026-09-13T12:13:02.8319881Z |■■■■■■■■■■■■■■■■■■■■■■■■■■■■■■■■■■■■■■■■■■■■■■■■■■■■■■■■■■■■■■■■                |  80% of 2.3 MiB
fl-expunction-set	Provision the browser	2026-09-13T12:13:02.8335404Z |■■■■■■■■■■■■■■■■■■■■■■■■■■■■■■■■■■■■■■■■■■■■■■■■■■■■■■■■■■■■■■■■■■■■■■■■        |  90% of 2.3 MiB
fl-expunction-set	Provision the browser	2026-09-13T12:13:02.8345862Z |■■■■■■■■■■■■■■■■■■■■■■■■■■■■■■■■■■■■■■■■■■■■■■■■■■■■■■■■■■■■■■■■■■■■■■■■■■■■■■■■| 100% of 2.3 MiB
fl-expunction-set	Provision the browser	2026-09-13T12:13:02.9024450Z FFmpeg (playwright ffmpeg v1011) downloaded to /home/runner/.cache/ms-playwright/ffmpeg-1011
fl-expunction-set	Provision the browser	2026-09-13T12:13:02.9029365Z Downloading Chrome Headless Shell 148.0.7778.96 (playwright chromium-headless-shell v1223) from https://cdn.playwright.dev/builds/cft/148.0.7778.96/linux64/chrome-headless-shell-linux64.zip
fl-expunction-set	Provision the browser	2026-09-13T12:13:03.9483019Z |                                                                                |   0% of 113.2 MiB
fl-expunction-set	Provision the browser	2026-09-13T12:13:04.0727940Z |■■■■■■■■                                                                        |  10% of 113.2 MiB
fl-expunction-set	Provision the browser	2026-09-13T12:13:04.1396546Z |■■■■■■■■■■■■■■■■                                                                |  20% of 113.2 MiB
fl-expunction-set	Provision the browser	2026-09-13T12:13:04.1881691Z |■■■■■■■■■■■■■■■■■■■■■■■■                                                        |  30% of 113.2 MiB
fl-expunction-set	Provision the browser	2026-09-13T12:13:04.2422384Z |■■■■■■■■■■■■■■■■■■■■■■■■■■■■■■■■                                                |  40% of 113.2 MiB
fl-expunction-set	Provision the browser	2026-09-13T12:13:04.3001149Z |■■■■■■■■■■■■■■■■■■■■■■■■■■■■■■■■■■■■■■■■                                        |  50% of 113.2 MiB
fl-expunction-set	Provision the browser	2026-09-13T12:13:04.3544208Z |■■■■■■■■■■■■■■■■■■■■■■■■■■■■■■■■■■■■■■■■■■■■■■■■                                |  60% of 113.2 MiB
fl-expunction-set	Provision the browser	2026-09-13T12:13:04.4154272Z |■■■■■■■■■■■■■■■■■■■■■■■■■■■■■■■■■■■■■■■■■■■■■■■■■■■■■■■■                        |  70% of 113.2 MiB
fl-expunction-set	Provision the browser	2026-09-13T12:13:04.4709668Z |■■■■■■■■■■■■■■■■■■■■■■■■■■■■■■■■■■■■■■■■■■■■■■■■■■■■■■■■■■■■■■■■                |  80% of 113.2 MiB
fl-expunction-set	Provision the browser	2026-09-13T12:13:04.5256444Z |■■■■■■■■■■■■■■■■■■■■■■■■■■■■■■■■■■■■■■■■■■■■■■■■■■■■■■■■■■■■■■■■■■■■■■■■        |  90% of 113.2 MiB
fl-expunction-set	Provision the browser	2026-09-13T12:13:04.5824410Z |■■■■■■■■■■■■■■■■■■■■■■■■■■■■■■■■■■■■■■■■■■■■■■■■■■■■■■■■■■■■■■■■■■■■■■■■■■■■■■■■| 100% of 113.2 MiB
fl-expunction-set	Provision the browser	2026-09-13T12:13:06.5690729Z Chrome Headless Shell 148.0.7778.96 (playwright chromium-headless-shell v1223) downloaded to /home/runner/.cache/ms-playwright/chromium_headless_shell-1223
fl-expunction-set	Render and measure fl-expunction-set	﻿2026-09-13T12:13:06.5993100Z ##[group]Run node scripts/rcap-raster-batch.mjs \
fl-expunction-set	Render and measure fl-expunction-set	2026-09-13T12:13:06.5993836Z ^[[36;1mnode scripts/rcap-raster-batch.mjs \^[[0m
fl-expunction-set	Render and measure fl-expunction-set	2026-09-13T12:13:06.5994198Z ^[[36;1m  --manifest "$MANIFEST_PATH" \^[[0m
fl-expunction-set	Render and measure fl-expunction-set	2026-09-13T12:13:06.5994658Z ^[[36;1m  --family "$FAMILY" \^[[0m
fl-expunction-set	Render and measure fl-expunction-set	2026-09-13T12:13:06.5994948Z ^[[36;1m  --commit "$COMMIT_SHA" \^[[0m
fl-expunction-set	Render and measure fl-expunction-set	2026-09-13T12:13:06.5995249Z ^[[36;1m  --scale "$REQUESTED_SCALE" \^[[0m
fl-expunction-set	Render and measure fl-expunction-set	2026-09-13T12:13:06.5995562Z ^[[36;1m  --run-id "$WORKFLOW_RUN_ID" \^[[0m
fl-expunction-set	Render and measure fl-expunction-set	2026-09-13T12:13:06.5995863Z ^[[36;1m  --out raster-out^[[0m
fl-expunction-set	Render and measure fl-expunction-set	2026-09-13T12:13:06.6033877Z shell: /usr/bin/bash -e {0}
fl-expunction-set	Render and measure fl-expunction-set	2026-09-13T12:13:06.6034155Z env:
fl-expunction-set	Render and measure fl-expunction-set	2026-09-13T12:13:06.6034447Z   pythonLocation: /opt/hostedtoolcache/Python/3.12.14/x64
fl-expunction-set	Render and measure fl-expunction-set	2026-09-13T12:13:06.6034949Z   PKG_CONFIG_PATH: /opt/hostedtoolcache/Python/3.12.14/x64/lib/pkgconfig
fl-expunction-set	Render and measure fl-expunction-set	2026-09-13T12:13:06.6035442Z   Python_ROOT_DIR: /opt/hostedtoolcache/Python/3.12.14/x64
fl-expunction-set	Render and measure fl-expunction-set	2026-09-13T12:13:06.6035880Z   Python2_ROOT_DIR: /opt/hostedtoolcache/Python/3.12.14/x64
fl-expunction-set	Render and measure fl-expunction-set	2026-09-13T12:13:06.6036306Z   Python3_ROOT_DIR: /opt/hostedtoolcache/Python/3.12.14/x64
fl-expunction-set	Render and measure fl-expunction-set	2026-09-13T12:13:06.6036779Z   LD_LIBRARY_PATH: /opt/hostedtoolcache/Python/3.12.14/x64/lib
fl-expunction-set	Render and measure fl-expunction-set	2026-09-13T12:13:06.6037234Z   PLAYWRIGHT_BROWSERS_PATH: /home/runner/.cache/ms-playwright
fl-expunction-set	Render and measure fl-expunction-set	2026-09-13T12:13:06.6037916Z   MANIFEST_PATH: data/rcap-grade-a/packet-factory-24h/pf19/fl-expunction-frozen-raster-manifest-20260913.json
fl-expunction-set	Render and measure fl-expunction-set	2026-09-13T12:13:06.6038543Z   FAMILY: fl-expunction-set
fl-expunction-set	Render and measure fl-expunction-set	2026-09-13T12:13:06.6038854Z   COMMIT_SHA: 68fff2a6ed01d7f01b707bdb2c07526082bad656
fl-expunction-set	Render and measure fl-expunction-set	2026-09-13T12:13:06.6039202Z   REQUESTED_SCALE: 2.5
fl-expunction-set	Render and measure fl-expunction-set	2026-09-13T12:13:06.6039624Z   WORKFLOW_RUN_ID: 34756193839
fl-expunction-set	Render and measure fl-expunction-set	2026-09-13T12:13:06.6042604Z   GH_TOKEN: ***
fl-expunction-set	Render and measure fl-expunction-set	2026-09-13T12:13:06.6042839Z ##[endgroup]
fl-expunction-set	Render and measure fl-expunction-set	2026-09-13T12:16:52.7181975Z RCAP_RECEIPT_BEGIN family=fl-expunction-set run=34756193839 commit=68fff2a6ed01d7f01b707bdb2c07526082bad656
fl-expunction-set	Render and measure fl-expunction-set	2026-09-13T12:16:52.7297473Z RCAP_RECEIPT_VERDICT {"schemaVersion":"rcap-raster-family-verdict/v1","familyId":"fl-expunction-set","verdict":"RASTER_PASS","packetCommitSha":"68fff2a6ed01d7f01b707bdb2c07526082bad656","workflowRunId":"34756193839","requestedScale":2.5,"cssPxPerPt":1.3333333333333333,"browserExecutable":"/home/runner/.cache/ms-playwright/chromium-1223/chrome-linux64/chrome","resolvedBy":"PLAYWRIGHT_BROWSERS_PATH","operatingSystem":"Linux 6.17.0-1022-azure x64","nodeVersion":"v22.23.2","hashesBound":{"canonical":{"path":"data/rcap-all50/overlays/census-v1/fl/fl-expunction-set--official-pdf-fill/fixtures/canonical.pdf","pinned":"d4ae558c7bab2beba6c529a6cfdaa13cd480cc98f422f1e0545ab85b127ab436"},"boundary":{"path":"data/rcap-all50/overlays/census-v1/fl/fl-expunction-set--official-pdf-fill/fixtures/boundary.pdf","pinned":"efbeff7d0b1dc8d65122b2f7a8c08fd973f669f4922e1745b51853b08ffdeb0d"}},"documentsRendered":[{"role":"canonical","document":"canonical.pdf","path":"data/rcap-all50/overlays/census-v1/fl/fl-expunction-set--official-pdf-fill/fixtures/canonical.pdf","pinned":"d4ae558c7bab2beba6c529a6cfdaa13cd480cc98f422f1e0545ab85b127ab436"},{"role":"boundary","document":"boundary.pdf","path":"data/rcap-all50/overlays/census-v1/fl/fl-expunction-set--official-pdf-fill/fixtures/boundary.pdf","pinned":"efbeff7d0b1dc8d65122b2f7a8c08fd973f669f4922e1745b51853b08ffdeb0d"}],"documentsDigest":"504e275acff66c0b3bcaf522caa676a6887feb8fdd3a47cc1c26b7ddd2148722","coversTheWholeFamily":true,"decryptionTransforms":[],"decryptionRule":"An encrypted source is hashed before any transform; Poppler and qpdf must independently agree on its page count; the temporary derivative is decrypted and serialized with explicit objects, then admitted only when geometry, decoded page content, fields/widgets, and XFA remain identical; only that temporary transport is passed to pdf-lib for calibrated rendering; the queued packet bytes are never modified.","pagesMeasured":20,"measurements":[{"kind":"canonical","document":"canonical.pdf","page":1,"png":"fl-expunction-set/canonical/page-001.png","bytes":284718,"pngSha256":"37f0a6eeb807bb98763be52a02ea9829465749da692b8472f52181812282224d","pngWidth":2040,"pngHeight":2640,"paper":{"x0":204,"y0":3,"x1":2243,"y1":2642,"width":2040,"height":2640},"pxPerPt":3.3333333333333335,"expectedPxPerPt":3.333333333333333,"pageWidthPt":612,"pageHeightPt":792,"expectedPx":{"width":2039.9999999999998,"height":2639.9999999999995,"tolerancePx":6.666666666666666},"calibrationResidualPx":0,"inkFractionInsidePaper":0.06434529114676174,"nonblank":true,"croppedToThePage":true},{"kind":"canonical","document":"canonical.pdf","page":2,"png":"fl-expunction-set/canonical/page-002.png","bytes":581215,"pngSha256":"35674412b7c5459b93b6bfdb745414d428a7fe1b27256785117ec2c784dbdf3b","pngWidth":2040,"pngHeight":2640,"paper":{"x0":204,"y0":3,"x1":2243,"y1":2642,"width":2040,"height":2640},"pxPerPt":3.3333333333333335,"expectedPxPerPt":3.333333333333333,"pageWidthPt":612,"pageHeightPt":792,"expectedPx":{"width":2039.9999999999998,"height":2639.9999999999995,"tolerancePx":6.666666666666666},"calibrationResidualPx":0,"inkFractionInsidePaper":0.09841299019607844,"nonblank":true,"croppedToThePage":true},{"kind":"canonical","document":"canonical.pdf","page":3,"png":"fl-expunction-set/canonical/page-003.png","bytes":161326,"pngSha256":"9c3435ac03d7b6cda0503aeac90a34a3ba22be07d61db54c15518ec923369126","pngWidth":2040,"pngHeight":2640,"paper":{"x0":204,"y0":3,"x1":2243,"y1":2642,"width":2040,"height":2640},"pxPerPt":3.3333333333333335,"expectedPxPerPt":3.333333333333333,"pageWidthPt":612,"pageHeightPt":792,"expectedPx":{"width":2039.9999999999998,"height":2639.9999999999995,"tolerancePx":6.666666666666666},"calibrationResidualPx":0,"inkFractionInsidePaper":0.027567401960784315,"nonblank":true,"croppedToThePage":true},{"kind":"canonical","document":"canonical.pdf","page":4,"png":"fl-expunction-set/canonical/page-004.png","bytes":427459,"pngSha256":"3c416afa1857683dabbc70fcd233f3859722c67bbba4159b0000237214b0479a","pngWidth":2040,"pngHeight":2640,"paper":{"x0":204,"y0":3,"x1":2243,"y1":2642,"width":2040,"height":2640},"pxPerPt":3.3333333333333335,"expectedPxPerPt":3.333333333333333,"pageWidthPt":612,"pageHeightPt":792,"expectedPx":{"width":2039.9999999999998,"height":2639.9999999999995,"tolerancePx":6.666666666666666},"calibrationResidualPx":0,"inkFractionInsidePaper":0.06636103683897801,"nonblank":true,"croppedToThePage":true},{"kind":"canonical","document":"canonical.pdf","page":5,"png":"fl-expunction-set/canonical/page-005.png","bytes":612253,"pngSha256":"4004850be84a7febf37a5f3cd2e4ab67a53c3f8adbd79bf7c6177ededd303c55","pngWidth":2040,"pngHeight":2640,"paper":{"x0":204,"y0":3,"x1":2243,"y1":2642,"width":2040,"height":2640},"pxPerPt":3.3333333333333335,"expectedPxPerPt":3.333333333333333,"pageWidthPt":612,"pageHeightPt":792,"expectedPx":{"width":2039.9999999999998,"height":2639.9999999999995,"tolerancePx":6.666666666666666},"calibrationResidualPx":0,"inkFractionInsidePaper":0.0663794191919192,"nonblank":true,"croppedToThePage":true},{"kind":"canonical","document":"canonical.pdf","page":6,"png":"fl-expunction-set/canonical/page-006.png","bytes":514379,"pngSha256":"1f4dfc295788696159792fd7f0f6e1d5905577d06ea5def46538f9bff09e8731","pngWidth":2040,"pngHeight":2640,"paper":{"x0":204,"y0":3,"x1":2243,"y1":2642,"width":2040,"height":2640},"pxPerPt":3.3333333333333335,"expectedPxPerPt":3.333333333333333,"pageWidthPt":612,"pageHeightPt":792,"expectedPx":{"width":2039.9999999999998,"height":2639.9999999999995,"tolerancePx":6.666666666666666},"calibrationResidualPx":0,"inkFractionInsidePaper":0.07512737670825906,"nonblank":true,"croppedToThePage":true},{"kind":"canonical","document":"canonical.pdf","page":7,"png":"fl-expunction-set/canonical/page-007.png","bytes":325506,"pngSha256":"07bbc59a56bd17ca09f8a8a45eaad8850f4aa021edb5d2ae541132651b4a35ed","pngWidth":2040,"pngHeight":2640,"paper":{"x0":204,"y0":3,"x1":2243,"y1":2642,"width":2040,"height":2640},"pxPerPt":3.3333333333333335,"expectedPxPerPt":3.333333333333333,"pageWidthPt":612,"pageHeightPt":792,"expectedPx":{"width":2039.9999999999998,"height":2639.9999999999995,"tolerancePx":6.666666666666666},"calibrationResidualPx":0,"inkFractionInsidePaper":0.03586657011289364,"nonblank":true,"croppedToThePage":true},{"kind":"canonical","document":"canonical.pdf","page":8,"png":"fl-expunction-set/canonical/page-008.png","bytes":249583,"pngSha256":"09d7da7bfe8f2471cef418c873a4ee86b5249fce167bd60ce52dfa72003a67f6","pngWidth":2040,"pngHeight":2640,"paper":{"x0":204,"y0":3,"x1":2243,"y1":2642,"width":2040,"height":2640},"pxPerPt":3.3333333333333335,"expectedPxPerPt":3.333333333333333,"pageWidthPt":612,"pageHeightPt":792,"expectedPx":{"width":2039.9999999999998,"height":2639.9999999999995,"tolerancePx":6.666666666666666},"calibrationResidualPx":0,"inkFractionInsidePaper":0.028121657754010695,"nonblank":true,"croppedToThePage":true},{"kind":"canonical","document":"canonical.pdf","page":9,"png":"fl-expunction-set/canonical/page-009.png","bytes":266780,"pngSha256":"f3c2e7c4f6e01329ae3c5039aa798e2afbe84e71e231db016184442f55e0ac0b","pngWidth":2040,"pngHeight":2640,"paper":{"x0":204,"y0":3,"x1":2243,"y1":2642,"width":2040,"height":2640},"pxPerPt":3.3333333333333335,"expectedPxPerPt":3.333333333333333,"pageWidthPt":612,"pageHeightPt":792,"expectedPx":{"width":2039.9999999999998,"height":2639.9999999999995,"tolerancePx":6.666666666666666},"calibrationResidualPx":0,"inkFractionInsidePaper":0.030034536541889482,"nonblank":true,"croppedToThePage":true},{"kind":"canonical","document":"canonical.pdf","page":10,"png":"fl-expunction-set/canonical/page-010.png","bytes":144250,"pngSha256":"0f92e3d3432b4fe775a2ce8e8933760346ee950f2d88dab7829321220e50cf35","pngWidth":2040,"pngHeight":2640,"paper":{"x0":204,"y0":3,"x1":2243,"y1":2642,"width":2040,"height":2640},"pxPerPt":3.3333333333333335,"expectedPxPerPt":3.333333333333333,"pageWidthPt":612,"pageHeightPt":792,"expectedPx":{"width":2039.9999999999998,"height":2639.9999999999995,"tolerancePx":6.666666666666666},"calibrationResidualPx":0,"inkFractionInsidePaper":0.014425133689839572,"nonblank":true,"croppedToThePage":true},{"kind":"boundary","document":"boundary.pdf","page":1,"png":"fl-expunction-set/boundary/page-001.png","bytes":306043,"pngSha256":"8c6359e46d2edc00d716f5f8bece69be3356f58f278772f617392d765ef1b5b5","pngWidth":2040,"pngHeight":2640,"paper":{"x0":204,"y0":3,"x1":2243,"y1":2642,"width":2040,"height":2640},"pxPerPt":3.3333333333333335,"expectedPxPerPt":3.333333333333333,"pageWidthPt":612,"pageHeightPt":792,"expectedPx":{"width":2039.9999999999998,"height":2639.9999999999995,"tolerancePx":6.666666666666666},"calibrationResidualPx":0,"inkFractionInsidePaper":0.06673982471776589,"nonblank":true,"croppedToThePage":true},{"kind":"boundary","document":"boundary.pdf","page":2,"png":"fl-expunction-set/boundary/page-002.png","bytes":587002,"pngSha256":"2fb38114ea8764317b41548b3ebf50784374ef6dbd58518e69827b03827f885f","pngWidth":2040,"pngHeight":2640,"paper":{"x0":204,"y0":3,"x1":2243,"y1":2642,"width":2040,"height":2640},"pxPerPt":3.3333333333333335,"expectedPxPerPt":3.333333333333333,"pageWidthPt":612,"pageHeightPt":792,"expectedPx":{"width":2039.9999999999998,"height":2639.9999999999995,"tolerancePx":6.666666666666666},"calibrationResidualPx":0,"inkFractionInsidePaper":0.09898729946524064,"nonblank":true,"croppedToThePage":true},{"kind":"boundary","document":"boundary.pdf","page":3,"png":"fl-expunction-set/boundary/page-003.png","bytes":166407,"pngSha256":"c941f63d8c0fd8672f80f6f230cca1af702c679d6759f22fc092829fb5b15b5a","pngWidth":2040,"pngHeight":2640,"paper":{"x0":204,"y0":3,"x1":2243,"y1":2642,"width":2040,"height":2640},"pxPerPt":3.3333333333333335,"expectedPxPerPt":3.333333333333333,"pageWidthPt":612,"pageHeightPt":792,"expectedPx":{"width":2039.9999999999998,"height":2639.9999999999995,"tolerancePx":6.666666666666666},"calibrationResidualPx":0,"inkFractionInsidePaper":0.028115158942364826,"nonblank":true,"croppedToThePage":true},{"kind":"boundary","document":"boundary.pdf","page":4,"png":"fl-expunction-set/boundary/page-004.png","bytes":427459,"pngSha256":"3c416afa1857683dabbc70fcd233f3859722c67bbba4159b0000237214b0479a","pngWidth":2040,"pngHeight":2640,"paper":{"x0":204,"y0":3,"x1":2243,"y1":2642,"width":2040,"height":2640},"pxPerPt":3.3333333333333335,"expectedPxPerPt":3.333333333333333,"pageWidthPt":612,"pageHeightPt":792,"expectedPx":{"width":2039.9999999999998,"height":2639.9999999999995,"tolerancePx":6.666666666666666},"calibrationResidualPx":0,"inkFractionInsidePaper":0.06636103683897801,"nonblank":true,"croppedToThePage":true},{"kind":"boundary","document":"boundary.pdf","page":5,"png":"fl-expunction-set/boundary/page-005.png","bytes":612253,"pngSha256":"4004850be84a7febf37a5f3cd2e4ab67a53c3f8adbd79bf7c6177ededd303c55","pngWidth":2040,"pngHeight":2640,"paper":{"x0":204,"y0":3,"x1":2243,"y1":2642,"width":2040,"height":2640},"pxPerPt":3.3333333333333335,"expectedPxPerPt":3.333333333333333,"pageWidthPt":612,"pageHeightPt":792,"expectedPx":{"width":2039.9999999999998,"height":2639.9999999999995,"tolerancePx":6.666666666666666},"calibrationResidualPx":0,"inkFractionInsidePaper":0.0663794191919192,"nonblank":true,"croppedToThePage":true},{"kind":"boundary","document":"boundary.pdf","page":6,"png":"fl-expunction-set/boundary/page-006.png","bytes":514379,"pngSha256":"1f4dfc295788696159792fd7f0f6e1d5905577d06ea5def46538f9bff09e8731","pngWidth":2040,"pngHeight":2640,"paper":{"x0":204,"y0":3,"x1":2243,"y1":2642,"width":2040,"height":2640},"pxPerPt":3.3333333333333335,"expectedPxPerPt":3.333333333333333,"pageWidthPt":612,"pageHeightPt":792,"expectedPx":{"width":2039.9999999999998,"height":2639.9999999999995,"tolerancePx":6.666666666666666},"calibrationResidualPx":0,"inkFractionInsidePaper":0.07512737670825906,"nonblank":true,"croppedToThePage":true},{"kind":"boundary","document":"boundary.pdf","page":7,"png":"fl-expunction-set/boundary/page-007.png","bytes":342866,"pngSha256":"bb96c962a8ecb3ff104c8661ddf579e1e7f4f70f0b0f34e93490083a9765da9f","pngWidth":2040,"pngHeight":2640,"paper":{"x0":204,"y0":3,"x1":2243,"y1":2642,"width":2040,"height":2640},"pxPerPt":3.3333333333333335,"expectedPxPerPt":3.333333333333333,"pageWidthPt":612,"pageHeightPt":792,"expectedPx":{"width":2039.9999999999998,"height":2639.9999999999995,"tolerancePx":6.666666666666666},"calibrationResidualPx":0,"inkFractionInsidePaper":0.03804088680926916,"nonblank":true,"croppedToThePage":true},{"kind":"boundary","document":"boundary.pdf","page":8,"png":"fl-expunction-set/boundary/page-008.png","bytes":260435,"pngSha256":"78aeac2b23009f661d57ba514e5a1d07abdd600394ba07f6e25ef1a24374f592","pngWidth":2040,"pngHeight":2640,"paper":{"x0":204,"y0":3,"x1":2243,"y1":2642,"width":2040,"height":2640},"pxPerPt":3.3333333333333335,"expectedPxPerPt":3.333333333333333,"pageWidthPt":612,"pageHeightPt":792,"expectedPx":{"width":2039.9999999999998,"height":2639.9999999999995,"tolerancePx":6.666666666666666},"calibrationResidualPx":0,"inkFractionInsidePaper":0.029618612596553774,"nonblank":true,"croppedToThePage":true},{"kind":"boundary","document":"boundary.pdf","page":9,"png":"fl-expunction-set/boundary/page-009.png","bytes":279503,"pngSha256":"5c34e0d6fae73411c42d1a780d322955b327b967c2373bb9eba8a9e0a7b40ab9","pngWidth":2040,"pngHeight":2640,"paper":{"x0":204,"y0":3,"x1":2243,"y1":2642,"width":2040,"height":2640},"pxPerPt":3.3333333333333335,"expectedPxPerPt":3.333333333333333,"pageWidthPt":612,"pageHeightPt":792,"expectedPx":{"width":2039.9999999999998,"height":2639.9999999999995,"tolerancePx":6.666666666666666},"calibrationResidualPx":0,"inkFractionInsidePaper":0.0315316770647653,"nonblank":true,"croppedToThePage":true},{"kind":"boundary","document":"boundary.pdf","page":10,"png":"fl-expunction-set/boundary/page-010.png","bytes":153173,"pngSha256":"21d721085e3c09de2e7a485c482d95ddf6f71d97d013feebd862a475f10d2bc9","pngWidth":2040,"pngHeight":2640,"paper":{"x0":204,"y0":3,"x1":2243,"y1":2642,"width":2040,"height":2640},"pxPerPt":3.3333333333333335,"expectedPxPerPt":3.333333333333333,"pageWidthPt":612,"pageHeightPt":792,"expectedPx":{"width":2039.9999999999998,"height":2639.9999999999995,"tolerancePx":6.666666666666666},"calibrationResidualPx":0,"inkFractionInsidePaper":0.01523544266191325,"nonblank":true,"croppedToThePage":true}],"problems":[],"environmentProblems":[],"whatThisDoesNotDecide":"This is one gate. RASTER_PASS does not make a family PASS_COMPLETE, promotes nothing, and opens no commercial route.","packetPdfsModified":0,"bodiesCommitted":0,"commercialRoutesOpened":0,"productionTouched":false}
fl-expunction-set	Render and measure fl-expunction-set	2026-09-13T12:16:52.7415928Z RCAP_RECEIPT_INVENTORY [{"runId":"34756193839","familyId":"fl-expunction-set","member":"fl-expunction-set/canonical/page-001.png","bytes":284718,"sha256":"37f0a6eeb807bb98763be52a02ea9829465749da692b8472f52181812282224d","pngWidth":2040,"pngHeight":2640},{"runId":"34756193839","familyId":"fl-expunction-set","member":"fl-expunction-set/canonical/page-002.png","bytes":581215,"sha256":"35674412b7c5459b93b6bfdb745414d428a7fe1b27256785117ec2c784dbdf3b","pngWidth":2040,"pngHeight":2640},{"runId":"34756193839","familyId":"fl-expunction-set","member":"fl-expunction-set/canonical/page-003.png","bytes":161326,"sha256":"9c3435ac03d7b6cda0503aeac90a34a3ba22be07d61db54c15518ec923369126","pngWidth":2040,"pngHeight":2640},{"runId":"34756193839","familyId":"fl-expunction-set","member":"fl-expunction-set/canonical/page-004.png","bytes":427459,"sha256":"3c416afa1857683dabbc70fcd233f3859722c67bbba4159b0000237214b0479a","pngWidth":2040,"pngHeight":2640},{"runId":"34756193839","familyId":"fl-expunction-set","member":"fl-expunction-set/canonical/page-005.png","bytes":612253,"sha256":"4004850be84a7febf37a5f3cd2e4ab67a53c3f8adbd79bf7c6177ededd303c55","pngWidth":2040,"pngHeight":2640},{"runId":"34756193839","familyId":"fl-expunction-set","member":"fl-expunction-set/canonical/page-006.png","bytes":514379,"sha256":"1f4dfc295788696159792fd7f0f6e1d5905577d06ea5def46538f9bff09e8731","pngWidth":2040,"pngHeight":2640},{"runId":"34756193839","familyId":"fl-expunction-set","member":"fl-expunction-set/canonical/page-007.png","bytes":325506,"sha256":"07bbc59a56bd17ca09f8a8a45eaad8850f4aa021edb5d2ae541132651b4a35ed","pngWidth":2040,"pngHeight":2640},{"runId":"34756193839","familyId":"fl-expunction-set","member":"fl-expunction-set/canonical/page-008.png","bytes":249583,"sha256":"09d7da7bfe8f2471cef418c873a4ee86b5249fce167bd60ce52dfa72003a67f6","pngWidth":2040,"pngHeight":2640},{"runId":"34756193839","familyId":"fl-expunction-set","member":"fl-expunction-set/canonical/page-009.png","bytes":266780,"sha256":"f3c2e7c4f6e01329ae3c5039aa798e2afbe84e71e231db016184442f55e0ac0b","pngWidth":2040,"pngHeight":2640},{"runId":"34756193839","familyId":"fl-expunction-set","member":"fl-expunction-set/canonical/page-010.png","bytes":144250,"sha256":"0f92e3d3432b4fe775a2ce8e8933760346ee950f2d88dab7829321220e50cf35","pngWidth":2040,"pngHeight":2640},{"runId":"34756193839","familyId":"fl-expunction-set","member":"fl-expunction-set/boundary/page-001.png","bytes":306043,"sha256":"8c6359e46d2edc00d716f5f8bece69be3356f58f278772f617392d765ef1b5b5","pngWidth":2040,"pngHeight":2640},{"runId":"34756193839","familyId":"fl-expunction-set","member":"fl-expunction-set/boundary/page-002.png","bytes":587002,"sha256":"2fb38114ea8764317b41548b3ebf50784374ef6dbd58518e69827b03827f885f","pngWidth":2040,"pngHeight":2640},{"runId":"34756193839","familyId":"fl-expunction-set","member":"fl-expunction-set/boundary/page-003.png","bytes":166407,"sha256":"c941f63d8c0fd8672f80f6f230cca1af702c679d6759f22fc092829fb5b15b5a","pngWidth":2040,"pngHeight":2640},{"runId":"34756193839","familyId":"fl-expunction-set","member":"fl-expunction-set/boundary/page-004.png","bytes":427459,"sha256":"3c416afa1857683dabbc70fcd233f3859722c67bbba4159b0000237214b0479a","pngWidth":2040,"pngHeight":2640},{"runId":"34756193839","familyId":"fl-expunction-set","member":"fl-expunction-set/boundary/page-005.png","bytes":612253,"sha256":"4004850be84a7febf37a5f3cd2e4ab67a53c3f8adbd79bf7c6177ededd303c55","pngWidth":2040,"pngHeight":2640},{"runId":"34756193839","familyId":"fl-expunction-set","member":"fl-expunction-set/boundary/page-006.png","bytes":514379,"sha256":"1f4dfc295788696159792fd7f0f6e1d5905577d06ea5def46538f9bff09e8731","pngWidth":2040,"pngHeight":2640},{"runId":"34756193839","familyId":"fl-expunction-set","member":"fl-expunction-set/boundary/page-007.png","bytes":342866,"sha256":"bb96c962a8ecb3ff104c8661ddf579e1e7f4f70f0b0f34e93490083a9765da9f","pngWidth":2040,"pngHeight":2640},{"runId":"34756193839","familyId":"fl-expunction-set","member":"fl-expunction-set/boundary/page-008.png","bytes":260435,"sha256":"78aeac2b23009f661d57ba514e5a1d07abdd600394ba07f6e25ef1a24374f592","pngWidth":2040,"pngHeight":2640},{"runId":"34756193839","familyId":"fl-expunction-set","member":"fl-expunction-set/boundary/page-009.png","bytes":279503,"sha256":"5c34e0d6fae73411c42d1a780d322955b327b967c2373bb9eba8a9e0a7b40ab9","pngWidth":2040,"pngHeight":2640},{"runId":"34756193839","familyId":"fl-expunction-set","member":"fl-expunction-set/boundary/page-010.png","bytes":153173,"sha256":"21d721085e3c09de2e7a485c482d95ddf6f71d97d013feebd862a475f10d2bc9","pngWidth":2040,"pngHeight":2640}]
fl-expunction-set	Render and measure fl-expunction-set	2026-09-13T12:16:52.7438193Z RCAP_RECEIPT_END family=fl-expunction-set run=34756193839 pages=20
fl-expunction-set	Render and measure fl-expunction-set	2026-09-13T12:16:52.7450067Z RASTER_PASS fl-expunction-set — 2 document(s), 20 page(s) measured, 0 problem(s)
fl-expunction-set	Print the verdict and the page digests to the log	﻿2026-09-13T12:16:52.7550414Z ##[group]Run set -uo pipefail
fl-expunction-set	Print the verdict and the page digests to the log	2026-09-13T12:16:52.7550751Z ^[[36;1mset -uo pipefail^[[0m
fl-expunction-set	Print the verdict and the page digests to the log	2026-09-13T12:16:52.7551033Z ^[[36;1mfor v in raster-out/*.verdict.json; do^[[0m
fl-expunction-set	Print the verdict and the page digests to the log	2026-09-13T12:16:52.7551350Z ^[[36;1m  [ -e "$v" ] || continue^[[0m
fl-expunction-set	Print the verdict and the page digests to the log	2026-09-13T12:16:52.7551661Z ^[[36;1m  echo "===== BEGIN VERDICT $(basename "$v") ====="^[[0m
fl-expunction-set	Print the verdict and the page digests to the log	2026-09-13T12:16:52.7551983Z ^[[36;1m  cat "$v"^[[0m
fl-expunction-set	Print the verdict and the page digests to the log	2026-09-13T12:16:52.7552234Z ^[[36;1m  echo "===== END VERDICT $(basename "$v") ====="^[[0m
fl-expunction-set	Print the verdict and the page digests to the log	2026-09-13T12:16:52.7552536Z ^[[36;1mdone^[[0m
fl-expunction-set	Print the verdict and the page digests to the log	2026-09-13T12:16:52.7552769Z ^[[36;1mecho "===== BEGIN PAGE DIGESTS ====="^[[0m
fl-expunction-set	Print the verdict and the page digests to the log	2026-09-13T12:16:52.7553913Z ^[[36;1mfind raster-out -type f -name '*.png' -print0 | sort -z | xargs -0 -r sha256sum^[[0m
fl-expunction-set	Print the verdict and the page digests to the log	2026-09-13T12:16:52.7554400Z ^[[36;1mecho "===== END PAGE DIGESTS ====="^[[0m
fl-expunction-set	Print the verdict and the page digests to the log	2026-09-13T12:16:52.7594489Z shell: /usr/bin/bash -e {0}
fl-expunction-set	Print the verdict and the page digests to the log	2026-09-13T12:16:52.7594779Z env:
fl-expunction-set	Print the verdict and the page digests to the log	2026-09-13T12:16:52.7595080Z   pythonLocation: /opt/hostedtoolcache/Python/3.12.14/x64
fl-expunction-set	Print the verdict and the page digests to the log	2026-09-13T12:16:52.7595593Z   PKG_CONFIG_PATH: /opt/hostedtoolcache/Python/3.12.14/x64/lib/pkgconfig
fl-expunction-set	Print the verdict and the page digests to the log	2026-09-13T12:16:52.7596153Z   Python_ROOT_DIR: /opt/hostedtoolcache/Python/3.12.14/x64
fl-expunction-set	Print the verdict and the page digests to the log	2026-09-13T12:16:52.7596579Z   Python2_ROOT_DIR: /opt/hostedtoolcache/Python/3.12.14/x64
fl-expunction-set	Print the verdict and the page digests to the log	2026-09-13T12:16:52.7597005Z   Python3_ROOT_DIR: /opt/hostedtoolcache/Python/3.12.14/x64
fl-expunction-set	Print the verdict and the page digests to the log	2026-09-13T12:16:52.7597457Z   LD_LIBRARY_PATH: /opt/hostedtoolcache/Python/3.12.14/x64/lib
fl-expunction-set	Print the verdict and the page digests to the log	2026-09-13T12:16:52.7597916Z   PLAYWRIGHT_BROWSERS_PATH: /home/runner/.cache/ms-playwright
fl-expunction-set	Print the verdict and the page digests to the log	2026-09-13T12:16:52.7598295Z ##[endgroup]
fl-expunction-set	Print the verdict and the page digests to the log	2026-09-13T12:16:52.7675197Z ===== BEGIN VERDICT fl-expunction-set.verdict.json =====
fl-expunction-set	Print the verdict and the page digests to the log	2026-09-13T12:16:52.7684671Z {
fl-expunction-set	Print the verdict and the page digests to the log	2026-09-13T12:16:52.7685380Z   "schemaVersion": "rcap-raster-family-verdict/v1",
fl-expunction-set	Print the verdict and the page digests to the log	2026-09-13T12:16:52.7686003Z   "familyId": "fl-expunction-set",
fl-expunction-set	Print the verdict and the page digests to the log	2026-09-13T12:16:52.7686575Z   "verdict": "RASTER_PASS",
fl-expunction-set	Print the verdict and the page digests to the log	2026-09-13T12:16:52.7687356Z   "packetCommitSha": "68fff2a6ed01d7f01b707bdb2c07526082bad656",
fl-expunction-set	Print the verdict and the page digests to the log	2026-09-13T12:16:52.7688164Z   "workflowRunId": "34756193839",
fl-expunction-set	Print the verdict and the page digests to the log	2026-09-13T12:16:52.7688736Z   "requestedScale": 2.5,
fl-expunction-set	Print the verdict and the page digests to the log	2026-09-13T12:16:52.7689293Z   "cssPxPerPt": 1.3333333333333333,
fl-expunction-set	Print the verdict and the page digests to the log	2026-09-13T12:16:52.7690380Z   "browserExecutable": "/home/runner/.cache/ms-playwright/chromium-1223/chrome-linux64/chrome",
fl-expunction-set	Print the verdict and the page digests to the log	2026-09-13T12:16:52.7691335Z   "resolvedBy": "PLAYWRIGHT_BROWSERS_PATH",
fl-expunction-set	Print the verdict and the page digests to the log	2026-09-13T12:16:52.7692071Z   "operatingSystem": "Linux 6.17.0-1022-azure x64",
fl-expunction-set	Print the verdict and the page digests to the log	2026-09-13T12:16:52.7692495Z   "nodeVersion": "v22.23.2",
fl-expunction-set	Print the verdict and the page digests to the log	2026-09-13T12:16:52.7692804Z   "hashesBound": {
fl-expunction-set	Print the verdict and the page digests to the log	2026-09-13T12:16:52.7693076Z     "canonical": {
fl-expunction-set	Print the verdict and the page digests to the log	2026-09-13T12:16:52.7694051Z       "path": "data/rcap-all50/overlays/census-v1/fl/fl-expunction-set--official-pdf-fill/fixtures/canonical.pdf",
fl-expunction-set	Print the verdict and the page digests to the log	2026-09-13T12:16:52.7695024Z       "pinned": "d4ae558c7bab2beba6c529a6cfdaa13cd480cc98f422f1e0545ab85b127ab436"
fl-expunction-set	Print the verdict and the page digests to the log	2026-09-13T12:16:52.7695561Z     },
fl-expunction-set	Print the verdict and the page digests to the log	2026-09-13T12:16:52.7695797Z     "boundary": {
fl-expunction-set	Print the verdict and the page digests to the log	2026-09-13T12:16:52.7696474Z       "path": "data/rcap-all50/overlays/census-v1/fl/fl-expunction-set--official-pdf-fill/fixtures/boundary.pdf",
fl-expunction-set	Print the verdict and the page digests to the log	2026-09-13T12:16:52.7697408Z       "pinned": "efbeff7d0b1dc8d65122b2f7a8c08fd973f669f4922e1745b51853b08ffdeb0d"
fl-expunction-set	Print the verdict and the page digests to the log	2026-09-13T12:16:52.7697926Z     }
fl-expunction-set	Print the verdict and the page digests to the log	2026-09-13T12:16:52.7698151Z   },
fl-expunction-set	Print the verdict and the page digests to the log	2026-09-13T12:16:52.7698399Z   "documentsRendered": [
fl-expunction-set	Print the verdict and the page digests to the log	2026-09-13T12:16:52.7698684Z     {
fl-expunction-set	Print the verdict and the page digests to the log	2026-09-13T12:16:52.7698926Z       "role": "canonical",
fl-expunction-set	Print the verdict and the page digests to the log	2026-09-13T12:16:52.7699270Z       "document": "canonical.pdf",
fl-expunction-set	Print the verdict and the page digests to the log	2026-09-13T12:16:52.7700198Z       "path": "data/rcap-all50/overlays/census-v1/fl/fl-expunction-set--official-pdf-fill/fixtures/canonical.pdf",
fl-expunction-set	Print the verdict and the page digests to the log	2026-09-13T12:16:52.7701686Z       "pinned": "d4ae558c7bab2beba6c529a6cfdaa13cd480cc98f422f1e0545ab85b127ab436"
fl-expunction-set	Print the verdict and the page digests to the log	2026-09-13T12:16:52.7702529Z     },
fl-expunction-set	Print the verdict and the page digests to the log	2026-09-13T12:16:52.7702882Z     {
fl-expunction-set	Print the verdict and the page digests to the log	2026-09-13T12:16:52.7703460Z       "role": "boundary",
fl-expunction-set	Print the verdict and the page digests to the log	2026-09-13T12:16:52.7703907Z       "document": "boundary.pdf",
fl-expunction-set	Print the verdict and the page digests to the log	2026-09-13T12:16:52.7704886Z       "path": "data/rcap-all50/overlays/census-v1/fl/fl-expunction-set--official-pdf-fill/fixtures/boundary.pdf",
fl-expunction-set	Print the verdict and the page digests to the log	2026-09-13T12:16:52.7706114Z       "pinned": "efbeff7d0b1dc8d65122b2f7a8c08fd973f669f4922e1745b51853b08ffdeb0d"
fl-expunction-set	Print the verdict and the page digests to the log	2026-09-13T12:16:52.7707101Z     }
fl-expunction-set	Print the verdict and the page digests to the log	2026-09-13T12:16:52.7707426Z   ],
fl-expunction-set	Print the verdict and the page digests to the log	2026-09-13T12:16:52.7708142Z   "documentsDigest": "504e275acff66c0b3bcaf522caa676a6887feb8fdd3a47cc1c26b7ddd2148722",
fl-expunction-set	Print the verdict and the page digests to the log	2026-09-13T12:16:52.7709008Z   "coversTheWholeFamily": true,
fl-expunction-set	Print the verdict and the page digests to the log	2026-09-13T12:16:52.7709622Z   "decryptionTransforms": [],
fl-expunction-set	Print the verdict and the page digests to the log	2026-09-13T12:16:52.7712864Z   "decryptionRule": "An encrypted source is hashed before any transform; Poppler and qpdf must independently agree on its page count; the temporary derivative is decrypted and serialized with explicit objects, then admitted only when geometry, decoded page content, fields/widgets, and XFA remain identical; only that temporary transport is passed to pdf-lib for calibrated rendering; the queued packet bytes are never modified.",
fl-expunction-set	Print the verdict and the page digests to the log	2026-09-13T12:16:52.7716142Z   "pagesMeasured": 20,
fl-expunction-set	Print the verdict and the page digests to the log	2026-09-13T12:16:52.7716532Z   "measurements": [
fl-expunction-set	Print the verdict and the page digests to the log	2026-09-13T12:16:52.7716879Z     {
fl-expunction-set	Print the verdict and the page digests to the log	2026-09-13T12:16:52.7717226Z       "kind": "canonical",
fl-expunction-set	Print the verdict and the page digests to the log	2026-09-13T12:16:52.7717733Z       "document": "canonical.pdf",
fl-expunction-set	Print the verdict and the page digests to the log	2026-09-13T12:16:52.7718191Z       "page": 1,
fl-expunction-set	Print the verdict and the page digests to the log	2026-09-13T12:16:52.7718732Z       "png": "fl-expunction-set/canonical/page-001.png",
fl-expunction-set	Print the verdict and the page digests to the log	2026-09-13T12:16:52.7719295Z       "bytes": 284718,
fl-expunction-set	Print the verdict and the page digests to the log	2026-09-13T12:16:52.7720020Z       "pngSha256": "37f0a6eeb807bb98763be52a02ea9829465749da692b8472f52181812282224d",
fl-expunction-set	Print the verdict and the page digests to the log	2026-09-13T12:16:52.7720766Z       "pngWidth": 2040,
fl-expunction-set	Print the verdict and the page digests to the log	2026-09-13T12:16:52.7721172Z       "pngHeight": 2640,
fl-expunction-set	Print the verdict and the page digests to the log	2026-09-13T12:16:52.7721592Z       "paper": {
fl-expunction-set	Print the verdict and the page digests to the log	2026-09-13T12:16:52.7721982Z         "x0": 204,
fl-expunction-set	Print the verdict and the page digests to the log	2026-09-13T12:16:52.7722371Z         "y0": 3,
fl-expunction-set	Print the verdict and the page digests to the log	2026-09-13T12:16:52.7722737Z         "x1": 2243,
fl-expunction-set	Print the verdict and the page digests to the log	2026-09-13T12:16:52.7723104Z         "y1": 2642,
fl-expunction-set	Print the verdict and the page digests to the log	2026-09-13T12:16:52.7724199Z         "width": 2040,
fl-expunction-set	Print the verdict and the page digests to the log	2026-09-13T12:16:52.7724587Z         "height": 2640
fl-expunction-set	Print the verdict and the page digests to the log	2026-09-13T12:16:52.7724941Z       },
fl-expunction-set	Print the verdict and the page digests to the log	2026-09-13T12:16:52.7725353Z       "pxPerPt": 3.3333333333333335,
fl-expunction-set	Print the verdict and the page digests to the log	2026-09-13T12:16:52.7725676Z       "expectedPxPerPt": 3.333333333333333,
fl-expunction-set	Print the verdict and the page digests to the log	2026-09-13T12:16:52.7725988Z       "pageWidthPt": 612,
fl-expunction-set	Print the verdict and the page digests to the log	2026-09-13T12:16:52.7726239Z       "pageHeightPt": 792,
fl-expunction-set	Print the verdict and the page digests to the log	2026-09-13T12:16:52.7726468Z       "expectedPx": {
fl-expunction-set	Print the verdict and the page digests to the log	2026-09-13T12:16:52.7726707Z         "width": 2039.9999999999998,
fl-expunction-set	Print the verdict and the page digests to the log	2026-09-13T12:16:52.7726982Z         "height": 2639.9999999999995,
fl-expunction-set	Print the verdict and the page digests to the log	2026-09-13T12:16:52.7727269Z         "tolerancePx": 6.666666666666666
fl-expunction-set	Print the verdict and the page digests to the log	2026-09-13T12:16:52.7727523Z       },
fl-expunction-set	Print the verdict and the page digests to the log	2026-09-13T12:16:52.7727741Z       "calibrationResidualPx": 0,
fl-expunction-set	Print the verdict and the page digests to the log	2026-09-13T12:16:52.7728060Z       "inkFractionInsidePaper": 0.06434529114676174,
fl-expunction-set	Print the verdict and the page digests to the log	2026-09-13T12:16:52.7728363Z       "nonblank": true,
fl-expunction-set	Print the verdict and the page digests to the log	2026-09-13T12:16:52.7728611Z       "croppedToThePage": true
fl-expunction-set	Print the verdict and the page digests to the log	2026-09-13T12:16:52.7728849Z     },
fl-expunction-set	Print the verdict and the page digests to the log	2026-09-13T12:16:52.7729024Z     {
fl-expunction-set	Print the verdict and the page digests to the log	2026-09-13T12:16:52.7729210Z       "kind": "canonical",
fl-expunction-set	Print the verdict and the page digests to the log	2026-09-13T12:16:52.7729475Z       "document": "canonical.pdf",
fl-expunction-set	Print the verdict and the page digests to the log	2026-09-13T12:16:52.7729726Z       "page": 2,
fl-expunction-set	Print the verdict and the page digests to the log	2026-09-13T12:16:52.7730012Z       "png": "fl-expunction-set/canonical/page-002.png",
fl-expunction-set	Print the verdict and the page digests to the log	2026-09-13T12:16:52.7730335Z       "bytes": 581215,
fl-expunction-set	Print the verdict and the page digests to the log	2026-09-13T12:16:52.7730728Z       "pngSha256": "35674412b7c5459b93b6bfdb745414d428a7fe1b27256785117ec2c784dbdf3b",
fl-expunction-set	Print the verdict and the page digests to the log	2026-09-13T12:16:52.7731142Z       "pngWidth": 2040,
fl-expunction-set	Print the verdict and the page digests to the log	2026-09-13T12:16:52.7731367Z       "pngHeight": 2640,
fl-expunction-set	Print the verdict and the page digests to the log	2026-09-13T12:16:52.7731588Z       "paper": {
fl-expunction-set	Print the verdict and the page digests to the log	2026-09-13T12:16:52.7731784Z         "x0": 204,
fl-expunction-set	Print the verdict and the page digests to the log	2026-09-13T12:16:52.7731982Z         "y0": 3,
fl-expunction-set	Print the verdict and the page digests to the log	2026-09-13T12:16:52.7732171Z         "x1": 2243,
fl-expunction-set	Print the verdict and the page digests to the log	2026-09-13T12:16:52.7732363Z         "y1": 2642,
fl-expunction-set	Print the verdict and the page digests to the log	2026-09-13T12:16:52.7732558Z         "width": 2040,
fl-expunction-set	Print the verdict and the page digests to the log	2026-09-13T12:16:52.7732767Z         "height": 2640
fl-expunction-set	Print the verdict and the page digests to the log	2026-09-13T12:16:52.7732966Z       },
fl-expunction-set	Print the verdict and the page digests to the log	2026-09-13T12:16:52.7733511Z       "pxPerPt": 3.3333333333333335,
fl-expunction-set	Print the verdict and the page digests to the log	2026-09-13T12:16:52.7733919Z       "expectedPxPerPt": 3.333333333333333,
fl-expunction-set	Print the verdict and the page digests to the log	2026-09-13T12:16:52.7734230Z       "pageWidthPt": 612,
fl-expunction-set	Print the verdict and the page digests to the log	2026-09-13T12:16:52.7734479Z       "pageHeightPt": 792,
fl-expunction-set	Print the verdict and the page digests to the log	2026-09-13T12:16:52.7734714Z       "expectedPx": {
fl-expunction-set	Print the verdict and the page digests to the log	2026-09-13T12:16:52.7734962Z         "width": 2039.9999999999998,
fl-expunction-set	Print the verdict and the page digests to the log	2026-09-13T12:16:52.7735252Z         "height": 2639.9999999999995,
fl-expunction-set	Print the verdict and the page digests to the log	2026-09-13T12:16:52.7735949Z         "tolerancePx": 6.666666666666666
fl-expunction-set	Print the verdict and the page digests to the log	2026-09-13T12:16:52.7736216Z       },
fl-expunction-set	Print the verdict and the page digests to the log	2026-09-13T12:16:52.7736440Z       "calibrationResidualPx": 0,
fl-expunction-set	Print the verdict and the page digests to the log	2026-09-13T12:16:52.7736765Z       "inkFractionInsidePaper": 0.09841299019607844,
fl-expunction-set	Print the verdict and the page digests to the log	2026-09-13T12:16:52.7737068Z       "nonblank": true,
fl-expunction-set	Print the verdict and the page digests to the log	2026-09-13T12:16:52.7737327Z       "croppedToThePage": true
fl-expunction-set	Print the verdict and the page digests to the log	2026-09-13T12:16:52.7737562Z     },
fl-expunction-set	Print the verdict and the page digests to the log	2026-09-13T12:16:52.7737736Z     {
fl-expunction-set	Print the verdict and the page digests to the log	2026-09-13T12:16:52.7737926Z       "kind": "canonical",
fl-expunction-set	Print the verdict and the page digests to the log	2026-09-13T12:16:52.7738185Z       "document": "canonical.pdf",
fl-expunction-set	Print the verdict and the page digests to the log	2026-09-13T12:16:52.7738432Z       "page": 3,
fl-expunction-set	Print the verdict and the page digests to the log	2026-09-13T12:16:52.7739011Z       "png": "fl-expunction-set/canonical/page-003.png",
fl-expunction-set	Print the verdict and the page digests to the log	2026-09-13T12:16:52.7739327Z       "bytes": 161326,
fl-expunction-set	Print the verdict and the page digests to the log	2026-09-13T12:16:52.7739732Z       "pngSha256": "9c3435ac03d7b6cda0503aeac90a34a3ba22be07d61db54c15518ec923369126",
fl-expunction-set	Print the verdict and the page digests to the log	2026-09-13T12:16:52.7740162Z       "pngWidth": 2040,
fl-expunction-set	Print the verdict and the page digests to the log	2026-09-13T12:16:52.7740388Z       "pngHeight": 2640,
fl-expunction-set	Print the verdict and the page digests to the log	2026-09-13T12:16:52.7740611Z       "paper": {
fl-expunction-set	Print the verdict and the page digests to the log	2026-09-13T12:16:52.7740813Z         "x0": 204,
fl-expunction-set	Print the verdict and the page digests to the log	2026-09-13T12:16:52.7741009Z         "y0": 3,
fl-expunction-set	Print the verdict and the page digests to the log	2026-09-13T12:16:52.7741197Z         "x1": 2243,
fl-expunction-set	Print the verdict and the page digests to the log	2026-09-13T12:16:52.7741386Z         "y1": 2642,
fl-expunction-set	Print the verdict and the page digests to the log	2026-09-13T12:16:52.7741577Z         "width": 2040,
fl-expunction-set	Print the verdict and the page digests to the log	2026-09-13T12:16:52.7741781Z         "height": 2640
fl-expunction-set	Print the verdict and the page digests to the log	2026-09-13T12:16:52.7741983Z       },
fl-expunction-set	Print the verdict and the page digests to the log	2026-09-13T12:16:52.7742197Z       "pxPerPt": 3.3333333333333335,
fl-expunction-set	Print the verdict and the page digests to the log	2026-09-13T12:16:52.7742495Z       "expectedPxPerPt": 3.333333333333333,
fl-expunction-set	Print the verdict and the page digests to the log	2026-09-13T12:16:52.7742775Z       "pageWidthPt": 612,
fl-expunction-set	Print the verdict and the page digests to the log	2026-09-13T12:16:52.7743005Z       "pageHeightPt": 792,
fl-expunction-set	Print the verdict and the page digests to the log	2026-09-13T12:16:52.7743534Z       "expectedPx": {
fl-expunction-set	Print the verdict and the page digests to the log	2026-09-13T12:16:52.7743799Z         "width": 2039.9999999999998,
fl-expunction-set	Print the verdict and the page digests to the log	2026-09-13T12:16:52.7744081Z         "height": 2639.9999999999995,
fl-expunction-set	Print the verdict and the page digests to the log	2026-09-13T12:16:52.7744361Z         "tolerancePx": 6.666666666666666
fl-expunction-set	Print the verdict and the page digests to the log	2026-09-13T12:16:52.7744608Z       },
fl-expunction-set	Print the verdict and the page digests to the log	2026-09-13T12:16:52.7744818Z       "calibrationResidualPx": 0,
fl-expunction-set	Print the verdict and the page digests to the log	2026-09-13T12:16:52.7745131Z       "inkFractionInsidePaper": 0.027567401960784315,
fl-expunction-set	Print the verdict and the page digests to the log	2026-09-13T12:16:52.7745436Z       "nonblank": true,
fl-expunction-set	Print the verdict and the page digests to the log	2026-09-13T12:16:52.7745892Z       "croppedToThePage": true
fl-expunction-set	Print the verdict and the page digests to the log	2026-09-13T12:16:52.7746306Z     },
fl-expunction-set	Print the verdict and the page digests to the log	2026-09-13T12:16:52.7746611Z     {
fl-expunction-set	Print the verdict and the page digests to the log	2026-09-13T12:16:52.7746924Z       "kind": "canonical",
fl-expunction-set	Print the verdict and the page digests to the log	2026-09-13T12:16:52.7747276Z       "document": "canonical.pdf",
fl-expunction-set	Print the verdict and the page digests to the log	2026-09-13T12:16:52.7747527Z       "page": 4,
fl-expunction-set	Print the verdict and the page digests to the log	2026-09-13T12:16:52.7747812Z       "png": "fl-expunction-set/canonical/page-004.png",
fl-expunction-set	Print the verdict and the page digests to the log	2026-09-13T12:16:52.7748116Z       "bytes": 427459,
fl-expunction-set	Print the verdict and the page digests to the log	2026-09-13T12:16:52.7748507Z       "pngSha256": "3c416afa1857683dabbc70fcd233f3859722c67bbba4159b0000237214b0479a",
fl-expunction-set	Print the verdict and the page digests to the log	2026-09-13T12:16:52.7748919Z       "pngWidth": 2040,
fl-expunction-set	Print the verdict and the page digests to the log	2026-09-13T12:16:52.7749143Z       "pngHeight": 2640,
fl-expunction-set	Print the verdict and the page digests to the log	2026-09-13T12:16:52.7749364Z       "paper": {
fl-expunction-set	Print the verdict and the page digests to the log	2026-09-13T12:16:52.7749553Z         "x0": 204,
fl-expunction-set	Print the verdict and the page digests to the log	2026-09-13T12:16:52.7749748Z         "y0": 3,
fl-expunction-set	Print the verdict and the page digests to the log	2026-09-13T12:16:52.7749931Z         "x1": 2243,
fl-expunction-set	Print the verdict and the page digests to the log	2026-09-13T12:16:52.7750172Z         "y1": 2642,
fl-expunction-set	Print the verdict and the page digests to the log	2026-09-13T12:16:52.7750528Z         "width": 2040,
fl-expunction-set	Print the verdict and the page digests to the log	2026-09-13T12:16:52.7750890Z         "height": 2640
fl-expunction-set	Print the verdict and the page digests to the log	2026-09-13T12:16:52.7751235Z       },
fl-expunction-set	Print the verdict and the page digests to the log	2026-09-13T12:16:52.7751468Z       "pxPerPt": 3.3333333333333335,
fl-expunction-set	Print the verdict and the page digests to the log	2026-09-13T12:16:52.7751971Z       "expectedPxPerPt": 3.333333333333333,
fl-expunction-set	Print the verdict and the page digests to the log	2026-09-13T12:16:52.7752451Z       "pageWidthPt": 612,
fl-expunction-set	Print the verdict and the page digests to the log	2026-09-13T12:16:52.7752759Z       "pageHeightPt": 792,
fl-expunction-set	Print the verdict and the page digests to the log	2026-09-13T12:16:52.7753006Z       "expectedPx": {
fl-expunction-set	Print the verdict and the page digests to the log	2026-09-13T12:16:52.7753595Z         "width": 2039.9999999999998,
fl-expunction-set	Print the verdict and the page digests to the log	2026-09-13T12:16:52.7753887Z         "height": 2639.9999999999995,
fl-expunction-set	Print the verdict and the page digests to the log	2026-09-13T12:16:52.7754171Z         "tolerancePx": 6.666666666666666
fl-expunction-set	Print the verdict and the page digests to the log	2026-09-13T12:16:52.7754426Z       },
fl-expunction-set	Print the verdict and the page digests to the log	2026-09-13T12:16:52.7754644Z       "calibrationResidualPx": 0,
fl-expunction-set	Print the verdict and the page digests to the log	2026-09-13T12:16:52.7754981Z       "inkFractionInsidePaper": 0.06636103683897801,
fl-expunction-set	Print the verdict and the page digests to the log	2026-09-13T12:16:52.7755462Z       "nonblank": true,
fl-expunction-set	Print the verdict and the page digests to the log	2026-09-13T12:16:52.7755887Z       "croppedToThePage": true
fl-expunction-set	Print the verdict and the page digests to the log	2026-09-13T12:16:52.7756248Z     },
fl-expunction-set	Print the verdict and the page digests to the log	2026-09-13T12:16:52.7756451Z     {
fl-expunction-set	Print the verdict and the page digests to the log	2026-09-13T12:16:52.7756638Z       "kind": "canonical",
fl-expunction-set	Print the verdict and the page digests to the log	2026-09-13T12:16:52.7756892Z       "document": "canonical.pdf",
fl-expunction-set	Print the verdict and the page digests to the log	2026-09-13T12:16:52.7757319Z       "page": 5,
fl-expunction-set	Print the verdict and the page digests to the log	2026-09-13T12:16:52.7757613Z       "png": "fl-expunction-set/canonical/page-005.png",
fl-expunction-set	Print the verdict and the page digests to the log	2026-09-13T12:16:52.7757933Z       "bytes": 612253,
fl-expunction-set	Print the verdict and the page digests to the log	2026-09-13T12:16:52.7758343Z       "pngSha256": "4004850be84a7febf37a5f3cd2e4ab67a53c3f8adbd79bf7c6177ededd303c55",
fl-expunction-set	Print the verdict and the page digests to the log	2026-09-13T12:16:52.7758769Z       "pngWidth": 2040,
fl-expunction-set	Print the verdict and the page digests to the log	2026-09-13T12:16:52.7758987Z       "pngHeight": 2640,
fl-expunction-set	Print the verdict and the page digests to the log	2026-09-13T12:16:52.7759201Z       "paper": {
fl-expunction-set	Print the verdict and the page digests to the log	2026-09-13T12:16:52.7759399Z         "x0": 204,
fl-expunction-set	Print the verdict and the page digests to the log	2026-09-13T12:16:52.7759589Z         "y0": 3,
fl-expunction-set	Print the verdict and the page digests to the log	2026-09-13T12:16:52.7759888Z         "x1": 2243,
fl-expunction-set	Print the verdict and the page digests to the log	2026-09-13T12:16:52.7760407Z         "y1": 2642,
fl-expunction-set	Print the verdict and the page digests to the log	2026-09-13T12:16:52.7760748Z         "width": 2040,
fl-expunction-set	Print the verdict and the page digests to the log	2026-09-13T12:16:52.7760998Z         "height": 2640
fl-expunction-set	Print the verdict and the page digests to the log	2026-09-13T12:16:52.7761202Z       },
fl-expunction-set	Print the verdict and the page digests to the log	2026-09-13T12:16:52.7761425Z       "pxPerPt": 3.3333333333333335,
fl-expunction-set	Print the verdict and the page digests to the log	2026-09-13T12:16:52.7761718Z       "expectedPxPerPt": 3.333333333333333,
fl-expunction-set	Print the verdict and the page digests to the log	2026-09-13T12:16:52.7761997Z       "pageWidthPt": 612,
fl-expunction-set	Print the verdict and the page digests to the log	2026-09-13T12:16:52.7762231Z       "pageHeightPt": 792,
fl-expunction-set	Print the verdict and the page digests to the log	2026-09-13T12:16:52.7762465Z       "expectedPx": {
fl-expunction-set	Print the verdict and the page digests to the log	2026-09-13T12:16:52.7762699Z         "width": 2039.9999999999998,
fl-expunction-set	Print the verdict and the page digests to the log	2026-09-13T12:16:52.7762976Z         "height": 2639.9999999999995,
fl-expunction-set	Print the verdict and the page digests to the log	2026-09-13T12:16:52.7763586Z         "tolerancePx": 6.666666666666666
fl-expunction-set	Print the verdict and the page digests to the log	2026-09-13T12:16:52.7763857Z       },
fl-expunction-set	Print the verdict and the page digests to the log	2026-09-13T12:16:52.7764132Z       "calibrationResidualPx": 0,
fl-expunction-set	Print the verdict and the page digests to the log	2026-09-13T12:16:52.7764706Z       "inkFractionInsidePaper": 0.0663794191919192,
fl-expunction-set	Print the verdict and the page digests to the log	2026-09-13T12:16:52.7765230Z       "nonblank": true,
fl-expunction-set	Print the verdict and the page digests to the log	2026-09-13T12:16:52.7765523Z       "croppedToThePage": true
fl-expunction-set	Print the verdict and the page digests to the log	2026-09-13T12:16:52.7765756Z     },
fl-expunction-set	Print the verdict and the page digests to the log	2026-09-13T12:16:52.7765935Z     {
fl-expunction-set	Print the verdict and the page digests to the log	2026-09-13T12:16:52.7766118Z       "kind": "canonical",
fl-expunction-set	Print the verdict and the page digests to the log	2026-09-13T12:16:52.7766376Z       "document": "canonical.pdf",
fl-expunction-set	Print the verdict and the page digests to the log	2026-09-13T12:16:52.7766634Z       "page": 6,
fl-expunction-set	Print the verdict and the page digests to the log	2026-09-13T12:16:52.7767096Z       "png": "fl-expunction-set/canonical/page-006.png",
fl-expunction-set	Print the verdict and the page digests to the log	2026-09-13T12:16:52.7767624Z       "bytes": 514379,
fl-expunction-set	Print the verdict and the page digests to the log	2026-09-13T12:16:52.7768172Z       "pngSha256": "1f4dfc295788696159792fd7f0f6e1d5905577d06ea5def46538f9bff09e8731",
fl-expunction-set	Print the verdict and the page digests to the log	2026-09-13T12:16:52.7768597Z       "pngWidth": 2040,
fl-expunction-set	Print the verdict and the page digests to the log	2026-09-13T12:16:52.7768841Z       "pngHeight": 2640,
fl-expunction-set	Print the verdict and the page digests to the log	2026-09-13T12:16:52.7769237Z       "paper": {
fl-expunction-set	Print the verdict and the page digests to the log	2026-09-13T12:16:52.7769576Z         "x0": 204,
fl-expunction-set	Print the verdict and the page digests to the log	2026-09-13T12:16:52.7769901Z         "y0": 3,
fl-expunction-set	Print the verdict and the page digests to the log	2026-09-13T12:16:52.7770195Z         "x1": 2243,
fl-expunction-set	Print the verdict and the page digests to the log	2026-09-13T12:16:52.7770392Z         "y1": 2642,
fl-expunction-set	Print the verdict and the page digests to the log	2026-09-13T12:16:52.7770585Z         "width": 2040,
fl-expunction-set	Print the verdict and the page digests to the log	2026-09-13T12:16:52.7770793Z         "height": 2640
fl-expunction-set	Print the verdict and the page digests to the log	2026-09-13T12:16:52.7770988Z       },
fl-expunction-set	Print the verdict and the page digests to the log	2026-09-13T12:16:52.7771257Z       "pxPerPt": 3.3333333333333335,
fl-expunction-set	Print the verdict and the page digests to the log	2026-09-13T12:16:52.7771777Z       "expectedPxPerPt": 3.333333333333333,
fl-expunction-set	Print the verdict and the page digests to the log	2026-09-13T12:16:52.7772280Z       "pageWidthPt": 612,
fl-expunction-set	Print the verdict and the page digests to the log	2026-09-13T12:16:52.7772638Z       "pageHeightPt": 792,
fl-expunction-set	Print the verdict and the page digests to the log	2026-09-13T12:16:52.7773056Z       "expectedPx": {
fl-expunction-set	Print the verdict and the page digests to the log	2026-09-13T12:16:52.7773635Z         "width": 2039.9999999999998,
fl-expunction-set	Print the verdict and the page digests to the log	2026-09-13T12:16:52.7774008Z         "height": 2639.9999999999995,
fl-expunction-set	Print the verdict and the page digests to the log	2026-09-13T12:16:52.7774445Z         "tolerancePx": 6.666666666666666
fl-expunction-set	Print the verdict and the page digests to the log	2026-09-13T12:16:52.7774891Z       },
fl-expunction-set	Print the verdict and the page digests to the log	2026-09-13T12:16:52.7775282Z       "calibrationResidualPx": 0,
fl-expunction-set	Print the verdict and the page digests to the log	2026-09-13T12:16:52.7775626Z       "inkFractionInsidePaper": 0.07512737670825906,
fl-expunction-set	Print the verdict and the page digests to the log	2026-09-13T12:16:52.7775933Z       "nonblank": true,
fl-expunction-set	Print the verdict and the page digests to the log	2026-09-13T12:16:52.7776188Z       "croppedToThePage": true
fl-expunction-set	Print the verdict and the page digests to the log	2026-09-13T12:16:52.7776420Z     },
fl-expunction-set	Print the verdict and the page digests to the log	2026-09-13T12:16:52.7776765Z     {
fl-expunction-set	Print the verdict and the page digests to the log	2026-09-13T12:16:52.7777090Z       "kind": "canonical",
fl-expunction-set	Print the verdict and the page digests to the log	2026-09-13T12:16:52.7777535Z       "document": "canonical.pdf",
fl-expunction-set	Print the verdict and the page digests to the log	2026-09-13T12:16:52.7777824Z       "page": 7,
fl-expunction-set	Print the verdict and the page digests to the log	2026-09-13T12:16:52.7778116Z       "png": "fl-expunction-set/canonical/page-007.png",
fl-expunction-set	Print the verdict and the page digests to the log	2026-09-13T12:16:52.7778431Z       "bytes": 325506,
fl-expunction-set	Print the verdict and the page digests to the log	2026-09-13T12:16:52.7778830Z       "pngSha256": "07bbc59a56bd17ca09f8a8a45eaad8850f4aa021edb5d2ae541132651b4a35ed",
fl-expunction-set	Print the verdict and the page digests to the log	2026-09-13T12:16:52.7779254Z       "pngWidth": 2040,
fl-expunction-set	Print the verdict and the page digests to the log	2026-09-13T12:16:52.7779479Z       "pngHeight": 2640,
fl-expunction-set	Print the verdict and the page digests to the log	2026-09-13T12:16:52.7779693Z       "paper": {
fl-expunction-set	Print the verdict and the page digests to the log	2026-09-13T12:16:52.7779886Z         "x0": 204,
fl-expunction-set	Print the verdict and the page digests to the log	2026-09-13T12:16:52.7780076Z         "y0": 3,
fl-expunction-set	Print the verdict and the page digests to the log	2026-09-13T12:16:52.7780435Z         "x1": 2243,
fl-expunction-set	Print the verdict and the page digests to the log	2026-09-13T12:16:52.7780635Z         "y1": 2642,
fl-expunction-set	Print the verdict and the page digests to the log	2026-09-13T12:16:52.7780905Z         "width": 2040,
fl-expunction-set	Print the verdict and the page digests to the log	2026-09-13T12:16:52.7781288Z         "height": 2640
fl-expunction-set	Print the verdict and the page digests to the log	2026-09-13T12:16:52.7781628Z       },
fl-expunction-set	Print the verdict and the page digests to the log	2026-09-13T12:16:52.7781994Z       "pxPerPt": 3.3333333333333335,
fl-expunction-set	Print the verdict and the page digests to the log	2026-09-13T12:16:52.7782433Z       "expectedPxPerPt": 3.333333333333333,
fl-expunction-set	Print the verdict and the page digests to the log	2026-09-13T12:16:52.7782918Z       "pageWidthPt": 612,
fl-expunction-set	Print the verdict and the page digests to the log	2026-09-13T12:16:52.7783437Z       "pageHeightPt": 792,
fl-expunction-set	Print the verdict and the page digests to the log	2026-09-13T12:16:52.7783673Z       "expectedPx": {
fl-expunction-set	Print the verdict and the page digests to the log	2026-09-13T12:16:52.7783911Z         "width": 2039.9999999999998,
fl-expunction-set	Print the verdict and the page digests to the log	2026-09-13T12:16:52.7784335Z         "height": 2639.9999999999995,
fl-expunction-set	Print the verdict and the page digests to the log	2026-09-13T12:16:52.7784614Z         "tolerancePx": 6.666666666666666
fl-expunction-set	Print the verdict and the page digests to the log	2026-09-13T12:16:52.7784864Z       },
fl-expunction-set	Print the verdict and the page digests to the log	2026-09-13T12:16:52.7785076Z       "calibrationResidualPx": 0,
fl-expunction-set	Print the verdict and the page digests to the log	2026-09-13T12:16:52.7785390Z       "inkFractionInsidePaper": 0.03586657011289364,
fl-expunction-set	Print the verdict and the page digests to the log	2026-09-13T12:16:52.7785685Z       "nonblank": true,
fl-expunction-set	Print the verdict and the page digests to the log	2026-09-13T12:16:52.7786069Z       "croppedToThePage": true
fl-expunction-set	Print the verdict and the page digests to the log	2026-09-13T12:16:52.7786486Z     },
fl-expunction-set	Print the verdict and the page digests to the log	2026-09-13T12:16:52.7786778Z     {
fl-expunction-set	Print the verdict and the page digests to the log	2026-09-13T12:16:52.7787074Z       "kind": "canonical",
fl-expunction-set	Print the verdict and the page digests to the log	2026-09-13T12:16:52.7787339Z       "document": "canonical.pdf",
fl-expunction-set	Print the verdict and the page digests to the log	2026-09-13T12:16:52.7787581Z       "page": 8,
fl-expunction-set	Print the verdict and the page digests to the log	2026-09-13T12:16:52.7787853Z       "png": "fl-expunction-set/canonical/page-008.png",
fl-expunction-set	Print the verdict and the page digests to the log	2026-09-13T12:16:52.7788160Z       "bytes": 249583,
fl-expunction-set	Print the verdict and the page digests to the log	2026-09-13T12:16:52.7788557Z       "pngSha256": "09d7da7bfe8f2471cef418c873a4ee86b5249fce167bd60ce52dfa72003a67f6",
fl-expunction-set	Print the verdict and the page digests to the log	2026-09-13T12:16:52.7788973Z       "pngWidth": 2040,
fl-expunction-set	Print the verdict and the page digests to the log	2026-09-13T12:16:52.7789187Z       "pngHeight": 2640,
fl-expunction-set	Print the verdict and the page digests to the log	2026-09-13T12:16:52.7789404Z       "paper": {
fl-expunction-set	Print the verdict and the page digests to the log	2026-09-13T12:16:52.7789594Z         "x0": 204,
fl-expunction-set	Print the verdict and the page digests to the log	2026-09-13T12:16:52.7789786Z         "y0": 3,
fl-expunction-set	Print the verdict and the page digests to the log	2026-09-13T12:16:52.7789969Z         "x1": 2243,
fl-expunction-set	Print the verdict and the page digests to the log	2026-09-13T12:16:52.7790158Z         "y1": 2642,
fl-expunction-set	Print the verdict and the page digests to the log	2026-09-13T12:16:52.7790352Z         "width": 2040,
fl-expunction-set	Print the verdict and the page digests to the log	2026-09-13T12:16:52.7790755Z         "height": 2640
fl-expunction-set	Print the verdict and the page digests to the log	2026-09-13T12:16:52.7791097Z       },
fl-expunction-set	Print the verdict and the page digests to the log	2026-09-13T12:16:52.7791484Z       "pxPerPt": 3.3333333333333335,
fl-expunction-set	Print the verdict and the page digests to the log	2026-09-13T12:16:52.7791815Z       "expectedPxPerPt": 3.333333333333333,
fl-expunction-set	Print the verdict and the page digests to the log	2026-09-13T12:16:52.7792090Z       "pageWidthPt": 612,
fl-expunction-set	Print the verdict and the page digests to the log	2026-09-13T12:16:52.7792324Z       "pageHeightPt": 792,
fl-expunction-set	Print the verdict and the page digests to the log	2026-09-13T12:16:52.7792553Z       "expectedPx": {
fl-expunction-set	Print the verdict and the page digests to the log	2026-09-13T12:16:52.7792783Z         "width": 2039.9999999999998,
fl-expunction-set	Print the verdict and the page digests to the log	2026-09-13T12:16:52.7793053Z         "height": 2639.9999999999995,
fl-expunction-set	Print the verdict and the page digests to the log	2026-09-13T12:16:52.7793589Z         "tolerancePx": 6.666666666666666
fl-expunction-set	Print the verdict and the page digests to the log	2026-09-13T12:16:52.7793843Z       },
fl-expunction-set	Print the verdict and the page digests to the log	2026-09-13T12:16:52.7794058Z       "calibrationResidualPx": 0,
fl-expunction-set	Print the verdict and the page digests to the log	2026-09-13T12:16:52.7794373Z       "inkFractionInsidePaper": 0.028121657754010695,
fl-expunction-set	Print the verdict and the page digests to the log	2026-09-13T12:16:52.7794881Z       "nonblank": true,
fl-expunction-set	Print the verdict and the page digests to the log	2026-09-13T12:16:52.7795310Z       "croppedToThePage": true
fl-expunction-set	Print the verdict and the page digests to the log	2026-09-13T12:16:52.7795685Z     },
fl-expunction-set	Print the verdict and the page digests to the log	2026-09-13T12:16:52.7795873Z     {
fl-expunction-set	Print the verdict and the page digests to the log	2026-09-13T12:16:52.7796061Z       "kind": "canonical",
fl-expunction-set	Print the verdict and the page digests to the log	2026-09-13T12:16:52.7796314Z       "document": "canonical.pdf",
fl-expunction-set	Print the verdict and the page digests to the log	2026-09-13T12:16:52.7796555Z       "page": 9,
fl-expunction-set	Print the verdict and the page digests to the log	2026-09-13T12:16:52.7796843Z       "png": "fl-expunction-set/canonical/page-009.png",
fl-expunction-set	Print the verdict and the page digests to the log	2026-09-13T12:16:52.7797303Z       "bytes": 266780,
fl-expunction-set	Print the verdict and the page digests to the log	2026-09-13T12:16:52.7798007Z       "pngSha256": "f3c2e7c4f6e01329ae3c5039aa798e2afbe84e71e231db016184442f55e0ac0b",
fl-expunction-set	Print the verdict and the page digests to the log	2026-09-13T12:16:52.7798517Z       "pngWidth": 2040,
fl-expunction-set	Print the verdict and the page digests to the log	2026-09-13T12:16:52.7798741Z       "pngHeight": 2640,
fl-expunction-set	Print the verdict and the page digests to the log	2026-09-13T12:16:52.7798955Z       "paper": {
fl-expunction-set	Print the verdict and the page digests to the log	2026-09-13T12:16:52.7799309Z         "x0": 204,
fl-expunction-set	Print the verdict and the page digests to the log	2026-09-13T12:16:52.7799641Z         "y0": 3,
fl-expunction-set	Print the verdict and the page digests to the log	2026-09-13T12:16:52.7799962Z         "x1": 2243,
fl-expunction-set	Print the verdict and the page digests to the log	2026-09-13T12:16:52.7800256Z         "y1": 2642,
fl-expunction-set	Print the verdict and the page digests to the log	2026-09-13T12:16:52.7800461Z         "width": 2040,
fl-expunction-set	Print the verdict and the page digests to the log	2026-09-13T12:16:52.7800667Z         "height": 2640
fl-expunction-set	Print the verdict and the page digests to the log	2026-09-13T12:16:52.7800867Z       },
fl-expunction-set	Print the verdict and the page digests to the log	2026-09-13T12:16:52.7801077Z       "pxPerPt": 3.3333333333333335,
fl-expunction-set	Print the verdict and the page digests to the log	2026-09-13T12:16:52.7801582Z       "expectedPxPerPt": 3.333333333333333,
fl-expunction-set	Print the verdict and the page digests to the log	2026-09-13T12:16:52.7802053Z       "pageWidthPt": 612,
fl-expunction-set	Print the verdict and the page digests to the log	2026-09-13T12:16:52.7802400Z       "pageHeightPt": 792,
fl-expunction-set	Print the verdict and the page digests to the log	2026-09-13T12:16:52.7802843Z       "expectedPx": {
fl-expunction-set	Print the verdict and the page digests to the log	2026-09-13T12:16:52.7803636Z         "width": 2039.9999999999998,
fl-expunction-set	Print the verdict and the page digests to the log	2026-09-13T12:16:52.7803999Z         "height": 2639.9999999999995,
fl-expunction-set	Print the verdict and the page digests to the log	2026-09-13T12:16:52.7804510Z         "tolerancePx": 6.666666666666666
fl-expunction-set	Print the verdict and the page digests to the log	2026-09-13T12:16:52.7804935Z       },
fl-expunction-set	Print the verdict and the page digests to the log	2026-09-13T12:16:52.7805225Z       "calibrationResidualPx": 0,
fl-expunction-set	Print the verdict and the page digests to the log	2026-09-13T12:16:52.7805544Z       "inkFractionInsidePaper": 0.030034536541889482,
fl-expunction-set	Print the verdict and the page digests to the log	2026-09-13T12:16:52.7805849Z       "nonblank": true,
fl-expunction-set	Print the verdict and the page digests to the log	2026-09-13T12:16:52.7806092Z       "croppedToThePage": true
fl-expunction-set	Print the verdict and the page digests to the log	2026-09-13T12:16:52.7806320Z     },
fl-expunction-set	Print the verdict and the page digests to the log	2026-09-13T12:16:52.7806494Z     {
fl-expunction-set	Print the verdict and the page digests to the log	2026-09-13T12:16:52.7806676Z       "kind": "canonical",
fl-expunction-set	Print the verdict and the page digests to the log	2026-09-13T12:16:52.7807080Z       "document": "canonical.pdf",
fl-expunction-set	Print the verdict and the page digests to the log	2026-09-13T12:16:52.7807329Z       "page": 10,
fl-expunction-set	Print the verdict and the page digests to the log	2026-09-13T12:16:52.7807607Z       "png": "fl-expunction-set/canonical/page-010.png",
fl-expunction-set	Print the verdict and the page digests to the log	2026-09-13T12:16:52.7807909Z       "bytes": 144250,
fl-expunction-set	Print the verdict and the page digests to the log	2026-09-13T12:16:52.7808294Z       "pngSha256": "0f92e3d3432b4fe775a2ce8e8933760346ee950f2d88dab7829321220e50cf35",
fl-expunction-set	Print the verdict and the page digests to the log	2026-09-13T12:16:52.7809011Z       "pngWidth": 2040,
fl-expunction-set	Print the verdict and the page digests to the log	2026-09-13T12:16:52.7809389Z       "pngHeight": 2640,
fl-expunction-set	Print the verdict and the page digests to the log	2026-09-13T12:16:52.7809704Z       "paper": {
fl-expunction-set	Print the verdict and the page digests to the log	2026-09-13T12:16:52.7809905Z         "x0": 204,
fl-expunction-set	Print the verdict and the page digests to the log	2026-09-13T12:16:52.7810094Z         "y0": 3,
fl-expunction-set	Print the verdict and the page digests to the log	2026-09-13T12:16:52.7810411Z         "x1": 2243,
fl-expunction-set	Print the verdict and the page digests to the log	2026-09-13T12:16:52.7810951Z         "y1": 2642,
fl-expunction-set	Print the verdict and the page digests to the log	2026-09-13T12:16:52.7811300Z         "width": 2040,
fl-expunction-set	Print the verdict and the page digests to the log	2026-09-13T12:16:52.7811661Z         "height": 2640
fl-expunction-set	Print the verdict and the page digests to the log	2026-09-13T12:16:52.7812002Z       },
fl-expunction-set	Print the verdict and the page digests to the log	2026-09-13T12:16:52.7812380Z       "pxPerPt": 3.3333333333333335,
fl-expunction-set	Print the verdict and the page digests to the log	2026-09-13T12:16:52.7812701Z       "expectedPxPerPt": 3.333333333333333,
fl-expunction-set	Print the verdict and the page digests to the log	2026-09-13T12:16:52.7812996Z       "pageWidthPt": 612,
fl-expunction-set	Print the verdict and the page digests to the log	2026-09-13T12:16:52.7813358Z       "pageHeightPt": 792,
fl-expunction-set	Print the verdict and the page digests to the log	2026-09-13T12:16:52.7813589Z       "expectedPx": {
fl-expunction-set	Print the verdict and the page digests to the log	2026-09-13T12:16:52.7813827Z         "width": 2039.9999999999998,
fl-expunction-set	Print the verdict and the page digests to the log	2026-09-13T12:16:52.7814099Z         "height": 2639.9999999999995,
fl-expunction-set	Print the verdict and the page digests to the log	2026-09-13T12:16:52.7814379Z         "tolerancePx": 6.666666666666666
fl-expunction-set	Print the verdict and the page digests to the log	2026-09-13T12:16:52.7814635Z       },
fl-expunction-set	Print the verdict and the page digests to the log	2026-09-13T12:16:52.7814853Z       "calibrationResidualPx": 0,
fl-expunction-set	Print the verdict and the page digests to the log	2026-09-13T12:16:52.7815170Z       "inkFractionInsidePaper": 0.014425133689839572,
fl-expunction-set	Print the verdict and the page digests to the log	2026-09-13T12:16:52.7815470Z       "nonblank": true,
fl-expunction-set	Print the verdict and the page digests to the log	2026-09-13T12:16:52.7815718Z       "croppedToThePage": true
fl-expunction-set	Print the verdict and the page digests to the log	2026-09-13T12:16:52.7815948Z     },
fl-expunction-set	Print the verdict and the page digests to the log	2026-09-13T12:16:52.7816127Z     {
fl-expunction-set	Print the verdict and the page digests to the log	2026-09-13T12:16:52.7816311Z       "kind": "boundary",
fl-expunction-set	Print the verdict and the page digests to the log	2026-09-13T12:16:52.7816567Z       "document": "boundary.pdf",
fl-expunction-set	Print the verdict and the page digests to the log	2026-09-13T12:16:52.7816807Z       "page": 1,
fl-expunction-set	Print the verdict and the page digests to the log	2026-09-13T12:16:52.7817081Z       "png": "fl-expunction-set/boundary/page-001.png",
fl-expunction-set	Print the verdict and the page digests to the log	2026-09-13T12:16:52.7817381Z       "bytes": 306043,
fl-expunction-set	Print the verdict and the page digests to the log	2026-09-13T12:16:52.7817783Z       "pngSha256": "8c6359e46d2edc00d716f5f8bece69be3356f58f278772f617392d765ef1b5b5",
fl-expunction-set	Print the verdict and the page digests to the log	2026-09-13T12:16:52.7818199Z       "pngWidth": 2040,
fl-expunction-set	Print the verdict and the page digests to the log	2026-09-13T12:16:52.7818418Z       "pngHeight": 2640,
fl-expunction-set	Print the verdict and the page digests to the log	2026-09-13T12:16:52.7818630Z       "paper": {
fl-expunction-set	Print the verdict and the page digests to the log	2026-09-13T12:16:52.7818825Z         "x0": 204,
fl-expunction-set	Print the verdict and the page digests to the log	2026-09-13T12:16:52.7819020Z         "y0": 3,
fl-expunction-set	Print the verdict and the page digests to the log	2026-09-13T12:16:52.7819214Z         "x1": 2243,
fl-expunction-set	Print the verdict and the page digests to the log	2026-09-13T12:16:52.7819410Z         "y1": 2642,
fl-expunction-set	Print the verdict and the page digests to the log	2026-09-13T12:16:52.7819603Z         "width": 2040,
fl-expunction-set	Print the verdict and the page digests to the log	2026-09-13T12:16:52.7819811Z         "height": 2640
fl-expunction-set	Print the verdict and the page digests to the log	2026-09-13T12:16:52.7820005Z       },
fl-expunction-set	Print the verdict and the page digests to the log	2026-09-13T12:16:52.7820218Z       "pxPerPt": 3.3333333333333335,
fl-expunction-set	Print the verdict and the page digests to the log	2026-09-13T12:16:52.7820512Z       "expectedPxPerPt": 3.333333333333333,
fl-expunction-set	Print the verdict and the page digests to the log	2026-09-13T12:16:52.7820787Z       "pageWidthPt": 612,
fl-expunction-set	Print the verdict and the page digests to the log	2026-09-13T12:16:52.7821018Z       "pageHeightPt": 792,
fl-expunction-set	Print the verdict and the page digests to the log	2026-09-13T12:16:52.7821242Z       "expectedPx": {
fl-expunction-set	Print the verdict and the page digests to the log	2026-09-13T12:16:52.7821474Z         "width": 2039.9999999999998,
fl-expunction-set	Print the verdict and the page digests to the log	2026-09-13T12:16:52.7821750Z         "height": 2639.9999999999995,
fl-expunction-set	Print the verdict and the page digests to the log	2026-09-13T12:16:52.7822037Z         "tolerancePx": 6.666666666666666
fl-expunction-set	Print the verdict and the page digests to the log	2026-09-13T12:16:52.7822284Z       },
fl-expunction-set	Print the verdict and the page digests to the log	2026-09-13T12:16:52.7822495Z       "calibrationResidualPx": 0,
fl-expunction-set	Print the verdict and the page digests to the log	2026-09-13T12:16:52.7822811Z       "inkFractionInsidePaper": 0.06673982471776589,
fl-expunction-set	Print the verdict and the page digests to the log	2026-09-13T12:16:52.7823310Z       "nonblank": true,
fl-expunction-set	Print the verdict and the page digests to the log	2026-09-13T12:16:52.7823589Z       "croppedToThePage": true
fl-expunction-set	Print the verdict and the page digests to the log	2026-09-13T12:16:52.7823849Z     },
fl-expunction-set	Print the verdict and the page digests to the log	2026-09-13T12:16:52.7824255Z     {
fl-expunction-set	Print the verdict and the page digests to the log	2026-09-13T12:16:52.7824442Z       "kind": "boundary",
fl-expunction-set	Print the verdict and the page digests to the log	2026-09-13T12:16:52.7824697Z       "document": "boundary.pdf",
fl-expunction-set	Print the verdict and the page digests to the log	2026-09-13T12:16:52.7824935Z       "page": 2,
fl-expunction-set	Print the verdict and the page digests to the log	2026-09-13T12:16:52.7825205Z       "png": "fl-expunction-set/boundary/page-002.png",
fl-expunction-set	Print the verdict and the page digests to the log	2026-09-13T12:16:52.7825511Z       "bytes": 587002,
fl-expunction-set	Print the verdict and the page digests to the log	2026-09-13T12:16:52.7825892Z       "pngSha256": "2fb38114ea8764317b41548b3ebf50784374ef6dbd58518e69827b03827f885f",
fl-expunction-set	Print the verdict and the page digests to the log	2026-09-13T12:16:52.7826294Z       "pngWidth": 2040,
fl-expunction-set	Print the verdict and the page digests to the log	2026-09-13T12:16:52.7826514Z       "pngHeight": 2640,
fl-expunction-set	Print the verdict and the page digests to the log	2026-09-13T12:16:52.7826726Z       "paper": {
fl-expunction-set	Print the verdict and the page digests to the log	2026-09-13T12:16:52.7827038Z         "x0": 204,
fl-expunction-set	Print the verdict and the page digests to the log	2026-09-13T12:16:52.7827228Z         "y0": 3,
fl-expunction-set	Print the verdict and the page digests to the log	2026-09-13T12:16:52.7827415Z         "x1": 2243,
fl-expunction-set	Print the verdict and the page digests to the log	2026-09-13T12:16:52.7827608Z         "y1": 2642,
fl-expunction-set	Print the verdict and the page digests to the log	2026-09-13T12:16:52.7827799Z         "width": 2040,
fl-expunction-set	Print the verdict and the page digests to the log	2026-09-13T12:16:52.7828003Z         "height": 2640
fl-expunction-set	Print the verdict and the page digests to the log	2026-09-13T12:16:52.7828210Z       },
fl-expunction-set	Print the verdict and the page digests to the log	2026-09-13T12:16:52.7828418Z       "pxPerPt": 3.3333333333333335,
fl-expunction-set	Print the verdict and the page digests to the log	2026-09-13T12:16:52.7828707Z       "expectedPxPerPt": 3.333333333333333,
fl-expunction-set	Print the verdict and the page digests to the log	2026-09-13T12:16:52.7828977Z       "pageWidthPt": 612,
fl-expunction-set	Print the verdict and the page digests to the log	2026-09-13T12:16:52.7829207Z       "pageHeightPt": 792,
fl-expunction-set	Print the verdict and the page digests to the log	2026-09-13T12:16:52.7829431Z       "expectedPx": {
fl-expunction-set	Print the verdict and the page digests to the log	2026-09-13T12:16:52.7829670Z         "width": 2039.9999999999998,
fl-expunction-set	Print the verdict and the page digests to the log	2026-09-13T12:16:52.7829935Z         "height": 2639.9999999999995,
fl-expunction-set	Print the verdict and the page digests to the log	2026-09-13T12:16:52.7830212Z         "tolerancePx": 6.666666666666666
fl-expunction-set	Print the verdict and the page digests to the log	2026-09-13T12:16:52.7830455Z       },
fl-expunction-set	Print the verdict and the page digests to the log	2026-09-13T12:16:52.7830669Z       "calibrationResidualPx": 0,
fl-expunction-set	Print the verdict and the page digests to the log	2026-09-13T12:16:52.7830981Z       "inkFractionInsidePaper": 0.09898729946524064,
fl-expunction-set	Print the verdict and the page digests to the log	2026-09-13T12:16:52.7831283Z       "nonblank": true,
fl-expunction-set	Print the verdict and the page digests to the log	2026-09-13T12:16:52.7831535Z       "croppedToThePage": true
fl-expunction-set	Print the verdict and the page digests to the log	2026-09-13T12:16:52.7831773Z     },
fl-expunction-set	Print the verdict and the page digests to the log	2026-09-13T12:16:52.7831959Z     {
fl-expunction-set	Print the verdict and the page digests to the log	2026-09-13T12:16:52.7832141Z       "kind": "boundary",
fl-expunction-set	Print the verdict and the page digests to the log	2026-09-13T12:16:52.7832384Z       "document": "boundary.pdf",
fl-expunction-set	Print the verdict and the page digests to the log	2026-09-13T12:16:52.7832623Z       "page": 3,
fl-expunction-set	Print the verdict and the page digests to the log	2026-09-13T12:16:52.7832890Z       "png": "fl-expunction-set/boundary/page-003.png",
fl-expunction-set	Print the verdict and the page digests to the log	2026-09-13T12:16:52.7833438Z       "bytes": 166407,
fl-expunction-set	Print the verdict and the page digests to the log	2026-09-13T12:16:52.7833854Z       "pngSha256": "c941f63d8c0fd8672f80f6f230cca1af702c679d6759f22fc092829fb5b15b5a",
fl-expunction-set	Print the verdict and the page digests to the log	2026-09-13T12:16:52.7834273Z       "pngWidth": 2040,
fl-expunction-set	Print the verdict and the page digests to the log	2026-09-13T12:16:52.7834524Z       "pngHeight": 2640,
fl-expunction-set	Print the verdict and the page digests to the log	2026-09-13T12:16:52.7834748Z       "paper": {
fl-expunction-set	Print the verdict and the page digests to the log	2026-09-13T12:16:52.7834944Z         "x0": 204,
fl-expunction-set	Print the verdict and the page digests to the log	2026-09-13T12:16:52.7835134Z         "y0": 3,
fl-expunction-set	Print the verdict and the page digests to the log	2026-09-13T12:16:52.7835321Z         "x1": 2243,
fl-expunction-set	Print the verdict and the page digests to the log	2026-09-13T12:16:52.7835511Z         "y1": 2642,
fl-expunction-set	Print the verdict and the page digests to the log	2026-09-13T12:16:52.7835708Z         "width": 2040,
fl-expunction-set	Print the verdict and the page digests to the log	2026-09-13T12:16:52.7835920Z         "height": 2640
fl-expunction-set	Print the verdict and the page digests to the log	2026-09-13T12:16:52.7836123Z       },
fl-expunction-set	Print the verdict and the page digests to the log	2026-09-13T12:16:52.7836338Z       "pxPerPt": 3.3333333333333335,
fl-expunction-set	Print the verdict and the page digests to the log	2026-09-13T12:16:52.7836628Z       "expectedPxPerPt": 3.333333333333333,
fl-expunction-set	Print the verdict and the page digests to the log	2026-09-13T12:16:52.7836904Z       "pageWidthPt": 612,
fl-expunction-set	Print the verdict and the page digests to the log	2026-09-13T12:16:52.7837139Z       "pageHeightPt": 792,
fl-expunction-set	Print the verdict and the page digests to the log	2026-09-13T12:16:52.7837376Z       "expectedPx": {
fl-expunction-set	Print the verdict and the page digests to the log	2026-09-13T12:16:52.7837610Z         "width": 2039.9999999999998,
fl-expunction-set	Print the verdict and the page digests to the log	2026-09-13T12:16:52.7837882Z         "height": 2639.9999999999995,
fl-expunction-set	Print the verdict and the page digests to the log	2026-09-13T12:16:52.7838157Z         "tolerancePx": 6.666666666666666
fl-expunction-set	Print the verdict and the page digests to the log	2026-09-13T12:16:52.7838404Z       },
fl-expunction-set	Print the verdict and the page digests to the log	2026-09-13T12:16:52.7838622Z       "calibrationResidualPx": 0,
fl-expunction-set	Print the verdict and the page digests to the log	2026-09-13T12:16:52.7838941Z       "inkFractionInsidePaper": 0.028115158942364826,
fl-expunction-set	Print the verdict and the page digests to the log	2026-09-13T12:16:52.7839237Z       "nonblank": true,
fl-expunction-set	Print the verdict and the page digests to the log	2026-09-13T12:16:52.7839481Z       "croppedToThePage": true
fl-expunction-set	Print the verdict and the page digests to the log	2026-09-13T12:16:52.7839710Z     },
fl-expunction-set	Print the verdict and the page digests to the log	2026-09-13T12:16:52.7839884Z     {
fl-expunction-set	Print the verdict and the page digests to the log	2026-09-13T12:16:52.7840070Z       "kind": "boundary",
fl-expunction-set	Print the verdict and the page digests to the log	2026-09-13T12:16:52.7840324Z       "document": "boundary.pdf",
fl-expunction-set	Print the verdict and the page digests to the log	2026-09-13T12:16:52.7840565Z       "page": 4,
fl-expunction-set	Print the verdict and the page digests to the log	2026-09-13T12:16:52.7840840Z       "png": "fl-expunction-set/boundary/page-004.png",
fl-expunction-set	Print the verdict and the page digests to the log	2026-09-13T12:16:52.7841143Z       "bytes": 427459,
fl-expunction-set	Print the verdict and the page digests to the log	2026-09-13T12:16:52.7841533Z       "pngSha256": "3c416afa1857683dabbc70fcd233f3859722c67bbba4159b0000237214b0479a",
fl-expunction-set	Print the verdict and the page digests to the log	2026-09-13T12:16:52.7841963Z       "pngWidth": 2040,
fl-expunction-set	Print the verdict and the page digests to the log	2026-09-13T12:16:52.7842184Z       "pngHeight": 2640,
fl-expunction-set	Print the verdict and the page digests to the log	2026-09-13T12:16:52.7842533Z       "paper": {
fl-expunction-set	Print the verdict and the page digests to the log	2026-09-13T12:16:52.7842724Z         "x0": 204,
fl-expunction-set	Print the verdict and the page digests to the log	2026-09-13T12:16:52.7842917Z         "y0": 3,
fl-expunction-set	Print the verdict and the page digests to the log	2026-09-13T12:16:52.7843102Z         "x1": 2243,
fl-expunction-set	Print the verdict and the page digests to the log	2026-09-13T12:16:52.7843421Z         "y1": 2642,
fl-expunction-set	Print the verdict and the page digests to the log	2026-09-13T12:16:52.7843625Z         "width": 2040,
fl-expunction-set	Print the verdict and the page digests to the log	2026-09-13T12:16:52.7843833Z         "height": 2640
fl-expunction-set	Print the verdict and the page digests to the log	2026-09-13T12:16:52.7844029Z       },
fl-expunction-set	Print the verdict and the page digests to the log	2026-09-13T12:16:52.7844238Z       "pxPerPt": 3.3333333333333335,
fl-expunction-set	Print the verdict and the page digests to the log	2026-09-13T12:16:52.7844523Z       "expectedPxPerPt": 3.333333333333333,
fl-expunction-set	Print the verdict and the page digests to the log	2026-09-13T12:16:52.7844793Z       "pageWidthPt": 612,
fl-expunction-set	Print the verdict and the page digests to the log	2026-09-13T12:16:52.7845150Z       "pageHeightPt": 792,
fl-expunction-set	Print the verdict and the page digests to the log	2026-09-13T12:16:52.7845379Z       "expectedPx": {
fl-expunction-set	Print the verdict and the page digests to the log	2026-09-13T12:16:52.7845610Z         "width": 2039.9999999999998,
fl-expunction-set	Print the verdict and the page digests to the log	2026-09-13T12:16:52.7845880Z         "height": 2639.9999999999995,
fl-expunction-set	Print the verdict and the page digests to the log	2026-09-13T12:16:52.7846151Z         "tolerancePx": 6.666666666666666
fl-expunction-set	Print the verdict and the page digests to the log	2026-09-13T12:16:52.7846402Z       },
fl-expunction-set	Print the verdict and the page digests to the log	2026-09-13T12:16:52.7846618Z       "calibrationResidualPx": 0,
fl-expunction-set	Print the verdict and the page digests to the log	2026-09-13T12:16:52.7846932Z       "inkFractionInsidePaper": 0.06636103683897801,
fl-expunction-set	Print the verdict and the page digests to the log	2026-09-13T12:16:52.7847224Z       "nonblank": true,
fl-expunction-set	Print the verdict and the page digests to the log	2026-09-13T12:16:52.7847465Z       "croppedToThePage": true
fl-expunction-set	Print the verdict and the page digests to the log	2026-09-13T12:16:52.7847693Z     },
fl-expunction-set	Print the verdict and the page digests to the log	2026-09-13T12:16:52.7847870Z     {
fl-expunction-set	Print the verdict and the page digests to the log	2026-09-13T12:16:52.7848054Z       "kind": "boundary",
fl-expunction-set	Print the verdict and the page digests to the log	2026-09-13T12:16:52.7848305Z       "document": "boundary.pdf",
fl-expunction-set	Print the verdict and the page digests to the log	2026-09-13T12:16:52.7848544Z       "page": 5,
fl-expunction-set	Print the verdict and the page digests to the log	2026-09-13T12:16:52.7848814Z       "png": "fl-expunction-set/boundary/page-005.png",
fl-expunction-set	Print the verdict and the page digests to the log	2026-09-13T12:16:52.7849111Z       "bytes": 612253,
fl-expunction-set	Print the verdict and the page digests to the log	2026-09-13T12:16:52.7849511Z       "pngSha256": "4004850be84a7febf37a5f3cd2e4ab67a53c3f8adbd79bf7c6177ededd303c55",
fl-expunction-set	Print the verdict and the page digests to the log	2026-09-13T12:16:52.7849934Z       "pngWidth": 2040,
fl-expunction-set	Print the verdict and the page digests to the log	2026-09-13T12:16:52.7850155Z       "pngHeight": 2640,
fl-expunction-set	Print the verdict and the page digests to the log	2026-09-13T12:16:52.7850369Z       "paper": {
fl-expunction-set	Print the verdict and the page digests to the log	2026-09-13T12:16:52.7850561Z         "x0": 204,
fl-expunction-set	Print the verdict and the page digests to the log	2026-09-13T12:16:52.7850754Z         "y0": 3,
fl-expunction-set	Print the verdict and the page digests to the log	2026-09-13T12:16:52.7850946Z         "x1": 2243,
fl-expunction-set	Print the verdict and the page digests to the log	2026-09-13T12:16:52.7851136Z         "y1": 2642,
fl-expunction-set	Print the verdict and the page digests to the log	2026-09-13T12:16:52.7851335Z         "width": 2040,
fl-expunction-set	Print the verdict and the page digests to the log	2026-09-13T12:16:52.7851540Z         "height": 2640
fl-expunction-set	Print the verdict and the page digests to the log	2026-09-13T12:16:52.7851735Z       },
fl-expunction-set	Print the verdict and the page digests to the log	2026-09-13T12:16:52.7851941Z       "pxPerPt": 3.3333333333333335,
fl-expunction-set	Print the verdict and the page digests to the log	2026-09-13T12:16:52.7852230Z       "expectedPxPerPt": 3.333333333333333,
fl-expunction-set	Print the verdict and the page digests to the log	2026-09-13T12:16:52.7852502Z       "pageWidthPt": 612,
fl-expunction-set	Print the verdict and the page digests to the log	2026-09-13T12:16:52.7852730Z       "pageHeightPt": 792,
fl-expunction-set	Print the verdict and the page digests to the log	2026-09-13T12:16:52.7852953Z       "expectedPx": {
fl-expunction-set	Print the verdict and the page digests to the log	2026-09-13T12:16:52.7853306Z         "width": 2039.9999999999998,
fl-expunction-set	Print the verdict and the page digests to the log	2026-09-13T12:16:52.7853573Z         "height": 2639.9999999999995,
fl-expunction-set	Print the verdict and the page digests to the log	2026-09-13T12:16:52.7853855Z         "tolerancePx": 6.666666666666666
fl-expunction-set	Print the verdict and the page digests to the log	2026-09-13T12:16:52.7854104Z       },
fl-expunction-set	Print the verdict and the page digests to the log	2026-09-13T12:16:52.7854315Z       "calibrationResidualPx": 0,
fl-expunction-set	Print the verdict and the page digests to the log	2026-09-13T12:16:52.7854617Z       "inkFractionInsidePaper": 0.0663794191919192,
fl-expunction-set	Print the verdict and the page digests to the log	2026-09-13T12:16:52.7854907Z       "nonblank": true,
fl-expunction-set	Print the verdict and the page digests to the log	2026-09-13T12:16:52.7855147Z       "croppedToThePage": true
fl-expunction-set	Print the verdict and the page digests to the log	2026-09-13T12:16:52.7855377Z     },
fl-expunction-set	Print the verdict and the page digests to the log	2026-09-13T12:16:52.7855548Z     {
fl-expunction-set	Print the verdict and the page digests to the log	2026-09-13T12:16:52.7855734Z       "kind": "boundary",
fl-expunction-set	Print the verdict and the page digests to the log	2026-09-13T12:16:52.7855982Z       "document": "boundary.pdf",
fl-expunction-set	Print the verdict and the page digests to the log	2026-09-13T12:16:52.7856218Z       "page": 6,
fl-expunction-set	Print the verdict and the page digests to the log	2026-09-13T12:16:52.7856489Z       "png": "fl-expunction-set/boundary/page-006.png",
fl-expunction-set	Print the verdict and the page digests to the log	2026-09-13T12:16:52.7856789Z       "bytes": 514379,
fl-expunction-set	Print the verdict and the page digests to the log	2026-09-13T12:16:52.7857178Z       "pngSha256": "1f4dfc295788696159792fd7f0f6e1d5905577d06ea5def46538f9bff09e8731",
fl-expunction-set	Print the verdict and the page digests to the log	2026-09-13T12:16:52.7857600Z       "pngWidth": 2040,
fl-expunction-set	Print the verdict and the page digests to the log	2026-09-13T12:16:52.7857824Z       "pngHeight": 2640,
fl-expunction-set	Print the verdict and the page digests to the log	2026-09-13T12:16:52.7858040Z       "paper": {
fl-expunction-set	Print the verdict and the page digests to the log	2026-09-13T12:16:52.7858234Z         "x0": 204,
fl-expunction-set	Print the verdict and the page digests to the log	2026-09-13T12:16:52.7858439Z         "y0": 3,
fl-expunction-set	Print the verdict and the page digests to the log	2026-09-13T12:16:52.7858624Z         "x1": 2243,
fl-expunction-set	Print the verdict and the page digests to the log	2026-09-13T12:16:52.7858814Z         "y1": 2642,
fl-expunction-set	Print the verdict and the page digests to the log	2026-09-13T12:16:52.7859006Z         "width": 2040,
fl-expunction-set	Print the verdict and the page digests to the log	2026-09-13T12:16:52.7859209Z         "height": 2640
fl-expunction-set	Print the verdict and the page digests to the log	2026-09-13T12:16:52.7859407Z       },
fl-expunction-set	Print the verdict and the page digests to the log	2026-09-13T12:16:52.7859622Z       "pxPerPt": 3.3333333333333335,
fl-expunction-set	Print the verdict and the page digests to the log	2026-09-13T12:16:52.7859914Z       "expectedPxPerPt": 3.333333333333333,
fl-expunction-set	Print the verdict and the page digests to the log	2026-09-13T12:16:52.7860325Z       "pageWidthPt": 612,
fl-expunction-set	Print the verdict and the page digests to the log	2026-09-13T12:16:52.7860557Z       "pageHeightPt": 792,
fl-expunction-set	Print the verdict and the page digests to the log	2026-09-13T12:16:52.7860784Z       "expectedPx": {
fl-expunction-set	Print the verdict and the page digests to the log	2026-09-13T12:16:52.7861016Z         "width": 2039.9999999999998,
fl-expunction-set	Print the verdict and the page digests to the log	2026-09-13T12:16:52.7861288Z         "height": 2639.9999999999995,
fl-expunction-set	Print the verdict and the page digests to the log	2026-09-13T12:16:52.7861563Z         "tolerancePx": 6.666666666666666
fl-expunction-set	Print the verdict and the page digests to the log	2026-09-13T12:16:52.7861810Z       },
fl-expunction-set	Print the verdict and the page digests to the log	2026-09-13T12:16:52.7862023Z       "calibrationResidualPx": 0,
fl-expunction-set	Print the verdict and the page digests to the log	2026-09-13T12:16:52.7862337Z       "inkFractionInsidePaper": 0.07512737670825906,
fl-expunction-set	Print the verdict and the page digests to the log	2026-09-13T12:16:52.7862631Z       "nonblank": true,
fl-expunction-set	Print the verdict and the page digests to the log	2026-09-13T12:16:52.7863017Z       "croppedToThePage": true
fl-expunction-set	Print the verdict and the page digests to the log	2026-09-13T12:16:52.7863370Z     },
fl-expunction-set	Print the verdict and the page digests to the log	2026-09-13T12:16:52.7863548Z     {
fl-expunction-set	Print the verdict and the page digests to the log	2026-09-13T12:16:52.7863735Z       "kind": "boundary",
fl-expunction-set	Print the verdict and the page digests to the log	2026-09-13T12:16:52.7863987Z       "document": "boundary.pdf",
fl-expunction-set	Print the verdict and the page digests to the log	2026-09-13T12:16:52.7864233Z       "page": 7,
fl-expunction-set	Print the verdict and the page digests to the log	2026-09-13T12:16:52.7864516Z       "png": "fl-expunction-set/boundary/page-007.png",
fl-expunction-set	Print the verdict and the page digests to the log	2026-09-13T12:16:52.7864821Z       "bytes": 342866,
fl-expunction-set	Print the verdict and the page digests to the log	2026-09-13T12:16:52.7865228Z       "pngSha256": "bb96c962a8ecb3ff104c8661ddf579e1e7f4f70f0b0f34e93490083a9765da9f",
fl-expunction-set	Print the verdict and the page digests to the log	2026-09-13T12:16:52.7865647Z       "pngWidth": 2040,
fl-expunction-set	Print the verdict and the page digests to the log	2026-09-13T12:16:52.7865868Z       "pngHeight": 2640,
fl-expunction-set	Print the verdict and the page digests to the log	2026-09-13T12:16:52.7866088Z       "paper": {
fl-expunction-set	Print the verdict and the page digests to the log	2026-09-13T12:16:52.7866337Z         "x0": 204,
fl-expunction-set	Print the verdict and the page digests to the log	2026-09-13T12:16:52.7866642Z         "y0": 3,
fl-expunction-set	Print the verdict and the page digests to the log	2026-09-13T12:16:52.7866940Z         "x1": 2243,
fl-expunction-set	Print the verdict and the page digests to the log	2026-09-13T12:16:52.7878622Z         "y1": 2642,
fl-expunction-set	Print the verdict and the page digests to the log	2026-09-13T12:16:52.7878881Z         "width": 2040,
fl-expunction-set	Print the verdict and the page digests to the log	2026-09-13T12:16:52.7879124Z         "height": 2640
fl-expunction-set	Print the verdict and the page digests to the log	2026-09-13T12:16:52.7879338Z       },
fl-expunction-set	Print the verdict and the page digests to the log	2026-09-13T12:16:52.7879576Z       "pxPerPt": 3.3333333333333335,
fl-expunction-set	Print the verdict and the page digests to the log	2026-09-13T12:16:52.7879893Z       "expectedPxPerPt": 3.333333333333333,
fl-expunction-set	Print the verdict and the page digests to the log	2026-09-13T12:16:52.7880184Z       "pageWidthPt": 612,
fl-expunction-set	Print the verdict and the page digests to the log	2026-09-13T12:16:52.7880431Z       "pageHeightPt": 792,
fl-expunction-set	Print the verdict and the page digests to the log	2026-09-13T12:16:52.7880673Z       "expectedPx": {
fl-expunction-set	Print the verdict and the page digests to the log	2026-09-13T12:16:52.7880915Z         "width": 2039.9999999999998,
fl-expunction-set	Print the verdict and the page digests to the log	2026-09-13T12:16:52.7881188Z         "height": 2639.9999999999995,
fl-expunction-set	Print the verdict and the page digests to the log	2026-09-13T12:16:52.7881474Z         "tolerancePx": 6.666666666666666
fl-expunction-set	Print the verdict and the page digests to the log	2026-09-13T12:16:52.7881721Z       },
fl-expunction-set	Print the verdict and the page digests to the log	2026-09-13T12:16:52.7881943Z       "calibrationResidualPx": 0,
fl-expunction-set	Print the verdict and the page digests to the log	2026-09-13T12:16:52.7882280Z       "inkFractionInsidePaper": 0.03804088680926916,
fl-expunction-set	Print the verdict and the page digests to the log	2026-09-13T12:16:52.7882581Z       "nonblank": true,
fl-expunction-set	Print the verdict and the page digests to the log	2026-09-13T12:16:52.7882835Z       "croppedToThePage": true
fl-expunction-set	Print the verdict and the page digests to the log	2026-09-13T12:16:52.7883069Z     },
fl-expunction-set	Print the verdict and the page digests to the log	2026-09-13T12:16:52.7883523Z     {
fl-expunction-set	Print the verdict and the page digests to the log	2026-09-13T12:16:52.7883721Z       "kind": "boundary",
fl-expunction-set	Print the verdict and the page digests to the log	2026-09-13T12:16:52.7883986Z       "document": "boundary.pdf",
fl-expunction-set	Print the verdict and the page digests to the log	2026-09-13T12:16:52.7884228Z       "page": 8,
fl-expunction-set	Print the verdict and the page digests to the log	2026-09-13T12:16:52.7884516Z       "png": "fl-expunction-set/boundary/page-008.png",
fl-expunction-set	Print the verdict and the page digests to the log	2026-09-13T12:16:52.7884821Z       "bytes": 260435,
fl-expunction-set	Print the verdict and the page digests to the log	2026-09-13T12:16:52.7885223Z       "pngSha256": "78aeac2b23009f661d57ba514e5a1d07abdd600394ba07f6e25ef1a24374f592",
fl-expunction-set	Print the verdict and the page digests to the log	2026-09-13T12:16:52.7885657Z       "pngWidth": 2040,
fl-expunction-set	Print the verdict and the page digests to the log	2026-09-13T12:16:52.7885884Z       "pngHeight": 2640,
fl-expunction-set	Print the verdict and the page digests to the log	2026-09-13T12:16:52.7886105Z       "paper": {
fl-expunction-set	Print the verdict and the page digests to the log	2026-09-13T12:16:52.7886306Z         "x0": 204,
fl-expunction-set	Print the verdict and the page digests to the log	2026-09-13T12:16:52.7886500Z         "y0": 3,
fl-expunction-set	Print the verdict and the page digests to the log	2026-09-13T12:16:52.7886687Z         "x1": 2243,
fl-expunction-set	Print the verdict and the page digests to the log	2026-09-13T12:16:52.7886879Z         "y1": 2642,
fl-expunction-set	Print the verdict and the page digests to the log	2026-09-13T12:16:52.7887078Z         "width": 2040,
fl-expunction-set	Print the verdict and the page digests to the log	2026-09-13T12:16:52.7887284Z         "height": 2640
fl-expunction-set	Print the verdict and the page digests to the log	2026-09-13T12:16:52.7887485Z       },
fl-expunction-set	Print the verdict and the page digests to the log	2026-09-13T12:16:52.7887699Z       "pxPerPt": 3.3333333333333335,
fl-expunction-set	Print the verdict and the page digests to the log	2026-09-13T12:16:52.7888001Z       "expectedPxPerPt": 3.333333333333333,
fl-expunction-set	Print the verdict and the page digests to the log	2026-09-13T12:16:52.7888285Z       "pageWidthPt": 612,
fl-expunction-set	Print the verdict and the page digests to the log	2026-09-13T12:16:52.7888526Z       "pageHeightPt": 792,
fl-expunction-set	Print the verdict and the page digests to the log	2026-09-13T12:16:52.7888763Z       "expectedPx": {
fl-expunction-set	Print the verdict and the page digests to the log	2026-09-13T12:16:52.7889009Z         "width": 2039.9999999999998,
fl-expunction-set	Print the verdict and the page digests to the log	2026-09-13T12:16:52.7889283Z         "height": 2639.9999999999995,
fl-expunction-set	Print the verdict and the page digests to the log	2026-09-13T12:16:52.7889561Z         "tolerancePx": 6.666666666666666
fl-expunction-set	Print the verdict and the page digests to the log	2026-09-13T12:16:52.7889812Z       },
fl-expunction-set	Print the verdict and the page digests to the log	2026-09-13T12:16:52.7890034Z       "calibrationResidualPx": 0,
fl-expunction-set	Print the verdict and the page digests to the log	2026-09-13T12:16:52.7890355Z       "inkFractionInsidePaper": 0.029618612596553774,
fl-expunction-set	Print the verdict and the page digests to the log	2026-09-13T12:16:52.7890836Z       "nonblank": true,
fl-expunction-set	Print the verdict and the page digests to the log	2026-09-13T12:16:52.7891086Z       "croppedToThePage": true
fl-expunction-set	Print the verdict and the page digests to the log	2026-09-13T12:16:52.7891317Z     },
fl-expunction-set	Print the verdict and the page digests to the log	2026-09-13T12:16:52.7891490Z     {
fl-expunction-set	Print the verdict and the page digests to the log	2026-09-13T12:16:52.7891680Z       "kind": "boundary",
fl-expunction-set	Print the verdict and the page digests to the log	2026-09-13T12:16:52.7891931Z       "document": "boundary.pdf",
fl-expunction-set	Print the verdict and the page digests to the log	2026-09-13T12:16:52.7892177Z       "page": 9,
fl-expunction-set	Print the verdict and the page digests to the log	2026-09-13T12:16:52.7892458Z       "png": "fl-expunction-set/boundary/page-009.png",
fl-expunction-set	Print the verdict and the page digests to the log	2026-09-13T12:16:52.7892760Z       "bytes": 279503,
fl-expunction-set	Print the verdict and the page digests to the log	2026-09-13T12:16:52.7893297Z       "pngSha256": "5c34e0d6fae73411c42d1a780d322955b327b967c2373bb9eba8a9e0a7b40ab9",
fl-expunction-set	Print the verdict and the page digests to the log	2026-09-13T12:16:52.7893877Z       "pngWidth": 2040,
fl-expunction-set	Print the verdict and the page digests to the log	2026-09-13T12:16:52.7894106Z       "pngHeight": 2640,
fl-expunction-set	Print the verdict and the page digests to the log	2026-09-13T12:16:52.7894328Z       "paper": {
fl-expunction-set	Print the verdict and the page digests to the log	2026-09-13T12:16:52.7894524Z         "x0": 204,
fl-expunction-set	Print the verdict and the page digests to the log	2026-09-13T12:16:52.7894718Z         "y0": 3,
fl-expunction-set	Print the verdict and the page digests to the log	2026-09-13T12:16:52.7894908Z         "x1": 2243,
fl-expunction-set	Print the verdict and the page digests to the log	2026-09-13T12:16:52.7895102Z         "y1": 2642,
fl-expunction-set	Print the verdict and the page digests to the log	2026-09-13T12:16:52.7895301Z         "width": 2040,
fl-expunction-set	Print the verdict and the page digests to the log	2026-09-13T12:16:52.7895513Z         "height": 2640
fl-expunction-set	Print the verdict and the page digests to the log	2026-09-13T12:16:52.7895718Z       },
fl-expunction-set	Print the verdict and the page digests to the log	2026-09-13T12:16:52.7895930Z       "pxPerPt": 3.3333333333333335,
fl-expunction-set	Print the verdict and the page digests to the log	2026-09-13T12:16:52.7896232Z       "expectedPxPerPt": 3.333333333333333,
fl-expunction-set	Print the verdict and the page digests to the log	2026-09-13T12:16:52.7896506Z       "pageWidthPt": 612,
fl-expunction-set	Print the verdict and the page digests to the log	2026-09-13T12:16:52.7896738Z       "pageHeightPt": 792,
fl-expunction-set	Print the verdict and the page digests to the log	2026-09-13T12:16:52.7896970Z       "expectedPx": {
fl-expunction-set	Print the verdict and the page digests to the log	2026-09-13T12:16:52.7897206Z         "width": 2039.9999999999998,
fl-expunction-set	Print the verdict and the page digests to the log	2026-09-13T12:16:52.7897482Z         "height": 2639.9999999999995,
fl-expunction-set	Print the verdict and the page digests to the log	2026-09-13T12:16:52.7897769Z         "tolerancePx": 6.666666666666666
fl-expunction-set	Print the verdict and the page digests to the log	2026-09-13T12:16:52.7898019Z       },
fl-expunction-set	Print the verdict and the page digests to the log	2026-09-13T12:16:52.7898241Z       "calibrationResidualPx": 0,
fl-expunction-set	Print the verdict and the page digests to the log	2026-09-13T12:16:52.7898552Z       "inkFractionInsidePaper": 0.0315316770647653,
fl-expunction-set	Print the verdict and the page digests to the log	2026-09-13T12:16:52.7898848Z       "nonblank": true,
fl-expunction-set	Print the verdict and the page digests to the log	2026-09-13T12:16:52.7899094Z       "croppedToThePage": true
fl-expunction-set	Print the verdict and the page digests to the log	2026-09-13T12:16:52.7899329Z     },
fl-expunction-set	Print the verdict and the page digests to the log	2026-09-13T12:16:52.7899505Z     {
fl-expunction-set	Print the verdict and the page digests to the log	2026-09-13T12:16:52.7899690Z       "kind": "boundary",
fl-expunction-set	Print the verdict and the page digests to the log	2026-09-13T12:16:52.7899943Z       "document": "boundary.pdf",
fl-expunction-set	Print the verdict and the page digests to the log	2026-09-13T12:16:52.7900190Z       "page": 10,
fl-expunction-set	Print the verdict and the page digests to the log	2026-09-13T12:16:52.7900466Z       "png": "fl-expunction-set/boundary/page-010.png",
fl-expunction-set	Print the verdict and the page digests to the log	2026-09-13T12:16:52.7900776Z       "bytes": 153173,
fl-expunction-set	Print the verdict and the page digests to the log	2026-09-13T12:16:52.7901170Z       "pngSha256": "21d721085e3c09de2e7a485c482d95ddf6f71d97d013feebd862a475f10d2bc9",
fl-expunction-set	Print the verdict and the page digests to the log	2026-09-13T12:16:52.7901594Z       "pngWidth": 2040,
fl-expunction-set	Print the verdict and the page digests to the log	2026-09-13T12:16:52.7901815Z       "pngHeight": 2640,
fl-expunction-set	Print the verdict and the page digests to the log	2026-09-13T12:16:52.7902039Z       "paper": {
fl-expunction-set	Print the verdict and the page digests to the log	2026-09-13T12:16:52.7902235Z         "x0": 204,
fl-expunction-set	Print the verdict and the page digests to the log	2026-09-13T12:16:52.7902432Z         "y0": 3,
fl-expunction-set	Print the verdict and the page digests to the log	2026-09-13T12:16:52.7902622Z         "x1": 2243,
fl-expunction-set	Print the verdict and the page digests to the log	2026-09-13T12:16:52.7902817Z         "y1": 2642,
fl-expunction-set	Print the verdict and the page digests to the log	2026-09-13T12:16:52.7903010Z         "width": 2040,
fl-expunction-set	Print the verdict and the page digests to the log	2026-09-13T12:16:52.7903333Z         "height": 2640
fl-expunction-set	Print the verdict and the page digests to the log	2026-09-13T12:16:52.7903538Z       },
fl-expunction-set	Print the verdict and the page digests to the log	2026-09-13T12:16:52.7903757Z       "pxPerPt": 3.3333333333333335,
fl-expunction-set	Print the verdict and the page digests to the log	2026-09-13T12:16:52.7904045Z       "expectedPxPerPt": 3.333333333333333,
fl-expunction-set	Print the verdict and the page digests to the log	2026-09-13T12:16:52.7904328Z       "pageWidthPt": 612,
fl-expunction-set	Print the verdict and the page digests to the log	2026-09-13T12:16:52.7904565Z       "pageHeightPt": 792,
fl-expunction-set	Print the verdict and the page digests to the log	2026-09-13T12:16:52.7904794Z       "expectedPx": {
fl-expunction-set	Print the verdict and the page digests to the log	2026-09-13T12:16:52.7905028Z         "width": 2039.9999999999998,
fl-expunction-set	Print the verdict and the page digests to the log	2026-09-13T12:16:52.7905302Z         "height": 2639.9999999999995,
fl-expunction-set	Print the verdict and the page digests to the log	2026-09-13T12:16:52.7905583Z         "tolerancePx": 6.666666666666666
fl-expunction-set	Print the verdict and the page digests to the log	2026-09-13T12:16:52.7905831Z       },
fl-expunction-set	Print the verdict and the page digests to the log	2026-09-13T12:16:52.7906044Z       "calibrationResidualPx": 0,
fl-expunction-set	Print the verdict and the page digests to the log	2026-09-13T12:16:52.7906364Z       "inkFractionInsidePaper": 0.01523544266191325,
fl-expunction-set	Print the verdict and the page digests to the log	2026-09-13T12:16:52.7906659Z       "nonblank": true,
fl-expunction-set	Print the verdict and the page digests to the log	2026-09-13T12:16:52.7906907Z       "croppedToThePage": true
fl-expunction-set	Print the verdict and the page digests to the log	2026-09-13T12:16:52.7907138Z     }
fl-expunction-set	Print the verdict and the page digests to the log	2026-09-13T12:16:52.7907308Z   ],
fl-expunction-set	Print the verdict and the page digests to the log	2026-09-13T12:16:52.7907486Z   "problems": [],
fl-expunction-set	Print the verdict and the page digests to the log	2026-09-13T12:16:52.7907699Z   "environmentProblems": [],
fl-expunction-set	Print the verdict and the page digests to the log	2026-09-13T12:16:52.7908364Z   "whatThisDoesNotDecide": "This is one gate. RASTER_PASS does not make a family PASS_COMPLETE, promotes nothing, and opens no commercial route.",
fl-expunction-set	Print the verdict and the page digests to the log	2026-09-13T12:16:52.7908995Z   "packetPdfsModified": 0,
fl-expunction-set	Print the verdict and the page digests to the log	2026-09-13T12:16:52.7909239Z   "bodiesCommitted": 0,
fl-expunction-set	Print the verdict and the page digests to the log	2026-09-13T12:16:52.7909667Z   "commercialRoutesOpened": 0,
fl-expunction-set	Print the verdict and the page digests to the log	2026-09-13T12:16:52.7909921Z   "productionTouched": false
fl-expunction-set	Print the verdict and the page digests to the log	2026-09-13T12:16:52.7910149Z }
fl-expunction-set	Print the verdict and the page digests to the log	2026-09-13T12:16:52.7910452Z ===== END VERDICT fl-expunction-set.verdict.json =====
fl-expunction-set	Print the verdict and the page digests to the log	2026-09-13T12:16:52.7910813Z ===== BEGIN PAGE DIGESTS =====
fl-expunction-set	Print the verdict and the page digests to the log	2026-09-13T12:16:52.7911501Z 8c6359e46d2edc00d716f5f8bece69be3356f58f278772f617392d765ef1b5b5  raster-out/fl-expunction-set/boundary/page-001.png
fl-expunction-set	Print the verdict and the page digests to the log	2026-09-13T12:16:52.7912445Z 2fb38114ea8764317b41548b3ebf50784374ef6dbd58518e69827b03827f885f  raster-out/fl-expunction-set/boundary/page-002.png
fl-expunction-set	Print the verdict and the page digests to the log	2026-09-13T12:16:52.7913783Z c941f63d8c0fd8672f80f6f230cca1af702c679d6759f22fc092829fb5b15b5a  raster-out/fl-expunction-set/boundary/page-003.png
fl-expunction-set	Print the verdict and the page digests to the log	2026-09-13T12:16:52.7914722Z 3c416afa1857683dabbc70fcd233f3859722c67bbba4159b0000237214b0479a  raster-out/fl-expunction-set/boundary/page-004.png
fl-expunction-set	Print the verdict and the page digests to the log	2026-09-13T12:16:52.7915657Z 4004850be84a7febf37a5f3cd2e4ab67a53c3f8adbd79bf7c6177ededd303c55  raster-out/fl-expunction-set/boundary/page-005.png
fl-expunction-set	Print the verdict and the page digests to the log	2026-09-13T12:16:52.7916584Z 1f4dfc295788696159792fd7f0f6e1d5905577d06ea5def46538f9bff09e8731  raster-out/fl-expunction-set/boundary/page-006.png
fl-expunction-set	Print the verdict and the page digests to the log	2026-09-13T12:16:52.7917505Z bb96c962a8ecb3ff104c8661ddf579e1e7f4f70f0b0f34e93490083a9765da9f  raster-out/fl-expunction-set/boundary/page-007.png
fl-expunction-set	Print the verdict and the page digests to the log	2026-09-13T12:16:52.7918430Z 78aeac2b23009f661d57ba514e5a1d07abdd600394ba07f6e25ef1a24374f592  raster-out/fl-expunction-set/boundary/page-008.png
fl-expunction-set	Print the verdict and the page digests to the log	2026-09-13T12:16:52.7919345Z 5c34e0d6fae73411c42d1a780d322955b327b967c2373bb9eba8a9e0a7b40ab9  raster-out/fl-expunction-set/boundary/page-009.png
fl-expunction-set	Print the verdict and the page digests to the log	2026-09-13T12:16:52.7920266Z 21d721085e3c09de2e7a485c482d95ddf6f71d97d013feebd862a475f10d2bc9  raster-out/fl-expunction-set/boundary/page-010.png
fl-expunction-set	Print the verdict and the page digests to the log	2026-09-13T12:16:52.7921232Z fdf9f8df21429f4459e1e71439935564f702e709959de84e3fdc5e5e3a9270d9  raster-out/fl-expunction-set/boundary/page-calibration.png
fl-expunction-set	Print the verdict and the page digests to the log	2026-09-13T12:16:52.7922192Z 37f0a6eeb807bb98763be52a02ea9829465749da692b8472f52181812282224d  raster-out/fl-expunction-set/canonical/page-001.png
fl-expunction-set	Print the verdict and the page digests to the log	2026-09-13T12:16:52.7923326Z 35674412b7c5459b93b6bfdb745414d428a7fe1b27256785117ec2c784dbdf3b  raster-out/fl-expunction-set/canonical/page-002.png
fl-expunction-set	Print the verdict and the page digests to the log	2026-09-13T12:16:52.7924344Z 9c3435ac03d7b6cda0503aeac90a34a3ba22be07d61db54c15518ec923369126  raster-out/fl-expunction-set/canonical/page-003.png
fl-expunction-set	Print the verdict and the page digests to the log	2026-09-13T12:16:52.7925318Z 3c416afa1857683dabbc70fcd233f3859722c67bbba4159b0000237214b0479a  raster-out/fl-expunction-set/canonical/page-004.png
fl-expunction-set	Print the verdict and the page digests to the log	2026-09-13T12:16:52.7926253Z 4004850be84a7febf37a5f3cd2e4ab67a53c3f8adbd79bf7c6177ededd303c55  raster-out/fl-expunction-set/canonical/page-005.png
fl-expunction-set	Print the verdict and the page digests to the log	2026-09-13T12:16:52.7927186Z 1f4dfc295788696159792fd7f0f6e1d5905577d06ea5def46538f9bff09e8731  raster-out/fl-expunction-set/canonical/page-006.png
fl-expunction-set	Print the verdict and the page digests to the log	2026-09-13T12:16:52.7928111Z 07bbc59a56bd17ca09f8a8a45eaad8850f4aa021edb5d2ae541132651b4a35ed  raster-out/fl-expunction-set/canonical/page-007.png
fl-expunction-set	Print the verdict and the page digests to the log	2026-09-13T12:16:52.7929051Z 09d7da7bfe8f2471cef418c873a4ee86b5249fce167bd60ce52dfa72003a67f6  raster-out/fl-expunction-set/canonical/page-008.png
fl-expunction-set	Print the verdict and the page digests to the log	2026-09-13T12:16:52.7929984Z f3c2e7c4f6e01329ae3c5039aa798e2afbe84e71e231db016184442f55e0ac0b  raster-out/fl-expunction-set/canonical/page-009.png
fl-expunction-set	Print the verdict and the page digests to the log	2026-09-13T12:16:52.7930899Z 0f92e3d3432b4fe775a2ce8e8933760346ee950f2d88dab7829321220e50cf35  raster-out/fl-expunction-set/canonical/page-010.png
fl-expunction-set	Print the verdict and the page digests to the log	2026-09-13T12:16:52.7931870Z beccd5a76332b65696d75f319c6394eb17a7ec660d2b463521dab69e1e12f9b2  raster-out/fl-expunction-set/canonical/page-calibration.png
fl-expunction-set	Print the verdict and the page digests to the log	2026-09-13T12:16:52.7932474Z ===== END PAGE DIGESTS =====
fl-expunction-set	Refuse a modified packet byte	﻿2026-09-13T12:16:52.7958232Z ##[group]Run set -euo pipefail
fl-expunction-set	Refuse a modified packet byte	2026-09-13T12:16:52.7958567Z ^[[36;1mset -euo pipefail^[[0m
fl-expunction-set	Refuse a modified packet byte	2026-09-13T12:16:52.7958923Z ^[[36;1m# The render writes only under raster-out/. If a tracked file moved,^[[0m
fl-expunction-set	Refuse a modified packet byte	2026-09-13T12:16:52.7959331Z ^[[36;1m# something wrote where it must not.^[[0m
fl-expunction-set	Refuse a modified packet byte	2026-09-13T12:16:52.7959666Z ^[[36;1mgit diff --quiet && git diff --cached --quiet \^[[0m
fl-expunction-set	Refuse a modified packet byte	2026-09-13T12:16:52.7960154Z ^[[36;1m  || { echo "REFUSED: the render modified tracked files"; git status --porcelain; exit 1; }^[[0m
fl-expunction-set	Refuse a modified packet byte	2026-09-13T12:16:52.7996835Z shell: /usr/bin/bash -e {0}
fl-expunction-set	Refuse a modified packet byte	2026-09-13T12:16:52.7997088Z env:
fl-expunction-set	Refuse a modified packet byte	2026-09-13T12:16:52.7997354Z   pythonLocation: /opt/hostedtoolcache/Python/3.12.14/x64
fl-expunction-set	Refuse a modified packet byte	2026-09-13T12:16:52.7997791Z   PKG_CONFIG_PATH: /opt/hostedtoolcache/Python/3.12.14/x64/lib/pkgconfig
fl-expunction-set	Refuse a modified packet byte	2026-09-13T12:16:52.7998223Z   Python_ROOT_DIR: /opt/hostedtoolcache/Python/3.12.14/x64
fl-expunction-set	Refuse a modified packet byte	2026-09-13T12:16:52.7998619Z   Python2_ROOT_DIR: /opt/hostedtoolcache/Python/3.12.14/x64
fl-expunction-set	Refuse a modified packet byte	2026-09-13T12:16:52.7999001Z   Python3_ROOT_DIR: /opt/hostedtoolcache/Python/3.12.14/x64
fl-expunction-set	Refuse a modified packet byte	2026-09-13T12:16:52.7999424Z   LD_LIBRARY_PATH: /opt/hostedtoolcache/Python/3.12.14/x64/lib
fl-expunction-set	Refuse a modified packet byte	2026-09-13T12:16:52.7999975Z   PLAYWRIGHT_BROWSERS_PATH: /home/runner/.cache/ms-playwright
fl-expunction-set	Refuse a modified packet byte	2026-09-13T12:16:52.8000307Z ##[endgroup]
fl-expunction-set	Artifact-safe label for this family	﻿2026-09-13T12:16:52.9758086Z ##[group]Run printf 'FAMILY_SLUG=%s\n' "$(printf '%s' "$FAMILY" | tr -c 'A-Za-z0-9._-' '_')" >> "$GITHUB_ENV"
fl-expunction-set	Artifact-safe label for this family	2026-09-13T12:16:52.9759235Z ^[[36;1mprintf 'FAMILY_SLUG=%s\n' "$(printf '%s' "$FAMILY" | tr -c 'A-Za-z0-9._-' '_')" >> "$GITHUB_ENV"^[[0m
fl-expunction-set	Artifact-safe label for this family	2026-09-13T12:16:52.9807432Z shell: /usr/bin/bash -e {0}
fl-expunction-set	Artifact-safe label for this family	2026-09-13T12:16:52.9807715Z env:
fl-expunction-set	Artifact-safe label for this family	2026-09-13T12:16:52.9808012Z   pythonLocation: /opt/hostedtoolcache/Python/3.12.14/x64
fl-expunction-set	Artifact-safe label for this family	2026-09-13T12:16:52.9808498Z   PKG_CONFIG_PATH: /opt/hostedtoolcache/Python/3.12.14/x64/lib/pkgconfig
fl-expunction-set	Artifact-safe label for this family	2026-09-13T12:16:52.9808954Z   Python_ROOT_DIR: /opt/hostedtoolcache/Python/3.12.14/x64
fl-expunction-set	Artifact-safe label for this family	2026-09-13T12:16:52.9809355Z   Python2_ROOT_DIR: /opt/hostedtoolcache/Python/3.12.14/x64
fl-expunction-set	Artifact-safe label for this family	2026-09-13T12:16:52.9809763Z   Python3_ROOT_DIR: /opt/hostedtoolcache/Python/3.12.14/x64
fl-expunction-set	Artifact-safe label for this family	2026-09-13T12:16:52.9810171Z   LD_LIBRARY_PATH: /opt/hostedtoolcache/Python/3.12.14/x64/lib
fl-expunction-set	Artifact-safe label for this family	2026-09-13T12:16:52.9810576Z   PLAYWRIGHT_BROWSERS_PATH: /home/runner/.cache/ms-playwright
fl-expunction-set	Artifact-safe label for this family	2026-09-13T12:16:52.9810915Z   FAMILY: fl-expunction-set
fl-expunction-set	Artifact-safe label for this family	2026-09-13T12:16:52.9811212Z ##[endgroup]
fl-expunction-set	Run actions/upload-artifact@v4	﻿2026-09-13T12:16:52.9946945Z Node 20 is being deprecated. This workflow is running with Node 24 by default. If you need to temporarily use Node 20, you can set the ACTIONS_ALLOW_USE_UNSECURE_NODE_VERSION=true environment variable. For more information see: https://github.blog/changelog/2025-09-19-deprecation-of-node-20-on-github-actions-runners/
fl-expunction-set	Run actions/upload-artifact@v4	2026-09-13T12:16:52.9948270Z ##[group]Run actions/upload-artifact@v4
fl-expunction-set	Run actions/upload-artifact@v4	2026-09-13T12:16:52.9948550Z with:
fl-expunction-set	Run actions/upload-artifact@v4	2026-09-13T12:16:52.9948800Z   name: rcap-raster-fl-expunction-set-34756193839
fl-expunction-set	Run actions/upload-artifact@v4	2026-09-13T12:16:52.9949105Z   path: raster-out/
fl-expunction-set	Run actions/upload-artifact@v4	2026-09-13T12:16:52.9949321Z   if-no-files-found: error
fl-expunction-set	Run actions/upload-artifact@v4	2026-09-13T12:16:52.9949547Z   retention-days: 14
fl-expunction-set	Run actions/upload-artifact@v4	2026-09-13T12:16:52.9949756Z   compression-level: 6
fl-expunction-set	Run actions/upload-artifact@v4	2026-09-13T12:16:52.9949976Z   overwrite: false
fl-expunction-set	Run actions/upload-artifact@v4	2026-09-13T12:16:52.9950182Z   include-hidden-files: false
fl-expunction-set	Run actions/upload-artifact@v4	2026-09-13T12:16:52.9950416Z env:
fl-expunction-set	Run actions/upload-artifact@v4	2026-09-13T12:16:52.9950663Z   pythonLocation: /opt/hostedtoolcache/Python/3.12.14/x64
fl-expunction-set	Run actions/upload-artifact@v4	2026-09-13T12:16:52.9951093Z   PKG_CONFIG_PATH: /opt/hostedtoolcache/Python/3.12.14/x64/lib/pkgconfig
fl-expunction-set	Run actions/upload-artifact@v4	2026-09-13T12:16:52.9951574Z   Python_ROOT_DIR: /opt/hostedtoolcache/Python/3.12.14/x64
fl-expunction-set	Run actions/upload-artifact@v4	2026-09-13T12:16:52.9951958Z   Python2_ROOT_DIR: /opt/hostedtoolcache/Python/3.12.14/x64
fl-expunction-set	Run actions/upload-artifact@v4	2026-09-13T12:16:52.9952336Z   Python3_ROOT_DIR: /opt/hostedtoolcache/Python/3.12.14/x64
fl-expunction-set	Run actions/upload-artifact@v4	2026-09-13T12:16:52.9952718Z   LD_LIBRARY_PATH: /opt/hostedtoolcache/Python/3.12.14/x64/lib
fl-expunction-set	Run actions/upload-artifact@v4	2026-09-13T12:16:52.9953385Z   PLAYWRIGHT_BROWSERS_PATH: /home/runner/.cache/ms-playwright
fl-expunction-set	Run actions/upload-artifact@v4	2026-09-13T12:16:52.9953786Z   FAMILY_SLUG: fl-expunction-set
fl-expunction-set	Run actions/upload-artifact@v4	2026-09-13T12:16:52.9954034Z ##[endgroup]
fl-expunction-set	Run actions/upload-artifact@v4	2026-09-13T12:16:53.1748951Z (node:6263) [DEP0040] DeprecationWarning: The `punycode` module is deprecated. Please use a userland alternative instead.
fl-expunction-set	Run actions/upload-artifact@v4	2026-09-13T12:16:53.1750540Z (Use `node --trace-deprecation ...` to show where the warning was created)
fl-expunction-set	Run actions/upload-artifact@v4	2026-09-13T12:16:53.1905984Z With the provided path, there will be 28 files uploaded
fl-expunction-set	Run actions/upload-artifact@v4	2026-09-13T12:16:53.1914312Z Artifact name is valid!
fl-expunction-set	Run actions/upload-artifact@v4	2026-09-13T12:16:53.1915405Z Root directory input is valid!
fl-expunction-set	Run actions/upload-artifact@v4	2026-09-13T12:16:53.5860928Z Beginning upload of artifact content to blob storage
fl-expunction-set	Run actions/upload-artifact@v4	2026-09-13T12:16:53.8645304Z (node:6263) [DEP0169] DeprecationWarning: `url.parse()` behavior is not standardized and prone to errors that have security implications. Use the WHATWG URL API instead. CVEs are not issued for `url.parse()` vulnerabilities.
fl-expunction-set	Run actions/upload-artifact@v4	2026-09-13T12:16:54.7781793Z Uploaded bytes 6706275
fl-expunction-set	Run actions/upload-artifact@v4	2026-09-13T12:16:54.8698087Z Finished uploading artifact content to blob storage!
fl-expunction-set	Run actions/upload-artifact@v4	2026-09-13T12:16:54.8700234Z SHA256 digest of uploaded artifact zip is 353dc6d187130dbacc15a6f52fe318c91bf902c6cf376195d26281b52f72132b
fl-expunction-set	Run actions/upload-artifact@v4	2026-09-13T12:16:54.8701706Z Finalizing artifact upload
fl-expunction-set	Run actions/upload-artifact@v4	2026-09-13T12:16:55.1305769Z Artifact rcap-raster-fl-expunction-set-34756193839.zip successfully finalized. Artifact ID 10317326896
fl-expunction-set	Run actions/upload-artifact@v4	2026-09-13T12:16:55.1308780Z Artifact rcap-raster-fl-expunction-set-34756193839 has been successfully uploaded! Final size is 6706275 bytes. Artifact ID is 10317326896
fl-expunction-set	Run actions/upload-artifact@v4	2026-09-13T12:16:55.1312036Z Artifact download URL: https://github.com/Roger-LegalEase/legalease-partner-dashboard-clean/actions/runs/34756193839/artifacts/10317326896
fl-expunction-set	Post Run actions/setup-python@v5	﻿2026-09-13T12:16:55.1506554Z Node 20 is being deprecated. This workflow is running with Node 24 by default. If you need to temporarily use Node 20, you can set the ACTIONS_ALLOW_USE_UNSECURE_NODE_VERSION=true environment variable. For more information see: https://github.blog/changelog/2025-09-19-deprecation-of-node-20-on-github-actions-runners/
fl-expunction-set	Post Run actions/setup-python@v5	2026-09-13T12:16:55.1507810Z Post job cleanup.
fl-expunction-set	Post Run actions/setup-python@v5	2026-09-13T12:16:55.2728324Z (node:6275) [DEP0040] DeprecationWarning: The `punycode` module is deprecated. Please use a userland alternative instead.
fl-expunction-set	Post Run actions/setup-python@v5	2026-09-13T12:16:55.2730043Z (Use `node --trace-deprecation ...` to show where the warning was created)
fl-expunction-set	Post Run actions/setup-node@v4	﻿2026-09-13T12:16:55.2892419Z Node 20 is being deprecated. This workflow is running with Node 24 by default. If you need to temporarily use Node 20, you can set the ACTIONS_ALLOW_USE_UNSECURE_NODE_VERSION=true environment variable. For more information see: https://github.blog/changelog/2025-09-19-deprecation-of-node-20-on-github-actions-runners/
fl-expunction-set	Post Run actions/setup-node@v4	2026-09-13T12:16:55.2894065Z Post job cleanup.
fl-expunction-set	Post Run actions/setup-node@v4	2026-09-13T12:16:55.4212538Z (node:6283) [DEP0040] DeprecationWarning: The `punycode` module is deprecated. Please use a userland alternative instead.
fl-expunction-set	Post Run actions/setup-node@v4	2026-09-13T12:16:55.4214218Z (Use `node --trace-deprecation ...` to show where the warning was created)
fl-expunction-set	Post Run actions/checkout@v4	﻿2026-09-13T12:16:55.4399329Z Node 20 is being deprecated. This workflow is running with Node 24 by default. If you need to temporarily use Node 20, you can set the ACTIONS_ALLOW_USE_UNSECURE_NODE_VERSION=true environment variable. For more information see: https://github.blog/changelog/2025-09-19-deprecation-of-node-20-on-github-actions-runners/
fl-expunction-set	Post Run actions/checkout@v4	2026-09-13T12:16:55.4400625Z Post job cleanup.
fl-expunction-set	Post Run actions/checkout@v4	2026-09-13T12:16:55.5347200Z [command]/usr/bin/git version
fl-expunction-set	Post Run actions/checkout@v4	2026-09-13T12:16:55.5405000Z git version 2.55.0
fl-expunction-set	Post Run actions/checkout@v4	2026-09-13T12:16:55.5451401Z Temporarily overriding HOME='/home/runner/work/_temp/4f99f343-68f2-484c-89f1-dac0cdbcea24' before making global git config changes
fl-expunction-set	Post Run actions/checkout@v4	2026-09-13T12:16:55.5453568Z Adding repository directory to the temporary git global config as a safe directory
fl-expunction-set	Post Run actions/checkout@v4	2026-09-13T12:16:55.5459251Z [command]/usr/bin/git config --global --add safe.directory /home/runner/work/legalease-partner-dashboard-clean/legalease-partner-dashboard-clean
fl-expunction-set	Post Run actions/checkout@v4	2026-09-13T12:16:55.5507831Z [command]/usr/bin/git config --local --name-only --get-regexp core\.sshCommand
fl-expunction-set	Post Run actions/checkout@v4	2026-09-13T12:16:55.5550661Z [command]/usr/bin/git submodule foreach --recursive sh -c "git config --local --name-only --get-regexp 'core\.sshCommand' && git config --local --unset-all 'core.sshCommand' || :"
fl-expunction-set	Post Run actions/checkout@v4	2026-09-13T12:16:55.5875053Z [command]/usr/bin/git config --local --name-only --get-regexp http\.https\:\/\/github\.com\/\.extraheader
fl-expunction-set	Post Run actions/checkout@v4	2026-09-13T12:16:55.5904104Z http.https://github.com/.extraheader
fl-expunction-set	Post Run actions/checkout@v4	2026-09-13T12:16:55.5916977Z [command]/usr/bin/git config --local --unset-all http.https://github.com/.extraheader
fl-expunction-set	Post Run actions/checkout@v4	2026-09-13T12:16:55.5956569Z [command]/usr/bin/git submodule foreach --recursive sh -c "git config --local --name-only --get-regexp 'http\.https\:\/\/github\.com\/\.extraheader' && git config --local --unset-all 'http.https://github.com/.extraheader' || :"
fl-expunction-set	Post Run actions/checkout@v4	2026-09-13T12:16:55.6266979Z [command]/usr/bin/git config --local --name-only --get-regexp ^includeIf\.gitdir:
fl-expunction-set	Post Run actions/checkout@v4	2026-09-13T12:16:55.6314770Z [command]/usr/bin/git submodule foreach --recursive git config --local --show-origin --name-only --get-regexp remote.origin.url
fl-expunction-set	Complete job	﻿2026-09-13T12:16:55.6756450Z Cleaning up orphan processes
fl-expunction-set	Complete job	2026-09-13T12:16:55.7181171Z ##[warning]Node.js 20 is deprecated. The following actions target Node.js 20 but are being forced to run on Node.js 24: actions/checkout@v4, actions/setup-node@v4, actions/setup-python@v5, actions/upload-artifact@v4. For more information see: https://github.blog/changelog/2025-09-19-deprecation-of-node-20-on-github-actions-runners/
