ks-21-6614-specialty-court-set	Set up job	﻿2026-09-12T04:18:55.7918992Z Current runner version: '2.337.0'
ks-21-6614-specialty-court-set	Set up job	2026-09-12T04:18:55.7944730Z ##[group]Runner Image Provisioner
ks-21-6614-specialty-court-set	Set up job	2026-09-12T04:18:55.7945950Z Hosted Compute Agent
ks-21-6614-specialty-court-set	Set up job	2026-09-12T04:18:55.7946540Z Version: 20260828.587
ks-21-6614-specialty-court-set	Set up job	2026-09-12T04:18:55.7947173Z Commit: abac92662cab4cc7352de4f9f9d2e2419aad9c29
ks-21-6614-specialty-court-set	Set up job	2026-09-12T04:18:55.7947885Z Build Date: 2026-08-28T16:44:25Z
ks-21-6614-specialty-court-set	Set up job	2026-09-12T04:18:55.7948563Z Worker ID: {ec43f8a0-d18c-4bf6-b4f9-a7ecb63eab84}
ks-21-6614-specialty-court-set	Set up job	2026-09-12T04:18:55.7949311Z Azure Region: westus3
ks-21-6614-specialty-court-set	Set up job	2026-09-12T04:18:55.7949863Z ##[endgroup]
ks-21-6614-specialty-court-set	Set up job	2026-09-12T04:18:55.7951153Z ##[group]Operating System
ks-21-6614-specialty-court-set	Set up job	2026-09-12T04:18:55.7951763Z Ubuntu
ks-21-6614-specialty-court-set	Set up job	2026-09-12T04:18:55.7952308Z 24.04.5
ks-21-6614-specialty-court-set	Set up job	2026-09-12T04:18:55.7952971Z LTS
ks-21-6614-specialty-court-set	Set up job	2026-09-12T04:18:55.7953557Z ##[endgroup]
ks-21-6614-specialty-court-set	Set up job	2026-09-12T04:18:55.7954378Z ##[group]Runner Image
ks-21-6614-specialty-court-set	Set up job	2026-09-12T04:18:55.7955062Z Image: ubuntu-24.04
ks-21-6614-specialty-court-set	Set up job	2026-09-12T04:18:55.7955824Z Version: 20260907.300.1
ks-21-6614-specialty-court-set	Set up job	2026-09-12T04:18:55.7956930Z Included Software: https://github.com/actions/runner-images/blob/ubuntu24/20260907.300/images/ubuntu/Ubuntu2404-Readme.md
ks-21-6614-specialty-court-set	Set up job	2026-09-12T04:18:55.7958753Z Image Release: https://github.com/actions/runner-images/releases/tag/ubuntu24%2F20260907.300
ks-21-6614-specialty-court-set	Set up job	2026-09-12T04:18:55.7959845Z ##[endgroup]
ks-21-6614-specialty-court-set	Set up job	2026-09-12T04:18:55.7960954Z ##[group]GITHUB_TOKEN Permissions
ks-21-6614-specialty-court-set	Set up job	2026-09-12T04:18:55.7963405Z Contents: read
ks-21-6614-specialty-court-set	Set up job	2026-09-12T04:18:55.7964081Z Metadata: read
ks-21-6614-specialty-court-set	Set up job	2026-09-12T04:18:55.7964676Z ##[endgroup]
ks-21-6614-specialty-court-set	Set up job	2026-09-12T04:18:55.7966880Z Secret source: Actions
ks-21-6614-specialty-court-set	Set up job	2026-09-12T04:18:55.7967854Z Cache mode: write
ks-21-6614-specialty-court-set	Set up job	2026-09-12T04:18:55.7968549Z Prepare workflow directory
ks-21-6614-specialty-court-set	Set up job	2026-09-12T04:18:55.8266250Z Prepare all required actions
ks-21-6614-specialty-court-set	Set up job	2026-09-12T04:18:55.8321560Z Getting action download info
ks-21-6614-specialty-court-set	Set up job	2026-09-12T04:18:56.1543762Z Download action repository 'actions/checkout@v4' (SHA:11d5960a326750d5838078e36cf38b85af677262)
ks-21-6614-specialty-court-set	Set up job	2026-09-12T04:18:56.4074400Z Download action repository 'actions/setup-node@v4' (SHA:49933ea5288caeca8642d1e84afbd3f7d6820020)
ks-21-6614-specialty-court-set	Set up job	2026-09-12T04:18:56.5962051Z Download action repository 'actions/setup-python@v5' (SHA:a26af69be951a213d495a4c3e4e4022e16d87065)
ks-21-6614-specialty-court-set	Set up job	2026-09-12T04:18:56.7787136Z Download action repository 'actions/upload-artifact@v4' (SHA:ea165f8d65b6e75b540449e92b4886f43607fa02)
ks-21-6614-specialty-court-set	Set up job	2026-09-12T04:18:57.0479213Z Complete job name: ks-21-6614-specialty-court-set
ks-21-6614-specialty-court-set	Run actions/checkout@v4	﻿2026-09-12T04:18:57.1105710Z Node 20 is being deprecated. This workflow is running with Node 24 by default. If you need to temporarily use Node 20, you can set the ACTIONS_ALLOW_USE_UNSECURE_NODE_VERSION=true environment variable. For more information see: https://github.blog/changelog/2025-09-19-deprecation-of-node-20-on-github-actions-runners/
ks-21-6614-specialty-court-set	Run actions/checkout@v4	2026-09-12T04:18:57.1113413Z ##[group]Run actions/checkout@v4
ks-21-6614-specialty-court-set	Run actions/checkout@v4	2026-09-12T04:18:57.1114364Z with:
ks-21-6614-specialty-court-set	Run actions/checkout@v4	2026-09-12T04:18:57.1115089Z   ref: 29e246bd94f489e159e11e23121db6d0d5a79f4a
ks-21-6614-specialty-court-set	Run actions/checkout@v4	2026-09-12T04:18:57.1116589Z   repository: Roger-LegalEase/legalease-partner-dashboard-clean
ks-21-6614-specialty-court-set	Run actions/checkout@v4	2026-09-12T04:18:57.1120971Z   token: ***
ks-21-6614-specialty-court-set	Run actions/checkout@v4	2026-09-12T04:18:57.1121657Z   ssh-strict: true
ks-21-6614-specialty-court-set	Run actions/checkout@v4	2026-09-12T04:18:57.1122606Z   ssh-user: git
ks-21-6614-specialty-court-set	Run actions/checkout@v4	2026-09-12T04:18:57.1123338Z   persist-credentials: true
ks-21-6614-specialty-court-set	Run actions/checkout@v4	2026-09-12T04:18:57.1124132Z   clean: true
ks-21-6614-specialty-court-set	Run actions/checkout@v4	2026-09-12T04:18:57.1124831Z   sparse-checkout-cone-mode: true
ks-21-6614-specialty-court-set	Run actions/checkout@v4	2026-09-12T04:18:57.1125730Z   fetch-depth: 1
ks-21-6614-specialty-court-set	Run actions/checkout@v4	2026-09-12T04:18:57.1126405Z   fetch-tags: false
ks-21-6614-specialty-court-set	Run actions/checkout@v4	2026-09-12T04:18:57.1127136Z   show-progress: true
ks-21-6614-specialty-court-set	Run actions/checkout@v4	2026-09-12T04:18:57.1127936Z   lfs: false
ks-21-6614-specialty-court-set	Run actions/checkout@v4	2026-09-12T04:18:57.1128611Z   submodules: false
ks-21-6614-specialty-court-set	Run actions/checkout@v4	2026-09-12T04:18:57.1129336Z   set-safe-directory: true
ks-21-6614-specialty-court-set	Run actions/checkout@v4	2026-09-12T04:18:57.1130108Z   allow-unsafe-pr-checkout: false
ks-21-6614-specialty-court-set	Run actions/checkout@v4	2026-09-12T04:18:57.1131178Z ##[endgroup]
ks-21-6614-specialty-court-set	Run actions/checkout@v4	2026-09-12T04:18:57.2021134Z Syncing repository: Roger-LegalEase/legalease-partner-dashboard-clean
ks-21-6614-specialty-court-set	Run actions/checkout@v4	2026-09-12T04:18:57.2024471Z ##[group]Getting Git version info
ks-21-6614-specialty-court-set	Run actions/checkout@v4	2026-09-12T04:18:57.2026684Z Working directory is '/home/runner/work/legalease-partner-dashboard-clean/legalease-partner-dashboard-clean'
ks-21-6614-specialty-court-set	Run actions/checkout@v4	2026-09-12T04:18:57.2029488Z [command]/usr/bin/git version
ks-21-6614-specialty-court-set	Run actions/checkout@v4	2026-09-12T04:18:57.2059600Z git version 2.55.0
ks-21-6614-specialty-court-set	Run actions/checkout@v4	2026-09-12T04:18:57.2076317Z ##[endgroup]
ks-21-6614-specialty-court-set	Run actions/checkout@v4	2026-09-12T04:18:57.2086295Z Temporarily overriding HOME='/home/runner/work/_temp/9b4aaedb-2f84-4b52-8ba8-645824bfd02a' before making global git config changes
ks-21-6614-specialty-court-set	Run actions/checkout@v4	2026-09-12T04:18:57.2089308Z Adding repository directory to the temporary git global config as a safe directory
ks-21-6614-specialty-court-set	Run actions/checkout@v4	2026-09-12T04:18:57.2092000Z [command]/usr/bin/git config --global --add safe.directory /home/runner/work/legalease-partner-dashboard-clean/legalease-partner-dashboard-clean
ks-21-6614-specialty-court-set	Run actions/checkout@v4	2026-09-12T04:18:57.2593327Z Deleting the contents of '/home/runner/work/legalease-partner-dashboard-clean/legalease-partner-dashboard-clean'
ks-21-6614-specialty-court-set	Run actions/checkout@v4	2026-09-12T04:18:57.2597157Z ##[group]Initializing the repository
ks-21-6614-specialty-court-set	Run actions/checkout@v4	2026-09-12T04:18:57.2601443Z [command]/usr/bin/git init /home/runner/work/legalease-partner-dashboard-clean/legalease-partner-dashboard-clean
ks-21-6614-specialty-court-set	Run actions/checkout@v4	2026-09-12T04:18:57.2938809Z hint: Using 'master' as the name for the initial branch. This default branch name
ks-21-6614-specialty-court-set	Run actions/checkout@v4	2026-09-12T04:18:57.2940488Z hint: will change to "main" in Git 3.0. To configure the initial branch name
ks-21-6614-specialty-court-set	Run actions/checkout@v4	2026-09-12T04:18:57.2942093Z hint: to use in all of your new repositories, which will suppress this warning,
ks-21-6614-specialty-court-set	Run actions/checkout@v4	2026-09-12T04:18:57.2943471Z hint: call:
ks-21-6614-specialty-court-set	Run actions/checkout@v4	2026-09-12T04:18:57.2944434Z hint:
ks-21-6614-specialty-court-set	Run actions/checkout@v4	2026-09-12T04:18:57.2945505Z hint: 	git config --global init.defaultBranch <name>
ks-21-6614-specialty-court-set	Run actions/checkout@v4	2026-09-12T04:18:57.2946418Z hint:
ks-21-6614-specialty-court-set	Run actions/checkout@v4	2026-09-12T04:18:57.2947252Z hint: Names commonly chosen instead of 'master' are 'main', 'trunk' and
ks-21-6614-specialty-court-set	Run actions/checkout@v4	2026-09-12T04:18:57.2949003Z hint: 'development'. The just-created branch can be renamed via this command:
ks-21-6614-specialty-court-set	Run actions/checkout@v4	2026-09-12T04:18:57.2950036Z hint:
ks-21-6614-specialty-court-set	Run actions/checkout@v4	2026-09-12T04:18:57.2950715Z hint: 	git branch -m <name>
ks-21-6614-specialty-court-set	Run actions/checkout@v4	2026-09-12T04:18:57.2951446Z hint:
ks-21-6614-specialty-court-set	Run actions/checkout@v4	2026-09-12T04:18:57.2952334Z hint: Disable this message with "git config set advice.defaultBranchName false"
ks-21-6614-specialty-court-set	Run actions/checkout@v4	2026-09-12T04:18:57.2954247Z Initialized empty Git repository in /home/runner/work/legalease-partner-dashboard-clean/legalease-partner-dashboard-clean/.git/
ks-21-6614-specialty-court-set	Run actions/checkout@v4	2026-09-12T04:18:57.2957275Z [command]/usr/bin/git remote add origin https://github.com/Roger-LegalEase/legalease-partner-dashboard-clean
ks-21-6614-specialty-court-set	Run actions/checkout@v4	2026-09-12T04:18:57.2990198Z ##[endgroup]
ks-21-6614-specialty-court-set	Run actions/checkout@v4	2026-09-12T04:18:57.2991524Z ##[group]Disabling automatic garbage collection
ks-21-6614-specialty-court-set	Run actions/checkout@v4	2026-09-12T04:18:57.2992820Z [command]/usr/bin/git config --local gc.auto 0
ks-21-6614-specialty-court-set	Run actions/checkout@v4	2026-09-12T04:18:57.3016662Z ##[endgroup]
ks-21-6614-specialty-court-set	Run actions/checkout@v4	2026-09-12T04:18:57.3017803Z ##[group]Setting up auth
ks-21-6614-specialty-court-set	Run actions/checkout@v4	2026-09-12T04:18:57.3020885Z [command]/usr/bin/git config --local --name-only --get-regexp core\.sshCommand
ks-21-6614-specialty-court-set	Run actions/checkout@v4	2026-09-12T04:18:57.3046757Z [command]/usr/bin/git submodule foreach --recursive sh -c "git config --local --name-only --get-regexp 'core\.sshCommand' && git config --local --unset-all 'core.sshCommand' || :"
ks-21-6614-specialty-court-set	Run actions/checkout@v4	2026-09-12T04:18:57.3322460Z [command]/usr/bin/git config --local --name-only --get-regexp http\.https\:\/\/github\.com\/\.extraheader
ks-21-6614-specialty-court-set	Run actions/checkout@v4	2026-09-12T04:18:57.3347195Z [command]/usr/bin/git submodule foreach --recursive sh -c "git config --local --name-only --get-regexp 'http\.https\:\/\/github\.com\/\.extraheader' && git config --local --unset-all 'http.https://github.com/.extraheader' || :"
ks-21-6614-specialty-court-set	Run actions/checkout@v4	2026-09-12T04:18:57.3499796Z [command]/usr/bin/git config --local --name-only --get-regexp ^includeIf\.gitdir:
ks-21-6614-specialty-court-set	Run actions/checkout@v4	2026-09-12T04:18:57.3524532Z [command]/usr/bin/git submodule foreach --recursive git config --local --show-origin --name-only --get-regexp remote.origin.url
ks-21-6614-specialty-court-set	Run actions/checkout@v4	2026-09-12T04:18:57.3680590Z [command]/usr/bin/git config --local http.https://github.com/.extraheader AUTHORIZATION: basic ***
ks-21-6614-specialty-court-set	Run actions/checkout@v4	2026-09-12T04:18:57.3709429Z ##[endgroup]
ks-21-6614-specialty-court-set	Run actions/checkout@v4	2026-09-12T04:18:57.3711420Z ##[group]Fetching the repository
ks-21-6614-specialty-court-set	Run actions/checkout@v4	2026-09-12T04:18:57.3718611Z [command]/usr/bin/git -c protocol.version=2 fetch --no-tags --prune --no-recurse-submodules --depth=1 origin 29e246bd94f489e159e11e23121db6d0d5a79f4a
ks-21-6614-specialty-court-set	Run actions/checkout@v4	2026-09-12T04:20:06.7889954Z From https://github.com/Roger-LegalEase/legalease-partner-dashboard-clean
ks-21-6614-specialty-court-set	Run actions/checkout@v4	2026-09-12T04:20:06.7891066Z  * branch              29e246bd94f489e159e11e23121db6d0d5a79f4a -> FETCH_HEAD
ks-21-6614-specialty-court-set	Run actions/checkout@v4	2026-09-12T04:20:06.7894103Z ##[endgroup]
ks-21-6614-specialty-court-set	Run actions/checkout@v4	2026-09-12T04:20:06.7895048Z ##[group]Determining the checkout info
ks-21-6614-specialty-court-set	Run actions/checkout@v4	2026-09-12T04:20:06.7896323Z ##[endgroup]
ks-21-6614-specialty-court-set	Run actions/checkout@v4	2026-09-12T04:20:06.7902818Z [command]/usr/bin/git sparse-checkout disable
ks-21-6614-specialty-court-set	Run actions/checkout@v4	2026-09-12T04:20:06.9372759Z [command]/usr/bin/git config --local --unset-all extensions.worktreeConfig
ks-21-6614-specialty-court-set	Run actions/checkout@v4	2026-09-12T04:20:06.9400942Z ##[group]Checking out the ref
ks-21-6614-specialty-court-set	Run actions/checkout@v4	2026-09-12T04:20:06.9418863Z [command]/usr/bin/git checkout --progress --force 29e246bd94f489e159e11e23121db6d0d5a79f4a
ks-21-6614-specialty-court-set	Run actions/checkout@v4	2026-09-12T04:20:07.9923366Z Updating files:  12% (3176/24872)
ks-21-6614-specialty-court-set	Run actions/checkout@v4	2026-09-12T04:20:08.0428618Z Updating files:  13% (3234/24872)
ks-21-6614-specialty-court-set	Run actions/checkout@v4	2026-09-12T04:20:08.1279835Z Updating files:  14% (3483/24872)
ks-21-6614-specialty-court-set	Run actions/checkout@v4	2026-09-12T04:20:08.2086724Z Updating files:  15% (3731/24872)
ks-21-6614-specialty-court-set	Run actions/checkout@v4	2026-09-12T04:20:08.2694960Z Updating files:  16% (3980/24872)
ks-21-6614-specialty-court-set	Run actions/checkout@v4	2026-09-12T04:20:08.3744981Z Updating files:  17% (4229/24872)
ks-21-6614-specialty-court-set	Run actions/checkout@v4	2026-09-12T04:20:08.5551358Z Updating files:  18% (4477/24872)
ks-21-6614-specialty-court-set	Run actions/checkout@v4	2026-09-12T04:20:08.6905719Z Updating files:  19% (4726/24872)
ks-21-6614-specialty-court-set	Run actions/checkout@v4	2026-09-12T04:20:08.8638065Z Updating files:  20% (4975/24872)
ks-21-6614-specialty-court-set	Run actions/checkout@v4	2026-09-12T04:20:08.9818756Z Updating files:  21% (5224/24872)
ks-21-6614-specialty-court-set	Run actions/checkout@v4	2026-09-12T04:20:08.9923337Z Updating files:  21% (5439/24872)
ks-21-6614-specialty-court-set	Run actions/checkout@v4	2026-09-12T04:20:09.0417043Z Updating files:  22% (5472/24872)
ks-21-6614-specialty-court-set	Run actions/checkout@v4	2026-09-12T04:20:09.1203081Z Updating files:  23% (5721/24872)
ks-21-6614-specialty-court-set	Run actions/checkout@v4	2026-09-12T04:20:09.2037068Z Updating files:  24% (5970/24872)
ks-21-6614-specialty-court-set	Run actions/checkout@v4	2026-09-12T04:20:09.3115880Z Updating files:  25% (6218/24872)
ks-21-6614-specialty-court-set	Run actions/checkout@v4	2026-09-12T04:20:09.4261976Z Updating files:  26% (6467/24872)
ks-21-6614-specialty-court-set	Run actions/checkout@v4	2026-09-12T04:20:09.6587529Z Updating files:  27% (6716/24872)
ks-21-6614-specialty-court-set	Run actions/checkout@v4	2026-09-12T04:20:09.7924970Z Updating files:  28% (6965/24872)
ks-21-6614-specialty-court-set	Run actions/checkout@v4	2026-09-12T04:20:09.9281371Z Updating files:  29% (7213/24872)
ks-21-6614-specialty-court-set	Run actions/checkout@v4	2026-09-12T04:20:09.9818301Z Updating files:  30% (7462/24872)
ks-21-6614-specialty-court-set	Run actions/checkout@v4	2026-09-12T04:20:10.0308170Z Updating files:  30% (7536/24872)
ks-21-6614-specialty-court-set	Run actions/checkout@v4	2026-09-12T04:20:10.0671946Z Updating files:  31% (7711/24872)
ks-21-6614-specialty-court-set	Run actions/checkout@v4	2026-09-12T04:20:10.2002076Z Updating files:  32% (7960/24872)
ks-21-6614-specialty-court-set	Run actions/checkout@v4	2026-09-12T04:20:10.2494755Z Updating files:  33% (8208/24872)
ks-21-6614-specialty-court-set	Run actions/checkout@v4	2026-09-12T04:20:10.2928873Z Updating files:  34% (8457/24872)
ks-21-6614-specialty-court-set	Run actions/checkout@v4	2026-09-12T04:20:10.3412307Z Updating files:  35% (8706/24872)
ks-21-6614-specialty-court-set	Run actions/checkout@v4	2026-09-12T04:20:10.4348237Z Updating files:  36% (8954/24872)
ks-21-6614-specialty-court-set	Run actions/checkout@v4	2026-09-12T04:20:10.4631027Z Updating files:  37% (9203/24872)
ks-21-6614-specialty-court-set	Run actions/checkout@v4	2026-09-12T04:20:10.4876473Z Updating files:  38% (9452/24872)
ks-21-6614-specialty-court-set	Run actions/checkout@v4	2026-09-12T04:20:10.5226110Z Updating files:  39% (9701/24872)
ks-21-6614-specialty-court-set	Run actions/checkout@v4	2026-09-12T04:20:10.5430498Z Updating files:  40% (9949/24872)
ks-21-6614-specialty-court-set	Run actions/checkout@v4	2026-09-12T04:20:10.5535695Z Updating files:  41% (10198/24872)
ks-21-6614-specialty-court-set	Run actions/checkout@v4	2026-09-12T04:20:10.5773190Z Updating files:  42% (10447/24872)
ks-21-6614-specialty-court-set	Run actions/checkout@v4	2026-09-12T04:20:10.6141677Z Updating files:  43% (10695/24872)
ks-21-6614-specialty-court-set	Run actions/checkout@v4	2026-09-12T04:20:10.6273507Z Updating files:  44% (10944/24872)
ks-21-6614-specialty-court-set	Run actions/checkout@v4	2026-09-12T04:20:10.9461447Z Updating files:  45% (11193/24872)
ks-21-6614-specialty-court-set	Run actions/checkout@v4	2026-09-12T04:20:10.9549784Z Updating files:  46% (11442/24872)
ks-21-6614-specialty-court-set	Run actions/checkout@v4	2026-09-12T04:20:10.9811023Z Updating files:  47% (11690/24872)
ks-21-6614-specialty-court-set	Run actions/checkout@v4	2026-09-12T04:20:10.9929349Z Updating files:  48% (11939/24872)
ks-21-6614-specialty-court-set	Run actions/checkout@v4	2026-09-12T04:20:11.0034352Z Updating files:  49% (12188/24872)
ks-21-6614-specialty-court-set	Run actions/checkout@v4	2026-09-12T04:20:11.0173777Z Updating files:  50% (12436/24872)
ks-21-6614-specialty-court-set	Run actions/checkout@v4	2026-09-12T04:20:11.0680824Z Updating files:  51% (12685/24872)
ks-21-6614-specialty-court-set	Run actions/checkout@v4	2026-09-12T04:20:11.1696596Z Updating files:  52% (12934/24872)
ks-21-6614-specialty-court-set	Run actions/checkout@v4	2026-09-12T04:20:11.1986901Z Updating files:  53% (13183/24872)
ks-21-6614-specialty-court-set	Run actions/checkout@v4	2026-09-12T04:20:11.2354330Z Updating files:  54% (13431/24872)
ks-21-6614-specialty-court-set	Run actions/checkout@v4	2026-09-12T04:20:11.3958287Z Updating files:  55% (13680/24872)
ks-21-6614-specialty-court-set	Run actions/checkout@v4	2026-09-12T04:20:11.4158162Z Updating files:  56% (13929/24872)
ks-21-6614-specialty-court-set	Run actions/checkout@v4	2026-09-12T04:20:11.4742889Z Updating files:  57% (14178/24872)
ks-21-6614-specialty-court-set	Run actions/checkout@v4	2026-09-12T04:20:11.6100162Z Updating files:  58% (14426/24872)
ks-21-6614-specialty-court-set	Run actions/checkout@v4	2026-09-12T04:20:11.6542990Z Updating files:  59% (14675/24872)
ks-21-6614-specialty-court-set	Run actions/checkout@v4	2026-09-12T04:20:11.6830469Z Updating files:  60% (14924/24872)
ks-21-6614-specialty-court-set	Run actions/checkout@v4	2026-09-12T04:20:11.7408301Z Updating files:  61% (15172/24872)
ks-21-6614-specialty-court-set	Run actions/checkout@v4	2026-09-12T04:20:11.8206811Z Updating files:  62% (15421/24872)
ks-21-6614-specialty-court-set	Run actions/checkout@v4	2026-09-12T04:20:11.9821383Z Updating files:  63% (15670/24872)
ks-21-6614-specialty-court-set	Run actions/checkout@v4	2026-09-12T04:20:12.2252362Z Updating files:  63% (15766/24872)
ks-21-6614-specialty-court-set	Run actions/checkout@v4	2026-09-12T04:20:12.6101775Z Updating files:  64% (15919/24872)
ks-21-6614-specialty-court-set	Run actions/checkout@v4	2026-09-12T04:20:12.8388408Z Updating files:  65% (16167/24872)
ks-21-6614-specialty-court-set	Run actions/checkout@v4	2026-09-12T04:20:12.9470206Z Updating files:  66% (16416/24872)
ks-21-6614-specialty-court-set	Run actions/checkout@v4	2026-09-12T04:20:12.9817842Z Updating files:  67% (16665/24872)
ks-21-6614-specialty-court-set	Run actions/checkout@v4	2026-09-12T04:20:13.0069040Z Updating files:  67% (16738/24872)
ks-21-6614-specialty-court-set	Run actions/checkout@v4	2026-09-12T04:20:13.2433984Z Updating files:  68% (16913/24872)
ks-21-6614-specialty-court-set	Run actions/checkout@v4	2026-09-12T04:20:13.3122053Z Updating files:  69% (17162/24872)
ks-21-6614-specialty-court-set	Run actions/checkout@v4	2026-09-12T04:20:13.3337800Z Updating files:  70% (17411/24872)
ks-21-6614-specialty-court-set	Run actions/checkout@v4	2026-09-12T04:20:13.4568064Z Updating files:  71% (17660/24872)
ks-21-6614-specialty-court-set	Run actions/checkout@v4	2026-09-12T04:20:13.6229265Z Updating files:  72% (17908/24872)
ks-21-6614-specialty-court-set	Run actions/checkout@v4	2026-09-12T04:20:13.7398987Z Updating files:  73% (18157/24872)
ks-21-6614-specialty-court-set	Run actions/checkout@v4	2026-09-12T04:20:13.8398481Z Updating files:  74% (18406/24872)
ks-21-6614-specialty-court-set	Run actions/checkout@v4	2026-09-12T04:20:14.0028730Z Updating files:  75% (18654/24872)
ks-21-6614-specialty-court-set	Run actions/checkout@v4	2026-09-12T04:20:14.0382715Z Updating files:  75% (18864/24872)
ks-21-6614-specialty-court-set	Run actions/checkout@v4	2026-09-12T04:20:14.0578250Z Updating files:  76% (18903/24872)
ks-21-6614-specialty-court-set	Run actions/checkout@v4	2026-09-12T04:20:14.0720651Z Updating files:  77% (19152/24872)
ks-21-6614-specialty-court-set	Run actions/checkout@v4	2026-09-12T04:20:14.0765893Z Updating files:  78% (19401/24872)
ks-21-6614-specialty-court-set	Run actions/checkout@v4	2026-09-12T04:20:14.1011717Z Updating files:  79% (19649/24872)
ks-21-6614-specialty-court-set	Run actions/checkout@v4	2026-09-12T04:20:14.2731335Z Updating files:  80% (19898/24872)
ks-21-6614-specialty-court-set	Run actions/checkout@v4	2026-09-12T04:20:14.4543809Z Updating files:  81% (20147/24872)
ks-21-6614-specialty-court-set	Run actions/checkout@v4	2026-09-12T04:20:14.5151694Z Updating files:  82% (20396/24872)
ks-21-6614-specialty-court-set	Run actions/checkout@v4	2026-09-12T04:20:14.5460485Z Updating files:  83% (20644/24872)
ks-21-6614-specialty-court-set	Run actions/checkout@v4	2026-09-12T04:20:14.5668288Z Updating files:  84% (20893/24872)
ks-21-6614-specialty-court-set	Run actions/checkout@v4	2026-09-12T04:20:14.5844919Z Updating files:  85% (21142/24872)
ks-21-6614-specialty-court-set	Run actions/checkout@v4	2026-09-12T04:20:14.6002183Z Updating files:  86% (21390/24872)
ks-21-6614-specialty-court-set	Run actions/checkout@v4	2026-09-12T04:20:14.6175246Z Updating files:  87% (21639/24872)
ks-21-6614-specialty-court-set	Run actions/checkout@v4	2026-09-12T04:20:14.6337395Z Updating files:  88% (21888/24872)
ks-21-6614-specialty-court-set	Run actions/checkout@v4	2026-09-12T04:20:14.6497864Z Updating files:  89% (22137/24872)
ks-21-6614-specialty-court-set	Run actions/checkout@v4	2026-09-12T04:20:14.6634161Z Updating files:  90% (22385/24872)
ks-21-6614-specialty-court-set	Run actions/checkout@v4	2026-09-12T04:20:14.6943593Z Updating files:  91% (22634/24872)
ks-21-6614-specialty-court-set	Run actions/checkout@v4	2026-09-12T04:20:14.7013192Z Updating files:  92% (22883/24872)
ks-21-6614-specialty-court-set	Run actions/checkout@v4	2026-09-12T04:20:14.7179510Z Updating files:  93% (23131/24872)
ks-21-6614-specialty-court-set	Run actions/checkout@v4	2026-09-12T04:20:14.9674758Z Updating files:  94% (23380/24872)
ks-21-6614-specialty-court-set	Run actions/checkout@v4	2026-09-12T04:20:14.9849546Z Updating files:  95% (23629/24872)
ks-21-6614-specialty-court-set	Run actions/checkout@v4	2026-09-12T04:20:15.0359408Z Updating files:  95% (23635/24872)
ks-21-6614-specialty-court-set	Run actions/checkout@v4	2026-09-12T04:20:15.1000706Z Updating files:  96% (23878/24872)
ks-21-6614-specialty-court-set	Run actions/checkout@v4	2026-09-12T04:20:15.1504316Z Updating files:  97% (24126/24872)
ks-21-6614-specialty-court-set	Run actions/checkout@v4	2026-09-12T04:20:15.2200661Z Updating files:  98% (24375/24872)
ks-21-6614-specialty-court-set	Run actions/checkout@v4	2026-09-12T04:20:15.2694033Z Updating files:  99% (24624/24872)
ks-21-6614-specialty-court-set	Run actions/checkout@v4	2026-09-12T04:20:15.2695155Z Updating files: 100% (24872/24872)
ks-21-6614-specialty-court-set	Run actions/checkout@v4	2026-09-12T04:20:15.2695844Z Updating files: 100% (24872/24872), done.
ks-21-6614-specialty-court-set	Run actions/checkout@v4	2026-09-12T04:20:15.2971466Z Note: switching to '29e246bd94f489e159e11e23121db6d0d5a79f4a'.
ks-21-6614-specialty-court-set	Run actions/checkout@v4	2026-09-12T04:20:15.2972012Z 
ks-21-6614-specialty-court-set	Run actions/checkout@v4	2026-09-12T04:20:15.2972206Z You are in 'detached HEAD' state. You can look around, make experimental
ks-21-6614-specialty-court-set	Run actions/checkout@v4	2026-09-12T04:20:15.2972698Z changes and commit them, and you can discard any commits you make in this
ks-21-6614-specialty-court-set	Run actions/checkout@v4	2026-09-12T04:20:15.2973150Z state without impacting any branches by switching back to a branch.
ks-21-6614-specialty-court-set	Run actions/checkout@v4	2026-09-12T04:20:15.2973407Z 
ks-21-6614-specialty-court-set	Run actions/checkout@v4	2026-09-12T04:20:15.2973638Z If you want to create a new branch to retain commits you create, you may
ks-21-6614-specialty-court-set	Run actions/checkout@v4	2026-09-12T04:20:15.2974056Z do so (now or later) by using -c with the switch command. Example:
ks-21-6614-specialty-court-set	Run actions/checkout@v4	2026-09-12T04:20:15.2974337Z 
ks-21-6614-specialty-court-set	Run actions/checkout@v4	2026-09-12T04:20:15.2974457Z   git switch -c <new-branch-name>
ks-21-6614-specialty-court-set	Run actions/checkout@v4	2026-09-12T04:20:15.2974654Z 
ks-21-6614-specialty-court-set	Run actions/checkout@v4	2026-09-12T04:20:15.2974787Z Or undo this operation with:
ks-21-6614-specialty-court-set	Run actions/checkout@v4	2026-09-12T04:20:15.2974972Z 
ks-21-6614-specialty-court-set	Run actions/checkout@v4	2026-09-12T04:20:15.2975129Z   git switch -
ks-21-6614-specialty-court-set	Run actions/checkout@v4	2026-09-12T04:20:15.2975256Z 
ks-21-6614-specialty-court-set	Run actions/checkout@v4	2026-09-12T04:20:15.2975724Z Turn off this advice by setting config variable advice.detachedHead to false
ks-21-6614-specialty-court-set	Run actions/checkout@v4	2026-09-12T04:20:15.2976001Z 
ks-21-6614-specialty-court-set	Run actions/checkout@v4	2026-09-12T04:20:15.2976259Z HEAD is now at 29e246bd review(ks): accept submitted-by repair for current-byte raster
ks-21-6614-specialty-court-set	Run actions/checkout@v4	2026-09-12T04:20:15.3099671Z ##[endgroup]
ks-21-6614-specialty-court-set	Run actions/checkout@v4	2026-09-12T04:20:15.3146359Z [command]/usr/bin/git log -1 --format=%H
ks-21-6614-specialty-court-set	Run actions/checkout@v4	2026-09-12T04:20:15.3169546Z 29e246bd94f489e159e11e23121db6d0d5a79f4a
ks-21-6614-specialty-court-set	Refuse a movable ref and prove the checkout is the pinned commit	﻿2026-09-12T04:20:15.3344180Z ##[group]Run set -euo pipefail
ks-21-6614-specialty-court-set	Refuse a movable ref and prove the checkout is the pinned commit	2026-09-12T04:20:15.3344612Z ^[[36;1mset -euo pipefail^[[0m
ks-21-6614-specialty-court-set	Refuse a movable ref and prove the checkout is the pinned commit	2026-09-12T04:20:15.3345044Z ^[[36;1m# actions/checkout accepts a branch or tag here despite the input^[[0m
ks-21-6614-specialty-court-set	Refuse a movable ref and prove the checkout is the pinned commit	2026-09-12T04:20:15.3345820Z ^[[36;1m# description. Three jobs resolve this ref independently, so a branch^[[0m
ks-21-6614-specialty-court-set	Refuse a movable ref and prove the checkout is the pinned commit	2026-09-12T04:20:15.3346295Z ^[[36;1m# that moves mid-run would have them inspect different commits while^[[0m
ks-21-6614-specialty-court-set	Refuse a movable ref and prove the checkout is the pinned commit	2026-09-12T04:20:15.3346932Z ^[[36;1m# every receipt recorded the literal branch name as the pin. An^[[0m
ks-21-6614-specialty-court-set	Refuse a movable ref and prove the checkout is the pinned commit	2026-09-12T04:20:15.3347374Z ^[[36;1m# immutable 40-hex commit, verified against the checked-out HEAD, is^[[0m
ks-21-6614-specialty-court-set	Refuse a movable ref and prove the checkout is the pinned commit	2026-09-12T04:20:15.3347799Z ^[[36;1m# the only input that makes a receipt findable again.^[[0m
ks-21-6614-specialty-court-set	Refuse a movable ref and prove the checkout is the pinned commit	2026-09-12T04:20:15.3348184Z ^[[36;1mcase "$REF" in^[[0m
ks-21-6614-specialty-court-set	Refuse a movable ref and prove the checkout is the pinned commit	2026-09-12T04:20:15.3348616Z ^[[36;1m  *[!0-9a-f]* | "") echo "REFUSED: commit_sha must be a full 40-character commit hash, got '$REF'"; exit 1;;^[[0m
ks-21-6614-specialty-court-set	Refuse a movable ref and prove the checkout is the pinned commit	2026-09-12T04:20:15.3349061Z ^[[36;1mesac^[[0m
ks-21-6614-specialty-court-set	Refuse a movable ref and prove the checkout is the pinned commit	2026-09-12T04:20:15.3349434Z ^[[36;1m[ "${#REF}" -eq 40 ] || { echo "REFUSED: commit_sha must be 40 hex characters, got ${#REF}"; exit 1; }^[[0m
ks-21-6614-specialty-court-set	Refuse a movable ref and prove the checkout is the pinned commit	2026-09-12T04:20:15.3349984Z ^[[36;1mHEAD_SHA="$(git rev-parse HEAD)"^[[0m
ks-21-6614-specialty-court-set	Refuse a movable ref and prove the checkout is the pinned commit	2026-09-12T04:20:15.3350403Z ^[[36;1m[ "$HEAD_SHA" = "$REF" ] || { echo "REFUSED: checked out $HEAD_SHA but the pin says $REF"; exit 1; }^[[0m
ks-21-6614-specialty-court-set	Refuse a movable ref and prove the checkout is the pinned commit	2026-09-12T04:20:15.3350877Z ^[[36;1mecho "pinned commit confirmed: $HEAD_SHA"^[[0m
ks-21-6614-specialty-court-set	Refuse a movable ref and prove the checkout is the pinned commit	2026-09-12T04:20:15.3376745Z shell: /usr/bin/bash -e {0}
ks-21-6614-specialty-court-set	Refuse a movable ref and prove the checkout is the pinned commit	2026-09-12T04:20:15.3377187Z env:
ks-21-6614-specialty-court-set	Refuse a movable ref and prove the checkout is the pinned commit	2026-09-12T04:20:15.3377472Z   REF: 29e246bd94f489e159e11e23121db6d0d5a79f4a
ks-21-6614-specialty-court-set	Refuse a movable ref and prove the checkout is the pinned commit	2026-09-12T04:20:15.3377802Z ##[endgroup]
ks-21-6614-specialty-court-set	Refuse a movable ref and prove the checkout is the pinned commit	2026-09-12T04:20:15.4037106Z pinned commit confirmed: 29e246bd94f489e159e11e23121db6d0d5a79f4a
ks-21-6614-specialty-court-set	Run actions/setup-node@v4	﻿2026-09-12T04:20:15.4116620Z Node 20 is being deprecated. This workflow is running with Node 24 by default. If you need to temporarily use Node 20, you can set the ACTIONS_ALLOW_USE_UNSECURE_NODE_VERSION=true environment variable. For more information see: https://github.blog/changelog/2025-09-19-deprecation-of-node-20-on-github-actions-runners/
ks-21-6614-specialty-court-set	Run actions/setup-node@v4	2026-09-12T04:20:15.4117901Z ##[group]Run actions/setup-node@v4
ks-21-6614-specialty-court-set	Run actions/setup-node@v4	2026-09-12T04:20:15.4118218Z with:
ks-21-6614-specialty-court-set	Run actions/setup-node@v4	2026-09-12T04:20:15.4118457Z   node-version: 22
ks-21-6614-specialty-court-set	Run actions/setup-node@v4	2026-09-12T04:20:15.4118714Z   always-auth: false
ks-21-6614-specialty-court-set	Run actions/setup-node@v4	2026-09-12T04:20:15.4119004Z   check-latest: false
ks-21-6614-specialty-court-set	Run actions/setup-node@v4	2026-09-12T04:20:15.4120984Z   token: ***
ks-21-6614-specialty-court-set	Run actions/setup-node@v4	2026-09-12T04:20:15.4121568Z ##[endgroup]
ks-21-6614-specialty-court-set	Run actions/setup-node@v4	2026-09-12T04:20:15.5406218Z Found in cache @ /opt/hostedtoolcache/node/22.23.2/x64
ks-21-6614-specialty-court-set	Run actions/setup-node@v4	2026-09-12T04:20:15.5409289Z (node:2090) [DEP0040] DeprecationWarning: The `punycode` module is deprecated. Please use a userland alternative instead.
ks-21-6614-specialty-court-set	Run actions/setup-node@v4	2026-09-12T04:20:15.5409966Z (Use `node --trace-deprecation ...` to show where the warning was created)
ks-21-6614-specialty-court-set	Run actions/setup-node@v4	2026-09-12T04:20:15.5411588Z ##[group]Environment details
ks-21-6614-specialty-court-set	Run actions/setup-node@v4	2026-09-12T04:20:16.3238779Z node: v22.23.2
ks-21-6614-specialty-court-set	Run actions/setup-node@v4	2026-09-12T04:20:16.3239302Z npm: 10.9.8
ks-21-6614-specialty-court-set	Run actions/setup-node@v4	2026-09-12T04:20:16.3239762Z yarn: 1.22.22
ks-21-6614-specialty-court-set	Run actions/setup-node@v4	2026-09-12T04:20:16.3240708Z ##[endgroup]
ks-21-6614-specialty-court-set	Run npm ci --cache /tmp/npm-cache	﻿2026-09-12T04:20:16.3334374Z ##[group]Run npm ci --cache /tmp/npm-cache
ks-21-6614-specialty-court-set	Run npm ci --cache /tmp/npm-cache	2026-09-12T04:20:16.3334772Z ^[[36;1mnpm ci --cache /tmp/npm-cache^[[0m
ks-21-6614-specialty-court-set	Run npm ci --cache /tmp/npm-cache	2026-09-12T04:20:16.3363099Z shell: /usr/bin/bash -e {0}
ks-21-6614-specialty-court-set	Run npm ci --cache /tmp/npm-cache	2026-09-12T04:20:16.3363443Z ##[endgroup]
ks-21-6614-specialty-court-set	Run npm ci --cache /tmp/npm-cache	2026-09-12T04:20:33.0237700Z 
ks-21-6614-specialty-court-set	Run npm ci --cache /tmp/npm-cache	2026-09-12T04:20:33.0242994Z added 492 packages, and audited 493 packages in 17s
ks-21-6614-specialty-court-set	Run npm ci --cache /tmp/npm-cache	2026-09-12T04:20:33.0243348Z 
ks-21-6614-specialty-court-set	Run npm ci --cache /tmp/npm-cache	2026-09-12T04:20:33.0243575Z 186 packages are looking for funding
ks-21-6614-specialty-court-set	Run npm ci --cache /tmp/npm-cache	2026-09-12T04:20:33.0243937Z   run `npm fund` for details
ks-21-6614-specialty-court-set	Run npm ci --cache /tmp/npm-cache	2026-09-12T04:20:33.1713172Z 
ks-21-6614-specialty-court-set	Run npm ci --cache /tmp/npm-cache	2026-09-12T04:20:33.1714355Z 39 vulnerabilities (2 low, 29 moderate, 7 high, 1 critical)
ks-21-6614-specialty-court-set	Run npm ci --cache /tmp/npm-cache	2026-09-12T04:20:33.1714809Z 
ks-21-6614-specialty-court-set	Run npm ci --cache /tmp/npm-cache	2026-09-12T04:20:33.1715099Z To address issues that do not require attention, run:
ks-21-6614-specialty-court-set	Run npm ci --cache /tmp/npm-cache	2026-09-12T04:20:33.1716110Z   npm audit fix
ks-21-6614-specialty-court-set	Run npm ci --cache /tmp/npm-cache	2026-09-12T04:20:33.1716302Z 
ks-21-6614-specialty-court-set	Run npm ci --cache /tmp/npm-cache	2026-09-12T04:20:33.1716519Z To address all issues, run:
ks-21-6614-specialty-court-set	Run npm ci --cache /tmp/npm-cache	2026-09-12T04:20:33.1716961Z   npm audit fix --force
ks-21-6614-specialty-court-set	Run npm ci --cache /tmp/npm-cache	2026-09-12T04:20:33.1717267Z 
ks-21-6614-specialty-court-set	Run npm ci --cache /tmp/npm-cache	2026-09-12T04:20:33.1717448Z Run `npm audit` for details.
ks-21-6614-specialty-court-set	Run actions/setup-python@v5	﻿2026-09-12T04:20:33.2115830Z Node 20 is being deprecated. This workflow is running with Node 24 by default. If you need to temporarily use Node 20, you can set the ACTIONS_ALLOW_USE_UNSECURE_NODE_VERSION=true environment variable. For more information see: https://github.blog/changelog/2025-09-19-deprecation-of-node-20-on-github-actions-runners/
ks-21-6614-specialty-court-set	Run actions/setup-python@v5	2026-09-12T04:20:33.2116890Z ##[group]Run actions/setup-python@v5
ks-21-6614-specialty-court-set	Run actions/setup-python@v5	2026-09-12T04:20:33.2117184Z with:
ks-21-6614-specialty-court-set	Run actions/setup-python@v5	2026-09-12T04:20:33.2117505Z   python-version: 3.12
ks-21-6614-specialty-court-set	Run actions/setup-python@v5	2026-09-12T04:20:33.2117769Z   check-latest: false
ks-21-6614-specialty-court-set	Run actions/setup-python@v5	2026-09-12T04:20:33.2119662Z   token: ***
ks-21-6614-specialty-court-set	Run actions/setup-python@v5	2026-09-12T04:20:33.2119939Z   update-environment: true
ks-21-6614-specialty-court-set	Run actions/setup-python@v5	2026-09-12T04:20:33.2120221Z   allow-prereleases: false
ks-21-6614-specialty-court-set	Run actions/setup-python@v5	2026-09-12T04:20:33.2120517Z   freethreaded: false
ks-21-6614-specialty-court-set	Run actions/setup-python@v5	2026-09-12T04:20:33.2120816Z ##[endgroup]
ks-21-6614-specialty-court-set	Run actions/setup-python@v5	2026-09-12T04:20:33.3226192Z ##[group]Installed versions
ks-21-6614-specialty-court-set	Run actions/setup-python@v5	2026-09-12T04:20:33.3606223Z (node:2158) [DEP0040] DeprecationWarning: The `punycode` module is deprecated. Please use a userland alternative instead.
ks-21-6614-specialty-court-set	Run actions/setup-python@v5	2026-09-12T04:20:33.3607392Z Successfully set up CPython (3.12.14)
ks-21-6614-specialty-court-set	Run actions/setup-python@v5	2026-09-12T04:20:33.3608257Z (Use `node --trace-deprecation ...` to show where the warning was created)
ks-21-6614-specialty-court-set	Run actions/setup-python@v5	2026-09-12T04:20:33.3609128Z ##[endgroup]
ks-21-6614-specialty-court-set	Install the pinned encrypted-PDF reader	﻿2026-09-12T04:20:33.3699853Z ##[group]Run python -m pip install --disable-pip-version-check pikepdf==10.12.0
ks-21-6614-specialty-court-set	Install the pinned encrypted-PDF reader	2026-09-12T04:20:33.3700416Z ^[[36;1mpython -m pip install --disable-pip-version-check pikepdf==10.12.0^[[0m
ks-21-6614-specialty-court-set	Install the pinned encrypted-PDF reader	2026-09-12T04:20:33.3731310Z shell: /usr/bin/bash -e {0}
ks-21-6614-specialty-court-set	Install the pinned encrypted-PDF reader	2026-09-12T04:20:33.3731686Z env:
ks-21-6614-specialty-court-set	Install the pinned encrypted-PDF reader	2026-09-12T04:20:33.3732005Z   pythonLocation: /opt/hostedtoolcache/Python/3.12.14/x64
ks-21-6614-specialty-court-set	Install the pinned encrypted-PDF reader	2026-09-12T04:20:33.3732461Z   PKG_CONFIG_PATH: /opt/hostedtoolcache/Python/3.12.14/x64/lib/pkgconfig
ks-21-6614-specialty-court-set	Install the pinned encrypted-PDF reader	2026-09-12T04:20:33.3732914Z   Python_ROOT_DIR: /opt/hostedtoolcache/Python/3.12.14/x64
ks-21-6614-specialty-court-set	Install the pinned encrypted-PDF reader	2026-09-12T04:20:33.3733298Z   Python2_ROOT_DIR: /opt/hostedtoolcache/Python/3.12.14/x64
ks-21-6614-specialty-court-set	Install the pinned encrypted-PDF reader	2026-09-12T04:20:33.3733707Z   Python3_ROOT_DIR: /opt/hostedtoolcache/Python/3.12.14/x64
ks-21-6614-specialty-court-set	Install the pinned encrypted-PDF reader	2026-09-12T04:20:33.3734095Z   LD_LIBRARY_PATH: /opt/hostedtoolcache/Python/3.12.14/x64/lib
ks-21-6614-specialty-court-set	Install the pinned encrypted-PDF reader	2026-09-12T04:20:33.3734425Z ##[endgroup]
ks-21-6614-specialty-court-set	Install the pinned encrypted-PDF reader	2026-09-12T04:20:34.4877009Z Collecting pikepdf==10.12.0
ks-21-6614-specialty-court-set	Install the pinned encrypted-PDF reader	2026-09-12T04:20:34.5326146Z   Downloading pikepdf-10.12.0-cp312-cp312-manylinux_2_27_x86_64.manylinux_2_28_x86_64.whl.metadata (11 kB)
ks-21-6614-specialty-court-set	Install the pinned encrypted-PDF reader	2026-09-12T04:20:35.0874151Z Collecting Pillow>=10.0.1 (from pikepdf==10.12.0)
ks-21-6614-specialty-court-set	Install the pinned encrypted-PDF reader	2026-09-12T04:20:35.0903748Z   Downloading pillow-12.3.0-cp312-cp312-manylinux_2_27_x86_64.manylinux_2_28_x86_64.whl.metadata (9.1 kB)
ks-21-6614-specialty-court-set	Install the pinned encrypted-PDF reader	2026-09-12T04:20:35.2743862Z Collecting lxml>=4.8 (from pikepdf==10.12.0)
ks-21-6614-specialty-court-set	Install the pinned encrypted-PDF reader	2026-09-12T04:20:35.2774866Z   Downloading lxml-6.1.3-cp312-cp312-manylinux_2_26_x86_64.manylinux_2_28_x86_64.whl.metadata (3.3 kB)
ks-21-6614-specialty-court-set	Install the pinned encrypted-PDF reader	2026-09-12T04:20:35.2983401Z Collecting packaging (from pikepdf==10.12.0)
ks-21-6614-specialty-court-set	Install the pinned encrypted-PDF reader	2026-09-12T04:20:35.3012812Z   Downloading packaging-26.3-py3-none-any.whl.metadata (3.5 kB)
ks-21-6614-specialty-court-set	Install the pinned encrypted-PDF reader	2026-09-12T04:20:35.3105067Z Downloading pikepdf-10.12.0-cp312-cp312-manylinux_2_27_x86_64.manylinux_2_28_x86_64.whl (2.3 MB)
ks-21-6614-specialty-court-set	Install the pinned encrypted-PDF reader	2026-09-12T04:20:35.3476819Z    ━━━━━━━━━━━━━━━━━━━━━━━━━━━━━━━━━━━━━━━━ 2.3/2.3 MB 90.3 MB/s  0:00:00
ks-21-6614-specialty-court-set	Install the pinned encrypted-PDF reader	2026-09-12T04:20:35.3503021Z Downloading lxml-6.1.3-cp312-cp312-manylinux_2_26_x86_64.manylinux_2_28_x86_64.whl (5.2 MB)
ks-21-6614-specialty-court-set	Install the pinned encrypted-PDF reader	2026-09-12T04:20:35.3885904Z    ━━━━━━━━━━━━━━━━━━━━━━━━━━━━━━━━━━━━━━━━ 5.2/5.2 MB 140.3 MB/s  0:00:00
ks-21-6614-specialty-court-set	Install the pinned encrypted-PDF reader	2026-09-12T04:20:35.3914505Z Downloading pillow-12.3.0-cp312-cp312-manylinux_2_27_x86_64.manylinux_2_28_x86_64.whl (6.9 MB)
ks-21-6614-specialty-court-set	Install the pinned encrypted-PDF reader	2026-09-12T04:20:35.4391713Z    ━━━━━━━━━━━━━━━━━━━━━━━━━━━━━━━━━━━━━━━━ 6.9/6.9 MB 148.2 MB/s  0:00:00
ks-21-6614-specialty-court-set	Install the pinned encrypted-PDF reader	2026-09-12T04:20:35.4418113Z Downloading packaging-26.3-py3-none-any.whl (129 kB)
ks-21-6614-specialty-court-set	Install the pinned encrypted-PDF reader	2026-09-12T04:20:35.5611995Z Installing collected packages: Pillow, packaging, lxml, pikepdf
ks-21-6614-specialty-court-set	Install the pinned encrypted-PDF reader	2026-09-12T04:20:36.1627800Z 
ks-21-6614-specialty-court-set	Install the pinned encrypted-PDF reader	2026-09-12T04:20:36.1637575Z Successfully installed Pillow-12.3.0 lxml-6.1.3 packaging-26.3 pikepdf-10.12.0
ks-21-6614-specialty-court-set	Provision the browser	﻿2026-09-12T04:20:36.2239148Z ##[group]Run set -euo pipefail
ks-21-6614-specialty-court-set	Provision the browser	2026-09-12T04:20:36.2239517Z ^[[36;1mset -euo pipefail^[[0m
ks-21-6614-specialty-court-set	Provision the browser	2026-09-12T04:20:36.2239893Z ^[[36;1mexport PLAYWRIGHT_BROWSERS_PATH="$HOME/.cache/ms-playwright"^[[0m
ks-21-6614-specialty-court-set	Provision the browser	2026-09-12T04:20:36.2240347Z ^[[36;1mnpx --yes playwright install --with-deps chromium^[[0m
ks-21-6614-specialty-court-set	Provision the browser	2026-09-12T04:20:36.2240815Z ^[[36;1mecho "PLAYWRIGHT_BROWSERS_PATH=$PLAYWRIGHT_BROWSERS_PATH" >> "$GITHUB_ENV"^[[0m
ks-21-6614-specialty-court-set	Provision the browser	2026-09-12T04:20:36.2262177Z shell: /usr/bin/bash -e {0}
ks-21-6614-specialty-court-set	Provision the browser	2026-09-12T04:20:36.2262487Z env:
ks-21-6614-specialty-court-set	Provision the browser	2026-09-12T04:20:36.2262806Z   pythonLocation: /opt/hostedtoolcache/Python/3.12.14/x64
ks-21-6614-specialty-court-set	Provision the browser	2026-09-12T04:20:36.2263260Z   PKG_CONFIG_PATH: /opt/hostedtoolcache/Python/3.12.14/x64/lib/pkgconfig
ks-21-6614-specialty-court-set	Provision the browser	2026-09-12T04:20:36.2263679Z   Python_ROOT_DIR: /opt/hostedtoolcache/Python/3.12.14/x64
ks-21-6614-specialty-court-set	Provision the browser	2026-09-12T04:20:36.2264242Z   Python2_ROOT_DIR: /opt/hostedtoolcache/Python/3.12.14/x64
ks-21-6614-specialty-court-set	Provision the browser	2026-09-12T04:20:36.2264641Z   Python3_ROOT_DIR: /opt/hostedtoolcache/Python/3.12.14/x64
ks-21-6614-specialty-court-set	Provision the browser	2026-09-12T04:20:36.2265012Z   LD_LIBRARY_PATH: /opt/hostedtoolcache/Python/3.12.14/x64/lib
ks-21-6614-specialty-court-set	Provision the browser	2026-09-12T04:20:36.2265564Z ##[endgroup]
ks-21-6614-specialty-court-set	Provision the browser	2026-09-12T04:20:36.9145715Z Installing dependencies...
ks-21-6614-specialty-court-set	Provision the browser	2026-09-12T04:20:36.9195202Z Switching to root user to install dependencies...
ks-21-6614-specialty-court-set	Provision the browser	2026-09-12T04:20:36.9972679Z Get:1 file:/etc/apt/apt-mirrors.txt Mirrorlist [144 B]
ks-21-6614-specialty-court-set	Provision the browser	2026-09-12T04:20:37.0374996Z Get:6 https://packages.microsoft.com/ubuntu/24.04/prod noble InRelease [3600 B]
ks-21-6614-specialty-court-set	Provision the browser	2026-09-12T04:20:37.0486725Z Hit:2 http://azure.archive.ubuntu.com/ubuntu noble InRelease
ks-21-6614-specialty-court-set	Provision the browser	2026-09-12T04:20:37.0492091Z Get:3 http://azure.archive.ubuntu.com/ubuntu noble-updates InRelease [126 kB]
ks-21-6614-specialty-court-set	Provision the browser	2026-09-12T04:20:37.0519744Z Get:4 http://azure.archive.ubuntu.com/ubuntu noble-backports InRelease [126 kB]
ks-21-6614-specialty-court-set	Provision the browser	2026-09-12T04:20:37.0537045Z Get:5 http://azure.archive.ubuntu.com/ubuntu noble-security InRelease [126 kB]
ks-21-6614-specialty-court-set	Provision the browser	2026-09-12T04:20:37.1015875Z Get:7 https://dl.google.com/linux/chrome-stable/deb stable InRelease [2548 B]
ks-21-6614-specialty-court-set	Provision the browser	2026-09-12T04:20:37.1018056Z Get:8 https://packages.microsoft.com/ubuntu/24.04/prod noble/main amd64 Packages [463 kB]
ks-21-6614-specialty-court-set	Provision the browser	2026-09-12T04:20:37.1241784Z Get:9 https://packages.microsoft.com/ubuntu/24.04/prod noble/main arm64 Packages [414 kB]
ks-21-6614-specialty-court-set	Provision the browser	2026-09-12T04:20:37.1751112Z Get:10 http://azure.archive.ubuntu.com/ubuntu noble-updates/main amd64 Packages [1263 kB]
ks-21-6614-specialty-court-set	Provision the browser	2026-09-12T04:20:37.1816730Z Get:11 http://azure.archive.ubuntu.com/ubuntu noble-updates/main Translation-en [292 kB]
ks-21-6614-specialty-court-set	Provision the browser	2026-09-12T04:20:37.1828545Z Get:12 http://azure.archive.ubuntu.com/ubuntu noble-updates/main amd64 Components [180 kB]
ks-21-6614-specialty-court-set	Provision the browser	2026-09-12T04:20:37.1849691Z Get:13 http://azure.archive.ubuntu.com/ubuntu noble-updates/universe amd64 Packages [1690 kB]
ks-21-6614-specialty-court-set	Provision the browser	2026-09-12T04:20:37.1915435Z Get:14 http://azure.archive.ubuntu.com/ubuntu noble-updates/universe amd64 Components [387 kB]
ks-21-6614-specialty-court-set	Provision the browser	2026-09-12T04:20:37.1939336Z Get:15 http://azure.archive.ubuntu.com/ubuntu noble-updates/restricted amd64 Packages [1544 kB]
ks-21-6614-specialty-court-set	Provision the browser	2026-09-12T04:20:37.2006389Z Get:16 http://azure.archive.ubuntu.com/ubuntu noble-updates/restricted Translation-en [354 kB]
ks-21-6614-specialty-court-set	Provision the browser	2026-09-12T04:20:37.2026350Z Get:17 http://azure.archive.ubuntu.com/ubuntu noble-updates/multiverse amd64 Components [940 B]
ks-21-6614-specialty-court-set	Provision the browser	2026-09-12T04:20:37.2138856Z Get:18 http://azure.archive.ubuntu.com/ubuntu noble-backports/main amd64 Components [5748 B]
ks-21-6614-specialty-court-set	Provision the browser	2026-09-12T04:20:37.2147202Z Get:19 http://azure.archive.ubuntu.com/ubuntu noble-backports/universe amd64 Components [12.6 kB]
ks-21-6614-specialty-court-set	Provision the browser	2026-09-12T04:20:37.2922681Z Get:20 http://azure.archive.ubuntu.com/ubuntu noble-security/main amd64 Packages [1006 kB]
ks-21-6614-specialty-court-set	Provision the browser	2026-09-12T04:20:37.2970732Z Get:21 http://azure.archive.ubuntu.com/ubuntu noble-security/main Translation-en [213 kB]
ks-21-6614-specialty-court-set	Provision the browser	2026-09-12T04:20:37.2985715Z Get:22 http://azure.archive.ubuntu.com/ubuntu noble-security/main amd64 Components [46.5 kB]
ks-21-6614-specialty-court-set	Provision the browser	2026-09-12T04:20:37.2995045Z Get:23 http://azure.archive.ubuntu.com/ubuntu noble-security/universe amd64 Packages [1206 kB]
ks-21-6614-specialty-court-set	Provision the browser	2026-09-12T04:20:37.3047299Z Get:24 http://azure.archive.ubuntu.com/ubuntu noble-security/universe amd64 Components [76.3 kB]
ks-21-6614-specialty-court-set	Provision the browser	2026-09-12T04:20:37.3057273Z Get:25 http://azure.archive.ubuntu.com/ubuntu noble-security/restricted amd64 Packages [1445 kB]
ks-21-6614-specialty-court-set	Provision the browser	2026-09-12T04:20:37.3121048Z Get:26 http://azure.archive.ubuntu.com/ubuntu noble-security/restricted Translation-en [336 kB]
ks-21-6614-specialty-court-set	Provision the browser	2026-09-12T04:20:37.3210905Z Get:27 https://dl.google.com/linux/chrome-stable/deb stable/main amd64 Packages [1413 B]
ks-21-6614-specialty-court-set	Provision the browser	2026-09-12T04:20:42.8078277Z Fetched 11.3 MB in 1s (10.0 MB/s)
ks-21-6614-specialty-court-set	Provision the browser	2026-09-12T04:20:43.5123859Z Reading package lists...
ks-21-6614-specialty-court-set	Provision the browser	2026-09-12T04:20:43.5334887Z Reading package lists...
ks-21-6614-specialty-court-set	Provision the browser	2026-09-12T04:20:43.6567360Z Building dependency tree...
ks-21-6614-specialty-court-set	Provision the browser	2026-09-12T04:20:43.6571528Z Reading state information...
ks-21-6614-specialty-court-set	Provision the browser	2026-09-12T04:20:43.8024391Z libasound2t64 is already the newest version (1.2.11-1ubuntu0.3).
ks-21-6614-specialty-court-set	Provision the browser	2026-09-12T04:20:43.8028139Z libasound2t64 set to manually installed.
ks-21-6614-specialty-court-set	Provision the browser	2026-09-12T04:20:43.8030090Z libatk-bridge2.0-0t64 is already the newest version (2.52.0-1build1).
ks-21-6614-specialty-court-set	Provision the browser	2026-09-12T04:20:43.8030920Z libatk-bridge2.0-0t64 set to manually installed.
ks-21-6614-specialty-court-set	Provision the browser	2026-09-12T04:20:43.8031551Z libatk1.0-0t64 is already the newest version (2.52.0-1build1).
ks-21-6614-specialty-court-set	Provision the browser	2026-09-12T04:20:43.8032646Z libatk1.0-0t64 set to manually installed.
ks-21-6614-specialty-court-set	Provision the browser	2026-09-12T04:20:43.8033225Z libatspi2.0-0t64 is already the newest version (2.52.0-1build1).
ks-21-6614-specialty-court-set	Provision the browser	2026-09-12T04:20:43.8033671Z libatspi2.0-0t64 set to manually installed.
ks-21-6614-specialty-court-set	Provision the browser	2026-09-12T04:20:43.8034278Z libcairo2 is already the newest version (1.18.0-3build1).
ks-21-6614-specialty-court-set	Provision the browser	2026-09-12T04:20:43.8034665Z libcairo2 set to manually installed.
ks-21-6614-specialty-court-set	Provision the browser	2026-09-12T04:20:43.8035079Z libcups2t64 is already the newest version (2.4.7-1.2ubuntu7.14).
ks-21-6614-specialty-court-set	Provision the browser	2026-09-12T04:20:43.8035675Z libcups2t64 set to manually installed.
ks-21-6614-specialty-court-set	Provision the browser	2026-09-12T04:20:43.8036172Z libdbus-1-3 is already the newest version (1.14.10-4ubuntu4.1).
ks-21-6614-specialty-court-set	Provision the browser	2026-09-12T04:20:43.8036656Z libdbus-1-3 set to manually installed.
ks-21-6614-specialty-court-set	Provision the browser	2026-09-12T04:20:43.8037070Z libdrm2 is already the newest version (2.4.125-1ubuntu0.1~24.04.2).
ks-21-6614-specialty-court-set	Provision the browser	2026-09-12T04:20:43.8037462Z libdrm2 set to manually installed.
ks-21-6614-specialty-court-set	Provision the browser	2026-09-12T04:20:43.8037883Z libgbm1 is already the newest version (25.2.8-0ubuntu0.24.04.2).
ks-21-6614-specialty-court-set	Provision the browser	2026-09-12T04:20:43.8038305Z libgbm1 set to manually installed.
ks-21-6614-specialty-court-set	Provision the browser	2026-09-12T04:20:43.8038854Z libglib2.0-0t64 is already the newest version (2.80.0-6ubuntu3.8).
ks-21-6614-specialty-court-set	Provision the browser	2026-09-12T04:20:43.8039392Z libglib2.0-0t64 set to manually installed.
ks-21-6614-specialty-court-set	Provision the browser	2026-09-12T04:20:43.8039965Z libnspr4 is already the newest version (2:4.35-1.1build1).
ks-21-6614-specialty-court-set	Provision the browser	2026-09-12T04:20:43.8040495Z libnspr4 set to manually installed.
ks-21-6614-specialty-court-set	Provision the browser	2026-09-12T04:20:43.8040991Z libnss3 is already the newest version (2:3.98-1ubuntu0.2).
ks-21-6614-specialty-court-set	Provision the browser	2026-09-12T04:20:43.8041369Z libnss3 set to manually installed.
ks-21-6614-specialty-court-set	Provision the browser	2026-09-12T04:20:43.8041790Z libpango-1.0-0 is already the newest version (1.52.1+ds-1build1).
ks-21-6614-specialty-court-set	Provision the browser	2026-09-12T04:20:43.8042257Z libpango-1.0-0 set to manually installed.
ks-21-6614-specialty-court-set	Provision the browser	2026-09-12T04:20:43.8042682Z libx11-6 is already the newest version (2:1.8.7-1build1).
ks-21-6614-specialty-court-set	Provision the browser	2026-09-12T04:20:43.8043275Z libx11-6 set to manually installed.
ks-21-6614-specialty-court-set	Provision the browser	2026-09-12T04:20:43.8043854Z libxcb1 is already the newest version (1.15-1ubuntu2).
ks-21-6614-specialty-court-set	Provision the browser	2026-09-12T04:20:43.8044358Z libxcb1 set to manually installed.
ks-21-6614-specialty-court-set	Provision the browser	2026-09-12T04:20:43.8044777Z libxcomposite1 is already the newest version (1:0.4.5-1build3).
ks-21-6614-specialty-court-set	Provision the browser	2026-09-12T04:20:43.8045193Z libxcomposite1 set to manually installed.
ks-21-6614-specialty-court-set	Provision the browser	2026-09-12T04:20:43.8045760Z libxdamage1 is already the newest version (1:1.1.6-1build1).
ks-21-6614-specialty-court-set	Provision the browser	2026-09-12T04:20:43.8046160Z libxdamage1 set to manually installed.
ks-21-6614-specialty-court-set	Provision the browser	2026-09-12T04:20:43.8046623Z libxext6 is already the newest version (2:1.3.4-1build2).
ks-21-6614-specialty-court-set	Provision the browser	2026-09-12T04:20:43.8047226Z libxext6 set to manually installed.
ks-21-6614-specialty-court-set	Provision the browser	2026-09-12T04:20:43.8048015Z libxfixes3 is already the newest version (1:6.0.0-2build1).
ks-21-6614-specialty-court-set	Provision the browser	2026-09-12T04:20:43.8048689Z libxfixes3 set to manually installed.
ks-21-6614-specialty-court-set	Provision the browser	2026-09-12T04:20:43.8049372Z libxkbcommon0 is already the newest version (1.6.0-1build1).
ks-21-6614-specialty-court-set	Provision the browser	2026-09-12T04:20:43.8050012Z libxkbcommon0 set to manually installed.
ks-21-6614-specialty-court-set	Provision the browser	2026-09-12T04:20:43.8050726Z libxrandr2 is already the newest version (2:1.5.2-2build1).
ks-21-6614-specialty-court-set	Provision the browser	2026-09-12T04:20:43.8051328Z libxrandr2 set to manually installed.
ks-21-6614-specialty-court-set	Provision the browser	2026-09-12T04:20:43.8051888Z xvfb is already the newest version (2:21.1.12-1ubuntu1.6).
ks-21-6614-specialty-court-set	Provision the browser	2026-09-12T04:20:43.8052643Z fonts-noto-color-emoji is already the newest version (2.047-0ubuntu0.24.04.1).
ks-21-6614-specialty-court-set	Provision the browser	2026-09-12T04:20:43.8053669Z libfontconfig1 is already the newest version (2.15.0-1.1ubuntu2).
ks-21-6614-specialty-court-set	Provision the browser	2026-09-12T04:20:43.8054526Z libfontconfig1 set to manually installed.
ks-21-6614-specialty-court-set	Provision the browser	2026-09-12T04:20:43.8055187Z libfreetype6 is already the newest version (2.13.2+dfsg-1ubuntu0.1).
ks-21-6614-specialty-court-set	Provision the browser	2026-09-12T04:20:43.8055973Z libfreetype6 set to manually installed.
ks-21-6614-specialty-court-set	Provision the browser	2026-09-12T04:20:43.8056593Z fonts-liberation is already the newest version (1:2.1.5-3).
ks-21-6614-specialty-court-set	Provision the browser	2026-09-12T04:20:43.8057173Z fonts-liberation set to manually installed.
ks-21-6614-specialty-court-set	Provision the browser	2026-09-12T04:20:43.8057841Z The following additional packages will be installed:
ks-21-6614-specialty-court-set	Provision the browser	2026-09-12T04:20:43.8058380Z   xfonts-encodings xfonts-utils
ks-21-6614-specialty-court-set	Provision the browser	2026-09-12T04:20:43.8058853Z Recommended packages:
ks-21-6614-specialty-court-set	Provision the browser	2026-09-12T04:20:43.8059545Z   fonts-ipafont-mincho fonts-tlwg-loma
ks-21-6614-specialty-court-set	Provision the browser	2026-09-12T04:20:43.8196781Z The following NEW packages will be installed:
ks-21-6614-specialty-court-set	Provision the browser	2026-09-12T04:20:43.8197567Z   fonts-freefont-ttf fonts-ipafont-gothic fonts-tlwg-loma-otf fonts-unifont
ks-21-6614-specialty-court-set	Provision the browser	2026-09-12T04:20:43.8202435Z   fonts-wqy-zenhei xfonts-cyrillic xfonts-encodings xfonts-scalable
ks-21-6614-specialty-court-set	Provision the browser	2026-09-12T04:20:43.8202899Z   xfonts-utils
ks-21-6614-specialty-court-set	Provision the browser	2026-09-12T04:20:43.8372638Z 0 upgraded, 9 newly installed, 0 to remove and 50 not upgraded.
ks-21-6614-specialty-court-set	Provision the browser	2026-09-12T04:20:43.8373129Z Need to get 21.1 MB of archives.
ks-21-6614-specialty-court-set	Provision the browser	2026-09-12T04:20:43.8373677Z After this operation, 79.5 MB of additional disk space will be used.
ks-21-6614-specialty-court-set	Provision the browser	2026-09-12T04:20:43.8374387Z Get:1 file:/etc/apt/apt-mirrors.txt Mirrorlist [144 B]
ks-21-6614-specialty-court-set	Provision the browser	2026-09-12T04:20:43.9092474Z Get:2 http://azure.archive.ubuntu.com/ubuntu noble/universe amd64 fonts-ipafont-gothic all 00303-21ubuntu1 [3513 kB]
ks-21-6614-specialty-court-set	Provision the browser	2026-09-12T04:20:44.0996607Z Get:3 http://azure.archive.ubuntu.com/ubuntu noble/main amd64 fonts-freefont-ttf all 20211204+svn4273-2 [5641 kB]
ks-21-6614-specialty-court-set	Provision the browser	2026-09-12T04:20:44.2119271Z Get:4 http://azure.archive.ubuntu.com/ubuntu noble/universe amd64 fonts-tlwg-loma-otf all 1:0.7.3-1 [107 kB]
ks-21-6614-specialty-court-set	Provision the browser	2026-09-12T04:20:44.2579855Z Get:5 http://azure.archive.ubuntu.com/ubuntu noble/universe amd64 fonts-unifont all 1:15.1.01-1build1 [2993 kB]
ks-21-6614-specialty-court-set	Provision the browser	2026-09-12T04:20:44.3277646Z Get:6 http://azure.archive.ubuntu.com/ubuntu noble/universe amd64 fonts-wqy-zenhei all 0.9.45-8 [7472 kB]
ks-21-6614-specialty-court-set	Provision the browser	2026-09-12T04:20:44.4709084Z Get:7 http://azure.archive.ubuntu.com/ubuntu noble/main amd64 xfonts-encodings all 1:1.0.5-0ubuntu2 [578 kB]
ks-21-6614-specialty-court-set	Provision the browser	2026-09-12T04:20:44.5194896Z Get:8 http://azure.archive.ubuntu.com/ubuntu noble/main amd64 xfonts-utils amd64 1:7.7+6build3 [94.4 kB]
ks-21-6614-specialty-court-set	Provision the browser	2026-09-12T04:20:44.5654150Z Get:9 http://azure.archive.ubuntu.com/ubuntu noble/universe amd64 xfonts-cyrillic all 1:1.0.5+nmu1 [384 kB]
ks-21-6614-specialty-court-set	Provision the browser	2026-09-12T04:20:44.6129446Z Get:10 http://azure.archive.ubuntu.com/ubuntu noble/main amd64 xfonts-scalable all 1:1.0.3-1.3 [304 kB]
ks-21-6614-specialty-court-set	Provision the browser	2026-09-12T04:20:44.8553467Z Fetched 21.1 MB in 1s (26.9 MB/s)
ks-21-6614-specialty-court-set	Provision the browser	2026-09-12T04:20:44.8759116Z Selecting previously unselected package fonts-ipafont-gothic.
ks-21-6614-specialty-court-set	Provision the browser	2026-09-12T04:20:44.8945258Z (Reading database ... 
ks-21-6614-specialty-court-set	Provision the browser	2026-09-12T04:20:44.8945946Z (Reading database ... 5%
ks-21-6614-specialty-court-set	Provision the browser	2026-09-12T04:20:44.8946467Z (Reading database ... 10%
ks-21-6614-specialty-court-set	Provision the browser	2026-09-12T04:20:44.8946900Z (Reading database ... 15%
ks-21-6614-specialty-court-set	Provision the browser	2026-09-12T04:20:44.8947444Z (Reading database ... 20%
ks-21-6614-specialty-court-set	Provision the browser	2026-09-12T04:20:44.8947909Z (Reading database ... 25%
ks-21-6614-specialty-court-set	Provision the browser	2026-09-12T04:20:44.8948293Z (Reading database ... 30%
ks-21-6614-specialty-court-set	Provision the browser	2026-09-12T04:20:44.8948615Z (Reading database ... 35%
ks-21-6614-specialty-court-set	Provision the browser	2026-09-12T04:20:44.8948882Z (Reading database ... 40%
ks-21-6614-specialty-court-set	Provision the browser	2026-09-12T04:20:44.8949612Z (Reading database ... 45%
ks-21-6614-specialty-court-set	Provision the browser	2026-09-12T04:20:44.8949899Z (Reading database ... 50%
ks-21-6614-specialty-court-set	Provision the browser	2026-09-12T04:20:44.8973660Z (Reading database ... 55%
ks-21-6614-specialty-court-set	Provision the browser	2026-09-12T04:20:45.0406718Z (Reading database ... 60%
ks-21-6614-specialty-court-set	Provision the browser	2026-09-12T04:20:45.2075808Z (Reading database ... 65%
ks-21-6614-specialty-court-set	Provision the browser	2026-09-12T04:20:45.4687337Z (Reading database ... 70%
ks-21-6614-specialty-court-set	Provision the browser	2026-09-12T04:20:45.7097653Z (Reading database ... 75%
ks-21-6614-specialty-court-set	Provision the browser	2026-09-12T04:20:45.9338600Z (Reading database ... 80%
ks-21-6614-specialty-court-set	Provision the browser	2026-09-12T04:20:46.1075674Z (Reading database ... 85%
ks-21-6614-specialty-court-set	Provision the browser	2026-09-12T04:20:46.3125165Z (Reading database ... 90%
ks-21-6614-specialty-court-set	Provision the browser	2026-09-12T04:20:46.4626814Z (Reading database ... 95%
ks-21-6614-specialty-court-set	Provision the browser	2026-09-12T04:20:46.4627468Z (Reading database ... 100%
ks-21-6614-specialty-court-set	Provision the browser	2026-09-12T04:20:46.4628122Z (Reading database ... 201818 files and directories currently installed.)
ks-21-6614-specialty-court-set	Provision the browser	2026-09-12T04:20:46.4667974Z Preparing to unpack .../0-fonts-ipafont-gothic_00303-21ubuntu1_all.deb ...
ks-21-6614-specialty-court-set	Provision the browser	2026-09-12T04:20:46.4759311Z Unpacking fonts-ipafont-gothic (00303-21ubuntu1) ...
ks-21-6614-specialty-court-set	Provision the browser	2026-09-12T04:20:46.9918943Z Selecting previously unselected package fonts-freefont-ttf.
ks-21-6614-specialty-court-set	Provision the browser	2026-09-12T04:20:47.0026753Z Preparing to unpack .../1-fonts-freefont-ttf_20211204+svn4273-2_all.deb ...
ks-21-6614-specialty-court-set	Provision the browser	2026-09-12T04:20:47.0040084Z Unpacking fonts-freefont-ttf (20211204+svn4273-2) ...
ks-21-6614-specialty-court-set	Provision the browser	2026-09-12T04:20:47.1414761Z Selecting previously unselected package fonts-tlwg-loma-otf.
ks-21-6614-specialty-court-set	Provision the browser	2026-09-12T04:20:47.1521925Z Preparing to unpack .../2-fonts-tlwg-loma-otf_1%3a0.7.3-1_all.deb ...
ks-21-6614-specialty-court-set	Provision the browser	2026-09-12T04:20:47.1533496Z Unpacking fonts-tlwg-loma-otf (1:0.7.3-1) ...
ks-21-6614-specialty-court-set	Provision the browser	2026-09-12T04:20:47.1795723Z Selecting previously unselected package fonts-unifont.
ks-21-6614-specialty-court-set	Provision the browser	2026-09-12T04:20:47.1914205Z Preparing to unpack .../3-fonts-unifont_1%3a15.1.01-1build1_all.deb ...
ks-21-6614-specialty-court-set	Provision the browser	2026-09-12T04:20:47.1937507Z Unpacking fonts-unifont (1:15.1.01-1build1) ...
ks-21-6614-specialty-court-set	Provision the browser	2026-09-12T04:20:47.3931419Z Selecting previously unselected package fonts-wqy-zenhei.
ks-21-6614-specialty-court-set	Provision the browser	2026-09-12T04:20:47.4036672Z Preparing to unpack .../4-fonts-wqy-zenhei_0.9.45-8_all.deb ...
ks-21-6614-specialty-court-set	Provision the browser	2026-09-12T04:20:47.4119088Z Unpacking fonts-wqy-zenhei (0.9.45-8) ...
ks-21-6614-specialty-court-set	Provision the browser	2026-09-12T04:20:47.9022727Z Selecting previously unselected package xfonts-encodings.
ks-21-6614-specialty-court-set	Provision the browser	2026-09-12T04:20:47.9129946Z Preparing to unpack .../5-xfonts-encodings_1%3a1.0.5-0ubuntu2_all.deb ...
ks-21-6614-specialty-court-set	Provision the browser	2026-09-12T04:20:47.9141013Z Unpacking xfonts-encodings (1:1.0.5-0ubuntu2) ...
ks-21-6614-specialty-court-set	Provision the browser	2026-09-12T04:20:48.0357790Z Selecting previously unselected package xfonts-utils.
ks-21-6614-specialty-court-set	Provision the browser	2026-09-12T04:20:48.0484089Z Preparing to unpack .../6-xfonts-utils_1%3a7.7+6build3_amd64.deb ...
ks-21-6614-specialty-court-set	Provision the browser	2026-09-12T04:20:48.0498710Z Unpacking xfonts-utils (1:7.7+6build3) ...
ks-21-6614-specialty-court-set	Provision the browser	2026-09-12T04:20:48.1346323Z Selecting previously unselected package xfonts-cyrillic.
ks-21-6614-specialty-court-set	Provision the browser	2026-09-12T04:20:48.1452796Z Preparing to unpack .../7-xfonts-cyrillic_1%3a1.0.5+nmu1_all.deb ...
ks-21-6614-specialty-court-set	Provision the browser	2026-09-12T04:20:48.1463076Z Unpacking xfonts-cyrillic (1:1.0.5+nmu1) ...
ks-21-6614-specialty-court-set	Provision the browser	2026-09-12T04:20:48.3667070Z Selecting previously unselected package xfonts-scalable.
ks-21-6614-specialty-court-set	Provision the browser	2026-09-12T04:20:48.3773825Z Preparing to unpack .../8-xfonts-scalable_1%3a1.0.3-1.3_all.deb ...
ks-21-6614-specialty-court-set	Provision the browser	2026-09-12T04:20:48.3784893Z Unpacking xfonts-scalable (1:1.0.3-1.3) ...
ks-21-6614-specialty-court-set	Provision the browser	2026-09-12T04:20:48.4109851Z Setting up fonts-wqy-zenhei (0.9.45-8) ...
ks-21-6614-specialty-court-set	Provision the browser	2026-09-12T04:20:48.4230913Z Setting up fonts-freefont-ttf (20211204+svn4273-2) ...
ks-21-6614-specialty-court-set	Provision the browser	2026-09-12T04:20:48.4266220Z Setting up fonts-tlwg-loma-otf (1:0.7.3-1) ...
ks-21-6614-specialty-court-set	Provision the browser	2026-09-12T04:20:48.4294946Z Setting up xfonts-encodings (1:1.0.5-0ubuntu2) ...
ks-21-6614-specialty-court-set	Provision the browser	2026-09-12T04:20:48.4329087Z Setting up fonts-ipafont-gothic (00303-21ubuntu1) ...
ks-21-6614-specialty-court-set	Provision the browser	2026-09-12T04:20:48.4402481Z update-alternatives: using /usr/share/fonts/opentype/ipafont-gothic/ipag.ttf to provide /usr/share/fonts/truetype/fonts-japanese-gothic.ttf (fonts-japanese-gothic.ttf) in auto mode
ks-21-6614-specialty-court-set	Provision the browser	2026-09-12T04:20:48.4427331Z Setting up fonts-unifont (1:15.1.01-1build1) ...
ks-21-6614-specialty-court-set	Provision the browser	2026-09-12T04:20:48.4462071Z Setting up xfonts-utils (1:7.7+6build3) ...
ks-21-6614-specialty-court-set	Provision the browser	2026-09-12T04:20:48.4508623Z Setting up xfonts-cyrillic (1:1.0.5+nmu1) ...
ks-21-6614-specialty-court-set	Provision the browser	2026-09-12T04:20:48.4749955Z Setting up xfonts-scalable (1:1.0.3-1.3) ...
ks-21-6614-specialty-court-set	Provision the browser	2026-09-12T04:20:48.4971490Z Processing triggers for man-db (2.12.0-4build2) ...
ks-21-6614-specialty-court-set	Provision the browser	2026-09-12T04:20:48.4995828Z Not building database; man-db/auto-update is not 'true'.
ks-21-6614-specialty-court-set	Provision the browser	2026-09-12T04:20:48.5012357Z Processing triggers for fontconfig (2.15.0-1.1ubuntu2) ...
ks-21-6614-specialty-court-set	Provision the browser	2026-09-12T04:20:50.0864462Z 
ks-21-6614-specialty-court-set	Provision the browser	2026-09-12T04:20:50.0865855Z Running kernel seems to be up-to-date.
ks-21-6614-specialty-court-set	Provision the browser	2026-09-12T04:20:50.0866361Z 
ks-21-6614-specialty-court-set	Provision the browser	2026-09-12T04:20:50.0866693Z No services need to be restarted.
ks-21-6614-specialty-court-set	Provision the browser	2026-09-12T04:20:50.0866973Z 
ks-21-6614-specialty-court-set	Provision the browser	2026-09-12T04:20:50.0867217Z No containers need to be restarted.
ks-21-6614-specialty-court-set	Provision the browser	2026-09-12T04:20:50.0867504Z 
ks-21-6614-specialty-court-set	Provision the browser	2026-09-12T04:20:50.0867711Z No user sessions are running outdated binaries.
ks-21-6614-specialty-court-set	Provision the browser	2026-09-12T04:20:50.0868071Z 
ks-21-6614-specialty-court-set	Provision the browser	2026-09-12T04:20:50.0868367Z No VM guests are running outdated hypervisor (qemu) binaries on this host.
ks-21-6614-specialty-court-set	Provision the browser	2026-09-12T04:20:50.9271826Z Downloading Chrome for Testing 148.0.7778.96 (playwright chromium v1223) from https://cdn.playwright.dev/builds/cft/148.0.7778.96/linux64/chrome-linux64.zip
ks-21-6614-specialty-court-set	Provision the browser	2026-09-12T04:20:51.8892677Z |                                                                                |   0% of 175.4 MiB
ks-21-6614-specialty-court-set	Provision the browser	2026-09-12T04:20:51.9852097Z |■■■■■■■■                                                                        |  10% of 175.4 MiB
ks-21-6614-specialty-court-set	Provision the browser	2026-09-12T04:20:52.0432699Z |■■■■■■■■■■■■■■■■                                                                |  20% of 175.4 MiB
ks-21-6614-specialty-court-set	Provision the browser	2026-09-12T04:20:52.0867988Z |■■■■■■■■■■■■■■■■■■■■■■■■                                                        |  30% of 175.4 MiB
ks-21-6614-specialty-court-set	Provision the browser	2026-09-12T04:20:52.1207156Z |■■■■■■■■■■■■■■■■■■■■■■■■■■■■■■■■                                                |  40% of 175.4 MiB
ks-21-6614-specialty-court-set	Provision the browser	2026-09-12T04:20:52.1558187Z |■■■■■■■■■■■■■■■■■■■■■■■■■■■■■■■■■■■■■■■■                                        |  50% of 175.4 MiB
ks-21-6614-specialty-court-set	Provision the browser	2026-09-12T04:20:52.1915105Z |■■■■■■■■■■■■■■■■■■■■■■■■■■■■■■■■■■■■■■■■■■■■■■■■                                |  60% of 175.4 MiB
ks-21-6614-specialty-court-set	Provision the browser	2026-09-12T04:20:52.2258674Z |■■■■■■■■■■■■■■■■■■■■■■■■■■■■■■■■■■■■■■■■■■■■■■■■■■■■■■■■                        |  70% of 175.4 MiB
ks-21-6614-specialty-court-set	Provision the browser	2026-09-12T04:20:52.2619393Z |■■■■■■■■■■■■■■■■■■■■■■■■■■■■■■■■■■■■■■■■■■■■■■■■■■■■■■■■■■■■■■■■                |  80% of 175.4 MiB
ks-21-6614-specialty-court-set	Provision the browser	2026-09-12T04:20:52.2977540Z |■■■■■■■■■■■■■■■■■■■■■■■■■■■■■■■■■■■■■■■■■■■■■■■■■■■■■■■■■■■■■■■■■■■■■■■■        |  90% of 175.4 MiB
ks-21-6614-specialty-court-set	Provision the browser	2026-09-12T04:20:52.3336926Z |■■■■■■■■■■■■■■■■■■■■■■■■■■■■■■■■■■■■■■■■■■■■■■■■■■■■■■■■■■■■■■■■■■■■■■■■■■■■■■■■| 100% of 175.4 MiB
ks-21-6614-specialty-court-set	Provision the browser	2026-09-12T04:20:54.9415755Z Chrome for Testing 148.0.7778.96 (playwright chromium v1223) downloaded to /home/runner/.cache/ms-playwright/chromium-1223
ks-21-6614-specialty-court-set	Provision the browser	2026-09-12T04:20:54.9418436Z Downloading FFmpeg (playwright ffmpeg v1011) from https://cdn.playwright.dev/dbazure/download/playwright/builds/ffmpeg/1011/ffmpeg-linux.zip
ks-21-6614-specialty-court-set	Provision the browser	2026-09-12T04:20:55.8554822Z |                                                                                |   0% of 2.3 MiB
ks-21-6614-specialty-court-set	Provision the browser	2026-09-12T04:20:55.8783706Z |■■■■■■■■                                                                        |  10% of 2.3 MiB
ks-21-6614-specialty-court-set	Provision the browser	2026-09-12T04:20:55.8885986Z |■■■■■■■■■■■■■■■■                                                                |  20% of 2.3 MiB
ks-21-6614-specialty-court-set	Provision the browser	2026-09-12T04:20:55.8968151Z |■■■■■■■■■■■■■■■■■■■■■■■■                                                        |  30% of 2.3 MiB
ks-21-6614-specialty-court-set	Provision the browser	2026-09-12T04:20:55.9047054Z |■■■■■■■■■■■■■■■■■■■■■■■■■■■■■■■■                                                |  40% of 2.3 MiB
ks-21-6614-specialty-court-set	Provision the browser	2026-09-12T04:20:55.9105694Z |■■■■■■■■■■■■■■■■■■■■■■■■■■■■■■■■■■■■■■■■                                        |  50% of 2.3 MiB
ks-21-6614-specialty-court-set	Provision the browser	2026-09-12T04:20:55.9127864Z |■■■■■■■■■■■■■■■■■■■■■■■■■■■■■■■■■■■■■■■■■■■■■■■■                                |  60% of 2.3 MiB
ks-21-6614-specialty-court-set	Provision the browser	2026-09-12T04:20:55.9140749Z |■■■■■■■■■■■■■■■■■■■■■■■■■■■■■■■■■■■■■■■■■■■■■■■■■■■■■■■■                        |  70% of 2.3 MiB
ks-21-6614-specialty-court-set	Provision the browser	2026-09-12T04:20:55.9199044Z |■■■■■■■■■■■■■■■■■■■■■■■■■■■■■■■■■■■■■■■■■■■■■■■■■■■■■■■■■■■■■■■■                |  80% of 2.3 MiB
ks-21-6614-specialty-court-set	Provision the browser	2026-09-12T04:20:55.9212804Z |■■■■■■■■■■■■■■■■■■■■■■■■■■■■■■■■■■■■■■■■■■■■■■■■■■■■■■■■■■■■■■■■■■■■■■■■        |  90% of 2.3 MiB
ks-21-6614-specialty-court-set	Provision the browser	2026-09-12T04:20:55.9222383Z |■■■■■■■■■■■■■■■■■■■■■■■■■■■■■■■■■■■■■■■■■■■■■■■■■■■■■■■■■■■■■■■■■■■■■■■■■■■■■■■■| 100% of 2.3 MiB
ks-21-6614-specialty-court-set	Provision the browser	2026-09-12T04:20:55.9719636Z FFmpeg (playwright ffmpeg v1011) downloaded to /home/runner/.cache/ms-playwright/ffmpeg-1011
ks-21-6614-specialty-court-set	Provision the browser	2026-09-12T04:20:55.9722329Z Downloading Chrome Headless Shell 148.0.7778.96 (playwright chromium-headless-shell v1223) from https://cdn.playwright.dev/builds/cft/148.0.7778.96/linux64/chrome-headless-shell-linux64.zip
ks-21-6614-specialty-court-set	Provision the browser	2026-09-12T04:20:56.9436478Z |                                                                                |   0% of 113.2 MiB
ks-21-6614-specialty-court-set	Provision the browser	2026-09-12T04:20:57.0456426Z |■■■■■■■■                                                                        |  10% of 113.2 MiB
ks-21-6614-specialty-court-set	Provision the browser	2026-09-12T04:20:57.1070868Z |■■■■■■■■■■■■■■■■                                                                |  20% of 113.2 MiB
ks-21-6614-specialty-court-set	Provision the browser	2026-09-12T04:20:57.1534961Z |■■■■■■■■■■■■■■■■■■■■■■■■                                                        |  30% of 113.2 MiB
ks-21-6614-specialty-court-set	Provision the browser	2026-09-12T04:20:57.1915009Z |■■■■■■■■■■■■■■■■■■■■■■■■■■■■■■■■                                                |  40% of 113.2 MiB
ks-21-6614-specialty-court-set	Provision the browser	2026-09-12T04:20:57.2182628Z |■■■■■■■■■■■■■■■■■■■■■■■■■■■■■■■■■■■■■■■■                                        |  50% of 113.2 MiB
ks-21-6614-specialty-court-set	Provision the browser	2026-09-12T04:20:57.2433186Z |■■■■■■■■■■■■■■■■■■■■■■■■■■■■■■■■■■■■■■■■■■■■■■■■                                |  60% of 113.2 MiB
ks-21-6614-specialty-court-set	Provision the browser	2026-09-12T04:20:57.2698089Z |■■■■■■■■■■■■■■■■■■■■■■■■■■■■■■■■■■■■■■■■■■■■■■■■■■■■■■■■                        |  70% of 113.2 MiB
ks-21-6614-specialty-court-set	Provision the browser	2026-09-12T04:20:57.3089817Z |■■■■■■■■■■■■■■■■■■■■■■■■■■■■■■■■■■■■■■■■■■■■■■■■■■■■■■■■■■■■■■■■                |  80% of 113.2 MiB
ks-21-6614-specialty-court-set	Provision the browser	2026-09-12T04:20:57.3362699Z |■■■■■■■■■■■■■■■■■■■■■■■■■■■■■■■■■■■■■■■■■■■■■■■■■■■■■■■■■■■■■■■■■■■■■■■■        |  90% of 113.2 MiB
ks-21-6614-specialty-court-set	Provision the browser	2026-09-12T04:20:57.3633583Z |■■■■■■■■■■■■■■■■■■■■■■■■■■■■■■■■■■■■■■■■■■■■■■■■■■■■■■■■■■■■■■■■■■■■■■■■■■■■■■■■| 100% of 113.2 MiB
ks-21-6614-specialty-court-set	Provision the browser	2026-09-12T04:20:59.2295244Z Chrome Headless Shell 148.0.7778.96 (playwright chromium-headless-shell v1223) downloaded to /home/runner/.cache/ms-playwright/chromium_headless_shell-1223
ks-21-6614-specialty-court-set	Render and measure ks-21-6614-specialty-court-set	﻿2026-09-12T04:20:59.2477648Z ##[group]Run node scripts/rcap-raster-batch.mjs \
ks-21-6614-specialty-court-set	Render and measure ks-21-6614-specialty-court-set	2026-09-12T04:20:59.2478119Z ^[[36;1mnode scripts/rcap-raster-batch.mjs \^[[0m
ks-21-6614-specialty-court-set	Render and measure ks-21-6614-specialty-court-set	2026-09-12T04:20:59.2478458Z ^[[36;1m  --manifest "$MANIFEST_PATH" \^[[0m
ks-21-6614-specialty-court-set	Render and measure ks-21-6614-specialty-court-set	2026-09-12T04:20:59.2478738Z ^[[36;1m  --family "$FAMILY" \^[[0m
ks-21-6614-specialty-court-set	Render and measure ks-21-6614-specialty-court-set	2026-09-12T04:20:59.2479306Z ^[[36;1m  --commit "$COMMIT_SHA" \^[[0m
ks-21-6614-specialty-court-set	Render and measure ks-21-6614-specialty-court-set	2026-09-12T04:20:59.2479613Z ^[[36;1m  --scale "$REQUESTED_SCALE" \^[[0m
ks-21-6614-specialty-court-set	Render and measure ks-21-6614-specialty-court-set	2026-09-12T04:20:59.2479920Z ^[[36;1m  --run-id "$WORKFLOW_RUN_ID" \^[[0m
ks-21-6614-specialty-court-set	Render and measure ks-21-6614-specialty-court-set	2026-09-12T04:20:59.2480233Z ^[[36;1m  --out raster-out^[[0m
ks-21-6614-specialty-court-set	Render and measure ks-21-6614-specialty-court-set	2026-09-12T04:20:59.2501735Z shell: /usr/bin/bash -e {0}
ks-21-6614-specialty-court-set	Render and measure ks-21-6614-specialty-court-set	2026-09-12T04:20:59.2502046Z env:
ks-21-6614-specialty-court-set	Render and measure ks-21-6614-specialty-court-set	2026-09-12T04:20:59.2502384Z   pythonLocation: /opt/hostedtoolcache/Python/3.12.14/x64
ks-21-6614-specialty-court-set	Render and measure ks-21-6614-specialty-court-set	2026-09-12T04:20:59.2502845Z   PKG_CONFIG_PATH: /opt/hostedtoolcache/Python/3.12.14/x64/lib/pkgconfig
ks-21-6614-specialty-court-set	Render and measure ks-21-6614-specialty-court-set	2026-09-12T04:20:59.2503270Z   Python_ROOT_DIR: /opt/hostedtoolcache/Python/3.12.14/x64
ks-21-6614-specialty-court-set	Render and measure ks-21-6614-specialty-court-set	2026-09-12T04:20:59.2503702Z   Python2_ROOT_DIR: /opt/hostedtoolcache/Python/3.12.14/x64
ks-21-6614-specialty-court-set	Render and measure ks-21-6614-specialty-court-set	2026-09-12T04:20:59.2504083Z   Python3_ROOT_DIR: /opt/hostedtoolcache/Python/3.12.14/x64
ks-21-6614-specialty-court-set	Render and measure ks-21-6614-specialty-court-set	2026-09-12T04:20:59.2504575Z   LD_LIBRARY_PATH: /opt/hostedtoolcache/Python/3.12.14/x64/lib
ks-21-6614-specialty-court-set	Render and measure ks-21-6614-specialty-court-set	2026-09-12T04:20:59.2504976Z   PLAYWRIGHT_BROWSERS_PATH: /home/runner/.cache/ms-playwright
ks-21-6614-specialty-court-set	Render and measure ks-21-6614-specialty-court-set	2026-09-12T04:20:59.2506080Z   MANIFEST_PATH: data/rcap-grade-a/packet-factory-24h/pf20/kansas-four-closeout-20260912/submitted-by-followup/raster-manifest.json
ks-21-6614-specialty-court-set	Render and measure ks-21-6614-specialty-court-set	2026-09-12T04:20:59.2506636Z   FAMILY: ks-21-6614-specialty-court-set
ks-21-6614-specialty-court-set	Render and measure ks-21-6614-specialty-court-set	2026-09-12T04:20:59.2506961Z   COMMIT_SHA: 29e246bd94f489e159e11e23121db6d0d5a79f4a
ks-21-6614-specialty-court-set	Render and measure ks-21-6614-specialty-court-set	2026-09-12T04:20:59.2507324Z   REQUESTED_SCALE: 2.5
ks-21-6614-specialty-court-set	Render and measure ks-21-6614-specialty-court-set	2026-09-12T04:20:59.2507595Z   WORKFLOW_RUN_ID: 34672497941
ks-21-6614-specialty-court-set	Render and measure ks-21-6614-specialty-court-set	2026-09-12T04:20:59.2508012Z ##[endgroup]
ks-21-6614-specialty-court-set	Render and measure ks-21-6614-specialty-court-set	2026-09-12T04:28:21.8196209Z RCAP_RECEIPT_BEGIN family=ks-21-6614-specialty-court-set run=34672497941 commit=29e246bd94f489e159e11e23121db6d0d5a79f4a
ks-21-6614-specialty-court-set	Render and measure ks-21-6614-specialty-court-set	2026-09-12T04:28:21.8281974Z RCAP_RECEIPT_VERDICT {"schemaVersion":"rcap-raster-family-verdict/v1","familyId":"ks-21-6614-specialty-court-set","verdict":"RASTER_PASS","packetCommitSha":"29e246bd94f489e159e11e23121db6d0d5a79f4a","workflowRunId":"34672497941","requestedScale":2.5,"cssPxPerPt":1.3333333333333333,"browserExecutable":"/home/runner/.cache/ms-playwright/chromium-1223/chrome-linux64/chrome","resolvedBy":"PLAYWRIGHT_BROWSERS_PATH","operatingSystem":"Linux 6.17.0-1022-azure x64","nodeVersion":"v22.23.2","hashesBound":{"canonical":{"path":"data/rcap-all50/overlays/census-v1/ks/ks-21-6614-specialty-court-set--official-pdf-fill/fixtures/canonical.pdf","pinned":"8f060388b2fa7efdd7ab062bb30b3055da0af631e91e47d815135c53d62d8de2"},"boundary":{"path":"data/rcap-all50/overlays/census-v1/ks/ks-21-6614-specialty-court-set--official-pdf-fill/fixtures/boundary.pdf","pinned":"4d028f3ac6df1166b82d4f7c747b3fa97cc62b41e5d8ae73e6f20948c262f955"}},"documentsRendered":[{"role":"canonical","document":"canonical.pdf","path":"data/rcap-all50/overlays/census-v1/ks/ks-21-6614-specialty-court-set--official-pdf-fill/fixtures/canonical.pdf","pinned":"8f060388b2fa7efdd7ab062bb30b3055da0af631e91e47d815135c53d62d8de2"},{"role":"boundary","document":"boundary.pdf","path":"data/rcap-all50/overlays/census-v1/ks/ks-21-6614-specialty-court-set--official-pdf-fill/fixtures/boundary.pdf","pinned":"4d028f3ac6df1166b82d4f7c747b3fa97cc62b41e5d8ae73e6f20948c262f955"}],"documentsDigest":"70b1c92f4021d77eef1bdce09c6d8c838866bf3d6df7672701a4d2f6da97d7dd","coversTheWholeFamily":true,"decryptionTransforms":[],"decryptionRule":"An encrypted source is hashed before any transform; Poppler and qpdf must independently agree on its page count; the temporary derivative is decrypted and serialized with explicit objects, then admitted only when geometry, decoded page content, fields/widgets, and XFA remain identical; only that temporary transport is passed to pdf-lib for calibrated rendering; the queued packet bytes are never modified.","pagesMeasured":40,"measurements":[{"kind":"canonical","document":"canonical.pdf","page":1,"png":"ks-21-6614-specialty-court-set/canonical/page-001.png","bytes":320056,"pngSha256":"c9e8a00f998638b24ed59c2ddeab880b5ea4c10bd0be8b1edb107e525f77248f","pngWidth":2040,"pngHeight":2640,"paper":{"x0":204,"y0":3,"x1":2243,"y1":2642,"width":2040,"height":2640},"pxPerPt":3.3333333333333335,"expectedPxPerPt":3.333333333333333,"pageWidthPt":612,"pageHeightPt":792,"expectedPx":{"width":2039.9999999999998,"height":2639.9999999999995,"tolerancePx":6.666666666666666},"calibrationResidualPx":0,"inkFractionInsidePaper":0.05808749257278669,"nonblank":true,"croppedToThePage":true},{"kind":"canonical","document":"canonical.pdf","page":2,"png":"ks-21-6614-specialty-court-set/canonical/page-002.png","bytes":273586,"pngSha256":"9992a99db3f73f67a2e4feb9024499b1416ec6371ef8a236ed5d030156fe6ce8","pngWidth":2040,"pngHeight":2640,"paper":{"x0":204,"y0":3,"x1":2243,"y1":2642,"width":2040,"height":2640},"pxPerPt":3.3333333333333335,"expectedPxPerPt":3.333333333333333,"pageWidthPt":612,"pageHeightPt":792,"expectedPx":{"width":2039.9999999999998,"height":2639.9999999999995,"tolerancePx":6.666666666666666},"calibrationResidualPx":0,"inkFractionInsidePaper":0.027713903743315508,"nonblank":true,"croppedToThePage":true},{"kind":"canonical","document":"canonical.pdf","page":3,"png":"ks-21-6614-specialty-court-set/canonical/page-003.png","bytes":319784,"pngSha256":"1b1000cddabbe42c316ae49718c4ff9764993e0ff2d3b589bc42d11639689a82","pngWidth":2040,"pngHeight":2640,"paper":{"x0":204,"y0":3,"x1":2243,"y1":2642,"width":2040,"height":2640},"pxPerPt":3.3333333333333335,"expectedPxPerPt":3.333333333333333,"pageWidthPt":612,"pageHeightPt":792,"expectedPx":{"width":2039.9999999999998,"height":2639.9999999999995,"tolerancePx":6.666666666666666},"calibrationResidualPx":0,"inkFractionInsidePaper":0.032505013368983954,"nonblank":true,"croppedToThePage":true},{"kind":"canonical","document":"canonical.pdf","page":4,"png":"ks-21-6614-specialty-court-set/canonical/page-004.png","bytes":161750,"pngSha256":"7fe08299d7e27df64c0128106e938d9dbd64cf09c3cc12ad48df7d4af60b0b81","pngWidth":2040,"pngHeight":2640,"paper":{"x0":204,"y0":3,"x1":2243,"y1":2642,"width":2040,"height":2640},"pxPerPt":3.3333333333333335,"expectedPxPerPt":3.333333333333333,"pageWidthPt":612,"pageHeightPt":792,"expectedPx":{"width":2039.9999999999998,"height":2639.9999999999995,"tolerancePx":6.666666666666666},"calibrationResidualPx":0,"inkFractionInsidePaper":0.012302436125965538,"nonblank":true,"croppedToThePage":true},{"kind":"canonical","document":"canonical.pdf","page":5,"png":"ks-21-6614-specialty-court-set/canonical/page-005.png","bytes":442041,"pngSha256":"0ae20ffea54c5527b45ebbde50fee100364d64fab8ae230749cfd9144bde7965","pngWidth":2040,"pngHeight":2640,"paper":{"x0":204,"y0":3,"x1":2243,"y1":2642,"width":2040,"height":2640},"pxPerPt":3.3333333333333335,"expectedPxPerPt":3.333333333333333,"pageWidthPt":612,"pageHeightPt":792,"expectedPx":{"width":2039.9999999999998,"height":2639.9999999999995,"tolerancePx":6.666666666666666},"calibrationResidualPx":0,"inkFractionInsidePaper":0.043013406120023766,"nonblank":true,"croppedToThePage":true},{"kind":"canonical","document":"canonical.pdf","page":6,"png":"ks-21-6614-specialty-court-set/canonical/page-006.png","bytes":489116,"pngSha256":"561946a9c82d5d2ec0c32b4e11f3118e5b755e8cb94f2386c1931798f7ef9249","pngWidth":2040,"pngHeight":2640,"paper":{"x0":204,"y0":3,"x1":2243,"y1":2642,"width":2040,"height":2640},"pxPerPt":3.3333333333333335,"expectedPxPerPt":3.333333333333333,"pageWidthPt":612,"pageHeightPt":792,"expectedPx":{"width":2039.9999999999998,"height":2639.9999999999995,"tolerancePx":6.666666666666666},"calibrationResidualPx":0,"inkFractionInsidePaper":0.05282326945929887,"nonblank":true,"croppedToThePage":true},{"kind":"canonical","document":"canonical.pdf","page":7,"png":"ks-21-6614-specialty-court-set/canonical/page-007.png","bytes":554474,"pngSha256":"8df37d7461cc8b519e8776d3ae1123b7f6c9fc16130d3204a4e981a2538d33b2","pngWidth":2040,"pngHeight":2640,"paper":{"x0":204,"y0":3,"x1":2243,"y1":2642,"width":2040,"height":2640},"pxPerPt":3.3333333333333335,"expectedPxPerPt":3.333333333333333,"pageWidthPt":612,"pageHeightPt":792,"expectedPx":{"width":2039.9999999999998,"height":2639.9999999999995,"tolerancePx":6.666666666666666},"calibrationResidualPx":0,"inkFractionInsidePaper":0.2734336007130125,"nonblank":true,"croppedToThePage":true},{"kind":"canonical","document":"canonical.pdf","page":8,"png":"ks-21-6614-specialty-court-set/canonical/page-008.png","bytes":295614,"pngSha256":"5d22062ec99e0e6909070a9a5dfc2c8a2bbf870975fe938112366841f83eb4e3","pngWidth":2040,"pngHeight":2640,"paper":{"x0":204,"y0":3,"x1":2243,"y1":2642,"width":2040,"height":2640},"pxPerPt":3.3333333333333335,"expectedPxPerPt":3.333333333333333,"pageWidthPt":612,"pageHeightPt":792,"expectedPx":{"width":2039.9999999999998,"height":2639.9999999999995,"tolerancePx":6.666666666666666},"calibrationResidualPx":0,"inkFractionInsidePaper":0.0339880421865716,"nonblank":true,"croppedToThePage":true},{"kind":"canonical","document":"canonical.pdf","page":9,"png":"ks-21-6614-specialty-court-set/canonical/page-009.png","bytes":204360,"pngSha256":"45abc39444d5b9391445964b8552ff011747fda4ffdf259e37766f8381fc460e","pngWidth":2040,"pngHeight":2640,"paper":{"x0":204,"y0":3,"x1":2243,"y1":2642,"width":2040,"height":2640},"pxPerPt":3.3333333333333335,"expectedPxPerPt":3.333333333333333,"pageWidthPt":612,"pageHeightPt":792,"expectedPx":{"width":2039.9999999999998,"height":2639.9999999999995,"tolerancePx":6.666666666666666},"calibrationResidualPx":0,"inkFractionInsidePaper":0.04248421717171717,"nonblank":true,"croppedToThePage":true},{"kind":"canonical","document":"canonical.pdf","page":10,"png":"ks-21-6614-specialty-court-set/canonical/page-010.png","bytes":317017,"pngSha256":"2fb56920eef4e2e64388149944e0e8795906af6d5e5710f1483b01cc64ba97b4","pngWidth":2040,"pngHeight":2640,"paper":{"x0":204,"y0":3,"x1":2243,"y1":2642,"width":2040,"height":2640},"pxPerPt":3.3333333333333335,"expectedPxPerPt":3.333333333333333,"pageWidthPt":612,"pageHeightPt":792,"expectedPx":{"width":2039.9999999999998,"height":2639.9999999999995,"tolerancePx":6.666666666666666},"calibrationResidualPx":0,"inkFractionInsidePaper":0.03192142008318479,"nonblank":true,"croppedToThePage":true},{"kind":"canonical","document":"canonical.pdf","page":11,"png":"ks-21-6614-specialty-court-set/canonical/page-011.png","bytes":319223,"pngSha256":"97f243a8ea966b1ae2885410b3ba6954d6890c87af836faf786ac111411a0bbd","pngWidth":2040,"pngHeight":2640,"paper":{"x0":204,"y0":3,"x1":2243,"y1":2642,"width":2040,"height":2640},"pxPerPt":3.3333333333333335,"expectedPxPerPt":3.333333333333333,"pageWidthPt":612,"pageHeightPt":792,"expectedPx":{"width":2039.9999999999998,"height":2639.9999999999995,"tolerancePx":6.666666666666666},"calibrationResidualPx":0,"inkFractionInsidePaper":0.03508559863339275,"nonblank":true,"croppedToThePage":true},{"kind":"canonical","document":"canonical.pdf","page":12,"png":"ks-21-6614-specialty-court-set/canonical/page-012.png","bytes":362031,"pngSha256":"bec2aa8b35f69325b4570902a21a323f295af4b2210897efa89b964fbe35bdd3","pngWidth":2040,"pngHeight":2640,"paper":{"x0":204,"y0":3,"x1":2243,"y1":2642,"width":2040,"height":2640},"pxPerPt":3.3333333333333335,"expectedPxPerPt":3.333333333333333,"pageWidthPt":612,"pageHeightPt":792,"expectedPx":{"width":2039.9999999999998,"height":2639.9999999999995,"tolerancePx":6.666666666666666},"calibrationResidualPx":0,"inkFractionInsidePaper":0.03920194592988711,"nonblank":true,"croppedToThePage":true},{"kind":"canonical","document":"canonical.pdf","page":13,"png":"ks-21-6614-specialty-court-set/canonical/page-013.png","bytes":292762,"pngSha256":"9b76c2c68e55dc7d05a69aa20d6e2c1434900621869295c8ef7a8f30b1e24f4e","pngWidth":2040,"pngHeight":2640,"paper":{"x0":204,"y0":3,"x1":2243,"y1":2642,"width":2040,"height":2640},"pxPerPt":3.3333333333333335,"expectedPxPerPt":3.333333333333333,"pageWidthPt":612,"pageHeightPt":792,"expectedPx":{"width":2039.9999999999998,"height":2639.9999999999995,"tolerancePx":6.666666666666666},"calibrationResidualPx":0,"inkFractionInsidePaper":0.033933637849079025,"nonblank":true,"croppedToThePage":true},{"kind":"canonical","document":"canonical.pdf","page":14,"png":"ks-21-6614-specialty-court-set/canonical/page-014.png","bytes":259229,"pngSha256":"44d8f3eafb5ae10c2193c5743404595828a9e74ee43da2f685a20443856e1a8e","pngWidth":2040,"pngHeight":2640,"paper":{"x0":204,"y0":3,"x1":2243,"y1":2642,"width":2040,"height":2640},"pxPerPt":3.3333333333333335,"expectedPxPerPt":3.333333333333333,"pageWidthPt":612,"pageHeightPt":792,"expectedPx":{"width":2039.9999999999998,"height":2639.9999999999995,"tolerancePx":6.666666666666666},"calibrationResidualPx":0,"inkFractionInsidePaper":0.021756350267379678,"nonblank":true,"croppedToThePage":true},{"kind":"canonical","document":"canonical.pdf","page":15,"png":"ks-21-6614-specialty-court-set/canonical/page-015.png","bytes":299539,"pngSha256":"2d0ad0278f8d7b4429787c1019742558142bbeee9f7e7c924ae83555d1aa59d5","pngWidth":2040,"pngHeight":2640,"paper":{"x0":204,"y0":3,"x1":2243,"y1":2642,"width":2040,"height":2640},"pxPerPt":3.3333333333333335,"expectedPxPerPt":3.333333333333333,"pageWidthPt":612,"pageHeightPt":792,"expectedPx":{"width":2039.9999999999998,"height":2639.9999999999995,"tolerancePx":6.666666666666666},"calibrationResidualPx":0,"inkFractionInsidePaper":0.03320818478906714,"nonblank":true,"croppedToThePage":true},{"kind":"canonical","document":"canonical.pdf","page":16,"png":"ks-21-6614-specialty-court-set/canonical/page-016.png","bytes":244757,"pngSha256":"ba9ed3917beef7b952b36bbafe881a7fbe64ddb0f543290dadc7db8e4198b52f","pngWidth":2040,"pngHeight":2640,"paper":{"x0":204,"y0":3,"x1":2243,"y1":2642,"width":2040,"height":2640},"pxPerPt":3.3333333333333335,"expectedPxPerPt":3.333333333333333,"pageWidthPt":612,"pageHeightPt":792,"expectedPx":{"width":2039.9999999999998,"height":2639.9999999999995,"tolerancePx":6.666666666666666},"calibrationResidualPx":0,"inkFractionInsidePaper":0.024706253713606654,"nonblank":true,"croppedToThePage":true},{"kind":"canonical","document":"canonical.pdf","page":17,"png":"ks-21-6614-specialty-court-set/canonical/page-017.png","bytes":100792,"pngSha256":"168e8f82815a8a8d5279aa38783d289eef45a1f506c052e6994195246e0c1c50","pngWidth":2040,"pngHeight":2640,"paper":{"x0":204,"y0":3,"x1":2243,"y1":2642,"width":2040,"height":2640},"pxPerPt":3.3333333333333335,"expectedPxPerPt":3.333333333333333,"pageWidthPt":612,"pageHeightPt":792,"expectedPx":{"width":2039.9999999999998,"height":2639.9999999999995,"tolerancePx":6.666666666666666},"calibrationResidualPx":0,"inkFractionInsidePaper":0.006580696672608437,"nonblank":true,"croppedToThePage":true},{"kind":"canonical","document":"canonical.pdf","page":18,"png":"ks-21-6614-specialty-court-set/canonical/page-018.png","bytes":434123,"pngSha256":"fc3259dda34957a3a9188cf44bc2e97a1714a3dbd35d43dc149adce52e75c372","pngWidth":2040,"pngHeight":2640,"paper":{"x0":204,"y0":3,"x1":2243,"y1":2642,"width":2040,"height":2640},"pxPerPt":3.3333333333333335,"expectedPxPerPt":3.333333333333333,"pageWidthPt":612,"pageHeightPt":792,"expectedPx":{"width":2039.9999999999998,"height":2639.9999999999995,"tolerancePx":6.666666666666666},"calibrationResidualPx":0,"inkFractionInsidePaper":0.050018382352941176,"nonblank":true,"croppedToThePage":true},{"kind":"canonical","document":"canonical.pdf","page":19,"png":"ks-21-6614-specialty-court-set/canonical/page-019.png","bytes":352707,"pngSha256":"acd39766b3e753cf192f3b600353f7812401b94aefc612eee47f5bdc92cb7179","pngWidth":2040,"pngHeight":2640,"paper":{"x0":204,"y0":3,"x1":2243,"y1":2642,"width":2040,"height":2640},"pxPerPt":3.3333333333333335,"expectedPxPerPt":3.333333333333333,"pageWidthPt":612,"pageHeightPt":792,"expectedPx":{"width":2039.9999999999998,"height":2639.9999999999995,"tolerancePx":6.666666666666666},"calibrationResidualPx":0,"inkFractionInsidePaper":0.03660223559120618,"nonblank":true,"croppedToThePage":true},{"kind":"canonical","document":"canonical.pdf","page":20,"png":"ks-21-6614-specialty-court-set/canonical/page-020.png","bytes":206663,"pngSha256":"1c93d290602d2db4ee8422463fe86ac0e5c6642b2854347f1db82292cf80bfa6","pngWidth":2040,"pngHeight":2640,"paper":{"x0":204,"y0":3,"x1":2243,"y1":2642,"width":2040,"height":2640},"pxPerPt":3.3333333333333335,"expectedPxPerPt":3.333333333333333,"pageWidthPt":612,"pageHeightPt":792,"expectedPx":{"width":2039.9999999999998,"height":2639.9999999999995,"tolerancePx":6.666666666666666},"calibrationResidualPx":0,"inkFractionInsidePaper":0.017382092988710636,"nonblank":true,"croppedToThePage":true},{"kind":"boundary","document":"boundary.pdf","page":1,"png":"ks-21-6614-specialty-court-set/boundary/page-001.png","bytes":325670,"pngSha256":"1eb8105dd85835c119ffbeafae4cb1c0e71978e1cc8f23f7a56ce71666f62764","pngWidth":2040,"pngHeight":2640,"paper":{"x0":204,"y0":3,"x1":2243,"y1":2642,"width":2040,"height":2640},"pxPerPt":3.3333333333333335,"expectedPxPerPt":3.333333333333333,"pageWidthPt":612,"pageHeightPt":792,"expectedPx":{"width":2039.9999999999998,"height":2639.9999999999995,"tolerancePx":6.666666666666666},"calibrationResidualPx":0,"inkFractionInsidePaper":0.05909777926322044,"nonblank":true,"croppedToThePage":true},{"kind":"boundary","document":"boundary.pdf","page":2,"png":"ks-21-6614-specialty-court-set/boundary/page-002.png","bytes":280806,"pngSha256":"af24c9dbda28bfb1c6c909d43cffbf0646fe10e673e5afec8fe2f5318ec1102e","pngWidth":2040,"pngHeight":2640,"paper":{"x0":204,"y0":3,"x1":2243,"y1":2642,"width":2040,"height":2640},"pxPerPt":3.3333333333333335,"expectedPxPerPt":3.333333333333333,"pageWidthPt":612,"pageHeightPt":792,"expectedPx":{"width":2039.9999999999998,"height":2639.9999999999995,"tolerancePx":6.666666666666666},"calibrationResidualPx":0,"inkFractionInsidePaper":0.028802547534165182,"nonblank":true,"croppedToThePage":true},{"kind":"boundary","document":"boundary.pdf","page":3,"png":"ks-21-6614-specialty-court-set/boundary/page-003.png","bytes":319784,"pngSha256":"1b1000cddabbe42c316ae49718c4ff9764993e0ff2d3b589bc42d11639689a82","pngWidth":2040,"pngHeight":2640,"paper":{"x0":204,"y0":3,"x1":2243,"y1":2642,"width":2040,"height":2640},"pxPerPt":3.3333333333333335,"expectedPxPerPt":3.333333333333333,"pageWidthPt":612,"pageHeightPt":792,"expectedPx":{"width":2039.9999999999998,"height":2639.9999999999995,"tolerancePx":6.666666666666666},"calibrationResidualPx":0,"inkFractionInsidePaper":0.032505013368983954,"nonblank":true,"croppedToThePage":true},{"kind":"boundary","document":"boundary.pdf","page":4,"png":"ks-21-6614-specialty-court-set/boundary/page-004.png","bytes":164550,"pngSha256":"46e5a137a8f8b544891fd4abbaa5f19b1c8436d955840c016519efe086449e68","pngWidth":2040,"pngHeight":2640,"paper":{"x0":204,"y0":3,"x1":2243,"y1":2642,"width":2040,"height":2640},"pxPerPt":3.3333333333333335,"expectedPxPerPt":3.333333333333333,"pageWidthPt":612,"pageHeightPt":792,"expectedPx":{"width":2039.9999999999998,"height":2639.9999999999995,"tolerancePx":6.666666666666666},"calibrationResidualPx":0,"inkFractionInsidePaper":0.012945447118241235,"nonblank":true,"croppedToThePage":true},{"kind":"boundary","document":"boundary.pdf","page":5,"png":"ks-21-6614-specialty-court-set/boundary/page-005.png","bytes":442041,"pngSha256":"0ae20ffea54c5527b45ebbde50fee100364d64fab8ae230749cfd9144bde7965","pngWidth":2040,"pngHeight":2640,"paper":{"x0":204,"y0":3,"x1":2243,"y1":2642,"width":2040,"height":2640},"pxPerPt":3.3333333333333335,"expectedPxPerPt":3.333333333333333,"pageWidthPt":612,"pageHeightPt":792,"expectedPx":{"width":2039.9999999999998,"height":2639.9999999999995,"tolerancePx":6.666666666666666},"calibrationResidualPx":0,"inkFractionInsidePaper":0.043013406120023766,"nonblank":true,"croppedToThePage":true},{"kind":"boundary","document":"boundary.pdf","page":6,"png":"ks-21-6614-specialty-court-set/boundary/page-006.png","bytes":489116,"pngSha256":"561946a9c82d5d2ec0c32b4e11f3118e5b755e8cb94f2386c1931798f7ef9249","pngWidth":2040,"pngHeight":2640,"paper":{"x0":204,"y0":3,"x1":2243,"y1":2642,"width":2040,"height":2640},"pxPerPt":3.3333333333333335,"expectedPxPerPt":3.333333333333333,"pageWidthPt":612,"pageHeightPt":792,"expectedPx":{"width":2039.9999999999998,"height":2639.9999999999995,"tolerancePx":6.666666666666666},"calibrationResidualPx":0,"inkFractionInsidePaper":0.05282326945929887,"nonblank":true,"croppedToThePage":true},{"kind":"boundary","document":"boundary.pdf","page":7,"png":"ks-21-6614-specialty-court-set/boundary/page-007.png","bytes":554474,"pngSha256":"8df37d7461cc8b519e8776d3ae1123b7f6c9fc16130d3204a4e981a2538d33b2","pngWidth":2040,"pngHeight":2640,"paper":{"x0":204,"y0":3,"x1":2243,"y1":2642,"width":2040,"height":2640},"pxPerPt":3.3333333333333335,"expectedPxPerPt":3.333333333333333,"pageWidthPt":612,"pageHeightPt":792,"expectedPx":{"width":2039.9999999999998,"height":2639.9999999999995,"tolerancePx":6.666666666666666},"calibrationResidualPx":0,"inkFractionInsidePaper":0.2734336007130125,"nonblank":true,"croppedToThePage":true},{"kind":"boundary","document":"boundary.pdf","page":8,"png":"ks-21-6614-specialty-court-set/boundary/page-008.png","bytes":301425,"pngSha256":"b3bf0ed50b09509d4b9c905f1ce8a84c43c42904ac3e93813ef59e96a7780472","pngWidth":2040,"pngHeight":2640,"paper":{"x0":204,"y0":3,"x1":2243,"y1":2642,"width":2040,"height":2640},"pxPerPt":3.3333333333333335,"expectedPxPerPt":3.333333333333333,"pageWidthPt":612,"pageHeightPt":792,"expectedPx":{"width":2039.9999999999998,"height":2639.9999999999995,"tolerancePx":6.666666666666666},"calibrationResidualPx":0,"inkFractionInsidePaper":0.03508485591206179,"nonblank":true,"croppedToThePage":true},{"kind":"boundary","document":"boundary.pdf","page":9,"png":"ks-21-6614-specialty-court-set/boundary/page-009.png","bytes":215712,"pngSha256":"02d707e742856368878e6d5d5c406d1492e24e1c002f6d04cbb1f8e2bacc5f0a","pngWidth":2040,"pngHeight":2640,"paper":{"x0":204,"y0":3,"x1":2243,"y1":2642,"width":2040,"height":2640},"pxPerPt":3.3333333333333335,"expectedPxPerPt":3.333333333333333,"pageWidthPt":612,"pageHeightPt":792,"expectedPx":{"width":2039.9999999999998,"height":2639.9999999999995,"tolerancePx":6.666666666666666},"calibrationResidualPx":0,"inkFractionInsidePaper":0.04415515448603684,"nonblank":true,"croppedToThePage":true},{"kind":"boundary","document":"boundary.pdf","page":10,"png":"ks-21-6614-specialty-court-set/boundary/page-010.png","bytes":323671,"pngSha256":"ace8c605b1cf7c39bd04bf2491724adf984a36cf232ed0acd41c230992db1208","pngWidth":2040,"pngHeight":2640,"paper":{"x0":204,"y0":3,"x1":2243,"y1":2642,"width":2040,"height":2640},"pxPerPt":3.3333333333333335,"expectedPxPerPt":3.333333333333333,"pageWidthPt":612,"pageHeightPt":792,"expectedPx":{"width":2039.9999999999998,"height":2639.9999999999995,"tolerancePx":6.666666666666666},"calibrationResidualPx":0,"inkFractionInsidePaper":0.033017676767676765,"nonblank":true,"croppedToThePage":true},{"kind":"boundary","document":"boundary.pdf","page":11,"png":"ks-21-6614-specialty-court-set/boundary/page-011.png","bytes":319223,"pngSha256":"97f243a8ea966b1ae2885410b3ba6954d6890c87af836faf786ac111411a0bbd","pngWidth":2040,"pngHeight":2640,"paper":{"x0":204,"y0":3,"x1":2243,"y1":2642,"width":2040,"height":2640},"pxPerPt":3.3333333333333335,"expectedPxPerPt":3.333333333333333,"pageWidthPt":612,"pageHeightPt":792,"expectedPx":{"width":2039.9999999999998,"height":2639.9999999999995,"tolerancePx":6.666666666666666},"calibrationResidualPx":0,"inkFractionInsidePaper":0.03508559863339275,"nonblank":true,"croppedToThePage":true},{"kind":"boundary","document":"boundary.pdf","page":12,"png":"ks-21-6614-specialty-court-set/boundary/page-012.png","bytes":362031,"pngSha256":"bec2aa8b35f69325b4570902a21a323f295af4b2210897efa89b964fbe35bdd3","pngWidth":2040,"pngHeight":2640,"paper":{"x0":204,"y0":3,"x1":2243,"y1":2642,"width":2040,"height":2640},"pxPerPt":3.3333333333333335,"expectedPxPerPt":3.333333333333333,"pageWidthPt":612,"pageHeightPt":792,"expectedPx":{"width":2039.9999999999998,"height":2639.9999999999995,"tolerancePx":6.666666666666666},"calibrationResidualPx":0,"inkFractionInsidePaper":0.03920194592988711,"nonblank":true,"croppedToThePage":true},{"kind":"boundary","document":"boundary.pdf","page":13,"png":"ks-21-6614-specialty-court-set/boundary/page-013.png","bytes":292762,"pngSha256":"9b76c2c68e55dc7d05a69aa20d6e2c1434900621869295c8ef7a8f30b1e24f4e","pngWidth":2040,"pngHeight":2640,"paper":{"x0":204,"y0":3,"x1":2243,"y1":2642,"width":2040,"height":2640},"pxPerPt":3.3333333333333335,"expectedPxPerPt":3.333333333333333,"pageWidthPt":612,"pageHeightPt":792,"expectedPx":{"width":2039.9999999999998,"height":2639.9999999999995,"tolerancePx":6.666666666666666},"calibrationResidualPx":0,"inkFractionInsidePaper":0.033933637849079025,"nonblank":true,"croppedToThePage":true},{"kind":"boundary","document":"boundary.pdf","page":14,"png":"ks-21-6614-specialty-court-set/boundary/page-014.png","bytes":258759,"pngSha256":"1a9becbebb54299ffb2e6a2f3513d265bdb2d83ec34e9ada8bf9a917f8e593b2","pngWidth":2040,"pngHeight":2640,"paper":{"x0":204,"y0":3,"x1":2243,"y1":2642,"width":2040,"height":2640},"pxPerPt":3.3333333333333335,"expectedPxPerPt":3.333333333333333,"pageWidthPt":612,"pageHeightPt":792,"expectedPx":{"width":2039.9999999999998,"height":2639.9999999999995,"tolerancePx":6.666666666666666},"calibrationResidualPx":0,"inkFractionInsidePaper":0.022043969102792632,"nonblank":true,"croppedToThePage":true},{"kind":"boundary","document":"boundary.pdf","page":15,"png":"ks-21-6614-specialty-court-set/boundary/page-015.png","bytes":306327,"pngSha256":"3ef7cc05d9e77550b7674c078fbd007955bd92a4b915bb24727fb3206f1d161e","pngWidth":2040,"pngHeight":2640,"paper":{"x0":204,"y0":3,"x1":2243,"y1":2642,"width":2040,"height":2640},"pxPerPt":3.3333333333333335,"expectedPxPerPt":3.333333333333333,"pageWidthPt":612,"pageHeightPt":792,"expectedPx":{"width":2039.9999999999998,"height":2639.9999999999995,"tolerancePx":6.666666666666666},"calibrationResidualPx":0,"inkFractionInsidePaper":0.034307969399881164,"nonblank":true,"croppedToThePage":true},{"kind":"boundary","document":"boundary.pdf","page":16,"png":"ks-21-6614-specialty-court-set/boundary/page-016.png","bytes":244306,"pngSha256":"9b300311c9f888e53681fcd9509cf51f932148596e44a30d3c7153ca9d813e37","pngWidth":2040,"pngHeight":2640,"paper":{"x0":204,"y0":3,"x1":2243,"y1":2642,"width":2040,"height":2640},"pxPerPt":3.3333333333333335,"expectedPxPerPt":3.333333333333333,"pageWidthPt":612,"pageHeightPt":792,"expectedPx":{"width":2039.9999999999998,"height":2639.9999999999995,"tolerancePx":6.666666666666666},"calibrationResidualPx":0,"inkFractionInsidePaper":0.0249691770647653,"nonblank":true,"croppedToThePage":true},{"kind":"boundary","document":"boundary.pdf","page":17,"png":"ks-21-6614-specialty-court-set/boundary/page-017.png","bytes":100792,"pngSha256":"168e8f82815a8a8d5279aa38783d289eef45a1f506c052e6994195246e0c1c50","pngWidth":2040,"pngHeight":2640,"paper":{"x0":204,"y0":3,"x1":2243,"y1":2642,"width":2040,"height":2640},"pxPerPt":3.3333333333333335,"expectedPxPerPt":3.333333333333333,"pageWidthPt":612,"pageHeightPt":792,"expectedPx":{"width":2039.9999999999998,"height":2639.9999999999995,"tolerancePx":6.666666666666666},"calibrationResidualPx":0,"inkFractionInsidePaper":0.006580696672608437,"nonblank":true,"croppedToThePage":true},{"kind":"boundary","document":"boundary.pdf","page":18,"png":"ks-21-6614-specialty-court-set/boundary/page-018.png","bytes":439473,"pngSha256":"e6d0e2447b5c0205336ac5d2f3a057459b5543fe137d4c6f8637ea85fad82f9c","pngWidth":2040,"pngHeight":2640,"paper":{"x0":204,"y0":3,"x1":2243,"y1":2642,"width":2040,"height":2640},"pxPerPt":3.3333333333333335,"expectedPxPerPt":3.333333333333333,"pageWidthPt":612,"pageHeightPt":792,"expectedPx":{"width":2039.9999999999998,"height":2639.9999999999995,"tolerancePx":6.666666666666666},"calibrationResidualPx":0,"inkFractionInsidePaper":0.050659722222222224,"nonblank":true,"croppedToThePage":true},{"kind":"boundary","document":"boundary.pdf","page":19,"png":"ks-21-6614-specialty-court-set/boundary/page-019.png","bytes":352707,"pngSha256":"acd39766b3e753cf192f3b600353f7812401b94aefc612eee47f5bdc92cb7179","pngWidth":2040,"pngHeight":2640,"paper":{"x0":204,"y0":3,"x1":2243,"y1":2642,"width":2040,"height":2640},"pxPerPt":3.3333333333333335,"expectedPxPerPt":3.333333333333333,"pageWidthPt":612,"pageHeightPt":792,"expectedPx":{"width":2039.9999999999998,"height":2639.9999999999995,"tolerancePx":6.666666666666666},"calibrationResidualPx":0,"inkFractionInsidePaper":0.03660223559120618,"nonblank":true,"croppedToThePage":true},{"kind":"boundary","document":"boundary.pdf","page":20,"png":"ks-21-6614-specialty-court-set/boundary/page-020.png","bytes":224621,"pngSha256":"fdfdbd462a21f187a8898d8bad8c190b70c9f538582bf45d428e763a1588153c","pngWidth":2040,"pngHeight":2640,"paper":{"x0":204,"y0":3,"x1":2243,"y1":2642,"width":2040,"height":2640},"pxPerPt":3.3333333333333335,"expectedPxPerPt":3.333333333333333,"pageWidthPt":612,"pageHeightPt":792,"expectedPx":{"width":2039.9999999999998,"height":2639.9999999999995,"tolerancePx":6.666666666666666},"calibrationResidualPx":0,"inkFractionInsidePaper":0.020650809566250743,"nonblank":true,"croppedToThePage":true}],"problems":[],"environmentProblems":[],"whatThisDoesNotDecide":"This is one gate. RASTER_PASS does not make a family PASS_COMPLETE, promotes nothing, and opens no commercial route.","packetPdfsModified":0,"bodiesCommitted":0,"commercialRoutesOpened":0,"productionTouched":false}
ks-21-6614-specialty-court-set	Render and measure ks-21-6614-specialty-court-set	2026-09-12T04:28:21.8381358Z RCAP_RECEIPT_INVENTORY [{"runId":"34672497941","familyId":"ks-21-6614-specialty-court-set","member":"ks-21-6614-specialty-court-set/canonical/page-001.png","bytes":320056,"sha256":"c9e8a00f998638b24ed59c2ddeab880b5ea4c10bd0be8b1edb107e525f77248f","pngWidth":2040,"pngHeight":2640},{"runId":"34672497941","familyId":"ks-21-6614-specialty-court-set","member":"ks-21-6614-specialty-court-set/canonical/page-002.png","bytes":273586,"sha256":"9992a99db3f73f67a2e4feb9024499b1416ec6371ef8a236ed5d030156fe6ce8","pngWidth":2040,"pngHeight":2640},{"runId":"34672497941","familyId":"ks-21-6614-specialty-court-set","member":"ks-21-6614-specialty-court-set/canonical/page-003.png","bytes":319784,"sha256":"1b1000cddabbe42c316ae49718c4ff9764993e0ff2d3b589bc42d11639689a82","pngWidth":2040,"pngHeight":2640},{"runId":"34672497941","familyId":"ks-21-6614-specialty-court-set","member":"ks-21-6614-specialty-court-set/canonical/page-004.png","bytes":161750,"sha256":"7fe08299d7e27df64c0128106e938d9dbd64cf09c3cc12ad48df7d4af60b0b81","pngWidth":2040,"pngHeight":2640},{"runId":"34672497941","familyId":"ks-21-6614-specialty-court-set","member":"ks-21-6614-specialty-court-set/canonical/page-005.png","bytes":442041,"sha256":"0ae20ffea54c5527b45ebbde50fee100364d64fab8ae230749cfd9144bde7965","pngWidth":2040,"pngHeight":2640},{"runId":"34672497941","familyId":"ks-21-6614-specialty-court-set","member":"ks-21-6614-specialty-court-set/canonical/page-006.png","bytes":489116,"sha256":"561946a9c82d5d2ec0c32b4e11f3118e5b755e8cb94f2386c1931798f7ef9249","pngWidth":2040,"pngHeight":2640},{"runId":"34672497941","familyId":"ks-21-6614-specialty-court-set","member":"ks-21-6614-specialty-court-set/canonical/page-007.png","bytes":554474,"sha256":"8df37d7461cc8b519e8776d3ae1123b7f6c9fc16130d3204a4e981a2538d33b2","pngWidth":2040,"pngHeight":2640},{"runId":"34672497941","familyId":"ks-21-6614-specialty-court-set","member":"ks-21-6614-specialty-court-set/canonical/page-008.png","bytes":295614,"sha256":"5d22062ec99e0e6909070a9a5dfc2c8a2bbf870975fe938112366841f83eb4e3","pngWidth":2040,"pngHeight":2640},{"runId":"34672497941","familyId":"ks-21-6614-specialty-court-set","member":"ks-21-6614-specialty-court-set/canonical/page-009.png","bytes":204360,"sha256":"45abc39444d5b9391445964b8552ff011747fda4ffdf259e37766f8381fc460e","pngWidth":2040,"pngHeight":2640},{"runId":"34672497941","familyId":"ks-21-6614-specialty-court-set","member":"ks-21-6614-specialty-court-set/canonical/page-010.png","bytes":317017,"sha256":"2fb56920eef4e2e64388149944e0e8795906af6d5e5710f1483b01cc64ba97b4","pngWidth":2040,"pngHeight":2640},{"runId":"34672497941","familyId":"ks-21-6614-specialty-court-set","member":"ks-21-6614-specialty-court-set/canonical/page-011.png","bytes":319223,"sha256":"97f243a8ea966b1ae2885410b3ba6954d6890c87af836faf786ac111411a0bbd","pngWidth":2040,"pngHeight":2640},{"runId":"34672497941","familyId":"ks-21-6614-specialty-court-set","member":"ks-21-6614-specialty-court-set/canonical/page-012.png","bytes":362031,"sha256":"bec2aa8b35f69325b4570902a21a323f295af4b2210897efa89b964fbe35bdd3","pngWidth":2040,"pngHeight":2640},{"runId":"34672497941","familyId":"ks-21-6614-specialty-court-set","member":"ks-21-6614-specialty-court-set/canonical/page-013.png","bytes":292762,"sha256":"9b76c2c68e55dc7d05a69aa20d6e2c1434900621869295c8ef7a8f30b1e24f4e","pngWidth":2040,"pngHeight":2640},{"runId":"34672497941","familyId":"ks-21-6614-specialty-court-set","member":"ks-21-6614-specialty-court-set/canonical/page-014.png","bytes":259229,"sha256":"44d8f3eafb5ae10c2193c5743404595828a9e74ee43da2f685a20443856e1a8e","pngWidth":2040,"pngHeight":2640},{"runId":"34672497941","familyId":"ks-21-6614-specialty-court-set","member":"ks-21-6614-specialty-court-set/canonical/page-015.png","bytes":299539,"sha256":"2d0ad0278f8d7b4429787c1019742558142bbeee9f7e7c924ae83555d1aa59d5","pngWidth":2040,"pngHeight":2640},{"runId":"34672497941","familyId":"ks-21-6614-specialty-court-set","member":"ks-21-6614-specialty-court-set/canonical/page-016.png","bytes":244757,"sha256":"ba9ed3917beef7b952b36bbafe881a7fbe64ddb0f543290dadc7db8e4198b52f","pngWidth":2040,"pngHeight":2640},{"runId":"34672497941","familyId":"ks-21-6614-specialty-court-set","member":"ks-21-6614-specialty-court-set/canonical/page-017.png","bytes":100792,"sha256":"168e8f82815a8a8d5279aa38783d289eef45a1f506c052e6994195246e0c1c50","pngWidth":2040,"pngHeight":2640},{"runId":"34672497941","familyId":"ks-21-6614-specialty-court-set","member":"ks-21-6614-specialty-court-set/canonical/page-018.png","bytes":434123,"sha256":"fc3259dda34957a3a9188cf44bc2e97a1714a3dbd35d43dc149adce52e75c372","pngWidth":2040,"pngHeight":2640},{"runId":"34672497941","familyId":"ks-21-6614-specialty-court-set","member":"ks-21-6614-specialty-court-set/canonical/page-019.png","bytes":352707,"sha256":"acd39766b3e753cf192f3b600353f7812401b94aefc612eee47f5bdc92cb7179","pngWidth":2040,"pngHeight":2640},{"runId":"34672497941","familyId":"ks-21-6614-specialty-court-set","member":"ks-21-6614-specialty-court-set/canonical/page-020.png","bytes":206663,"sha256":"1c93d290602d2db4ee8422463fe86ac0e5c6642b2854347f1db82292cf80bfa6","pngWidth":2040,"pngHeight":2640},{"runId":"34672497941","familyId":"ks-21-6614-specialty-court-set","member":"ks-21-6614-specialty-court-set/boundary/page-001.png","bytes":325670,"sha256":"1eb8105dd85835c119ffbeafae4cb1c0e71978e1cc8f23f7a56ce71666f62764","pngWidth":2040,"pngHeight":2640},{"runId":"34672497941","familyId":"ks-21-6614-specialty-court-set","member":"ks-21-6614-specialty-court-set/boundary/page-002.png","bytes":280806,"sha256":"af24c9dbda28bfb1c6c909d43cffbf0646fe10e673e5afec8fe2f5318ec1102e","pngWidth":2040,"pngHeight":2640},{"runId":"34672497941","familyId":"ks-21-6614-specialty-court-set","member":"ks-21-6614-specialty-court-set/boundary/page-003.png","bytes":319784,"sha256":"1b1000cddabbe42c316ae49718c4ff9764993e0ff2d3b589bc42d11639689a82","pngWidth":2040,"pngHeight":2640},{"runId":"34672497941","familyId":"ks-21-6614-specialty-court-set","member":"ks-21-6614-specialty-court-set/boundary/page-004.png","bytes":164550,"sha256":"46e5a137a8f8b544891fd4abbaa5f19b1c8436d955840c016519efe086449e68","pngWidth":2040,"pngHeight":2640},{"runId":"34672497941","familyId":"ks-21-6614-specialty-court-set","member":"ks-21-6614-specialty-court-set/boundary/page-005.png","bytes":442041,"sha256":"0ae20ffea54c5527b45ebbde50fee100364d64fab8ae230749cfd9144bde7965","pngWidth":2040,"pngHeight":2640},{"runId":"34672497941","familyId":"ks-21-6614-specialty-court-set","member":"ks-21-6614-specialty-court-set/boundary/page-006.png","bytes":489116,"sha256":"561946a9c82d5d2ec0c32b4e11f3118e5b755e8cb94f2386c1931798f7ef9249","pngWidth":2040,"pngHeight":2640},{"runId":"34672497941","familyId":"ks-21-6614-specialty-court-set","member":"ks-21-6614-specialty-court-set/boundary/page-007.png","bytes":554474,"sha256":"8df37d7461cc8b519e8776d3ae1123b7f6c9fc16130d3204a4e981a2538d33b2","pngWidth":2040,"pngHeight":2640},{"runId":"34672497941","familyId":"ks-21-6614-specialty-court-set","member":"ks-21-6614-specialty-court-set/boundary/page-008.png","bytes":301425,"sha256":"b3bf0ed50b09509d4b9c905f1ce8a84c43c42904ac3e93813ef59e96a7780472","pngWidth":2040,"pngHeight":2640},{"runId":"34672497941","familyId":"ks-21-6614-specialty-court-set","member":"ks-21-6614-specialty-court-set/boundary/page-009.png","bytes":215712,"sha256":"02d707e742856368878e6d5d5c406d1492e24e1c002f6d04cbb1f8e2bacc5f0a","pngWidth":2040,"pngHeight":2640},{"runId":"34672497941","familyId":"ks-21-6614-specialty-court-set","member":"ks-21-6614-specialty-court-set/boundary/page-010.png","bytes":323671,"sha256":"ace8c605b1cf7c39bd04bf2491724adf984a36cf232ed0acd41c230992db1208","pngWidth":2040,"pngHeight":2640},{"runId":"34672497941","familyId":"ks-21-6614-specialty-court-set","member":"ks-21-6614-specialty-court-set/boundary/page-011.png","bytes":319223,"sha256":"97f243a8ea966b1ae2885410b3ba6954d6890c87af836faf786ac111411a0bbd","pngWidth":2040,"pngHeight":2640},{"runId":"34672497941","familyId":"ks-21-6614-specialty-court-set","member":"ks-21-6614-specialty-court-set/boundary/page-012.png","bytes":362031,"sha256":"bec2aa8b35f69325b4570902a21a323f295af4b2210897efa89b964fbe35bdd3","pngWidth":2040,"pngHeight":2640},{"runId":"34672497941","familyId":"ks-21-6614-specialty-court-set","member":"ks-21-6614-specialty-court-set/boundary/page-013.png","bytes":292762,"sha256":"9b76c2c68e55dc7d05a69aa20d6e2c1434900621869295c8ef7a8f30b1e24f4e","pngWidth":2040,"pngHeight":2640},{"runId":"34672497941","familyId":"ks-21-6614-specialty-court-set","member":"ks-21-6614-specialty-court-set/boundary/page-014.png","bytes":258759,"sha256":"1a9becbebb54299ffb2e6a2f3513d265bdb2d83ec34e9ada8bf9a917f8e593b2","pngWidth":2040,"pngHeight":2640},{"runId":"34672497941","familyId":"ks-21-6614-specialty-court-set","member":"ks-21-6614-specialty-court-set/boundary/page-015.png","bytes":306327,"sha256":"3ef7cc05d9e77550b7674c078fbd007955bd92a4b915bb24727fb3206f1d161e","pngWidth":2040,"pngHeight":2640},{"runId":"34672497941","familyId":"ks-21-6614-specialty-court-set","member":"ks-21-6614-specialty-court-set/boundary/page-016.png","bytes":244306,"sha256":"9b300311c9f888e53681fcd9509cf51f932148596e44a30d3c7153ca9d813e37","pngWidth":2040,"pngHeight":2640},{"runId":"34672497941","familyId":"ks-21-6614-specialty-court-set","member":"ks-21-6614-specialty-court-set/boundary/page-017.png","bytes":100792,"sha256":"168e8f82815a8a8d5279aa38783d289eef45a1f506c052e6994195246e0c1c50","pngWidth":2040,"pngHeight":2640},{"runId":"34672497941","familyId":"ks-21-6614-specialty-court-set","member":"ks-21-6614-specialty-court-set/boundary/page-018.png","bytes":439473,"sha256":"e6d0e2447b5c0205336ac5d2f3a057459b5543fe137d4c6f8637ea85fad82f9c","pngWidth":2040,"pngHeight":2640},{"runId":"34672497941","familyId":"ks-21-6614-specialty-court-set","member":"ks-21-6614-specialty-court-set/boundary/page-019.png","bytes":352707,"sha256":"acd39766b3e753cf192f3b600353f7812401b94aefc612eee47f5bdc92cb7179","pngWidth":2040,"pngHeight":2640},{"runId":"34672497941","familyId":"ks-21-6614-specialty-court-set","member":"ks-21-6614-specialty-court-set/boundary/page-020.png","bytes":224621,"sha256":"fdfdbd462a21f187a8898d8bad8c190b70c9f538582bf45d428e763a1588153c","pngWidth":2040,"pngHeight":2640}]
ks-21-6614-specialty-court-set	Render and measure ks-21-6614-specialty-court-set	2026-09-12T04:28:21.8406486Z RCAP_RECEIPT_END family=ks-21-6614-specialty-court-set run=34672497941 pages=40
ks-21-6614-specialty-court-set	Render and measure ks-21-6614-specialty-court-set	2026-09-12T04:28:21.8407669Z RASTER_PASS ks-21-6614-specialty-court-set — 2 document(s), 40 page(s) measured, 0 problem(s)
ks-21-6614-specialty-court-set	Print the verdict and the page digests to the log	﻿2026-09-12T04:28:21.8439829Z ##[group]Run set -uo pipefail
ks-21-6614-specialty-court-set	Print the verdict and the page digests to the log	2026-09-12T04:28:21.8440188Z ^[[36;1mset -uo pipefail^[[0m
ks-21-6614-specialty-court-set	Print the verdict and the page digests to the log	2026-09-12T04:28:21.8440494Z ^[[36;1mfor v in raster-out/*.verdict.json; do^[[0m
ks-21-6614-specialty-court-set	Print the verdict and the page digests to the log	2026-09-12T04:28:21.8440848Z ^[[36;1m  [ -e "$v" ] || continue^[[0m
ks-21-6614-specialty-court-set	Print the verdict and the page digests to the log	2026-09-12T04:28:21.8441195Z ^[[36;1m  echo "===== BEGIN VERDICT $(basename "$v") ====="^[[0m
ks-21-6614-specialty-court-set	Print the verdict and the page digests to the log	2026-09-12T04:28:21.8441507Z ^[[36;1m  cat "$v"^[[0m
ks-21-6614-specialty-court-set	Print the verdict and the page digests to the log	2026-09-12T04:28:21.8441848Z ^[[36;1m  echo "===== END VERDICT $(basename "$v") ====="^[[0m
ks-21-6614-specialty-court-set	Print the verdict and the page digests to the log	2026-09-12T04:28:21.8442170Z ^[[36;1mdone^[[0m
ks-21-6614-specialty-court-set	Print the verdict and the page digests to the log	2026-09-12T04:28:21.8442450Z ^[[36;1mecho "===== BEGIN PAGE DIGESTS ====="^[[0m
ks-21-6614-specialty-court-set	Print the verdict and the page digests to the log	2026-09-12T04:28:21.8442892Z ^[[36;1mfind raster-out -type f -name '*.png' -print0 | sort -z | xargs -0 -r sha256sum^[[0m
ks-21-6614-specialty-court-set	Print the verdict and the page digests to the log	2026-09-12T04:28:21.8443294Z ^[[36;1mecho "===== END PAGE DIGESTS ====="^[[0m
ks-21-6614-specialty-court-set	Print the verdict and the page digests to the log	2026-09-12T04:28:21.8464679Z shell: /usr/bin/bash -e {0}
ks-21-6614-specialty-court-set	Print the verdict and the page digests to the log	2026-09-12T04:28:21.8465048Z env:
ks-21-6614-specialty-court-set	Print the verdict and the page digests to the log	2026-09-12T04:28:21.8465604Z   pythonLocation: /opt/hostedtoolcache/Python/3.12.14/x64
ks-21-6614-specialty-court-set	Print the verdict and the page digests to the log	2026-09-12T04:28:21.8466082Z   PKG_CONFIG_PATH: /opt/hostedtoolcache/Python/3.12.14/x64/lib/pkgconfig
ks-21-6614-specialty-court-set	Print the verdict and the page digests to the log	2026-09-12T04:28:21.8466630Z   Python_ROOT_DIR: /opt/hostedtoolcache/Python/3.12.14/x64
ks-21-6614-specialty-court-set	Print the verdict and the page digests to the log	2026-09-12T04:28:21.8467040Z   Python2_ROOT_DIR: /opt/hostedtoolcache/Python/3.12.14/x64
ks-21-6614-specialty-court-set	Print the verdict and the page digests to the log	2026-09-12T04:28:21.8467436Z   Python3_ROOT_DIR: /opt/hostedtoolcache/Python/3.12.14/x64
ks-21-6614-specialty-court-set	Print the verdict and the page digests to the log	2026-09-12T04:28:21.8467823Z   LD_LIBRARY_PATH: /opt/hostedtoolcache/Python/3.12.14/x64/lib
ks-21-6614-specialty-court-set	Print the verdict and the page digests to the log	2026-09-12T04:28:21.8468257Z   PLAYWRIGHT_BROWSERS_PATH: /home/runner/.cache/ms-playwright
ks-21-6614-specialty-court-set	Print the verdict and the page digests to the log	2026-09-12T04:28:21.8468639Z ##[endgroup]
ks-21-6614-specialty-court-set	Print the verdict and the page digests to the log	2026-09-12T04:28:21.8521401Z ===== BEGIN VERDICT ks-21-6614-specialty-court-set.verdict.json =====
ks-21-6614-specialty-court-set	Print the verdict and the page digests to the log	2026-09-12T04:28:21.8528253Z {
ks-21-6614-specialty-court-set	Print the verdict and the page digests to the log	2026-09-12T04:28:21.8528686Z   "schemaVersion": "rcap-raster-family-verdict/v1",
ks-21-6614-specialty-court-set	Print the verdict and the page digests to the log	2026-09-12T04:28:21.8529346Z   "familyId": "ks-21-6614-specialty-court-set",
ks-21-6614-specialty-court-set	Print the verdict and the page digests to the log	2026-09-12T04:28:21.8529841Z   "verdict": "RASTER_PASS",
ks-21-6614-specialty-court-set	Print the verdict and the page digests to the log	2026-09-12T04:28:21.8530419Z   "packetCommitSha": "29e246bd94f489e159e11e23121db6d0d5a79f4a",
ks-21-6614-specialty-court-set	Print the verdict and the page digests to the log	2026-09-12T04:28:21.8530937Z   "workflowRunId": "34672497941",
ks-21-6614-specialty-court-set	Print the verdict and the page digests to the log	2026-09-12T04:28:21.8531386Z   "requestedScale": 2.5,
ks-21-6614-specialty-court-set	Print the verdict and the page digests to the log	2026-09-12T04:28:21.8531783Z   "cssPxPerPt": 1.3333333333333333,
ks-21-6614-specialty-court-set	Print the verdict and the page digests to the log	2026-09-12T04:28:21.8532437Z   "browserExecutable": "/home/runner/.cache/ms-playwright/chromium-1223/chrome-linux64/chrome",
ks-21-6614-specialty-court-set	Print the verdict and the page digests to the log	2026-09-12T04:28:21.8533107Z   "resolvedBy": "PLAYWRIGHT_BROWSERS_PATH",
ks-21-6614-specialty-court-set	Print the verdict and the page digests to the log	2026-09-12T04:28:21.8533462Z   "operatingSystem": "Linux 6.17.0-1022-azure x64",
ks-21-6614-specialty-court-set	Print the verdict and the page digests to the log	2026-09-12T04:28:21.8533837Z   "nodeVersion": "v22.23.2",
ks-21-6614-specialty-court-set	Print the verdict and the page digests to the log	2026-09-12T04:28:21.8534315Z   "hashesBound": {
ks-21-6614-specialty-court-set	Print the verdict and the page digests to the log	2026-09-12T04:28:21.8534906Z     "canonical": {
ks-21-6614-specialty-court-set	Print the verdict and the page digests to the log	2026-09-12T04:28:21.8535684Z       "path": "data/rcap-all50/overlays/census-v1/ks/ks-21-6614-specialty-court-set--official-pdf-fill/fixtures/canonical.pdf",
ks-21-6614-specialty-court-set	Print the verdict and the page digests to the log	2026-09-12T04:28:21.8536348Z       "pinned": "8f060388b2fa7efdd7ab062bb30b3055da0af631e91e47d815135c53d62d8de2"
ks-21-6614-specialty-court-set	Print the verdict and the page digests to the log	2026-09-12T04:28:21.8536802Z     },
ks-21-6614-specialty-court-set	Print the verdict and the page digests to the log	2026-09-12T04:28:21.8537035Z     "boundary": {
ks-21-6614-specialty-court-set	Print the verdict and the page digests to the log	2026-09-12T04:28:21.8537580Z       "path": "data/rcap-all50/overlays/census-v1/ks/ks-21-6614-specialty-court-set--official-pdf-fill/fixtures/boundary.pdf",
ks-21-6614-specialty-court-set	Print the verdict and the page digests to the log	2026-09-12T04:28:21.8538249Z       "pinned": "4d028f3ac6df1166b82d4f7c747b3fa97cc62b41e5d8ae73e6f20948c262f955"
ks-21-6614-specialty-court-set	Print the verdict and the page digests to the log	2026-09-12T04:28:21.8538918Z     }
ks-21-6614-specialty-court-set	Print the verdict and the page digests to the log	2026-09-12T04:28:21.8539145Z   },
ks-21-6614-specialty-court-set	Print the verdict and the page digests to the log	2026-09-12T04:28:21.8539453Z   "documentsRendered": [
ks-21-6614-specialty-court-set	Print the verdict and the page digests to the log	2026-09-12T04:28:21.8539837Z     {
ks-21-6614-specialty-court-set	Print the verdict and the page digests to the log	2026-09-12T04:28:21.8540151Z       "role": "canonical",
ks-21-6614-specialty-court-set	Print the verdict and the page digests to the log	2026-09-12T04:28:21.8540591Z       "document": "canonical.pdf",
ks-21-6614-specialty-court-set	Print the verdict and the page digests to the log	2026-09-12T04:28:21.8541441Z       "path": "data/rcap-all50/overlays/census-v1/ks/ks-21-6614-specialty-court-set--official-pdf-fill/fixtures/canonical.pdf",
ks-21-6614-specialty-court-set	Print the verdict and the page digests to the log	2026-09-12T04:28:21.8542337Z       "pinned": "8f060388b2fa7efdd7ab062bb30b3055da0af631e91e47d815135c53d62d8de2"
ks-21-6614-specialty-court-set	Print the verdict and the page digests to the log	2026-09-12T04:28:21.8543346Z     },
ks-21-6614-specialty-court-set	Print the verdict and the page digests to the log	2026-09-12T04:28:21.8543660Z     {
ks-21-6614-specialty-court-set	Print the verdict and the page digests to the log	2026-09-12T04:28:21.8544022Z       "role": "boundary",
ks-21-6614-specialty-court-set	Print the verdict and the page digests to the log	2026-09-12T04:28:21.8544478Z       "document": "boundary.pdf",
ks-21-6614-specialty-court-set	Print the verdict and the page digests to the log	2026-09-12T04:28:21.8545448Z       "path": "data/rcap-all50/overlays/census-v1/ks/ks-21-6614-specialty-court-set--official-pdf-fill/fixtures/boundary.pdf",
ks-21-6614-specialty-court-set	Print the verdict and the page digests to the log	2026-09-12T04:28:21.8546736Z       "pinned": "4d028f3ac6df1166b82d4f7c747b3fa97cc62b41e5d8ae73e6f20948c262f955"
ks-21-6614-specialty-court-set	Print the verdict and the page digests to the log	2026-09-12T04:28:21.8547357Z     }
ks-21-6614-specialty-court-set	Print the verdict and the page digests to the log	2026-09-12T04:28:21.8547653Z   ],
ks-21-6614-specialty-court-set	Print the verdict and the page digests to the log	2026-09-12T04:28:21.8548226Z   "documentsDigest": "70b1c92f4021d77eef1bdce09c6d8c838866bf3d6df7672701a4d2f6da97d7dd",
ks-21-6614-specialty-court-set	Print the verdict and the page digests to the log	2026-09-12T04:28:21.8548835Z   "coversTheWholeFamily": true,
ks-21-6614-specialty-court-set	Print the verdict and the page digests to the log	2026-09-12T04:28:21.8549307Z   "decryptionTransforms": [],
ks-21-6614-specialty-court-set	Print the verdict and the page digests to the log	2026-09-12T04:28:21.8551408Z   "decryptionRule": "An encrypted source is hashed before any transform; Poppler and qpdf must independently agree on its page count; the temporary derivative is decrypted and serialized with explicit objects, then admitted only when geometry, decoded page content, fields/widgets, and XFA remain identical; only that temporary transport is passed to pdf-lib for calibrated rendering; the queued packet bytes are never modified.",
ks-21-6614-specialty-court-set	Print the verdict and the page digests to the log	2026-09-12T04:28:21.8553361Z   "pagesMeasured": 40,
ks-21-6614-specialty-court-set	Print the verdict and the page digests to the log	2026-09-12T04:28:21.8553630Z   "measurements": [
ks-21-6614-specialty-court-set	Print the verdict and the page digests to the log	2026-09-12T04:28:21.8553881Z     {
ks-21-6614-specialty-court-set	Print the verdict and the page digests to the log	2026-09-12T04:28:21.8554146Z       "kind": "canonical",
ks-21-6614-specialty-court-set	Print the verdict and the page digests to the log	2026-09-12T04:28:21.8554472Z       "document": "canonical.pdf",
ks-21-6614-specialty-court-set	Print the verdict and the page digests to the log	2026-09-12T04:28:21.8554801Z       "page": 1,
ks-21-6614-specialty-court-set	Print the verdict and the page digests to the log	2026-09-12T04:28:21.8555151Z       "png": "ks-21-6614-specialty-court-set/canonical/page-001.png",
ks-21-6614-specialty-court-set	Print the verdict and the page digests to the log	2026-09-12T04:28:21.8555781Z       "bytes": 320056,
ks-21-6614-specialty-court-set	Print the verdict and the page digests to the log	2026-09-12T04:28:21.8556225Z       "pngSha256": "c9e8a00f998638b24ed59c2ddeab880b5ea4c10bd0be8b1edb107e525f77248f",
ks-21-6614-specialty-court-set	Print the verdict and the page digests to the log	2026-09-12T04:28:21.8556704Z       "pngWidth": 2040,
ks-21-6614-specialty-court-set	Print the verdict and the page digests to the log	2026-09-12T04:28:21.8557124Z       "pngHeight": 2640,
ks-21-6614-specialty-court-set	Print the verdict and the page digests to the log	2026-09-12T04:28:21.8557469Z       "paper": {
ks-21-6614-specialty-court-set	Print the verdict and the page digests to the log	2026-09-12T04:28:21.8557788Z         "x0": 204,
ks-21-6614-specialty-court-set	Print the verdict and the page digests to the log	2026-09-12T04:28:21.8558134Z         "y0": 3,
ks-21-6614-specialty-court-set	Print the verdict and the page digests to the log	2026-09-12T04:28:21.8558484Z         "x1": 2243,
ks-21-6614-specialty-court-set	Print the verdict and the page digests to the log	2026-09-12T04:28:21.8558977Z         "y1": 2642,
ks-21-6614-specialty-court-set	Print the verdict and the page digests to the log	2026-09-12T04:28:21.8559230Z         "width": 2040,
ks-21-6614-specialty-court-set	Print the verdict and the page digests to the log	2026-09-12T04:28:21.8559475Z         "height": 2640
ks-21-6614-specialty-court-set	Print the verdict and the page digests to the log	2026-09-12T04:28:21.8559750Z       },
ks-21-6614-specialty-court-set	Print the verdict and the page digests to the log	2026-09-12T04:28:21.8560038Z       "pxPerPt": 3.3333333333333335,
ks-21-6614-specialty-court-set	Print the verdict and the page digests to the log	2026-09-12T04:28:21.8560381Z       "expectedPxPerPt": 3.333333333333333,
ks-21-6614-specialty-court-set	Print the verdict and the page digests to the log	2026-09-12T04:28:21.8560733Z       "pageWidthPt": 612,
ks-21-6614-specialty-court-set	Print the verdict and the page digests to the log	2026-09-12T04:28:21.8561001Z       "pageHeightPt": 792,
ks-21-6614-specialty-court-set	Print the verdict and the page digests to the log	2026-09-12T04:28:21.8561314Z       "expectedPx": {
ks-21-6614-specialty-court-set	Print the verdict and the page digests to the log	2026-09-12T04:28:21.8561603Z         "width": 2039.9999999999998,
ks-21-6614-specialty-court-set	Print the verdict and the page digests to the log	2026-09-12T04:28:21.8561905Z         "height": 2639.9999999999995,
ks-21-6614-specialty-court-set	Print the verdict and the page digests to the log	2026-09-12T04:28:21.8562234Z         "tolerancePx": 6.666666666666666
ks-21-6614-specialty-court-set	Print the verdict and the page digests to the log	2026-09-12T04:28:21.8562537Z       },
ks-21-6614-specialty-court-set	Print the verdict and the page digests to the log	2026-09-12T04:28:21.8562991Z       "calibrationResidualPx": 0,
ks-21-6614-specialty-court-set	Print the verdict and the page digests to the log	2026-09-12T04:28:21.8563339Z       "inkFractionInsidePaper": 0.05808749257278669,
ks-21-6614-specialty-court-set	Print the verdict and the page digests to the log	2026-09-12T04:28:21.8563658Z       "nonblank": true,
ks-21-6614-specialty-court-set	Print the verdict and the page digests to the log	2026-09-12T04:28:21.8563959Z       "croppedToThePage": true
ks-21-6614-specialty-court-set	Print the verdict and the page digests to the log	2026-09-12T04:28:21.8564256Z     },
ks-21-6614-specialty-court-set	Print the verdict and the page digests to the log	2026-09-12T04:28:21.8564533Z     {
ks-21-6614-specialty-court-set	Print the verdict and the page digests to the log	2026-09-12T04:28:21.8564771Z       "kind": "canonical",
ks-21-6614-specialty-court-set	Print the verdict and the page digests to the log	2026-09-12T04:28:21.8565112Z       "document": "canonical.pdf",
ks-21-6614-specialty-court-set	Print the verdict and the page digests to the log	2026-09-12T04:28:21.8565586Z       "page": 2,
ks-21-6614-specialty-court-set	Print the verdict and the page digests to the log	2026-09-12T04:28:21.8565934Z       "png": "ks-21-6614-specialty-court-set/canonical/page-002.png",
ks-21-6614-specialty-court-set	Print the verdict and the page digests to the log	2026-09-12T04:28:21.8566354Z       "bytes": 273586,
ks-21-6614-specialty-court-set	Print the verdict and the page digests to the log	2026-09-12T04:28:21.8566750Z       "pngSha256": "9992a99db3f73f67a2e4feb9024499b1416ec6371ef8a236ed5d030156fe6ce8",
ks-21-6614-specialty-court-set	Print the verdict and the page digests to the log	2026-09-12T04:28:21.8567144Z       "pngWidth": 2040,
ks-21-6614-specialty-court-set	Print the verdict and the page digests to the log	2026-09-12T04:28:21.8567420Z       "pngHeight": 2640,
ks-21-6614-specialty-court-set	Print the verdict and the page digests to the log	2026-09-12T04:28:21.8567683Z       "paper": {
ks-21-6614-specialty-court-set	Print the verdict and the page digests to the log	2026-09-12T04:28:21.8567990Z         "x0": 204,
ks-21-6614-specialty-court-set	Print the verdict and the page digests to the log	2026-09-12T04:28:21.8568240Z         "y0": 3,
ks-21-6614-specialty-court-set	Print the verdict and the page digests to the log	2026-09-12T04:28:21.8568490Z         "x1": 2243,
ks-21-6614-specialty-court-set	Print the verdict and the page digests to the log	2026-09-12T04:28:21.8568739Z         "y1": 2642,
ks-21-6614-specialty-court-set	Print the verdict and the page digests to the log	2026-09-12T04:28:21.8568987Z         "width": 2040,
ks-21-6614-specialty-court-set	Print the verdict and the page digests to the log	2026-09-12T04:28:21.8569273Z         "height": 2640
ks-21-6614-specialty-court-set	Print the verdict and the page digests to the log	2026-09-12T04:28:21.8569552Z       },
ks-21-6614-specialty-court-set	Print the verdict and the page digests to the log	2026-09-12T04:28:21.8569810Z       "pxPerPt": 3.3333333333333335,
ks-21-6614-specialty-court-set	Print the verdict and the page digests to the log	2026-09-12T04:28:21.8570139Z       "expectedPxPerPt": 3.333333333333333,
ks-21-6614-specialty-court-set	Print the verdict and the page digests to the log	2026-09-12T04:28:21.8570466Z       "pageWidthPt": 612,
ks-21-6614-specialty-court-set	Print the verdict and the page digests to the log	2026-09-12T04:28:21.8570752Z       "pageHeightPt": 792,
ks-21-6614-specialty-court-set	Print the verdict and the page digests to the log	2026-09-12T04:28:21.8571055Z       "expectedPx": {
ks-21-6614-specialty-court-set	Print the verdict and the page digests to the log	2026-09-12T04:28:21.8571332Z         "width": 2039.9999999999998,
ks-21-6614-specialty-court-set	Print the verdict and the page digests to the log	2026-09-12T04:28:21.8571739Z         "height": 2639.9999999999995,
ks-21-6614-specialty-court-set	Print the verdict and the page digests to the log	2026-09-12T04:28:21.8572074Z         "tolerancePx": 6.666666666666666
ks-21-6614-specialty-court-set	Print the verdict and the page digests to the log	2026-09-12T04:28:21.8572369Z       },
ks-21-6614-specialty-court-set	Print the verdict and the page digests to the log	2026-09-12T04:28:21.8572637Z       "calibrationResidualPx": 0,
ks-21-6614-specialty-court-set	Print the verdict and the page digests to the log	2026-09-12T04:28:21.8573075Z       "inkFractionInsidePaper": 0.027713903743315508,
ks-21-6614-specialty-court-set	Print the verdict and the page digests to the log	2026-09-12T04:28:21.8573629Z       "nonblank": true,
ks-21-6614-specialty-court-set	Print the verdict and the page digests to the log	2026-09-12T04:28:21.8574008Z       "croppedToThePage": true
ks-21-6614-specialty-court-set	Print the verdict and the page digests to the log	2026-09-12T04:28:21.8574316Z     },
ks-21-6614-specialty-court-set	Print the verdict and the page digests to the log	2026-09-12T04:28:21.8574550Z     {
ks-21-6614-specialty-court-set	Print the verdict and the page digests to the log	2026-09-12T04:28:21.8574797Z       "kind": "canonical",
ks-21-6614-specialty-court-set	Print the verdict and the page digests to the log	2026-09-12T04:28:21.8575105Z       "document": "canonical.pdf",
ks-21-6614-specialty-court-set	Print the verdict and the page digests to the log	2026-09-12T04:28:21.8575870Z       "page": 3,
ks-21-6614-specialty-court-set	Print the verdict and the page digests to the log	2026-09-12T04:28:21.8576271Z       "png": "ks-21-6614-specialty-court-set/canonical/page-003.png",
ks-21-6614-specialty-court-set	Print the verdict and the page digests to the log	2026-09-12T04:28:21.8576618Z       "bytes": 319784,
ks-21-6614-specialty-court-set	Print the verdict and the page digests to the log	2026-09-12T04:28:21.8577119Z       "pngSha256": "1b1000cddabbe42c316ae49718c4ff9764993e0ff2d3b589bc42d11639689a82",
ks-21-6614-specialty-court-set	Print the verdict and the page digests to the log	2026-09-12T04:28:21.8577585Z       "pngWidth": 2040,
ks-21-6614-specialty-court-set	Print the verdict and the page digests to the log	2026-09-12T04:28:21.8577860Z       "pngHeight": 2640,
ks-21-6614-specialty-court-set	Print the verdict and the page digests to the log	2026-09-12T04:28:21.8578167Z       "paper": {
ks-21-6614-specialty-court-set	Print the verdict and the page digests to the log	2026-09-12T04:28:21.8578411Z         "x0": 204,
ks-21-6614-specialty-court-set	Print the verdict and the page digests to the log	2026-09-12T04:28:21.8578677Z         "y0": 3,
ks-21-6614-specialty-court-set	Print the verdict and the page digests to the log	2026-09-12T04:28:21.8578950Z         "x1": 2243,
ks-21-6614-specialty-court-set	Print the verdict and the page digests to the log	2026-09-12T04:28:21.8579196Z         "y1": 2642,
ks-21-6614-specialty-court-set	Print the verdict and the page digests to the log	2026-09-12T04:28:21.8579463Z         "width": 2040,
ks-21-6614-specialty-court-set	Print the verdict and the page digests to the log	2026-09-12T04:28:21.8579752Z         "height": 2640
ks-21-6614-specialty-court-set	Print the verdict and the page digests to the log	2026-09-12T04:28:21.8579997Z       },
ks-21-6614-specialty-court-set	Print the verdict and the page digests to the log	2026-09-12T04:28:21.8580290Z       "pxPerPt": 3.3333333333333335,
ks-21-6614-specialty-court-set	Print the verdict and the page digests to the log	2026-09-12T04:28:21.8580617Z       "expectedPxPerPt": 3.333333333333333,
ks-21-6614-specialty-court-set	Print the verdict and the page digests to the log	2026-09-12T04:28:21.8580929Z       "pageWidthPt": 612,
ks-21-6614-specialty-court-set	Print the verdict and the page digests to the log	2026-09-12T04:28:21.8581239Z       "pageHeightPt": 792,
ks-21-6614-specialty-court-set	Print the verdict and the page digests to the log	2026-09-12T04:28:21.8581509Z       "expectedPx": {
ks-21-6614-specialty-court-set	Print the verdict and the page digests to the log	2026-09-12T04:28:21.8581821Z         "width": 2039.9999999999998,
ks-21-6614-specialty-court-set	Print the verdict and the page digests to the log	2026-09-12T04:28:21.8582128Z         "height": 2639.9999999999995,
ks-21-6614-specialty-court-set	Print the verdict and the page digests to the log	2026-09-12T04:28:21.8582515Z         "tolerancePx": 6.666666666666666
ks-21-6614-specialty-court-set	Print the verdict and the page digests to the log	2026-09-12T04:28:21.8582960Z       },
ks-21-6614-specialty-court-set	Print the verdict and the page digests to the log	2026-09-12T04:28:21.8583257Z       "calibrationResidualPx": 0,
ks-21-6614-specialty-court-set	Print the verdict and the page digests to the log	2026-09-12T04:28:21.8583633Z       "inkFractionInsidePaper": 0.032505013368983954,
ks-21-6614-specialty-court-set	Print the verdict and the page digests to the log	2026-09-12T04:28:21.8583955Z       "nonblank": true,
ks-21-6614-specialty-court-set	Print the verdict and the page digests to the log	2026-09-12T04:28:21.8584253Z       "croppedToThePage": true
ks-21-6614-specialty-court-set	Print the verdict and the page digests to the log	2026-09-12T04:28:21.8584542Z     },
ks-21-6614-specialty-court-set	Print the verdict and the page digests to the log	2026-09-12T04:28:21.8584869Z     {
ks-21-6614-specialty-court-set	Print the verdict and the page digests to the log	2026-09-12T04:28:21.8585139Z       "kind": "canonical",
ks-21-6614-specialty-court-set	Print the verdict and the page digests to the log	2026-09-12T04:28:21.8585729Z       "document": "canonical.pdf",
ks-21-6614-specialty-court-set	Print the verdict and the page digests to the log	2026-09-12T04:28:21.8586034Z       "page": 4,
ks-21-6614-specialty-court-set	Print the verdict and the page digests to the log	2026-09-12T04:28:21.8586491Z       "png": "ks-21-6614-specialty-court-set/canonical/page-004.png",
ks-21-6614-specialty-court-set	Print the verdict and the page digests to the log	2026-09-12T04:28:21.8586829Z       "bytes": 161750,
ks-21-6614-specialty-court-set	Print the verdict and the page digests to the log	2026-09-12T04:28:21.8587512Z       "pngSha256": "7fe08299d7e27df64c0128106e938d9dbd64cf09c3cc12ad48df7d4af60b0b81",
ks-21-6614-specialty-court-set	Print the verdict and the page digests to the log	2026-09-12T04:28:21.8587933Z       "pngWidth": 2040,
ks-21-6614-specialty-court-set	Print the verdict and the page digests to the log	2026-09-12T04:28:21.8588213Z       "pngHeight": 2640,
ks-21-6614-specialty-court-set	Print the verdict and the page digests to the log	2026-09-12T04:28:21.8588538Z       "paper": {
ks-21-6614-specialty-court-set	Print the verdict and the page digests to the log	2026-09-12T04:28:21.8588805Z         "x0": 204,
ks-21-6614-specialty-court-set	Print the verdict and the page digests to the log	2026-09-12T04:28:21.8589103Z         "y0": 3,
ks-21-6614-specialty-court-set	Print the verdict and the page digests to the log	2026-09-12T04:28:21.8589346Z         "x1": 2243,
ks-21-6614-specialty-court-set	Print the verdict and the page digests to the log	2026-09-12T04:28:21.8589606Z         "y1": 2642,
ks-21-6614-specialty-court-set	Print the verdict and the page digests to the log	2026-09-12T04:28:21.8589854Z         "width": 2040,
ks-21-6614-specialty-court-set	Print the verdict and the page digests to the log	2026-09-12T04:28:21.8590115Z         "height": 2640
ks-21-6614-specialty-court-set	Print the verdict and the page digests to the log	2026-09-12T04:28:21.8590389Z       },
ks-21-6614-specialty-court-set	Print the verdict and the page digests to the log	2026-09-12T04:28:21.8590687Z       "pxPerPt": 3.3333333333333335,
ks-21-6614-specialty-court-set	Print the verdict and the page digests to the log	2026-09-12T04:28:21.8591013Z       "expectedPxPerPt": 3.333333333333333,
ks-21-6614-specialty-court-set	Print the verdict and the page digests to the log	2026-09-12T04:28:21.8591316Z       "pageWidthPt": 612,
ks-21-6614-specialty-court-set	Print the verdict and the page digests to the log	2026-09-12T04:28:21.8591638Z       "pageHeightPt": 792,
ks-21-6614-specialty-court-set	Print the verdict and the page digests to the log	2026-09-12T04:28:21.8591974Z       "expectedPx": {
ks-21-6614-specialty-court-set	Print the verdict and the page digests to the log	2026-09-12T04:28:21.8592259Z         "width": 2039.9999999999998,
ks-21-6614-specialty-court-set	Print the verdict and the page digests to the log	2026-09-12T04:28:21.8592602Z         "height": 2639.9999999999995,
ks-21-6614-specialty-court-set	Print the verdict and the page digests to the log	2026-09-12T04:28:21.8592908Z         "tolerancePx": 6.666666666666666
ks-21-6614-specialty-court-set	Print the verdict and the page digests to the log	2026-09-12T04:28:21.8593199Z       },
ks-21-6614-specialty-court-set	Print the verdict and the page digests to the log	2026-09-12T04:28:21.8593480Z       "calibrationResidualPx": 0,
ks-21-6614-specialty-court-set	Print the verdict and the page digests to the log	2026-09-12T04:28:21.8593812Z       "inkFractionInsidePaper": 0.012302436125965538,
ks-21-6614-specialty-court-set	Print the verdict and the page digests to the log	2026-09-12T04:28:21.8594170Z       "nonblank": true,
ks-21-6614-specialty-court-set	Print the verdict and the page digests to the log	2026-09-12T04:28:21.8594457Z       "croppedToThePage": true
ks-21-6614-specialty-court-set	Print the verdict and the page digests to the log	2026-09-12T04:28:21.8594736Z     },
ks-21-6614-specialty-court-set	Print the verdict and the page digests to the log	2026-09-12T04:28:21.8595094Z     {
ks-21-6614-specialty-court-set	Print the verdict and the page digests to the log	2026-09-12T04:28:21.8595635Z       "kind": "canonical",
ks-21-6614-specialty-court-set	Print the verdict and the page digests to the log	2026-09-12T04:28:21.8595987Z       "document": "canonical.pdf",
ks-21-6614-specialty-court-set	Print the verdict and the page digests to the log	2026-09-12T04:28:21.8596297Z       "page": 5,
ks-21-6614-specialty-court-set	Print the verdict and the page digests to the log	2026-09-12T04:28:21.8596621Z       "png": "ks-21-6614-specialty-court-set/canonical/page-005.png",
ks-21-6614-specialty-court-set	Print the verdict and the page digests to the log	2026-09-12T04:28:21.8596996Z       "bytes": 442041,
ks-21-6614-specialty-court-set	Print the verdict and the page digests to the log	2026-09-12T04:28:21.8597401Z       "pngSha256": "0ae20ffea54c5527b45ebbde50fee100364d64fab8ae230749cfd9144bde7965",
ks-21-6614-specialty-court-set	Print the verdict and the page digests to the log	2026-09-12T04:28:21.8597821Z       "pngWidth": 2040,
ks-21-6614-specialty-court-set	Print the verdict and the page digests to the log	2026-09-12T04:28:21.8598146Z       "pngHeight": 2640,
ks-21-6614-specialty-court-set	Print the verdict and the page digests to the log	2026-09-12T04:28:21.8598393Z       "paper": {
ks-21-6614-specialty-court-set	Print the verdict and the page digests to the log	2026-09-12T04:28:21.8598661Z         "x0": 204,
ks-21-6614-specialty-court-set	Print the verdict and the page digests to the log	2026-09-12T04:28:21.8598901Z         "y0": 3,
ks-21-6614-specialty-court-set	Print the verdict and the page digests to the log	2026-09-12T04:28:21.8599147Z         "x1": 2243,
ks-21-6614-specialty-court-set	Print the verdict and the page digests to the log	2026-09-12T04:28:21.8599648Z         "y1": 2642,
ks-21-6614-specialty-court-set	Print the verdict and the page digests to the log	2026-09-12T04:28:21.8599888Z         "width": 2040,
ks-21-6614-specialty-court-set	Print the verdict and the page digests to the log	2026-09-12T04:28:21.8600169Z         "height": 2640
ks-21-6614-specialty-court-set	Print the verdict and the page digests to the log	2026-09-12T04:28:21.8600418Z       },
ks-21-6614-specialty-court-set	Print the verdict and the page digests to the log	2026-09-12T04:28:21.8600690Z       "pxPerPt": 3.3333333333333335,
ks-21-6614-specialty-court-set	Print the verdict and the page digests to the log	2026-09-12T04:28:21.8601042Z       "expectedPxPerPt": 3.333333333333333,
ks-21-6614-specialty-court-set	Print the verdict and the page digests to the log	2026-09-12T04:28:21.8601362Z       "pageWidthPt": 612,
ks-21-6614-specialty-court-set	Print the verdict and the page digests to the log	2026-09-12T04:28:21.8601835Z       "pageHeightPt": 792,
ks-21-6614-specialty-court-set	Print the verdict and the page digests to the log	2026-09-12T04:28:21.8602112Z       "expectedPx": {
ks-21-6614-specialty-court-set	Print the verdict and the page digests to the log	2026-09-12T04:28:21.8602505Z         "width": 2039.9999999999998,
ks-21-6614-specialty-court-set	Print the verdict and the page digests to the log	2026-09-12T04:28:21.8602841Z         "height": 2639.9999999999995,
ks-21-6614-specialty-court-set	Print the verdict and the page digests to the log	2026-09-12T04:28:21.8603195Z         "tolerancePx": 6.666666666666666
ks-21-6614-specialty-court-set	Print the verdict and the page digests to the log	2026-09-12T04:28:21.8603661Z       },
ks-21-6614-specialty-court-set	Print the verdict and the page digests to the log	2026-09-12T04:28:21.8603930Z       "calibrationResidualPx": 0,
ks-21-6614-specialty-court-set	Print the verdict and the page digests to the log	2026-09-12T04:28:21.8604266Z       "inkFractionInsidePaper": 0.043013406120023766,
ks-21-6614-specialty-court-set	Print the verdict and the page digests to the log	2026-09-12T04:28:21.8604619Z       "nonblank": true,
ks-21-6614-specialty-court-set	Print the verdict and the page digests to the log	2026-09-12T04:28:21.8604900Z       "croppedToThePage": true
ks-21-6614-specialty-court-set	Print the verdict and the page digests to the log	2026-09-12T04:28:21.8605216Z     },
ks-21-6614-specialty-court-set	Print the verdict and the page digests to the log	2026-09-12T04:28:21.8605681Z     {
ks-21-6614-specialty-court-set	Print the verdict and the page digests to the log	2026-09-12T04:28:21.8606131Z       "kind": "canonical",
ks-21-6614-specialty-court-set	Print the verdict and the page digests to the log	2026-09-12T04:28:21.8606440Z       "document": "canonical.pdf",
ks-21-6614-specialty-court-set	Print the verdict and the page digests to the log	2026-09-12T04:28:21.8606718Z       "page": 6,
ks-21-6614-specialty-court-set	Print the verdict and the page digests to the log	2026-09-12T04:28:21.8607090Z       "png": "ks-21-6614-specialty-court-set/canonical/page-006.png",
ks-21-6614-specialty-court-set	Print the verdict and the page digests to the log	2026-09-12T04:28:21.8607437Z       "bytes": 489116,
ks-21-6614-specialty-court-set	Print the verdict and the page digests to the log	2026-09-12T04:28:21.8607857Z       "pngSha256": "561946a9c82d5d2ec0c32b4e11f3118e5b755e8cb94f2386c1931798f7ef9249",
ks-21-6614-specialty-court-set	Print the verdict and the page digests to the log	2026-09-12T04:28:21.8608474Z       "pngWidth": 2040,
ks-21-6614-specialty-court-set	Print the verdict and the page digests to the log	2026-09-12T04:28:21.8608745Z       "pngHeight": 2640,
ks-21-6614-specialty-court-set	Print the verdict and the page digests to the log	2026-09-12T04:28:21.8609025Z       "paper": {
ks-21-6614-specialty-court-set	Print the verdict and the page digests to the log	2026-09-12T04:28:21.8609295Z         "x0": 204,
ks-21-6614-specialty-court-set	Print the verdict and the page digests to the log	2026-09-12T04:28:21.8609557Z         "y0": 3,
ks-21-6614-specialty-court-set	Print the verdict and the page digests to the log	2026-09-12T04:28:21.8609902Z         "x1": 2243,
ks-21-6614-specialty-court-set	Print the verdict and the page digests to the log	2026-09-12T04:28:21.8610146Z         "y1": 2642,
ks-21-6614-specialty-court-set	Print the verdict and the page digests to the log	2026-09-12T04:28:21.8610407Z         "width": 2040,
ks-21-6614-specialty-court-set	Print the verdict and the page digests to the log	2026-09-12T04:28:21.8610744Z         "height": 2640
ks-21-6614-specialty-court-set	Print the verdict and the page digests to the log	2026-09-12T04:28:21.8611147Z       },
ks-21-6614-specialty-court-set	Print the verdict and the page digests to the log	2026-09-12T04:28:21.8611416Z       "pxPerPt": 3.3333333333333335,
ks-21-6614-specialty-court-set	Print the verdict and the page digests to the log	2026-09-12T04:28:21.8611729Z       "expectedPxPerPt": 3.333333333333333,
ks-21-6614-specialty-court-set	Print the verdict and the page digests to the log	2026-09-12T04:28:21.8612037Z       "pageWidthPt": 612,
ks-21-6614-specialty-court-set	Print the verdict and the page digests to the log	2026-09-12T04:28:21.8612309Z       "pageHeightPt": 792,
ks-21-6614-specialty-court-set	Print the verdict and the page digests to the log	2026-09-12T04:28:21.8612627Z       "expectedPx": {
ks-21-6614-specialty-court-set	Print the verdict and the page digests to the log	2026-09-12T04:28:21.8612956Z         "width": 2039.9999999999998,
ks-21-6614-specialty-court-set	Print the verdict and the page digests to the log	2026-09-12T04:28:21.8613302Z         "height": 2639.9999999999995,
ks-21-6614-specialty-court-set	Print the verdict and the page digests to the log	2026-09-12T04:28:21.8613634Z         "tolerancePx": 6.666666666666666
ks-21-6614-specialty-court-set	Print the verdict and the page digests to the log	2026-09-12T04:28:21.8613947Z       },
ks-21-6614-specialty-court-set	Print the verdict and the page digests to the log	2026-09-12T04:28:21.8614246Z       "calibrationResidualPx": 0,
ks-21-6614-specialty-court-set	Print the verdict and the page digests to the log	2026-09-12T04:28:21.8614590Z       "inkFractionInsidePaper": 0.05282326945929887,
ks-21-6614-specialty-court-set	Print the verdict and the page digests to the log	2026-09-12T04:28:21.8614948Z       "nonblank": true,
ks-21-6614-specialty-court-set	Print the verdict and the page digests to the log	2026-09-12T04:28:21.8615627Z       "croppedToThePage": true
ks-21-6614-specialty-court-set	Print the verdict and the page digests to the log	2026-09-12T04:28:21.8615942Z     },
ks-21-6614-specialty-court-set	Print the verdict and the page digests to the log	2026-09-12T04:28:21.8616179Z     {
ks-21-6614-specialty-court-set	Print the verdict and the page digests to the log	2026-09-12T04:28:21.8616465Z       "kind": "canonical",
ks-21-6614-specialty-court-set	Print the verdict and the page digests to the log	2026-09-12T04:28:21.8616741Z       "document": "canonical.pdf",
ks-21-6614-specialty-court-set	Print the verdict and the page digests to the log	2026-09-12T04:28:21.8617050Z       "page": 7,
ks-21-6614-specialty-court-set	Print the verdict and the page digests to the log	2026-09-12T04:28:21.8617612Z       "png": "ks-21-6614-specialty-court-set/canonical/page-007.png",
ks-21-6614-specialty-court-set	Print the verdict and the page digests to the log	2026-09-12T04:28:21.8617969Z       "bytes": 554474,
ks-21-6614-specialty-court-set	Print the verdict and the page digests to the log	2026-09-12T04:28:21.8618415Z       "pngSha256": "8df37d7461cc8b519e8776d3ae1123b7f6c9fc16130d3204a4e981a2538d33b2",
ks-21-6614-specialty-court-set	Print the verdict and the page digests to the log	2026-09-12T04:28:21.8618800Z       "pngWidth": 2040,
ks-21-6614-specialty-court-set	Print the verdict and the page digests to the log	2026-09-12T04:28:21.8619247Z       "pngHeight": 2640,
ks-21-6614-specialty-court-set	Print the verdict and the page digests to the log	2026-09-12T04:28:21.8619641Z       "paper": {
ks-21-6614-specialty-court-set	Print the verdict and the page digests to the log	2026-09-12T04:28:21.8619916Z         "x0": 204,
ks-21-6614-specialty-court-set	Print the verdict and the page digests to the log	2026-09-12T04:28:21.8620214Z         "y0": 3,
ks-21-6614-specialty-court-set	Print the verdict and the page digests to the log	2026-09-12T04:28:21.8620472Z         "x1": 2243,
ks-21-6614-specialty-court-set	Print the verdict and the page digests to the log	2026-09-12T04:28:21.8620773Z         "y1": 2642,
ks-21-6614-specialty-court-set	Print the verdict and the page digests to the log	2026-09-12T04:28:21.8621030Z         "width": 2040,
ks-21-6614-specialty-court-set	Print the verdict and the page digests to the log	2026-09-12T04:28:21.8621290Z         "height": 2640
ks-21-6614-specialty-court-set	Print the verdict and the page digests to the log	2026-09-12T04:28:21.8621551Z       },
ks-21-6614-specialty-court-set	Print the verdict and the page digests to the log	2026-09-12T04:28:21.8621815Z       "pxPerPt": 3.3333333333333335,
ks-21-6614-specialty-court-set	Print the verdict and the page digests to the log	2026-09-12T04:28:21.8622199Z       "expectedPxPerPt": 3.333333333333333,
ks-21-6614-specialty-court-set	Print the verdict and the page digests to the log	2026-09-12T04:28:21.8622508Z       "pageWidthPt": 612,
ks-21-6614-specialty-court-set	Print the verdict and the page digests to the log	2026-09-12T04:28:21.8622787Z       "pageHeightPt": 792,
ks-21-6614-specialty-court-set	Print the verdict and the page digests to the log	2026-09-12T04:28:21.8623065Z       "expectedPx": {
ks-21-6614-specialty-court-set	Print the verdict and the page digests to the log	2026-09-12T04:28:21.8623445Z         "width": 2039.9999999999998,
ks-21-6614-specialty-court-set	Print the verdict and the page digests to the log	2026-09-12T04:28:21.8623821Z         "height": 2639.9999999999995,
ks-21-6614-specialty-court-set	Print the verdict and the page digests to the log	2026-09-12T04:28:21.8624129Z         "tolerancePx": 6.666666666666666
ks-21-6614-specialty-court-set	Print the verdict and the page digests to the log	2026-09-12T04:28:21.8624414Z       },
ks-21-6614-specialty-court-set	Print the verdict and the page digests to the log	2026-09-12T04:28:21.8624687Z       "calibrationResidualPx": 0,
ks-21-6614-specialty-court-set	Print the verdict and the page digests to the log	2026-09-12T04:28:21.8625024Z       "inkFractionInsidePaper": 0.2734336007130125,
ks-21-6614-specialty-court-set	Print the verdict and the page digests to the log	2026-09-12T04:28:21.8625519Z       "nonblank": true,
ks-21-6614-specialty-court-set	Print the verdict and the page digests to the log	2026-09-12T04:28:21.8625892Z       "croppedToThePage": true
ks-21-6614-specialty-court-set	Print the verdict and the page digests to the log	2026-09-12T04:28:21.8626382Z     },
ks-21-6614-specialty-court-set	Print the verdict and the page digests to the log	2026-09-12T04:28:21.8626695Z     {
ks-21-6614-specialty-court-set	Print the verdict and the page digests to the log	2026-09-12T04:28:21.8627087Z       "kind": "canonical",
ks-21-6614-specialty-court-set	Print the verdict and the page digests to the log	2026-09-12T04:28:21.8627418Z       "document": "canonical.pdf",
ks-21-6614-specialty-court-set	Print the verdict and the page digests to the log	2026-09-12T04:28:21.8627736Z       "page": 8,
ks-21-6614-specialty-court-set	Print the verdict and the page digests to the log	2026-09-12T04:28:21.8628231Z       "png": "ks-21-6614-specialty-court-set/canonical/page-008.png",
ks-21-6614-specialty-court-set	Print the verdict and the page digests to the log	2026-09-12T04:28:21.8628727Z       "bytes": 295614,
ks-21-6614-specialty-court-set	Print the verdict and the page digests to the log	2026-09-12T04:28:21.8629124Z       "pngSha256": "5d22062ec99e0e6909070a9a5dfc2c8a2bbf870975fe938112366841f83eb4e3",
ks-21-6614-specialty-court-set	Print the verdict and the page digests to the log	2026-09-12T04:28:21.8629576Z       "pngWidth": 2040,
ks-21-6614-specialty-court-set	Print the verdict and the page digests to the log	2026-09-12T04:28:21.8629975Z       "pngHeight": 2640,
ks-21-6614-specialty-court-set	Print the verdict and the page digests to the log	2026-09-12T04:28:21.8630418Z       "paper": {
ks-21-6614-specialty-court-set	Print the verdict and the page digests to the log	2026-09-12T04:28:21.8630682Z         "x0": 204,
ks-21-6614-specialty-court-set	Print the verdict and the page digests to the log	2026-09-12T04:28:21.8630927Z         "y0": 3,
ks-21-6614-specialty-court-set	Print the verdict and the page digests to the log	2026-09-12T04:28:21.8631197Z         "x1": 2243,
ks-21-6614-specialty-court-set	Print the verdict and the page digests to the log	2026-09-12T04:28:21.8631445Z         "y1": 2642,
ks-21-6614-specialty-court-set	Print the verdict and the page digests to the log	2026-09-12T04:28:21.8631725Z         "width": 2040,
ks-21-6614-specialty-court-set	Print the verdict and the page digests to the log	2026-09-12T04:28:21.8632062Z         "height": 2640
ks-21-6614-specialty-court-set	Print the verdict and the page digests to the log	2026-09-12T04:28:21.8632419Z       },
ks-21-6614-specialty-court-set	Print the verdict and the page digests to the log	2026-09-12T04:28:21.8632831Z       "pxPerPt": 3.3333333333333335,
ks-21-6614-specialty-court-set	Print the verdict and the page digests to the log	2026-09-12T04:28:21.8633142Z       "expectedPxPerPt": 3.333333333333333,
ks-21-6614-specialty-court-set	Print the verdict and the page digests to the log	2026-09-12T04:28:21.8633433Z       "pageWidthPt": 612,
ks-21-6614-specialty-court-set	Print the verdict and the page digests to the log	2026-09-12T04:28:21.8633767Z       "pageHeightPt": 792,
ks-21-6614-specialty-court-set	Print the verdict and the page digests to the log	2026-09-12T04:28:21.8634114Z       "expectedPx": {
ks-21-6614-specialty-court-set	Print the verdict and the page digests to the log	2026-09-12T04:28:21.8634725Z         "width": 2039.9999999999998,
ks-21-6614-specialty-court-set	Print the verdict and the page digests to the log	2026-09-12T04:28:21.8635030Z         "height": 2639.9999999999995,
ks-21-6614-specialty-court-set	Print the verdict and the page digests to the log	2026-09-12T04:28:21.8635680Z         "tolerancePx": 6.666666666666666
ks-21-6614-specialty-court-set	Print the verdict and the page digests to the log	2026-09-12T04:28:21.8636038Z       },
ks-21-6614-specialty-court-set	Print the verdict and the page digests to the log	2026-09-12T04:28:21.8636326Z       "calibrationResidualPx": 0,
ks-21-6614-specialty-court-set	Print the verdict and the page digests to the log	2026-09-12T04:28:21.8636724Z       "inkFractionInsidePaper": 0.0339880421865716,
ks-21-6614-specialty-court-set	Print the verdict and the page digests to the log	2026-09-12T04:28:21.8637179Z       "nonblank": true,
ks-21-6614-specialty-court-set	Print the verdict and the page digests to the log	2026-09-12T04:28:21.8637463Z       "croppedToThePage": true
ks-21-6614-specialty-court-set	Print the verdict and the page digests to the log	2026-09-12T04:28:21.8637785Z     },
ks-21-6614-specialty-court-set	Print the verdict and the page digests to the log	2026-09-12T04:28:21.8638117Z     {
ks-21-6614-specialty-court-set	Print the verdict and the page digests to the log	2026-09-12T04:28:21.8638452Z       "kind": "canonical",
ks-21-6614-specialty-court-set	Print the verdict and the page digests to the log	2026-09-12T04:28:21.8638846Z       "document": "canonical.pdf",
ks-21-6614-specialty-court-set	Print the verdict and the page digests to the log	2026-09-12T04:28:21.8639113Z       "page": 9,
ks-21-6614-specialty-court-set	Print the verdict and the page digests to the log	2026-09-12T04:28:21.8639467Z       "png": "ks-21-6614-specialty-court-set/canonical/page-009.png",
ks-21-6614-specialty-court-set	Print the verdict and the page digests to the log	2026-09-12T04:28:21.8639859Z       "bytes": 204360,
ks-21-6614-specialty-court-set	Print the verdict and the page digests to the log	2026-09-12T04:28:21.8640263Z       "pngSha256": "45abc39444d5b9391445964b8552ff011747fda4ffdf259e37766f8381fc460e",
ks-21-6614-specialty-court-set	Print the verdict and the page digests to the log	2026-09-12T04:28:21.8640667Z       "pngWidth": 2040,
ks-21-6614-specialty-court-set	Print the verdict and the page digests to the log	2026-09-12T04:28:21.8640915Z       "pngHeight": 2640,
ks-21-6614-specialty-court-set	Print the verdict and the page digests to the log	2026-09-12T04:28:21.8641241Z       "paper": {
ks-21-6614-specialty-court-set	Print the verdict and the page digests to the log	2026-09-12T04:28:21.8641642Z         "x0": 204,
ks-21-6614-specialty-court-set	Print the verdict and the page digests to the log	2026-09-12T04:28:21.8642059Z         "y0": 3,
ks-21-6614-specialty-court-set	Print the verdict and the page digests to the log	2026-09-12T04:28:21.8642303Z         "x1": 2243,
ks-21-6614-specialty-court-set	Print the verdict and the page digests to the log	2026-09-12T04:28:21.8642535Z         "y1": 2642,
ks-21-6614-specialty-court-set	Print the verdict and the page digests to the log	2026-09-12T04:28:21.8642827Z         "width": 2040,
ks-21-6614-specialty-court-set	Print the verdict and the page digests to the log	2026-09-12T04:28:21.8643081Z         "height": 2640
ks-21-6614-specialty-court-set	Print the verdict and the page digests to the log	2026-09-12T04:28:21.8643373Z       },
ks-21-6614-specialty-court-set	Print the verdict and the page digests to the log	2026-09-12T04:28:21.8643634Z       "pxPerPt": 3.3333333333333335,
ks-21-6614-specialty-court-set	Print the verdict and the page digests to the log	2026-09-12T04:28:21.8644010Z       "expectedPxPerPt": 3.333333333333333,
ks-21-6614-specialty-court-set	Print the verdict and the page digests to the log	2026-09-12T04:28:21.8644367Z       "pageWidthPt": 612,
ks-21-6614-specialty-court-set	Print the verdict and the page digests to the log	2026-09-12T04:28:21.8644638Z       "pageHeightPt": 792,
ks-21-6614-specialty-court-set	Print the verdict and the page digests to the log	2026-09-12T04:28:21.8645020Z       "expectedPx": {
ks-21-6614-specialty-court-set	Print the verdict and the page digests to the log	2026-09-12T04:28:21.8645777Z         "width": 2039.9999999999998,
ks-21-6614-specialty-court-set	Print the verdict and the page digests to the log	2026-09-12T04:28:21.8646076Z         "height": 2639.9999999999995,
ks-21-6614-specialty-court-set	Print the verdict and the page digests to the log	2026-09-12T04:28:21.8646439Z         "tolerancePx": 6.666666666666666
ks-21-6614-specialty-court-set	Print the verdict and the page digests to the log	2026-09-12T04:28:21.8646721Z       },
ks-21-6614-specialty-court-set	Print the verdict and the page digests to the log	2026-09-12T04:28:21.8646986Z       "calibrationResidualPx": 0,
ks-21-6614-specialty-court-set	Print the verdict and the page digests to the log	2026-09-12T04:28:21.8647362Z       "inkFractionInsidePaper": 0.04248421717171717,
ks-21-6614-specialty-court-set	Print the verdict and the page digests to the log	2026-09-12T04:28:21.8647664Z       "nonblank": true,
ks-21-6614-specialty-court-set	Print the verdict and the page digests to the log	2026-09-12T04:28:21.8647995Z       "croppedToThePage": true
ks-21-6614-specialty-court-set	Print the verdict and the page digests to the log	2026-09-12T04:28:21.8648264Z     },
ks-21-6614-specialty-court-set	Print the verdict and the page digests to the log	2026-09-12T04:28:21.8648492Z     {
ks-21-6614-specialty-court-set	Print the verdict and the page digests to the log	2026-09-12T04:28:21.8648802Z       "kind": "canonical",
ks-21-6614-specialty-court-set	Print the verdict and the page digests to the log	2026-09-12T04:28:21.8649222Z       "document": "canonical.pdf",
ks-21-6614-specialty-court-set	Print the verdict and the page digests to the log	2026-09-12T04:28:21.8649671Z       "page": 10,
ks-21-6614-specialty-court-set	Print the verdict and the page digests to the log	2026-09-12T04:28:21.8650007Z       "png": "ks-21-6614-specialty-court-set/canonical/page-010.png",
ks-21-6614-specialty-court-set	Print the verdict and the page digests to the log	2026-09-12T04:28:21.8650356Z       "bytes": 317017,
ks-21-6614-specialty-court-set	Print the verdict and the page digests to the log	2026-09-12T04:28:21.8650749Z       "pngSha256": "2fb56920eef4e2e64388149944e0e8795906af6d5e5710f1483b01cc64ba97b4",
ks-21-6614-specialty-court-set	Print the verdict and the page digests to the log	2026-09-12T04:28:21.8651349Z       "pngWidth": 2040,
ks-21-6614-specialty-court-set	Print the verdict and the page digests to the log	2026-09-12T04:28:21.8651790Z       "pngHeight": 2640,
ks-21-6614-specialty-court-set	Print the verdict and the page digests to the log	2026-09-12T04:28:21.8652059Z       "paper": {
ks-21-6614-specialty-court-set	Print the verdict and the page digests to the log	2026-09-12T04:28:21.8652305Z         "x0": 204,
ks-21-6614-specialty-court-set	Print the verdict and the page digests to the log	2026-09-12T04:28:21.8652641Z         "y0": 3,
ks-21-6614-specialty-court-set	Print the verdict and the page digests to the log	2026-09-12T04:28:21.8653119Z         "x1": 2243,
ks-21-6614-specialty-court-set	Print the verdict and the page digests to the log	2026-09-12T04:28:21.8653409Z         "y1": 2642,
ks-21-6614-specialty-court-set	Print the verdict and the page digests to the log	2026-09-12T04:28:21.8653652Z         "width": 2040,
ks-21-6614-specialty-court-set	Print the verdict and the page digests to the log	2026-09-12T04:28:21.8653910Z         "height": 2640
ks-21-6614-specialty-court-set	Print the verdict and the page digests to the log	2026-09-12T04:28:21.8654166Z       },
ks-21-6614-specialty-court-set	Print the verdict and the page digests to the log	2026-09-12T04:28:21.8654443Z       "pxPerPt": 3.3333333333333335,
ks-21-6614-specialty-court-set	Print the verdict and the page digests to the log	2026-09-12T04:28:21.8654830Z       "expectedPxPerPt": 3.333333333333333,
ks-21-6614-specialty-court-set	Print the verdict and the page digests to the log	2026-09-12T04:28:21.8655341Z       "pageWidthPt": 612,
ks-21-6614-specialty-court-set	Print the verdict and the page digests to the log	2026-09-12T04:28:21.8655810Z       "pageHeightPt": 792,
ks-21-6614-specialty-court-set	Print the verdict and the page digests to the log	2026-09-12T04:28:21.8656093Z       "expectedPx": {
ks-21-6614-specialty-court-set	Print the verdict and the page digests to the log	2026-09-12T04:28:21.8656392Z         "width": 2039.9999999999998,
ks-21-6614-specialty-court-set	Print the verdict and the page digests to the log	2026-09-12T04:28:21.8656711Z         "height": 2639.9999999999995,
ks-21-6614-specialty-court-set	Print the verdict and the page digests to the log	2026-09-12T04:28:21.8657054Z         "tolerancePx": 6.666666666666666
ks-21-6614-specialty-court-set	Print the verdict and the page digests to the log	2026-09-12T04:28:21.8657390Z       },
ks-21-6614-specialty-court-set	Print the verdict and the page digests to the log	2026-09-12T04:28:21.8657761Z       "calibrationResidualPx": 0,
ks-21-6614-specialty-court-set	Print the verdict and the page digests to the log	2026-09-12T04:28:21.8658257Z       "inkFractionInsidePaper": 0.03192142008318479,
ks-21-6614-specialty-court-set	Print the verdict and the page digests to the log	2026-09-12T04:28:21.8658658Z       "nonblank": true,
ks-21-6614-specialty-court-set	Print the verdict and the page digests to the log	2026-09-12T04:28:21.8658977Z       "croppedToThePage": true
ks-21-6614-specialty-court-set	Print the verdict and the page digests to the log	2026-09-12T04:28:21.8659337Z     },
ks-21-6614-specialty-court-set	Print the verdict and the page digests to the log	2026-09-12T04:28:21.8659605Z     {
ks-21-6614-specialty-court-set	Print the verdict and the page digests to the log	2026-09-12T04:28:21.8659882Z       "kind": "canonical",
ks-21-6614-specialty-court-set	Print the verdict and the page digests to the log	2026-09-12T04:28:21.8660308Z       "document": "canonical.pdf",
ks-21-6614-specialty-court-set	Print the verdict and the page digests to the log	2026-09-12T04:28:21.8660776Z       "page": 11,
ks-21-6614-specialty-court-set	Print the verdict and the page digests to the log	2026-09-12T04:28:21.8661158Z       "png": "ks-21-6614-specialty-court-set/canonical/page-011.png",
ks-21-6614-specialty-court-set	Print the verdict and the page digests to the log	2026-09-12T04:28:21.8661535Z       "bytes": 319223,
ks-21-6614-specialty-court-set	Print the verdict and the page digests to the log	2026-09-12T04:28:21.8662045Z       "pngSha256": "97f243a8ea966b1ae2885410b3ba6954d6890c87af836faf786ac111411a0bbd",
ks-21-6614-specialty-court-set	Print the verdict and the page digests to the log	2026-09-12T04:28:21.8662674Z       "pngWidth": 2040,
ks-21-6614-specialty-court-set	Print the verdict and the page digests to the log	2026-09-12T04:28:21.8662950Z       "pngHeight": 2640,
ks-21-6614-specialty-court-set	Print the verdict and the page digests to the log	2026-09-12T04:28:21.8663259Z       "paper": {
ks-21-6614-specialty-court-set	Print the verdict and the page digests to the log	2026-09-12T04:28:21.8663527Z         "x0": 204,
ks-21-6614-specialty-court-set	Print the verdict and the page digests to the log	2026-09-12T04:28:21.8663762Z         "y0": 3,
ks-21-6614-specialty-court-set	Print the verdict and the page digests to the log	2026-09-12T04:28:21.8664064Z         "x1": 2243,
ks-21-6614-specialty-court-set	Print the verdict and the page digests to the log	2026-09-12T04:28:21.8664394Z         "y1": 2642,
ks-21-6614-specialty-court-set	Print the verdict and the page digests to the log	2026-09-12T04:28:21.8664810Z         "width": 2040,
ks-21-6614-specialty-court-set	Print the verdict and the page digests to the log	2026-09-12T04:28:21.8665127Z         "height": 2640
ks-21-6614-specialty-court-set	Print the verdict and the page digests to the log	2026-09-12T04:28:21.8665432Z       },
ks-21-6614-specialty-court-set	Print the verdict and the page digests to the log	2026-09-12T04:28:21.8665723Z       "pxPerPt": 3.3333333333333335,
ks-21-6614-specialty-court-set	Print the verdict and the page digests to the log	2026-09-12T04:28:21.8666049Z       "expectedPxPerPt": 3.333333333333333,
ks-21-6614-specialty-court-set	Print the verdict and the page digests to the log	2026-09-12T04:28:21.8666394Z       "pageWidthPt": 612,
ks-21-6614-specialty-court-set	Print the verdict and the page digests to the log	2026-09-12T04:28:21.8666855Z       "pageHeightPt": 792,
ks-21-6614-specialty-court-set	Print the verdict and the page digests to the log	2026-09-12T04:28:21.8667236Z       "expectedPx": {
ks-21-6614-specialty-court-set	Print the verdict and the page digests to the log	2026-09-12T04:28:21.8667544Z         "width": 2039.9999999999998,
ks-21-6614-specialty-court-set	Print the verdict and the page digests to the log	2026-09-12T04:28:21.8667844Z         "height": 2639.9999999999995,
ks-21-6614-specialty-court-set	Print the verdict and the page digests to the log	2026-09-12T04:28:21.8668222Z         "tolerancePx": 6.666666666666666
ks-21-6614-specialty-court-set	Print the verdict and the page digests to the log	2026-09-12T04:28:21.8668672Z       },
ks-21-6614-specialty-court-set	Print the verdict and the page digests to the log	2026-09-12T04:28:21.8669054Z       "calibrationResidualPx": 0,
ks-21-6614-specialty-court-set	Print the verdict and the page digests to the log	2026-09-12T04:28:21.8669737Z       "inkFractionInsidePaper": 0.03508559863339275,
ks-21-6614-specialty-court-set	Print the verdict and the page digests to the log	2026-09-12T04:28:21.8670051Z       "nonblank": true,
ks-21-6614-specialty-court-set	Print the verdict and the page digests to the log	2026-09-12T04:28:21.8670367Z       "croppedToThePage": true
ks-21-6614-specialty-court-set	Print the verdict and the page digests to the log	2026-09-12T04:28:21.8670634Z     },
ks-21-6614-specialty-court-set	Print the verdict and the page digests to the log	2026-09-12T04:28:21.8670897Z     {
ks-21-6614-specialty-court-set	Print the verdict and the page digests to the log	2026-09-12T04:28:21.8671140Z       "kind": "canonical",
ks-21-6614-specialty-court-set	Print the verdict and the page digests to the log	2026-09-12T04:28:21.8671431Z       "document": "canonical.pdf",
ks-21-6614-specialty-court-set	Print the verdict and the page digests to the log	2026-09-12T04:28:21.8671745Z       "page": 12,
ks-21-6614-specialty-court-set	Print the verdict and the page digests to the log	2026-09-12T04:28:21.8672145Z       "png": "ks-21-6614-specialty-court-set/canonical/page-012.png",
ks-21-6614-specialty-court-set	Print the verdict and the page digests to the log	2026-09-12T04:28:21.8672670Z       "bytes": 362031,
ks-21-6614-specialty-court-set	Print the verdict and the page digests to the log	2026-09-12T04:28:21.8673083Z       "pngSha256": "bec2aa8b35f69325b4570902a21a323f295af4b2210897efa89b964fbe35bdd3",
ks-21-6614-specialty-court-set	Print the verdict and the page digests to the log	2026-09-12T04:28:21.8673484Z       "pngWidth": 2040,
ks-21-6614-specialty-court-set	Print the verdict and the page digests to the log	2026-09-12T04:28:21.8673775Z       "pngHeight": 2640,
ks-21-6614-specialty-court-set	Print the verdict and the page digests to the log	2026-09-12T04:28:21.8674035Z       "paper": {
ks-21-6614-specialty-court-set	Print the verdict and the page digests to the log	2026-09-12T04:28:21.8674270Z         "x0": 204,
ks-21-6614-specialty-court-set	Print the verdict and the page digests to the log	2026-09-12T04:28:21.8674596Z         "y0": 3,
ks-21-6614-specialty-court-set	Print the verdict and the page digests to the log	2026-09-12T04:28:21.8674929Z         "x1": 2243,
ks-21-6614-specialty-court-set	Print the verdict and the page digests to the log	2026-09-12T04:28:21.8675385Z         "y1": 2642,
ks-21-6614-specialty-court-set	Print the verdict and the page digests to the log	2026-09-12T04:28:21.8675651Z         "width": 2040,
ks-21-6614-specialty-court-set	Print the verdict and the page digests to the log	2026-09-12T04:28:21.8675893Z         "height": 2640
ks-21-6614-specialty-court-set	Print the verdict and the page digests to the log	2026-09-12T04:28:21.8676174Z       },
ks-21-6614-specialty-court-set	Print the verdict and the page digests to the log	2026-09-12T04:28:21.8676596Z       "pxPerPt": 3.3333333333333335,
ks-21-6614-specialty-court-set	Print the verdict and the page digests to the log	2026-09-12T04:28:21.8677141Z       "expectedPxPerPt": 3.333333333333333,
ks-21-6614-specialty-court-set	Print the verdict and the page digests to the log	2026-09-12T04:28:21.8677448Z       "pageWidthPt": 612,
ks-21-6614-specialty-court-set	Print the verdict and the page digests to the log	2026-09-12T04:28:21.8677707Z       "pageHeightPt": 792,
ks-21-6614-specialty-court-set	Print the verdict and the page digests to the log	2026-09-12T04:28:21.8678081Z       "expectedPx": {
ks-21-6614-specialty-court-set	Print the verdict and the page digests to the log	2026-09-12T04:28:21.8678532Z         "width": 2039.9999999999998,
ks-21-6614-specialty-court-set	Print the verdict and the page digests to the log	2026-09-12T04:28:21.8678857Z         "height": 2639.9999999999995,
ks-21-6614-specialty-court-set	Print the verdict and the page digests to the log	2026-09-12T04:28:21.8679265Z         "tolerancePx": 6.666666666666666
ks-21-6614-specialty-court-set	Print the verdict and the page digests to the log	2026-09-12T04:28:21.8679625Z       },
ks-21-6614-specialty-court-set	Print the verdict and the page digests to the log	2026-09-12T04:28:21.8680012Z       "calibrationResidualPx": 0,
ks-21-6614-specialty-court-set	Print the verdict and the page digests to the log	2026-09-12T04:28:21.8680481Z       "inkFractionInsidePaper": 0.03920194592988711,
ks-21-6614-specialty-court-set	Print the verdict and the page digests to the log	2026-09-12T04:28:21.8680851Z       "nonblank": true,
ks-21-6614-specialty-court-set	Print the verdict and the page digests to the log	2026-09-12T04:28:21.8681141Z       "croppedToThePage": true
ks-21-6614-specialty-court-set	Print the verdict and the page digests to the log	2026-09-12T04:28:21.8681485Z     },
ks-21-6614-specialty-court-set	Print the verdict and the page digests to the log	2026-09-12T04:28:21.8681819Z     {
ks-21-6614-specialty-court-set	Print the verdict and the page digests to the log	2026-09-12T04:28:21.8682266Z       "kind": "canonical",
ks-21-6614-specialty-court-set	Print the verdict and the page digests to the log	2026-09-12T04:28:21.8682836Z       "document": "canonical.pdf",
ks-21-6614-specialty-court-set	Print the verdict and the page digests to the log	2026-09-12T04:28:21.8683207Z       "page": 13,
ks-21-6614-specialty-court-set	Print the verdict and the page digests to the log	2026-09-12T04:28:21.8683658Z       "png": "ks-21-6614-specialty-court-set/canonical/page-013.png",
ks-21-6614-specialty-court-set	Print the verdict and the page digests to the log	2026-09-12T04:28:21.8684177Z       "bytes": 292762,
ks-21-6614-specialty-court-set	Print the verdict and the page digests to the log	2026-09-12T04:28:21.8684611Z       "pngSha256": "9b76c2c68e55dc7d05a69aa20d6e2c1434900621869295c8ef7a8f30b1e24f4e",
ks-21-6614-specialty-court-set	Print the verdict and the page digests to the log	2026-09-12T04:28:21.8685147Z       "pngWidth": 2040,
ks-21-6614-specialty-court-set	Print the verdict and the page digests to the log	2026-09-12T04:28:21.8685712Z       "pngHeight": 2640,
ks-21-6614-specialty-court-set	Print the verdict and the page digests to the log	2026-09-12T04:28:21.8686017Z       "paper": {
ks-21-6614-specialty-court-set	Print the verdict and the page digests to the log	2026-09-12T04:28:21.8686273Z         "x0": 204,
ks-21-6614-specialty-court-set	Print the verdict and the page digests to the log	2026-09-12T04:28:21.8686575Z         "y0": 3,
ks-21-6614-specialty-court-set	Print the verdict and the page digests to the log	2026-09-12T04:28:21.8686880Z         "x1": 2243,
ks-21-6614-specialty-court-set	Print the verdict and the page digests to the log	2026-09-12T04:28:21.8687187Z         "y1": 2642,
ks-21-6614-specialty-court-set	Print the verdict and the page digests to the log	2026-09-12T04:28:21.8687479Z         "width": 2040,
ks-21-6614-specialty-court-set	Print the verdict and the page digests to the log	2026-09-12T04:28:21.8687765Z         "height": 2640
ks-21-6614-specialty-court-set	Print the verdict and the page digests to the log	2026-09-12T04:28:21.8688020Z       },
ks-21-6614-specialty-court-set	Print the verdict and the page digests to the log	2026-09-12T04:28:21.8688298Z       "pxPerPt": 3.3333333333333335,
ks-21-6614-specialty-court-set	Print the verdict and the page digests to the log	2026-09-12T04:28:21.8688626Z       "expectedPxPerPt": 3.333333333333333,
ks-21-6614-specialty-court-set	Print the verdict and the page digests to the log	2026-09-12T04:28:21.8688976Z       "pageWidthPt": 612,
ks-21-6614-specialty-court-set	Print the verdict and the page digests to the log	2026-09-12T04:28:21.8689275Z       "pageHeightPt": 792,
ks-21-6614-specialty-court-set	Print the verdict and the page digests to the log	2026-09-12T04:28:21.8689546Z       "expectedPx": {
ks-21-6614-specialty-court-set	Print the verdict and the page digests to the log	2026-09-12T04:28:21.8689844Z         "width": 2039.9999999999998,
ks-21-6614-specialty-court-set	Print the verdict and the page digests to the log	2026-09-12T04:28:21.8690164Z         "height": 2639.9999999999995,
ks-21-6614-specialty-court-set	Print the verdict and the page digests to the log	2026-09-12T04:28:21.8690518Z         "tolerancePx": 6.666666666666666
ks-21-6614-specialty-court-set	Print the verdict and the page digests to the log	2026-09-12T04:28:21.8690816Z       },
ks-21-6614-specialty-court-set	Print the verdict and the page digests to the log	2026-09-12T04:28:21.8691081Z       "calibrationResidualPx": 0,
ks-21-6614-specialty-court-set	Print the verdict and the page digests to the log	2026-09-12T04:28:21.8691431Z       "inkFractionInsidePaper": 0.033933637849079025,
ks-21-6614-specialty-court-set	Print the verdict and the page digests to the log	2026-09-12T04:28:21.8691747Z       "nonblank": true,
ks-21-6614-specialty-court-set	Print the verdict and the page digests to the log	2026-09-12T04:28:21.8692037Z       "croppedToThePage": true
ks-21-6614-specialty-court-set	Print the verdict and the page digests to the log	2026-09-12T04:28:21.8692364Z     },
ks-21-6614-specialty-court-set	Print the verdict and the page digests to the log	2026-09-12T04:28:21.8692593Z     {
ks-21-6614-specialty-court-set	Print the verdict and the page digests to the log	2026-09-12T04:28:21.8692841Z       "kind": "canonical",
ks-21-6614-specialty-court-set	Print the verdict and the page digests to the log	2026-09-12T04:28:21.8693136Z       "document": "canonical.pdf",
ks-21-6614-specialty-court-set	Print the verdict and the page digests to the log	2026-09-12T04:28:21.8693428Z       "page": 14,
ks-21-6614-specialty-court-set	Print the verdict and the page digests to the log	2026-09-12T04:28:21.8693811Z       "png": "ks-21-6614-specialty-court-set/canonical/page-014.png",
ks-21-6614-specialty-court-set	Print the verdict and the page digests to the log	2026-09-12T04:28:21.8694222Z       "bytes": 259229,
ks-21-6614-specialty-court-set	Print the verdict and the page digests to the log	2026-09-12T04:28:21.8694630Z       "pngSha256": "44d8f3eafb5ae10c2193c5743404595828a9e74ee43da2f685a20443856e1a8e",
ks-21-6614-specialty-court-set	Print the verdict and the page digests to the log	2026-09-12T04:28:21.8695043Z       "pngWidth": 2040,
ks-21-6614-specialty-court-set	Print the verdict and the page digests to the log	2026-09-12T04:28:21.8695583Z       "pngHeight": 2640,
ks-21-6614-specialty-court-set	Print the verdict and the page digests to the log	2026-09-12T04:28:21.8695921Z       "paper": {
ks-21-6614-specialty-court-set	Print the verdict and the page digests to the log	2026-09-12T04:28:21.8696172Z         "x0": 204,
ks-21-6614-specialty-court-set	Print the verdict and the page digests to the log	2026-09-12T04:28:21.8696429Z         "y0": 3,
ks-21-6614-specialty-court-set	Print the verdict and the page digests to the log	2026-09-12T04:28:21.8696677Z         "x1": 2243,
ks-21-6614-specialty-court-set	Print the verdict and the page digests to the log	2026-09-12T04:28:21.8696948Z         "y1": 2642,
ks-21-6614-specialty-court-set	Print the verdict and the page digests to the log	2026-09-12T04:28:21.8697191Z         "width": 2040,
ks-21-6614-specialty-court-set	Print the verdict and the page digests to the log	2026-09-12T04:28:21.8697475Z         "height": 2640
ks-21-6614-specialty-court-set	Print the verdict and the page digests to the log	2026-09-12T04:28:21.8697732Z       },
ks-21-6614-specialty-court-set	Print the verdict and the page digests to the log	2026-09-12T04:28:21.8698003Z       "pxPerPt": 3.3333333333333335,
ks-21-6614-specialty-court-set	Print the verdict and the page digests to the log	2026-09-12T04:28:21.8698361Z       "expectedPxPerPt": 3.333333333333333,
ks-21-6614-specialty-court-set	Print the verdict and the page digests to the log	2026-09-12T04:28:21.8698663Z       "pageWidthPt": 612,
ks-21-6614-specialty-court-set	Print the verdict and the page digests to the log	2026-09-12T04:28:21.8698923Z       "pageHeightPt": 792,
ks-21-6614-specialty-court-set	Print the verdict and the page digests to the log	2026-09-12T04:28:21.8699247Z       "expectedPx": {
ks-21-6614-specialty-court-set	Print the verdict and the page digests to the log	2026-09-12T04:28:21.8699520Z         "width": 2039.9999999999998,
ks-21-6614-specialty-court-set	Print the verdict and the page digests to the log	2026-09-12T04:28:21.8699854Z         "height": 2639.9999999999995,
ks-21-6614-specialty-court-set	Print the verdict and the page digests to the log	2026-09-12T04:28:21.8700166Z         "tolerancePx": 6.666666666666666
ks-21-6614-specialty-court-set	Print the verdict and the page digests to the log	2026-09-12T04:28:21.8700432Z       },
ks-21-6614-specialty-court-set	Print the verdict and the page digests to the log	2026-09-12T04:28:21.8700745Z       "calibrationResidualPx": 0,
ks-21-6614-specialty-court-set	Print the verdict and the page digests to the log	2026-09-12T04:28:21.8701079Z       "inkFractionInsidePaper": 0.021756350267379678,
ks-21-6614-specialty-court-set	Print the verdict and the page digests to the log	2026-09-12T04:28:21.8701443Z       "nonblank": true,
ks-21-6614-specialty-court-set	Print the verdict and the page digests to the log	2026-09-12T04:28:21.8701726Z       "croppedToThePage": true
ks-21-6614-specialty-court-set	Print the verdict and the page digests to the log	2026-09-12T04:28:21.8701988Z     },
ks-21-6614-specialty-court-set	Print the verdict and the page digests to the log	2026-09-12T04:28:21.8702244Z     {
ks-21-6614-specialty-court-set	Print the verdict and the page digests to the log	2026-09-12T04:28:21.8702511Z       "kind": "canonical",
ks-21-6614-specialty-court-set	Print the verdict and the page digests to the log	2026-09-12T04:28:21.8702832Z       "document": "canonical.pdf",
ks-21-6614-specialty-court-set	Print the verdict and the page digests to the log	2026-09-12T04:28:21.8703113Z       "page": 15,
ks-21-6614-specialty-court-set	Print the verdict and the page digests to the log	2026-09-12T04:28:21.8703433Z       "png": "ks-21-6614-specialty-court-set/canonical/page-015.png",
ks-21-6614-specialty-court-set	Print the verdict and the page digests to the log	2026-09-12T04:28:21.8703794Z       "bytes": 299539,
ks-21-6614-specialty-court-set	Print the verdict and the page digests to the log	2026-09-12T04:28:21.8704220Z       "pngSha256": "2d0ad0278f8d7b4429787c1019742558142bbeee9f7e7c924ae83555d1aa59d5",
ks-21-6614-specialty-court-set	Print the verdict and the page digests to the log	2026-09-12T04:28:21.8704646Z       "pngWidth": 2040,
ks-21-6614-specialty-court-set	Print the verdict and the page digests to the log	2026-09-12T04:28:21.8704914Z       "pngHeight": 2640,
ks-21-6614-specialty-court-set	Print the verdict and the page digests to the log	2026-09-12T04:28:21.8705160Z       "paper": {
ks-21-6614-specialty-court-set	Print the verdict and the page digests to the log	2026-09-12T04:28:21.8705729Z         "x0": 204,
ks-21-6614-specialty-court-set	Print the verdict and the page digests to the log	2026-09-12T04:28:21.8705982Z         "y0": 3,
ks-21-6614-specialty-court-set	Print the verdict and the page digests to the log	2026-09-12T04:28:21.8706300Z         "x1": 2243,
ks-21-6614-specialty-court-set	Print the verdict and the page digests to the log	2026-09-12T04:28:21.8706548Z         "y1": 2642,
ks-21-6614-specialty-court-set	Print the verdict and the page digests to the log	2026-09-12T04:28:21.8706796Z         "width": 2040,
ks-21-6614-specialty-court-set	Print the verdict and the page digests to the log	2026-09-12T04:28:21.8707075Z         "height": 2640
ks-21-6614-specialty-court-set	Print the verdict and the page digests to the log	2026-09-12T04:28:21.8707320Z       },
ks-21-6614-specialty-court-set	Print the verdict and the page digests to the log	2026-09-12T04:28:21.8707639Z       "pxPerPt": 3.3333333333333335,
ks-21-6614-specialty-court-set	Print the verdict and the page digests to the log	2026-09-12T04:28:21.8708041Z       "expectedPxPerPt": 3.333333333333333,
ks-21-6614-specialty-court-set	Print the verdict and the page digests to the log	2026-09-12T04:28:21.8708337Z       "pageWidthPt": 612,
ks-21-6614-specialty-court-set	Print the verdict and the page digests to the log	2026-09-12T04:28:21.8708639Z       "pageHeightPt": 792,
ks-21-6614-specialty-court-set	Print the verdict and the page digests to the log	2026-09-12T04:28:21.8708930Z       "expectedPx": {
ks-21-6614-specialty-court-set	Print the verdict and the page digests to the log	2026-09-12T04:28:21.8709211Z         "width": 2039.9999999999998,
ks-21-6614-specialty-court-set	Print the verdict and the page digests to the log	2026-09-12T04:28:21.8709551Z         "height": 2639.9999999999995,
ks-21-6614-specialty-court-set	Print the verdict and the page digests to the log	2026-09-12T04:28:21.8709841Z         "tolerancePx": 6.666666666666666
ks-21-6614-specialty-court-set	Print the verdict and the page digests to the log	2026-09-12T04:28:21.8710144Z       },
ks-21-6614-specialty-court-set	Print the verdict and the page digests to the log	2026-09-12T04:28:21.8710424Z       "calibrationResidualPx": 0,
ks-21-6614-specialty-court-set	Print the verdict and the page digests to the log	2026-09-12T04:28:21.8710765Z       "inkFractionInsidePaper": 0.03320818478906714,
ks-21-6614-specialty-court-set	Print the verdict and the page digests to the log	2026-09-12T04:28:21.8711116Z       "nonblank": true,
ks-21-6614-specialty-court-set	Print the verdict and the page digests to the log	2026-09-12T04:28:21.8711384Z       "croppedToThePage": true
ks-21-6614-specialty-court-set	Print the verdict and the page digests to the log	2026-09-12T04:28:21.8711671Z     },
ks-21-6614-specialty-court-set	Print the verdict and the page digests to the log	2026-09-12T04:28:21.8711921Z     {
ks-21-6614-specialty-court-set	Print the verdict and the page digests to the log	2026-09-12T04:28:21.8821910Z       "kind": "canonical",
ks-21-6614-specialty-court-set	Print the verdict and the page digests to the log	2026-09-12T04:28:21.8822363Z       "document": "canonical.pdf",
ks-21-6614-specialty-court-set	Print the verdict and the page digests to the log	2026-09-12T04:28:21.8822602Z       "page": 16,
ks-21-6614-specialty-court-set	Print the verdict and the page digests to the log	2026-09-12T04:28:21.8822920Z       "png": "ks-21-6614-specialty-court-set/canonical/page-016.png",
ks-21-6614-specialty-court-set	Print the verdict and the page digests to the log	2026-09-12T04:28:21.8823214Z       "bytes": 244757,
ks-21-6614-specialty-court-set	Print the verdict and the page digests to the log	2026-09-12T04:28:21.8823563Z       "pngSha256": "ba9ed3917beef7b952b36bbafe881a7fbe64ddb0f543290dadc7db8e4198b52f",
ks-21-6614-specialty-court-set	Print the verdict and the page digests to the log	2026-09-12T04:28:21.8823909Z       "pngWidth": 2040,
ks-21-6614-specialty-court-set	Print the verdict and the page digests to the log	2026-09-12T04:28:21.8824100Z       "pngHeight": 2640,
ks-21-6614-specialty-court-set	Print the verdict and the page digests to the log	2026-09-12T04:28:21.8824298Z       "paper": {
ks-21-6614-specialty-court-set	Print the verdict and the page digests to the log	2026-09-12T04:28:21.8824475Z         "x0": 204,
ks-21-6614-specialty-court-set	Print the verdict and the page digests to the log	2026-09-12T04:28:21.8824651Z         "y0": 3,
ks-21-6614-specialty-court-set	Print the verdict and the page digests to the log	2026-09-12T04:28:21.8824873Z         "x1": 2243,
ks-21-6614-specialty-court-set	Print the verdict and the page digests to the log	2026-09-12T04:28:21.8825221Z         "y1": 2642,
ks-21-6614-specialty-court-set	Print the verdict and the page digests to the log	2026-09-12T04:28:21.8825666Z         "width": 2040,
ks-21-6614-specialty-court-set	Print the verdict and the page digests to the log	2026-09-12T04:28:21.8825856Z         "height": 2640
ks-21-6614-specialty-court-set	Print the verdict and the page digests to the log	2026-09-12T04:28:21.8826024Z       },
ks-21-6614-specialty-court-set	Print the verdict and the page digests to the log	2026-09-12T04:28:21.8826215Z       "pxPerPt": 3.3333333333333335,
ks-21-6614-specialty-court-set	Print the verdict and the page digests to the log	2026-09-12T04:28:21.8826460Z       "expectedPxPerPt": 3.333333333333333,
ks-21-6614-specialty-court-set	Print the verdict and the page digests to the log	2026-09-12T04:28:21.8826690Z       "pageWidthPt": 612,
ks-21-6614-specialty-court-set	Print the verdict and the page digests to the log	2026-09-12T04:28:21.8826891Z       "pageHeightPt": 792,
ks-21-6614-specialty-court-set	Print the verdict and the page digests to the log	2026-09-12T04:28:21.8827082Z       "expectedPx": {
ks-21-6614-specialty-court-set	Print the verdict and the page digests to the log	2026-09-12T04:28:21.8827287Z         "width": 2039.9999999999998,
ks-21-6614-specialty-court-set	Print the verdict and the page digests to the log	2026-09-12T04:28:21.8827510Z         "height": 2639.9999999999995,
ks-21-6614-specialty-court-set	Print the verdict and the page digests to the log	2026-09-12T04:28:21.8827746Z         "tolerancePx": 6.666666666666666
ks-21-6614-specialty-court-set	Print the verdict and the page digests to the log	2026-09-12T04:28:21.8827947Z       },
ks-21-6614-specialty-court-set	Print the verdict and the page digests to the log	2026-09-12T04:28:21.8828135Z       "calibrationResidualPx": 0,
ks-21-6614-specialty-court-set	Print the verdict and the page digests to the log	2026-09-12T04:28:21.8828413Z       "inkFractionInsidePaper": 0.024706253713606654,
ks-21-6614-specialty-court-set	Print the verdict and the page digests to the log	2026-09-12T04:28:21.8828654Z       "nonblank": true,
ks-21-6614-specialty-court-set	Print the verdict and the page digests to the log	2026-09-12T04:28:21.8828863Z       "croppedToThePage": true
ks-21-6614-specialty-court-set	Print the verdict and the page digests to the log	2026-09-12T04:28:21.8829052Z     },
ks-21-6614-specialty-court-set	Print the verdict and the page digests to the log	2026-09-12T04:28:21.8829214Z     {
ks-21-6614-specialty-court-set	Print the verdict and the page digests to the log	2026-09-12T04:28:21.8829372Z       "kind": "canonical",
ks-21-6614-specialty-court-set	Print the verdict and the page digests to the log	2026-09-12T04:28:21.8829590Z       "document": "canonical.pdf",
ks-21-6614-specialty-court-set	Print the verdict and the page digests to the log	2026-09-12T04:28:21.8829793Z       "page": 17,
ks-21-6614-specialty-court-set	Print the verdict and the page digests to the log	2026-09-12T04:28:21.8830057Z       "png": "ks-21-6614-specialty-court-set/canonical/page-017.png",
ks-21-6614-specialty-court-set	Print the verdict and the page digests to the log	2026-09-12T04:28:21.8830334Z       "bytes": 100792,
ks-21-6614-specialty-court-set	Print the verdict and the page digests to the log	2026-09-12T04:28:21.8830652Z       "pngSha256": "168e8f82815a8a8d5279aa38783d289eef45a1f506c052e6994195246e0c1c50",
ks-21-6614-specialty-court-set	Print the verdict and the page digests to the log	2026-09-12T04:28:21.8830973Z       "pngWidth": 2040,
ks-21-6614-specialty-court-set	Print the verdict and the page digests to the log	2026-09-12T04:28:21.8831169Z       "pngHeight": 2640,
ks-21-6614-specialty-court-set	Print the verdict and the page digests to the log	2026-09-12T04:28:21.8831357Z       "paper": {
ks-21-6614-specialty-court-set	Print the verdict and the page digests to the log	2026-09-12T04:28:21.8831532Z         "x0": 204,
ks-21-6614-specialty-court-set	Print the verdict and the page digests to the log	2026-09-12T04:28:21.8831696Z         "y0": 3,
ks-21-6614-specialty-court-set	Print the verdict and the page digests to the log	2026-09-12T04:28:21.8831856Z         "x1": 2243,
ks-21-6614-specialty-court-set	Print the verdict and the page digests to the log	2026-09-12T04:28:21.8832019Z         "y1": 2642,
ks-21-6614-specialty-court-set	Print the verdict and the page digests to the log	2026-09-12T04:28:21.8832190Z         "width": 2040,
ks-21-6614-specialty-court-set	Print the verdict and the page digests to the log	2026-09-12T04:28:21.8832371Z         "height": 2640
ks-21-6614-specialty-court-set	Print the verdict and the page digests to the log	2026-09-12T04:28:21.8832543Z       },
ks-21-6614-specialty-court-set	Print the verdict and the page digests to the log	2026-09-12T04:28:21.8832725Z       "pxPerPt": 3.3333333333333335,
ks-21-6614-specialty-court-set	Print the verdict and the page digests to the log	2026-09-12T04:28:21.8832971Z       "expectedPxPerPt": 3.333333333333333,
ks-21-6614-specialty-court-set	Print the verdict and the page digests to the log	2026-09-12T04:28:21.8833199Z       "pageWidthPt": 612,
ks-21-6614-specialty-court-set	Print the verdict and the page digests to the log	2026-09-12T04:28:21.8833402Z       "pageHeightPt": 792,
ks-21-6614-specialty-court-set	Print the verdict and the page digests to the log	2026-09-12T04:28:21.8833596Z       "expectedPx": {
ks-21-6614-specialty-court-set	Print the verdict and the page digests to the log	2026-09-12T04:28:21.8833797Z         "width": 2039.9999999999998,
ks-21-6614-specialty-court-set	Print the verdict and the page digests to the log	2026-09-12T04:28:21.8834024Z         "height": 2639.9999999999995,
ks-21-6614-specialty-court-set	Print the verdict and the page digests to the log	2026-09-12T04:28:21.8834244Z         "tolerancePx": 6.666666666666666
ks-21-6614-specialty-court-set	Print the verdict and the page digests to the log	2026-09-12T04:28:21.8834443Z       },
ks-21-6614-specialty-court-set	Print the verdict and the page digests to the log	2026-09-12T04:28:21.8834717Z       "calibrationResidualPx": 0,
ks-21-6614-specialty-court-set	Print the verdict and the page digests to the log	2026-09-12T04:28:21.8834976Z       "inkFractionInsidePaper": 0.006580696672608437,
ks-21-6614-specialty-court-set	Print the verdict and the page digests to the log	2026-09-12T04:28:21.8835218Z       "nonblank": true,
ks-21-6614-specialty-court-set	Print the verdict and the page digests to the log	2026-09-12T04:28:21.8835725Z       "croppedToThePage": true
ks-21-6614-specialty-court-set	Print the verdict and the page digests to the log	2026-09-12T04:28:21.8835921Z     },
ks-21-6614-specialty-court-set	Print the verdict and the page digests to the log	2026-09-12T04:28:21.8836067Z     {
ks-21-6614-specialty-court-set	Print the verdict and the page digests to the log	2026-09-12T04:28:21.8836238Z       "kind": "canonical",
ks-21-6614-specialty-court-set	Print the verdict and the page digests to the log	2026-09-12T04:28:21.8836442Z       "document": "canonical.pdf",
ks-21-6614-specialty-court-set	Print the verdict and the page digests to the log	2026-09-12T04:28:21.8836645Z       "page": 18,
ks-21-6614-specialty-court-set	Print the verdict and the page digests to the log	2026-09-12T04:28:21.8836913Z       "png": "ks-21-6614-specialty-court-set/canonical/page-018.png",
ks-21-6614-specialty-court-set	Print the verdict and the page digests to the log	2026-09-12T04:28:21.8837194Z       "bytes": 434123,
ks-21-6614-specialty-court-set	Print the verdict and the page digests to the log	2026-09-12T04:28:21.8837563Z       "pngSha256": "fc3259dda34957a3a9188cf44bc2e97a1714a3dbd35d43dc149adce52e75c372",
ks-21-6614-specialty-court-set	Print the verdict and the page digests to the log	2026-09-12T04:28:21.8837929Z       "pngWidth": 2040,
ks-21-6614-specialty-court-set	Print the verdict and the page digests to the log	2026-09-12T04:28:21.8838124Z       "pngHeight": 2640,
ks-21-6614-specialty-court-set	Print the verdict and the page digests to the log	2026-09-12T04:28:21.8838305Z       "paper": {
ks-21-6614-specialty-court-set	Print the verdict and the page digests to the log	2026-09-12T04:28:21.8838469Z         "x0": 204,
ks-21-6614-specialty-court-set	Print the verdict and the page digests to the log	2026-09-12T04:28:21.8838629Z         "y0": 3,
ks-21-6614-specialty-court-set	Print the verdict and the page digests to the log	2026-09-12T04:28:21.8838802Z         "x1": 2243,
ks-21-6614-specialty-court-set	Print the verdict and the page digests to the log	2026-09-12T04:28:21.8838968Z         "y1": 2642,
ks-21-6614-specialty-court-set	Print the verdict and the page digests to the log	2026-09-12T04:28:21.8839130Z         "width": 2040,
ks-21-6614-specialty-court-set	Print the verdict and the page digests to the log	2026-09-12T04:28:21.8839306Z         "height": 2640
ks-21-6614-specialty-court-set	Print the verdict and the page digests to the log	2026-09-12T04:28:21.8839473Z       },
ks-21-6614-specialty-court-set	Print the verdict and the page digests to the log	2026-09-12T04:28:21.8839654Z       "pxPerPt": 3.3333333333333335,
ks-21-6614-specialty-court-set	Print the verdict and the page digests to the log	2026-09-12T04:28:21.8839894Z       "expectedPxPerPt": 3.333333333333333,
ks-21-6614-specialty-court-set	Print the verdict and the page digests to the log	2026-09-12T04:28:21.8840119Z       "pageWidthPt": 612,
ks-21-6614-specialty-court-set	Print the verdict and the page digests to the log	2026-09-12T04:28:21.8840310Z       "pageHeightPt": 792,
ks-21-6614-specialty-court-set	Print the verdict and the page digests to the log	2026-09-12T04:28:21.8840502Z       "expectedPx": {
ks-21-6614-specialty-court-set	Print the verdict and the page digests to the log	2026-09-12T04:28:21.8840699Z         "width": 2039.9999999999998,
ks-21-6614-specialty-court-set	Print the verdict and the page digests to the log	2026-09-12T04:28:21.8840999Z         "height": 2639.9999999999995,
ks-21-6614-specialty-court-set	Print the verdict and the page digests to the log	2026-09-12T04:28:21.8841231Z         "tolerancePx": 6.666666666666666
ks-21-6614-specialty-court-set	Print the verdict and the page digests to the log	2026-09-12T04:28:21.8841432Z       },
ks-21-6614-specialty-court-set	Print the verdict and the page digests to the log	2026-09-12T04:28:21.8841614Z       "calibrationResidualPx": 0,
ks-21-6614-specialty-court-set	Print the verdict and the page digests to the log	2026-09-12T04:28:21.8841874Z       "inkFractionInsidePaper": 0.050018382352941176,
ks-21-6614-specialty-court-set	Print the verdict and the page digests to the log	2026-09-12T04:28:21.8842112Z       "nonblank": true,
ks-21-6614-specialty-court-set	Print the verdict and the page digests to the log	2026-09-12T04:28:21.8842313Z       "croppedToThePage": true
ks-21-6614-specialty-court-set	Print the verdict and the page digests to the log	2026-09-12T04:28:21.8842508Z     },
ks-21-6614-specialty-court-set	Print the verdict and the page digests to the log	2026-09-12T04:28:21.8842654Z     {
ks-21-6614-specialty-court-set	Print the verdict and the page digests to the log	2026-09-12T04:28:21.8842813Z       "kind": "canonical",
ks-21-6614-specialty-court-set	Print the verdict and the page digests to the log	2026-09-12T04:28:21.8843021Z       "document": "canonical.pdf",
ks-21-6614-specialty-court-set	Print the verdict and the page digests to the log	2026-09-12T04:28:21.8843219Z       "page": 19,
ks-21-6614-specialty-court-set	Print the verdict and the page digests to the log	2026-09-12T04:28:21.8843477Z       "png": "ks-21-6614-specialty-court-set/canonical/page-019.png",
ks-21-6614-specialty-court-set	Print the verdict and the page digests to the log	2026-09-12T04:28:21.8843742Z       "bytes": 352707,
ks-21-6614-specialty-court-set	Print the verdict and the page digests to the log	2026-09-12T04:28:21.8844057Z       "pngSha256": "acd39766b3e753cf192f3b600353f7812401b94aefc612eee47f5bdc92cb7179",
ks-21-6614-specialty-court-set	Print the verdict and the page digests to the log	2026-09-12T04:28:21.8844374Z       "pngWidth": 2040,
ks-21-6614-specialty-court-set	Print the verdict and the page digests to the log	2026-09-12T04:28:21.8844561Z       "pngHeight": 2640,
ks-21-6614-specialty-court-set	Print the verdict and the page digests to the log	2026-09-12T04:28:21.8844748Z       "paper": {
ks-21-6614-specialty-court-set	Print the verdict and the page digests to the log	2026-09-12T04:28:21.8844918Z         "x0": 204,
ks-21-6614-specialty-court-set	Print the verdict and the page digests to the log	2026-09-12T04:28:21.8845088Z         "y0": 3,
ks-21-6614-specialty-court-set	Print the verdict and the page digests to the log	2026-09-12T04:28:21.8845251Z         "x1": 2243,
ks-21-6614-specialty-court-set	Print the verdict and the page digests to the log	2026-09-12T04:28:21.8845715Z         "y1": 2642,
ks-21-6614-specialty-court-set	Print the verdict and the page digests to the log	2026-09-12T04:28:21.8845901Z         "width": 2040,
ks-21-6614-specialty-court-set	Print the verdict and the page digests to the log	2026-09-12T04:28:21.8846082Z         "height": 2640
ks-21-6614-specialty-court-set	Print the verdict and the page digests to the log	2026-09-12T04:28:21.8846257Z       },
ks-21-6614-specialty-court-set	Print the verdict and the page digests to the log	2026-09-12T04:28:21.8846452Z       "pxPerPt": 3.3333333333333335,
ks-21-6614-specialty-court-set	Print the verdict and the page digests to the log	2026-09-12T04:28:21.8846698Z       "expectedPxPerPt": 3.333333333333333,
ks-21-6614-specialty-court-set	Print the verdict and the page digests to the log	2026-09-12T04:28:21.8846928Z       "pageWidthPt": 612,
ks-21-6614-specialty-court-set	Print the verdict and the page digests to the log	2026-09-12T04:28:21.8847128Z       "pageHeightPt": 792,
ks-21-6614-specialty-court-set	Print the verdict and the page digests to the log	2026-09-12T04:28:21.8847320Z       "expectedPx": {
ks-21-6614-specialty-court-set	Print the verdict and the page digests to the log	2026-09-12T04:28:21.8847520Z         "width": 2039.9999999999998,
ks-21-6614-specialty-court-set	Print the verdict and the page digests to the log	2026-09-12T04:28:21.8847756Z         "height": 2639.9999999999995,
ks-21-6614-specialty-court-set	Print the verdict and the page digests to the log	2026-09-12T04:28:21.8847989Z         "tolerancePx": 6.666666666666666
ks-21-6614-specialty-court-set	Print the verdict and the page digests to the log	2026-09-12T04:28:21.8848197Z       },
ks-21-6614-specialty-court-set	Print the verdict and the page digests to the log	2026-09-12T04:28:21.8848387Z       "calibrationResidualPx": 0,
ks-21-6614-specialty-court-set	Print the verdict and the page digests to the log	2026-09-12T04:28:21.8848658Z       "inkFractionInsidePaper": 0.03660223559120618,
ks-21-6614-specialty-court-set	Print the verdict and the page digests to the log	2026-09-12T04:28:21.8848896Z       "nonblank": true,
ks-21-6614-specialty-court-set	Print the verdict and the page digests to the log	2026-09-12T04:28:21.8849107Z       "croppedToThePage": true
ks-21-6614-specialty-court-set	Print the verdict and the page digests to the log	2026-09-12T04:28:21.8849297Z     },
ks-21-6614-specialty-court-set	Print the verdict and the page digests to the log	2026-09-12T04:28:21.8849448Z     {
ks-21-6614-specialty-court-set	Print the verdict and the page digests to the log	2026-09-12T04:28:21.8849605Z       "kind": "canonical",
ks-21-6614-specialty-court-set	Print the verdict and the page digests to the log	2026-09-12T04:28:21.8849814Z       "document": "canonical.pdf",
ks-21-6614-specialty-court-set	Print the verdict and the page digests to the log	2026-09-12T04:28:21.8850015Z       "page": 20,
ks-21-6614-specialty-court-set	Print the verdict and the page digests to the log	2026-09-12T04:28:21.8850356Z       "png": "ks-21-6614-specialty-court-set/canonical/page-020.png",
ks-21-6614-specialty-court-set	Print the verdict and the page digests to the log	2026-09-12T04:28:21.8850624Z       "bytes": 206663,
ks-21-6614-specialty-court-set	Print the verdict and the page digests to the log	2026-09-12T04:28:21.8850938Z       "pngSha256": "1c93d290602d2db4ee8422463fe86ac0e5c6642b2854347f1db82292cf80bfa6",
ks-21-6614-specialty-court-set	Print the verdict and the page digests to the log	2026-09-12T04:28:21.8851250Z       "pngWidth": 2040,
ks-21-6614-specialty-court-set	Print the verdict and the page digests to the log	2026-09-12T04:28:21.8851430Z       "pngHeight": 2640,
ks-21-6614-specialty-court-set	Print the verdict and the page digests to the log	2026-09-12T04:28:21.8851616Z       "paper": {
ks-21-6614-specialty-court-set	Print the verdict and the page digests to the log	2026-09-12T04:28:21.8851781Z         "x0": 204,
ks-21-6614-specialty-court-set	Print the verdict and the page digests to the log	2026-09-12T04:28:21.8851949Z         "y0": 3,
ks-21-6614-specialty-court-set	Print the verdict and the page digests to the log	2026-09-12T04:28:21.8852118Z         "x1": 2243,
ks-21-6614-specialty-court-set	Print the verdict and the page digests to the log	2026-09-12T04:28:21.8852290Z         "y1": 2642,
ks-21-6614-specialty-court-set	Print the verdict and the page digests to the log	2026-09-12T04:28:21.8852452Z         "width": 2040,
ks-21-6614-specialty-court-set	Print the verdict and the page digests to the log	2026-09-12T04:28:21.8852620Z         "height": 2640
ks-21-6614-specialty-court-set	Print the verdict and the page digests to the log	2026-09-12T04:28:21.8852789Z       },
ks-21-6614-specialty-court-set	Print the verdict and the page digests to the log	2026-09-12T04:28:21.8852967Z       "pxPerPt": 3.3333333333333335,
ks-21-6614-specialty-court-set	Print the verdict and the page digests to the log	2026-09-12T04:28:21.8853195Z       "expectedPxPerPt": 3.333333333333333,
ks-21-6614-specialty-court-set	Print the verdict and the page digests to the log	2026-09-12T04:28:21.8853415Z       "pageWidthPt": 612,
ks-21-6614-specialty-court-set	Print the verdict and the page digests to the log	2026-09-12T04:28:21.8853607Z       "pageHeightPt": 792,
ks-21-6614-specialty-court-set	Print the verdict and the page digests to the log	2026-09-12T04:28:21.8853794Z       "expectedPx": {
ks-21-6614-specialty-court-set	Print the verdict and the page digests to the log	2026-09-12T04:28:21.8853995Z         "width": 2039.9999999999998,
ks-21-6614-specialty-court-set	Print the verdict and the page digests to the log	2026-09-12T04:28:21.8854214Z         "height": 2639.9999999999995,
ks-21-6614-specialty-court-set	Print the verdict and the page digests to the log	2026-09-12T04:28:21.8854444Z         "tolerancePx": 6.666666666666666
ks-21-6614-specialty-court-set	Print the verdict and the page digests to the log	2026-09-12T04:28:21.8854652Z       },
ks-21-6614-specialty-court-set	Print the verdict and the page digests to the log	2026-09-12T04:28:21.8854834Z       "calibrationResidualPx": 0,
ks-21-6614-specialty-court-set	Print the verdict and the page digests to the log	2026-09-12T04:28:21.8855096Z       "inkFractionInsidePaper": 0.017382092988710636,
ks-21-6614-specialty-court-set	Print the verdict and the page digests to the log	2026-09-12T04:28:21.8855468Z       "nonblank": true,
ks-21-6614-specialty-court-set	Print the verdict and the page digests to the log	2026-09-12T04:28:21.8855810Z       "croppedToThePage": true
ks-21-6614-specialty-court-set	Print the verdict and the page digests to the log	2026-09-12T04:28:21.8856004Z     },
ks-21-6614-specialty-court-set	Print the verdict and the page digests to the log	2026-09-12T04:28:21.8856227Z     {
ks-21-6614-specialty-court-set	Print the verdict and the page digests to the log	2026-09-12T04:28:21.8856394Z       "kind": "boundary",
ks-21-6614-specialty-court-set	Print the verdict and the page digests to the log	2026-09-12T04:28:21.8856616Z       "document": "boundary.pdf",
ks-21-6614-specialty-court-set	Print the verdict and the page digests to the log	2026-09-12T04:28:21.8856828Z       "page": 1,
ks-21-6614-specialty-court-set	Print the verdict and the page digests to the log	2026-09-12T04:28:21.8857086Z       "png": "ks-21-6614-specialty-court-set/boundary/page-001.png",
ks-21-6614-specialty-court-set	Print the verdict and the page digests to the log	2026-09-12T04:28:21.8857352Z       "bytes": 325670,
ks-21-6614-specialty-court-set	Print the verdict and the page digests to the log	2026-09-12T04:28:21.8857668Z       "pngSha256": "1eb8105dd85835c119ffbeafae4cb1c0e71978e1cc8f23f7a56ce71666f62764",
ks-21-6614-specialty-court-set	Print the verdict and the page digests to the log	2026-09-12T04:28:21.8858021Z       "pngWidth": 2040,
ks-21-6614-specialty-court-set	Print the verdict and the page digests to the log	2026-09-12T04:28:21.8858213Z       "pngHeight": 2640,
ks-21-6614-specialty-court-set	Print the verdict and the page digests to the log	2026-09-12T04:28:21.8858402Z       "paper": {
ks-21-6614-specialty-court-set	Print the verdict and the page digests to the log	2026-09-12T04:28:21.8858576Z         "x0": 204,
ks-21-6614-specialty-court-set	Print the verdict and the page digests to the log	2026-09-12T04:28:21.8858745Z         "y0": 3,
ks-21-6614-specialty-court-set	Print the verdict and the page digests to the log	2026-09-12T04:28:21.8858912Z         "x1": 2243,
ks-21-6614-specialty-court-set	Print the verdict and the page digests to the log	2026-09-12T04:28:21.8859083Z         "y1": 2642,
ks-21-6614-specialty-court-set	Print the verdict and the page digests to the log	2026-09-12T04:28:21.8859264Z         "width": 2040,
ks-21-6614-specialty-court-set	Print the verdict and the page digests to the log	2026-09-12T04:28:21.8859444Z         "height": 2640
ks-21-6614-specialty-court-set	Print the verdict and the page digests to the log	2026-09-12T04:28:21.8859617Z       },
ks-21-6614-specialty-court-set	Print the verdict and the page digests to the log	2026-09-12T04:28:21.8859803Z       "pxPerPt": 3.3333333333333335,
ks-21-6614-specialty-court-set	Print the verdict and the page digests to the log	2026-09-12T04:28:21.8860047Z       "expectedPxPerPt": 3.333333333333333,
ks-21-6614-specialty-court-set	Print the verdict and the page digests to the log	2026-09-12T04:28:21.8860275Z       "pageWidthPt": 612,
ks-21-6614-specialty-court-set	Print the verdict and the page digests to the log	2026-09-12T04:28:21.8860482Z       "pageHeightPt": 792,
ks-21-6614-specialty-court-set	Print the verdict and the page digests to the log	2026-09-12T04:28:21.8860678Z       "expectedPx": {
ks-21-6614-specialty-court-set	Print the verdict and the page digests to the log	2026-09-12T04:28:21.8860880Z         "width": 2039.9999999999998,
ks-21-6614-specialty-court-set	Print the verdict and the page digests to the log	2026-09-12T04:28:21.8861107Z         "height": 2639.9999999999995,
ks-21-6614-specialty-court-set	Print the verdict and the page digests to the log	2026-09-12T04:28:21.8861340Z         "tolerancePx": 6.666666666666666
ks-21-6614-specialty-court-set	Print the verdict and the page digests to the log	2026-09-12T04:28:21.8861548Z       },
ks-21-6614-specialty-court-set	Print the verdict and the page digests to the log	2026-09-12T04:28:21.8861743Z       "calibrationResidualPx": 0,
ks-21-6614-specialty-court-set	Print the verdict and the page digests to the log	2026-09-12T04:28:21.8862004Z       "inkFractionInsidePaper": 0.05909777926322044,
ks-21-6614-specialty-court-set	Print the verdict and the page digests to the log	2026-09-12T04:28:21.8862243Z       "nonblank": true,
ks-21-6614-specialty-court-set	Print the verdict and the page digests to the log	2026-09-12T04:28:21.8862453Z       "croppedToThePage": true
ks-21-6614-specialty-court-set	Print the verdict and the page digests to the log	2026-09-12T04:28:21.8862650Z     },
ks-21-6614-specialty-court-set	Print the verdict and the page digests to the log	2026-09-12T04:28:21.8862803Z     {
ks-21-6614-specialty-court-set	Print the verdict and the page digests to the log	2026-09-12T04:28:21.8862974Z       "kind": "boundary",
ks-21-6614-specialty-court-set	Print the verdict and the page digests to the log	2026-09-12T04:28:21.8863185Z       "document": "boundary.pdf",
ks-21-6614-specialty-court-set	Print the verdict and the page digests to the log	2026-09-12T04:28:21.8863389Z       "page": 2,
ks-21-6614-specialty-court-set	Print the verdict and the page digests to the log	2026-09-12T04:28:21.8863644Z       "png": "ks-21-6614-specialty-court-set/boundary/page-002.png",
ks-21-6614-specialty-court-set	Print the verdict and the page digests to the log	2026-09-12T04:28:21.8863912Z       "bytes": 280806,
ks-21-6614-specialty-court-set	Print the verdict and the page digests to the log	2026-09-12T04:28:21.8864251Z       "pngSha256": "af24c9dbda28bfb1c6c909d43cffbf0646fe10e673e5afec8fe2f5318ec1102e",
ks-21-6614-specialty-court-set	Print the verdict and the page digests to the log	2026-09-12T04:28:21.8864584Z       "pngWidth": 2040,
ks-21-6614-specialty-court-set	Print the verdict and the page digests to the log	2026-09-12T04:28:21.8864773Z       "pngHeight": 2640,
ks-21-6614-specialty-court-set	Print the verdict and the page digests to the log	2026-09-12T04:28:21.8865003Z       "paper": {
ks-21-6614-specialty-court-set	Print the verdict and the page digests to the log	2026-09-12T04:28:21.8865180Z         "x0": 204,
ks-21-6614-specialty-court-set	Print the verdict and the page digests to the log	2026-09-12T04:28:21.8865595Z         "y0": 3,
ks-21-6614-specialty-court-set	Print the verdict and the page digests to the log	2026-09-12T04:28:21.8865851Z         "x1": 2243,
ks-21-6614-specialty-court-set	Print the verdict and the page digests to the log	2026-09-12T04:28:21.8866019Z         "y1": 2642,
ks-21-6614-specialty-court-set	Print the verdict and the page digests to the log	2026-09-12T04:28:21.8866195Z         "width": 2040,
ks-21-6614-specialty-court-set	Print the verdict and the page digests to the log	2026-09-12T04:28:21.8866379Z         "height": 2640
ks-21-6614-specialty-court-set	Print the verdict and the page digests to the log	2026-09-12T04:28:21.8866559Z       },
ks-21-6614-specialty-court-set	Print the verdict and the page digests to the log	2026-09-12T04:28:21.8866758Z       "pxPerPt": 3.3333333333333335,
ks-21-6614-specialty-court-set	Print the verdict and the page digests to the log	2026-09-12T04:28:21.8867006Z       "expectedPxPerPt": 3.333333333333333,
ks-21-6614-specialty-court-set	Print the verdict and the page digests to the log	2026-09-12T04:28:21.8867235Z       "pageWidthPt": 612,
ks-21-6614-specialty-court-set	Print the verdict and the page digests to the log	2026-09-12T04:28:21.8867431Z       "pageHeightPt": 792,
ks-21-6614-specialty-court-set	Print the verdict and the page digests to the log	2026-09-12T04:28:21.8867624Z       "expectedPx": {
ks-21-6614-specialty-court-set	Print the verdict and the page digests to the log	2026-09-12T04:28:21.8867826Z         "width": 2039.9999999999998,
ks-21-6614-specialty-court-set	Print the verdict and the page digests to the log	2026-09-12T04:28:21.8868054Z         "height": 2639.9999999999995,
ks-21-6614-specialty-court-set	Print the verdict and the page digests to the log	2026-09-12T04:28:21.8868299Z         "tolerancePx": 6.666666666666666
ks-21-6614-specialty-court-set	Print the verdict and the page digests to the log	2026-09-12T04:28:21.8868502Z       },
ks-21-6614-specialty-court-set	Print the verdict and the page digests to the log	2026-09-12T04:28:21.8868687Z       "calibrationResidualPx": 0,
ks-21-6614-specialty-court-set	Print the verdict and the page digests to the log	2026-09-12T04:28:21.8868951Z       "inkFractionInsidePaper": 0.028802547534165182,
ks-21-6614-specialty-court-set	Print the verdict and the page digests to the log	2026-09-12T04:28:21.8869192Z       "nonblank": true,
ks-21-6614-specialty-court-set	Print the verdict and the page digests to the log	2026-09-12T04:28:21.8869397Z       "croppedToThePage": true
ks-21-6614-specialty-court-set	Print the verdict and the page digests to the log	2026-09-12T04:28:21.8869602Z     },
ks-21-6614-specialty-court-set	Print the verdict and the page digests to the log	2026-09-12T04:28:21.8869757Z     {
ks-21-6614-specialty-court-set	Print the verdict and the page digests to the log	2026-09-12T04:28:21.8869918Z       "kind": "boundary",
ks-21-6614-specialty-court-set	Print the verdict and the page digests to the log	2026-09-12T04:28:21.8870125Z       "document": "boundary.pdf",
ks-21-6614-specialty-court-set	Print the verdict and the page digests to the log	2026-09-12T04:28:21.8870324Z       "page": 3,
ks-21-6614-specialty-court-set	Print the verdict and the page digests to the log	2026-09-12T04:28:21.8870584Z       "png": "ks-21-6614-specialty-court-set/boundary/page-003.png",
ks-21-6614-specialty-court-set	Print the verdict and the page digests to the log	2026-09-12T04:28:21.8870859Z       "bytes": 319784,
ks-21-6614-specialty-court-set	Print the verdict and the page digests to the log	2026-09-12T04:28:21.8871178Z       "pngSha256": "1b1000cddabbe42c316ae49718c4ff9764993e0ff2d3b589bc42d11639689a82",
ks-21-6614-specialty-court-set	Print the verdict and the page digests to the log	2026-09-12T04:28:21.8871500Z       "pngWidth": 2040,
ks-21-6614-specialty-court-set	Print the verdict and the page digests to the log	2026-09-12T04:28:21.8871746Z       "pngHeight": 2640,
ks-21-6614-specialty-court-set	Print the verdict and the page digests to the log	2026-09-12T04:28:21.8871936Z       "paper": {
ks-21-6614-specialty-court-set	Print the verdict and the page digests to the log	2026-09-12T04:28:21.8872111Z         "x0": 204,
ks-21-6614-specialty-court-set	Print the verdict and the page digests to the log	2026-09-12T04:28:21.8872288Z         "y0": 3,
ks-21-6614-specialty-court-set	Print the verdict and the page digests to the log	2026-09-12T04:28:21.8872456Z         "x1": 2243,
ks-21-6614-specialty-court-set	Print the verdict and the page digests to the log	2026-09-12T04:28:21.8872625Z         "y1": 2642,
ks-21-6614-specialty-court-set	Print the verdict and the page digests to the log	2026-09-12T04:28:21.8872797Z         "width": 2040,
ks-21-6614-specialty-court-set	Print the verdict and the page digests to the log	2026-09-12T04:28:21.8872981Z         "height": 2640
ks-21-6614-specialty-court-set	Print the verdict and the page digests to the log	2026-09-12T04:28:21.8873158Z       },
ks-21-6614-specialty-court-set	Print the verdict and the page digests to the log	2026-09-12T04:28:21.8873354Z       "pxPerPt": 3.3333333333333335,
ks-21-6614-specialty-court-set	Print the verdict and the page digests to the log	2026-09-12T04:28:21.8873603Z       "expectedPxPerPt": 3.333333333333333,
ks-21-6614-specialty-court-set	Print the verdict and the page digests to the log	2026-09-12T04:28:21.8873831Z       "pageWidthPt": 612,
ks-21-6614-specialty-court-set	Print the verdict and the page digests to the log	2026-09-12T04:28:21.8874028Z       "pageHeightPt": 792,
ks-21-6614-specialty-court-set	Print the verdict and the page digests to the log	2026-09-12T04:28:21.8874224Z       "expectedPx": {
ks-21-6614-specialty-court-set	Print the verdict and the page digests to the log	2026-09-12T04:28:21.8874428Z         "width": 2039.9999999999998,
ks-21-6614-specialty-court-set	Print the verdict and the page digests to the log	2026-09-12T04:28:21.8874660Z         "height": 2639.9999999999995,
ks-21-6614-specialty-court-set	Print the verdict and the page digests to the log	2026-09-12T04:28:21.8874889Z         "tolerancePx": 6.666666666666666
ks-21-6614-specialty-court-set	Print the verdict and the page digests to the log	2026-09-12T04:28:21.8875098Z       },
ks-21-6614-specialty-court-set	Print the verdict and the page digests to the log	2026-09-12T04:28:21.8875558Z       "calibrationResidualPx": 0,
ks-21-6614-specialty-court-set	Print the verdict and the page digests to the log	2026-09-12T04:28:21.8875859Z       "inkFractionInsidePaper": 0.032505013368983954,
ks-21-6614-specialty-court-set	Print the verdict and the page digests to the log	2026-09-12T04:28:21.8876115Z       "nonblank": true,
ks-21-6614-specialty-court-set	Print the verdict and the page digests to the log	2026-09-12T04:28:21.8876336Z       "croppedToThePage": true
ks-21-6614-specialty-court-set	Print the verdict and the page digests to the log	2026-09-12T04:28:21.8876536Z     },
ks-21-6614-specialty-court-set	Print the verdict and the page digests to the log	2026-09-12T04:28:21.8876698Z     {
ks-21-6614-specialty-court-set	Print the verdict and the page digests to the log	2026-09-12T04:28:21.8876863Z       "kind": "boundary",
ks-21-6614-specialty-court-set	Print the verdict and the page digests to the log	2026-09-12T04:28:21.8877074Z       "document": "boundary.pdf",
ks-21-6614-specialty-court-set	Print the verdict and the page digests to the log	2026-09-12T04:28:21.8877276Z       "page": 4,
ks-21-6614-specialty-court-set	Print the verdict and the page digests to the log	2026-09-12T04:28:21.8877539Z       "png": "ks-21-6614-specialty-court-set/boundary/page-004.png",
ks-21-6614-specialty-court-set	Print the verdict and the page digests to the log	2026-09-12T04:28:21.8877808Z       "bytes": 164550,
ks-21-6614-specialty-court-set	Print the verdict and the page digests to the log	2026-09-12T04:28:21.8878134Z       "pngSha256": "46e5a137a8f8b544891fd4abbaa5f19b1c8436d955840c016519efe086449e68",
ks-21-6614-specialty-court-set	Print the verdict and the page digests to the log	2026-09-12T04:28:21.8878457Z       "pngWidth": 2040,
ks-21-6614-specialty-court-set	Print the verdict and the page digests to the log	2026-09-12T04:28:21.8878642Z       "pngHeight": 2640,
ks-21-6614-specialty-court-set	Print the verdict and the page digests to the log	2026-09-12T04:28:21.8878840Z       "paper": {
ks-21-6614-specialty-court-set	Print the verdict and the page digests to the log	2026-09-12T04:28:21.8879007Z         "x0": 204,
ks-21-6614-specialty-court-set	Print the verdict and the page digests to the log	2026-09-12T04:28:21.8879174Z         "y0": 3,
ks-21-6614-specialty-court-set	Print the verdict and the page digests to the log	2026-09-12T04:28:21.8879340Z         "x1": 2243,
ks-21-6614-specialty-court-set	Print the verdict and the page digests to the log	2026-09-12T04:28:21.8879509Z         "y1": 2642,
ks-21-6614-specialty-court-set	Print the verdict and the page digests to the log	2026-09-12T04:28:21.8879687Z         "width": 2040,
ks-21-6614-specialty-court-set	Print the verdict and the page digests to the log	2026-09-12T04:28:21.8879865Z         "height": 2640
ks-21-6614-specialty-court-set	Print the verdict and the page digests to the log	2026-09-12T04:28:21.8880045Z       },
ks-21-6614-specialty-court-set	Print the verdict and the page digests to the log	2026-09-12T04:28:21.8880224Z       "pxPerPt": 3.3333333333333335,
ks-21-6614-specialty-court-set	Print the verdict and the page digests to the log	2026-09-12T04:28:21.8880468Z       "expectedPxPerPt": 3.333333333333333,
ks-21-6614-specialty-court-set	Print the verdict and the page digests to the log	2026-09-12T04:28:21.8880691Z       "pageWidthPt": 612,
ks-21-6614-specialty-court-set	Print the verdict and the page digests to the log	2026-09-12T04:28:21.8880888Z       "pageHeightPt": 792,
ks-21-6614-specialty-court-set	Print the verdict and the page digests to the log	2026-09-12T04:28:21.8881093Z       "expectedPx": {
ks-21-6614-specialty-court-set	Print the verdict and the page digests to the log	2026-09-12T04:28:21.8881368Z         "width": 2039.9999999999998,
ks-21-6614-specialty-court-set	Print the verdict and the page digests to the log	2026-09-12T04:28:21.8881593Z         "height": 2639.9999999999995,
ks-21-6614-specialty-court-set	Print the verdict and the page digests to the log	2026-09-12T04:28:21.8881828Z         "tolerancePx": 6.666666666666666
ks-21-6614-specialty-court-set	Print the verdict and the page digests to the log	2026-09-12T04:28:21.8882040Z       },
ks-21-6614-specialty-court-set	Print the verdict and the page digests to the log	2026-09-12T04:28:21.8882229Z       "calibrationResidualPx": 0,
ks-21-6614-specialty-court-set	Print the verdict and the page digests to the log	2026-09-12T04:28:21.8882498Z       "inkFractionInsidePaper": 0.012945447118241235,
ks-21-6614-specialty-court-set	Print the verdict and the page digests to the log	2026-09-12T04:28:21.8882740Z       "nonblank": true,
ks-21-6614-specialty-court-set	Print the verdict and the page digests to the log	2026-09-12T04:28:21.8882952Z       "croppedToThePage": true
ks-21-6614-specialty-court-set	Print the verdict and the page digests to the log	2026-09-12T04:28:21.8883150Z     },
ks-21-6614-specialty-court-set	Print the verdict and the page digests to the log	2026-09-12T04:28:21.8883307Z     {
ks-21-6614-specialty-court-set	Print the verdict and the page digests to the log	2026-09-12T04:28:21.8883476Z       "kind": "boundary",
ks-21-6614-specialty-court-set	Print the verdict and the page digests to the log	2026-09-12T04:28:21.8883690Z       "document": "boundary.pdf",
ks-21-6614-specialty-court-set	Print the verdict and the page digests to the log	2026-09-12T04:28:21.8883886Z       "page": 5,
ks-21-6614-specialty-court-set	Print the verdict and the page digests to the log	2026-09-12T04:28:21.8884148Z       "png": "ks-21-6614-specialty-court-set/boundary/page-005.png",
ks-21-6614-specialty-court-set	Print the verdict and the page digests to the log	2026-09-12T04:28:21.8884415Z       "bytes": 442041,
ks-21-6614-specialty-court-set	Print the verdict and the page digests to the log	2026-09-12T04:28:21.8884739Z       "pngSha256": "0ae20ffea54c5527b45ebbde50fee100364d64fab8ae230749cfd9144bde7965",
ks-21-6614-specialty-court-set	Print the verdict and the page digests to the log	2026-09-12T04:28:21.8885072Z       "pngWidth": 2040,
ks-21-6614-specialty-court-set	Print the verdict and the page digests to the log	2026-09-12T04:28:21.8885380Z       "pngHeight": 2640,
ks-21-6614-specialty-court-set	Print the verdict and the page digests to the log	2026-09-12T04:28:21.8885675Z       "paper": {
ks-21-6614-specialty-court-set	Print the verdict and the page digests to the log	2026-09-12T04:28:21.8885852Z         "x0": 204,
ks-21-6614-specialty-court-set	Print the verdict and the page digests to the log	2026-09-12T04:28:21.8886025Z         "y0": 3,
ks-21-6614-specialty-court-set	Print the verdict and the page digests to the log	2026-09-12T04:28:21.8886196Z         "x1": 2243,
ks-21-6614-specialty-court-set	Print the verdict and the page digests to the log	2026-09-12T04:28:21.8886370Z         "y1": 2642,
ks-21-6614-specialty-court-set	Print the verdict and the page digests to the log	2026-09-12T04:28:21.8886557Z         "width": 2040,
ks-21-6614-specialty-court-set	Print the verdict and the page digests to the log	2026-09-12T04:28:21.8886739Z         "height": 2640
ks-21-6614-specialty-court-set	Print the verdict and the page digests to the log	2026-09-12T04:28:21.8886917Z       },
ks-21-6614-specialty-court-set	Print the verdict and the page digests to the log	2026-09-12T04:28:21.8887105Z       "pxPerPt": 3.3333333333333335,
ks-21-6614-specialty-court-set	Print the verdict and the page digests to the log	2026-09-12T04:28:21.8887345Z       "expectedPxPerPt": 3.333333333333333,
ks-21-6614-specialty-court-set	Print the verdict and the page digests to the log	2026-09-12T04:28:21.8887641Z       "pageWidthPt": 612,
ks-21-6614-specialty-court-set	Print the verdict and the page digests to the log	2026-09-12T04:28:21.8887851Z       "pageHeightPt": 792,
ks-21-6614-specialty-court-set	Print the verdict and the page digests to the log	2026-09-12T04:28:21.8888043Z       "expectedPx": {
ks-21-6614-specialty-court-set	Print the verdict and the page digests to the log	2026-09-12T04:28:21.8888244Z         "width": 2039.9999999999998,
ks-21-6614-specialty-court-set	Print the verdict and the page digests to the log	2026-09-12T04:28:21.8888469Z         "height": 2639.9999999999995,
ks-21-6614-specialty-court-set	Print the verdict and the page digests to the log	2026-09-12T04:28:21.8888700Z         "tolerancePx": 6.666666666666666
ks-21-6614-specialty-court-set	Print the verdict and the page digests to the log	2026-09-12T04:28:21.8888907Z       },
ks-21-6614-specialty-court-set	Print the verdict and the page digests to the log	2026-09-12T04:28:21.8889110Z       "calibrationResidualPx": 0,
ks-21-6614-specialty-court-set	Print the verdict and the page digests to the log	2026-09-12T04:28:21.8889371Z       "inkFractionInsidePaper": 0.043013406120023766,
ks-21-6614-specialty-court-set	Print the verdict and the page digests to the log	2026-09-12T04:28:21.8889611Z       "nonblank": true,
ks-21-6614-specialty-court-set	Print the verdict and the page digests to the log	2026-09-12T04:28:21.8889816Z       "croppedToThePage": true
ks-21-6614-specialty-court-set	Print the verdict and the page digests to the log	2026-09-12T04:28:21.8890007Z     },
ks-21-6614-specialty-court-set	Print the verdict and the page digests to the log	2026-09-12T04:28:21.8890164Z     {
ks-21-6614-specialty-court-set	Print the verdict and the page digests to the log	2026-09-12T04:28:21.8890338Z       "kind": "boundary",
ks-21-6614-specialty-court-set	Print the verdict and the page digests to the log	2026-09-12T04:28:21.8890550Z       "document": "boundary.pdf",
ks-21-6614-specialty-court-set	Print the verdict and the page digests to the log	2026-09-12T04:28:21.8890750Z       "page": 6,
ks-21-6614-specialty-court-set	Print the verdict and the page digests to the log	2026-09-12T04:28:21.8891008Z       "png": "ks-21-6614-specialty-court-set/boundary/page-006.png",
ks-21-6614-specialty-court-set	Print the verdict and the page digests to the log	2026-09-12T04:28:21.8891281Z       "bytes": 489116,
ks-21-6614-specialty-court-set	Print the verdict and the page digests to the log	2026-09-12T04:28:21.8891601Z       "pngSha256": "561946a9c82d5d2ec0c32b4e11f3118e5b755e8cb94f2386c1931798f7ef9249",
ks-21-6614-specialty-court-set	Print the verdict and the page digests to the log	2026-09-12T04:28:21.8891927Z       "pngWidth": 2040,
ks-21-6614-specialty-court-set	Print the verdict and the page digests to the log	2026-09-12T04:28:21.8892119Z       "pngHeight": 2640,
ks-21-6614-specialty-court-set	Print the verdict and the page digests to the log	2026-09-12T04:28:21.8892310Z       "paper": {
ks-21-6614-specialty-court-set	Print the verdict and the page digests to the log	2026-09-12T04:28:21.8892479Z         "x0": 204,
ks-21-6614-specialty-court-set	Print the verdict and the page digests to the log	2026-09-12T04:28:21.8892649Z         "y0": 3,
ks-21-6614-specialty-court-set	Print the verdict and the page digests to the log	2026-09-12T04:28:21.8892814Z         "x1": 2243,
ks-21-6614-specialty-court-set	Print the verdict and the page digests to the log	2026-09-12T04:28:21.8893006Z         "y1": 2642,
ks-21-6614-specialty-court-set	Print the verdict and the page digests to the log	2026-09-12T04:28:21.8893179Z         "width": 2040,
ks-21-6614-specialty-court-set	Print the verdict and the page digests to the log	2026-09-12T04:28:21.8893359Z         "height": 2640
ks-21-6614-specialty-court-set	Print the verdict and the page digests to the log	2026-09-12T04:28:21.8893533Z       },
ks-21-6614-specialty-court-set	Print the verdict and the page digests to the log	2026-09-12T04:28:21.8893716Z       "pxPerPt": 3.3333333333333335,
ks-21-6614-specialty-court-set	Print the verdict and the page digests to the log	2026-09-12T04:28:21.8893956Z       "expectedPxPerPt": 3.333333333333333,
ks-21-6614-specialty-court-set	Print the verdict and the page digests to the log	2026-09-12T04:28:21.8894191Z       "pageWidthPt": 612,
ks-21-6614-specialty-court-set	Print the verdict and the page digests to the log	2026-09-12T04:28:21.8894388Z       "pageHeightPt": 792,
ks-21-6614-specialty-court-set	Print the verdict and the page digests to the log	2026-09-12T04:28:21.8894585Z       "expectedPx": {
ks-21-6614-specialty-court-set	Print the verdict and the page digests to the log	2026-09-12T04:28:21.8894785Z         "width": 2039.9999999999998,
ks-21-6614-specialty-court-set	Print the verdict and the page digests to the log	2026-09-12T04:28:21.8895013Z         "height": 2639.9999999999995,
ks-21-6614-specialty-court-set	Print the verdict and the page digests to the log	2026-09-12T04:28:21.8895245Z         "tolerancePx": 6.666666666666666
ks-21-6614-specialty-court-set	Print the verdict and the page digests to the log	2026-09-12T04:28:21.8895696Z       },
ks-21-6614-specialty-court-set	Print the verdict and the page digests to the log	2026-09-12T04:28:21.8895895Z       "calibrationResidualPx": 0,
ks-21-6614-specialty-court-set	Print the verdict and the page digests to the log	2026-09-12T04:28:21.8896157Z       "inkFractionInsidePaper": 0.05282326945929887,
ks-21-6614-specialty-court-set	Print the verdict and the page digests to the log	2026-09-12T04:28:21.8896397Z       "nonblank": true,
ks-21-6614-specialty-court-set	Print the verdict and the page digests to the log	2026-09-12T04:28:21.8896609Z       "croppedToThePage": true
ks-21-6614-specialty-court-set	Print the verdict and the page digests to the log	2026-09-12T04:28:21.8896880Z     },
ks-21-6614-specialty-court-set	Print the verdict and the page digests to the log	2026-09-12T04:28:21.8897039Z     {
ks-21-6614-specialty-court-set	Print the verdict and the page digests to the log	2026-09-12T04:28:21.8897205Z       "kind": "boundary",
ks-21-6614-specialty-court-set	Print the verdict and the page digests to the log	2026-09-12T04:28:21.8897416Z       "document": "boundary.pdf",
ks-21-6614-specialty-court-set	Print the verdict and the page digests to the log	2026-09-12T04:28:21.8897620Z       "page": 7,
ks-21-6614-specialty-court-set	Print the verdict and the page digests to the log	2026-09-12T04:28:21.8897885Z       "png": "ks-21-6614-specialty-court-set/boundary/page-007.png",
ks-21-6614-specialty-court-set	Print the verdict and the page digests to the log	2026-09-12T04:28:21.8898175Z       "bytes": 554474,
ks-21-6614-specialty-court-set	Print the verdict and the page digests to the log	2026-09-12T04:28:21.8898504Z       "pngSha256": "8df37d7461cc8b519e8776d3ae1123b7f6c9fc16130d3204a4e981a2538d33b2",
ks-21-6614-specialty-court-set	Print the verdict and the page digests to the log	2026-09-12T04:28:21.8898850Z       "pngWidth": 2040,
ks-21-6614-specialty-court-set	Print the verdict and the page digests to the log	2026-09-12T04:28:21.8899045Z       "pngHeight": 2640,
ks-21-6614-specialty-court-set	Print the verdict and the page digests to the log	2026-09-12T04:28:21.8899242Z       "paper": {
ks-21-6614-specialty-court-set	Print the verdict and the page digests to the log	2026-09-12T04:28:21.8899418Z         "x0": 204,
ks-21-6614-specialty-court-set	Print the verdict and the page digests to the log	2026-09-12T04:28:21.8899599Z         "y0": 3,
ks-21-6614-specialty-court-set	Print the verdict and the page digests to the log	2026-09-12T04:28:21.8899775Z         "x1": 2243,
ks-21-6614-specialty-court-set	Print the verdict and the page digests to the log	2026-09-12T04:28:21.8899952Z         "y1": 2642,
ks-21-6614-specialty-court-set	Print the verdict and the page digests to the log	2026-09-12T04:28:21.8900130Z         "width": 2040,
ks-21-6614-specialty-court-set	Print the verdict and the page digests to the log	2026-09-12T04:28:21.8900326Z         "height": 2640
ks-21-6614-specialty-court-set	Print the verdict and the page digests to the log	2026-09-12T04:28:21.8900502Z       },
ks-21-6614-specialty-court-set	Print the verdict and the page digests to the log	2026-09-12T04:28:21.8900698Z       "pxPerPt": 3.3333333333333335,
ks-21-6614-specialty-court-set	Print the verdict and the page digests to the log	2026-09-12T04:28:21.8900948Z       "expectedPxPerPt": 3.333333333333333,
ks-21-6614-specialty-court-set	Print the verdict and the page digests to the log	2026-09-12T04:28:21.8901179Z       "pageWidthPt": 612,
ks-21-6614-specialty-court-set	Print the verdict and the page digests to the log	2026-09-12T04:28:21.8901386Z       "pageHeightPt": 792,
ks-21-6614-specialty-court-set	Print the verdict and the page digests to the log	2026-09-12T04:28:21.8901586Z       "expectedPx": {
ks-21-6614-specialty-court-set	Print the verdict and the page digests to the log	2026-09-12T04:28:21.8901945Z         "width": 2039.9999999999998,
ks-21-6614-specialty-court-set	Print the verdict and the page digests to the log	2026-09-12T04:28:21.8902180Z         "height": 2639.9999999999995,
ks-21-6614-specialty-court-set	Print the verdict and the page digests to the log	2026-09-12T04:28:21.8902411Z         "tolerancePx": 6.666666666666666
ks-21-6614-specialty-court-set	Print the verdict and the page digests to the log	2026-09-12T04:28:21.8902617Z       },
ks-21-6614-specialty-court-set	Print the verdict and the page digests to the log	2026-09-12T04:28:21.8902803Z       "calibrationResidualPx": 0,
ks-21-6614-specialty-court-set	Print the verdict and the page digests to the log	2026-09-12T04:28:21.8903151Z       "inkFractionInsidePaper": 0.2734336007130125,
ks-21-6614-specialty-court-set	Print the verdict and the page digests to the log	2026-09-12T04:28:21.8903402Z       "nonblank": true,
ks-21-6614-specialty-court-set	Print the verdict and the page digests to the log	2026-09-12T04:28:21.8903619Z       "croppedToThePage": true
ks-21-6614-specialty-court-set	Print the verdict and the page digests to the log	2026-09-12T04:28:21.8903816Z     },
ks-21-6614-specialty-court-set	Print the verdict and the page digests to the log	2026-09-12T04:28:21.8903970Z     {
ks-21-6614-specialty-court-set	Print the verdict and the page digests to the log	2026-09-12T04:28:21.8904135Z       "kind": "boundary",
ks-21-6614-specialty-court-set	Print the verdict and the page digests to the log	2026-09-12T04:28:21.8904346Z       "document": "boundary.pdf",
ks-21-6614-specialty-court-set	Print the verdict and the page digests to the log	2026-09-12T04:28:21.8904547Z       "page": 8,
ks-21-6614-specialty-court-set	Print the verdict and the page digests to the log	2026-09-12T04:28:21.8904815Z       "png": "ks-21-6614-specialty-court-set/boundary/page-008.png",
ks-21-6614-specialty-court-set	Print the verdict and the page digests to the log	2026-09-12T04:28:21.8905087Z       "bytes": 301425,
ks-21-6614-specialty-court-set	Print the verdict and the page digests to the log	2026-09-12T04:28:21.8905631Z       "pngSha256": "b3bf0ed50b09509d4b9c905f1ce8a84c43c42904ac3e93813ef59e96a7780472",
ks-21-6614-specialty-court-set	Print the verdict and the page digests to the log	2026-09-12T04:28:21.8905972Z       "pngWidth": 2040,
ks-21-6614-specialty-court-set	Print the verdict and the page digests to the log	2026-09-12T04:28:21.8906162Z       "pngHeight": 2640,
ks-21-6614-specialty-court-set	Print the verdict and the page digests to the log	2026-09-12T04:28:21.8906363Z       "paper": {
ks-21-6614-specialty-court-set	Print the verdict and the page digests to the log	2026-09-12T04:28:21.8906536Z         "x0": 204,
ks-21-6614-specialty-court-set	Print the verdict and the page digests to the log	2026-09-12T04:28:21.8906710Z         "y0": 3,
ks-21-6614-specialty-court-set	Print the verdict and the page digests to the log	2026-09-12T04:28:21.8906881Z         "x1": 2243,
ks-21-6614-specialty-court-set	Print the verdict and the page digests to the log	2026-09-12T04:28:21.8907055Z         "y1": 2642,
ks-21-6614-specialty-court-set	Print the verdict and the page digests to the log	2026-09-12T04:28:21.8907236Z         "width": 2040,
ks-21-6614-specialty-court-set	Print the verdict and the page digests to the log	2026-09-12T04:28:21.8907415Z         "height": 2640
ks-21-6614-specialty-court-set	Print the verdict and the page digests to the log	2026-09-12T04:28:21.8907598Z       },
ks-21-6614-specialty-court-set	Print the verdict and the page digests to the log	2026-09-12T04:28:21.8907785Z       "pxPerPt": 3.3333333333333335,
ks-21-6614-specialty-court-set	Print the verdict and the page digests to the log	2026-09-12T04:28:21.8908025Z       "expectedPxPerPt": 3.333333333333333,
ks-21-6614-specialty-court-set	Print the verdict and the page digests to the log	2026-09-12T04:28:21.8908254Z       "pageWidthPt": 612,
ks-21-6614-specialty-court-set	Print the verdict and the page digests to the log	2026-09-12T04:28:21.8908455Z       "pageHeightPt": 792,
ks-21-6614-specialty-court-set	Print the verdict and the page digests to the log	2026-09-12T04:28:21.8908654Z       "expectedPx": {
ks-21-6614-specialty-court-set	Print the verdict and the page digests to the log	2026-09-12T04:28:21.8908868Z         "width": 2039.9999999999998,
ks-21-6614-specialty-court-set	Print the verdict and the page digests to the log	2026-09-12T04:28:21.8909094Z         "height": 2639.9999999999995,
ks-21-6614-specialty-court-set	Print the verdict and the page digests to the log	2026-09-12T04:28:21.8909328Z         "tolerancePx": 6.666666666666666
ks-21-6614-specialty-court-set	Print the verdict and the page digests to the log	2026-09-12T04:28:21.8909538Z       },
ks-21-6614-specialty-court-set	Print the verdict and the page digests to the log	2026-09-12T04:28:21.8909726Z       "calibrationResidualPx": 0,
ks-21-6614-specialty-court-set	Print the verdict and the page digests to the log	2026-09-12T04:28:21.8909989Z       "inkFractionInsidePaper": 0.03508485591206179,
ks-21-6614-specialty-court-set	Print the verdict and the page digests to the log	2026-09-12T04:28:21.8910233Z       "nonblank": true,
ks-21-6614-specialty-court-set	Print the verdict and the page digests to the log	2026-09-12T04:28:21.8910441Z       "croppedToThePage": true
ks-21-6614-specialty-court-set	Print the verdict and the page digests to the log	2026-09-12T04:28:21.8910639Z     },
ks-21-6614-specialty-court-set	Print the verdict and the page digests to the log	2026-09-12T04:28:21.8910798Z     {
ks-21-6614-specialty-court-set	Print the verdict and the page digests to the log	2026-09-12T04:28:21.8910967Z       "kind": "boundary",
ks-21-6614-specialty-court-set	Print the verdict and the page digests to the log	2026-09-12T04:28:21.8911178Z       "document": "boundary.pdf",
ks-21-6614-specialty-court-set	Print the verdict and the page digests to the log	2026-09-12T04:28:21.8911390Z       "page": 9,
ks-21-6614-specialty-court-set	Print the verdict and the page digests to the log	2026-09-12T04:28:21.8911648Z       "png": "ks-21-6614-specialty-court-set/boundary/page-009.png",
ks-21-6614-specialty-court-set	Print the verdict and the page digests to the log	2026-09-12T04:28:21.8911914Z       "bytes": 215712,
ks-21-6614-specialty-court-set	Print the verdict and the page digests to the log	2026-09-12T04:28:21.8912230Z       "pngSha256": "02d707e742856368878e6d5d5c406d1492e24e1c002f6d04cbb1f8e2bacc5f0a",
ks-21-6614-specialty-court-set	Print the verdict and the page digests to the log	2026-09-12T04:28:21.8912549Z       "pngWidth": 2040,
ks-21-6614-specialty-court-set	Print the verdict and the page digests to the log	2026-09-12T04:28:21.8912824Z       "pngHeight": 2640,
ks-21-6614-specialty-court-set	Print the verdict and the page digests to the log	2026-09-12T04:28:21.8913017Z       "paper": {
ks-21-6614-specialty-court-set	Print the verdict and the page digests to the log	2026-09-12T04:28:21.8913197Z         "x0": 204,
ks-21-6614-specialty-court-set	Print the verdict and the page digests to the log	2026-09-12T04:28:21.8913375Z         "y0": 3,
ks-21-6614-specialty-court-set	Print the verdict and the page digests to the log	2026-09-12T04:28:21.8913551Z         "x1": 2243,
ks-21-6614-specialty-court-set	Print the verdict and the page digests to the log	2026-09-12T04:28:21.8913729Z         "y1": 2642,
ks-21-6614-specialty-court-set	Print the verdict and the page digests to the log	2026-09-12T04:28:21.8913919Z         "width": 2040,
ks-21-6614-specialty-court-set	Print the verdict and the page digests to the log	2026-09-12T04:28:21.8914107Z         "height": 2640
ks-21-6614-specialty-court-set	Print the verdict and the page digests to the log	2026-09-12T04:28:21.8914286Z       },
ks-21-6614-specialty-court-set	Print the verdict and the page digests to the log	2026-09-12T04:28:21.8914476Z       "pxPerPt": 3.3333333333333335,
ks-21-6614-specialty-court-set	Print the verdict and the page digests to the log	2026-09-12T04:28:21.8914727Z       "expectedPxPerPt": 3.333333333333333,
ks-21-6614-specialty-court-set	Print the verdict and the page digests to the log	2026-09-12T04:28:21.8914966Z       "pageWidthPt": 612,
ks-21-6614-specialty-court-set	Print the verdict and the page digests to the log	2026-09-12T04:28:21.8915177Z       "pageHeightPt": 792,
ks-21-6614-specialty-court-set	Print the verdict and the page digests to the log	2026-09-12T04:28:21.8915602Z       "expectedPx": {
ks-21-6614-specialty-court-set	Print the verdict and the page digests to the log	2026-09-12T04:28:21.8915814Z         "width": 2039.9999999999998,
ks-21-6614-specialty-court-set	Print the verdict and the page digests to the log	2026-09-12T04:28:21.8916041Z         "height": 2639.9999999999995,
ks-21-6614-specialty-court-set	Print the verdict and the page digests to the log	2026-09-12T04:28:21.8916279Z         "tolerancePx": 6.666666666666666
ks-21-6614-specialty-court-set	Print the verdict and the page digests to the log	2026-09-12T04:28:21.8916490Z       },
ks-21-6614-specialty-court-set	Print the verdict and the page digests to the log	2026-09-12T04:28:21.8916686Z       "calibrationResidualPx": 0,
ks-21-6614-specialty-court-set	Print the verdict and the page digests to the log	2026-09-12T04:28:21.8916960Z       "inkFractionInsidePaper": 0.04415515448603684,
ks-21-6614-specialty-court-set	Print the verdict and the page digests to the log	2026-09-12T04:28:21.8917206Z       "nonblank": true,
ks-21-6614-specialty-court-set	Print the verdict and the page digests to the log	2026-09-12T04:28:21.8917413Z       "croppedToThePage": true
ks-21-6614-specialty-court-set	Print the verdict and the page digests to the log	2026-09-12T04:28:21.8917610Z     },
ks-21-6614-specialty-court-set	Print the verdict and the page digests to the log	2026-09-12T04:28:21.8917770Z     {
ks-21-6614-specialty-court-set	Print the verdict and the page digests to the log	2026-09-12T04:28:21.8917943Z       "kind": "boundary",
ks-21-6614-specialty-court-set	Print the verdict and the page digests to the log	2026-09-12T04:28:21.8918155Z       "document": "boundary.pdf",
ks-21-6614-specialty-court-set	Print the verdict and the page digests to the log	2026-09-12T04:28:21.8918360Z       "page": 10,
ks-21-6614-specialty-court-set	Print the verdict and the page digests to the log	2026-09-12T04:28:21.8918618Z       "png": "ks-21-6614-specialty-court-set/boundary/page-010.png",
ks-21-6614-specialty-court-set	Print the verdict and the page digests to the log	2026-09-12T04:28:21.8918948Z       "bytes": 323671,
ks-21-6614-specialty-court-set	Print the verdict and the page digests to the log	2026-09-12T04:28:21.8919273Z       "pngSha256": "ace8c605b1cf7c39bd04bf2491724adf984a36cf232ed0acd41c230992db1208",
ks-21-6614-specialty-court-set	Print the verdict and the page digests to the log	2026-09-12T04:28:21.8919609Z       "pngWidth": 2040,
ks-21-6614-specialty-court-set	Print the verdict and the page digests to the log	2026-09-12T04:28:21.8919798Z       "pngHeight": 2640,
ks-21-6614-specialty-court-set	Print the verdict and the page digests to the log	2026-09-12T04:28:21.8919991Z       "paper": {
ks-21-6614-specialty-court-set	Print the verdict and the page digests to the log	2026-09-12T04:28:21.8920170Z         "x0": 204,
ks-21-6614-specialty-court-set	Print the verdict and the page digests to the log	2026-09-12T04:28:21.8920347Z         "y0": 3,
ks-21-6614-specialty-court-set	Print the verdict and the page digests to the log	2026-09-12T04:28:21.8920522Z         "x1": 2243,
ks-21-6614-specialty-court-set	Print the verdict and the page digests to the log	2026-09-12T04:28:21.8920706Z         "y1": 2642,
ks-21-6614-specialty-court-set	Print the verdict and the page digests to the log	2026-09-12T04:28:21.8920880Z         "width": 2040,
ks-21-6614-specialty-court-set	Print the verdict and the page digests to the log	2026-09-12T04:28:21.8921061Z         "height": 2640
ks-21-6614-specialty-court-set	Print the verdict and the page digests to the log	2026-09-12T04:28:21.8921234Z       },
ks-21-6614-specialty-court-set	Print the verdict and the page digests to the log	2026-09-12T04:28:21.8921419Z       "pxPerPt": 3.3333333333333335,
ks-21-6614-specialty-court-set	Print the verdict and the page digests to the log	2026-09-12T04:28:21.8921660Z       "expectedPxPerPt": 3.333333333333333,
ks-21-6614-specialty-court-set	Print the verdict and the page digests to the log	2026-09-12T04:28:21.8921899Z       "pageWidthPt": 612,
ks-21-6614-specialty-court-set	Print the verdict and the page digests to the log	2026-09-12T04:28:21.8922097Z       "pageHeightPt": 792,
ks-21-6614-specialty-court-set	Print the verdict and the page digests to the log	2026-09-12T04:28:21.8922296Z       "expectedPx": {
ks-21-6614-specialty-court-set	Print the verdict and the page digests to the log	2026-09-12T04:28:21.8922497Z         "width": 2039.9999999999998,
ks-21-6614-specialty-court-set	Print the verdict and the page digests to the log	2026-09-12T04:28:21.8922721Z         "height": 2639.9999999999995,
ks-21-6614-specialty-court-set	Print the verdict and the page digests to the log	2026-09-12T04:28:21.8922951Z         "tolerancePx": 6.666666666666666
ks-21-6614-specialty-court-set	Print the verdict and the page digests to the log	2026-09-12T04:28:21.8923165Z       },
ks-21-6614-specialty-court-set	Print the verdict and the page digests to the log	2026-09-12T04:28:21.8923350Z       "calibrationResidualPx": 0,
ks-21-6614-specialty-court-set	Print the verdict and the page digests to the log	2026-09-12T04:28:21.8923608Z       "inkFractionInsidePaper": 0.033017676767676765,
ks-21-6614-specialty-court-set	Print the verdict and the page digests to the log	2026-09-12T04:28:21.8923849Z       "nonblank": true,
ks-21-6614-specialty-court-set	Print the verdict and the page digests to the log	2026-09-12T04:28:21.8924054Z       "croppedToThePage": true
ks-21-6614-specialty-court-set	Print the verdict and the page digests to the log	2026-09-12T04:28:21.8924246Z     },
ks-21-6614-specialty-court-set	Print the verdict and the page digests to the log	2026-09-12T04:28:21.8924413Z     {
ks-21-6614-specialty-court-set	Print the verdict and the page digests to the log	2026-09-12T04:28:21.8924576Z       "kind": "boundary",
ks-21-6614-specialty-court-set	Print the verdict and the page digests to the log	2026-09-12T04:28:21.8924787Z       "document": "boundary.pdf",
ks-21-6614-specialty-court-set	Print the verdict and the page digests to the log	2026-09-12T04:28:21.8924990Z       "page": 11,
ks-21-6614-specialty-court-set	Print the verdict and the page digests to the log	2026-09-12T04:28:21.8925249Z       "png": "ks-21-6614-specialty-court-set/boundary/page-011.png",
ks-21-6614-specialty-court-set	Print the verdict and the page digests to the log	2026-09-12T04:28:21.8926068Z       "bytes": 319223,
ks-21-6614-specialty-court-set	Print the verdict and the page digests to the log	2026-09-12T04:28:21.8926415Z       "pngSha256": "97f243a8ea966b1ae2885410b3ba6954d6890c87af836faf786ac111411a0bbd",
ks-21-6614-specialty-court-set	Print the verdict and the page digests to the log	2026-09-12T04:28:21.8926738Z       "pngWidth": 2040,
ks-21-6614-specialty-court-set	Print the verdict and the page digests to the log	2026-09-12T04:28:21.8926930Z       "pngHeight": 2640,
ks-21-6614-specialty-court-set	Print the verdict and the page digests to the log	2026-09-12T04:28:21.8927129Z       "paper": {
ks-21-6614-specialty-court-set	Print the verdict and the page digests to the log	2026-09-12T04:28:21.8927302Z         "x0": 204,
ks-21-6614-specialty-court-set	Print the verdict and the page digests to the log	2026-09-12T04:28:21.8927480Z         "y0": 3,
ks-21-6614-specialty-court-set	Print the verdict and the page digests to the log	2026-09-12T04:28:21.8927648Z         "x1": 2243,
ks-21-6614-specialty-court-set	Print the verdict and the page digests to the log	2026-09-12T04:28:21.8927821Z         "y1": 2642,
ks-21-6614-specialty-court-set	Print the verdict and the page digests to the log	2026-09-12T04:28:21.8927995Z         "width": 2040,
ks-21-6614-specialty-court-set	Print the verdict and the page digests to the log	2026-09-12T04:28:21.8928172Z         "height": 2640
ks-21-6614-specialty-court-set	Print the verdict and the page digests to the log	2026-09-12T04:28:21.8928345Z       },
ks-21-6614-specialty-court-set	Print the verdict and the page digests to the log	2026-09-12T04:28:21.8928528Z       "pxPerPt": 3.3333333333333335,
ks-21-6614-specialty-court-set	Print the verdict and the page digests to the log	2026-09-12T04:28:21.8928914Z       "expectedPxPerPt": 3.333333333333333,
ks-21-6614-specialty-court-set	Print the verdict and the page digests to the log	2026-09-12T04:28:21.8929156Z       "pageWidthPt": 612,
ks-21-6614-specialty-court-set	Print the verdict and the page digests to the log	2026-09-12T04:28:21.8929362Z       "pageHeightPt": 792,
ks-21-6614-specialty-court-set	Print the verdict and the page digests to the log	2026-09-12T04:28:21.8929570Z       "expectedPx": {
ks-21-6614-specialty-court-set	Print the verdict and the page digests to the log	2026-09-12T04:28:21.8929780Z         "width": 2039.9999999999998,
ks-21-6614-specialty-court-set	Print the verdict and the page digests to the log	2026-09-12T04:28:21.8930016Z         "height": 2639.9999999999995,
ks-21-6614-specialty-court-set	Print the verdict and the page digests to the log	2026-09-12T04:28:21.8930252Z         "tolerancePx": 6.666666666666666
ks-21-6614-specialty-court-set	Print the verdict and the page digests to the log	2026-09-12T04:28:21.8930458Z       },
ks-21-6614-specialty-court-set	Print the verdict and the page digests to the log	2026-09-12T04:28:21.8930570Z       "calibrationResidualPx": 0,
ks-21-6614-specialty-court-set	Print the verdict and the page digests to the log	2026-09-12T04:28:21.8930700Z       "inkFractionInsidePaper": 0.03508559863339275,
ks-21-6614-specialty-court-set	Print the verdict and the page digests to the log	2026-09-12T04:28:21.8930793Z       "nonblank": true,
ks-21-6614-specialty-court-set	Print the verdict and the page digests to the log	2026-09-12T04:28:21.8930892Z       "croppedToThePage": true
ks-21-6614-specialty-court-set	Print the verdict and the page digests to the log	2026-09-12T04:28:21.8930969Z     },
ks-21-6614-specialty-court-set	Print the verdict and the page digests to the log	2026-09-12T04:28:21.8931045Z     {
ks-21-6614-specialty-court-set	Print the verdict and the page digests to the log	2026-09-12T04:28:21.8931124Z       "kind": "boundary",
ks-21-6614-specialty-court-set	Print the verdict and the page digests to the log	2026-09-12T04:28:21.8931230Z       "document": "boundary.pdf",
ks-21-6614-specialty-court-set	Print the verdict and the page digests to the log	2026-09-12T04:28:21.8931312Z       "page": 12,
ks-21-6614-specialty-court-set	Print the verdict and the page digests to the log	2026-09-12T04:28:21.8931470Z       "png": "ks-21-6614-specialty-court-set/boundary/page-012.png",
ks-21-6614-specialty-court-set	Print the verdict and the page digests to the log	2026-09-12T04:28:21.8931553Z       "bytes": 362031,
ks-21-6614-specialty-court-set	Print the verdict and the page digests to the log	2026-09-12T04:28:21.8931774Z       "pngSha256": "bec2aa8b35f69325b4570902a21a323f295af4b2210897efa89b964fbe35bdd3",
ks-21-6614-specialty-court-set	Print the verdict and the page digests to the log	2026-09-12T04:28:21.8931854Z       "pngWidth": 2040,
ks-21-6614-specialty-court-set	Print the verdict and the page digests to the log	2026-09-12T04:28:21.8931937Z       "pngHeight": 2640,
ks-21-6614-specialty-court-set	Print the verdict and the page digests to the log	2026-09-12T04:28:21.8932010Z       "paper": {
ks-21-6614-specialty-court-set	Print the verdict and the page digests to the log	2026-09-12T04:28:21.8932089Z         "x0": 204,
ks-21-6614-specialty-court-set	Print the verdict and the page digests to the log	2026-09-12T04:28:21.8932165Z         "y0": 3,
ks-21-6614-specialty-court-set	Print the verdict and the page digests to the log	2026-09-12T04:28:21.8932237Z         "x1": 2243,
ks-21-6614-specialty-court-set	Print the verdict and the page digests to the log	2026-09-12T04:28:21.8932316Z         "y1": 2642,
ks-21-6614-specialty-court-set	Print the verdict and the page digests to the log	2026-09-12T04:28:21.8932450Z         "width": 2040,
ks-21-6614-specialty-court-set	Print the verdict and the page digests to the log	2026-09-12T04:28:21.8932525Z         "height": 2640
ks-21-6614-specialty-court-set	Print the verdict and the page digests to the log	2026-09-12T04:28:21.8932599Z       },
ks-21-6614-specialty-court-set	Print the verdict and the page digests to the log	2026-09-12T04:28:21.8932703Z       "pxPerPt": 3.3333333333333335,
ks-21-6614-specialty-court-set	Print the verdict and the page digests to the log	2026-09-12T04:28:21.8932809Z       "expectedPxPerPt": 3.333333333333333,
ks-21-6614-specialty-court-set	Print the verdict and the page digests to the log	2026-09-12T04:28:21.8932895Z       "pageWidthPt": 612,
ks-21-6614-specialty-court-set	Print the verdict and the page digests to the log	2026-09-12T04:28:21.8932975Z       "pageHeightPt": 792,
ks-21-6614-specialty-court-set	Print the verdict and the page digests to the log	2026-09-12T04:28:21.8933057Z       "expectedPx": {
ks-21-6614-specialty-court-set	Print the verdict and the page digests to the log	2026-09-12T04:28:21.8933157Z         "width": 2039.9999999999998,
ks-21-6614-specialty-court-set	Print the verdict and the page digests to the log	2026-09-12T04:28:21.8933254Z         "height": 2639.9999999999995,
ks-21-6614-specialty-court-set	Print the verdict and the page digests to the log	2026-09-12T04:28:21.8933360Z         "tolerancePx": 6.666666666666666
ks-21-6614-specialty-court-set	Print the verdict and the page digests to the log	2026-09-12T04:28:21.8933437Z       },
ks-21-6614-specialty-court-set	Print the verdict and the page digests to the log	2026-09-12T04:28:21.8933538Z       "calibrationResidualPx": 0,
ks-21-6614-specialty-court-set	Print the verdict and the page digests to the log	2026-09-12T04:28:21.8933675Z       "inkFractionInsidePaper": 0.03920194592988711,
ks-21-6614-specialty-court-set	Print the verdict and the page digests to the log	2026-09-12T04:28:21.8933759Z       "nonblank": true,
ks-21-6614-specialty-court-set	Print the verdict and the page digests to the log	2026-09-12T04:28:21.8933856Z       "croppedToThePage": true
ks-21-6614-specialty-court-set	Print the verdict and the page digests to the log	2026-09-12T04:28:21.8933931Z     },
ks-21-6614-specialty-court-set	Print the verdict and the page digests to the log	2026-09-12T04:28:21.8933999Z     {
ks-21-6614-specialty-court-set	Print the verdict and the page digests to the log	2026-09-12T04:28:21.8934085Z       "kind": "boundary",
ks-21-6614-specialty-court-set	Print the verdict and the page digests to the log	2026-09-12T04:28:21.8934186Z       "document": "boundary.pdf",
ks-21-6614-specialty-court-set	Print the verdict and the page digests to the log	2026-09-12T04:28:21.8934259Z       "page": 13,
ks-21-6614-specialty-court-set	Print the verdict and the page digests to the log	2026-09-12T04:28:21.8934423Z       "png": "ks-21-6614-specialty-court-set/boundary/page-013.png",
ks-21-6614-specialty-court-set	Print the verdict and the page digests to the log	2026-09-12T04:28:21.8934504Z       "bytes": 292762,
ks-21-6614-specialty-court-set	Print the verdict and the page digests to the log	2026-09-12T04:28:21.8934715Z       "pngSha256": "9b76c2c68e55dc7d05a69aa20d6e2c1434900621869295c8ef7a8f30b1e24f4e",
ks-21-6614-specialty-court-set	Print the verdict and the page digests to the log	2026-09-12T04:28:21.8934800Z       "pngWidth": 2040,
ks-21-6614-specialty-court-set	Print the verdict and the page digests to the log	2026-09-12T04:28:21.8934889Z       "pngHeight": 2640,
ks-21-6614-specialty-court-set	Print the verdict and the page digests to the log	2026-09-12T04:28:21.8934962Z       "paper": {
ks-21-6614-specialty-court-set	Print the verdict and the page digests to the log	2026-09-12T04:28:21.8935039Z         "x0": 204,
ks-21-6614-specialty-court-set	Print the verdict and the page digests to the log	2026-09-12T04:28:21.8935117Z         "y0": 3,
ks-21-6614-specialty-court-set	Print the verdict and the page digests to the log	2026-09-12T04:28:21.8935189Z         "x1": 2243,
ks-21-6614-specialty-court-set	Print the verdict and the page digests to the log	2026-09-12T04:28:21.8935379Z         "y1": 2642,
ks-21-6614-specialty-court-set	Print the verdict and the page digests to the log	2026-09-12T04:28:21.8935603Z         "width": 2040,
ks-21-6614-specialty-court-set	Print the verdict and the page digests to the log	2026-09-12T04:28:21.8935691Z         "height": 2640
ks-21-6614-specialty-court-set	Print the verdict and the page digests to the log	2026-09-12T04:28:21.8935770Z       },
ks-21-6614-specialty-court-set	Print the verdict and the page digests to the log	2026-09-12T04:28:21.8935866Z       "pxPerPt": 3.3333333333333335,
ks-21-6614-specialty-court-set	Print the verdict and the page digests to the log	2026-09-12T04:28:21.8935982Z       "expectedPxPerPt": 3.333333333333333,
ks-21-6614-specialty-court-set	Print the verdict and the page digests to the log	2026-09-12T04:28:21.8936075Z       "pageWidthPt": 612,
ks-21-6614-specialty-court-set	Print the verdict and the page digests to the log	2026-09-12T04:28:21.8936155Z       "pageHeightPt": 792,
ks-21-6614-specialty-court-set	Print the verdict and the page digests to the log	2026-09-12T04:28:21.8936241Z       "expectedPx": {
ks-21-6614-specialty-court-set	Print the verdict and the page digests to the log	2026-09-12T04:28:21.8936342Z         "width": 2039.9999999999998,
ks-21-6614-specialty-court-set	Print the verdict and the page digests to the log	2026-09-12T04:28:21.8936436Z         "height": 2639.9999999999995,
ks-21-6614-specialty-court-set	Print the verdict and the page digests to the log	2026-09-12T04:28:21.8936545Z         "tolerancePx": 6.666666666666666
ks-21-6614-specialty-court-set	Print the verdict and the page digests to the log	2026-09-12T04:28:21.8936614Z       },
ks-21-6614-specialty-court-set	Print the verdict and the page digests to the log	2026-09-12T04:28:21.8936729Z       "calibrationResidualPx": 0,
ks-21-6614-specialty-court-set	Print the verdict and the page digests to the log	2026-09-12T04:28:21.8936923Z       "inkFractionInsidePaper": 0.033933637849079025,
ks-21-6614-specialty-court-set	Print the verdict and the page digests to the log	2026-09-12T04:28:21.8937004Z       "nonblank": true,
ks-21-6614-specialty-court-set	Print the verdict and the page digests to the log	2026-09-12T04:28:21.8937109Z       "croppedToThePage": true
ks-21-6614-specialty-court-set	Print the verdict and the page digests to the log	2026-09-12T04:28:21.8937183Z     },
ks-21-6614-specialty-court-set	Print the verdict and the page digests to the log	2026-09-12T04:28:21.8937250Z     {
ks-21-6614-specialty-court-set	Print the verdict and the page digests to the log	2026-09-12T04:28:21.8937337Z       "kind": "boundary",
ks-21-6614-specialty-court-set	Print the verdict and the page digests to the log	2026-09-12T04:28:21.8937440Z       "document": "boundary.pdf",
ks-21-6614-specialty-court-set	Print the verdict and the page digests to the log	2026-09-12T04:28:21.8937514Z       "page": 14,
ks-21-6614-specialty-court-set	Print the verdict and the page digests to the log	2026-09-12T04:28:21.8937678Z       "png": "ks-21-6614-specialty-court-set/boundary/page-014.png",
ks-21-6614-specialty-court-set	Print the verdict and the page digests to the log	2026-09-12T04:28:21.8937755Z       "bytes": 258759,
ks-21-6614-specialty-court-set	Print the verdict and the page digests to the log	2026-09-12T04:28:21.8937988Z       "pngSha256": "1a9becbebb54299ffb2e6a2f3513d265bdb2d83ec34e9ada8bf9a917f8e593b2",
ks-21-6614-specialty-court-set	Print the verdict and the page digests to the log	2026-09-12T04:28:21.8938072Z       "pngWidth": 2040,
ks-21-6614-specialty-court-set	Print the verdict and the page digests to the log	2026-09-12T04:28:21.8938151Z       "pngHeight": 2640,
ks-21-6614-specialty-court-set	Print the verdict and the page digests to the log	2026-09-12T04:28:21.8938233Z       "paper": {
ks-21-6614-specialty-court-set	Print the verdict and the page digests to the log	2026-09-12T04:28:21.8938316Z         "x0": 204,
ks-21-6614-specialty-court-set	Print the verdict and the page digests to the log	2026-09-12T04:28:21.8938389Z         "y0": 3,
ks-21-6614-specialty-court-set	Print the verdict and the page digests to the log	2026-09-12T04:28:21.8938470Z         "x1": 2243,
ks-21-6614-specialty-court-set	Print the verdict and the page digests to the log	2026-09-12T04:28:21.8938554Z         "y1": 2642,
ks-21-6614-specialty-court-set	Print the verdict and the page digests to the log	2026-09-12T04:28:21.8938628Z         "width": 2040,
ks-21-6614-specialty-court-set	Print the verdict and the page digests to the log	2026-09-12T04:28:21.8938706Z         "height": 2640
ks-21-6614-specialty-court-set	Print the verdict and the page digests to the log	2026-09-12T04:28:21.8938775Z       },
ks-21-6614-specialty-court-set	Print the verdict and the page digests to the log	2026-09-12T04:28:21.8938875Z       "pxPerPt": 3.3333333333333335,
ks-21-6614-specialty-court-set	Print the verdict and the page digests to the log	2026-09-12T04:28:21.8938985Z       "expectedPxPerPt": 3.333333333333333,
ks-21-6614-specialty-court-set	Print the verdict and the page digests to the log	2026-09-12T04:28:21.8939066Z       "pageWidthPt": 612,
ks-21-6614-specialty-court-set	Print the verdict and the page digests to the log	2026-09-12T04:28:21.8939153Z       "pageHeightPt": 792,
ks-21-6614-specialty-court-set	Print the verdict and the page digests to the log	2026-09-12T04:28:21.8939237Z       "expectedPx": {
ks-21-6614-specialty-court-set	Print the verdict and the page digests to the log	2026-09-12T04:28:21.8939330Z         "width": 2039.9999999999998,
ks-21-6614-specialty-court-set	Print the verdict and the page digests to the log	2026-09-12T04:28:21.8939478Z         "height": 2639.9999999999995,
ks-21-6614-specialty-court-set	Print the verdict and the page digests to the log	2026-09-12T04:28:21.8939582Z         "tolerancePx": 6.666666666666666
ks-21-6614-specialty-court-set	Print the verdict and the page digests to the log	2026-09-12T04:28:21.8939649Z       },
ks-21-6614-specialty-court-set	Print the verdict and the page digests to the log	2026-09-12T04:28:21.8939755Z       "calibrationResidualPx": 0,
ks-21-6614-specialty-court-set	Print the verdict and the page digests to the log	2026-09-12T04:28:21.8939889Z       "inkFractionInsidePaper": 0.022043969102792632,
ks-21-6614-specialty-court-set	Print the verdict and the page digests to the log	2026-09-12T04:28:21.8939966Z       "nonblank": true,
ks-21-6614-specialty-court-set	Print the verdict and the page digests to the log	2026-09-12T04:28:21.8940068Z       "croppedToThePage": true
ks-21-6614-specialty-court-set	Print the verdict and the page digests to the log	2026-09-12T04:28:21.8940134Z     },
ks-21-6614-specialty-court-set	Print the verdict and the page digests to the log	2026-09-12T04:28:21.8940212Z     {
ks-21-6614-specialty-court-set	Print the verdict and the page digests to the log	2026-09-12T04:28:21.8940296Z       "kind": "boundary",
ks-21-6614-specialty-court-set	Print the verdict and the page digests to the log	2026-09-12T04:28:21.8940390Z       "document": "boundary.pdf",
ks-21-6614-specialty-court-set	Print the verdict and the page digests to the log	2026-09-12T04:28:21.8940470Z       "page": 15,
ks-21-6614-specialty-court-set	Print the verdict and the page digests to the log	2026-09-12T04:28:21.8940632Z       "png": "ks-21-6614-specialty-court-set/boundary/page-015.png",
ks-21-6614-specialty-court-set	Print the verdict and the page digests to the log	2026-09-12T04:28:21.8940706Z       "bytes": 306327,
ks-21-6614-specialty-court-set	Print the verdict and the page digests to the log	2026-09-12T04:28:21.8940925Z       "pngSha256": "3ef7cc05d9e77550b7674c078fbd007955bd92a4b915bb24727fb3206f1d161e",
ks-21-6614-specialty-court-set	Print the verdict and the page digests to the log	2026-09-12T04:28:21.8941010Z       "pngWidth": 2040,
ks-21-6614-specialty-court-set	Print the verdict and the page digests to the log	2026-09-12T04:28:21.8941088Z       "pngHeight": 2640,
ks-21-6614-specialty-court-set	Print the verdict and the page digests to the log	2026-09-12T04:28:21.8941169Z       "paper": {
ks-21-6614-specialty-court-set	Print the verdict and the page digests to the log	2026-09-12T04:28:21.8941241Z         "x0": 204,
ks-21-6614-specialty-court-set	Print the verdict and the page digests to the log	2026-09-12T04:28:21.8941318Z         "y0": 3,
ks-21-6614-specialty-court-set	Print the verdict and the page digests to the log	2026-09-12T04:28:21.8941397Z         "x1": 2243,
ks-21-6614-specialty-court-set	Print the verdict and the page digests to the log	2026-09-12T04:28:21.8941467Z         "y1": 2642,
ks-21-6614-specialty-court-set	Print the verdict and the page digests to the log	2026-09-12T04:28:21.8941550Z         "width": 2040,
ks-21-6614-specialty-court-set	Print the verdict and the page digests to the log	2026-09-12T04:28:21.8941631Z         "height": 2640
ks-21-6614-specialty-court-set	Print the verdict and the page digests to the log	2026-09-12T04:28:21.8941700Z       },
ks-21-6614-specialty-court-set	Print the verdict and the page digests to the log	2026-09-12T04:28:21.8941802Z       "pxPerPt": 3.3333333333333335,
ks-21-6614-specialty-court-set	Print the verdict and the page digests to the log	2026-09-12T04:28:21.8941917Z       "expectedPxPerPt": 3.333333333333333,
ks-21-6614-specialty-court-set	Print the verdict and the page digests to the log	2026-09-12T04:28:21.8941998Z       "pageWidthPt": 612,
ks-21-6614-specialty-court-set	Print the verdict and the page digests to the log	2026-09-12T04:28:21.8942086Z       "pageHeightPt": 792,
ks-21-6614-specialty-court-set	Print the verdict and the page digests to the log	2026-09-12T04:28:21.8942162Z       "expectedPx": {
ks-21-6614-specialty-court-set	Print the verdict and the page digests to the log	2026-09-12T04:28:21.8942263Z         "width": 2039.9999999999998,
ks-21-6614-specialty-court-set	Print the verdict and the page digests to the log	2026-09-12T04:28:21.8942364Z         "height": 2639.9999999999995,
ks-21-6614-specialty-court-set	Print the verdict and the page digests to the log	2026-09-12T04:28:21.8942463Z         "tolerancePx": 6.666666666666666
ks-21-6614-specialty-court-set	Print the verdict and the page digests to the log	2026-09-12T04:28:21.8942539Z       },
ks-21-6614-specialty-court-set	Print the verdict and the page digests to the log	2026-09-12T04:28:21.8942646Z       "calibrationResidualPx": 0,
ks-21-6614-specialty-court-set	Print the verdict and the page digests to the log	2026-09-12T04:28:21.8942771Z       "inkFractionInsidePaper": 0.034307969399881164,
ks-21-6614-specialty-court-set	Print the verdict and the page digests to the log	2026-09-12T04:28:21.8942859Z       "nonblank": true,
ks-21-6614-specialty-court-set	Print the verdict and the page digests to the log	2026-09-12T04:28:21.8942964Z       "croppedToThePage": true
ks-21-6614-specialty-court-set	Print the verdict and the page digests to the log	2026-09-12T04:28:21.8943032Z     },
ks-21-6614-specialty-court-set	Print the verdict and the page digests to the log	2026-09-12T04:28:21.8943108Z     {
ks-21-6614-specialty-court-set	Print the verdict and the page digests to the log	2026-09-12T04:28:21.8943185Z       "kind": "boundary",
ks-21-6614-specialty-court-set	Print the verdict and the page digests to the log	2026-09-12T04:28:21.8943289Z       "document": "boundary.pdf",
ks-21-6614-specialty-court-set	Print the verdict and the page digests to the log	2026-09-12T04:28:21.8943369Z       "page": 16,
ks-21-6614-specialty-court-set	Print the verdict and the page digests to the log	2026-09-12T04:28:21.8943524Z       "png": "ks-21-6614-specialty-court-set/boundary/page-016.png",
ks-21-6614-specialty-court-set	Print the verdict and the page digests to the log	2026-09-12T04:28:21.8943654Z       "bytes": 244306,
ks-21-6614-specialty-court-set	Print the verdict and the page digests to the log	2026-09-12T04:28:21.8943873Z       "pngSha256": "9b300311c9f888e53681fcd9509cf51f932148596e44a30d3c7153ca9d813e37",
ks-21-6614-specialty-court-set	Print the verdict and the page digests to the log	2026-09-12T04:28:21.8943953Z       "pngWidth": 2040,
ks-21-6614-specialty-court-set	Print the verdict and the page digests to the log	2026-09-12T04:28:21.8944042Z       "pngHeight": 2640,
ks-21-6614-specialty-court-set	Print the verdict and the page digests to the log	2026-09-12T04:28:21.8944119Z       "paper": {
ks-21-6614-specialty-court-set	Print the verdict and the page digests to the log	2026-09-12T04:28:21.8944192Z         "x0": 204,
ks-21-6614-specialty-court-set	Print the verdict and the page digests to the log	2026-09-12T04:28:21.8944271Z         "y0": 3,
ks-21-6614-specialty-court-set	Print the verdict and the page digests to the log	2026-09-12T04:28:21.8944350Z         "x1": 2243,
ks-21-6614-specialty-court-set	Print the verdict and the page digests to the log	2026-09-12T04:28:21.8944421Z         "y1": 2642,
ks-21-6614-specialty-court-set	Print the verdict and the page digests to the log	2026-09-12T04:28:21.8944508Z         "width": 2040,
ks-21-6614-specialty-court-set	Print the verdict and the page digests to the log	2026-09-12T04:28:21.8944582Z         "height": 2640
ks-21-6614-specialty-court-set	Print the verdict and the page digests to the log	2026-09-12T04:28:21.8944660Z       },
ks-21-6614-specialty-court-set	Print the verdict and the page digests to the log	2026-09-12T04:28:21.8944763Z       "pxPerPt": 3.3333333333333335,
ks-21-6614-specialty-court-set	Print the verdict and the page digests to the log	2026-09-12T04:28:21.8944867Z       "expectedPxPerPt": 3.333333333333333,
ks-21-6614-specialty-court-set	Print the verdict and the page digests to the log	2026-09-12T04:28:21.8944956Z       "pageWidthPt": 612,
ks-21-6614-specialty-court-set	Print the verdict and the page digests to the log	2026-09-12T04:28:21.8945044Z       "pageHeightPt": 792,
ks-21-6614-specialty-court-set	Print the verdict and the page digests to the log	2026-09-12T04:28:21.8945119Z       "expectedPx": {
ks-21-6614-specialty-court-set	Print the verdict and the page digests to the log	2026-09-12T04:28:21.8945219Z         "width": 2039.9999999999998,
ks-21-6614-specialty-court-set	Print the verdict and the page digests to the log	2026-09-12T04:28:21.8945546Z         "height": 2639.9999999999995,
ks-21-6614-specialty-court-set	Print the verdict and the page digests to the log	2026-09-12T04:28:21.8945664Z         "tolerancePx": 6.666666666666666
ks-21-6614-specialty-court-set	Print the verdict and the page digests to the log	2026-09-12T04:28:21.8945742Z       },
ks-21-6614-specialty-court-set	Print the verdict and the page digests to the log	2026-09-12T04:28:21.8945846Z       "calibrationResidualPx": 0,
ks-21-6614-specialty-court-set	Print the verdict and the page digests to the log	2026-09-12T04:28:21.8945981Z       "inkFractionInsidePaper": 0.0249691770647653,
ks-21-6614-specialty-court-set	Print the verdict and the page digests to the log	2026-09-12T04:28:21.8946067Z       "nonblank": true,
ks-21-6614-specialty-court-set	Print the verdict and the page digests to the log	2026-09-12T04:28:21.8946165Z       "croppedToThePage": true
ks-21-6614-specialty-court-set	Print the verdict and the page digests to the log	2026-09-12T04:28:21.8946241Z     },
ks-21-6614-specialty-court-set	Print the verdict and the page digests to the log	2026-09-12T04:28:21.8946318Z     {
ks-21-6614-specialty-court-set	Print the verdict and the page digests to the log	2026-09-12T04:28:21.8946396Z       "kind": "boundary",
ks-21-6614-specialty-court-set	Print the verdict and the page digests to the log	2026-09-12T04:28:21.8946562Z       "document": "boundary.pdf",
ks-21-6614-specialty-court-set	Print the verdict and the page digests to the log	2026-09-12T04:28:21.8946644Z       "page": 17,
ks-21-6614-specialty-court-set	Print the verdict and the page digests to the log	2026-09-12T04:28:21.8946804Z       "png": "ks-21-6614-specialty-court-set/boundary/page-017.png",
ks-21-6614-specialty-court-set	Print the verdict and the page digests to the log	2026-09-12T04:28:21.8946885Z       "bytes": 100792,
ks-21-6614-specialty-court-set	Print the verdict and the page digests to the log	2026-09-12T04:28:21.8947092Z       "pngSha256": "168e8f82815a8a8d5279aa38783d289eef45a1f506c052e6994195246e0c1c50",
ks-21-6614-specialty-court-set	Print the verdict and the page digests to the log	2026-09-12T04:28:21.8947176Z       "pngWidth": 2040,
ks-21-6614-specialty-court-set	Print the verdict and the page digests to the log	2026-09-12T04:28:21.8947265Z       "pngHeight": 2640,
ks-21-6614-specialty-court-set	Print the verdict and the page digests to the log	2026-09-12T04:28:21.8947338Z       "paper": {
ks-21-6614-specialty-court-set	Print the verdict and the page digests to the log	2026-09-12T04:28:21.8947418Z         "x0": 204,
ks-21-6614-specialty-court-set	Print the verdict and the page digests to the log	2026-09-12T04:28:21.8947494Z         "y0": 3,
ks-21-6614-specialty-court-set	Print the verdict and the page digests to the log	2026-09-12T04:28:21.8947564Z         "x1": 2243,
ks-21-6614-specialty-court-set	Print the verdict and the page digests to the log	2026-09-12T04:28:21.8947642Z         "y1": 2642,
ks-21-6614-specialty-court-set	Print the verdict and the page digests to the log	2026-09-12T04:28:21.8947723Z         "width": 2040,
ks-21-6614-specialty-court-set	Print the verdict and the page digests to the log	2026-09-12T04:28:21.8947799Z         "height": 2640
ks-21-6614-specialty-court-set	Print the verdict and the page digests to the log	2026-09-12T04:28:21.8947874Z       },
ks-21-6614-specialty-court-set	Print the verdict and the page digests to the log	2026-09-12T04:28:21.8947968Z       "pxPerPt": 3.3333333333333335,
ks-21-6614-specialty-court-set	Print the verdict and the page digests to the log	2026-09-12T04:28:21.8948077Z       "expectedPxPerPt": 3.333333333333333,
ks-21-6614-specialty-court-set	Print the verdict and the page digests to the log	2026-09-12T04:28:21.8948168Z       "pageWidthPt": 612,
ks-21-6614-specialty-court-set	Print the verdict and the page digests to the log	2026-09-12T04:28:21.8948248Z       "pageHeightPt": 792,
ks-21-6614-specialty-court-set	Print the verdict and the page digests to the log	2026-09-12T04:28:21.8948332Z       "expectedPx": {
ks-21-6614-specialty-court-set	Print the verdict and the page digests to the log	2026-09-12T04:28:21.8948429Z         "width": 2039.9999999999998,
ks-21-6614-specialty-court-set	Print the verdict and the page digests to the log	2026-09-12T04:28:21.8948521Z         "height": 2639.9999999999995,
ks-21-6614-specialty-court-set	Print the verdict and the page digests to the log	2026-09-12T04:28:21.8948628Z         "tolerancePx": 6.666666666666666
ks-21-6614-specialty-court-set	Print the verdict and the page digests to the log	2026-09-12T04:28:21.8948701Z       },
ks-21-6614-specialty-court-set	Print the verdict and the page digests to the log	2026-09-12T04:28:21.8948800Z       "calibrationResidualPx": 0,
ks-21-6614-specialty-court-set	Print the verdict and the page digests to the log	2026-09-12T04:28:21.8948940Z       "inkFractionInsidePaper": 0.006580696672608437,
ks-21-6614-specialty-court-set	Print the verdict and the page digests to the log	2026-09-12T04:28:21.8949025Z       "nonblank": true,
ks-21-6614-specialty-court-set	Print the verdict and the page digests to the log	2026-09-12T04:28:21.8949120Z       "croppedToThePage": true
ks-21-6614-specialty-court-set	Print the verdict and the page digests to the log	2026-09-12T04:28:21.8949196Z     },
ks-21-6614-specialty-court-set	Print the verdict and the page digests to the log	2026-09-12T04:28:21.8949265Z     {
ks-21-6614-specialty-court-set	Print the verdict and the page digests to the log	2026-09-12T04:28:21.8949349Z       "kind": "boundary",
ks-21-6614-specialty-court-set	Print the verdict and the page digests to the log	2026-09-12T04:28:21.8949452Z       "document": "boundary.pdf",
ks-21-6614-specialty-court-set	Print the verdict and the page digests to the log	2026-09-12T04:28:21.8949526Z       "page": 18,
ks-21-6614-specialty-court-set	Print the verdict and the page digests to the log	2026-09-12T04:28:21.8949689Z       "png": "ks-21-6614-specialty-court-set/boundary/page-018.png",
ks-21-6614-specialty-court-set	Print the verdict and the page digests to the log	2026-09-12T04:28:21.8949769Z       "bytes": 439473,
ks-21-6614-specialty-court-set	Print the verdict and the page digests to the log	2026-09-12T04:28:21.8949983Z       "pngSha256": "e6d0e2447b5c0205336ac5d2f3a057459b5543fe137d4c6f8637ea85fad82f9c",
ks-21-6614-specialty-court-set	Print the verdict and the page digests to the log	2026-09-12T04:28:21.8950071Z       "pngWidth": 2040,
ks-21-6614-specialty-court-set	Print the verdict and the page digests to the log	2026-09-12T04:28:21.8950158Z       "pngHeight": 2640,
ks-21-6614-specialty-court-set	Print the verdict and the page digests to the log	2026-09-12T04:28:21.8950230Z       "paper": {
ks-21-6614-specialty-court-set	Print the verdict and the page digests to the log	2026-09-12T04:28:21.8950311Z         "x0": 204,
ks-21-6614-specialty-court-set	Print the verdict and the page digests to the log	2026-09-12T04:28:21.8950385Z         "y0": 3,
ks-21-6614-specialty-court-set	Print the verdict and the page digests to the log	2026-09-12T04:28:21.8950465Z         "x1": 2243,
ks-21-6614-specialty-court-set	Print the verdict and the page digests to the log	2026-09-12T04:28:21.8950598Z         "y1": 2642,
ks-21-6614-specialty-court-set	Print the verdict and the page digests to the log	2026-09-12T04:28:21.8950674Z         "width": 2040,
ks-21-6614-specialty-court-set	Print the verdict and the page digests to the log	2026-09-12T04:28:21.8950758Z         "height": 2640
ks-21-6614-specialty-court-set	Print the verdict and the page digests to the log	2026-09-12T04:28:21.8950835Z       },
ks-21-6614-specialty-court-set	Print the verdict and the page digests to the log	2026-09-12T04:28:21.8950929Z       "pxPerPt": 3.3333333333333335,
ks-21-6614-specialty-court-set	Print the verdict and the page digests to the log	2026-09-12T04:28:21.8951040Z       "expectedPxPerPt": 3.333333333333333,
ks-21-6614-specialty-court-set	Print the verdict and the page digests to the log	2026-09-12T04:28:21.8951129Z       "pageWidthPt": 612,
ks-21-6614-specialty-court-set	Print the verdict and the page digests to the log	2026-09-12T04:28:21.8951210Z       "pageHeightPt": 792,
ks-21-6614-specialty-court-set	Print the verdict and the page digests to the log	2026-09-12T04:28:21.8951291Z       "expectedPx": {
ks-21-6614-specialty-court-set	Print the verdict and the page digests to the log	2026-09-12T04:28:21.8951382Z         "width": 2039.9999999999998,
ks-21-6614-specialty-court-set	Print the verdict and the page digests to the log	2026-09-12T04:28:21.8951483Z         "height": 2639.9999999999995,
ks-21-6614-specialty-court-set	Print the verdict and the page digests to the log	2026-09-12T04:28:21.8951595Z         "tolerancePx": 6.666666666666666
ks-21-6614-specialty-court-set	Print the verdict and the page digests to the log	2026-09-12T04:28:21.8951663Z       },
ks-21-6614-specialty-court-set	Print the verdict and the page digests to the log	2026-09-12T04:28:21.8951774Z       "calibrationResidualPx": 0,
ks-21-6614-specialty-court-set	Print the verdict and the page digests to the log	2026-09-12T04:28:21.8951910Z       "inkFractionInsidePaper": 0.050659722222222224,
ks-21-6614-specialty-court-set	Print the verdict and the page digests to the log	2026-09-12T04:28:21.8951986Z       "nonblank": true,
ks-21-6614-specialty-court-set	Print the verdict and the page digests to the log	2026-09-12T04:28:21.8952091Z       "croppedToThePage": true
ks-21-6614-specialty-court-set	Print the verdict and the page digests to the log	2026-09-12T04:28:21.8952167Z     },
ks-21-6614-specialty-court-set	Print the verdict and the page digests to the log	2026-09-12T04:28:21.8952238Z     {
ks-21-6614-specialty-court-set	Print the verdict and the page digests to the log	2026-09-12T04:28:21.8952322Z       "kind": "boundary",
ks-21-6614-specialty-court-set	Print the verdict and the page digests to the log	2026-09-12T04:28:21.8952417Z       "document": "boundary.pdf",
ks-21-6614-specialty-court-set	Print the verdict and the page digests to the log	2026-09-12T04:28:21.8952498Z       "page": 19,
ks-21-6614-specialty-court-set	Print the verdict and the page digests to the log	2026-09-12T04:28:21.8952660Z       "png": "ks-21-6614-specialty-court-set/boundary/page-019.png",
ks-21-6614-specialty-court-set	Print the verdict and the page digests to the log	2026-09-12T04:28:21.8952733Z       "bytes": 352707,
ks-21-6614-specialty-court-set	Print the verdict and the page digests to the log	2026-09-12T04:28:21.8952950Z       "pngSha256": "acd39766b3e753cf192f3b600353f7812401b94aefc612eee47f5bdc92cb7179",
ks-21-6614-specialty-court-set	Print the verdict and the page digests to the log	2026-09-12T04:28:21.8953037Z       "pngWidth": 2040,
ks-21-6614-specialty-court-set	Print the verdict and the page digests to the log	2026-09-12T04:28:21.8953115Z       "pngHeight": 2640,
ks-21-6614-specialty-court-set	Print the verdict and the page digests to the log	2026-09-12T04:28:21.8953243Z       "paper": {
ks-21-6614-specialty-court-set	Print the verdict and the page digests to the log	2026-09-12T04:28:21.8953323Z         "x0": 204,
ks-21-6614-specialty-court-set	Print the verdict and the page digests to the log	2026-09-12T04:28:21.8953393Z         "y0": 3,
ks-21-6614-specialty-court-set	Print the verdict and the page digests to the log	2026-09-12T04:28:21.8953471Z         "x1": 2243,
ks-21-6614-specialty-court-set	Print the verdict and the page digests to the log	2026-09-12T04:28:21.8953541Z         "y1": 2642,
ks-21-6614-specialty-court-set	Print the verdict and the page digests to the log	2026-09-12T04:28:21.8953622Z         "width": 2040,
ks-21-6614-specialty-court-set	Print the verdict and the page digests to the log	2026-09-12T04:28:21.8953701Z         "height": 2640
ks-21-6614-specialty-court-set	Print the verdict and the page digests to the log	2026-09-12T04:28:21.8953768Z       },
ks-21-6614-specialty-court-set	Print the verdict and the page digests to the log	2026-09-12T04:28:21.8953869Z       "pxPerPt": 3.3333333333333335,
ks-21-6614-specialty-court-set	Print the verdict and the page digests to the log	2026-09-12T04:28:21.8953985Z       "expectedPxPerPt": 3.333333333333333,
ks-21-6614-specialty-court-set	Print the verdict and the page digests to the log	2026-09-12T04:28:21.8954065Z       "pageWidthPt": 612,
ks-21-6614-specialty-court-set	Print the verdict and the page digests to the log	2026-09-12T04:28:21.8954154Z       "pageHeightPt": 792,
ks-21-6614-specialty-court-set	Print the verdict and the page digests to the log	2026-09-12T04:28:21.8954236Z       "expectedPx": {
ks-21-6614-specialty-court-set	Print the verdict and the page digests to the log	2026-09-12T04:28:21.8954327Z         "width": 2039.9999999999998,
ks-21-6614-specialty-court-set	Print the verdict and the page digests to the log	2026-09-12T04:28:21.8954427Z         "height": 2639.9999999999995,
ks-21-6614-specialty-court-set	Print the verdict and the page digests to the log	2026-09-12T04:28:21.8954532Z         "tolerancePx": 6.666666666666666
ks-21-6614-specialty-court-set	Print the verdict and the page digests to the log	2026-09-12T04:28:21.8954599Z       },
ks-21-6614-specialty-court-set	Print the verdict and the page digests to the log	2026-09-12T04:28:21.8954703Z       "calibrationResidualPx": 0,
ks-21-6614-specialty-court-set	Print the verdict and the page digests to the log	2026-09-12T04:28:21.8954831Z       "inkFractionInsidePaper": 0.03660223559120618,
ks-21-6614-specialty-court-set	Print the verdict and the page digests to the log	2026-09-12T04:28:21.8954920Z       "nonblank": true,
ks-21-6614-specialty-court-set	Print the verdict and the page digests to the log	2026-09-12T04:28:21.8955023Z       "croppedToThePage": true
ks-21-6614-specialty-court-set	Print the verdict and the page digests to the log	2026-09-12T04:28:21.8955092Z     },
ks-21-6614-specialty-court-set	Print the verdict and the page digests to the log	2026-09-12T04:28:21.8955169Z     {
ks-21-6614-specialty-court-set	Print the verdict and the page digests to the log	2026-09-12T04:28:21.8955253Z       "kind": "boundary",
ks-21-6614-specialty-court-set	Print the verdict and the page digests to the log	2026-09-12T04:28:21.8955512Z       "document": "boundary.pdf",
ks-21-6614-specialty-court-set	Print the verdict and the page digests to the log	2026-09-12T04:28:21.8955602Z       "page": 20,
ks-21-6614-specialty-court-set	Print the verdict and the page digests to the log	2026-09-12T04:28:21.8955768Z       "png": "ks-21-6614-specialty-court-set/boundary/page-020.png",
ks-21-6614-specialty-court-set	Print the verdict and the page digests to the log	2026-09-12T04:28:21.8955848Z       "bytes": 224621,
ks-21-6614-specialty-court-set	Print the verdict and the page digests to the log	2026-09-12T04:28:21.8956074Z       "pngSha256": "fdfdbd462a21f187a8898d8bad8c190b70c9f538582bf45d428e763a1588153c",
ks-21-6614-specialty-court-set	Print the verdict and the page digests to the log	2026-09-12T04:28:21.8956153Z       "pngWidth": 2040,
ks-21-6614-specialty-court-set	Print the verdict and the page digests to the log	2026-09-12T04:28:21.8956241Z       "pngHeight": 2640,
ks-21-6614-specialty-court-set	Print the verdict and the page digests to the log	2026-09-12T04:28:21.8956323Z       "paper": {
ks-21-6614-specialty-court-set	Print the verdict and the page digests to the log	2026-09-12T04:28:21.8956394Z         "x0": 204,
ks-21-6614-specialty-court-set	Print the verdict and the page digests to the log	2026-09-12T04:28:21.8956475Z         "y0": 3,
ks-21-6614-specialty-court-set	Print the verdict and the page digests to the log	2026-09-12T04:28:21.8956554Z         "x1": 2243,
ks-21-6614-specialty-court-set	Print the verdict and the page digests to the log	2026-09-12T04:28:21.8956626Z         "y1": 2642,
ks-21-6614-specialty-court-set	Print the verdict and the page digests to the log	2026-09-12T04:28:21.8956708Z         "width": 2040,
ks-21-6614-specialty-court-set	Print the verdict and the page digests to the log	2026-09-12T04:28:21.8956791Z         "height": 2640
ks-21-6614-specialty-court-set	Print the verdict and the page digests to the log	2026-09-12T04:28:21.8956859Z       },
ks-21-6614-specialty-court-set	Print the verdict and the page digests to the log	2026-09-12T04:28:21.8956962Z       "pxPerPt": 3.3333333333333335,
ks-21-6614-specialty-court-set	Print the verdict and the page digests to the log	2026-09-12T04:28:21.8957069Z       "expectedPxPerPt": 3.333333333333333,
ks-21-6614-specialty-court-set	Print the verdict and the page digests to the log	2026-09-12T04:28:21.8957156Z       "pageWidthPt": 612,
ks-21-6614-specialty-court-set	Print the verdict and the page digests to the log	2026-09-12T04:28:21.8957245Z       "pageHeightPt": 792,
ks-21-6614-specialty-court-set	Print the verdict and the page digests to the log	2026-09-12T04:28:21.8957320Z       "expectedPx": {
ks-21-6614-specialty-court-set	Print the verdict and the page digests to the log	2026-09-12T04:28:21.8957420Z         "width": 2039.9999999999998,
ks-21-6614-specialty-court-set	Print the verdict and the page digests to the log	2026-09-12T04:28:21.8957583Z         "height": 2639.9999999999995,
ks-21-6614-specialty-court-set	Print the verdict and the page digests to the log	2026-09-12T04:28:21.8957683Z         "tolerancePx": 6.666666666666666
ks-21-6614-specialty-court-set	Print the verdict and the page digests to the log	2026-09-12T04:28:21.8957759Z       },
ks-21-6614-specialty-court-set	Print the verdict and the page digests to the log	2026-09-12T04:28:21.8957867Z       "calibrationResidualPx": 0,
ks-21-6614-specialty-court-set	Print the verdict and the page digests to the log	2026-09-12T04:28:21.8957993Z       "inkFractionInsidePaper": 0.020650809566250743,
ks-21-6614-specialty-court-set	Print the verdict and the page digests to the log	2026-09-12T04:28:21.8958080Z       "nonblank": true,
ks-21-6614-specialty-court-set	Print the verdict and the page digests to the log	2026-09-12T04:28:21.8958175Z       "croppedToThePage": true
ks-21-6614-specialty-court-set	Print the verdict and the page digests to the log	2026-09-12T04:28:21.8958253Z     }
ks-21-6614-specialty-court-set	Print the verdict and the page digests to the log	2026-09-12T04:28:21.8958327Z   ],
ks-21-6614-specialty-court-set	Print the verdict and the page digests to the log	2026-09-12T04:28:21.8958404Z   "problems": [],
ks-21-6614-specialty-court-set	Print the verdict and the page digests to the log	2026-09-12T04:28:21.8958502Z   "environmentProblems": [],
ks-21-6614-specialty-court-set	Print the verdict and the page digests to the log	2026-09-12T04:28:21.8958898Z   "whatThisDoesNotDecide": "This is one gate. RASTER_PASS does not make a family PASS_COMPLETE, promotes nothing, and opens no commercial route.",
ks-21-6614-specialty-court-set	Print the verdict and the page digests to the log	2026-09-12T04:28:21.8958985Z   "packetPdfsModified": 0,
ks-21-6614-specialty-court-set	Print the verdict and the page digests to the log	2026-09-12T04:28:21.8959073Z   "bodiesCommitted": 0,
ks-21-6614-specialty-court-set	Print the verdict and the page digests to the log	2026-09-12T04:28:21.8959179Z   "commercialRoutesOpened": 0,
ks-21-6614-specialty-court-set	Print the verdict and the page digests to the log	2026-09-12T04:28:21.8959265Z   "productionTouched": false
ks-21-6614-specialty-court-set	Print the verdict and the page digests to the log	2026-09-12T04:28:21.8959348Z }
ks-21-6614-specialty-court-set	Print the verdict and the page digests to the log	2026-09-12T04:28:21.8959612Z ===== END VERDICT ks-21-6614-specialty-court-set.verdict.json =====
ks-21-6614-specialty-court-set	Print the verdict and the page digests to the log	2026-09-12T04:28:21.8959720Z ===== BEGIN PAGE DIGESTS =====
ks-21-6614-specialty-court-set	Print the verdict and the page digests to the log	2026-09-12T04:28:21.8960141Z 1eb8105dd85835c119ffbeafae4cb1c0e71978e1cc8f23f7a56ce71666f62764  raster-out/ks-21-6614-specialty-court-set/boundary/page-001.png
ks-21-6614-specialty-court-set	Print the verdict and the page digests to the log	2026-09-12T04:28:21.8960568Z af24c9dbda28bfb1c6c909d43cffbf0646fe10e673e5afec8fe2f5318ec1102e  raster-out/ks-21-6614-specialty-court-set/boundary/page-002.png
ks-21-6614-specialty-court-set	Print the verdict and the page digests to the log	2026-09-12T04:28:21.8960956Z 1b1000cddabbe42c316ae49718c4ff9764993e0ff2d3b589bc42d11639689a82  raster-out/ks-21-6614-specialty-court-set/boundary/page-003.png
ks-21-6614-specialty-court-set	Print the verdict and the page digests to the log	2026-09-12T04:28:21.8961411Z 46e5a137a8f8b544891fd4abbaa5f19b1c8436d955840c016519efe086449e68  raster-out/ks-21-6614-specialty-court-set/boundary/page-004.png
ks-21-6614-specialty-court-set	Print the verdict and the page digests to the log	2026-09-12T04:28:21.8961804Z 0ae20ffea54c5527b45ebbde50fee100364d64fab8ae230749cfd9144bde7965  raster-out/ks-21-6614-specialty-court-set/boundary/page-005.png
ks-21-6614-specialty-court-set	Print the verdict and the page digests to the log	2026-09-12T04:28:21.8962183Z 561946a9c82d5d2ec0c32b4e11f3118e5b755e8cb94f2386c1931798f7ef9249  raster-out/ks-21-6614-specialty-court-set/boundary/page-006.png
ks-21-6614-specialty-court-set	Print the verdict and the page digests to the log	2026-09-12T04:28:21.8962582Z 8df37d7461cc8b519e8776d3ae1123b7f6c9fc16130d3204a4e981a2538d33b2  raster-out/ks-21-6614-specialty-court-set/boundary/page-007.png
ks-21-6614-specialty-court-set	Print the verdict and the page digests to the log	2026-09-12T04:28:21.8962969Z b3bf0ed50b09509d4b9c905f1ce8a84c43c42904ac3e93813ef59e96a7780472  raster-out/ks-21-6614-specialty-court-set/boundary/page-008.png
ks-21-6614-specialty-court-set	Print the verdict and the page digests to the log	2026-09-12T04:28:21.8963348Z 02d707e742856368878e6d5d5c406d1492e24e1c002f6d04cbb1f8e2bacc5f0a  raster-out/ks-21-6614-specialty-court-set/boundary/page-009.png
ks-21-6614-specialty-court-set	Print the verdict and the page digests to the log	2026-09-12T04:28:21.8963744Z ace8c605b1cf7c39bd04bf2491724adf984a36cf232ed0acd41c230992db1208  raster-out/ks-21-6614-specialty-court-set/boundary/page-010.png
ks-21-6614-specialty-court-set	Print the verdict and the page digests to the log	2026-09-12T04:28:21.8964133Z 97f243a8ea966b1ae2885410b3ba6954d6890c87af836faf786ac111411a0bbd  raster-out/ks-21-6614-specialty-court-set/boundary/page-011.png
ks-21-6614-specialty-court-set	Print the verdict and the page digests to the log	2026-09-12T04:28:21.8964518Z bec2aa8b35f69325b4570902a21a323f295af4b2210897efa89b964fbe35bdd3  raster-out/ks-21-6614-specialty-court-set/boundary/page-012.png
ks-21-6614-specialty-court-set	Print the verdict and the page digests to the log	2026-09-12T04:28:21.8964934Z 9b76c2c68e55dc7d05a69aa20d6e2c1434900621869295c8ef7a8f30b1e24f4e  raster-out/ks-21-6614-specialty-court-set/boundary/page-013.png
ks-21-6614-specialty-court-set	Print the verdict and the page digests to the log	2026-09-12T04:28:21.8965519Z 1a9becbebb54299ffb2e6a2f3513d265bdb2d83ec34e9ada8bf9a917f8e593b2  raster-out/ks-21-6614-specialty-court-set/boundary/page-014.png
ks-21-6614-specialty-court-set	Print the verdict and the page digests to the log	2026-09-12T04:28:21.8966037Z 3ef7cc05d9e77550b7674c078fbd007955bd92a4b915bb24727fb3206f1d161e  raster-out/ks-21-6614-specialty-court-set/boundary/page-015.png
ks-21-6614-specialty-court-set	Print the verdict and the page digests to the log	2026-09-12T04:28:21.8966418Z 9b300311c9f888e53681fcd9509cf51f932148596e44a30d3c7153ca9d813e37  raster-out/ks-21-6614-specialty-court-set/boundary/page-016.png
ks-21-6614-specialty-court-set	Print the verdict and the page digests to the log	2026-09-12T04:28:21.8966808Z 168e8f82815a8a8d5279aa38783d289eef45a1f506c052e6994195246e0c1c50  raster-out/ks-21-6614-specialty-court-set/boundary/page-017.png
ks-21-6614-specialty-court-set	Print the verdict and the page digests to the log	2026-09-12T04:28:21.8967194Z e6d0e2447b5c0205336ac5d2f3a057459b5543fe137d4c6f8637ea85fad82f9c  raster-out/ks-21-6614-specialty-court-set/boundary/page-018.png
ks-21-6614-specialty-court-set	Print the verdict and the page digests to the log	2026-09-12T04:28:21.8967637Z acd39766b3e753cf192f3b600353f7812401b94aefc612eee47f5bdc92cb7179  raster-out/ks-21-6614-specialty-court-set/boundary/page-019.png
ks-21-6614-specialty-court-set	Print the verdict and the page digests to the log	2026-09-12T04:28:21.8968031Z fdfdbd462a21f187a8898d8bad8c190b70c9f538582bf45d428e763a1588153c  raster-out/ks-21-6614-specialty-court-set/boundary/page-020.png
ks-21-6614-specialty-court-set	Print the verdict and the page digests to the log	2026-09-12T04:28:21.8968450Z 581685872456e80f6b97ab9b93570d96b9af74a668bb185060c5575fcec9a484  raster-out/ks-21-6614-specialty-court-set/boundary/page-calibration.png
ks-21-6614-specialty-court-set	Print the verdict and the page digests to the log	2026-09-12T04:28:21.8968846Z c9e8a00f998638b24ed59c2ddeab880b5ea4c10bd0be8b1edb107e525f77248f  raster-out/ks-21-6614-specialty-court-set/canonical/page-001.png
ks-21-6614-specialty-court-set	Print the verdict and the page digests to the log	2026-09-12T04:28:21.8969247Z 9992a99db3f73f67a2e4feb9024499b1416ec6371ef8a236ed5d030156fe6ce8  raster-out/ks-21-6614-specialty-court-set/canonical/page-002.png
ks-21-6614-specialty-court-set	Print the verdict and the page digests to the log	2026-09-12T04:28:21.8969636Z 1b1000cddabbe42c316ae49718c4ff9764993e0ff2d3b589bc42d11639689a82  raster-out/ks-21-6614-specialty-court-set/canonical/page-003.png
ks-21-6614-specialty-court-set	Print the verdict and the page digests to the log	2026-09-12T04:28:21.8970021Z 7fe08299d7e27df64c0128106e938d9dbd64cf09c3cc12ad48df7d4af60b0b81  raster-out/ks-21-6614-specialty-court-set/canonical/page-004.png
ks-21-6614-specialty-court-set	Print the verdict and the page digests to the log	2026-09-12T04:28:21.8970418Z 0ae20ffea54c5527b45ebbde50fee100364d64fab8ae230749cfd9144bde7965  raster-out/ks-21-6614-specialty-court-set/canonical/page-005.png
ks-21-6614-specialty-court-set	Print the verdict and the page digests to the log	2026-09-12T04:28:21.8970806Z 561946a9c82d5d2ec0c32b4e11f3118e5b755e8cb94f2386c1931798f7ef9249  raster-out/ks-21-6614-specialty-court-set/canonical/page-006.png
ks-21-6614-specialty-court-set	Print the verdict and the page digests to the log	2026-09-12T04:28:21.8971187Z 8df37d7461cc8b519e8776d3ae1123b7f6c9fc16130d3204a4e981a2538d33b2  raster-out/ks-21-6614-specialty-court-set/canonical/page-007.png
ks-21-6614-specialty-court-set	Print the verdict and the page digests to the log	2026-09-12T04:28:21.8971624Z 5d22062ec99e0e6909070a9a5dfc2c8a2bbf870975fe938112366841f83eb4e3  raster-out/ks-21-6614-specialty-court-set/canonical/page-008.png
ks-21-6614-specialty-court-set	Print the verdict and the page digests to the log	2026-09-12T04:28:21.8972007Z 45abc39444d5b9391445964b8552ff011747fda4ffdf259e37766f8381fc460e  raster-out/ks-21-6614-specialty-court-set/canonical/page-009.png
ks-21-6614-specialty-court-set	Print the verdict and the page digests to the log	2026-09-12T04:28:21.8972383Z 2fb56920eef4e2e64388149944e0e8795906af6d5e5710f1483b01cc64ba97b4  raster-out/ks-21-6614-specialty-court-set/canonical/page-010.png
ks-21-6614-specialty-court-set	Print the verdict and the page digests to the log	2026-09-12T04:28:21.8972772Z 97f243a8ea966b1ae2885410b3ba6954d6890c87af836faf786ac111411a0bbd  raster-out/ks-21-6614-specialty-court-set/canonical/page-011.png
ks-21-6614-specialty-court-set	Print the verdict and the page digests to the log	2026-09-12T04:28:21.8973330Z bec2aa8b35f69325b4570902a21a323f295af4b2210897efa89b964fbe35bdd3  raster-out/ks-21-6614-specialty-court-set/canonical/page-012.png
ks-21-6614-specialty-court-set	Print the verdict and the page digests to the log	2026-09-12T04:28:21.8973745Z 9b76c2c68e55dc7d05a69aa20d6e2c1434900621869295c8ef7a8f30b1e24f4e  raster-out/ks-21-6614-specialty-court-set/canonical/page-013.png
ks-21-6614-specialty-court-set	Print the verdict and the page digests to the log	2026-09-12T04:28:21.8974135Z 44d8f3eafb5ae10c2193c5743404595828a9e74ee43da2f685a20443856e1a8e  raster-out/ks-21-6614-specialty-court-set/canonical/page-014.png
ks-21-6614-specialty-court-set	Print the verdict and the page digests to the log	2026-09-12T04:28:21.8974525Z 2d0ad0278f8d7b4429787c1019742558142bbeee9f7e7c924ae83555d1aa59d5  raster-out/ks-21-6614-specialty-court-set/canonical/page-015.png
ks-21-6614-specialty-court-set	Print the verdict and the page digests to the log	2026-09-12T04:28:21.8974921Z ba9ed3917beef7b952b36bbafe881a7fbe64ddb0f543290dadc7db8e4198b52f  raster-out/ks-21-6614-specialty-court-set/canonical/page-016.png
ks-21-6614-specialty-court-set	Print the verdict and the page digests to the log	2026-09-12T04:28:21.8975417Z 168e8f82815a8a8d5279aa38783d289eef45a1f506c052e6994195246e0c1c50  raster-out/ks-21-6614-specialty-court-set/canonical/page-017.png
ks-21-6614-specialty-court-set	Print the verdict and the page digests to the log	2026-09-12T04:28:21.8975947Z fc3259dda34957a3a9188cf44bc2e97a1714a3dbd35d43dc149adce52e75c372  raster-out/ks-21-6614-specialty-court-set/canonical/page-018.png
ks-21-6614-specialty-court-set	Print the verdict and the page digests to the log	2026-09-12T04:28:21.8976337Z acd39766b3e753cf192f3b600353f7812401b94aefc612eee47f5bdc92cb7179  raster-out/ks-21-6614-specialty-court-set/canonical/page-019.png
ks-21-6614-specialty-court-set	Print the verdict and the page digests to the log	2026-09-12T04:28:21.8976719Z 1c93d290602d2db4ee8422463fe86ac0e5c6642b2854347f1db82292cf80bfa6  raster-out/ks-21-6614-specialty-court-set/canonical/page-020.png
ks-21-6614-specialty-court-set	Print the verdict and the page digests to the log	2026-09-12T04:28:21.8977145Z 5543216530a6fe6a34527573a345e86062a8ba4765cc7e70a05ffccdabb3d78c  raster-out/ks-21-6614-specialty-court-set/canonical/page-calibration.png
ks-21-6614-specialty-court-set	Print the verdict and the page digests to the log	2026-09-12T04:28:21.8977252Z ===== END PAGE DIGESTS =====
ks-21-6614-specialty-court-set	Refuse a modified packet byte	﻿2026-09-12T04:28:21.8997602Z ##[group]Run set -euo pipefail
ks-21-6614-specialty-court-set	Refuse a modified packet byte	2026-09-12T04:28:21.8997758Z ^[[36;1mset -euo pipefail^[[0m
ks-21-6614-specialty-court-set	Refuse a modified packet byte	2026-09-12T04:28:21.8997923Z ^[[36;1m# The render writes only under raster-out/. If a tracked file moved,^[[0m
ks-21-6614-specialty-court-set	Refuse a modified packet byte	2026-09-12T04:28:21.8998295Z ^[[36;1m# something wrote where it must not.^[[0m
ks-21-6614-specialty-court-set	Refuse a modified packet byte	2026-09-12T04:28:21.8998467Z ^[[36;1mgit diff --quiet && git diff --cached --quiet \^[[0m
ks-21-6614-specialty-court-set	Refuse a modified packet byte	2026-09-12T04:28:21.8998696Z ^[[36;1m  || { echo "REFUSED: the render modified tracked files"; git status --porcelain; exit 1; }^[[0m
ks-21-6614-specialty-court-set	Refuse a modified packet byte	2026-09-12T04:28:21.9019895Z shell: /usr/bin/bash -e {0}
ks-21-6614-specialty-court-set	Refuse a modified packet byte	2026-09-12T04:28:21.9020012Z env:
ks-21-6614-specialty-court-set	Refuse a modified packet byte	2026-09-12T04:28:21.9020240Z   pythonLocation: /opt/hostedtoolcache/Python/3.12.14/x64
ks-21-6614-specialty-court-set	Refuse a modified packet byte	2026-09-12T04:28:21.9020501Z   PKG_CONFIG_PATH: /opt/hostedtoolcache/Python/3.12.14/x64/lib/pkgconfig
ks-21-6614-specialty-court-set	Refuse a modified packet byte	2026-09-12T04:28:21.9020698Z   Python_ROOT_DIR: /opt/hostedtoolcache/Python/3.12.14/x64
ks-21-6614-specialty-court-set	Refuse a modified packet byte	2026-09-12T04:28:21.9020861Z   Python2_ROOT_DIR: /opt/hostedtoolcache/Python/3.12.14/x64
ks-21-6614-specialty-court-set	Refuse a modified packet byte	2026-09-12T04:28:21.9021031Z   Python3_ROOT_DIR: /opt/hostedtoolcache/Python/3.12.14/x64
ks-21-6614-specialty-court-set	Refuse a modified packet byte	2026-09-12T04:28:21.9021231Z   LD_LIBRARY_PATH: /opt/hostedtoolcache/Python/3.12.14/x64/lib
ks-21-6614-specialty-court-set	Refuse a modified packet byte	2026-09-12T04:28:21.9021410Z   PLAYWRIGHT_BROWSERS_PATH: /home/runner/.cache/ms-playwright
ks-21-6614-specialty-court-set	Refuse a modified packet byte	2026-09-12T04:28:21.9021509Z ##[endgroup]
ks-21-6614-specialty-court-set	Artifact-safe label for this family	﻿2026-09-12T04:28:22.1972796Z ##[group]Run printf 'FAMILY_SLUG=%s\n' "$(printf '%s' "$FAMILY" | tr -c 'A-Za-z0-9._-' '_')" >> "$GITHUB_ENV"
ks-21-6614-specialty-court-set	Artifact-safe label for this family	2026-09-12T04:28:22.1973638Z ^[[36;1mprintf 'FAMILY_SLUG=%s\n' "$(printf '%s' "$FAMILY" | tr -c 'A-Za-z0-9._-' '_')" >> "$GITHUB_ENV"^[[0m
ks-21-6614-specialty-court-set	Artifact-safe label for this family	2026-09-12T04:28:22.2003481Z shell: /usr/bin/bash -e {0}
ks-21-6614-specialty-court-set	Artifact-safe label for this family	2026-09-12T04:28:22.2003844Z env:
ks-21-6614-specialty-court-set	Artifact-safe label for this family	2026-09-12T04:28:22.2004149Z   pythonLocation: /opt/hostedtoolcache/Python/3.12.14/x64
ks-21-6614-specialty-court-set	Artifact-safe label for this family	2026-09-12T04:28:22.2004650Z   PKG_CONFIG_PATH: /opt/hostedtoolcache/Python/3.12.14/x64/lib/pkgconfig
ks-21-6614-specialty-court-set	Artifact-safe label for this family	2026-09-12T04:28:22.2005191Z   Python_ROOT_DIR: /opt/hostedtoolcache/Python/3.12.14/x64
ks-21-6614-specialty-court-set	Artifact-safe label for this family	2026-09-12T04:28:22.2005749Z   Python2_ROOT_DIR: /opt/hostedtoolcache/Python/3.12.14/x64
ks-21-6614-specialty-court-set	Artifact-safe label for this family	2026-09-12T04:28:22.2006243Z   Python3_ROOT_DIR: /opt/hostedtoolcache/Python/3.12.14/x64
ks-21-6614-specialty-court-set	Artifact-safe label for this family	2026-09-12T04:28:22.2006711Z   LD_LIBRARY_PATH: /opt/hostedtoolcache/Python/3.12.14/x64/lib
ks-21-6614-specialty-court-set	Artifact-safe label for this family	2026-09-12T04:28:22.2007194Z   PLAYWRIGHT_BROWSERS_PATH: /home/runner/.cache/ms-playwright
ks-21-6614-specialty-court-set	Artifact-safe label for this family	2026-09-12T04:28:22.2007613Z   FAMILY: ks-21-6614-specialty-court-set
ks-21-6614-specialty-court-set	Artifact-safe label for this family	2026-09-12T04:28:22.2007982Z ##[endgroup]
ks-21-6614-specialty-court-set	Run actions/upload-artifact@v4	﻿2026-09-12T04:28:22.2099701Z Node 20 is being deprecated. This workflow is running with Node 24 by default. If you need to temporarily use Node 20, you can set the ACTIONS_ALLOW_USE_UNSECURE_NODE_VERSION=true environment variable. For more information see: https://github.blog/changelog/2025-09-19-deprecation-of-node-20-on-github-actions-runners/
ks-21-6614-specialty-court-set	Run actions/upload-artifact@v4	2026-09-12T04:28:22.2100631Z ##[group]Run actions/upload-artifact@v4
ks-21-6614-specialty-court-set	Run actions/upload-artifact@v4	2026-09-12T04:28:22.2100855Z with:
ks-21-6614-specialty-court-set	Run actions/upload-artifact@v4	2026-09-12T04:28:22.2101092Z   name: rcap-raster-ks-21-6614-specialty-court-set-34672497941
ks-21-6614-specialty-court-set	Run actions/upload-artifact@v4	2026-09-12T04:28:22.2101372Z   path: raster-out/
ks-21-6614-specialty-court-set	Run actions/upload-artifact@v4	2026-09-12T04:28:22.2101570Z   if-no-files-found: error
ks-21-6614-specialty-court-set	Run actions/upload-artifact@v4	2026-09-12T04:28:22.2101767Z   retention-days: 14
ks-21-6614-specialty-court-set	Run actions/upload-artifact@v4	2026-09-12T04:28:22.2101950Z   compression-level: 6
ks-21-6614-specialty-court-set	Run actions/upload-artifact@v4	2026-09-12T04:28:22.2102129Z   overwrite: false
ks-21-6614-specialty-court-set	Run actions/upload-artifact@v4	2026-09-12T04:28:22.2102310Z   include-hidden-files: false
ks-21-6614-specialty-court-set	Run actions/upload-artifact@v4	2026-09-12T04:28:22.2102513Z env:
ks-21-6614-specialty-court-set	Run actions/upload-artifact@v4	2026-09-12T04:28:22.2102724Z   pythonLocation: /opt/hostedtoolcache/Python/3.12.14/x64
ks-21-6614-specialty-court-set	Run actions/upload-artifact@v4	2026-09-12T04:28:22.2103057Z   PKG_CONFIG_PATH: /opt/hostedtoolcache/Python/3.12.14/x64/lib/pkgconfig
ks-21-6614-specialty-court-set	Run actions/upload-artifact@v4	2026-09-12T04:28:22.2103421Z   Python_ROOT_DIR: /opt/hostedtoolcache/Python/3.12.14/x64
ks-21-6614-specialty-court-set	Run actions/upload-artifact@v4	2026-09-12T04:28:22.2103717Z   Python2_ROOT_DIR: /opt/hostedtoolcache/Python/3.12.14/x64
ks-21-6614-specialty-court-set	Run actions/upload-artifact@v4	2026-09-12T04:28:22.2104008Z   Python3_ROOT_DIR: /opt/hostedtoolcache/Python/3.12.14/x64
ks-21-6614-specialty-court-set	Run actions/upload-artifact@v4	2026-09-12T04:28:22.2104305Z   LD_LIBRARY_PATH: /opt/hostedtoolcache/Python/3.12.14/x64/lib
ks-21-6614-specialty-court-set	Run actions/upload-artifact@v4	2026-09-12T04:28:22.2104611Z   PLAYWRIGHT_BROWSERS_PATH: /home/runner/.cache/ms-playwright
ks-21-6614-specialty-court-set	Run actions/upload-artifact@v4	2026-09-12T04:28:22.2104927Z   FAMILY_SLUG: ks-21-6614-specialty-court-set
ks-21-6614-specialty-court-set	Run actions/upload-artifact@v4	2026-09-12T04:28:22.2105153Z ##[endgroup]
ks-21-6614-specialty-court-set	Run actions/upload-artifact@v4	2026-09-12T04:28:22.3497500Z (node:9218) [DEP0040] DeprecationWarning: The `punycode` module is deprecated. Please use a userland alternative instead.
ks-21-6614-specialty-court-set	Run actions/upload-artifact@v4	2026-09-12T04:28:22.3498154Z (Use `node --trace-deprecation ...` to show where the warning was created)
ks-21-6614-specialty-court-set	Run actions/upload-artifact@v4	2026-09-12T04:28:22.3606866Z With the provided path, there will be 48 files uploaded
ks-21-6614-specialty-court-set	Run actions/upload-artifact@v4	2026-09-12T04:28:22.3611722Z Artifact name is valid!
ks-21-6614-specialty-court-set	Run actions/upload-artifact@v4	2026-09-12T04:28:22.3612343Z Root directory input is valid!
ks-21-6614-specialty-court-set	Run actions/upload-artifact@v4	2026-09-12T04:28:22.7163629Z Beginning upload of artifact content to blob storage
ks-21-6614-specialty-court-set	Run actions/upload-artifact@v4	2026-09-12T04:28:23.0229178Z (node:9218) [DEP0169] DeprecationWarning: `url.parse()` behavior is not standardized and prone to errors that have security implications. Use the WHATWG URL API instead. CVEs are not issued for `url.parse()` vulnerabilities.
ks-21-6614-specialty-court-set	Run actions/upload-artifact@v4	2026-09-12T04:28:23.8145760Z Uploaded bytes 8388608
ks-21-6614-specialty-court-set	Run actions/upload-artifact@v4	2026-09-12T04:28:23.9800745Z Uploaded bytes 11506704
ks-21-6614-specialty-court-set	Run actions/upload-artifact@v4	2026-09-12T04:28:24.0438764Z Finished uploading artifact content to blob storage!
ks-21-6614-specialty-court-set	Run actions/upload-artifact@v4	2026-09-12T04:28:24.0439806Z SHA256 digest of uploaded artifact zip is d5ac4b09602210790484fe6fe4c0f55742a578d4c9ad14c08c57e6c692095229
ks-21-6614-specialty-court-set	Run actions/upload-artifact@v4	2026-09-12T04:28:24.0441170Z Finalizing artifact upload
ks-21-6614-specialty-court-set	Run actions/upload-artifact@v4	2026-09-12T04:28:24.2638329Z Artifact rcap-raster-ks-21-6614-specialty-court-set-34672497941.zip successfully finalized. Artifact ID 10291482227
ks-21-6614-specialty-court-set	Run actions/upload-artifact@v4	2026-09-12T04:28:24.2639791Z Artifact rcap-raster-ks-21-6614-specialty-court-set-34672497941 has been successfully uploaded! Final size is 11506704 bytes. Artifact ID is 10291482227
ks-21-6614-specialty-court-set	Run actions/upload-artifact@v4	2026-09-12T04:28:24.2644780Z Artifact download URL: https://github.com/Roger-LegalEase/legalease-partner-dashboard-clean/actions/runs/34672497941/artifacts/10291482227
ks-21-6614-specialty-court-set	Post Run actions/setup-python@v5	﻿2026-09-12T04:28:24.2784314Z Node 20 is being deprecated. This workflow is running with Node 24 by default. If you need to temporarily use Node 20, you can set the ACTIONS_ALLOW_USE_UNSECURE_NODE_VERSION=true environment variable. For more information see: https://github.blog/changelog/2025-09-19-deprecation-of-node-20-on-github-actions-runners/
ks-21-6614-specialty-court-set	Post Run actions/setup-python@v5	2026-09-12T04:28:24.2785541Z Post job cleanup.
ks-21-6614-specialty-court-set	Post Run actions/setup-python@v5	2026-09-12T04:28:24.3835215Z (node:9232) [DEP0040] DeprecationWarning: The `punycode` module is deprecated. Please use a userland alternative instead.
ks-21-6614-specialty-court-set	Post Run actions/setup-python@v5	2026-09-12T04:28:24.3836312Z (Use `node --trace-deprecation ...` to show where the warning was created)
ks-21-6614-specialty-court-set	Post Run actions/setup-node@v4	﻿2026-09-12T04:28:24.3951415Z Node 20 is being deprecated. This workflow is running with Node 24 by default. If you need to temporarily use Node 20, you can set the ACTIONS_ALLOW_USE_UNSECURE_NODE_VERSION=true environment variable. For more information see: https://github.blog/changelog/2025-09-19-deprecation-of-node-20-on-github-actions-runners/
ks-21-6614-specialty-court-set	Post Run actions/setup-node@v4	2026-09-12T04:28:24.3952337Z Post job cleanup.
ks-21-6614-specialty-court-set	Post Run actions/setup-node@v4	2026-09-12T04:28:24.5076253Z (node:9240) [DEP0040] DeprecationWarning: The `punycode` module is deprecated. Please use a userland alternative instead.
ks-21-6614-specialty-court-set	Post Run actions/setup-node@v4	2026-09-12T04:28:24.5077223Z (Use `node --trace-deprecation ...` to show where the warning was created)
ks-21-6614-specialty-court-set	Post Run actions/checkout@v4	﻿2026-09-12T04:28:24.5219615Z Node 20 is being deprecated. This workflow is running with Node 24 by default. If you need to temporarily use Node 20, you can set the ACTIONS_ALLOW_USE_UNSECURE_NODE_VERSION=true environment variable. For more information see: https://github.blog/changelog/2025-09-19-deprecation-of-node-20-on-github-actions-runners/
ks-21-6614-specialty-court-set	Post Run actions/checkout@v4	2026-09-12T04:28:24.5220588Z Post job cleanup.
ks-21-6614-specialty-court-set	Post Run actions/checkout@v4	2026-09-12T04:28:24.6099677Z [command]/usr/bin/git version
ks-21-6614-specialty-court-set	Post Run actions/checkout@v4	2026-09-12T04:28:24.6143534Z git version 2.55.0
ks-21-6614-specialty-court-set	Post Run actions/checkout@v4	2026-09-12T04:28:24.6183820Z Temporarily overriding HOME='/home/runner/work/_temp/6134adfc-8371-4366-a889-25d757b62973' before making global git config changes
ks-21-6614-specialty-court-set	Post Run actions/checkout@v4	2026-09-12T04:28:24.6185065Z Adding repository directory to the temporary git global config as a safe directory
ks-21-6614-specialty-court-set	Post Run actions/checkout@v4	2026-09-12T04:28:24.6189620Z [command]/usr/bin/git config --global --add safe.directory /home/runner/work/legalease-partner-dashboard-clean/legalease-partner-dashboard-clean
ks-21-6614-specialty-court-set	Post Run actions/checkout@v4	2026-09-12T04:28:24.6232459Z [command]/usr/bin/git config --local --name-only --get-regexp core\.sshCommand
ks-21-6614-specialty-court-set	Post Run actions/checkout@v4	2026-09-12T04:28:24.6285691Z [command]/usr/bin/git submodule foreach --recursive sh -c "git config --local --name-only --get-regexp 'core\.sshCommand' && git config --local --unset-all 'core.sshCommand' || :"
ks-21-6614-specialty-court-set	Post Run actions/checkout@v4	2026-09-12T04:28:24.6528332Z [command]/usr/bin/git config --local --name-only --get-regexp http\.https\:\/\/github\.com\/\.extraheader
ks-21-6614-specialty-court-set	Post Run actions/checkout@v4	2026-09-12T04:28:24.6557839Z http.https://github.com/.extraheader
ks-21-6614-specialty-court-set	Post Run actions/checkout@v4	2026-09-12T04:28:24.6571121Z [command]/usr/bin/git config --local --unset-all http.https://github.com/.extraheader
ks-21-6614-specialty-court-set	Post Run actions/checkout@v4	2026-09-12T04:28:24.6599934Z [command]/usr/bin/git submodule foreach --recursive sh -c "git config --local --name-only --get-regexp 'http\.https\:\/\/github\.com\/\.extraheader' && git config --local --unset-all 'http.https://github.com/.extraheader' || :"
ks-21-6614-specialty-court-set	Post Run actions/checkout@v4	2026-09-12T04:28:24.6821206Z [command]/usr/bin/git config --local --name-only --get-regexp ^includeIf\.gitdir:
ks-21-6614-specialty-court-set	Post Run actions/checkout@v4	2026-09-12T04:28:24.6861266Z [command]/usr/bin/git submodule foreach --recursive git config --local --show-origin --name-only --get-regexp remote.origin.url
ks-21-6614-specialty-court-set	Complete job	﻿2026-09-12T04:28:24.7237515Z Cleaning up orphan processes
ks-21-6614-specialty-court-set	Complete job	2026-09-12T04:28:24.7453805Z ##[warning]Node.js 20 is deprecated. The following actions target Node.js 20 but are being forced to run on Node.js 24: actions/checkout@v4, actions/setup-node@v4, actions/setup-python@v5, actions/upload-artifact@v4. For more information see: https://github.blog/changelog/2025-09-19-deprecation-of-node-20-on-github-actions-runners/
