jurisdiction,formNumber,formName,formNameLooksMisextracted,remediationLane,remediationLaneName,activeTrackStatus,affectedTrackIds,trackBindingStatus,candidateRegistryFormId,candidateRegistryTrackIds,routeKinds,rendererKind,packetCapable,participantTreatment,sellable,publicPacketRoute,checkoutSuppressed,paymentSuppressed,packetCreditConsumed,officialSourceUrl,sourcePublisher,sourceRetrievalDate,sourceRevision,sourceSha256,sourceBinaryPresentInClone,sourceBinaryPathInClone,currentnessStatus,missingBinary,structuralClass,interactiveFieldCount,anyFinalizedArtifact,activeContentVerdict,contactSheetShowsAFill,defectCategories,severity,releaseRisk,owner,independentReviewStatus,disposition,dispositionMeaning,acquisitionPriority,acquisitionRule,rootCauseIds,systemicRootCauseIds,familySpecificRootCauseIds,packetCapableTreatment,servedByGuidanceOrDeferral,certifiableArtifacts,labelsAwaitingAPlacementDecision,exactBlocker,exactNextAction,releaseStatus
AK,ak-record-relief-forms.html,ak-record-relief-forms.html,false,B,official_source_acquisition_required,expected_but_absent,,no_track_binding_established,,,,no render strategy recorded,false,,false,false,true,true,false,,,,,e85e1adc3462452fe4dbe83ffc28de8cef7528e2f6cb2771e4412abf3aa656f0,false,,not recorded,true,html_form,,false,no rendered artifact to judge,,flat_overlay_geometry_or_readback held_on_source_or_design missing_binary never_independently_approved,low,none,Roger (official source acquisition),never_independently_reviewed,official_source_required,"The verified source binary is unavailable, so nothing downstream can be attempted.",4,do_not_acquire_without_a_named_current_use,RC-G-GENERATION-NOT-ALLOWED RC-G-NO-INDEPENDENT-TECHNICAL-APPROVAL RC-G-PRODUCTION-HOLD RC-S-BUNDLE-ABSENT RC-T-NO-FIELD-CENSUS,RC-G-GENERATION-NOT-ALLOWED RC-G-NO-INDEPENDENT-TECHNICAL-APPROVAL RC-G-PRODUCTION-HOLD RC-S-BUNDLE-ABSENT,RC-T-NO-FIELD-CENSUS,false,false,false,0,"The verified binary for AK ak-record-relief-forms.html is not in the clone, and no track binding exists for it: this asset is keyed by filename while the pinned legal-design registry keys packet components by form number, so nothing joins the two and the affected route cannot be stated. No candidate form-number match was found either.","Retrieve the current official AK ak-record-relief-forms.html binary from its issuing body, record its URL, retrieval timestamp, publisher, edition date, byte length and SHA-256, and place it at the path its source record pins. Nothing downstream can proceed without those bytes. Separately, establish which packet component, if any, depends on this asset: no track binding exists and no candidate form-number match was found, so this row cannot currently name the route it affects.",HELD
AK,DPS-CRI-103,Request to Correct Criminal Justice Information in the Alaska Public Safety Information Network (APSIN),false,E,orphaned_or_optional_asset,orphaned_or_optional,,no_track_binding_established,,,,flat_overlay,false,,false,false,true,true,false,,,,REV-2022-07-25,b1de812543a259e425318011dbc5e2bc8b4badf0692da9d12188087ec0e4a259,false,,source_or_currentness_gate_open,false,flat_pdf,0,false,unprovable: object streams hide objects from the residue scan,true,flat_overlay_geometry_or_readback held_on_source_or_design never_independently_approved rendered_artifact_not_byte_inspectable stale_contact_sheet_manifest_or_review_evidence stale_or_superseded unfinalized_rendered_artifact,low,none,RCAP inventory owner,never_independently_reviewed,archive_candidate,"Source-gated: retained for provenance, never runtime-selectable.",4,do_not_acquire_without_a_named_current_use,RC-G-GENERATION-NOT-ALLOWED RC-G-NO-INDEPENDENT-TECHNICAL-APPROVAL RC-G-PRODUCTION-HOLD RC-S-STALE-OR-SUPERSEDED RC-T-FACTORY-PROVENANCE RC-T-FLAT-GEOMETRY RC-T-OBJECT-STREAMS RC-V-SHEET-FROM-UNFINALIZED-SOURCE RC-V-SHEET-NO-VISIBILITY-PROOF,RC-G-GENERATION-NOT-ALLOWED RC-G-NO-INDEPENDENT-TECHNICAL-APPROVAL RC-G-PRODUCTION-HOLD RC-T-FACTORY-PROVENANCE RC-T-OBJECT-STREAMS RC-V-SHEET-FROM-UNFINALIZED-SOURCE RC-V-SHEET-NO-VISIBILITY-PROOF,RC-S-STALE-OR-SUPERSEDED RC-T-FLAT-GEOMETRY,false,false,false,0,"Nothing is blocked. No active launch track's packet set requires this asset, so it is inventory rather than pending work.","Decide retain, archive or retire for AK DPS-CRI-103 and record the decision. It blocks nothing in the meantime.",HELD
AK,DPS-SEAL-REQ-2-04,Request to Seal Criminal Justice Information,false,E,orphaned_or_optional_asset,orphaned_or_optional,,no_track_binding_established,,,,flat_overlay,false,,false,false,true,true,false,,,,REV-2004-02,1fb64733f46c397beb69d1da8d72a1f1462669f8dfb7611e86a833c45aa5c80a,false,,source_or_currentness_gate_open,false,flat_pdf,0,false,no rendered artifact to judge,,flat_overlay_geometry_or_readback held_on_source_or_design never_independently_approved stale_contact_sheet_manifest_or_review_evidence stale_or_superseded,low,none,RCAP inventory owner,never_independently_reviewed,archive_candidate,"Source-gated: retained for provenance, never runtime-selectable.",4,do_not_acquire_without_a_named_current_use,RC-G-GENERATION-NOT-ALLOWED RC-G-NO-INDEPENDENT-TECHNICAL-APPROVAL RC-G-PRODUCTION-HOLD RC-S-STALE-OR-SUPERSEDED RC-T-FLAT-GEOMETRY RC-V-NO-SHEET-PRODUCED,RC-G-GENERATION-NOT-ALLOWED RC-G-NO-INDEPENDENT-TECHNICAL-APPROVAL RC-G-PRODUCTION-HOLD RC-V-NO-SHEET-PRODUCED,RC-S-STALE-OR-SUPERSEDED RC-T-FLAT-GEOMETRY,false,false,false,0,"Nothing is blocked. No active launch track's packet set requires this asset, so it is inventory rather than pending work.","Decide retain, archive or retire for AK DPS-SEAL-REQ-2-04 and record the decision. It blocks nothing in the meantime.",HELD
AK,RequestToSealCrimInfo.pdf,RequestToSealCrimInfo.pdf,false,B,official_source_acquisition_required,expected_but_absent,,no_track_binding_established,,,,no render strategy recorded,false,,false,false,true,true,false,,,,,1fb64733f46c397beb69d1da8d72a1f1462669f8dfb7611e86a833c45aa5c80a,false,,not recorded,true,scanned_pdf,,false,no rendered artifact to judge,,flat_overlay_geometry_or_readback held_on_source_or_design missing_binary never_independently_approved,low,none,Roger (official source acquisition),never_independently_reviewed,official_source_required,"The verified source binary is unavailable, so nothing downstream can be attempted.",4,do_not_acquire_without_a_named_current_use,RC-G-GENERATION-NOT-ALLOWED RC-G-NO-INDEPENDENT-TECHNICAL-APPROVAL RC-G-PRODUCTION-HOLD RC-S-BUNDLE-ABSENT RC-T-FLAT-GEOMETRY RC-T-NO-FIELD-CENSUS,RC-G-GENERATION-NOT-ALLOWED RC-G-NO-INDEPENDENT-TECHNICAL-APPROVAL RC-G-PRODUCTION-HOLD RC-S-BUNDLE-ABSENT,RC-T-FLAT-GEOMETRY RC-T-NO-FIELD-CENSUS,false,false,false,0,"The verified binary for AK RequestToSealCrimInfo.pdf is not in the clone, and no track binding exists for it: this asset is keyed by filename while the pinned legal-design registry keys packet components by form number, so nothing joins the two and the affected route cannot be stated. No candidate form-number match was found either.","Retrieve the current official AK RequestToSealCrimInfo.pdf binary from its issuing body, record its URL, retrieval timestamp, publisher, edition date, byte length and SHA-256, and place it at the path its source record pins. Nothing downstream can proceed without those bytes. Separately, establish which packet component, if any, depends on this asset: no track binding exists and no candidate form-number match was found, so this row cannot currently name the route it affects.",HELD
AK,TF-800,Request to Make Case Records Confidential or Sealed Under Administrative Rule 37.6,false,B,official_source_acquisition_required,active_track,ak-tf800,bound_to_tracks_by_the_committed_relationships,,,exact_supported_deferral,acroform_fill,false,exact_supported_deferral,false,false,true,true,false,,,,REV-2025-05,94bab52533d74551f7a8ff8644a9671241b38075c7e05f10806d627dfb898cbd,false,,candidate_current_source,false,acroform,26,false,unprovable: object streams hide objects from the residue scan,false,clipped_overlapping_or_misplaced contact_sheet_shows_no_fill currentness_unverified held_on_source_or_design never_independently_approved rendered_artifact_not_byte_inspectable stale_contact_sheet_manifest_or_review_evidence unfinalized_rendered_artifact,high,contained_by_terminal_treatment,Roger (official source acquisition),never_independently_reviewed,certification_unproven,Artifacts exist but cannot be certified: their active-content cleanliness or finalization cannot be established from the committed bytes.,2,,RC-G-GENERATION-NOT-ALLOWED RC-G-NO-INDEPENDENT-TECHNICAL-APPROVAL RC-G-PRODUCTION-HOLD RC-S-CURRENTNESS-UNVERIFIED RC-T-FACTORY-PROVENANCE RC-T-OBJECT-STREAMS RC-T-UNFLATTENED-FIELDS RC-T-VALUES-IN-APPEARANCES RC-V-CLIPPING RC-V-SHEET-FROM-UNFINALIZED-SOURCE RC-V-SHEET-NO-VISIBILITY-PROOF RC-V-SHEET-PANELS-IDENTICAL,RC-G-GENERATION-NOT-ALLOWED RC-G-NO-INDEPENDENT-TECHNICAL-APPROVAL RC-G-PRODUCTION-HOLD RC-S-CURRENTNESS-UNVERIFIED RC-T-FACTORY-PROVENANCE RC-T-OBJECT-STREAMS RC-T-UNFLATTENED-FIELDS RC-T-VALUES-IN-APPEARANCES RC-V-SHEET-FROM-UNFINALIZED-SOURCE RC-V-SHEET-NO-VISIBILITY-PROOF RC-V-SHEET-PANELS-IDENTICAL,RC-V-CLIPPING,false,true,false,0,"Correcting this asset requires re-rendering it through the current official-form factory, and the verified source binary (SHA-256 94bab52533d74551f7a8ff8644a9671241b38075c7e05f10806d627dfb898cbd) is not present in this clone. The factory renders from the binary; there is nothing to render from.","Retrieve the current official AK TF-800 binary from its issuing body, record its URL, retrieval timestamp, publisher, edition date, byte length and SHA-256, and place it at the path its source record pins. Nothing downstream can proceed without those bytes.",HELD
AK,TF-805,Request to Remove Name from Online Public Index (CourtView) Under Administrative Rule 40(b) or (c),false,B,official_source_acquisition_required,active_track,ak-tf805,bound_to_tracks_by_the_committed_relationships,,,exact_supported_deferral,acroform_fill,false,exact_supported_deferral,false,false,true,true,false,,,,REV-2025-05,96306d64eda397e25094f92c3d67a642372b82cba12f97c6666e5500136e8f54,false,,candidate_current_source,false,acroform,17,false,unprovable: object streams hide objects from the residue scan,false,clipped_overlapping_or_misplaced contact_sheet_shows_no_fill currentness_unverified held_on_source_or_design never_independently_approved rendered_artifact_not_byte_inspectable stale_contact_sheet_manifest_or_review_evidence unfinalized_rendered_artifact,high,contained_by_terminal_treatment,Roger (official source acquisition),never_independently_reviewed,certification_unproven,Artifacts exist but cannot be certified: their active-content cleanliness or finalization cannot be established from the committed bytes.,2,,RC-G-GENERATION-NOT-ALLOWED RC-G-NO-INDEPENDENT-TECHNICAL-APPROVAL RC-G-PRODUCTION-HOLD RC-S-CURRENTNESS-UNVERIFIED RC-T-FACTORY-PROVENANCE RC-T-OBJECT-STREAMS RC-T-UNFLATTENED-FIELDS RC-T-VALUES-IN-APPEARANCES RC-V-CLIPPING RC-V-SHEET-FROM-UNFINALIZED-SOURCE RC-V-SHEET-NO-VISIBILITY-PROOF RC-V-SHEET-PANELS-IDENTICAL,RC-G-GENERATION-NOT-ALLOWED RC-G-NO-INDEPENDENT-TECHNICAL-APPROVAL RC-G-PRODUCTION-HOLD RC-S-CURRENTNESS-UNVERIFIED RC-T-FACTORY-PROVENANCE RC-T-OBJECT-STREAMS RC-T-UNFLATTENED-FIELDS RC-T-VALUES-IN-APPEARANCES RC-V-SHEET-FROM-UNFINALIZED-SOURCE RC-V-SHEET-NO-VISIBILITY-PROOF RC-V-SHEET-PANELS-IDENTICAL,RC-V-CLIPPING,false,true,false,0,"Correcting this asset requires re-rendering it through the current official-form factory, and the verified source binary (SHA-256 96306d64eda397e25094f92c3d67a642372b82cba12f97c6666e5500136e8f54) is not present in this clone. The factory renders from the binary; there is nothing to render from.","Retrieve the current official AK TF-805 binary from its issuing body, record its URL, retrieval timestamp, publisher, edition date, byte length and SHA-256, and place it at the path its source record pins. Nothing downstream can proceed without those bytes.",HELD
AK,TF-810,Request to Exclude Case from Online Public Index (CourtView) Under Administrative Rule 40(a) or AS 22.35.030,false,B,official_source_acquisition_required,active_track,ak-courtview,bound_to_tracks_by_the_committed_relationships,,,guidance_only,acroform_fill,false,,false,false,true,true,false,,,,REV-2025-05,c5e55ce0c0bb2a008ad9cde5e62c4900f413c8fb64a913e94c81554c64b69582,false,,candidate_current_source,false,acroform,23,false,unprovable: object streams hide objects from the residue scan,false,clipped_overlapping_or_misplaced contact_sheet_shows_no_fill currentness_unverified held_on_source_or_design never_independently_approved rendered_artifact_not_byte_inspectable stale_contact_sheet_manifest_or_review_evidence unfinalized_rendered_artifact,high,contained_by_terminal_treatment,Roger (official source acquisition),never_independently_reviewed,certification_unproven,Artifacts exist but cannot be certified: their active-content cleanliness or finalization cannot be established from the committed bytes.,2,,RC-G-GENERATION-NOT-ALLOWED RC-G-NO-INDEPENDENT-TECHNICAL-APPROVAL RC-G-PRODUCTION-HOLD RC-S-CURRENTNESS-UNVERIFIED RC-T-FACTORY-PROVENANCE RC-T-OBJECT-STREAMS RC-T-UNFLATTENED-FIELDS RC-T-VALUES-IN-APPEARANCES RC-V-CLIPPING RC-V-SHEET-FROM-UNFINALIZED-SOURCE RC-V-SHEET-NO-VISIBILITY-PROOF RC-V-SHEET-PANELS-IDENTICAL,RC-G-GENERATION-NOT-ALLOWED RC-G-NO-INDEPENDENT-TECHNICAL-APPROVAL RC-G-PRODUCTION-HOLD RC-S-CURRENTNESS-UNVERIFIED RC-T-FACTORY-PROVENANCE RC-T-OBJECT-STREAMS RC-T-UNFLATTENED-FIELDS RC-T-VALUES-IN-APPEARANCES RC-V-SHEET-FROM-UNFINALIZED-SOURCE RC-V-SHEET-NO-VISIBILITY-PROOF RC-V-SHEET-PANELS-IDENTICAL,RC-V-CLIPPING,false,true,false,0,"Correcting this asset requires re-rendering it through the current official-form factory, and the verified source binary (SHA-256 c5e55ce0c0bb2a008ad9cde5e62c4900f413c8fb64a913e94c81554c64b69582) is not present in this clone. The factory renders from the binary; there is nothing to render from.","Retrieve the current official AK TF-810 binary from its issuing body, record its URL, retrieval timestamp, publisher, edition date, byte length and SHA-256, and place it at the path its source record pins. Nothing downstream can proceed without those bytes.",HELD
AL,al-expungement-petition.html,al-expungement-petition.html,false,B,official_source_acquisition_required,expected_but_absent,,no_track_binding_established,,,,no render strategy recorded,false,,false,false,true,true,false,,,,,fbeb00bc41b8ed948fbbaa31276216849bef70c4cb9cf55e197a414e5725e8b4,false,,not recorded,true,html_form,,false,no rendered artifact to judge,,flat_overlay_geometry_or_readback held_on_source_or_design missing_binary never_independently_approved,low,none,Roger (official source acquisition),never_independently_reviewed,official_source_required,"The verified source binary is unavailable, so nothing downstream can be attempted.",4,do_not_acquire_without_a_named_current_use,RC-G-GENERATION-NOT-ALLOWED RC-G-NO-INDEPENDENT-TECHNICAL-APPROVAL RC-G-PRODUCTION-HOLD RC-S-BUNDLE-ABSENT RC-T-NO-FIELD-CENSUS,RC-G-GENERATION-NOT-ALLOWED RC-G-NO-INDEPENDENT-TECHNICAL-APPROVAL RC-G-PRODUCTION-HOLD RC-S-BUNDLE-ABSENT,RC-T-NO-FIELD-CENSUS,false,false,false,0,"The verified binary for AL al-expungement-petition.html is not in the clone, and no track binding exists for it: this asset is keyed by filename while the pinned legal-design registry keys packet components by form number, so nothing joins the two and the affected route cannot be stated. No candidate form-number match was found either.","Retrieve the current official AL al-expungement-petition.html binary from its issuing body, record its URL, retrieval timestamp, publisher, edition date, byte length and SHA-256, and place it at the path its source record pins. Nothing downstream can proceed without those bytes. Separately, establish which packet component, if any, depends on this asset: no track binding exists and no candidate form-number match was found, so this row cannot currently name the route it affects.",HELD
AL,C-94A,Petition for Order of Limited Relief,false,E,orphaned_or_optional_asset,orphaned_or_optional,,no_track_binding_established,,,,acroform_fill,false,,false,false,true,true,false,,,,REV-2023-10,e7ebe16d45d9a5619fd36f2834d4696efc4c0e7bf3ef42c44fa684906effc2c2,false,,source_or_currentness_gate_open,false,acroform,39,false,unprovable: object streams hide objects from the residue scan,true,clipped_overlapping_or_misplaced held_on_source_or_design never_independently_approved rendered_artifact_not_byte_inspectable stale_contact_sheet_manifest_or_review_evidence stale_or_superseded unfinalized_rendered_artifact,low,none,RCAP inventory owner,never_independently_reviewed,archive_candidate,"Source-gated: retained for provenance, never runtime-selectable.",4,do_not_acquire_without_a_named_current_use,RC-G-GENERATION-NOT-ALLOWED RC-G-NO-INDEPENDENT-TECHNICAL-APPROVAL RC-G-PRODUCTION-HOLD RC-S-STALE-OR-SUPERSEDED RC-T-FACTORY-PROVENANCE RC-T-OBJECT-STREAMS RC-T-UNFLATTENED-FIELDS RC-T-VALUES-IN-APPEARANCES RC-V-CLIPPING RC-V-SHEET-FROM-UNFINALIZED-SOURCE RC-V-SHEET-NO-VISIBILITY-PROOF,RC-G-GENERATION-NOT-ALLOWED RC-G-NO-INDEPENDENT-TECHNICAL-APPROVAL RC-G-PRODUCTION-HOLD RC-T-FACTORY-PROVENANCE RC-T-OBJECT-STREAMS RC-T-UNFLATTENED-FIELDS RC-T-VALUES-IN-APPEARANCES RC-V-SHEET-FROM-UNFINALIZED-SOURCE RC-V-SHEET-NO-VISIBILITY-PROOF,RC-S-STALE-OR-SUPERSEDED RC-V-CLIPPING,false,false,false,0,"Nothing is blocked. No active launch track's packet set requires this asset, so it is inventory rather than pending work.","Decide retain, archive or retire for AL C-94A and record the decision. It blocks nothing in the meantime.",HELD
AL,cr-65-expunge-petition-10-2024.pdf,cr-65-expunge-petition-10-2024.pdf,false,B,official_source_acquisition_required,expected_but_absent,,no_track_binding_established_candidate_form_number_match_unconfirmed,CR-65,al-diversion al-felony-dwop al-felony-nonconviction-90 al-misd-conviction al-misd-dwop al-misd-nonconviction-90 al-pardoned-felony al-trafficking,,no render strategy recorded,false,,false,false,true,true,false,,,,,c2e0c7bd7abca2c83c469d7da1aa0b80b132e653f8712d0b4ce77c8b160b2a39,false,,not recorded,true,dirty_acroform,,false,no rendered artifact to judge,,held_on_source_or_design missing_binary never_independently_approved xfa_javascript_or_active_content_residue,low,none,Roger (official source acquisition),never_independently_reviewed,official_source_required,"The verified source binary is unavailable, so nothing downstream can be attempted.",4,do_not_acquire_without_a_named_current_use,RC-G-GENERATION-NOT-ALLOWED RC-G-NO-INDEPENDENT-TECHNICAL-APPROVAL RC-G-PRODUCTION-HOLD RC-S-BUNDLE-ABSENT RC-T-DIRTY-ACROFORM-SOURCE,RC-G-GENERATION-NOT-ALLOWED RC-G-NO-INDEPENDENT-TECHNICAL-APPROVAL RC-G-PRODUCTION-HOLD RC-S-BUNDLE-ABSENT,RC-T-DIRTY-ACROFORM-SOURCE,false,false,false,0,"The verified binary for AL cr-65-expunge-petition-10-2024.pdf is not in the clone, and no track binding exists for it: this asset is keyed by filename while the pinned legal-design registry keys packet components by form number, so nothing joins the two and the affected route cannot be stated. A candidate, unconfirmed, form-number match is AL CR-65 (tracks al-diversion, al-felony-dwop, al-felony-nonconviction-90, al-misd-conviction, al-misd-dwop, al-misd-nonconviction-90, al-pardoned-felony, al-trafficking).","Retrieve the current official AL cr-65-expunge-petition-10-2024.pdf binary from its issuing body, record its URL, retrieval timestamp, publisher, edition date, byte length and SHA-256, and place it at the path its source record pins. Nothing downstream can proceed without those bytes. Separately, confirm or reject the candidate form-number binding to AL CR-65 so this row can name the route it affects.",HELD
AL,cr-65a-order-on-petition-for-expungement-10-2024.pdf,cr-65a-order-on-petition-for-expungement-10-2024.pdf,false,B,official_source_acquisition_required,expected_but_absent,,no_track_binding_established,,,,no render strategy recorded,false,,false,false,true,true,false,,,,,7bae84d50ef27e30458048805e996654736af561db4e0ca3acae250a6fe50a12,false,,not recorded,true,dirty_acroform,,false,no rendered artifact to judge,,held_on_source_or_design missing_binary never_independently_approved xfa_javascript_or_active_content_residue,low,none,Roger (official source acquisition),never_independently_reviewed,official_source_required,"The verified source binary is unavailable, so nothing downstream can be attempted.",4,do_not_acquire_without_a_named_current_use,RC-G-GENERATION-NOT-ALLOWED RC-G-NO-INDEPENDENT-TECHNICAL-APPROVAL RC-G-PRODUCTION-HOLD RC-S-BUNDLE-ABSENT RC-T-DIRTY-ACROFORM-SOURCE,RC-G-GENERATION-NOT-ALLOWED RC-G-NO-INDEPENDENT-TECHNICAL-APPROVAL RC-G-PRODUCTION-HOLD RC-S-BUNDLE-ABSENT,RC-T-DIRTY-ACROFORM-SOURCE,false,false,false,0,"The verified binary for AL cr-65a-order-on-petition-for-expungement-10-2024.pdf is not in the clone, and no track binding exists for it: this asset is keyed by filename while the pinned legal-design registry keys packet components by form number, so nothing joins the two and the affected route cannot be stated. No candidate form-number match was found either.","Retrieve the current official AL cr-65a-order-on-petition-for-expungement-10-2024.pdf binary from its issuing body, record its URL, retrieval timestamp, publisher, edition date, byte length and SHA-256, and place it at the path its source record pins. Nothing downstream can proceed without those bytes. Separately, establish which packet component, if any, depends on this asset: no track binding exists and no candidate form-number match was found, so this row cannot currently name the route it affects.",HELD
AL,criminal-forms.html,criminal-forms.html,false,B,official_source_acquisition_required,expected_but_absent,,no_track_binding_established,,,,no render strategy recorded,false,,false,false,true,true,false,,,,,55acbbbee2554b6c57dbae84ad13c7aaa78545521cba341499d1c21c07a9e666,false,,not recorded,true,html_form,,false,no rendered artifact to judge,,flat_overlay_geometry_or_readback held_on_source_or_design missing_binary never_independently_approved,low,none,Roger (official source acquisition),never_independently_reviewed,official_source_required,"The verified source binary is unavailable, so nothing downstream can be attempted.",4,do_not_acquire_without_a_named_current_use,RC-G-GENERATION-NOT-ALLOWED RC-G-NO-INDEPENDENT-TECHNICAL-APPROVAL RC-G-PRODUCTION-HOLD RC-S-BUNDLE-ABSENT RC-T-NO-FIELD-CENSUS,RC-G-GENERATION-NOT-ALLOWED RC-G-NO-INDEPENDENT-TECHNICAL-APPROVAL RC-G-PRODUCTION-HOLD RC-S-BUNDLE-ABSENT,RC-T-NO-FIELD-CENSUS,false,false,false,0,"The verified binary for AL criminal-forms.html is not in the clone, and no track binding exists for it: this asset is keyed by filename while the pinned legal-design registry keys packet components by form number, so nothing joins the two and the affected route cannot be stated. No candidate form-number match was found either.","Retrieve the current official AL criminal-forms.html binary from its issuing body, record its URL, retrieval timestamp, publisher, edition date, byte length and SHA-256, and place it at the path its source record pins. Nothing downstream can proceed without those bytes. Separately, establish which packet component, if any, depends on this asset: no track binding exists and no candidate form-number match was found, so this row cannot currently name the route it affects.",HELD
AL,criminal-record-expungement.html,criminal-record-expungement.html,false,B,official_source_acquisition_required,expected_but_absent,,no_track_binding_established,,,,no render strategy recorded,false,,false,false,true,true,false,,,,,021c264e33e7b124273795c68c62b3f5e24d82c28326ed69cb2ebeb4320726bf,false,,not recorded,true,html_form,,false,no rendered artifact to judge,,flat_overlay_geometry_or_readback held_on_source_or_design missing_binary never_independently_approved,low,none,Roger (official source acquisition),never_independently_reviewed,official_source_required,"The verified source binary is unavailable, so nothing downstream can be attempted.",4,do_not_acquire_without_a_named_current_use,RC-G-GENERATION-NOT-ALLOWED RC-G-NO-INDEPENDENT-TECHNICAL-APPROVAL RC-G-PRODUCTION-HOLD RC-S-BUNDLE-ABSENT RC-T-NO-FIELD-CENSUS,RC-G-GENERATION-NOT-ALLOWED RC-G-NO-INDEPENDENT-TECHNICAL-APPROVAL RC-G-PRODUCTION-HOLD RC-S-BUNDLE-ABSENT,RC-T-NO-FIELD-CENSUS,false,false,false,0,"The verified binary for AL criminal-record-expungement.html is not in the clone, and no track binding exists for it: this asset is keyed by filename while the pinned legal-design registry keys packet components by form number, so nothing joins the two and the affected route cannot be stated. No candidate form-number match was found either.","Retrieve the current official AL criminal-record-expungement.html binary from its issuing body, record its URL, retrieval timestamp, publisher, edition date, byte length and SHA-256, and place it at the path its source record pins. Nothing downstream can proceed without those bytes. Separately, establish which packet component, if any, depends on this asset: no track binding exists and no candidate form-number match was found, so this row cannot currently name the route it affects.",HELD
AL,SBI-FORM-46,Application to Review Alabama Criminal History Record Information,false,E,orphaned_or_optional_asset,orphaned_or_optional,,no_track_binding_established,,,,acroform_fill,false,,false,false,true,true,false,,,,REV-2017-10-01,02ce19decc585903f73456371c2f51f8c01b39befa9b9b80560454e901bfb5e7,false,,candidate_current_source,false,acroform,76,false,unprovable: object streams hide objects from the residue scan,true,clipped_overlapping_or_misplaced currentness_unverified held_on_source_or_design never_independently_approved rendered_artifact_not_byte_inspectable stale_contact_sheet_manifest_or_review_evidence unfinalized_rendered_artifact,low,none,RCAP inventory owner,never_independently_reviewed,reference_only,"An instruction, guidance or supporting-process document, not a filed component.",4,do_not_acquire_without_a_named_current_use,RC-G-GENERATION-NOT-ALLOWED RC-G-NO-INDEPENDENT-TECHNICAL-APPROVAL RC-G-PRODUCTION-HOLD RC-S-CURRENTNESS-UNVERIFIED RC-T-FACTORY-PROVENANCE RC-T-OBJECT-STREAMS RC-T-UNFLATTENED-FIELDS RC-T-VALUES-IN-APPEARANCES RC-V-CLIPPING RC-V-SHEET-FROM-UNFINALIZED-SOURCE RC-V-SHEET-NO-VISIBILITY-PROOF,RC-G-GENERATION-NOT-ALLOWED RC-G-NO-INDEPENDENT-TECHNICAL-APPROVAL RC-G-PRODUCTION-HOLD RC-S-CURRENTNESS-UNVERIFIED RC-T-FACTORY-PROVENANCE RC-T-OBJECT-STREAMS RC-T-UNFLATTENED-FIELDS RC-T-VALUES-IN-APPEARANCES RC-V-SHEET-FROM-UNFINALIZED-SOURCE RC-V-SHEET-NO-VISIBILITY-PROOF,RC-V-CLIPPING,false,false,false,0,"Nothing is blocked. No active launch track's packet set requires this asset, so it is inventory rather than pending work.","Decide retain, archive or retire for AL SBI-FORM-46 and record the decision. It blocks nothing in the meantime.",HELD
AR,3-Misdemeanor-Petition-8_01_2023.pdf,3-Misdemeanor-Petition-8_01_2023.pdf,false,B,official_source_acquisition_required,expected_but_absent,,no_track_binding_established,,,,no render strategy recorded,false,,false,false,true,true,false,,,,,63a308c4fd36a35918249574675c3e83ed47e677cffeae30e09c7e344cfcda23,false,,not recorded,true,dirty_acroform,,false,no rendered artifact to judge,,held_on_source_or_design missing_binary never_independently_approved xfa_javascript_or_active_content_residue,low,none,Roger (official source acquisition),never_independently_reviewed,official_source_required,"The verified source binary is unavailable, so nothing downstream can be attempted.",4,do_not_acquire_without_a_named_current_use,RC-G-GENERATION-NOT-ALLOWED RC-G-NO-INDEPENDENT-TECHNICAL-APPROVAL RC-G-PRODUCTION-HOLD RC-S-BUNDLE-ABSENT RC-T-DIRTY-ACROFORM-SOURCE,RC-G-GENERATION-NOT-ALLOWED RC-G-NO-INDEPENDENT-TECHNICAL-APPROVAL RC-G-PRODUCTION-HOLD RC-S-BUNDLE-ABSENT,RC-T-DIRTY-ACROFORM-SOURCE,false,false,false,0,"The verified binary for AR 3-Misdemeanor-Petition-8_01_2023.pdf is not in the clone, and no track binding exists for it: this asset is keyed by filename while the pinned legal-design registry keys packet components by form number, so nothing joins the two and the affected route cannot be stated. No candidate form-number match was found either.","Retrieve the current official AR 3-Misdemeanor-Petition-8_01_2023.pdf binary from its issuing body, record its URL, retrieval timestamp, publisher, edition date, byte length and SHA-256, and place it at the path its source record pins. Nothing downstream can proceed without those bytes. Separately, establish which packet component, if any, depends on this asset: no track binding exists and no candidate form-number match was found, so this row cannot currently name the route it affects.",HELD
AR,7_Nolle_Prosequi_Dismissed_Acquittal_Petition_2020_F.pdf,7_Nolle_Prosequi_Dismissed_Acquittal_Petition_2020_F.pdf,false,B,official_source_acquisition_required,expected_but_absent,,no_track_binding_established,,,,no render strategy recorded,false,,false,false,true,true,false,,,,,09f323174881934239734e3a418eb4fec0b4bd0f7e199e8698c3af95a659fa61,false,,not recorded,true,dirty_acroform,,false,no rendered artifact to judge,,held_on_source_or_design missing_binary never_independently_approved xfa_javascript_or_active_content_residue,low,none,Roger (official source acquisition),never_independently_reviewed,official_source_required,"The verified source binary is unavailable, so nothing downstream can be attempted.",4,do_not_acquire_without_a_named_current_use,RC-G-GENERATION-NOT-ALLOWED RC-G-NO-INDEPENDENT-TECHNICAL-APPROVAL RC-G-PRODUCTION-HOLD RC-S-BUNDLE-ABSENT RC-T-DIRTY-ACROFORM-SOURCE,RC-G-GENERATION-NOT-ALLOWED RC-G-NO-INDEPENDENT-TECHNICAL-APPROVAL RC-G-PRODUCTION-HOLD RC-S-BUNDLE-ABSENT,RC-T-DIRTY-ACROFORM-SOURCE,false,false,false,0,"The verified binary for AR 7_Nolle_Prosequi_Dismissed_Acquittal_Petition_2020_F.pdf is not in the clone, and no track binding exists for it: this asset is keyed by filename while the pinned legal-design registry keys packet components by form number, so nothing joins the two and the affected route cannot be stated. No candidate form-number match was found either.","Retrieve the current official AR 7_Nolle_Prosequi_Dismissed_Acquittal_Petition_2020_F.pdf binary from its issuing body, record its URL, retrieval timestamp, publisher, edition date, byte length and SHA-256, and place it at the path its source record pins. Nothing downstream can proceed without those bytes. Separately, establish which packet component, if any, depends on this asset: no track binding exists and no candidate form-number match was found, so this row cannot currently name the route it affects.",HELD
AR,AR-ACIC-ORDER-OF-PROBATION-UNDER-ACT-346,Order of Probation Under Act 346 and Act 1460,false,E,orphaned_or_optional_asset,orphaned_or_optional,,no_track_binding_established,,,,acroform_fill,false,,false,false,true,true,false,,,,REV-2014-08-25,5e0923268f5c5a0893118ac07bdf6d468190c77ad58ee7db9f077631c996d320,false,,source_or_currentness_gate_open,false,acroform,30,false,unprovable: object streams hide objects from the residue scan,false,clipped_overlapping_or_misplaced contact_sheet_shows_no_fill held_on_source_or_design never_independently_approved rendered_artifact_not_byte_inspectable stale_contact_sheet_manifest_or_review_evidence stale_or_superseded unfinalized_rendered_artifact,low,none,RCAP inventory owner,never_independently_reviewed,archive_candidate,"Source-gated: retained for provenance, never runtime-selectable.",4,do_not_acquire_without_a_named_current_use,RC-G-GENERATION-NOT-ALLOWED RC-G-NO-INDEPENDENT-TECHNICAL-APPROVAL RC-G-PRODUCTION-HOLD RC-S-STALE-OR-SUPERSEDED RC-T-FACTORY-PROVENANCE RC-T-OBJECT-STREAMS RC-T-UNFLATTENED-FIELDS RC-T-VALUES-IN-APPEARANCES RC-V-CLIPPING RC-V-SHEET-FROM-UNFINALIZED-SOURCE RC-V-SHEET-NO-VISIBILITY-PROOF RC-V-SHEET-PANELS-IDENTICAL,RC-G-GENERATION-NOT-ALLOWED RC-G-NO-INDEPENDENT-TECHNICAL-APPROVAL RC-G-PRODUCTION-HOLD RC-T-FACTORY-PROVENANCE RC-T-OBJECT-STREAMS RC-T-UNFLATTENED-FIELDS RC-T-VALUES-IN-APPEARANCES RC-V-SHEET-FROM-UNFINALIZED-SOURCE RC-V-SHEET-NO-VISIBILITY-PROOF RC-V-SHEET-PANELS-IDENTICAL,RC-S-STALE-OR-SUPERSEDED RC-V-CLIPPING,false,false,false,0,"Nothing is blocked. No active launch track's packet set requires this asset, so it is inventory rather than pending work.","Decide retain, archive or retire for AR AR-ACIC-ORDER-OF-PROBATION-UNDER-ACT-346 and record the decision. It blocks nothing in the meantime.",HELD
AR,AR-ACIC-ORDER-TO-DISMISS-AND-SEAL-FIRST-OFFENDERS-ACT-346,Order to Dismiss and Seal First Offenders Under Act 346 and Act 1460,false,E,orphaned_or_optional_asset,orphaned_or_optional,,no_track_binding_established,,,,acroform_fill,false,,false,false,true,true,false,,,,REV-2014-01-01,70f97584a628507e064540a4bf2830b46162de8f799d2a2a78285db446d15740,false,,source_or_currentness_gate_open,false,acroform,36,false,unprovable: object streams hide objects from the residue scan,false,clipped_overlapping_or_misplaced contact_sheet_shows_no_fill held_on_source_or_design never_independently_approved rendered_artifact_not_byte_inspectable stale_contact_sheet_manifest_or_review_evidence stale_or_superseded unfinalized_rendered_artifact,low,none,RCAP inventory owner,never_independently_reviewed,archive_candidate,"Source-gated: retained for provenance, never runtime-selectable.",4,do_not_acquire_without_a_named_current_use,RC-G-GENERATION-NOT-ALLOWED RC-G-NO-INDEPENDENT-TECHNICAL-APPROVAL RC-G-PRODUCTION-HOLD RC-S-STALE-OR-SUPERSEDED RC-T-FACTORY-PROVENANCE RC-T-OBJECT-STREAMS RC-T-UNFLATTENED-FIELDS RC-T-VALUES-IN-APPEARANCES RC-V-CLIPPING RC-V-SHEET-FROM-UNFINALIZED-SOURCE RC-V-SHEET-NO-VISIBILITY-PROOF RC-V-SHEET-PANELS-IDENTICAL,RC-G-GENERATION-NOT-ALLOWED RC-G-NO-INDEPENDENT-TECHNICAL-APPROVAL RC-G-PRODUCTION-HOLD RC-T-FACTORY-PROVENANCE RC-T-OBJECT-STREAMS RC-T-UNFLATTENED-FIELDS RC-T-VALUES-IN-APPEARANCES RC-V-SHEET-FROM-UNFINALIZED-SOURCE RC-V-SHEET-NO-VISIBILITY-PROOF RC-V-SHEET-PANELS-IDENTICAL,RC-S-STALE-OR-SUPERSEDED RC-V-CLIPPING,false,false,false,0,"Nothing is blocked. No active launch track's packet set requires this asset, so it is inventory rather than pending work.","Decide retain, archive or retire for AR AR-ACIC-ORDER-TO-DISMISS-AND-SEAL-FIRST-OFFENDERS-ACT-346 and record the decision. It blocks nothing in the meantime.",HELD
AR,AR-ACIC-ORDER-TO-DISMISS-AND-SEAL-POST-ADJUDICATION-DRUG-COURT-OFF,Order to Dismiss and Seal Offense in Post-Adjudication Drug Court Proceeding,false,E,orphaned_or_optional_asset,orphaned_or_optional,,no_track_binding_established,,,,acroform_fill,false,,false,false,true,true,false,,,,REV-2014-01-01,731fd089f5b019002269ec86905cea946d5841b988102c222edfbd630290eaf2,false,,source_or_currentness_gate_open,false,acroform,50,false,unprovable: object streams hide objects from the residue scan,false,clipped_overlapping_or_misplaced contact_sheet_shows_no_fill held_on_source_or_design never_independently_approved rendered_artifact_not_byte_inspectable stale_contact_sheet_manifest_or_review_evidence stale_or_superseded unfinalized_rendered_artifact,low,none,RCAP inventory owner,never_independently_reviewed,archive_candidate,"Source-gated: retained for provenance, never runtime-selectable.",4,do_not_acquire_without_a_named_current_use,RC-G-GENERATION-NOT-ALLOWED RC-G-NO-INDEPENDENT-TECHNICAL-APPROVAL RC-G-PRODUCTION-HOLD RC-S-STALE-OR-SUPERSEDED RC-T-FACTORY-PROVENANCE RC-T-OBJECT-STREAMS RC-T-UNFLATTENED-FIELDS RC-T-VALUES-IN-APPEARANCES RC-V-CLIPPING RC-V-SHEET-FROM-UNFINALIZED-SOURCE RC-V-SHEET-NO-VISIBILITY-PROOF RC-V-SHEET-PANELS-IDENTICAL,RC-G-GENERATION-NOT-ALLOWED RC-G-NO-INDEPENDENT-TECHNICAL-APPROVAL RC-G-PRODUCTION-HOLD RC-T-FACTORY-PROVENANCE RC-T-OBJECT-STREAMS RC-T-UNFLATTENED-FIELDS RC-T-VALUES-IN-APPEARANCES RC-V-SHEET-FROM-UNFINALIZED-SOURCE RC-V-SHEET-NO-VISIBILITY-PROOF RC-V-SHEET-PANELS-IDENTICAL,RC-S-STALE-OR-SUPERSEDED RC-V-CLIPPING,false,false,false,0,"Nothing is blocked. No active launch track's packet set requires this asset, so it is inventory rather than pending work.","Decide retain, archive or retire for AR AR-ACIC-ORDER-TO-DISMISS-AND-SEAL-POST-ADJUDICATION-DRUG-COURT-OFF and record the decision. It blocks nothing in the meantime.",HELD
AR,AR-ACIC-ORDER-TO-DISMISS-AND-SEAL-PRE-ADJUDICATION-DRUG-COURT-OFFE,Order to Dismiss and Seal Offense in Pre-Adjudication Drug Court Proceeding,false,E,orphaned_or_optional_asset,orphaned_or_optional,,no_track_binding_established,,,,acroform_fill,false,,false,false,true,true,false,,,,REV-2014-01-01,b7532d415611a9fe3046fd6fa1aaf662d93c20ba21bf27a3ab8066c96d63b13e,false,,source_or_currentness_gate_open,false,acroform,45,false,unprovable: object streams hide objects from the residue scan,false,clipped_overlapping_or_misplaced contact_sheet_shows_no_fill held_on_source_or_design never_independently_approved rendered_artifact_not_byte_inspectable stale_contact_sheet_manifest_or_review_evidence stale_or_superseded unfinalized_rendered_artifact,low,none,RCAP inventory owner,never_independently_reviewed,archive_candidate,"Source-gated: retained for provenance, never runtime-selectable.",4,do_not_acquire_without_a_named_current_use,RC-G-GENERATION-NOT-ALLOWED RC-G-NO-INDEPENDENT-TECHNICAL-APPROVAL RC-G-PRODUCTION-HOLD RC-S-STALE-OR-SUPERSEDED RC-T-FACTORY-PROVENANCE RC-T-OBJECT-STREAMS RC-T-UNFLATTENED-FIELDS RC-T-VALUES-IN-APPEARANCES RC-V-CLIPPING RC-V-SHEET-FROM-UNFINALIZED-SOURCE RC-V-SHEET-NO-VISIBILITY-PROOF RC-V-SHEET-PANELS-IDENTICAL,RC-G-GENERATION-NOT-ALLOWED RC-G-NO-INDEPENDENT-TECHNICAL-APPROVAL RC-G-PRODUCTION-HOLD RC-T-FACTORY-PROVENANCE RC-T-OBJECT-STREAMS RC-T-UNFLATTENED-FIELDS RC-T-VALUES-IN-APPEARANCES RC-V-SHEET-FROM-UNFINALIZED-SOURCE RC-V-SHEET-NO-VISIBILITY-PROOF RC-V-SHEET-PANELS-IDENTICAL,RC-S-STALE-OR-SUPERSEDED RC-V-CLIPPING,false,false,false,0,"Nothing is blocked. No active launch track's packet set requires this asset, so it is inventory rather than pending work.","Decide retain, archive or retire for AR AR-ACIC-ORDER-TO-DISMISS-AND-SEAL-PRE-ADJUDICATION-DRUG-COURT-OFFE and record the decision. It blocks nothing in the meantime.",HELD
AR,AR-ACIC-ORDER-TO-SEAL-ARREST-UNDER-ACT-1460,Order to Seal Arrest Under Act 1460 of 2013,false,E,orphaned_or_optional_asset,orphaned_or_optional,,no_track_binding_established,,,,acroform_fill,false,,false,false,true,true,false,,,,REV-2014-01-01,5bd4ed5bd1b658295b50c2ea7126e276982fd705045f36adfc1f074923722581,false,,source_or_currentness_gate_open,false,acroform,29,false,unprovable: object streams hide objects from the residue scan,false,clipped_overlapping_or_misplaced contact_sheet_shows_no_fill held_on_source_or_design never_independently_approved rendered_artifact_not_byte_inspectable stale_contact_sheet_manifest_or_review_evidence stale_or_superseded unfinalized_rendered_artifact,low,none,RCAP inventory owner,never_independently_reviewed,archive_candidate,"Source-gated: retained for provenance, never runtime-selectable.",4,do_not_acquire_without_a_named_current_use,RC-G-GENERATION-NOT-ALLOWED RC-G-NO-INDEPENDENT-TECHNICAL-APPROVAL RC-G-PRODUCTION-HOLD RC-S-STALE-OR-SUPERSEDED RC-T-FACTORY-PROVENANCE RC-T-OBJECT-STREAMS RC-T-UNFLATTENED-FIELDS RC-T-VALUES-IN-APPEARANCES RC-V-CLIPPING RC-V-SHEET-FROM-UNFINALIZED-SOURCE RC-V-SHEET-NO-VISIBILITY-PROOF RC-V-SHEET-PANELS-IDENTICAL,RC-G-GENERATION-NOT-ALLOWED RC-G-NO-INDEPENDENT-TECHNICAL-APPROVAL RC-G-PRODUCTION-HOLD RC-T-FACTORY-PROVENANCE RC-T-OBJECT-STREAMS RC-T-UNFLATTENED-FIELDS RC-T-VALUES-IN-APPEARANCES RC-V-SHEET-FROM-UNFINALIZED-SOURCE RC-V-SHEET-NO-VISIBILITY-PROOF RC-V-SHEET-PANELS-IDENTICAL,RC-S-STALE-OR-SUPERSEDED RC-V-CLIPPING,false,false,false,0,"Nothing is blocked. No active launch track's packet set requires this asset, so it is inventory rather than pending work.","Decide retain, archive or retire for AR AR-ACIC-ORDER-TO-SEAL-ARREST-UNDER-ACT-1460 and record the decision. It blocks nothing in the meantime.",HELD
AR,AR-ACIC-ORDER-TO-SEAL-CONTROLLED-OR-COUNTERFEIT-SUBSTANCE-POSSESSI,Order to Seal Conviction for Possession of Controlled or Counterfeit Substance,false,E,orphaned_or_optional_asset,orphaned_or_optional,,no_track_binding_established,,,,acroform_fill,false,,false,false,true,true,false,,,,REV-2014-01-01,b347754fd115adea52068fe5cd267f84021f8f435a7b86c02c3347dd86f9f555,false,,source_or_currentness_gate_open,false,acroform,29,false,unprovable: object streams hide objects from the residue scan,false,clipped_overlapping_or_misplaced contact_sheet_shows_no_fill held_on_source_or_design never_independently_approved rendered_artifact_not_byte_inspectable stale_contact_sheet_manifest_or_review_evidence stale_or_superseded unfinalized_rendered_artifact,low,none,RCAP inventory owner,never_independently_reviewed,archive_candidate,"Source-gated: retained for provenance, never runtime-selectable.",4,do_not_acquire_without_a_named_current_use,RC-G-GENERATION-NOT-ALLOWED RC-G-NO-INDEPENDENT-TECHNICAL-APPROVAL RC-G-PRODUCTION-HOLD RC-S-STALE-OR-SUPERSEDED RC-T-FACTORY-PROVENANCE RC-T-OBJECT-STREAMS RC-T-UNFLATTENED-FIELDS RC-T-VALUES-IN-APPEARANCES RC-V-CLIPPING RC-V-SHEET-FROM-UNFINALIZED-SOURCE RC-V-SHEET-NO-VISIBILITY-PROOF RC-V-SHEET-PANELS-IDENTICAL,RC-G-GENERATION-NOT-ALLOWED RC-G-NO-INDEPENDENT-TECHNICAL-APPROVAL RC-G-PRODUCTION-HOLD RC-T-FACTORY-PROVENANCE RC-T-OBJECT-STREAMS RC-T-UNFLATTENED-FIELDS RC-T-VALUES-IN-APPEARANCES RC-V-SHEET-FROM-UNFINALIZED-SOURCE RC-V-SHEET-NO-VISIBILITY-PROOF RC-V-SHEET-PANELS-IDENTICAL,RC-S-STALE-OR-SUPERSEDED RC-V-CLIPPING,false,false,false,0,"Nothing is blocked. No active launch track's packet set requires this asset, so it is inventory rather than pending work.","Decide retain, archive or retire for AR AR-ACIC-ORDER-TO-SEAL-CONTROLLED-OR-COUNTERFEIT-SUBSTANCE-POSSESSI and record the decision. It blocks nothing in the meantime.",HELD
AR,AR-ACIC-ORDER-TO-SEAL-FELONY-UNDER-ACT-1460,Order to Seal Felony Under Act 1460 of 2013,false,E,orphaned_or_optional_asset,orphaned_or_optional,,no_track_binding_established,,,,acroform_fill,false,,false,false,true,true,false,,,,REV-2021-08-16,dcb87ba9ff3b64f5db9231f2f3b9d16b86264ac75cbdf81d706921ab3592f4cc,false,,source_or_currentness_gate_open,false,acroform,43,false,unprovable: object streams hide objects from the residue scan,false,clipped_overlapping_or_misplaced contact_sheet_shows_no_fill held_on_source_or_design never_independently_approved rendered_artifact_not_byte_inspectable stale_contact_sheet_manifest_or_review_evidence stale_or_superseded unfinalized_rendered_artifact,low,none,RCAP inventory owner,never_independently_reviewed,archive_candidate,"Source-gated: retained for provenance, never runtime-selectable.",4,do_not_acquire_without_a_named_current_use,RC-G-GENERATION-NOT-ALLOWED RC-G-NO-INDEPENDENT-TECHNICAL-APPROVAL RC-G-PRODUCTION-HOLD RC-S-STALE-OR-SUPERSEDED RC-T-FACTORY-PROVENANCE RC-T-OBJECT-STREAMS RC-T-UNFLATTENED-FIELDS RC-T-VALUES-IN-APPEARANCES RC-V-CLIPPING RC-V-SHEET-FROM-UNFINALIZED-SOURCE RC-V-SHEET-NO-VISIBILITY-PROOF RC-V-SHEET-PANELS-IDENTICAL,RC-G-GENERATION-NOT-ALLOWED RC-G-NO-INDEPENDENT-TECHNICAL-APPROVAL RC-G-PRODUCTION-HOLD RC-T-FACTORY-PROVENANCE RC-T-OBJECT-STREAMS RC-T-UNFLATTENED-FIELDS RC-T-VALUES-IN-APPEARANCES RC-V-SHEET-FROM-UNFINALIZED-SOURCE RC-V-SHEET-NO-VISIBILITY-PROOF RC-V-SHEET-PANELS-IDENTICAL,RC-S-STALE-OR-SUPERSEDED RC-V-CLIPPING,false,false,false,0,"Nothing is blocked. No active launch track's packet set requires this asset, so it is inventory rather than pending work.","Decide retain, archive or retire for AR AR-ACIC-ORDER-TO-SEAL-FELONY-UNDER-ACT-1460 and record the decision. It blocks nothing in the meantime.",HELD
AR,AR-ACIC-ORDER-TO-SEAL-MISDEMEANOR-DWI-OR-BWI-CONVICTION,Order to Seal a Misdemeanor Conviction for Driving or Boating While Intoxicated,false,E,orphaned_or_optional_asset,orphaned_or_optional,,no_track_binding_established,,,,flat_overlay,false,,false,false,true,true,false,,,,REV-2021-07-27,ae6b81f6882133c207f23435b00785b50b40e014c616d3c77707e8b6020d43af,false,,source_or_currentness_gate_open,false,flat_pdf,0,false,unprovable: object streams hide objects from the residue scan,true,clipped_overlapping_or_misplaced flat_overlay_geometry_or_readback held_on_source_or_design never_independently_approved rendered_artifact_not_byte_inspectable stale_contact_sheet_manifest_or_review_evidence stale_or_superseded unfinalized_rendered_artifact,low,none,RCAP inventory owner,never_independently_reviewed,archive_candidate,"Source-gated: retained for provenance, never runtime-selectable.",4,do_not_acquire_without_a_named_current_use,RC-G-GENERATION-NOT-ALLOWED RC-G-NO-INDEPENDENT-TECHNICAL-APPROVAL RC-G-PRODUCTION-HOLD RC-S-STALE-OR-SUPERSEDED RC-T-FACTORY-PROVENANCE RC-T-FLAT-GEOMETRY RC-T-OBJECT-STREAMS RC-V-CLIPPING RC-V-SHEET-FROM-UNFINALIZED-SOURCE RC-V-SHEET-NO-VISIBILITY-PROOF,RC-G-GENERATION-NOT-ALLOWED RC-G-NO-INDEPENDENT-TECHNICAL-APPROVAL RC-G-PRODUCTION-HOLD RC-T-FACTORY-PROVENANCE RC-T-OBJECT-STREAMS RC-V-SHEET-FROM-UNFINALIZED-SOURCE RC-V-SHEET-NO-VISIBILITY-PROOF,RC-S-STALE-OR-SUPERSEDED RC-T-FLAT-GEOMETRY RC-V-CLIPPING,false,false,false,0,"Nothing is blocked. No active launch track's packet set requires this asset, so it is inventory rather than pending work.","Decide retain, archive or retire for AR AR-ACIC-ORDER-TO-SEAL-MISDEMEANOR-DWI-OR-BWI-CONVICTION and record the decision. It blocks nothing in the meantime.",HELD
AR,AR-ACIC-ORDER-TO-SEAL-MISDEMEANORS-UNDER-ACT-1460,Order to Seal Misdemeanors Under Act 1460 of 2013,false,E,orphaned_or_optional_asset,orphaned_or_optional,,no_track_binding_established,,,,acroform_fill,false,,false,false,true,true,false,,,,REV-2019-08-01,4d6bc578c6a40a58d1234315939d46579862b5d382c85359ae4334763e7bbcc8,false,,source_or_currentness_gate_open,false,acroform,37,false,unprovable: object streams hide objects from the residue scan,false,clipped_overlapping_or_misplaced contact_sheet_shows_no_fill held_on_source_or_design never_independently_approved rendered_artifact_not_byte_inspectable stale_contact_sheet_manifest_or_review_evidence stale_or_superseded unfinalized_rendered_artifact,low,none,RCAP inventory owner,never_independently_reviewed,archive_candidate,"Source-gated: retained for provenance, never runtime-selectable.",4,do_not_acquire_without_a_named_current_use,RC-G-GENERATION-NOT-ALLOWED RC-G-NO-INDEPENDENT-TECHNICAL-APPROVAL RC-G-PRODUCTION-HOLD RC-S-STALE-OR-SUPERSEDED RC-T-FACTORY-PROVENANCE RC-T-OBJECT-STREAMS RC-T-UNFLATTENED-FIELDS RC-T-VALUES-IN-APPEARANCES RC-V-CLIPPING RC-V-SHEET-FROM-UNFINALIZED-SOURCE RC-V-SHEET-NO-VISIBILITY-PROOF RC-V-SHEET-PANELS-IDENTICAL,RC-G-GENERATION-NOT-ALLOWED RC-G-NO-INDEPENDENT-TECHNICAL-APPROVAL RC-G-PRODUCTION-HOLD RC-T-FACTORY-PROVENANCE RC-T-OBJECT-STREAMS RC-T-UNFLATTENED-FIELDS RC-T-VALUES-IN-APPEARANCES RC-V-SHEET-FROM-UNFINALIZED-SOURCE RC-V-SHEET-NO-VISIBILITY-PROOF RC-V-SHEET-PANELS-IDENTICAL,RC-S-STALE-OR-SUPERSEDED RC-V-CLIPPING,false,false,false,0,"Nothing is blocked. No active launch track's packet set requires this asset, so it is inventory rather than pending work.","Decide retain, archive or retire for AR AR-ACIC-ORDER-TO-SEAL-MISDEMEANORS-UNDER-ACT-1460 and record the decision. It blocks nothing in the meantime.",HELD
AR,AR-ACIC-ORDER-TO-SEAL-NOLLE-PROSEQUI-DISMISSAL-ACQUITTAL-OR-NO-CHA,"Order to Seal Records of Nolle Prosequi, Dismissals, Judgments of Acquittal, and Charges Not Filed",false,E,orphaned_or_optional_asset,orphaned_or_optional,,no_track_binding_established,,,,acroform_fill,false,,false,false,true,true,false,,,,REV-2023-10-25,4ca0a57a56f7662dd6590e9bfbbe7b96fcf2d39df8ca84253c53e9bd0f07605a,false,,source_or_currentness_gate_open,false,acroform,33,false,unprovable: object streams hide objects from the residue scan,false,clipped_overlapping_or_misplaced contact_sheet_shows_no_fill held_on_source_or_design never_independently_approved rendered_artifact_not_byte_inspectable stale_contact_sheet_manifest_or_review_evidence stale_or_superseded unfinalized_rendered_artifact,low,none,RCAP inventory owner,never_independently_reviewed,archive_candidate,"Source-gated: retained for provenance, never runtime-selectable.",4,do_not_acquire_without_a_named_current_use,RC-G-GENERATION-NOT-ALLOWED RC-G-NO-INDEPENDENT-TECHNICAL-APPROVAL RC-G-PRODUCTION-HOLD RC-S-STALE-OR-SUPERSEDED RC-T-FACTORY-PROVENANCE RC-T-OBJECT-STREAMS RC-T-UNFLATTENED-FIELDS RC-T-VALUES-IN-APPEARANCES RC-V-CLIPPING RC-V-SHEET-FROM-UNFINALIZED-SOURCE RC-V-SHEET-NO-VISIBILITY-PROOF RC-V-SHEET-PANELS-IDENTICAL,RC-G-GENERATION-NOT-ALLOWED RC-G-NO-INDEPENDENT-TECHNICAL-APPROVAL RC-G-PRODUCTION-HOLD RC-T-FACTORY-PROVENANCE RC-T-OBJECT-STREAMS RC-T-UNFLATTENED-FIELDS RC-T-VALUES-IN-APPEARANCES RC-V-SHEET-FROM-UNFINALIZED-SOURCE RC-V-SHEET-NO-VISIBILITY-PROOF RC-V-SHEET-PANELS-IDENTICAL,RC-S-STALE-OR-SUPERSEDED RC-V-CLIPPING,false,false,false,0,"Nothing is blocked. No active launch track's packet set requires this asset, so it is inventory rather than pending work.","Decide retain, archive or retire for AR AR-ACIC-ORDER-TO-SEAL-NOLLE-PROSEQUI-DISMISSAL-ACQUITTAL-OR-NO-CHA and record the decision. It blocks nothing in the meantime.",HELD
AR,AR-ACIC-ORDER-TO-SEAL-RECORDS-OF-PARDONED-OFFENDER-OR-YOUTHFUL-FEL,Order to Seal Records of a Pardoned Offender or Pardoned Youthful Felony Offender,false,E,orphaned_or_optional_asset,orphaned_or_optional,,no_track_binding_established,,,,flat_overlay,false,,false,false,true,true,false,,,,REV-2022-03-07,741fda999c348d763848b98053f93e8c28d25dcc1ba5e8438e98b1bdf555ae6e,false,,source_or_currentness_gate_open,false,flat_pdf,0,false,unprovable: object streams hide objects from the residue scan,true,clipped_overlapping_or_misplaced flat_overlay_geometry_or_readback held_on_source_or_design never_independently_approved rendered_artifact_not_byte_inspectable stale_contact_sheet_manifest_or_review_evidence stale_or_superseded unfinalized_rendered_artifact,low,none,RCAP inventory owner,never_independently_reviewed,archive_candidate,"Source-gated: retained for provenance, never runtime-selectable.",4,do_not_acquire_without_a_named_current_use,RC-G-GENERATION-NOT-ALLOWED RC-G-NO-INDEPENDENT-TECHNICAL-APPROVAL RC-G-PRODUCTION-HOLD RC-S-STALE-OR-SUPERSEDED RC-T-FACTORY-PROVENANCE RC-T-FLAT-GEOMETRY RC-T-OBJECT-STREAMS RC-V-CLIPPING RC-V-SHEET-FROM-UNFINALIZED-SOURCE RC-V-SHEET-NO-VISIBILITY-PROOF,RC-G-GENERATION-NOT-ALLOWED RC-G-NO-INDEPENDENT-TECHNICAL-APPROVAL RC-G-PRODUCTION-HOLD RC-T-FACTORY-PROVENANCE RC-T-OBJECT-STREAMS RC-V-SHEET-FROM-UNFINALIZED-SOURCE RC-V-SHEET-NO-VISIBILITY-PROOF,RC-S-STALE-OR-SUPERSEDED RC-T-FLAT-GEOMETRY RC-V-CLIPPING,false,false,false,0,"Nothing is blocked. No active launch track's packet set requires this asset, so it is inventory rather than pending work.","Decide retain, archive or retire for AR AR-ACIC-ORDER-TO-SEAL-RECORDS-OF-PARDONED-OFFENDER-OR-YOUTHFUL-FEL and record the decision. It blocks nothing in the meantime.",HELD
AR,AR-ACIC-ORDER-TO-SEAL-UNDER-COMMUNITY-PUNISHMENT-ACT-531-AND-ACT-1,Order to Seal Pursuant to Act 531 of 1993 and Act 1460 of 2013,false,E,orphaned_or_optional_asset,orphaned_or_optional,,no_track_binding_established,,,,acroform_fill,false,,false,false,true,true,false,,,,REV-2014-08-25,edd3eb10e5b3830afa417f4165611489a32c1f43d2dde3203855bdbe3b0b19da,false,,source_or_currentness_gate_open,false,acroform,38,false,unprovable: object streams hide objects from the residue scan,false,clipped_overlapping_or_misplaced contact_sheet_shows_no_fill held_on_source_or_design never_independently_approved rendered_artifact_not_byte_inspectable stale_contact_sheet_manifest_or_review_evidence stale_or_superseded unfinalized_rendered_artifact,low,none,RCAP inventory owner,never_independently_reviewed,archive_candidate,"Source-gated: retained for provenance, never runtime-selectable.",4,do_not_acquire_without_a_named_current_use,RC-G-GENERATION-NOT-ALLOWED RC-G-NO-INDEPENDENT-TECHNICAL-APPROVAL RC-G-PRODUCTION-HOLD RC-S-STALE-OR-SUPERSEDED RC-T-FACTORY-PROVENANCE RC-T-OBJECT-STREAMS RC-T-UNFLATTENED-FIELDS RC-T-VALUES-IN-APPEARANCES RC-V-CLIPPING RC-V-SHEET-FROM-UNFINALIZED-SOURCE RC-V-SHEET-NO-VISIBILITY-PROOF RC-V-SHEET-PANELS-IDENTICAL,RC-G-GENERATION-NOT-ALLOWED RC-G-NO-INDEPENDENT-TECHNICAL-APPROVAL RC-G-PRODUCTION-HOLD RC-T-FACTORY-PROVENANCE RC-T-OBJECT-STREAMS RC-T-UNFLATTENED-FIELDS RC-T-VALUES-IN-APPEARANCES RC-V-SHEET-FROM-UNFINALIZED-SOURCE RC-V-SHEET-NO-VISIBILITY-PROOF RC-V-SHEET-PANELS-IDENTICAL,RC-S-STALE-OR-SUPERSEDED RC-V-CLIPPING,false,false,false,0,"Nothing is blocked. No active launch track's packet set requires this asset, so it is inventory rather than pending work.","Decide retain, archive or retire for AR AR-ACIC-ORDER-TO-SEAL-UNDER-COMMUNITY-PUNISHMENT-ACT-531-AND-ACT-1 and record the decision. It blocks nothing in the meantime.",HELD
AR,AR-ACIC-PETITION-TO-DISMISS-AND-SEAL-POST-ADJUDICATION-DRUG-COURT,Petition to Dismiss and Seal Offense in Post-Adjudication Drug Court Proceeding,false,E,orphaned_or_optional_asset,orphaned_or_optional,,no_track_binding_established,,,,acroform_fill,false,,false,false,true,true,false,,,,REV-2014-01-01,99657d0eac1f5ea51814f4c663b483749228a06412ba1e9dd1805aeac4826e39,false,,source_or_currentness_gate_open,false,acroform,47,false,unprovable: object streams hide objects from the residue scan,false,clipped_overlapping_or_misplaced contact_sheet_shows_no_fill held_on_source_or_design never_independently_approved rendered_artifact_not_byte_inspectable stale_contact_sheet_manifest_or_review_evidence stale_or_superseded unfinalized_rendered_artifact,low,none,RCAP inventory owner,never_independently_reviewed,archive_candidate,"Source-gated: retained for provenance, never runtime-selectable.",4,do_not_acquire_without_a_named_current_use,RC-G-GENERATION-NOT-ALLOWED RC-G-NO-INDEPENDENT-TECHNICAL-APPROVAL RC-G-PRODUCTION-HOLD RC-S-STALE-OR-SUPERSEDED RC-T-FACTORY-PROVENANCE RC-T-OBJECT-STREAMS RC-T-UNFLATTENED-FIELDS RC-T-VALUES-IN-APPEARANCES RC-V-CLIPPING RC-V-SHEET-FROM-UNFINALIZED-SOURCE RC-V-SHEET-NO-VISIBILITY-PROOF RC-V-SHEET-PANELS-IDENTICAL,RC-G-GENERATION-NOT-ALLOWED RC-G-NO-INDEPENDENT-TECHNICAL-APPROVAL RC-G-PRODUCTION-HOLD RC-T-FACTORY-PROVENANCE RC-T-OBJECT-STREAMS RC-T-UNFLATTENED-FIELDS RC-T-VALUES-IN-APPEARANCES RC-V-SHEET-FROM-UNFINALIZED-SOURCE RC-V-SHEET-NO-VISIBILITY-PROOF RC-V-SHEET-PANELS-IDENTICAL,RC-S-STALE-OR-SUPERSEDED RC-V-CLIPPING,false,false,false,0,"Nothing is blocked. No active launch track's packet set requires this asset, so it is inventory rather than pending work.","Decide retain, archive or retire for AR AR-ACIC-PETITION-TO-DISMISS-AND-SEAL-POST-ADJUDICATION-DRUG-COURT and record the decision. It blocks nothing in the meantime.",HELD
AR,AR-ACIC-PETITION-TO-DISMISS-AND-SEAL-PRE-ADJUDICATION-DRUG-COURT-O,Petition to Dismiss and Seal Offense in Pre-Adjudication Drug Court Proceeding,false,E,orphaned_or_optional_asset,orphaned_or_optional,,no_track_binding_established,,,,acroform_fill,false,,false,false,true,true,false,,,,REV-2014-08-25,7b9426041a2bf7b14ee871847999ecb83d5818829abb39eb9711a411ff70ba42,false,,source_or_currentness_gate_open,false,acroform,48,false,unprovable: object streams hide objects from the residue scan,false,clipped_overlapping_or_misplaced contact_sheet_shows_no_fill held_on_source_or_design never_independently_approved rendered_artifact_not_byte_inspectable stale_contact_sheet_manifest_or_review_evidence stale_or_superseded unfinalized_rendered_artifact,low,none,RCAP inventory owner,never_independently_reviewed,archive_candidate,"Source-gated: retained for provenance, never runtime-selectable.",4,do_not_acquire_without_a_named_current_use,RC-G-GENERATION-NOT-ALLOWED RC-G-NO-INDEPENDENT-TECHNICAL-APPROVAL RC-G-PRODUCTION-HOLD RC-S-STALE-OR-SUPERSEDED RC-T-FACTORY-PROVENANCE RC-T-OBJECT-STREAMS RC-T-UNFLATTENED-FIELDS RC-T-VALUES-IN-APPEARANCES RC-V-CLIPPING RC-V-SHEET-FROM-UNFINALIZED-SOURCE RC-V-SHEET-NO-VISIBILITY-PROOF RC-V-SHEET-PANELS-IDENTICAL,RC-G-GENERATION-NOT-ALLOWED RC-G-NO-INDEPENDENT-TECHNICAL-APPROVAL RC-G-PRODUCTION-HOLD RC-T-FACTORY-PROVENANCE RC-T-OBJECT-STREAMS RC-T-UNFLATTENED-FIELDS RC-T-VALUES-IN-APPEARANCES RC-V-SHEET-FROM-UNFINALIZED-SOURCE RC-V-SHEET-NO-VISIBILITY-PROOF RC-V-SHEET-PANELS-IDENTICAL,RC-S-STALE-OR-SUPERSEDED RC-V-CLIPPING,false,false,false,0,"Nothing is blocked. No active launch track's packet set requires this asset, so it is inventory rather than pending work.","Decide retain, archive or retire for AR AR-ACIC-PETITION-TO-DISMISS-AND-SEAL-PRE-ADJUDICATION-DRUG-COURT-O and record the decision. It blocks nothing in the meantime.",HELD
AR,AR-ACIC-PETITION-TO-DISMISS-AND-SEAL-VETERANS-TREATMENT-SPECIALTY,Petition to Dismiss and Seal Offense in Veterans Treatment Specialty Court Proceeding,false,E,orphaned_or_optional_asset,orphaned_or_optional,,no_track_binding_established,,,,flat_overlay,false,,false,false,true,true,false,,,,REV-2021-07-27,2a60285e2fc0d5c7f765df93143f65edf302dc8f28429a1050d329b3f48ff0a0,false,,source_or_currentness_gate_open,false,flat_pdf,0,false,unprovable: object streams hide objects from the residue scan,true,clipped_overlapping_or_misplaced flat_overlay_geometry_or_readback held_on_source_or_design never_independently_approved rendered_artifact_not_byte_inspectable stale_contact_sheet_manifest_or_review_evidence stale_or_superseded unfinalized_rendered_artifact,low,none,RCAP inventory owner,never_independently_reviewed,archive_candidate,"Source-gated: retained for provenance, never runtime-selectable.",4,do_not_acquire_without_a_named_current_use,RC-G-GENERATION-NOT-ALLOWED RC-G-NO-INDEPENDENT-TECHNICAL-APPROVAL RC-G-PRODUCTION-HOLD RC-S-STALE-OR-SUPERSEDED RC-T-FACTORY-PROVENANCE RC-T-FLAT-GEOMETRY RC-T-OBJECT-STREAMS RC-V-CLIPPING RC-V-SHEET-FROM-UNFINALIZED-SOURCE RC-V-SHEET-NO-VISIBILITY-PROOF,RC-G-GENERATION-NOT-ALLOWED RC-G-NO-INDEPENDENT-TECHNICAL-APPROVAL RC-G-PRODUCTION-HOLD RC-T-FACTORY-PROVENANCE RC-T-OBJECT-STREAMS RC-V-SHEET-FROM-UNFINALIZED-SOURCE RC-V-SHEET-NO-VISIBILITY-PROOF,RC-S-STALE-OR-SUPERSEDED RC-T-FLAT-GEOMETRY RC-V-CLIPPING,false,false,false,1,"Nothing is blocked. No active launch track's packet set requires this asset, so it is inventory rather than pending work.","Decide retain, archive or retire for AR AR-ACIC-PETITION-TO-DISMISS-AND-SEAL-VETERANS-TREATMENT-SPECIALTY and record the decision. It blocks nothing in the meantime.",HELD
AR,AR-ACIC-PETITION-TO-SEAL-ARREST-UNDER-ACT-1460,Petition to Seal Arrest Under Act 1460 of 2013,false,E,orphaned_or_optional_asset,orphaned_or_optional,,no_track_binding_established,,,,acroform_fill,false,,false,false,true,true,false,,,,REV-2014-08-25,f77e17b669bd6e01cc3818329181bb378dd774b1facd9a15c4083d37d380194c,false,,source_or_currentness_gate_open,false,acroform,37,false,unprovable: object streams hide objects from the residue scan,false,clipped_overlapping_or_misplaced contact_sheet_shows_no_fill held_on_source_or_design never_independently_approved rendered_artifact_not_byte_inspectable stale_contact_sheet_manifest_or_review_evidence stale_or_superseded unfinalized_rendered_artifact,low,none,RCAP inventory owner,never_independently_reviewed,archive_candidate,"Source-gated: retained for provenance, never runtime-selectable.",4,do_not_acquire_without_a_named_current_use,RC-G-GENERATION-NOT-ALLOWED RC-G-NO-INDEPENDENT-TECHNICAL-APPROVAL RC-G-PRODUCTION-HOLD RC-S-STALE-OR-SUPERSEDED RC-T-FACTORY-PROVENANCE RC-T-OBJECT-STREAMS RC-T-UNFLATTENED-FIELDS RC-T-VALUES-IN-APPEARANCES RC-V-CLIPPING RC-V-SHEET-FROM-UNFINALIZED-SOURCE RC-V-SHEET-NO-VISIBILITY-PROOF RC-V-SHEET-PANELS-IDENTICAL,RC-G-GENERATION-NOT-ALLOWED RC-G-NO-INDEPENDENT-TECHNICAL-APPROVAL RC-G-PRODUCTION-HOLD RC-T-FACTORY-PROVENANCE RC-T-OBJECT-STREAMS RC-T-UNFLATTENED-FIELDS RC-T-VALUES-IN-APPEARANCES RC-V-SHEET-FROM-UNFINALIZED-SOURCE RC-V-SHEET-NO-VISIBILITY-PROOF RC-V-SHEET-PANELS-IDENTICAL,RC-S-STALE-OR-SUPERSEDED RC-V-CLIPPING,false,false,false,0,"Nothing is blocked. No active launch track's packet set requires this asset, so it is inventory rather than pending work.","Decide retain, archive or retire for AR AR-ACIC-PETITION-TO-SEAL-ARREST-UNDER-ACT-1460 and record the decision. It blocks nothing in the meantime.",HELD
AR,AR-ACIC-PETITION-TO-SEAL-CONTROLLED-OR-COUNTERFEIT-SUBSTANCE-POSSE,Petition to Seal Conviction for Possession of Controlled or Counterfeit Substance,false,E,orphaned_or_optional_asset,orphaned_or_optional,,no_track_binding_established,,,,acroform_fill,false,,false,false,true,true,false,,,,REV-2015-04-01,015c7246ffd5ad1512d55234708d885db3dd6d5eebb937c049aca8fe4f818029,false,,source_or_currentness_gate_open,false,acroform,41,false,unprovable: object streams hide objects from the residue scan,false,clipped_overlapping_or_misplaced contact_sheet_shows_no_fill held_on_source_or_design never_independently_approved rendered_artifact_not_byte_inspectable stale_contact_sheet_manifest_or_review_evidence stale_or_superseded unfinalized_rendered_artifact,low,none,RCAP inventory owner,never_independently_reviewed,archive_candidate,"Source-gated: retained for provenance, never runtime-selectable.",4,do_not_acquire_without_a_named_current_use,RC-G-GENERATION-NOT-ALLOWED RC-G-NO-INDEPENDENT-TECHNICAL-APPROVAL RC-G-PRODUCTION-HOLD RC-S-STALE-OR-SUPERSEDED RC-T-FACTORY-PROVENANCE RC-T-OBJECT-STREAMS RC-T-UNFLATTENED-FIELDS RC-T-VALUES-IN-APPEARANCES RC-V-CLIPPING RC-V-SHEET-FROM-UNFINALIZED-SOURCE RC-V-SHEET-NO-VISIBILITY-PROOF RC-V-SHEET-PANELS-IDENTICAL,RC-G-GENERATION-NOT-ALLOWED RC-G-NO-INDEPENDENT-TECHNICAL-APPROVAL RC-G-PRODUCTION-HOLD RC-T-FACTORY-PROVENANCE RC-T-OBJECT-STREAMS RC-T-UNFLATTENED-FIELDS RC-T-VALUES-IN-APPEARANCES RC-V-SHEET-FROM-UNFINALIZED-SOURCE RC-V-SHEET-NO-VISIBILITY-PROOF RC-V-SHEET-PANELS-IDENTICAL,RC-S-STALE-OR-SUPERSEDED RC-V-CLIPPING,false,false,false,0,"Nothing is blocked. No active launch track's packet set requires this asset, so it is inventory rather than pending work.","Decide retain, archive or retire for AR AR-ACIC-PETITION-TO-SEAL-CONTROLLED-OR-COUNTERFEIT-SUBSTANCE-POSSE and record the decision. It blocks nothing in the meantime.",HELD
AR,AR-ACIC-PETITION-TO-SEAL-FELONY-UNDER-ACT-1460,Petition to Seal Felony Under Act 1460 of 2013,false,E,orphaned_or_optional_asset,orphaned_or_optional,,no_track_binding_established,,,,acroform_fill,false,,false,false,true,true,false,,,,REV-2021-07-21,6065fe0248e9022c866ac2506c02df35b533439f6d15fc40843b709eea375d9b,false,,source_or_currentness_gate_open,false,acroform,53,false,unprovable: object streams hide objects from the residue scan,false,clipped_overlapping_or_misplaced contact_sheet_shows_no_fill held_on_source_or_design never_independently_approved rendered_artifact_not_byte_inspectable stale_contact_sheet_manifest_or_review_evidence stale_or_superseded unfinalized_rendered_artifact,low,none,RCAP inventory owner,never_independently_reviewed,archive_candidate,"Source-gated: retained for provenance, never runtime-selectable.",4,do_not_acquire_without_a_named_current_use,RC-G-GENERATION-NOT-ALLOWED RC-G-NO-INDEPENDENT-TECHNICAL-APPROVAL RC-G-PRODUCTION-HOLD RC-S-STALE-OR-SUPERSEDED RC-T-FACTORY-PROVENANCE RC-T-OBJECT-STREAMS RC-T-UNFLATTENED-FIELDS RC-T-VALUES-IN-APPEARANCES RC-V-CLIPPING RC-V-SHEET-FROM-UNFINALIZED-SOURCE RC-V-SHEET-NO-VISIBILITY-PROOF RC-V-SHEET-PANELS-IDENTICAL,RC-G-GENERATION-NOT-ALLOWED RC-G-NO-INDEPENDENT-TECHNICAL-APPROVAL RC-G-PRODUCTION-HOLD RC-T-FACTORY-PROVENANCE RC-T-OBJECT-STREAMS RC-T-UNFLATTENED-FIELDS RC-T-VALUES-IN-APPEARANCES RC-V-SHEET-FROM-UNFINALIZED-SOURCE RC-V-SHEET-NO-VISIBILITY-PROOF RC-V-SHEET-PANELS-IDENTICAL,RC-S-STALE-OR-SUPERSEDED RC-V-CLIPPING,false,false,false,0,"Nothing is blocked. No active launch track's packet set requires this asset, so it is inventory rather than pending work.","Decide retain, archive or retire for AR AR-ACIC-PETITION-TO-SEAL-FELONY-UNDER-ACT-1460 and record the decision. It blocks nothing in the meantime.",HELD
AR,AR-ACIC-PETITION-TO-SEAL-MISDEMEANOR-DWI-OR-BWI-CONVICTION,Petition to Seal a Misdemeanor Conviction for Driving or Boating While Intoxicated,false,E,orphaned_or_optional_asset,orphaned_or_optional,,no_track_binding_established,,,,flat_overlay,false,,false,false,true,true,false,,,,REV-2021-07-27,04d876b09fe82b76298a2d06093d122a0ef539f767f76811001030cc7805715d,false,,source_or_currentness_gate_open,false,flat_pdf,0,false,unprovable: object streams hide objects from the residue scan,true,clipped_overlapping_or_misplaced flat_overlay_geometry_or_readback held_on_source_or_design never_independently_approved rendered_artifact_not_byte_inspectable stale_contact_sheet_manifest_or_review_evidence stale_or_superseded unfinalized_rendered_artifact,low,none,RCAP inventory owner,never_independently_reviewed,archive_candidate,"Source-gated: retained for provenance, never runtime-selectable.",4,do_not_acquire_without_a_named_current_use,RC-G-GENERATION-NOT-ALLOWED RC-G-NO-INDEPENDENT-TECHNICAL-APPROVAL RC-G-PRODUCTION-HOLD RC-S-STALE-OR-SUPERSEDED RC-T-FACTORY-PROVENANCE RC-T-FLAT-GEOMETRY RC-T-OBJECT-STREAMS RC-V-CLIPPING RC-V-SHEET-FROM-UNFINALIZED-SOURCE RC-V-SHEET-NO-VISIBILITY-PROOF,RC-G-GENERATION-NOT-ALLOWED RC-G-NO-INDEPENDENT-TECHNICAL-APPROVAL RC-G-PRODUCTION-HOLD RC-T-FACTORY-PROVENANCE RC-T-OBJECT-STREAMS RC-V-SHEET-FROM-UNFINALIZED-SOURCE RC-V-SHEET-NO-VISIBILITY-PROOF,RC-S-STALE-OR-SUPERSEDED RC-T-FLAT-GEOMETRY RC-V-CLIPPING,false,false,false,1,"Nothing is blocked. No active launch track's packet set requires this asset, so it is inventory rather than pending work.","Decide retain, archive or retire for AR AR-ACIC-PETITION-TO-SEAL-MISDEMEANOR-DWI-OR-BWI-CONVICTION and record the decision. It blocks nothing in the meantime.",HELD
AR,AR-ACIC-PETITION-TO-SEAL-NOLLE-PROSEQUI-DISMISSAL-ACQUITTAL-OR-NO,"Petition to Seal Records of Nolle Prosequi, Dismissals, Judgments of Acquittal, and Charges Not Filed",false,E,orphaned_or_optional_asset,orphaned_or_optional,,no_track_binding_established,,,,acroform_fill,false,,false,false,true,true,false,,,,REV-2020-04-22,09f323174881934239734e3a418eb4fec0b4bd0f7e199e8698c3af95a659fa61,false,,source_or_currentness_gate_open,false,acroform,45,false,unprovable: object streams hide objects from the residue scan,false,clipped_overlapping_or_misplaced contact_sheet_shows_no_fill held_on_source_or_design never_independently_approved rendered_artifact_not_byte_inspectable stale_contact_sheet_manifest_or_review_evidence stale_or_superseded unfinalized_rendered_artifact,low,none,RCAP inventory owner,never_independently_reviewed,archive_candidate,"Source-gated: retained for provenance, never runtime-selectable.",4,do_not_acquire_without_a_named_current_use,RC-G-GENERATION-NOT-ALLOWED RC-G-NO-INDEPENDENT-TECHNICAL-APPROVAL RC-G-PRODUCTION-HOLD RC-S-STALE-OR-SUPERSEDED RC-T-FACTORY-PROVENANCE RC-T-OBJECT-STREAMS RC-T-UNFLATTENED-FIELDS RC-T-VALUES-IN-APPEARANCES RC-V-CLIPPING RC-V-SHEET-FROM-UNFINALIZED-SOURCE RC-V-SHEET-NO-VISIBILITY-PROOF RC-V-SHEET-PANELS-IDENTICAL,RC-G-GENERATION-NOT-ALLOWED RC-G-NO-INDEPENDENT-TECHNICAL-APPROVAL RC-G-PRODUCTION-HOLD RC-T-FACTORY-PROVENANCE RC-T-OBJECT-STREAMS RC-T-UNFLATTENED-FIELDS RC-T-VALUES-IN-APPEARANCES RC-V-SHEET-FROM-UNFINALIZED-SOURCE RC-V-SHEET-NO-VISIBILITY-PROOF RC-V-SHEET-PANELS-IDENTICAL,RC-S-STALE-OR-SUPERSEDED RC-V-CLIPPING,false,false,false,0,"Nothing is blocked. No active launch track's packet set requires this asset, so it is inventory rather than pending work.","Decide retain, archive or retire for AR AR-ACIC-PETITION-TO-SEAL-NOLLE-PROSEQUI-DISMISSAL-ACQUITTAL-OR-NO and record the decision. It blocks nothing in the meantime.",HELD
AR,AR-ACIC-PETITION-TO-SEAL-RECORDS-OF-PARDONED-OFFENDER-OR-YOUTHFUL,Petition to Seal Records of a Pardoned Offender or Pardoned Youthful Felony Offender,false,E,orphaned_or_optional_asset,orphaned_or_optional,,no_track_binding_established,,,,flat_overlay,false,,false,false,true,true,false,,,,REV-2022-03-08,59ba1407a5a6c2b8c327a9ca549b379ab88d65105ade1c7e69110d8c1ac6c5d0,false,,source_or_currentness_gate_open,false,flat_pdf,0,false,no rendered artifact to judge,,flat_overlay_geometry_or_readback held_on_source_or_design multi_widget_ambiguity never_independently_approved stale_contact_sheet_manifest_or_review_evidence stale_or_superseded,low,none,RCAP inventory owner,never_independently_reviewed,archive_candidate,"Source-gated: retained for provenance, never runtime-selectable.",4,do_not_acquire_without_a_named_current_use,RC-G-GENERATION-NOT-ALLOWED RC-G-NO-INDEPENDENT-TECHNICAL-APPROVAL RC-G-PRODUCTION-HOLD RC-S-STALE-OR-SUPERSEDED RC-T-FLAT-GEOMETRY RC-T-NO-DERIVABLE-WRITE-BOX RC-V-NO-SHEET-PRODUCED,RC-G-GENERATION-NOT-ALLOWED RC-G-NO-INDEPENDENT-TECHNICAL-APPROVAL RC-G-PRODUCTION-HOLD RC-V-NO-SHEET-PRODUCED,RC-S-STALE-OR-SUPERSEDED RC-T-FLAT-GEOMETRY RC-T-NO-DERIVABLE-WRITE-BOX,false,false,false,0,"Nothing is blocked. No active launch track's packet set requires this asset, so it is inventory rather than pending work.","Decide retain, archive or retire for AR AR-ACIC-PETITION-TO-SEAL-RECORDS-OF-PARDONED-OFFENDER-OR-YOUTHFUL and record the decision. It blocks nothing in the meantime.",HELD
AR,AR-ACIC-PETITION-TO-SEAL-UNDER-COMMUNITY-PUNISHMENT-ACT-531-AND-AC,Petition to Seal Pursuant to Act 531 of 1993 and Act 1460 of 2013,false,E,orphaned_or_optional_asset,orphaned_or_optional,,no_track_binding_established,,,,acroform_fill,false,,false,false,true,true,false,,,,REV-2014-08-25,cca9d9454b565d36930a95ac6337d370f6506f8780e9d98cbfc8f99343e0a356,false,,source_or_currentness_gate_open,false,acroform,44,false,unprovable: object streams hide objects from the residue scan,false,clipped_overlapping_or_misplaced contact_sheet_shows_no_fill held_on_source_or_design never_independently_approved rendered_artifact_not_byte_inspectable stale_contact_sheet_manifest_or_review_evidence stale_or_superseded unfinalized_rendered_artifact,low,none,RCAP inventory owner,never_independently_reviewed,archive_candidate,"Source-gated: retained for provenance, never runtime-selectable.",4,do_not_acquire_without_a_named_current_use,RC-G-GENERATION-NOT-ALLOWED RC-G-NO-INDEPENDENT-TECHNICAL-APPROVAL RC-G-PRODUCTION-HOLD RC-S-STALE-OR-SUPERSEDED RC-T-FACTORY-PROVENANCE RC-T-OBJECT-STREAMS RC-T-UNFLATTENED-FIELDS RC-T-VALUES-IN-APPEARANCES RC-V-CLIPPING RC-V-SHEET-FROM-UNFINALIZED-SOURCE RC-V-SHEET-NO-VISIBILITY-PROOF RC-V-SHEET-PANELS-IDENTICAL,RC-G-GENERATION-NOT-ALLOWED RC-G-NO-INDEPENDENT-TECHNICAL-APPROVAL RC-G-PRODUCTION-HOLD RC-T-FACTORY-PROVENANCE RC-T-OBJECT-STREAMS RC-T-UNFLATTENED-FIELDS RC-T-VALUES-IN-APPEARANCES RC-V-SHEET-FROM-UNFINALIZED-SOURCE RC-V-SHEET-NO-VISIBILITY-PROOF RC-V-SHEET-PANELS-IDENTICAL,RC-S-STALE-OR-SUPERSEDED RC-V-CLIPPING,false,false,false,0,"Nothing is blocked. No active launch track's packet set requires this asset, so it is inventory rather than pending work.","Decide retain, archive or retire for AR AR-ACIC-PETITION-TO-SEAL-UNDER-COMMUNITY-PUNISHMENT-ACT-531-AND-AC and record the decision. It blocks nothing in the meantime.",HELD
AR,Arkansas-Petition-Order-Forms.html,Arkansas-Petition-Order-Forms.html,false,B,official_source_acquisition_required,expected_but_absent,,no_track_binding_established,,,,no render strategy recorded,false,,false,false,true,true,false,,,,,f47ff079d70a3973ecbdd32c524f373af88801fe8cd3e91b7a6f090f825f8d42,false,,not recorded,true,html_form,,false,no rendered artifact to judge,,flat_overlay_geometry_or_readback held_on_source_or_design missing_binary never_independently_approved,low,none,Roger (official source acquisition),never_independently_reviewed,official_source_required,"The verified source binary is unavailable, so nothing downstream can be attempted.",4,do_not_acquire_without_a_named_current_use,RC-G-GENERATION-NOT-ALLOWED RC-G-NO-INDEPENDENT-TECHNICAL-APPROVAL RC-G-PRODUCTION-HOLD RC-S-BUNDLE-ABSENT RC-T-NO-FIELD-CENSUS,RC-G-GENERATION-NOT-ALLOWED RC-G-NO-INDEPENDENT-TECHNICAL-APPROVAL RC-G-PRODUCTION-HOLD RC-S-BUNDLE-ABSENT,RC-T-NO-FIELD-CENSUS,false,false,false,0,"The verified binary for AR Arkansas-Petition-Order-Forms.html is not in the clone, and no track binding exists for it: this asset is keyed by filename while the pinned legal-design registry keys packet components by form number, so nothing joins the two and the affected route cannot be stated. No candidate form-number match was found either.","Retrieve the current official AR Arkansas-Petition-Order-Forms.html binary from its issuing body, record its URL, retrieval timestamp, publisher, edition date, byte length and SHA-256, and place it at the path its source record pins. Nothing downstream can proceed without those bytes. Separately, establish which packet component, if any, depends on this asset: no track binding exists and no candidate form-number match was found, so this row cannot currently name the route it affects.",HELD
AR,Felony-Petition-Form-f.pdf,Felony-Petition-Form-f.pdf,false,B,official_source_acquisition_required,expected_but_absent,,no_track_binding_established,,,,no render strategy recorded,false,,false,false,true,true,false,,,,,6065fe0248e9022c866ac2506c02df35b533439f6d15fc40843b709eea375d9b,false,,not recorded,true,dirty_acroform,,false,no rendered artifact to judge,,held_on_source_or_design missing_binary never_independently_approved xfa_javascript_or_active_content_residue,low,none,Roger (official source acquisition),never_independently_reviewed,official_source_required,"The verified source binary is unavailable, so nothing downstream can be attempted.",4,do_not_acquire_without_a_named_current_use,RC-G-GENERATION-NOT-ALLOWED RC-G-NO-INDEPENDENT-TECHNICAL-APPROVAL RC-G-PRODUCTION-HOLD RC-S-BUNDLE-ABSENT RC-T-DIRTY-ACROFORM-SOURCE,RC-G-GENERATION-NOT-ALLOWED RC-G-NO-INDEPENDENT-TECHNICAL-APPROVAL RC-G-PRODUCTION-HOLD RC-S-BUNDLE-ABSENT,RC-T-DIRTY-ACROFORM-SOURCE,false,false,false,0,"The verified binary for AR Felony-Petition-Form-f.pdf is not in the clone, and no track binding exists for it: this asset is keyed by filename while the pinned legal-design registry keys packet components by form number, so nothing joins the two and the affected route cannot be stated. No candidate form-number match was found either.","Retrieve the current official AR Felony-Petition-Form-f.pdf binary from its issuing body, record its URL, retrieval timestamp, publisher, edition date, byte length and SHA-256, and place it at the path its source record pins. Nothing downstream can proceed without those bytes. Separately, establish which packet component, if any, depends on this asset: no track binding exists and no candidate form-number match was found, so this row cannot currently name the route it affects.",HELD
KY,496.2.pdf,496.2.pdf,false,B,official_source_acquisition_required,expected_but_absent,,no_track_binding_established,,,,no render strategy recorded,false,,false,false,true,true,false,,,,,5d1ca608d94911a3f2fa0ed168ea43da2d72e685b85c48b3c220ed5ea6896bde,false,,not recorded,true,dirty_acroform,,false,no rendered artifact to judge,,held_on_source_or_design missing_binary never_independently_approved xfa_javascript_or_active_content_residue,low,none,Roger (official source acquisition),never_independently_reviewed,official_source_required,"The verified source binary is unavailable, so nothing downstream can be attempted.",4,do_not_acquire_without_a_named_current_use,RC-G-GENERATION-NOT-ALLOWED RC-G-NO-INDEPENDENT-TECHNICAL-APPROVAL RC-G-PRODUCTION-HOLD RC-S-BUNDLE-ABSENT RC-T-DIRTY-ACROFORM-SOURCE,RC-G-GENERATION-NOT-ALLOWED RC-G-NO-INDEPENDENT-TECHNICAL-APPROVAL RC-G-PRODUCTION-HOLD RC-S-BUNDLE-ABSENT,RC-T-DIRTY-ACROFORM-SOURCE,false,false,false,0,"The verified binary for KY 496.2.pdf is not in the clone, and no track binding exists for it: this asset is keyed by filename while the pinned legal-design registry keys packet components by form number, so nothing joins the two and the affected route cannot be stated. No candidate form-number match was found either.","Retrieve the current official KY 496.2.pdf binary from its issuing body, record its URL, retrieval timestamp, publisher, edition date, byte length and SHA-256, and place it at the path its source record pins. Nothing downstream can proceed without those bytes. Separately, establish which packet component, if any, depends on this asset: no track binding exists and no candidate form-number match was found, so this row cannot currently name the route it affects.",HELD
KY,496.3.pdf,496.3.pdf,false,B,official_source_acquisition_required,expected_but_absent,,no_track_binding_established,,,,no render strategy recorded,false,,false,false,true,true,false,,,,,3225f34ea85bb9e4649e41257530d40e9565a4a7b95628148ee115edced47eaa,false,,not recorded,true,dirty_acroform,,false,no rendered artifact to judge,,held_on_source_or_design missing_binary never_independently_approved xfa_javascript_or_active_content_residue,low,none,Roger (official source acquisition),never_independently_reviewed,official_source_required,"The verified source binary is unavailable, so nothing downstream can be attempted.",4,do_not_acquire_without_a_named_current_use,RC-G-GENERATION-NOT-ALLOWED RC-G-NO-INDEPENDENT-TECHNICAL-APPROVAL RC-G-PRODUCTION-HOLD RC-S-BUNDLE-ABSENT RC-T-DIRTY-ACROFORM-SOURCE,RC-G-GENERATION-NOT-ALLOWED RC-G-NO-INDEPENDENT-TECHNICAL-APPROVAL RC-G-PRODUCTION-HOLD RC-S-BUNDLE-ABSENT,RC-T-DIRTY-ACROFORM-SOURCE,false,false,false,0,"The verified binary for KY 496.3.pdf is not in the clone, and no track binding exists for it: this asset is keyed by filename while the pinned legal-design registry keys packet components by form number, so nothing joins the two and the affected route cannot be stated. No candidate form-number match was found either.","Retrieve the current official KY 496.3.pdf binary from its issuing body, record its URL, retrieval timestamp, publisher, edition date, byte length and SHA-256, and place it at the path its source record pins. Nothing downstream can proceed without those bytes. Separately, establish which packet component, if any, depends on this asset: no track binding exists and no candidate form-number match was found, so this row cannot currently name the route it affects.",HELD
KY,497.2.pdf,497.2.pdf,false,B,official_source_acquisition_required,expected_but_absent,,no_track_binding_established,,,,no render strategy recorded,false,,false,false,true,true,false,,,,,080acd68f99ff84afb9b1d08721b5dbff516b8531f0ce53ca7ffc030e80f19e4,false,,not recorded,true,dirty_acroform,,false,no rendered artifact to judge,,held_on_source_or_design missing_binary never_independently_approved xfa_javascript_or_active_content_residue,low,none,Roger (official source acquisition),never_independently_reviewed,official_source_required,"The verified source binary is unavailable, so nothing downstream can be attempted.",4,do_not_acquire_without_a_named_current_use,RC-G-GENERATION-NOT-ALLOWED RC-G-NO-INDEPENDENT-TECHNICAL-APPROVAL RC-G-PRODUCTION-HOLD RC-S-BUNDLE-ABSENT RC-T-DIRTY-ACROFORM-SOURCE,RC-G-GENERATION-NOT-ALLOWED RC-G-NO-INDEPENDENT-TECHNICAL-APPROVAL RC-G-PRODUCTION-HOLD RC-S-BUNDLE-ABSENT,RC-T-DIRTY-ACROFORM-SOURCE,false,false,false,0,"The verified binary for KY 497.2.pdf is not in the clone, and no track binding exists for it: this asset is keyed by filename while the pinned legal-design registry keys packet components by form number, so nothing joins the two and the affected route cannot be stated. No candidate form-number match was found either.","Retrieve the current official KY 497.2.pdf binary from its issuing body, record its URL, retrieval timestamp, publisher, edition date, byte length and SHA-256, and place it at the path its source record pins. Nothing downstream can proceed without those bytes. Separately, establish which packet component, if any, depends on this asset: no track binding exists and no candidate form-number match was found, so this row cannot currently name the route it affects.",HELD
KY,AOC-009,RECORDS UNIT,false,E,orphaned_or_optional_asset,orphaned_or_optional,,no_track_binding_established,,,,acroform_fill,false,,false,false,true,true,false,,,2026-08-02,REV-UNKNOWN,469835852a1d7427a2212403aacd3118e93d6adc07791653aab25cb93324f662,false,,revision_confirmation_required,false,acroform,19,false,no rendered artifact to judge,,held_on_source_or_design missing_required_packet_component multi_widget_ambiguity never_independently_approved stale_contact_sheet_manifest_or_review_evidence stale_or_superseded,low,none,RCAP inventory owner,never_independently_reviewed,orphaned,No active track requires it and no candidate binding to one exists.,4,do_not_acquire_without_a_named_current_use,RC-G-GENERATION-NOT-ALLOWED RC-G-NO-INDEPENDENT-TECHNICAL-APPROVAL RC-G-PRODUCTION-HOLD RC-S-STALE-OR-SUPERSEDED RC-T-ALL-FIELDS-UNWRITABLE RC-T-NO-DERIVABLE-WRITE-BOX RC-V-NO-SHEET-PRODUCED,RC-G-GENERATION-NOT-ALLOWED RC-G-NO-INDEPENDENT-TECHNICAL-APPROVAL RC-G-PRODUCTION-HOLD RC-V-NO-SHEET-PRODUCED,RC-S-STALE-OR-SUPERSEDED RC-T-ALL-FIELDS-UNWRITABLE RC-T-NO-DERIVABLE-WRITE-BOX,false,false,false,0,"Nothing is blocked. No active launch track's packet set requires this asset, so it is inventory rather than pending work.","Decide retain, archive or retire for KY AOC-009 and record the decision. It blocks nothing in the meantime.",HELD
KY,AOC-333,"Substance in the First Degree against the defendant is dismissed and all records relating to the case, including but not",false,E,orphaned_or_optional_asset,orphaned_or_optional,,no_track_binding_established,,,,acroform_fill,false,,false,false,true,true,false,,,,REV-UNKNOWN,7af13bcf7ea1d395471c381b10f2200049d1c0a6380add604360da39b51f3587,false,,source_or_currentness_gate_open,false,acroform,14,false,unprovable: object streams hide objects from the residue scan,false,clipped_overlapping_or_misplaced contact_sheet_shows_no_fill held_on_source_or_design never_independently_approved rendered_artifact_not_byte_inspectable stale_contact_sheet_manifest_or_review_evidence stale_or_superseded unfinalized_rendered_artifact visually_unsafe,low,none,RCAP inventory owner,never_independently_reviewed,archive_candidate,"Source-gated: retained for provenance, never runtime-selectable.",4,do_not_acquire_without_a_named_current_use,RC-G-GENERATION-NOT-ALLOWED RC-G-NO-INDEPENDENT-TECHNICAL-APPROVAL RC-G-PRODUCTION-HOLD RC-S-STALE-OR-SUPERSEDED RC-T-FACTORY-PROVENANCE RC-T-OBJECT-STREAMS RC-T-UNFLATTENED-FIELDS RC-T-VALUES-IN-APPEARANCES RC-V-CLIPPING RC-V-SHEET-FROM-UNFINALIZED-SOURCE RC-V-SHEET-NO-VISIBILITY-PROOF RC-V-SHEET-PANELS-IDENTICAL RC-V-UNSAFE-PLACEMENT,RC-G-GENERATION-NOT-ALLOWED RC-G-NO-INDEPENDENT-TECHNICAL-APPROVAL RC-G-PRODUCTION-HOLD RC-T-FACTORY-PROVENANCE RC-T-OBJECT-STREAMS RC-T-UNFLATTENED-FIELDS RC-T-VALUES-IN-APPEARANCES RC-V-SHEET-FROM-UNFINALIZED-SOURCE RC-V-SHEET-NO-VISIBILITY-PROOF RC-V-SHEET-PANELS-IDENTICAL,RC-S-STALE-OR-SUPERSEDED RC-V-CLIPPING RC-V-UNSAFE-PLACEMENT,false,false,false,0,"Nothing is blocked. No active launch track's packet set requires this asset, so it is inventory rather than pending work.","Decide retain, archive or retire for KY AOC-333 and record the decision. It blocks nothing in the meantime.",HELD
KY,AOC-334,is hereby void; and all records pertaining thereto that are in custody of the court and any records in the custody of,true,B,official_source_acquisition_required,active_track,ky_void_seal_controlled_substance ky_void_seal_marijuana_synthetic_salvia,bound_to_tracks_by_the_committed_relationships,,,guidance_only,acroform_fill,false,production_packet,false,false,true,true,false,,,2026-08-02,REV-UNKNOWN,7eb2838037903de1769a0253d6ad9b092dd72f4aa363b323968c8c510fd55d3d,false,,revision_confirmation_required,false,acroform,20,false,unprovable: object streams hide objects from the residue scan,false,clipped_overlapping_or_misplaced contact_sheet_shows_no_fill held_on_source_or_design rendered_artifact_not_byte_inspectable stale_contact_sheet_manifest_or_review_evidence stale_or_superseded unfinalized_rendered_artifact visually_unsafe,high,contained_by_terminal_treatment,Roger (official source acquisition),technically_approved_for_at_least_one_served_track,active_track_delivery_hold,An active track's packet delivery is blocked on this asset.,1,,RC-G-GENERATION-NOT-ALLOWED RC-G-PRODUCTION-HOLD RC-S-STALE-OR-SUPERSEDED RC-T-FACTORY-PROVENANCE RC-T-OBJECT-STREAMS RC-T-UNFLATTENED-FIELDS RC-T-VALUES-IN-APPEARANCES RC-V-CLIPPING RC-V-SHEET-FROM-UNFINALIZED-SOURCE RC-V-SHEET-NO-VISIBILITY-PROOF RC-V-SHEET-PANELS-IDENTICAL RC-V-UNSAFE-PLACEMENT,RC-G-GENERATION-NOT-ALLOWED RC-G-PRODUCTION-HOLD RC-T-FACTORY-PROVENANCE RC-T-OBJECT-STREAMS RC-T-UNFLATTENED-FIELDS RC-T-VALUES-IN-APPEARANCES RC-V-SHEET-FROM-UNFINALIZED-SOURCE RC-V-SHEET-NO-VISIBILITY-PROOF RC-V-SHEET-PANELS-IDENTICAL,RC-S-STALE-OR-SUPERSEDED RC-V-CLIPPING RC-V-UNSAFE-PLACEMENT,true,true,false,0,"Correcting this asset requires re-rendering it through the current official-form factory, and the verified source binary (SHA-256 7eb2838037903de1769a0253d6ad9b092dd72f4aa363b323968c8c510fd55d3d) is not present in this clone. The factory renders from the binary; there is nothing to render from.","Retrieve the current official KY AOC-334 binary from its issuing body, record its URL, retrieval timestamp, publisher, edition date, byte length and SHA-256, and place it at the path its source record pins. Nothing downstream can proceed without those bytes.",HELD
KY,AOC-496,EXPUNGEMENT ORDER,false,B,official_source_acquisition_required,active_track,ky_misdemeanor_expungement,bound_to_tracks_by_the_committed_relationships,,,guidance_only,acroform_fill,false,,false,false,true,true,false,,,2026-08-02,REV-2016-07,4c4658780c576300d55f0262fd2455d6eae2a9b2d3e73972dece8a834ea1fdbd,false,,candidate_current_source,false,acroform,33,false,unprovable: object streams hide objects from the residue scan,false,clipped_overlapping_or_misplaced contact_sheet_shows_no_fill currentness_unverified held_on_source_or_design never_independently_approved rendered_artifact_not_byte_inspectable stale_contact_sheet_manifest_or_review_evidence unfinalized_rendered_artifact visually_unsafe,high,contained_by_terminal_treatment,Roger (official source acquisition),never_independently_reviewed,certification_unproven,Artifacts exist but cannot be certified: their active-content cleanliness or finalization cannot be established from the committed bytes.,2,,RC-G-GENERATION-NOT-ALLOWED RC-G-NO-INDEPENDENT-TECHNICAL-APPROVAL RC-G-PRODUCTION-HOLD RC-S-CURRENTNESS-UNVERIFIED RC-T-FACTORY-PROVENANCE RC-T-OBJECT-STREAMS RC-T-UNFLATTENED-FIELDS RC-T-VALUES-IN-APPEARANCES RC-V-CLIPPING RC-V-SHEET-FROM-UNFINALIZED-SOURCE RC-V-SHEET-NO-VISIBILITY-PROOF RC-V-SHEET-PANELS-IDENTICAL RC-V-UNSAFE-PLACEMENT,RC-G-GENERATION-NOT-ALLOWED RC-G-NO-INDEPENDENT-TECHNICAL-APPROVAL RC-G-PRODUCTION-HOLD RC-S-CURRENTNESS-UNVERIFIED RC-T-FACTORY-PROVENANCE RC-T-OBJECT-STREAMS RC-T-UNFLATTENED-FIELDS RC-T-VALUES-IN-APPEARANCES RC-V-SHEET-FROM-UNFINALIZED-SOURCE RC-V-SHEET-NO-VISIBILITY-PROOF RC-V-SHEET-PANELS-IDENTICAL,RC-V-CLIPPING RC-V-UNSAFE-PLACEMENT,false,true,false,0,"Correcting this asset requires re-rendering it through the current official-form factory, and the verified source binary (SHA-256 4c4658780c576300d55f0262fd2455d6eae2a9b2d3e73972dece8a834ea1fdbd) is not present in this clone. The factory renders from the binary; there is nothing to render from.","Retrieve the current official KY AOC-496 binary from its issuing body, record its URL, retrieval timestamp, publisher, edition date, byte length and SHA-256, and place it at the path its source record pins. Nothing downstream can proceed without those bytes.",HELD
KY,AOC-496.2,PETITION FOR EXPUNGEMENT,false,B,official_source_acquisition_required,active_track,ky_misdemeanor_expungement,bound_to_tracks_by_the_committed_relationships,,,guidance_only,acroform_fill,false,,false,false,true,true,false,,,2026-08-02,REV-2016-07,5d1ca608d94911a3f2fa0ed168ea43da2d72e685b85c48b3c220ed5ea6896bde,false,,candidate_current_source,false,acroform,31,false,unprovable: object streams hide objects from the residue scan,false,clipped_overlapping_or_misplaced contact_sheet_shows_no_fill currentness_unverified held_on_source_or_design never_independently_approved rendered_artifact_not_byte_inspectable stale_contact_sheet_manifest_or_review_evidence unfinalized_rendered_artifact visually_unsafe,high,contained_by_terminal_treatment,Roger (official source acquisition),never_independently_reviewed,certification_unproven,Artifacts exist but cannot be certified: their active-content cleanliness or finalization cannot be established from the committed bytes.,2,,RC-G-GENERATION-NOT-ALLOWED RC-G-NO-INDEPENDENT-TECHNICAL-APPROVAL RC-G-PRODUCTION-HOLD RC-S-CURRENTNESS-UNVERIFIED RC-T-FACTORY-PROVENANCE RC-T-OBJECT-STREAMS RC-T-UNFLATTENED-FIELDS RC-T-VALUES-IN-APPEARANCES RC-V-CLIPPING RC-V-SHEET-FROM-UNFINALIZED-SOURCE RC-V-SHEET-NO-VISIBILITY-PROOF RC-V-SHEET-PANELS-IDENTICAL RC-V-UNSAFE-PLACEMENT,RC-G-GENERATION-NOT-ALLOWED RC-G-NO-INDEPENDENT-TECHNICAL-APPROVAL RC-G-PRODUCTION-HOLD RC-S-CURRENTNESS-UNVERIFIED RC-T-FACTORY-PROVENANCE RC-T-OBJECT-STREAMS RC-T-UNFLATTENED-FIELDS RC-T-VALUES-IN-APPEARANCES RC-V-SHEET-FROM-UNFINALIZED-SOURCE RC-V-SHEET-NO-VISIBILITY-PROOF RC-V-SHEET-PANELS-IDENTICAL,RC-V-CLIPPING RC-V-UNSAFE-PLACEMENT,false,true,false,0,"Correcting this asset requires re-rendering it through the current official-form factory, and the verified source binary (SHA-256 5d1ca608d94911a3f2fa0ed168ea43da2d72e685b85c48b3c220ed5ea6896bde) is not present in this clone. The factory renders from the binary; there is nothing to render from.","Retrieve the current official KY AOC-496.2 binary from its issuing body, record its URL, retrieval timestamp, publisher, edition date, byte length and SHA-256, and place it at the path its source record pins. Nothing downstream can proceed without those bytes.",HELD
KY,AOC-496.3,"In support of this Application, the Defendant states as follows:",true,B,official_source_acquisition_required,active_track,ky_felony_expungement_after_pardon ky_felony_vacatur_expungement,bound_to_tracks_by_the_committed_relationships,,,exact_supported_deferral,acroform_fill,false,exact_supported_deferral,false,false,true,true,false,,,2026-08-02,REV-UNKNOWN,3225f34ea85bb9e4649e41257530d40e9565a4a7b95628148ee115edced47eaa,false,,revision_confirmation_required,false,acroform,62,false,unprovable: object streams hide objects from the residue scan,false,clipped_overlapping_or_misplaced contact_sheet_shows_no_fill held_on_source_or_design rendered_artifact_not_byte_inspectable stale_contact_sheet_manifest_or_review_evidence stale_or_superseded unfinalized_rendered_artifact visually_unsafe,high,contained_by_terminal_treatment,Roger (official source acquisition),technically_approved_for_at_least_one_served_track,certification_unproven,Artifacts exist but cannot be certified: their active-content cleanliness or finalization cannot be established from the committed bytes.,3,,RC-G-GENERATION-NOT-ALLOWED RC-G-PRODUCTION-HOLD RC-S-STALE-OR-SUPERSEDED RC-T-FACTORY-PROVENANCE RC-T-OBJECT-STREAMS RC-T-UNFLATTENED-FIELDS RC-T-VALUES-IN-APPEARANCES RC-V-CLIPPING RC-V-SHEET-FROM-UNFINALIZED-SOURCE RC-V-SHEET-NO-VISIBILITY-PROOF RC-V-SHEET-PANELS-IDENTICAL RC-V-UNSAFE-PLACEMENT,RC-G-GENERATION-NOT-ALLOWED RC-G-PRODUCTION-HOLD RC-T-FACTORY-PROVENANCE RC-T-OBJECT-STREAMS RC-T-UNFLATTENED-FIELDS RC-T-VALUES-IN-APPEARANCES RC-V-SHEET-FROM-UNFINALIZED-SOURCE RC-V-SHEET-NO-VISIBILITY-PROOF RC-V-SHEET-PANELS-IDENTICAL,RC-S-STALE-OR-SUPERSEDED RC-V-CLIPPING RC-V-UNSAFE-PLACEMENT,false,true,false,0,"Correcting this asset requires re-rendering it through the current official-form factory, and the verified source binary (SHA-256 3225f34ea85bb9e4649e41257530d40e9565a4a7b95628148ee115edced47eaa) is not present in this clone. The factory renders from the binary; there is nothing to render from.","Retrieve the current official KY AOC-496.3 binary from its issuing body, record its URL, retrieval timestamp, publisher, edition date, byte length and SHA-256, and place it at the path its source record pins. Nothing downstream can proceed without those bytes.",HELD
KY,AOC-496.4,496.4,false,B,official_source_acquisition_required,active_track,ky_felony_vacatur_expungement,bound_to_tracks_by_the_committed_relationships,,,exact_supported_deferral,acroform_fill,false,exact_supported_deferral,false,false,true,true,false,,,2026-08-02,REV-2023-06,70f9540b2a6ce517024c9b53815e964141e3641dd1a2b62a97af257146508182,false,,candidate_current_source,false,acroform,75,false,unprovable: object streams hide objects from the residue scan,false,clipped_overlapping_or_misplaced contact_sheet_shows_no_fill currentness_unverified held_on_source_or_design rendered_artifact_not_byte_inspectable stale_contact_sheet_manifest_or_review_evidence unfinalized_rendered_artifact visually_unsafe,high,contained_by_terminal_treatment,Roger (official source acquisition),technically_approved_for_at_least_one_served_track,certification_unproven,Artifacts exist but cannot be certified: their active-content cleanliness or finalization cannot be established from the committed bytes.,2,,RC-G-GENERATION-NOT-ALLOWED RC-G-PRODUCTION-HOLD RC-S-CURRENTNESS-UNVERIFIED RC-T-FACTORY-PROVENANCE RC-T-OBJECT-STREAMS RC-T-UNFLATTENED-FIELDS RC-T-VALUES-IN-APPEARANCES RC-V-CLIPPING RC-V-SHEET-FROM-UNFINALIZED-SOURCE RC-V-SHEET-NO-VISIBILITY-PROOF RC-V-SHEET-PANELS-IDENTICAL RC-V-UNSAFE-PLACEMENT,RC-G-GENERATION-NOT-ALLOWED RC-G-PRODUCTION-HOLD RC-S-CURRENTNESS-UNVERIFIED RC-T-FACTORY-PROVENANCE RC-T-OBJECT-STREAMS RC-T-UNFLATTENED-FIELDS RC-T-VALUES-IN-APPEARANCES RC-V-SHEET-FROM-UNFINALIZED-SOURCE RC-V-SHEET-NO-VISIBILITY-PROOF RC-V-SHEET-PANELS-IDENTICAL,RC-V-CLIPPING RC-V-UNSAFE-PLACEMENT,false,true,false,0,"Correcting this asset requires re-rendering it through the current official-form factory, and the verified source binary (SHA-256 70f9540b2a6ce517024c9b53815e964141e3641dd1a2b62a97af257146508182) is not present in this clone. The factory renders from the binary; there is nothing to render from.","Retrieve the current official KY AOC-496.4 binary from its issuing body, record its URL, retrieval timestamp, publisher, edition date, byte length and SHA-256, and place it at the path its source record pins. Nothing downstream can proceed without those bytes.",HELD
KY,AOC-496.5,"On ______________________________, 2 ______, the Court ordered the judgment regarding the offense(s) listed on the",false,E,orphaned_or_optional_asset,orphaned_or_optional,,no_track_binding_established,,,,acroform_fill,false,,false,false,true,true,false,,,2026-08-02,REV-2019-06,273e45032d4f1caed9442ebcfe5804e9202c29eb6265f5b7dde7734e44048ca8,false,,candidate_current_source,false,acroform,16,false,unprovable: object streams hide objects from the residue scan,false,clipped_overlapping_or_misplaced contact_sheet_shows_no_fill currentness_unverified held_on_source_or_design never_independently_approved rendered_artifact_not_byte_inspectable stale_contact_sheet_manifest_or_review_evidence unfinalized_rendered_artifact visually_unsafe,low,none,RCAP inventory owner,never_independently_reviewed,orphaned,No active track requires it and no candidate binding to one exists.,4,do_not_acquire_without_a_named_current_use,RC-G-GENERATION-NOT-ALLOWED RC-G-NO-INDEPENDENT-TECHNICAL-APPROVAL RC-G-PRODUCTION-HOLD RC-S-CURRENTNESS-UNVERIFIED RC-T-FACTORY-PROVENANCE RC-T-OBJECT-STREAMS RC-T-SOURCE-DEFAULT-IN-PROTECTED-FIELD RC-T-UNFLATTENED-FIELDS RC-T-VALUES-IN-APPEARANCES RC-V-CLIPPING RC-V-SHEET-FROM-UNFINALIZED-SOURCE RC-V-SHEET-NO-VISIBILITY-PROOF RC-V-SHEET-PANELS-IDENTICAL RC-V-UNSAFE-PLACEMENT,RC-G-GENERATION-NOT-ALLOWED RC-G-NO-INDEPENDENT-TECHNICAL-APPROVAL RC-G-PRODUCTION-HOLD RC-S-CURRENTNESS-UNVERIFIED RC-T-FACTORY-PROVENANCE RC-T-OBJECT-STREAMS RC-T-SOURCE-DEFAULT-IN-PROTECTED-FIELD RC-T-UNFLATTENED-FIELDS RC-T-VALUES-IN-APPEARANCES RC-V-SHEET-FROM-UNFINALIZED-SOURCE RC-V-SHEET-NO-VISIBILITY-PROOF RC-V-SHEET-PANELS-IDENTICAL,RC-V-CLIPPING RC-V-UNSAFE-PLACEMENT,false,false,false,0,"Nothing is blocked. No active launch track's packet set requires this asset, so it is inventory rather than pending work.","Decide retain, archive or retire for KY AOC-496.5 and record the decision. It blocks nothing in the meantime.",HELD
KY,AOC-497,"The Court, having reviewed Defendants Petition to Expunge and being sufficiently advised, FINDS:",true,B,official_source_acquisition_required,active_track,ky_nonconviction_expungement,bound_to_tracks_by_the_committed_relationships,,,guidance_only,acroform_fill,false,,false,false,true,true,false,,,2026-08-02,REV-UNKNOWN,715c00db62e19f07f7dedde68e89309027f4ed9566198a3617cb9bb34a98368b,false,,revision_confirmation_required,false,acroform,32,false,unprovable: object streams hide objects from the residue scan,false,clipped_overlapping_or_misplaced contact_sheet_shows_no_fill held_on_source_or_design never_independently_approved rendered_artifact_not_byte_inspectable stale_contact_sheet_manifest_or_review_evidence stale_or_superseded unfinalized_rendered_artifact visually_unsafe,high,contained_by_terminal_treatment,Roger (official source acquisition),never_independently_reviewed,certification_unproven,Artifacts exist but cannot be certified: their active-content cleanliness or finalization cannot be established from the committed bytes.,3,,RC-G-GENERATION-NOT-ALLOWED RC-G-NO-INDEPENDENT-TECHNICAL-APPROVAL RC-G-PRODUCTION-HOLD RC-S-STALE-OR-SUPERSEDED RC-T-FACTORY-PROVENANCE RC-T-OBJECT-STREAMS RC-T-UNFLATTENED-FIELDS RC-T-VALUES-IN-APPEARANCES RC-V-CLIPPING RC-V-SHEET-FROM-UNFINALIZED-SOURCE RC-V-SHEET-NO-VISIBILITY-PROOF RC-V-SHEET-PANELS-IDENTICAL RC-V-UNSAFE-PLACEMENT,RC-G-GENERATION-NOT-ALLOWED RC-G-NO-INDEPENDENT-TECHNICAL-APPROVAL RC-G-PRODUCTION-HOLD RC-T-FACTORY-PROVENANCE RC-T-OBJECT-STREAMS RC-T-UNFLATTENED-FIELDS RC-T-VALUES-IN-APPEARANCES RC-V-SHEET-FROM-UNFINALIZED-SOURCE RC-V-SHEET-NO-VISIBILITY-PROOF RC-V-SHEET-PANELS-IDENTICAL,RC-S-STALE-OR-SUPERSEDED RC-V-CLIPPING RC-V-UNSAFE-PLACEMENT,false,true,false,0,"Correcting this asset requires re-rendering it through the current official-form factory, and the verified source binary (SHA-256 715c00db62e19f07f7dedde68e89309027f4ed9566198a3617cb9bb34a98368b) is not present in this clone. The factory renders from the binary; there is nothing to render from.","Retrieve the current official KY AOC-497 binary from its issuing body, record its URL, retrieval timestamp, publisher, edition date, byte length and SHA-256, and place it at the path its source record pins. Nothing downstream can proceed without those bytes.",HELD
KY,AOC-497.3,AOC-497.3-Rev-7-20-Order-Auto-Expunge N RE,false,E,orphaned_or_optional_asset,orphaned_or_optional,,no_track_binding_established,,,,acroform_fill,false,,false,false,true,true,false,,,,REV-2020-07,71049fcaf0321ff6ccd3bdc5142c92fabcb4134f7aebb48a6859083085f7c2eb,false,,source_or_currentness_gate_open,false,acroform,29,false,unprovable: object streams hide objects from the residue scan,false,clipped_overlapping_or_misplaced contact_sheet_shows_no_fill held_on_source_or_design never_independently_approved rendered_artifact_not_byte_inspectable stale_contact_sheet_manifest_or_review_evidence stale_or_superseded unfinalized_rendered_artifact,low,none,RCAP inventory owner,never_independently_reviewed,archive_candidate,"Source-gated: retained for provenance, never runtime-selectable.",4,do_not_acquire_without_a_named_current_use,RC-G-GENERATION-NOT-ALLOWED RC-G-NO-INDEPENDENT-TECHNICAL-APPROVAL RC-G-PRODUCTION-HOLD RC-S-STALE-OR-SUPERSEDED RC-T-FACTORY-PROVENANCE RC-T-OBJECT-STREAMS RC-T-SOURCE-DEFAULT-IN-PROTECTED-FIELD RC-T-UNFLATTENED-FIELDS RC-T-VALUES-IN-APPEARANCES RC-V-CLIPPING RC-V-SHEET-FROM-UNFINALIZED-SOURCE RC-V-SHEET-NO-VISIBILITY-PROOF RC-V-SHEET-PANELS-IDENTICAL,RC-G-GENERATION-NOT-ALLOWED RC-G-NO-INDEPENDENT-TECHNICAL-APPROVAL RC-G-PRODUCTION-HOLD RC-T-FACTORY-PROVENANCE RC-T-OBJECT-STREAMS RC-T-SOURCE-DEFAULT-IN-PROTECTED-FIELD RC-T-UNFLATTENED-FIELDS RC-T-VALUES-IN-APPEARANCES RC-V-SHEET-FROM-UNFINALIZED-SOURCE RC-V-SHEET-NO-VISIBILITY-PROOF RC-V-SHEET-PANELS-IDENTICAL,RC-S-STALE-OR-SUPERSEDED RC-V-CLIPPING,false,false,false,0,"Nothing is blocked. No active launch track's packet set requires this asset, so it is inventory rather than pending work.","Decide retain, archive or retire for KY AOC-497.3 and record the decision. It blocks nothing in the meantime.",HELD
KY,JV-29.1.pdf,JV-29.1.pdf,false,B,official_source_acquisition_required,expected_but_absent,,no_track_binding_established,,,,no render strategy recorded,false,,false,false,true,true,false,,,,,5dacccad4cc01732bc8b25f7b2bce14f26003c24c05913e22500c4f373b8d477,false,,not recorded,true,dirty_acroform,,false,no rendered artifact to judge,,held_on_source_or_design missing_binary never_independently_approved xfa_javascript_or_active_content_residue,low,none,Roger (official source acquisition),never_independently_reviewed,official_source_required,"The verified source binary is unavailable, so nothing downstream can be attempted.",4,do_not_acquire_without_a_named_current_use,RC-G-GENERATION-NOT-ALLOWED RC-G-NO-INDEPENDENT-TECHNICAL-APPROVAL RC-G-PRODUCTION-HOLD RC-S-BUNDLE-ABSENT RC-T-DIRTY-ACROFORM-SOURCE,RC-G-GENERATION-NOT-ALLOWED RC-G-NO-INDEPENDENT-TECHNICAL-APPROVAL RC-G-PRODUCTION-HOLD RC-S-BUNDLE-ABSENT,RC-T-DIRTY-ACROFORM-SOURCE,false,false,false,0,"The verified binary for KY JV-29.1.pdf is not in the clone, and no track binding exists for it: this asset is keyed by filename while the pinned legal-design registry keys packet components by form number, so nothing joins the two and the affected route cannot be stated. No candidate form-number match was found either.","Retrieve the current official KY JV-29.1.pdf binary from its issuing body, record its URL, retrieval timestamp, publisher, edition date, byte length and SHA-256, and place it at the path its source record pins. Nothing downstream can proceed without those bytes. Separately, establish which packet component, if any, depends on this asset: no track binding exists and no candidate form-number match was found, so this row cannot currently name the route it affects.",HELD
KY,JV-29.pdf,JV-29.pdf,false,B,official_source_acquisition_required,expected_but_absent,,no_track_binding_established,,,,no render strategy recorded,false,,false,false,true,true,false,,,,,557f0e5567d4a79c0d037ae1e38d7683153b32abdaa17f68511327bd0644ff45,false,,not recorded,true,dirty_acroform,,false,no rendered artifact to judge,,held_on_source_or_design missing_binary never_independently_approved xfa_javascript_or_active_content_residue,low,none,Roger (official source acquisition),never_independently_reviewed,official_source_required,"The verified source binary is unavailable, so nothing downstream can be attempted.",4,do_not_acquire_without_a_named_current_use,RC-G-GENERATION-NOT-ALLOWED RC-G-NO-INDEPENDENT-TECHNICAL-APPROVAL RC-G-PRODUCTION-HOLD RC-S-BUNDLE-ABSENT RC-T-DIRTY-ACROFORM-SOURCE,RC-G-GENERATION-NOT-ALLOWED RC-G-NO-INDEPENDENT-TECHNICAL-APPROVAL RC-G-PRODUCTION-HOLD RC-S-BUNDLE-ABSENT,RC-T-DIRTY-ACROFORM-SOURCE,false,false,false,0,"The verified binary for KY JV-29.pdf is not in the clone, and no track binding exists for it: this asset is keyed by filename while the pinned legal-design registry keys packet components by form number, so nothing joins the two and the affected route cannot be stated. No candidate form-number match was found either.","Retrieve the current official KY JV-29.pdf binary from its issuing body, record its URL, retrieval timestamp, publisher, edition date, byte length and SHA-256, and place it at the path its source record pins. Nothing downstream can proceed without those bytes. Separately, establish which packet component, if any, depends on this asset: no track binding exists and no candidate form-number match was found, so this row cannot currently name the route it affects.",HELD
KY,JV-30.pdf,JV-30.pdf,false,B,official_source_acquisition_required,expected_but_absent,,no_track_binding_established,,,,no render strategy recorded,false,,false,false,true,true,false,,,,,c1ca3e80cd7cb7afc8cec7b2922691895e5c6f8d761c052bbdc98ff317d1e5ee,false,,not recorded,true,dirty_acroform,,false,no rendered artifact to judge,,held_on_source_or_design missing_binary never_independently_approved xfa_javascript_or_active_content_residue,low,none,Roger (official source acquisition),never_independently_reviewed,official_source_required,"The verified source binary is unavailable, so nothing downstream can be attempted.",4,do_not_acquire_without_a_named_current_use,RC-G-GENERATION-NOT-ALLOWED RC-G-NO-INDEPENDENT-TECHNICAL-APPROVAL RC-G-PRODUCTION-HOLD RC-S-BUNDLE-ABSENT RC-T-DIRTY-ACROFORM-SOURCE,RC-G-GENERATION-NOT-ALLOWED RC-G-NO-INDEPENDENT-TECHNICAL-APPROVAL RC-G-PRODUCTION-HOLD RC-S-BUNDLE-ABSENT,RC-T-DIRTY-ACROFORM-SOURCE,false,false,false,0,"The verified binary for KY JV-30.pdf is not in the clone, and no track binding exists for it: this asset is keyed by filename while the pinned legal-design registry keys packet components by form number, so nothing joins the two and the affected route cannot be stated. No candidate form-number match was found either.","Retrieve the current official KY JV-30.pdf binary from its issuing body, record its URL, retrieval timestamp, publisher, edition date, byte length and SHA-256, and place it at the path its source record pins. Nothing downstream can proceed without those bytes. Separately, establish which packet component, if any, depends on this asset: no track binding exists and no candidate form-number match was found, so this row cannot currently name the route it affects.",HELD
KY,Kentucky-Expungement-Forms.html,Kentucky-Expungement-Forms.html,false,B,official_source_acquisition_required,expected_but_absent,,no_track_binding_established,,,,no render strategy recorded,false,,false,false,true,true,false,,,,,c144558f1a2e7745631fbfc599744a4e0c8a3099d905eaed6258fed342858dc8,false,,not recorded,true,html_form,,false,no rendered artifact to judge,,flat_overlay_geometry_or_readback held_on_source_or_design missing_binary never_independently_approved,low,none,Roger (official source acquisition),never_independently_reviewed,official_source_required,"The verified source binary is unavailable, so nothing downstream can be attempted.",4,do_not_acquire_without_a_named_current_use,RC-G-GENERATION-NOT-ALLOWED RC-G-NO-INDEPENDENT-TECHNICAL-APPROVAL RC-G-PRODUCTION-HOLD RC-S-BUNDLE-ABSENT RC-T-NO-FIELD-CENSUS,RC-G-GENERATION-NOT-ALLOWED RC-G-NO-INDEPENDENT-TECHNICAL-APPROVAL RC-G-PRODUCTION-HOLD RC-S-BUNDLE-ABSENT,RC-T-NO-FIELD-CENSUS,false,false,false,0,"The verified binary for KY Kentucky-Expungement-Forms.html is not in the clone, and no track binding exists for it: this asset is keyed by filename while the pinned legal-design registry keys packet components by form number, so nothing joins the two and the affected route cannot be stated. No candidate form-number match was found either.","Retrieve the current official KY Kentucky-Expungement-Forms.html binary from its issuing body, record its URL, retrieval timestamp, publisher, edition date, byte length and SHA-256, and place it at the path its source record pins. Nothing downstream can proceed without those bytes. Separately, establish which packet component, if any, depends on this asset: no track binding exists and no candidate form-number match was found, so this row cannot currently name the route it affects.",HELD
NC,AOC-CR-287,AOC-CR-287 Petition and Order of Expunction,false,B,official_source_acquisition_required,active_track,nc_146_dismissal_petition,bound_to_tracks_by_the_committed_relationships,,,exact_supported_deferral,flat_overlay,false,exact_supported_deferral,false,false,true,true,false,https://www.nccourts.gov/documents/forms/petition-and-order-of-expunction-under-gs-15a-146a-or-gs-15a-146a1-charges-dismissed-instructions-for-petition-and-order-of-expunction-under-gs-15a-146a-or-gs-15a-146a1-charges-dismissed,www.nccourts.gov,2026-08-02,REV-2020-12,2294223f9157d78d3ad756e50befff6c2d6fa08dff96214d751e5229cfd2460f,false,,candidate_current_source,false,flat_pdf,0,false,no rendered artifact to judge,,currentness_unverified flat_overlay_geometry_or_readback held_on_source_or_design multi_widget_ambiguity never_independently_approved stale_contact_sheet_manifest_or_review_evidence,medium,contained_by_terminal_treatment,Roger (official source acquisition),never_independently_reviewed,official_source_required,"The verified source binary is unavailable, so nothing downstream can be attempted.",2,,RC-G-GENERATION-NOT-ALLOWED RC-G-NO-INDEPENDENT-TECHNICAL-APPROVAL RC-G-PRODUCTION-HOLD RC-S-CURRENTNESS-UNVERIFIED RC-T-FLAT-GEOMETRY RC-T-NO-DERIVABLE-WRITE-BOX RC-V-NO-SHEET-PRODUCED,RC-G-GENERATION-NOT-ALLOWED RC-G-NO-INDEPENDENT-TECHNICAL-APPROVAL RC-G-PRODUCTION-HOLD RC-S-CURRENTNESS-UNVERIFIED RC-V-NO-SHEET-PRODUCED,RC-T-FLAT-GEOMETRY RC-T-NO-DERIVABLE-WRITE-BOX,false,true,false,0,"Correcting this asset requires re-rendering it through the current official-form factory, and the verified source binary (SHA-256 2294223f9157d78d3ad756e50befff6c2d6fa08dff96214d751e5229cfd2460f) is not present in this clone. The factory renders from the binary; there is nothing to render from.","Retrieve the current official NC AOC-CR-287 binary from its issuing body, record its URL, retrieval timestamp, publisher, edition date, byte length and SHA-256, and place it at the path its source record pins. Nothing downstream can proceed without those bytes.",HELD
NC,AOC-CR-287,AOC-CR-287 Instructions,false,B,official_source_acquisition_required,active_track,nc_146_dismissal_petition,bound_to_tracks_by_the_committed_relationships,,,exact_supported_deferral,flat_overlay,false,exact_supported_deferral,false,false,true,true,false,https://www.nccourts.gov/documents/forms/petition-and-order-of-expunction-under-gs-15a-146a-or-gs-15a-146a1-charges-dismissed-instructions-for-petition-and-order-of-expunction-under-gs-15a-146a-or-gs-15a-146a1-charges-dismissed,www.nccourts.gov,2026-08-02,REV-2020-12,5b0e6d3180fb1131edfc413c7d3dfdbde7fbc820b039a01727101bb6b63c46ba,false,,candidate_current_source,false,flat_pdf,0,false,no rendered artifact to judge,,currentness_unverified flat_overlay_geometry_or_readback held_on_source_or_design never_independently_approved stale_contact_sheet_manifest_or_review_evidence,medium,contained_by_terminal_treatment,Roger (official source acquisition),never_independently_reviewed,official_source_required,"The verified source binary is unavailable, so nothing downstream can be attempted.",2,,RC-G-GENERATION-NOT-ALLOWED RC-G-NO-INDEPENDENT-TECHNICAL-APPROVAL RC-G-PRODUCTION-HOLD RC-S-CURRENTNESS-UNVERIFIED RC-T-FLAT-GEOMETRY RC-V-NO-SHEET-PRODUCED,RC-G-GENERATION-NOT-ALLOWED RC-G-NO-INDEPENDENT-TECHNICAL-APPROVAL RC-G-PRODUCTION-HOLD RC-S-CURRENTNESS-UNVERIFIED RC-V-NO-SHEET-PRODUCED,RC-T-FLAT-GEOMETRY,false,true,false,0,"Correcting this asset requires re-rendering it through the current official-form factory, and the verified source binary (SHA-256 5b0e6d3180fb1131edfc413c7d3dfdbde7fbc820b039a01727101bb6b63c46ba) is not present in this clone. The factory renders from the binary; there is nothing to render from.","Retrieve the current official NC AOC-CR-287 binary from its issuing body, record its URL, retrieval timestamp, publisher, edition date, byte length and SHA-256, and place it at the path its source record pins. Nothing downstream can proceed without those bytes.",HELD
NC,AOC-CR-287,AOC-CR-287 Instructions,false,B,official_source_acquisition_required,active_track,nc_146_dismissal_petition,bound_to_tracks_by_the_committed_relationships,,,exact_supported_deferral,flat_overlay,false,exact_supported_deferral,false,false,true,true,false,https://www.nccourts.gov/documents/forms/petition-and-order-of-expunction-under-gs-15a-146a-or-gs-15a-146a1-charges-dismissed-instructions-for-petition-and-order-of-expunction-under-gs-15a-146a-or-gs-15a-146a1-charges-dismissed,www.nccourts.gov,2026-08-02,REV-2020-12,877ad532fcca40c279a6a803704098789b10d77441b583aeb449c2ca41b4d6eb,false,,candidate_current_source,false,flat_pdf,0,false,no rendered artifact to judge,,currentness_unverified flat_overlay_geometry_or_readback held_on_source_or_design never_independently_approved stale_contact_sheet_manifest_or_review_evidence,medium,contained_by_terminal_treatment,Roger (official source acquisition),never_independently_reviewed,official_source_required,"The verified source binary is unavailable, so nothing downstream can be attempted.",2,,RC-G-GENERATION-NOT-ALLOWED RC-G-NO-INDEPENDENT-TECHNICAL-APPROVAL RC-G-PRODUCTION-HOLD RC-S-CURRENTNESS-UNVERIFIED RC-T-FLAT-GEOMETRY RC-V-NO-SHEET-PRODUCED,RC-G-GENERATION-NOT-ALLOWED RC-G-NO-INDEPENDENT-TECHNICAL-APPROVAL RC-G-PRODUCTION-HOLD RC-S-CURRENTNESS-UNVERIFIED RC-V-NO-SHEET-PRODUCED,RC-T-FLAT-GEOMETRY,false,true,false,0,"Correcting this asset requires re-rendering it through the current official-form factory, and the verified source binary (SHA-256 877ad532fcca40c279a6a803704098789b10d77441b583aeb449c2ca41b4d6eb) is not present in this clone. The factory renders from the binary; there is nothing to render from.","Retrieve the current official NC AOC-CR-287 binary from its issuing body, record its URL, retrieval timestamp, publisher, edition date, byte length and SHA-256, and place it at the path its source record pins. Nothing downstream can proceed without those bytes.",HELD
NC,AOC-CR-287,AOC-CR-287 Petition and Order of Expunction,false,B,official_source_acquisition_required,active_track,nc_146_dismissal_petition,bound_to_tracks_by_the_committed_relationships,,,exact_supported_deferral,flat_overlay,false,exact_supported_deferral,false,false,true,true,false,https://www.nccourts.gov/documents/forms/petition-and-order-of-expunction-under-gs-15a-146a-or-gs-15a-146a1-charges-dismissed-instructions-for-petition-and-order-of-expunction-under-gs-15a-146a-or-gs-15a-146a1-charges-dismissed,www.nccourts.gov,2026-08-02,REV-2020-12,9405bb36e6e879a094ecaa3bcbcd1a1fd1d918d40ecd3dfff22c5ce5043b696a,false,,candidate_current_source,false,flat_pdf,0,false,unprovable: object streams hide objects from the residue scan,false,contact_sheet_shows_no_fill currentness_unverified flat_overlay_geometry_or_readback held_on_source_or_design never_independently_approved rendered_artifact_not_byte_inspectable stale_contact_sheet_manifest_or_review_evidence unfinalized_rendered_artifact,high,contained_by_terminal_treatment,Roger (official source acquisition),never_independently_reviewed,certification_unproven,Artifacts exist but cannot be certified: their active-content cleanliness or finalization cannot be established from the committed bytes.,2,,RC-G-GENERATION-NOT-ALLOWED RC-G-NO-INDEPENDENT-TECHNICAL-APPROVAL RC-G-PRODUCTION-HOLD RC-S-CURRENTNESS-UNVERIFIED RC-T-FACTORY-PROVENANCE RC-T-FLAT-GEOMETRY RC-T-OBJECT-STREAMS RC-T-VALUES-ABSENT RC-V-SHEET-FROM-UNFINALIZED-SOURCE RC-V-SHEET-NO-VISIBILITY-PROOF RC-V-SHEET-PANELS-IDENTICAL,RC-G-GENERATION-NOT-ALLOWED RC-G-NO-INDEPENDENT-TECHNICAL-APPROVAL RC-G-PRODUCTION-HOLD RC-S-CURRENTNESS-UNVERIFIED RC-T-FACTORY-PROVENANCE RC-T-OBJECT-STREAMS RC-V-SHEET-FROM-UNFINALIZED-SOURCE RC-V-SHEET-NO-VISIBILITY-PROOF RC-V-SHEET-PANELS-IDENTICAL,RC-T-FLAT-GEOMETRY RC-T-VALUES-ABSENT,false,true,false,0,"Correcting this asset requires re-rendering it through the current official-form factory, and the verified source binary (SHA-256 9405bb36e6e879a094ecaa3bcbcd1a1fd1d918d40ecd3dfff22c5ce5043b696a) is not present in this clone. The factory renders from the binary; there is nothing to render from.","Retrieve the current official NC AOC-CR-287 binary from its issuing body, record its URL, retrieval timestamp, publisher, edition date, byte length and SHA-256, and place it at the path its source record pins. Nothing downstream can proceed without those bytes.",HELD
NC,AOC-CR-287,AOC-CR-287 Petition and Order of Expunction,false,B,official_source_acquisition_required,active_track,nc_146_dismissal_petition,bound_to_tracks_by_the_committed_relationships,,,exact_supported_deferral,acroform_fill,false,exact_supported_deferral,false,false,true,true,false,,,2026-08-02,REV-2025-12,a876229328f9ee8325890b597633b661711fe606da1be8ddb573cd50791365ed,false,,candidate_current_source,false,acroform,119,false,unprovable: object streams hide objects from the residue scan,false,clipped_overlapping_or_misplaced contact_sheet_shows_no_fill currentness_unverified held_on_source_or_design never_independently_approved rendered_artifact_not_byte_inspectable stale_contact_sheet_manifest_or_review_evidence unfinalized_rendered_artifact,high,contained_by_terminal_treatment,Roger (official source acquisition),never_independently_reviewed,certification_unproven,Artifacts exist but cannot be certified: their active-content cleanliness or finalization cannot be established from the committed bytes.,2,,RC-G-GENERATION-NOT-ALLOWED RC-G-NO-INDEPENDENT-TECHNICAL-APPROVAL RC-G-PRODUCTION-HOLD RC-S-CURRENTNESS-UNVERIFIED RC-T-FACTORY-PROVENANCE RC-T-OBJECT-STREAMS RC-T-UNFLATTENED-FIELDS RC-T-VALUES-IN-APPEARANCES RC-V-CLIPPING RC-V-SHEET-FROM-UNFINALIZED-SOURCE RC-V-SHEET-NO-VISIBILITY-PROOF RC-V-SHEET-PANELS-IDENTICAL,RC-G-GENERATION-NOT-ALLOWED RC-G-NO-INDEPENDENT-TECHNICAL-APPROVAL RC-G-PRODUCTION-HOLD RC-S-CURRENTNESS-UNVERIFIED RC-T-FACTORY-PROVENANCE RC-T-OBJECT-STREAMS RC-T-UNFLATTENED-FIELDS RC-T-VALUES-IN-APPEARANCES RC-V-SHEET-FROM-UNFINALIZED-SOURCE RC-V-SHEET-NO-VISIBILITY-PROOF RC-V-SHEET-PANELS-IDENTICAL,RC-V-CLIPPING,false,true,false,0,"Correcting this asset requires re-rendering it through the current official-form factory, and the verified source binary (SHA-256 a876229328f9ee8325890b597633b661711fe606da1be8ddb573cd50791365ed) is not present in this clone. The factory renders from the binary; there is nothing to render from.","Retrieve the current official NC AOC-CR-287 binary from its issuing body, record its URL, retrieval timestamp, publisher, edition date, byte length and SHA-256, and place it at the path its source record pins. Nothing downstream can proceed without those bytes.",HELD
NC,AOC-CR-287,AOC-CR-287 Instructions,false,B,official_source_acquisition_required,active_track,nc_146_dismissal_petition,bound_to_tracks_by_the_committed_relationships,,,exact_supported_deferral,flat_overlay,false,exact_supported_deferral,false,false,true,true,false,,,2026-08-02,REV-2025-12,fe22270401aa22ee5c801871aeb1c00f3b98cfb6867f7155681bab4af9c990d7,false,,candidate_current_source,false,flat_pdf,0,false,no rendered artifact to judge,,currentness_unverified flat_overlay_geometry_or_readback held_on_source_or_design never_independently_approved stale_contact_sheet_manifest_or_review_evidence,medium,contained_by_terminal_treatment,Roger (official source acquisition),never_independently_reviewed,official_source_required,"The verified source binary is unavailable, so nothing downstream can be attempted.",2,,RC-G-GENERATION-NOT-ALLOWED RC-G-NO-INDEPENDENT-TECHNICAL-APPROVAL RC-G-PRODUCTION-HOLD RC-S-CURRENTNESS-UNVERIFIED RC-T-FLAT-GEOMETRY RC-V-NO-SHEET-PRODUCED,RC-G-GENERATION-NOT-ALLOWED RC-G-NO-INDEPENDENT-TECHNICAL-APPROVAL RC-G-PRODUCTION-HOLD RC-S-CURRENTNESS-UNVERIFIED RC-V-NO-SHEET-PRODUCED,RC-T-FLAT-GEOMETRY,false,true,false,0,"Correcting this asset requires re-rendering it through the current official-form factory, and the verified source binary (SHA-256 fe22270401aa22ee5c801871aeb1c00f3b98cfb6867f7155681bab4af9c990d7) is not present in this clone. The factory renders from the binary; there is nothing to render from.","Retrieve the current official NC AOC-CR-287 binary from its issuing body, record its URL, retrieval timestamp, publisher, edition date, byte length and SHA-256, and place it at the path its source record pins. Nothing downstream can proceed without those bytes.",HELD
NC,AOC-CR-288,AOC-CR-288 Instructions,false,B,official_source_acquisition_required,active_track,nc_146_acquittal_petition,bound_to_tracks_by_the_committed_relationships,,,guidance_only,flat_overlay,false,,false,false,true,true,false,,,2026-08-02,REV-2025-03,19f5aa4b45457a811c5b38ededee861af36d1088a3ef7380f00f5d1b277a0ade,false,,candidate_current_source,false,flat_pdf,0,false,no rendered artifact to judge,,currentness_unverified flat_overlay_geometry_or_readback held_on_source_or_design never_independently_approved stale_contact_sheet_manifest_or_review_evidence,medium,contained_by_terminal_treatment,Roger (official source acquisition),never_independently_reviewed,official_source_required,"The verified source binary is unavailable, so nothing downstream can be attempted.",2,,RC-G-GENERATION-NOT-ALLOWED RC-G-NO-INDEPENDENT-TECHNICAL-APPROVAL RC-G-PRODUCTION-HOLD RC-S-CURRENTNESS-UNVERIFIED RC-T-FLAT-GEOMETRY RC-V-NO-SHEET-PRODUCED,RC-G-GENERATION-NOT-ALLOWED RC-G-NO-INDEPENDENT-TECHNICAL-APPROVAL RC-G-PRODUCTION-HOLD RC-S-CURRENTNESS-UNVERIFIED RC-V-NO-SHEET-PRODUCED,RC-T-FLAT-GEOMETRY,false,true,false,0,"Correcting this asset requires re-rendering it through the current official-form factory, and the verified source binary (SHA-256 19f5aa4b45457a811c5b38ededee861af36d1088a3ef7380f00f5d1b277a0ade) is not present in this clone. The factory renders from the binary; there is nothing to render from.","Retrieve the current official NC AOC-CR-288 binary from its issuing body, record its URL, retrieval timestamp, publisher, edition date, byte length and SHA-256, and place it at the path its source record pins. Nothing downstream can proceed without those bytes.",HELD
NC,AOC-CR-288,AOC-CR-288 Instructions,false,B,official_source_acquisition_required,active_track,nc_146_acquittal_petition,bound_to_tracks_by_the_committed_relationships,,,guidance_only,flat_overlay,false,,false,false,true,true,false,https://www.nccourts.gov/documents/forms/petition-and-order-of-expunction-under-gs-15a-146a2-not-guilty-or-not-responsible-instructions-for-petition-and-order-of-expunction-under-gs-15a-146a2-not-guilty-or-not-responsible,www.nccourts.gov,2026-08-02,REV-2020-12,2b9aa2c8b10778748bf13b2771341bc2bb1791a110f7dbc9d069bbe90912252a,false,,candidate_current_source,false,flat_pdf,0,false,no rendered artifact to judge,,currentness_unverified flat_overlay_geometry_or_readback held_on_source_or_design never_independently_approved stale_contact_sheet_manifest_or_review_evidence,medium,contained_by_terminal_treatment,Roger (official source acquisition),never_independently_reviewed,official_source_required,"The verified source binary is unavailable, so nothing downstream can be attempted.",2,,RC-G-GENERATION-NOT-ALLOWED RC-G-NO-INDEPENDENT-TECHNICAL-APPROVAL RC-G-PRODUCTION-HOLD RC-S-CURRENTNESS-UNVERIFIED RC-T-FLAT-GEOMETRY RC-V-NO-SHEET-PRODUCED,RC-G-GENERATION-NOT-ALLOWED RC-G-NO-INDEPENDENT-TECHNICAL-APPROVAL RC-G-PRODUCTION-HOLD RC-S-CURRENTNESS-UNVERIFIED RC-V-NO-SHEET-PRODUCED,RC-T-FLAT-GEOMETRY,false,true,false,0,"Correcting this asset requires re-rendering it through the current official-form factory, and the verified source binary (SHA-256 2b9aa2c8b10778748bf13b2771341bc2bb1791a110f7dbc9d069bbe90912252a) is not present in this clone. The factory renders from the binary; there is nothing to render from.","Retrieve the current official NC AOC-CR-288 binary from its issuing body, record its URL, retrieval timestamp, publisher, edition date, byte length and SHA-256, and place it at the path its source record pins. Nothing downstream can proceed without those bytes.",HELD
NC,AOC-CR-288,AOC-CR-288 Petition and Order of Expunction,false,B,official_source_acquisition_required,active_track,nc_146_acquittal_petition,bound_to_tracks_by_the_committed_relationships,,,guidance_only,flat_overlay,false,,false,false,true,true,false,https://www.nccourts.gov/documents/forms/petition-and-order-of-expunction-under-gs-15a-146a2-not-guilty-or-not-responsible-instructions-for-petition-and-order-of-expunction-under-gs-15a-146a2-not-guilty-or-not-responsible,www.nccourts.gov,2026-08-02,REV-2020-12,37f40f194b64bdc0e2a5189f1b4ee98e9a0722f0b91eac2184a5eee840dde027,false,,candidate_current_source,false,flat_pdf,0,false,no rendered artifact to judge,,currentness_unverified flat_overlay_geometry_or_readback held_on_source_or_design multi_widget_ambiguity never_independently_approved stale_contact_sheet_manifest_or_review_evidence,medium,contained_by_terminal_treatment,Roger (official source acquisition),never_independently_reviewed,official_source_required,"The verified source binary is unavailable, so nothing downstream can be attempted.",2,,RC-G-GENERATION-NOT-ALLOWED RC-G-NO-INDEPENDENT-TECHNICAL-APPROVAL RC-G-PRODUCTION-HOLD RC-S-CURRENTNESS-UNVERIFIED RC-T-FLAT-GEOMETRY RC-T-NO-DERIVABLE-WRITE-BOX RC-V-NO-SHEET-PRODUCED,RC-G-GENERATION-NOT-ALLOWED RC-G-NO-INDEPENDENT-TECHNICAL-APPROVAL RC-G-PRODUCTION-HOLD RC-S-CURRENTNESS-UNVERIFIED RC-V-NO-SHEET-PRODUCED,RC-T-FLAT-GEOMETRY RC-T-NO-DERIVABLE-WRITE-BOX,false,true,false,0,"Correcting this asset requires re-rendering it through the current official-form factory, and the verified source binary (SHA-256 37f40f194b64bdc0e2a5189f1b4ee98e9a0722f0b91eac2184a5eee840dde027) is not present in this clone. The factory renders from the binary; there is nothing to render from.","Retrieve the current official NC AOC-CR-288 binary from its issuing body, record its URL, retrieval timestamp, publisher, edition date, byte length and SHA-256, and place it at the path its source record pins. Nothing downstream can proceed without those bytes.",HELD
NC,AOC-CR-288,AOC-CR-288 Petition and Order of Expunction,false,B,official_source_acquisition_required,active_track,nc_146_acquittal_petition,bound_to_tracks_by_the_committed_relationships,,,guidance_only,flat_overlay,false,,false,false,true,true,false,https://www.nccourts.gov/documents/forms/petition-and-order-of-expunction-under-gs-15a-146a2-not-guilty-or-not-responsible-instructions-for-petition-and-order-of-expunction-under-gs-15a-146a2-not-guilty-or-not-responsible,www.nccourts.gov,2026-08-02,REV-2020-12,46cdca90a1891b0df1cbfcc960f0c0f839a3ae717313dd46b6e3b69d68747c64,false,,candidate_current_source,false,flat_pdf,0,false,unprovable: object streams hide objects from the residue scan,false,contact_sheet_shows_no_fill currentness_unverified flat_overlay_geometry_or_readback held_on_source_or_design never_independently_approved rendered_artifact_not_byte_inspectable stale_contact_sheet_manifest_or_review_evidence unfinalized_rendered_artifact,high,contained_by_terminal_treatment,Roger (official source acquisition),never_independently_reviewed,certification_unproven,Artifacts exist but cannot be certified: their active-content cleanliness or finalization cannot be established from the committed bytes.,2,,RC-G-GENERATION-NOT-ALLOWED RC-G-NO-INDEPENDENT-TECHNICAL-APPROVAL RC-G-PRODUCTION-HOLD RC-S-CURRENTNESS-UNVERIFIED RC-T-FACTORY-PROVENANCE RC-T-FLAT-GEOMETRY RC-T-OBJECT-STREAMS RC-T-VALUES-ABSENT RC-V-SHEET-FROM-UNFINALIZED-SOURCE RC-V-SHEET-NO-VISIBILITY-PROOF RC-V-SHEET-PANELS-IDENTICAL,RC-G-GENERATION-NOT-ALLOWED RC-G-NO-INDEPENDENT-TECHNICAL-APPROVAL RC-G-PRODUCTION-HOLD RC-S-CURRENTNESS-UNVERIFIED RC-T-FACTORY-PROVENANCE RC-T-OBJECT-STREAMS RC-V-SHEET-FROM-UNFINALIZED-SOURCE RC-V-SHEET-NO-VISIBILITY-PROOF RC-V-SHEET-PANELS-IDENTICAL,RC-T-FLAT-GEOMETRY RC-T-VALUES-ABSENT,false,true,false,0,"Correcting this asset requires re-rendering it through the current official-form factory, and the verified source binary (SHA-256 46cdca90a1891b0df1cbfcc960f0c0f839a3ae717313dd46b6e3b69d68747c64) is not present in this clone. The factory renders from the binary; there is nothing to render from.","Retrieve the current official NC AOC-CR-288 binary from its issuing body, record its URL, retrieval timestamp, publisher, edition date, byte length and SHA-256, and place it at the path its source record pins. Nothing downstream can proceed without those bytes.",HELD
NC,AOC-CR-288,AOC-CR-288 Petition and Order of Expunction,false,B,official_source_acquisition_required,active_track,nc_146_acquittal_petition,bound_to_tracks_by_the_committed_relationships,,,guidance_only,acroform_fill,false,,false,false,true,true,false,,,2026-08-02,REV-2025-03,776210116d1ee07a2a53aab41cd3f0a51e382fd3c6f5a7bba9798fc667246a08,false,,candidate_current_source,false,acroform,128,false,unprovable: object streams hide objects from the residue scan,false,clipped_overlapping_or_misplaced contact_sheet_shows_no_fill currentness_unverified held_on_source_or_design never_independently_approved rendered_artifact_not_byte_inspectable stale_contact_sheet_manifest_or_review_evidence unfinalized_rendered_artifact,high,contained_by_terminal_treatment,Roger (official source acquisition),never_independently_reviewed,certification_unproven,Artifacts exist but cannot be certified: their active-content cleanliness or finalization cannot be established from the committed bytes.,2,,RC-G-GENERATION-NOT-ALLOWED RC-G-NO-INDEPENDENT-TECHNICAL-APPROVAL RC-G-PRODUCTION-HOLD RC-S-CURRENTNESS-UNVERIFIED RC-T-FACTORY-PROVENANCE RC-T-OBJECT-STREAMS RC-T-UNFLATTENED-FIELDS RC-T-VALUES-IN-APPEARANCES RC-V-CLIPPING RC-V-SHEET-FROM-UNFINALIZED-SOURCE RC-V-SHEET-NO-VISIBILITY-PROOF RC-V-SHEET-PANELS-IDENTICAL,RC-G-GENERATION-NOT-ALLOWED RC-G-NO-INDEPENDENT-TECHNICAL-APPROVAL RC-G-PRODUCTION-HOLD RC-S-CURRENTNESS-UNVERIFIED RC-T-FACTORY-PROVENANCE RC-T-OBJECT-STREAMS RC-T-UNFLATTENED-FIELDS RC-T-VALUES-IN-APPEARANCES RC-V-SHEET-FROM-UNFINALIZED-SOURCE RC-V-SHEET-NO-VISIBILITY-PROOF RC-V-SHEET-PANELS-IDENTICAL,RC-V-CLIPPING,false,true,false,0,"Correcting this asset requires re-rendering it through the current official-form factory, and the verified source binary (SHA-256 776210116d1ee07a2a53aab41cd3f0a51e382fd3c6f5a7bba9798fc667246a08) is not present in this clone. The factory renders from the binary; there is nothing to render from.","Retrieve the current official NC AOC-CR-288 binary from its issuing body, record its URL, retrieval timestamp, publisher, edition date, byte length and SHA-256, and place it at the path its source record pins. Nothing downstream can proceed without those bytes.",HELD
NC,AOC-CR-288,AOC-CR-288 Instructions,false,B,official_source_acquisition_required,active_track,nc_146_acquittal_petition,bound_to_tracks_by_the_committed_relationships,,,guidance_only,flat_overlay,false,,false,false,true,true,false,https://www.nccourts.gov/documents/forms/petition-and-order-of-expunction-under-gs-15a-146a2-not-guilty-or-not-responsible-instructions-for-petition-and-order-of-expunction-under-gs-15a-146a2-not-guilty-or-not-responsible,www.nccourts.gov,2026-08-02,REV-2020-12,d2a02cbe61e00c4093b3279d1d208ecf59b8cdc8f1fb7eb25189f8c0f7fc8806,false,,candidate_current_source,false,flat_pdf,0,false,no rendered artifact to judge,,currentness_unverified flat_overlay_geometry_or_readback held_on_source_or_design never_independently_approved stale_contact_sheet_manifest_or_review_evidence,medium,contained_by_terminal_treatment,Roger (official source acquisition),never_independently_reviewed,official_source_required,"The verified source binary is unavailable, so nothing downstream can be attempted.",2,,RC-G-GENERATION-NOT-ALLOWED RC-G-NO-INDEPENDENT-TECHNICAL-APPROVAL RC-G-PRODUCTION-HOLD RC-S-CURRENTNESS-UNVERIFIED RC-T-FLAT-GEOMETRY RC-V-NO-SHEET-PRODUCED,RC-G-GENERATION-NOT-ALLOWED RC-G-NO-INDEPENDENT-TECHNICAL-APPROVAL RC-G-PRODUCTION-HOLD RC-S-CURRENTNESS-UNVERIFIED RC-V-NO-SHEET-PRODUCED,RC-T-FLAT-GEOMETRY,false,true,false,0,"Correcting this asset requires re-rendering it through the current official-form factory, and the verified source binary (SHA-256 d2a02cbe61e00c4093b3279d1d208ecf59b8cdc8f1fb7eb25189f8c0f7fc8806) is not present in this clone. The factory renders from the binary; there is nothing to render from.","Retrieve the current official NC AOC-CR-288 binary from its issuing body, record its URL, retrieval timestamp, publisher, edition date, byte length and SHA-256, and place it at the path its source record pins. Nothing downstream can proceed without those bytes.",HELD
NC,AOC-CR-296,AOC-CR-296 Petition and Order of Expunction,false,B,official_source_acquisition_required,active_track,nc_146_acquittal_petition,bound_to_tracks_by_the_committed_relationships,,,guidance_only,acroform_fill,false,,false,false,true,true,false,,,2026-08-02,REV-2025-03,48cc30cdc4681822e9be5b8a94e4ca10c07f9dafa67b01b17c78d5cc05cb0f4d,false,,candidate_current_source,false,acroform,126,false,unprovable: object streams hide objects from the residue scan,false,clipped_overlapping_or_misplaced contact_sheet_shows_no_fill currentness_unverified held_on_source_or_design never_independently_approved rendered_artifact_not_byte_inspectable stale_contact_sheet_manifest_or_review_evidence unfinalized_rendered_artifact,high,contained_by_terminal_treatment,Roger (official source acquisition),never_independently_reviewed,certification_unproven,Artifacts exist but cannot be certified: their active-content cleanliness or finalization cannot be established from the committed bytes.,2,,RC-G-GENERATION-NOT-ALLOWED RC-G-NO-INDEPENDENT-TECHNICAL-APPROVAL RC-G-PRODUCTION-HOLD RC-S-CURRENTNESS-UNVERIFIED RC-T-FACTORY-PROVENANCE RC-T-OBJECT-STREAMS RC-T-UNFLATTENED-FIELDS RC-T-VALUES-IN-APPEARANCES RC-V-CLIPPING RC-V-SHEET-FROM-UNFINALIZED-SOURCE RC-V-SHEET-NO-VISIBILITY-PROOF RC-V-SHEET-PANELS-IDENTICAL,RC-G-GENERATION-NOT-ALLOWED RC-G-NO-INDEPENDENT-TECHNICAL-APPROVAL RC-G-PRODUCTION-HOLD RC-S-CURRENTNESS-UNVERIFIED RC-T-FACTORY-PROVENANCE RC-T-OBJECT-STREAMS RC-T-UNFLATTENED-FIELDS RC-T-VALUES-IN-APPEARANCES RC-V-SHEET-FROM-UNFINALIZED-SOURCE RC-V-SHEET-NO-VISIBILITY-PROOF RC-V-SHEET-PANELS-IDENTICAL,RC-V-CLIPPING,false,true,false,0,"Correcting this asset requires re-rendering it through the current official-form factory, and the verified source binary (SHA-256 48cc30cdc4681822e9be5b8a94e4ca10c07f9dafa67b01b17c78d5cc05cb0f4d) is not present in this clone. The factory renders from the binary; there is nothing to render from.","Retrieve the current official NC AOC-CR-296 binary from its issuing body, record its URL, retrieval timestamp, publisher, edition date, byte length and SHA-256, and place it at the path its source record pins. Nothing downstream can proceed without those bytes.",HELD
NC,AOC-CR-297,AOC-CR-297 Instructions,false,B,official_source_acquisition_required,active_track,nc_145_5_felony,bound_to_tracks_by_the_committed_relationships,,,guidance_only,flat_overlay,false,,false,false,true,true,false,https://www.nccourts.gov/documents/forms/petition-and-order-of-expunction-under-gs-15a-1455-nonviolent-felonyies-instructions-for-petition-and-order-of-expunction-under-gs-15a-1455-nonviolent-felonyies,www.nccourts.gov,2026-08-02,REV-2025-06,689301e080796f9c0c9e8f15c5cd055a47b40034ab58f1fc7b91ab1143f8a484,false,,candidate_current_source,false,flat_pdf,0,false,no rendered artifact to judge,,currentness_unverified flat_overlay_geometry_or_readback held_on_source_or_design never_independently_approved stale_contact_sheet_manifest_or_review_evidence,medium,contained_by_terminal_treatment,Roger (official source acquisition),never_independently_reviewed,official_source_required,"The verified source binary is unavailable, so nothing downstream can be attempted.",2,,RC-G-GENERATION-NOT-ALLOWED RC-G-NO-INDEPENDENT-TECHNICAL-APPROVAL RC-G-PRODUCTION-HOLD RC-S-CURRENTNESS-UNVERIFIED RC-T-FLAT-GEOMETRY RC-V-NO-SHEET-PRODUCED,RC-G-GENERATION-NOT-ALLOWED RC-G-NO-INDEPENDENT-TECHNICAL-APPROVAL RC-G-PRODUCTION-HOLD RC-S-CURRENTNESS-UNVERIFIED RC-V-NO-SHEET-PRODUCED,RC-T-FLAT-GEOMETRY,false,true,false,0,"Correcting this asset requires re-rendering it through the current official-form factory, and the verified source binary (SHA-256 689301e080796f9c0c9e8f15c5cd055a47b40034ab58f1fc7b91ab1143f8a484) is not present in this clone. The factory renders from the binary; there is nothing to render from.","Retrieve the current official NC AOC-CR-297 binary from its issuing body, record its URL, retrieval timestamp, publisher, edition date, byte length and SHA-256, and place it at the path its source record pins. Nothing downstream can proceed without those bytes.",HELD
NC,AOC-CR-297,AOC-CR-297 Petition and Order of Expunction,false,B,official_source_acquisition_required,active_track,nc_145_5_felony,bound_to_tracks_by_the_committed_relationships,,,guidance_only,acroform_fill,false,,false,false,true,true,false,https://www.nccourts.gov/documents/forms/petition-and-order-of-expunction-under-gs-15a-1455-nonviolent-misdemeanors-instructions-for-petition-and-order-of-expunction-under-gs-15a-1455-nonviolent-misdemeanors,www.nccourts.gov,2026-08-02,REV-2025-06,99c17942a23c80d4e6e66615bc0dca5630fbfe5c5982540cc577da8d89e1eb7c,false,,candidate_current_source,false,acroform,110,false,unprovable: object streams hide objects from the residue scan,false,clipped_overlapping_or_misplaced contact_sheet_shows_no_fill currentness_unverified held_on_source_or_design never_independently_approved rendered_artifact_not_byte_inspectable stale_contact_sheet_manifest_or_review_evidence unfinalized_rendered_artifact,high,contained_by_terminal_treatment,Roger (official source acquisition),never_independently_reviewed,certification_unproven,Artifacts exist but cannot be certified: their active-content cleanliness or finalization cannot be established from the committed bytes.,2,,RC-G-GENERATION-NOT-ALLOWED RC-G-NO-INDEPENDENT-TECHNICAL-APPROVAL RC-G-PRODUCTION-HOLD RC-S-CURRENTNESS-UNVERIFIED RC-T-FACTORY-PROVENANCE RC-T-OBJECT-STREAMS RC-T-UNFLATTENED-FIELDS RC-T-VALUES-IN-APPEARANCES RC-V-CLIPPING RC-V-SHEET-FROM-UNFINALIZED-SOURCE RC-V-SHEET-NO-VISIBILITY-PROOF RC-V-SHEET-PANELS-IDENTICAL,RC-G-GENERATION-NOT-ALLOWED RC-G-NO-INDEPENDENT-TECHNICAL-APPROVAL RC-G-PRODUCTION-HOLD RC-S-CURRENTNESS-UNVERIFIED RC-T-FACTORY-PROVENANCE RC-T-OBJECT-STREAMS RC-T-UNFLATTENED-FIELDS RC-T-VALUES-IN-APPEARANCES RC-V-SHEET-FROM-UNFINALIZED-SOURCE RC-V-SHEET-NO-VISIBILITY-PROOF RC-V-SHEET-PANELS-IDENTICAL,RC-V-CLIPPING,false,true,false,0,"Correcting this asset requires re-rendering it through the current official-form factory, and the verified source binary (SHA-256 99c17942a23c80d4e6e66615bc0dca5630fbfe5c5982540cc577da8d89e1eb7c) is not present in this clone. The factory renders from the binary; there is nothing to render from.","Retrieve the current official NC AOC-CR-297 binary from its issuing body, record its URL, retrieval timestamp, publisher, edition date, byte length and SHA-256, and place it at the path its source record pins. Nothing downstream can proceed without those bytes.",HELD
NC,AOC-CR-298,AOC-CR-298 Instructions,false,B,official_source_acquisition_required,active_track,nc_145_5_misdemeanor,bound_to_tracks_by_the_committed_relationships,,,exact_supported_deferral,flat_overlay,false,exact_supported_deferral,false,false,true,true,false,https://www.nccourts.gov/documents/forms/petition-and-order-of-expunction-under-gs-15a-1455-nonviolent-misdemeanors-instructions-for-petition-and-order-of-expunction-under-gs-15a-1455-nonviolent-misdemeanors,www.nccourts.gov,2026-08-02,REV-2025-07,5d648de001ff725135f8b83eb38a8c45fc5001ae2dd1d2edb2e6e34044117d5c,false,,candidate_current_source,false,flat_pdf,0,false,no rendered artifact to judge,,currentness_unverified flat_overlay_geometry_or_readback held_on_source_or_design never_independently_approved stale_contact_sheet_manifest_or_review_evidence,medium,contained_by_terminal_treatment,Roger (official source acquisition),never_independently_reviewed,official_source_required,"The verified source binary is unavailable, so nothing downstream can be attempted.",2,,RC-G-GENERATION-NOT-ALLOWED RC-G-NO-INDEPENDENT-TECHNICAL-APPROVAL RC-G-PRODUCTION-HOLD RC-S-CURRENTNESS-UNVERIFIED RC-T-FLAT-GEOMETRY RC-V-NO-SHEET-PRODUCED,RC-G-GENERATION-NOT-ALLOWED RC-G-NO-INDEPENDENT-TECHNICAL-APPROVAL RC-G-PRODUCTION-HOLD RC-S-CURRENTNESS-UNVERIFIED RC-V-NO-SHEET-PRODUCED,RC-T-FLAT-GEOMETRY,false,true,false,0,"Correcting this asset requires re-rendering it through the current official-form factory, and the verified source binary (SHA-256 5d648de001ff725135f8b83eb38a8c45fc5001ae2dd1d2edb2e6e34044117d5c) is not present in this clone. The factory renders from the binary; there is nothing to render from.","Retrieve the current official NC AOC-CR-298 binary from its issuing body, record its URL, retrieval timestamp, publisher, edition date, byte length and SHA-256, and place it at the path its source record pins. Nothing downstream can proceed without those bytes.",HELD
NC,AOC-CR-298,AOC-CR-298 Petition and Order of Expunction,false,B,official_source_acquisition_required,active_track,nc_145_5_misdemeanor,bound_to_tracks_by_the_committed_relationships,,,exact_supported_deferral,acroform_fill,false,exact_supported_deferral,false,false,true,true,false,https://www.nccourts.gov/documents/forms/petition-and-order-of-expunction-under-gs-15a-1455-nonviolent-felonyies-instructions-for-petition-and-order-of-expunction-under-gs-15a-1455-nonviolent-felonyies,www.nccourts.gov,2026-08-02,REV-2025-07,8f526257102e5a5f59bed531e227a2d263d4ef192aaf99fd808a1a866385872b,false,,candidate_current_source,false,acroform,107,false,unprovable: object streams hide objects from the residue scan,false,clipped_overlapping_or_misplaced contact_sheet_shows_no_fill currentness_unverified held_on_source_or_design never_independently_approved rendered_artifact_not_byte_inspectable stale_contact_sheet_manifest_or_review_evidence unfinalized_rendered_artifact,high,contained_by_terminal_treatment,Roger (official source acquisition),never_independently_reviewed,certification_unproven,Artifacts exist but cannot be certified: their active-content cleanliness or finalization cannot be established from the committed bytes.,2,,RC-G-GENERATION-NOT-ALLOWED RC-G-NO-INDEPENDENT-TECHNICAL-APPROVAL RC-G-PRODUCTION-HOLD RC-S-CURRENTNESS-UNVERIFIED RC-T-FACTORY-PROVENANCE RC-T-OBJECT-STREAMS RC-T-UNFLATTENED-FIELDS RC-T-VALUES-IN-APPEARANCES RC-V-CLIPPING RC-V-SHEET-FROM-UNFINALIZED-SOURCE RC-V-SHEET-NO-VISIBILITY-PROOF RC-V-SHEET-PANELS-IDENTICAL,RC-G-GENERATION-NOT-ALLOWED RC-G-NO-INDEPENDENT-TECHNICAL-APPROVAL RC-G-PRODUCTION-HOLD RC-S-CURRENTNESS-UNVERIFIED RC-T-FACTORY-PROVENANCE RC-T-OBJECT-STREAMS RC-T-UNFLATTENED-FIELDS RC-T-VALUES-IN-APPEARANCES RC-V-SHEET-FROM-UNFINALIZED-SOURCE RC-V-SHEET-NO-VISIBILITY-PROOF RC-V-SHEET-PANELS-IDENTICAL,RC-V-CLIPPING,false,true,false,0,"Correcting this asset requires re-rendering it through the current official-form factory, and the verified source binary (SHA-256 8f526257102e5a5f59bed531e227a2d263d4ef192aaf99fd808a1a866385872b) is not present in this clone. The factory renders from the binary; there is nothing to render from.","Retrieve the current official NC AOC-CR-298 binary from its issuing body, record its URL, retrieval timestamp, publisher, edition date, byte length and SHA-256, and place it at the path its source record pins. Nothing downstream can proceed without those bytes.",HELD
NC,AOC-CV-226,AOC-CV-226 Affidavit of Indigency,false,B,official_source_acquisition_required,active_track,nc_145_5_felony nc_145_5_misdemeanor nc_145_8a_youthful nc_146_dismissal_petition,bound_to_tracks_by_the_committed_relationships,,,guidance_only exact_supported_deferral,flat_overlay,false,exact_supported_deferral,false,false,true,true,false,,,2026-08-02,REV-2021-06,08c01368a638d1f17ca4e49f8f89a0e888184e6da7d7a253c74a0b55864647e7,false,,candidate_current_source,false,flat_pdf,0,false,unprovable: object streams hide objects from the residue scan,false,contact_sheet_shows_no_fill currentness_unverified flat_overlay_geometry_or_readback held_on_source_or_design never_independently_approved rendered_artifact_not_byte_inspectable stale_contact_sheet_manifest_or_review_evidence unfinalized_rendered_artifact,high,contained_by_terminal_treatment,Roger (official source acquisition),never_independently_reviewed,certification_unproven,Artifacts exist but cannot be certified: their active-content cleanliness or finalization cannot be established from the committed bytes.,2,,RC-G-GENERATION-NOT-ALLOWED RC-G-NO-INDEPENDENT-TECHNICAL-APPROVAL RC-G-PRODUCTION-HOLD RC-S-CURRENTNESS-UNVERIFIED RC-T-FACTORY-PROVENANCE RC-T-FLAT-GEOMETRY RC-T-OBJECT-STREAMS RC-V-SHEET-FROM-UNFINALIZED-SOURCE RC-V-SHEET-NO-VISIBILITY-PROOF RC-V-SHEET-PANELS-IDENTICAL,RC-G-GENERATION-NOT-ALLOWED RC-G-NO-INDEPENDENT-TECHNICAL-APPROVAL RC-G-PRODUCTION-HOLD RC-S-CURRENTNESS-UNVERIFIED RC-T-FACTORY-PROVENANCE RC-T-OBJECT-STREAMS RC-V-SHEET-FROM-UNFINALIZED-SOURCE RC-V-SHEET-NO-VISIBILITY-PROOF RC-V-SHEET-PANELS-IDENTICAL,RC-T-FLAT-GEOMETRY,false,true,false,1,"Correcting this asset requires re-rendering it through the current official-form factory, and the verified source binary (SHA-256 08c01368a638d1f17ca4e49f8f89a0e888184e6da7d7a253c74a0b55864647e7) is not present in this clone. The factory renders from the binary; there is nothing to render from.","Retrieve the current official NC AOC-CV-226 binary from its issuing body, record its URL, retrieval timestamp, publisher, edition date, byte length and SHA-256, and place it at the path its source record pins. Nothing downstream can proceed without those bytes.",HELD
NC,AOC-CV-226,AOC-CV-226 Affidavit of Indigency,false,B,official_source_acquisition_required,active_track,nc_145_5_felony nc_145_5_misdemeanor nc_145_8a_youthful nc_146_dismissal_petition,bound_to_tracks_by_the_committed_relationships,,,guidance_only exact_supported_deferral,acroform_fill,false,exact_supported_deferral,false,false,true,true,false,,,2026-08-02,REV-2023-04,74057a13e4bccccbbac785c845b4996b322c6219e1c45f1ab42dca2377755a8f,false,,candidate_current_source,false,acroform,78,false,unprovable: object streams hide objects from the residue scan,false,clipped_overlapping_or_misplaced contact_sheet_shows_no_fill currentness_unverified held_on_source_or_design never_independently_approved rendered_artifact_not_byte_inspectable stale_contact_sheet_manifest_or_review_evidence unfinalized_rendered_artifact,high,contained_by_terminal_treatment,Roger (official source acquisition),never_independently_reviewed,certification_unproven,Artifacts exist but cannot be certified: their active-content cleanliness or finalization cannot be established from the committed bytes.,2,,RC-G-GENERATION-NOT-ALLOWED RC-G-NO-INDEPENDENT-TECHNICAL-APPROVAL RC-G-PRODUCTION-HOLD RC-S-CURRENTNESS-UNVERIFIED RC-T-FACTORY-PROVENANCE RC-T-OBJECT-STREAMS RC-T-UNFLATTENED-FIELDS RC-T-VALUES-IN-APPEARANCES RC-V-CLIPPING RC-V-SHEET-FROM-UNFINALIZED-SOURCE RC-V-SHEET-NO-VISIBILITY-PROOF RC-V-SHEET-PANELS-IDENTICAL,RC-G-GENERATION-NOT-ALLOWED RC-G-NO-INDEPENDENT-TECHNICAL-APPROVAL RC-G-PRODUCTION-HOLD RC-S-CURRENTNESS-UNVERIFIED RC-T-FACTORY-PROVENANCE RC-T-OBJECT-STREAMS RC-T-UNFLATTENED-FIELDS RC-T-VALUES-IN-APPEARANCES RC-V-SHEET-FROM-UNFINALIZED-SOURCE RC-V-SHEET-NO-VISIBILITY-PROOF RC-V-SHEET-PANELS-IDENTICAL,RC-V-CLIPPING,false,true,false,0,"Correcting this asset requires re-rendering it through the current official-form factory, and the verified source binary (SHA-256 74057a13e4bccccbbac785c845b4996b322c6219e1c45f1ab42dca2377755a8f) is not present in this clone. The factory renders from the binary; there is nothing to render from.","Retrieve the current official NC AOC-CV-226 binary from its issuing body, record its URL, retrieval timestamp, publisher, edition date, byte length and SHA-256, and place it at the path its source record pins. Nothing downstream can proceed without those bytes.",HELD
NC,AOC-CV-226,AOC-CV-226 Affidavit of Indigency,false,B,official_source_acquisition_required,active_track,nc_145_5_felony nc_145_5_misdemeanor nc_145_8a_youthful nc_146_dismissal_petition,bound_to_tracks_by_the_committed_relationships,,,guidance_only exact_supported_deferral,flat_overlay,false,exact_supported_deferral,false,false,true,true,false,,,2026-08-02,REV-2021-06,76de51d6bb88f8e3b85983ecdbdaeac08eb683837ff737203eb39c24ad495c9a,false,,candidate_current_source,false,flat_pdf,0,false,unprovable: object streams hide objects from the residue scan,false,contact_sheet_shows_no_fill currentness_unverified flat_overlay_geometry_or_readback held_on_source_or_design never_independently_approved rendered_artifact_not_byte_inspectable stale_contact_sheet_manifest_or_review_evidence unfinalized_rendered_artifact,high,contained_by_terminal_treatment,Roger (official source acquisition),never_independently_reviewed,certification_unproven,Artifacts exist but cannot be certified: their active-content cleanliness or finalization cannot be established from the committed bytes.,2,,RC-G-GENERATION-NOT-ALLOWED RC-G-NO-INDEPENDENT-TECHNICAL-APPROVAL RC-G-PRODUCTION-HOLD RC-S-CURRENTNESS-UNVERIFIED RC-T-FACTORY-PROVENANCE RC-T-FLAT-GEOMETRY RC-T-OBJECT-STREAMS RC-V-SHEET-FROM-UNFINALIZED-SOURCE RC-V-SHEET-NO-VISIBILITY-PROOF RC-V-SHEET-PANELS-IDENTICAL,RC-G-GENERATION-NOT-ALLOWED RC-G-NO-INDEPENDENT-TECHNICAL-APPROVAL RC-G-PRODUCTION-HOLD RC-S-CURRENTNESS-UNVERIFIED RC-T-FACTORY-PROVENANCE RC-T-OBJECT-STREAMS RC-V-SHEET-FROM-UNFINALIZED-SOURCE RC-V-SHEET-NO-VISIBILITY-PROOF RC-V-SHEET-PANELS-IDENTICAL,RC-T-FLAT-GEOMETRY,false,true,false,1,"Correcting this asset requires re-rendering it through the current official-form factory, and the verified source binary (SHA-256 76de51d6bb88f8e3b85983ecdbdaeac08eb683837ff737203eb39c24ad495c9a) is not present in this clone. The factory renders from the binary; there is nothing to render from.","Retrieve the current official NC AOC-CV-226 binary from its issuing body, record its URL, retrieval timestamp, publisher, edition date, byte length and SHA-256, and place it at the path its source record pins. Nothing downstream can proceed without those bytes.",HELD
NC,cr287_1.pdf,cr287_1.pdf,false,B,official_source_acquisition_required,expected_but_absent,,no_track_binding_established,,,,no render strategy recorded,false,,false,false,true,true,false,,,,,sha256_unrecorded_in_repo,false,,not recorded,true,dirty_acroform,,false,no rendered artifact to judge,,held_on_source_or_design missing_binary never_independently_approved xfa_javascript_or_active_content_residue,low,none,Roger (official source acquisition),never_independently_reviewed,official_source_required,"The verified source binary is unavailable, so nothing downstream can be attempted.",4,do_not_acquire_without_a_named_current_use,RC-G-GENERATION-NOT-ALLOWED RC-G-NO-INDEPENDENT-TECHNICAL-APPROVAL RC-G-PRODUCTION-HOLD RC-S-BUNDLE-ABSENT RC-T-DIRTY-ACROFORM-SOURCE,RC-G-GENERATION-NOT-ALLOWED RC-G-NO-INDEPENDENT-TECHNICAL-APPROVAL RC-G-PRODUCTION-HOLD RC-S-BUNDLE-ABSENT,RC-T-DIRTY-ACROFORM-SOURCE,false,false,false,0,"The verified binary for NC cr287_1.pdf is not in the clone, and no track binding exists for it: this asset is keyed by filename while the pinned legal-design registry keys packet components by form number, so nothing joins the two and the affected route cannot be stated. No candidate form-number match was found either.","Retrieve the current official NC cr287_1.pdf binary from its issuing body, record its URL, retrieval timestamp, publisher, edition date, byte length and SHA-256, and place it at the path its source record pins. Nothing downstream can proceed without those bytes. Separately, establish which packet component, if any, depends on this asset: no track binding exists and no candidate form-number match was found, so this row cannot currently name the route it affects.",HELD
NC,cr297.pdf,cr297.pdf,false,B,official_source_acquisition_required,expected_but_absent,,no_track_binding_established,,,,no render strategy recorded,false,,false,false,true,true,false,,,,,sha256_unrecorded_in_repo,false,,not recorded,true,dirty_acroform,,false,no rendered artifact to judge,,held_on_source_or_design missing_binary never_independently_approved xfa_javascript_or_active_content_residue,low,none,Roger (official source acquisition),never_independently_reviewed,official_source_required,"The verified source binary is unavailable, so nothing downstream can be attempted.",4,do_not_acquire_without_a_named_current_use,RC-G-GENERATION-NOT-ALLOWED RC-G-NO-INDEPENDENT-TECHNICAL-APPROVAL RC-G-PRODUCTION-HOLD RC-S-BUNDLE-ABSENT RC-T-DIRTY-ACROFORM-SOURCE,RC-G-GENERATION-NOT-ALLOWED RC-G-NO-INDEPENDENT-TECHNICAL-APPROVAL RC-G-PRODUCTION-HOLD RC-S-BUNDLE-ABSENT,RC-T-DIRTY-ACROFORM-SOURCE,false,false,false,0,"The verified binary for NC cr297.pdf is not in the clone, and no track binding exists for it: this asset is keyed by filename while the pinned legal-design registry keys packet components by form number, so nothing joins the two and the affected route cannot be stated. No candidate form-number match was found either.","Retrieve the current official NC cr297.pdf binary from its issuing body, record its URL, retrieval timestamp, publisher, edition date, byte length and SHA-256, and place it at the path its source record pins. Nothing downstream can proceed without those bytes. Separately, establish which packet component, if any, depends on this asset: no track binding exists and no candidate form-number match was found, so this row cannot currently name the route it affects.",HELD
NC,cr298_1.pdf,cr298_1.pdf,false,B,official_source_acquisition_required,expected_but_absent,,no_track_binding_established,,,,no render strategy recorded,false,,false,false,true,true,false,,,,,sha256_unrecorded_in_repo,false,,not recorded,true,dirty_acroform,,false,no rendered artifact to judge,,held_on_source_or_design missing_binary never_independently_approved xfa_javascript_or_active_content_residue,low,none,Roger (official source acquisition),never_independently_reviewed,official_source_required,"The verified source binary is unavailable, so nothing downstream can be attempted.",4,do_not_acquire_without_a_named_current_use,RC-G-GENERATION-NOT-ALLOWED RC-G-NO-INDEPENDENT-TECHNICAL-APPROVAL RC-G-PRODUCTION-HOLD RC-S-BUNDLE-ABSENT RC-T-DIRTY-ACROFORM-SOURCE,RC-G-GENERATION-NOT-ALLOWED RC-G-NO-INDEPENDENT-TECHNICAL-APPROVAL RC-G-PRODUCTION-HOLD RC-S-BUNDLE-ABSENT,RC-T-DIRTY-ACROFORM-SOURCE,false,false,false,0,"The verified binary for NC cr298_1.pdf is not in the clone, and no track binding exists for it: this asset is keyed by filename while the pinned legal-design registry keys packet components by form number, so nothing joins the two and the affected route cannot be stated. No candidate form-number match was found either.","Retrieve the current official NC cr298_1.pdf binary from its issuing body, record its URL, retrieval timestamp, publisher, edition date, byte length and SHA-256, and place it at the path its source record pins. Nothing downstream can proceed without those bytes. Separately, establish which packet component, if any, depends on this asset: no track binding exists and no candidate form-number match was found, so this row cannot currently name the route it affects.",HELD
NC,expungements.html,expungements.html,false,B,official_source_acquisition_required,expected_but_absent,,no_track_binding_established,,,,no render strategy recorded,false,,false,false,true,true,false,,,,,e29c7cc5f83a352601ccffb0443e4e74ef68e8dedcc7d6a1caca356f39940a9d,false,,not recorded,true,html_form,,false,no rendered artifact to judge,,flat_overlay_geometry_or_readback held_on_source_or_design missing_binary never_independently_approved,low,none,Roger (official source acquisition),never_independently_reviewed,official_source_required,"The verified source binary is unavailable, so nothing downstream can be attempted.",4,do_not_acquire_without_a_named_current_use,RC-G-GENERATION-NOT-ALLOWED RC-G-NO-INDEPENDENT-TECHNICAL-APPROVAL RC-G-PRODUCTION-HOLD RC-S-BUNDLE-ABSENT RC-T-NO-FIELD-CENSUS,RC-G-GENERATION-NOT-ALLOWED RC-G-NO-INDEPENDENT-TECHNICAL-APPROVAL RC-G-PRODUCTION-HOLD RC-S-BUNDLE-ABSENT,RC-T-NO-FIELD-CENSUS,false,false,false,0,"The verified binary for NC expungements.html is not in the clone, and no track binding exists for it: this asset is keyed by filename while the pinned legal-design registry keys packet components by form number, so nothing joins the two and the affected route cannot be stated. No candidate form-number match was found either.","Retrieve the current official NC expungements.html binary from its issuing body, record its URL, retrieval timestamp, publisher, edition date, byte length and SHA-256, and place it at the path its source record pins. Nothing downstream can proceed without those bytes. Separately, establish which packet component, if any, depends on this asset: no track binding exists and no candidate form-number match was found, so this row cannot currently name the route it affects.",HELD
NC,forms-2.html,forms-2.html,false,B,official_source_acquisition_required,expected_but_absent,,no_track_binding_established,,,,no render strategy recorded,false,,false,false,true,true,false,,,,,30ab86332b088712d661f1760393e50cb9d26a44e59655dca244bb721567d93e,false,,not recorded,true,html_form,,false,no rendered artifact to judge,,flat_overlay_geometry_or_readback held_on_source_or_design missing_binary never_independently_approved,low,none,Roger (official source acquisition),never_independently_reviewed,official_source_required,"The verified source binary is unavailable, so nothing downstream can be attempted.",4,do_not_acquire_without_a_named_current_use,RC-G-GENERATION-NOT-ALLOWED RC-G-NO-INDEPENDENT-TECHNICAL-APPROVAL RC-G-PRODUCTION-HOLD RC-S-BUNDLE-ABSENT RC-T-NO-FIELD-CENSUS,RC-G-GENERATION-NOT-ALLOWED RC-G-NO-INDEPENDENT-TECHNICAL-APPROVAL RC-G-PRODUCTION-HOLD RC-S-BUNDLE-ABSENT,RC-T-NO-FIELD-CENSUS,false,false,false,0,"The verified binary for NC forms-2.html is not in the clone, and no track binding exists for it: this asset is keyed by filename while the pinned legal-design registry keys packet components by form number, so nothing joins the two and the affected route cannot be stated. No candidate form-number match was found either.","Retrieve the current official NC forms-2.html binary from its issuing body, record its URL, retrieval timestamp, publisher, edition date, byte length and SHA-256, and place it at the path its source record pins. Nothing downstream can proceed without those bytes. Separately, establish which packet component, if any, depends on this asset: no track binding exists and no candidate form-number match was found, so this row cannot currently name the route it affects.",HELD
NC,forms.html,forms.html,false,B,official_source_acquisition_required,expected_but_absent,,no_track_binding_established,,,,no render strategy recorded,false,,false,false,true,true,false,,,,,1903dd98396c983cb00d8a2783a44140d4490f1bc03c1f321eda6b23a6fcbe11,false,,not recorded,true,html_form,,false,no rendered artifact to judge,,flat_overlay_geometry_or_readback held_on_source_or_design missing_binary never_independently_approved,low,none,Roger (official source acquisition),never_independently_reviewed,official_source_required,"The verified source binary is unavailable, so nothing downstream can be attempted.",4,do_not_acquire_without_a_named_current_use,RC-G-GENERATION-NOT-ALLOWED RC-G-NO-INDEPENDENT-TECHNICAL-APPROVAL RC-G-PRODUCTION-HOLD RC-S-BUNDLE-ABSENT RC-T-NO-FIELD-CENSUS,RC-G-GENERATION-NOT-ALLOWED RC-G-NO-INDEPENDENT-TECHNICAL-APPROVAL RC-G-PRODUCTION-HOLD RC-S-BUNDLE-ABSENT,RC-T-NO-FIELD-CENSUS,false,false,false,0,"The verified binary for NC forms.html is not in the clone, and no track binding exists for it: this asset is keyed by filename while the pinned legal-design registry keys packet components by form number, so nothing joins the two and the affected route cannot be stated. No candidate form-number match was found either.","Retrieve the current official NC forms.html binary from its issuing body, record its URL, retrieval timestamp, publisher, edition date, byte length and SHA-256, and place it at the path its source record pins. Nothing downstream can proceed without those bytes. Separately, establish which packet component, if any, depends on this asset: no track binding exists and no candidate form-number match was found, so this row cannot currently name the route it affects.",HELD
NC,nc-expunction-petition.html,nc-expunction-petition.html,false,B,official_source_acquisition_required,expected_but_absent,,no_track_binding_established,,,,no render strategy recorded,false,,false,false,true,true,false,,,,,912cb79923dd1699e81daefc261d2a8a473dfeea70287e6026680032ac7b335c,false,,not recorded,true,html_form,,false,no rendered artifact to judge,,flat_overlay_geometry_or_readback held_on_source_or_design missing_binary never_independently_approved,low,none,Roger (official source acquisition),never_independently_reviewed,official_source_required,"The verified source binary is unavailable, so nothing downstream can be attempted.",4,do_not_acquire_without_a_named_current_use,RC-G-GENERATION-NOT-ALLOWED RC-G-NO-INDEPENDENT-TECHNICAL-APPROVAL RC-G-PRODUCTION-HOLD RC-S-BUNDLE-ABSENT RC-T-NO-FIELD-CENSUS,RC-G-GENERATION-NOT-ALLOWED RC-G-NO-INDEPENDENT-TECHNICAL-APPROVAL RC-G-PRODUCTION-HOLD RC-S-BUNDLE-ABSENT,RC-T-NO-FIELD-CENSUS,false,false,false,0,"The verified binary for NC nc-expunction-petition.html is not in the clone, and no track binding exists for it: this asset is keyed by filename while the pinned legal-design registry keys packet components by form number, so nothing joins the two and the affected route cannot be stated. No candidate form-number match was found either.","Retrieve the current official NC nc-expunction-petition.html binary from its issuing body, record its URL, retrieval timestamp, publisher, edition date, byte length and SHA-256, and place it at the path its source record pins. Nothing downstream can proceed without those bytes. Separately, establish which packet component, if any, depends on this asset: no track binding exists and no candidate form-number match was found, so this row cannot currently name the route it affects.",HELD
NC,NC-SBI-RIGHT-TO-REVIEW,North Carolina SBI Right to Review Criminal History Instructions,false,E,orphaned_or_optional_asset,orphaned_or_optional,,no_track_binding_established,,,,flat_overlay,false,,false,false,true,true,false,https://www.nccourts.gov/documents/forms/petition-and-order-of-expunction-under-gs-15a-146a-or-gs-15a-146a1-charges-dismissed-instructions-for-petition-and-order-of-expunction-under-gs-15a-146a-or-gs-15a-146a1-charges-dismissed,www.nccourts.gov,2026-08-02,REV-2025-12,68fe0acc130a1a67eb045ad465fd06762167a5ee355a7e9dca046f5a6514c25e,false,,candidate_current_source,false,flat_pdf,0,false,no rendered artifact to judge,,currentness_unverified flat_overlay_geometry_or_readback held_on_source_or_design never_independently_approved stale_contact_sheet_manifest_or_review_evidence,low,none,RCAP inventory owner,never_independently_reviewed,reference_only,"An instruction, guidance or supporting-process document, not a filed component.",4,do_not_acquire_without_a_named_current_use,RC-G-GENERATION-NOT-ALLOWED RC-G-NO-INDEPENDENT-TECHNICAL-APPROVAL RC-G-PRODUCTION-HOLD RC-S-CURRENTNESS-UNVERIFIED RC-T-FLAT-GEOMETRY RC-V-NO-SHEET-PRODUCED,RC-G-GENERATION-NOT-ALLOWED RC-G-NO-INDEPENDENT-TECHNICAL-APPROVAL RC-G-PRODUCTION-HOLD RC-S-CURRENTNESS-UNVERIFIED RC-V-NO-SHEET-PRODUCED,RC-T-FLAT-GEOMETRY,false,false,false,0,"Nothing is blocked. No active launch track's packet set requires this asset, so it is inventory rather than pending work.","Decide retain, archive or retire for NC NC-SBI-RIGHT-TO-REVIEW and record the decision. It blocks nothing in the meantime.",HELD
NE,CC-6-11,not recorded in the committed source record,false,B,official_source_acquisition_required,active_track,ne-setaside-custodial ne-setaside-noncustodial,bound_to_tracks_by_the_committed_relationships,,,guidance_only,acroform_fill,false,,false,false,true,true,false,,,,,c0dcc5c093790f0a54199ab6769876d1c124485cea5de08fb8fc783e9f6a5492,false,,not recorded,false,acroform,19,false,unprovable: object streams hide objects from the residue scan,false,clipped_overlapping_or_misplaced contact_sheet_shows_no_fill held_on_source_or_design never_independently_approved rendered_artifact_not_byte_inspectable stale_contact_sheet_manifest_or_review_evidence unfinalized_rendered_artifact visually_unsafe,high,contained_by_terminal_treatment,Roger (official source acquisition),never_independently_reviewed,certification_unproven,Artifacts exist but cannot be certified: their active-content cleanliness or finalization cannot be established from the committed bytes.,2,,RC-G-GENERATION-NOT-ALLOWED RC-G-NO-INDEPENDENT-TECHNICAL-APPROVAL RC-G-PRODUCTION-HOLD RC-T-FACTORY-PROVENANCE RC-T-OBJECT-STREAMS RC-T-SOURCE-DEFAULT-IN-PROTECTED-FIELD RC-T-UNFLATTENED-FIELDS RC-T-VALUES-IN-APPEARANCES RC-V-CLIPPING RC-V-SHEET-FROM-UNFINALIZED-SOURCE RC-V-SHEET-NO-VISIBILITY-PROOF RC-V-SHEET-PANELS-IDENTICAL RC-V-UNSAFE-PLACEMENT,RC-G-GENERATION-NOT-ALLOWED RC-G-NO-INDEPENDENT-TECHNICAL-APPROVAL RC-G-PRODUCTION-HOLD RC-T-FACTORY-PROVENANCE RC-T-OBJECT-STREAMS RC-T-SOURCE-DEFAULT-IN-PROTECTED-FIELD RC-T-UNFLATTENED-FIELDS RC-T-VALUES-IN-APPEARANCES RC-V-SHEET-FROM-UNFINALIZED-SOURCE RC-V-SHEET-NO-VISIBILITY-PROOF RC-V-SHEET-PANELS-IDENTICAL,RC-V-CLIPPING RC-V-UNSAFE-PLACEMENT,false,true,false,0,"Correcting this asset requires re-rendering it through the current official-form factory, and the verified source binary (SHA-256 c0dcc5c093790f0a54199ab6769876d1c124485cea5de08fb8fc783e9f6a5492) is not present in this clone. The factory renders from the binary; there is nothing to render from.","Retrieve the current official NE CC-6-11 binary from its issuing body, record its URL, retrieval timestamp, publisher, edition date, byte length and SHA-256, and place it at the path its source record pins. Nothing downstream can proceed without those bytes.",HELD
NE,CC-6-11-2.pdf,CC-6-11-2.pdf,false,B,official_source_acquisition_required,expected_but_absent,,no_track_binding_established_candidate_form_number_match_unconfirmed,CC-6-11.2,ne-setaside-custodial ne-setaside-noncustodial,,no render strategy recorded,false,,false,false,true,true,false,,,,,8bfa884d66c2d485fc28acfae865075bdb02ae7d6b7a3de839c0248464e767b6,false,,not recorded,true,dirty_acroform,,false,no rendered artifact to judge,,held_on_source_or_design missing_binary never_independently_approved xfa_javascript_or_active_content_residue,low,none,Roger (official source acquisition),never_independently_reviewed,official_source_required,"The verified source binary is unavailable, so nothing downstream can be attempted.",4,do_not_acquire_without_a_named_current_use,RC-G-GENERATION-NOT-ALLOWED RC-G-NO-INDEPENDENT-TECHNICAL-APPROVAL RC-G-PRODUCTION-HOLD RC-S-BUNDLE-ABSENT RC-T-DIRTY-ACROFORM-SOURCE,RC-G-GENERATION-NOT-ALLOWED RC-G-NO-INDEPENDENT-TECHNICAL-APPROVAL RC-G-PRODUCTION-HOLD RC-S-BUNDLE-ABSENT,RC-T-DIRTY-ACROFORM-SOURCE,false,false,false,0,"The verified binary for NE CC-6-11-2.pdf is not in the clone, and no track binding exists for it: this asset is keyed by filename while the pinned legal-design registry keys packet components by form number, so nothing joins the two and the affected route cannot be stated. A candidate, unconfirmed, form-number match is NE CC-6-11.2 (tracks ne-setaside-custodial, ne-setaside-noncustodial).","Retrieve the current official NE CC-6-11-2.pdf binary from its issuing body, record its URL, retrieval timestamp, publisher, edition date, byte length and SHA-256, and place it at the path its source record pins. Nothing downstream can proceed without those bytes. Separately, confirm or reject the candidate form-number binding to NE CC-6-11.2 so this row can name the route it affects.",HELD
NE,CC-6-11.2,not recorded in the committed source record,false,B,official_source_acquisition_required,active_track,ne-setaside-custodial ne-setaside-noncustodial,bound_to_tracks_by_the_committed_relationships,,,guidance_only,acroform_fill,false,,false,false,true,true,false,,,,,8bfa884d66c2d485fc28acfae865075bdb02ae7d6b7a3de839c0248464e767b6,false,,not recorded,false,acroform,9,false,unprovable: object streams hide objects from the residue scan,false,clipped_overlapping_or_misplaced contact_sheet_shows_no_fill held_on_source_or_design never_independently_approved rendered_artifact_not_byte_inspectable stale_contact_sheet_manifest_or_review_evidence unfinalized_rendered_artifact visually_unsafe,high,contained_by_terminal_treatment,Roger (official source acquisition),never_independently_reviewed,certification_unproven,Artifacts exist but cannot be certified: their active-content cleanliness or finalization cannot be established from the committed bytes.,2,,RC-G-GENERATION-NOT-ALLOWED RC-G-NO-INDEPENDENT-TECHNICAL-APPROVAL RC-G-PRODUCTION-HOLD RC-T-FACTORY-PROVENANCE RC-T-OBJECT-STREAMS RC-T-SOURCE-DEFAULT-IN-PROTECTED-FIELD RC-T-UNFLATTENED-FIELDS RC-T-VALUES-IN-APPEARANCES RC-V-CLIPPING RC-V-SHEET-FROM-UNFINALIZED-SOURCE RC-V-SHEET-NO-VISIBILITY-PROOF RC-V-SHEET-PANELS-IDENTICAL RC-V-UNSAFE-PLACEMENT,RC-G-GENERATION-NOT-ALLOWED RC-G-NO-INDEPENDENT-TECHNICAL-APPROVAL RC-G-PRODUCTION-HOLD RC-T-FACTORY-PROVENANCE RC-T-OBJECT-STREAMS RC-T-SOURCE-DEFAULT-IN-PROTECTED-FIELD RC-T-UNFLATTENED-FIELDS RC-T-VALUES-IN-APPEARANCES RC-V-SHEET-FROM-UNFINALIZED-SOURCE RC-V-SHEET-NO-VISIBILITY-PROOF RC-V-SHEET-PANELS-IDENTICAL,RC-V-CLIPPING RC-V-UNSAFE-PLACEMENT,false,true,false,0,"Correcting this asset requires re-rendering it through the current official-form factory, and the verified source binary (SHA-256 8bfa884d66c2d485fc28acfae865075bdb02ae7d6b7a3de839c0248464e767b6) is not present in this clone. The factory renders from the binary; there is nothing to render from.","Retrieve the current official NE CC-6-11.2 binary from its issuing body, record its URL, retrieval timestamp, publisher, edition date, byte length and SHA-256, and place it at the path its source record pins. Nothing downstream can proceed without those bytes.",HELD
NE,CC-6-11.2A,not recorded in the committed source record,false,E,orphaned_or_optional_asset,orphaned_or_optional,,no_track_binding_established,,,,flat_overlay,false,,false,false,true,true,false,,,,,968c14bc5eb052eda88eac7548cc5727ee3f724c9c56ddbce63af295a477c6a7,false,,not recorded,false,flat_pdf,0,false,no rendered artifact to judge,,flat_overlay_geometry_or_readback held_on_source_or_design never_independently_approved stale_contact_sheet_manifest_or_review_evidence,low,none,RCAP inventory owner,never_independently_reviewed,reference_only,"An instruction, guidance or supporting-process document, not a filed component.",4,do_not_acquire_without_a_named_current_use,RC-G-GENERATION-NOT-ALLOWED RC-G-NO-INDEPENDENT-TECHNICAL-APPROVAL RC-G-PRODUCTION-HOLD RC-T-FLAT-GEOMETRY RC-V-NO-SHEET-PRODUCED,RC-G-GENERATION-NOT-ALLOWED RC-G-NO-INDEPENDENT-TECHNICAL-APPROVAL RC-G-PRODUCTION-HOLD RC-V-NO-SHEET-PRODUCED,RC-T-FLAT-GEOMETRY,false,false,false,0,"Nothing is blocked. No active launch track's packet set requires this asset, so it is inventory rather than pending work.","Decide retain, archive or retire for NE CC-6-11.2A and record the decision. It blocks nothing in the meantime.",HELD
NE,CC-6-11.pdf,CC-6-11.pdf,false,B,official_source_acquisition_required,expected_but_absent,,no_track_binding_established_candidate_form_number_match_unconfirmed,CC-6-11,ne-setaside-custodial ne-setaside-noncustodial,,no render strategy recorded,false,,false,false,true,true,false,,,,,sha256_unrecorded_in_repo,false,,not recorded,true,dirty_acroform,,false,no rendered artifact to judge,,held_on_source_or_design missing_binary never_independently_approved xfa_javascript_or_active_content_residue,low,none,Roger (official source acquisition),never_independently_reviewed,official_source_required,"The verified source binary is unavailable, so nothing downstream can be attempted.",4,do_not_acquire_without_a_named_current_use,RC-G-GENERATION-NOT-ALLOWED RC-G-NO-INDEPENDENT-TECHNICAL-APPROVAL RC-G-PRODUCTION-HOLD RC-S-BUNDLE-ABSENT RC-T-DIRTY-ACROFORM-SOURCE,RC-G-GENERATION-NOT-ALLOWED RC-G-NO-INDEPENDENT-TECHNICAL-APPROVAL RC-G-PRODUCTION-HOLD RC-S-BUNDLE-ABSENT,RC-T-DIRTY-ACROFORM-SOURCE,false,false,false,0,"The verified binary for NE CC-6-11.pdf is not in the clone, and no track binding exists for it: this asset is keyed by filename while the pinned legal-design registry keys packet components by form number, so nothing joins the two and the affected route cannot be stated. A candidate, unconfirmed, form-number match is NE CC-6-11 (tracks ne-setaside-custodial, ne-setaside-noncustodial).","Retrieve the current official NE CC-6-11.pdf binary from its issuing body, record its URL, retrieval timestamp, publisher, edition date, byte length and SHA-256, and place it at the path its source record pins. Nothing downstream can proceed without those bytes. Separately, confirm or reject the candidate form-number binding to NE CC-6-11 so this row can name the route it affects.",HELD
NE,CC-6-11A,not recorded in the committed source record,false,E,orphaned_or_optional_asset,orphaned_or_optional,,no_track_binding_established_candidate_form_number_match_unconfirmed,CC-6-11a,ne-setaside-custodial ne-setaside-noncustodial,,flat_overlay,false,,false,false,true,true,false,,,,,615c64b428d5fdd43ea7d96e3be387bc623860709106b511a16c452c9d9a50ac,false,,not recorded,false,flat_pdf,0,false,no rendered artifact to judge,,flat_overlay_geometry_or_readback held_on_source_or_design never_independently_approved stale_contact_sheet_manifest_or_review_evidence,low,none,RCAP inventory owner,never_independently_reviewed,reference_only,"An instruction, guidance or supporting-process document, not a filed component.",4,do_not_acquire_without_a_named_current_use,RC-G-GENERATION-NOT-ALLOWED RC-G-NO-INDEPENDENT-TECHNICAL-APPROVAL RC-G-PRODUCTION-HOLD RC-T-FLAT-GEOMETRY RC-V-NO-SHEET-PRODUCED,RC-G-GENERATION-NOT-ALLOWED RC-G-NO-INDEPENDENT-TECHNICAL-APPROVAL RC-G-PRODUCTION-HOLD RC-V-NO-SHEET-PRODUCED,RC-T-FLAT-GEOMETRY,false,false,false,0,"Nothing is blocked. No active launch track's packet set requires this asset, so it is inventory rather than pending work.","Decide retain, archive or retire for NE CC-6-11A and record the decision. It blocks nothing in the meantime.",HELD
NE,CC-6-12,not recorded in the committed source record,false,B,official_source_acquisition_required,active_track,ne-seal-pardoned ne-seal-pre2017 ne-trafficking-setaside-and-seal,bound_to_tracks_by_the_committed_relationships,,,guidance_only exact_supported_deferral,acroform_fill,false,exact_supported_deferral,false,false,true,true,false,,,,,68478452073cdb89dac20843e3d7f5df2ad31b41608ab04deafe940bd6401d28,false,,not recorded,false,acroform,24,false,unprovable: object streams hide objects from the residue scan,false,clipped_overlapping_or_misplaced contact_sheet_shows_no_fill held_on_source_or_design never_independently_approved rendered_artifact_not_byte_inspectable stale_contact_sheet_manifest_or_review_evidence unfinalized_rendered_artifact visually_unsafe,high,contained_by_terminal_treatment,Roger (official source acquisition),never_independently_reviewed,certification_unproven,Artifacts exist but cannot be certified: their active-content cleanliness or finalization cannot be established from the committed bytes.,2,,RC-G-GENERATION-NOT-ALLOWED RC-G-NO-INDEPENDENT-TECHNICAL-APPROVAL RC-G-PRODUCTION-HOLD RC-T-FACTORY-PROVENANCE RC-T-OBJECT-STREAMS RC-T-SOURCE-DEFAULT-IN-PROTECTED-FIELD RC-T-UNFLATTENED-FIELDS RC-T-VALUES-IN-APPEARANCES RC-V-CLIPPING RC-V-SHEET-FROM-UNFINALIZED-SOURCE RC-V-SHEET-NO-VISIBILITY-PROOF RC-V-SHEET-PANELS-IDENTICAL RC-V-UNSAFE-PLACEMENT,RC-G-GENERATION-NOT-ALLOWED RC-G-NO-INDEPENDENT-TECHNICAL-APPROVAL RC-G-PRODUCTION-HOLD RC-T-FACTORY-PROVENANCE RC-T-OBJECT-STREAMS RC-T-SOURCE-DEFAULT-IN-PROTECTED-FIELD RC-T-UNFLATTENED-FIELDS RC-T-VALUES-IN-APPEARANCES RC-V-SHEET-FROM-UNFINALIZED-SOURCE RC-V-SHEET-NO-VISIBILITY-PROOF RC-V-SHEET-PANELS-IDENTICAL,RC-V-CLIPPING RC-V-UNSAFE-PLACEMENT,false,true,false,0,"Correcting this asset requires re-rendering it through the current official-form factory, and the verified source binary (SHA-256 68478452073cdb89dac20843e3d7f5df2ad31b41608ab04deafe940bd6401d28) is not present in this clone. The factory renders from the binary; there is nothing to render from.","Retrieve the current official NE CC-6-12 binary from its issuing body, record its URL, retrieval timestamp, publisher, edition date, byte length and SHA-256, and place it at the path its source record pins. Nothing downstream can proceed without those bytes.",HELD
NE,CC-6-12,not recorded in the committed source record,false,B,official_source_acquisition_required,active_track,ne-seal-pardoned ne-seal-pre2017 ne-trafficking-setaside-and-seal,bound_to_tracks_by_the_committed_relationships,,,guidance_only exact_supported_deferral,flat_overlay,false,exact_supported_deferral,false,false,true,true,false,,,,,b76a0931b781a97de38d17d5856996de307e8c3fb9a67fb48e5679bd232da26a,false,,not recorded,false,flat_pdf,0,false,no rendered artifact to judge,,flat_overlay_geometry_or_readback held_on_source_or_design never_independently_approved stale_contact_sheet_manifest_or_review_evidence,medium,contained_by_terminal_treatment,Roger (official source acquisition),never_independently_reviewed,official_source_required,"The verified source binary is unavailable, so nothing downstream can be attempted.",2,,RC-G-GENERATION-NOT-ALLOWED RC-G-NO-INDEPENDENT-TECHNICAL-APPROVAL RC-G-PRODUCTION-HOLD RC-T-FLAT-GEOMETRY RC-V-NO-SHEET-PRODUCED,RC-G-GENERATION-NOT-ALLOWED RC-G-NO-INDEPENDENT-TECHNICAL-APPROVAL RC-G-PRODUCTION-HOLD RC-V-NO-SHEET-PRODUCED,RC-T-FLAT-GEOMETRY,false,true,false,0,"Correcting this asset requires re-rendering it through the current official-form factory, and the verified source binary (SHA-256 b76a0931b781a97de38d17d5856996de307e8c3fb9a67fb48e5679bd232da26a) is not present in this clone. The factory renders from the binary; there is nothing to render from.","Retrieve the current official NE CC-6-12 binary from its issuing body, record its URL, retrieval timestamp, publisher, edition date, byte length and SHA-256, and place it at the path its source record pins. Nothing downstream can proceed without those bytes.",HELD
NE,CC-6-12.pdf,CC-6-12.pdf,false,B,official_source_acquisition_required,expected_but_absent,,no_track_binding_established_candidate_form_number_match_unconfirmed,CC-6-12,ne-seal-pardoned ne-seal-pre2017 ne-trafficking-setaside-and-seal,,no render strategy recorded,false,,false,false,true,true,false,,,,,68478452073cdb89dac20843e3d7f5df2ad31b41608ab04deafe940bd6401d28,false,,not recorded,true,dirty_acroform,,false,no rendered artifact to judge,,held_on_source_or_design missing_binary never_independently_approved xfa_javascript_or_active_content_residue,low,none,Roger (official source acquisition),never_independently_reviewed,official_source_required,"The verified source binary is unavailable, so nothing downstream can be attempted.",4,do_not_acquire_without_a_named_current_use,RC-G-GENERATION-NOT-ALLOWED RC-G-NO-INDEPENDENT-TECHNICAL-APPROVAL RC-G-PRODUCTION-HOLD RC-S-BUNDLE-ABSENT RC-T-DIRTY-ACROFORM-SOURCE,RC-G-GENERATION-NOT-ALLOWED RC-G-NO-INDEPENDENT-TECHNICAL-APPROVAL RC-G-PRODUCTION-HOLD RC-S-BUNDLE-ABSENT,RC-T-DIRTY-ACROFORM-SOURCE,false,false,false,0,"The verified binary for NE CC-6-12.pdf is not in the clone, and no track binding exists for it: this asset is keyed by filename while the pinned legal-design registry keys packet components by form number, so nothing joins the two and the affected route cannot be stated. A candidate, unconfirmed, form-number match is NE CC-6-12 (tracks ne-seal-pardoned, ne-seal-pre2017, ne-trafficking-setaside-and-seal).","Retrieve the current official NE CC-6-12.pdf binary from its issuing body, record its URL, retrieval timestamp, publisher, edition date, byte length and SHA-256, and place it at the path its source record pins. Nothing downstream can proceed without those bytes. Separately, confirm or reject the candidate form-number binding to NE CC-6-12 so this row can name the route it affects.",HELD
NE,CC-6-15.1,not recorded in the committed source record,false,B,official_source_acquisition_required,active_track,ne-seal-pre2017,bound_to_tracks_by_the_committed_relationships,,,exact_supported_deferral,acroform_fill,false,exact_supported_deferral,false,false,true,true,false,,,,,d1fb1340b1ef42bab9da89f9ed6bc8d669057158065bd6bfcb37e762777a6b79,false,,not recorded,false,acroform,21,false,unprovable: object streams hide objects from the residue scan,false,clipped_overlapping_or_misplaced contact_sheet_shows_no_fill held_on_source_or_design never_independently_approved rendered_artifact_not_byte_inspectable stale_contact_sheet_manifest_or_review_evidence unfinalized_rendered_artifact visually_unsafe,high,contained_by_terminal_treatment,Roger (official source acquisition),never_independently_reviewed,certification_unproven,Artifacts exist but cannot be certified: their active-content cleanliness or finalization cannot be established from the committed bytes.,2,,RC-G-GENERATION-NOT-ALLOWED RC-G-NO-INDEPENDENT-TECHNICAL-APPROVAL RC-G-PRODUCTION-HOLD RC-T-FACTORY-PROVENANCE RC-T-OBJECT-STREAMS RC-T-SOURCE-DEFAULT-IN-PROTECTED-FIELD RC-T-UNFLATTENED-FIELDS RC-T-VALUES-IN-APPEARANCES RC-V-CLIPPING RC-V-SHEET-FROM-UNFINALIZED-SOURCE RC-V-SHEET-NO-VISIBILITY-PROOF RC-V-SHEET-PANELS-IDENTICAL RC-V-UNSAFE-PLACEMENT,RC-G-GENERATION-NOT-ALLOWED RC-G-NO-INDEPENDENT-TECHNICAL-APPROVAL RC-G-PRODUCTION-HOLD RC-T-FACTORY-PROVENANCE RC-T-OBJECT-STREAMS RC-T-SOURCE-DEFAULT-IN-PROTECTED-FIELD RC-T-UNFLATTENED-FIELDS RC-T-VALUES-IN-APPEARANCES RC-V-SHEET-FROM-UNFINALIZED-SOURCE RC-V-SHEET-NO-VISIBILITY-PROOF RC-V-SHEET-PANELS-IDENTICAL,RC-V-CLIPPING RC-V-UNSAFE-PLACEMENT,false,true,false,0,"Correcting this asset requires re-rendering it through the current official-form factory, and the verified source binary (SHA-256 d1fb1340b1ef42bab9da89f9ed6bc8d669057158065bd6bfcb37e762777a6b79) is not present in this clone. The factory renders from the binary; there is nothing to render from.","Retrieve the current official NE CC-6-15.1 binary from its issuing body, record its URL, retrieval timestamp, publisher, edition date, byte length and SHA-256, and place it at the path its source record pins. Nothing downstream can proceed without those bytes.",HELD
NE,DC-1-15,not recorded in the committed source record,false,B,official_source_acquisition_required,active_track,ne-setaside-custodial ne-setaside-noncustodial,bound_to_tracks_by_the_committed_relationships,,,guidance_only,acroform_fill,false,,false,false,true,true,false,,,,,43675986d4b740ebb26c0b6778655e25f5d1bd6145a439154b00350c6072cd5b,false,,not recorded,false,acroform,74,false,unprovable: object streams hide objects from the residue scan,false,clipped_overlapping_or_misplaced contact_sheet_shows_no_fill held_on_source_or_design never_independently_approved rendered_artifact_not_byte_inspectable stale_contact_sheet_manifest_or_review_evidence unfinalized_rendered_artifact visually_unsafe,high,contained_by_terminal_treatment,Roger (official source acquisition),never_independently_reviewed,certification_unproven,Artifacts exist but cannot be certified: their active-content cleanliness or finalization cannot be established from the committed bytes.,2,,RC-G-GENERATION-NOT-ALLOWED RC-G-NO-INDEPENDENT-TECHNICAL-APPROVAL RC-G-PRODUCTION-HOLD RC-T-FACTORY-PROVENANCE RC-T-OBJECT-STREAMS RC-T-SOURCE-DEFAULT-IN-PROTECTED-FIELD RC-T-UNFLATTENED-FIELDS RC-T-VALUES-IN-APPEARANCES RC-V-CLIPPING RC-V-SHEET-FROM-UNFINALIZED-SOURCE RC-V-SHEET-NO-VISIBILITY-PROOF RC-V-SHEET-PANELS-IDENTICAL RC-V-UNSAFE-PLACEMENT,RC-G-GENERATION-NOT-ALLOWED RC-G-NO-INDEPENDENT-TECHNICAL-APPROVAL RC-G-PRODUCTION-HOLD RC-T-FACTORY-PROVENANCE RC-T-OBJECT-STREAMS RC-T-SOURCE-DEFAULT-IN-PROTECTED-FIELD RC-T-UNFLATTENED-FIELDS RC-T-VALUES-IN-APPEARANCES RC-V-SHEET-FROM-UNFINALIZED-SOURCE RC-V-SHEET-NO-VISIBILITY-PROOF RC-V-SHEET-PANELS-IDENTICAL,RC-V-CLIPPING RC-V-UNSAFE-PLACEMENT,false,true,false,0,"Correcting this asset requires re-rendering it through the current official-form factory, and the verified source binary (SHA-256 43675986d4b740ebb26c0b6778655e25f5d1bd6145a439154b00350c6072cd5b) is not present in this clone. The factory renders from the binary; there is nothing to render from.","Retrieve the current official NE DC-1-15 binary from its issuing body, record its URL, retrieval timestamp, publisher, edition date, byte length and SHA-256, and place it at the path its source record pins. Nothing downstream can proceed without those bytes.",HELD
NE,DC-6-7.1A,not recorded in the committed source record,false,E,orphaned_or_optional_asset,orphaned_or_optional,,no_track_binding_established,,,,flat_overlay,false,,false,false,true,true,false,,,,,e97e032a721f1d223ff83b9ddfee0e703fb2bc8c06a8279f45cad1adacc9a605,false,,not recorded,false,flat_pdf,0,false,no rendered artifact to judge,,flat_overlay_geometry_or_readback held_on_source_or_design never_independently_approved stale_contact_sheet_manifest_or_review_evidence,low,none,RCAP inventory owner,never_independently_reviewed,reference_only,"An instruction, guidance or supporting-process document, not a filed component.",4,do_not_acquire_without_a_named_current_use,RC-G-GENERATION-NOT-ALLOWED RC-G-NO-INDEPENDENT-TECHNICAL-APPROVAL RC-G-PRODUCTION-HOLD RC-T-FLAT-GEOMETRY RC-V-NO-SHEET-PRODUCED,RC-G-GENERATION-NOT-ALLOWED RC-G-NO-INDEPENDENT-TECHNICAL-APPROVAL RC-G-PRODUCTION-HOLD RC-V-NO-SHEET-PRODUCED,RC-T-FLAT-GEOMETRY,false,false,false,0,"Nothing is blocked. No active launch track's packet set requires this asset, so it is inventory rather than pending work.","Decide retain, archive or retire for NE DC-6-7.1A and record the decision. It blocks nothing in the meantime.",HELD
NE,DC-6-7.2,not recorded in the committed source record,false,E,orphaned_or_optional_asset,orphaned_or_optional,,no_track_binding_established,,,,acroform_fill,false,,false,false,true,true,false,,,,,33765f661ddeaacfbc623b77e4e0b873b24816bfda472fa2c6b0f093945d96be,false,,not recorded,false,acroform,28,false,unprovable: object streams hide objects from the residue scan,false,clipped_overlapping_or_misplaced contact_sheet_shows_no_fill held_on_source_or_design never_independently_approved rendered_artifact_not_byte_inspectable stale_contact_sheet_manifest_or_review_evidence unfinalized_rendered_artifact visually_unsafe,low,none,RCAP inventory owner,never_independently_reviewed,orphaned,No active track requires it and no candidate binding to one exists.,4,do_not_acquire_without_a_named_current_use,RC-G-GENERATION-NOT-ALLOWED RC-G-NO-INDEPENDENT-TECHNICAL-APPROVAL RC-G-PRODUCTION-HOLD RC-T-FACTORY-PROVENANCE RC-T-OBJECT-STREAMS RC-T-SOURCE-DEFAULT-IN-PROTECTED-FIELD RC-T-UNFLATTENED-FIELDS RC-T-VALUES-IN-APPEARANCES RC-V-CLIPPING RC-V-SHEET-FROM-UNFINALIZED-SOURCE RC-V-SHEET-NO-VISIBILITY-PROOF RC-V-SHEET-PANELS-IDENTICAL RC-V-UNSAFE-PLACEMENT,RC-G-GENERATION-NOT-ALLOWED RC-G-NO-INDEPENDENT-TECHNICAL-APPROVAL RC-G-PRODUCTION-HOLD RC-T-FACTORY-PROVENANCE RC-T-OBJECT-STREAMS RC-T-SOURCE-DEFAULT-IN-PROTECTED-FIELD RC-T-UNFLATTENED-FIELDS RC-T-VALUES-IN-APPEARANCES RC-V-SHEET-FROM-UNFINALIZED-SOURCE RC-V-SHEET-NO-VISIBILITY-PROOF RC-V-SHEET-PANELS-IDENTICAL,RC-V-CLIPPING RC-V-UNSAFE-PLACEMENT,false,false,false,0,"Nothing is blocked. No active launch track's packet set requires this asset, so it is inventory rather than pending work.","Decide retain, archive or retire for NE DC-6-7.2 and record the decision. It blocks nothing in the meantime.",HELD
NE,DC-6-7.2A,not recorded in the committed source record,false,E,orphaned_or_optional_asset,orphaned_or_optional,,no_track_binding_established,,,,acroform_fill,false,,false,false,true,true,false,,,,,8b2a1679046fc5502728526d7cf2c272791f95f91f7b2400834cf5031b2502e0,false,,not recorded,false,acroform,1,false,no rendered artifact to judge,,held_on_source_or_design multi_widget_ambiguity never_independently_approved stale_contact_sheet_manifest_or_review_evidence,low,none,RCAP inventory owner,never_independently_reviewed,reference_only,"An instruction, guidance or supporting-process document, not a filed component.",4,do_not_acquire_without_a_named_current_use,RC-G-GENERATION-NOT-ALLOWED RC-G-NO-INDEPENDENT-TECHNICAL-APPROVAL RC-G-PRODUCTION-HOLD RC-T-NO-DERIVABLE-WRITE-BOX RC-V-NO-SHEET-PRODUCED,RC-G-GENERATION-NOT-ALLOWED RC-G-NO-INDEPENDENT-TECHNICAL-APPROVAL RC-G-PRODUCTION-HOLD RC-V-NO-SHEET-PRODUCED,RC-T-NO-DERIVABLE-WRITE-BOX,false,false,false,0,"Nothing is blocked. No active launch track's packet set requires this asset, so it is inventory rather than pending work.","Decide retain, archive or retire for NE DC-6-7.2A and record the decision. It blocks nothing in the meantime.",HELD
VA,CC-1201,PETITION FOR SEALING PURSUANT,false,B,official_source_acquisition_required,active_track,va_seal_ancillary_matter_only va_seal_enumerated_seven_year va_seal_petition_felony va_seal_petition_misdemeanor,bound_to_tracks_by_the_committed_relationships,,,guidance_only exact_supported_deferral,acroform_fill,false,exact_supported_deferral,false,false,true,true,false,https://www.vacourts.gov/static/forms/circuit/crim_sealing/cc1201.pdf,www.vacourts.gov,2026-08-02,REV-2026-07,7b56d8e167f610739da1578ec96e8bc7925ae029141857e7350bd7482c8e7e78,false,,candidate_current_source,false,acroform,90,false,unprovable: object streams hide objects from the residue scan,false,clipped_overlapping_or_misplaced contact_sheet_shows_no_fill currentness_unverified held_on_source_or_design never_independently_approved rendered_artifact_not_byte_inspectable stale_contact_sheet_manifest_or_review_evidence unfinalized_rendered_artifact visually_unsafe,high,contained_by_terminal_treatment,Roger (official source acquisition),never_independently_reviewed,certification_unproven,Artifacts exist but cannot be certified: their active-content cleanliness or finalization cannot be established from the committed bytes.,2,,RC-G-GENERATION-NOT-ALLOWED RC-G-NO-INDEPENDENT-TECHNICAL-APPROVAL RC-G-PRODUCTION-HOLD RC-S-CURRENTNESS-UNVERIFIED RC-T-FACTORY-PROVENANCE RC-T-OBJECT-STREAMS RC-T-UNFLATTENED-FIELDS RC-T-VALUES-IN-APPEARANCES RC-V-CLIPPING RC-V-SHEET-FROM-UNFINALIZED-SOURCE RC-V-SHEET-NO-VISIBILITY-PROOF RC-V-SHEET-PANELS-IDENTICAL RC-V-UNSAFE-PLACEMENT,RC-G-GENERATION-NOT-ALLOWED RC-G-NO-INDEPENDENT-TECHNICAL-APPROVAL RC-G-PRODUCTION-HOLD RC-S-CURRENTNESS-UNVERIFIED RC-T-FACTORY-PROVENANCE RC-T-OBJECT-STREAMS RC-T-UNFLATTENED-FIELDS RC-T-VALUES-IN-APPEARANCES RC-V-SHEET-FROM-UNFINALIZED-SOURCE RC-V-SHEET-NO-VISIBILITY-PROOF RC-V-SHEET-PANELS-IDENTICAL,RC-V-CLIPPING RC-V-UNSAFE-PLACEMENT,false,true,false,0,"Correcting this asset requires re-rendering it through the current official-form factory, and the verified source binary (SHA-256 7b56d8e167f610739da1578ec96e8bc7925ae029141857e7350bd7482c8e7e78) is not present in this clone. The factory renders from the binary; there is nothing to render from.","Retrieve the current official VA CC-1201 binary from its issuing body, record its URL, retrieval timestamp, publisher, edition date, byte length and SHA-256, and place it at the path its source record pins. Nothing downstream can proceed without those bytes.",HELD
VA,CC-1201-A,ADDENDUM TO PETITION FOR SEALING,false,E,orphaned_or_optional_asset,orphaned_or_optional,,no_track_binding_established,,,,acroform_fill,false,,false,false,true,true,false,https://www.vacourts.gov/static/forms/circuit/crim_sealing/cc1201.pdf,www.vacourts.gov,2026-08-02,REV-2026-07,01427e4ea4dce8ea5b053bb681556533c1313a8fd362983a9616465acdf6a8ed,false,,candidate_current_source,false,acroform,97,false,unprovable: object streams hide objects from the residue scan,false,clipped_overlapping_or_misplaced contact_sheet_shows_no_fill currentness_unverified held_on_source_or_design never_independently_approved rendered_artifact_not_byte_inspectable stale_contact_sheet_manifest_or_review_evidence unfinalized_rendered_artifact visually_unsafe,low,none,RCAP inventory owner,never_independently_reviewed,orphaned,No active track requires it and no candidate binding to one exists.,4,do_not_acquire_without_a_named_current_use,RC-G-GENERATION-NOT-ALLOWED RC-G-NO-INDEPENDENT-TECHNICAL-APPROVAL RC-G-PRODUCTION-HOLD RC-S-CURRENTNESS-UNVERIFIED RC-T-FACTORY-PROVENANCE RC-T-OBJECT-STREAMS RC-T-UNFLATTENED-FIELDS RC-T-VALUES-IN-APPEARANCES RC-V-CLIPPING RC-V-SHEET-FROM-UNFINALIZED-SOURCE RC-V-SHEET-NO-VISIBILITY-PROOF RC-V-SHEET-PANELS-IDENTICAL RC-V-UNSAFE-PLACEMENT,RC-G-GENERATION-NOT-ALLOWED RC-G-NO-INDEPENDENT-TECHNICAL-APPROVAL RC-G-PRODUCTION-HOLD RC-S-CURRENTNESS-UNVERIFIED RC-T-FACTORY-PROVENANCE RC-T-OBJECT-STREAMS RC-T-UNFLATTENED-FIELDS RC-T-VALUES-IN-APPEARANCES RC-V-SHEET-FROM-UNFINALIZED-SOURCE RC-V-SHEET-NO-VISIBILITY-PROOF RC-V-SHEET-PANELS-IDENTICAL,RC-V-CLIPPING RC-V-UNSAFE-PLACEMENT,false,false,false,0,"Nothing is blocked. No active launch track's packet set requires this asset, so it is inventory rather than pending work.","Decide retain, archive or retire for VA CC-1201-A and record the decision. It blocks nothing in the meantime.",HELD
VA,CC-1203,PETITION FOR SEALING PURSUANT,false,E,orphaned_or_optional_asset,orphaned_or_optional,,no_track_binding_established,,,,acroform_fill,false,,false,false,true,true,false,https://www.vacourts.gov/static/forms/circuit/crim_sealing/cc1203.pdf,www.vacourts.gov,2026-08-02,REV-2026-07,25d08cb32e0b0bed778465d91b869f43d8f94ce6986c5036c5de7e307a31d35a,false,,candidate_current_source,false,acroform,131,false,unprovable: object streams hide objects from the residue scan,false,clipped_overlapping_or_misplaced contact_sheet_shows_no_fill currentness_unverified held_on_source_or_design never_independently_approved rendered_artifact_not_byte_inspectable stale_contact_sheet_manifest_or_review_evidence unfinalized_rendered_artifact visually_unsafe,low,none,RCAP inventory owner,never_independently_reviewed,orphaned,No active track requires it and no candidate binding to one exists.,4,do_not_acquire_without_a_named_current_use,RC-G-GENERATION-NOT-ALLOWED RC-G-NO-INDEPENDENT-TECHNICAL-APPROVAL RC-G-PRODUCTION-HOLD RC-S-CURRENTNESS-UNVERIFIED RC-T-FACTORY-PROVENANCE RC-T-OBJECT-STREAMS RC-T-UNFLATTENED-FIELDS RC-T-VALUES-IN-APPEARANCES RC-V-CLIPPING RC-V-SHEET-FROM-UNFINALIZED-SOURCE RC-V-SHEET-NO-VISIBILITY-PROOF RC-V-SHEET-PANELS-IDENTICAL RC-V-UNSAFE-PLACEMENT,RC-G-GENERATION-NOT-ALLOWED RC-G-NO-INDEPENDENT-TECHNICAL-APPROVAL RC-G-PRODUCTION-HOLD RC-S-CURRENTNESS-UNVERIFIED RC-T-FACTORY-PROVENANCE RC-T-OBJECT-STREAMS RC-T-UNFLATTENED-FIELDS RC-T-VALUES-IN-APPEARANCES RC-V-SHEET-FROM-UNFINALIZED-SOURCE RC-V-SHEET-NO-VISIBILITY-PROOF RC-V-SHEET-PANELS-IDENTICAL,RC-V-CLIPPING RC-V-UNSAFE-PLACEMENT,false,false,false,0,"Nothing is blocked. No active launch track's packet set requires this asset, so it is inventory rather than pending work.","Decide retain, archive or retire for VA CC-1203 and record the decision. It blocks nothing in the meantime.",HELD
VA,CC-1203-A,ADDENDUM TO PETITION FOR SEALING,false,E,orphaned_or_optional_asset,orphaned_or_optional,,no_track_binding_established,,,,acroform_fill,false,,false,false,true,true,false,https://www.vacourts.gov/static/forms/circuit/crim_sealing/cc1203.pdf,www.vacourts.gov,2026-08-02,REV-2026-07,3f9bb4dcc114dc5a36aaf14439841dfd536ca8e84febbc01aca52792dc190da1,false,,candidate_current_source,false,acroform,96,false,unprovable: object streams hide objects from the residue scan,false,clipped_overlapping_or_misplaced contact_sheet_shows_no_fill currentness_unverified held_on_source_or_design never_independently_approved rendered_artifact_not_byte_inspectable stale_contact_sheet_manifest_or_review_evidence unfinalized_rendered_artifact visually_unsafe,low,none,RCAP inventory owner,never_independently_reviewed,orphaned,No active track requires it and no candidate binding to one exists.,4,do_not_acquire_without_a_named_current_use,RC-G-GENERATION-NOT-ALLOWED RC-G-NO-INDEPENDENT-TECHNICAL-APPROVAL RC-G-PRODUCTION-HOLD RC-S-CURRENTNESS-UNVERIFIED RC-T-FACTORY-PROVENANCE RC-T-OBJECT-STREAMS RC-T-UNFLATTENED-FIELDS RC-T-VALUES-IN-APPEARANCES RC-V-CLIPPING RC-V-SHEET-FROM-UNFINALIZED-SOURCE RC-V-SHEET-NO-VISIBILITY-PROOF RC-V-SHEET-PANELS-IDENTICAL RC-V-UNSAFE-PLACEMENT,RC-G-GENERATION-NOT-ALLOWED RC-G-NO-INDEPENDENT-TECHNICAL-APPROVAL RC-G-PRODUCTION-HOLD RC-S-CURRENTNESS-UNVERIFIED RC-T-FACTORY-PROVENANCE RC-T-OBJECT-STREAMS RC-T-UNFLATTENED-FIELDS RC-T-VALUES-IN-APPEARANCES RC-V-SHEET-FROM-UNFINALIZED-SOURCE RC-V-SHEET-NO-VISIBILITY-PROOF RC-V-SHEET-PANELS-IDENTICAL,RC-V-CLIPPING RC-V-UNSAFE-PLACEMENT,false,false,false,0,"Nothing is blocked. No active launch track's packet set requires this asset, so it is inventory rather than pending work.","Decide retain, archive or retire for VA CC-1203-A and record the decision. It blocks nothing in the meantime.",HELD
VA,CC-1203-B,ADDENDUM TO PETITION FOR SEALING,false,E,orphaned_or_optional_asset,orphaned_or_optional,,no_track_binding_established,,,,acroform_fill,false,,false,false,true,true,false,https://www.vacourts.gov/static/forms/circuit/crim_sealing/cc1203.pdf,www.vacourts.gov,2026-08-02,REV-2026-07,9ec9a6b12adb3a3f14ec0afd39ddcfab4ec00ec2fa441ff5e1648ffb8b334781,false,,candidate_current_source,false,acroform,44,false,unprovable: object streams hide objects from the residue scan,false,clipped_overlapping_or_misplaced contact_sheet_shows_no_fill currentness_unverified held_on_source_or_design never_independently_approved rendered_artifact_not_byte_inspectable stale_contact_sheet_manifest_or_review_evidence unfinalized_rendered_artifact visually_unsafe,low,none,RCAP inventory owner,never_independently_reviewed,orphaned,No active track requires it and no candidate binding to one exists.,4,do_not_acquire_without_a_named_current_use,RC-G-GENERATION-NOT-ALLOWED RC-G-NO-INDEPENDENT-TECHNICAL-APPROVAL RC-G-PRODUCTION-HOLD RC-S-CURRENTNESS-UNVERIFIED RC-T-FACTORY-PROVENANCE RC-T-OBJECT-STREAMS RC-T-UNFLATTENED-FIELDS RC-T-VALUES-IN-APPEARANCES RC-V-CLIPPING RC-V-SHEET-FROM-UNFINALIZED-SOURCE RC-V-SHEET-NO-VISIBILITY-PROOF RC-V-SHEET-PANELS-IDENTICAL RC-V-UNSAFE-PLACEMENT,RC-G-GENERATION-NOT-ALLOWED RC-G-NO-INDEPENDENT-TECHNICAL-APPROVAL RC-G-PRODUCTION-HOLD RC-S-CURRENTNESS-UNVERIFIED RC-T-FACTORY-PROVENANCE RC-T-OBJECT-STREAMS RC-T-UNFLATTENED-FIELDS RC-T-VALUES-IN-APPEARANCES RC-V-SHEET-FROM-UNFINALIZED-SOURCE RC-V-SHEET-NO-VISIBILITY-PROOF RC-V-SHEET-PANELS-IDENTICAL,RC-V-CLIPPING RC-V-UNSAFE-PLACEMENT,false,false,false,0,"Nothing is blocked. No active launch track's packet set requires this asset, so it is inventory rather than pending work.","Decide retain, archive or retire for VA CC-1203-B and record the decision. It blocks nothing in the meantime.",HELD
VA,CC-1473,PETITION FOR EXPUNGEMENT,false,B,official_source_acquisition_required,active_track,va_exp_nonconviction,bound_to_tracks_by_the_committed_relationships,,,exact_supported_deferral,acroform_fill,false,exact_supported_deferral,false,false,true,true,false,https://www.vacourts.gov/forms/circuit/cc1473.pdf,www.vacourts.gov,2026-08-02,REV-2026-07,6176c2f55bdb320682acecf0a79931bd5e496c4c93b5696645d4ef447fa67219,false,,candidate_current_source,false,acroform,40,false,unprovable: object streams hide objects from the residue scan,false,clipped_overlapping_or_misplaced contact_sheet_shows_no_fill currentness_unverified held_on_source_or_design never_independently_approved rendered_artifact_not_byte_inspectable stale_contact_sheet_manifest_or_review_evidence unfinalized_rendered_artifact visually_unsafe,high,contained_by_terminal_treatment,Roger (official source acquisition),never_independently_reviewed,certification_unproven,Artifacts exist but cannot be certified: their active-content cleanliness or finalization cannot be established from the committed bytes.,2,,RC-G-GENERATION-NOT-ALLOWED RC-G-NO-INDEPENDENT-TECHNICAL-APPROVAL RC-G-PRODUCTION-HOLD RC-S-CURRENTNESS-UNVERIFIED RC-T-FACTORY-PROVENANCE RC-T-OBJECT-STREAMS RC-T-UNFLATTENED-FIELDS RC-T-VALUES-IN-APPEARANCES RC-V-CLIPPING RC-V-SHEET-FROM-UNFINALIZED-SOURCE RC-V-SHEET-NO-VISIBILITY-PROOF RC-V-SHEET-PANELS-IDENTICAL RC-V-UNSAFE-PLACEMENT,RC-G-GENERATION-NOT-ALLOWED RC-G-NO-INDEPENDENT-TECHNICAL-APPROVAL RC-G-PRODUCTION-HOLD RC-S-CURRENTNESS-UNVERIFIED RC-T-FACTORY-PROVENANCE RC-T-OBJECT-STREAMS RC-T-UNFLATTENED-FIELDS RC-T-VALUES-IN-APPEARANCES RC-V-SHEET-FROM-UNFINALIZED-SOURCE RC-V-SHEET-NO-VISIBILITY-PROOF RC-V-SHEET-PANELS-IDENTICAL,RC-V-CLIPPING RC-V-UNSAFE-PLACEMENT,false,true,false,0,"Correcting this asset requires re-rendering it through the current official-form factory, and the verified source binary (SHA-256 6176c2f55bdb320682acecf0a79931bd5e496c4c93b5696645d4ef447fa67219) is not present in this clone. The factory renders from the binary; there is nothing to render from.","Retrieve the current official VA CC-1473 binary from its issuing body, record its URL, retrieval timestamp, publisher, edition date, byte length and SHA-256, and place it at the path its source record pins. Nothing downstream can proceed without those bytes.",HELD
VA,cc1473.pdf,cc1473.pdf,false,B,official_source_acquisition_required,expected_but_absent,,no_track_binding_established_candidate_form_number_match_unconfirmed,CC-1473,va_exp_nonconviction,,no render strategy recorded,false,,false,false,true,true,false,,,,,6f4390495a8781ee48845b575c7e245eb09a2e492319aa51206882a1b4cdf3f3,false,,not recorded,true,dirty_acroform,,false,no rendered artifact to judge,,held_on_source_or_design missing_binary never_independently_approved xfa_javascript_or_active_content_residue,low,none,Roger (official source acquisition),never_independently_reviewed,official_source_required,"The verified source binary is unavailable, so nothing downstream can be attempted.",4,do_not_acquire_without_a_named_current_use,RC-G-GENERATION-NOT-ALLOWED RC-G-NO-INDEPENDENT-TECHNICAL-APPROVAL RC-G-PRODUCTION-HOLD RC-S-BUNDLE-ABSENT RC-T-DIRTY-ACROFORM-SOURCE,RC-G-GENERATION-NOT-ALLOWED RC-G-NO-INDEPENDENT-TECHNICAL-APPROVAL RC-G-PRODUCTION-HOLD RC-S-BUNDLE-ABSENT,RC-T-DIRTY-ACROFORM-SOURCE,false,false,false,0,"The verified binary for VA cc1473.pdf is not in the clone, and no track binding exists for it: this asset is keyed by filename while the pinned legal-design registry keys packet components by form number, so nothing joins the two and the affected route cannot be stated. A candidate, unconfirmed, form-number match is VA CC-1473 (tracks va_exp_nonconviction).","Retrieve the current official VA cc1473.pdf binary from its issuing body, record its URL, retrieval timestamp, publisher, edition date, byte length and SHA-256, and place it at the path its source record pins. Nothing downstream can proceed without those bytes. Separately, confirm or reject the candidate form-number binding to VA CC-1473 so this row can name the route it affects.",HELD
VA,cc1473inst.pdf,cc1473inst.pdf,false,B,official_source_acquisition_required,expected_but_absent,,no_track_binding_established_candidate_form_number_match_unconfirmed,CC-1473,va_exp_nonconviction,,no render strategy recorded,false,,false,false,true,true,false,,,,,ffbfc0da7254f3c6bebc9d76878f34e7b2e701324fa2f56bf58460b28479fde6,false,,not recorded,true,scanned_pdf,,false,no rendered artifact to judge,,flat_overlay_geometry_or_readback held_on_source_or_design missing_binary never_independently_approved,low,none,Roger (official source acquisition),never_independently_reviewed,official_source_required,"The verified source binary is unavailable, so nothing downstream can be attempted.",4,do_not_acquire_without_a_named_current_use,RC-G-GENERATION-NOT-ALLOWED RC-G-NO-INDEPENDENT-TECHNICAL-APPROVAL RC-G-PRODUCTION-HOLD RC-S-BUNDLE-ABSENT RC-T-FLAT-GEOMETRY RC-T-NO-FIELD-CENSUS,RC-G-GENERATION-NOT-ALLOWED RC-G-NO-INDEPENDENT-TECHNICAL-APPROVAL RC-G-PRODUCTION-HOLD RC-S-BUNDLE-ABSENT,RC-T-FLAT-GEOMETRY RC-T-NO-FIELD-CENSUS,false,false,false,0,"The verified binary for VA cc1473inst.pdf is not in the clone, and no track binding exists for it: this asset is keyed by filename while the pinned legal-design registry keys packet components by form number, so nothing joins the two and the affected route cannot be stated. A candidate, unconfirmed, form-number match is VA CC-1473 (tracks va_exp_nonconviction).","Retrieve the current official VA cc1473inst.pdf binary from its issuing body, record its URL, retrieval timestamp, publisher, edition date, byte length and SHA-256, and place it at the path its source record pins. Nothing downstream can proceed without those bytes. Separately, confirm or reject the candidate form-number binding to VA CC-1473 so this row can name the route it affects.",HELD
VA,va-expungement-sealing-forms.html,va-expungement-sealing-forms.html,false,B,official_source_acquisition_required,expected_but_absent,,no_track_binding_established,,,,no render strategy recorded,false,,false,false,true,true,false,,,,,b9ed3bfc69c4a82954801b3d99b6f8c01fbe3b0edfe876aa6db4f9ba7b1d6f5f,false,,not recorded,true,html_form,,false,no rendered artifact to judge,,flat_overlay_geometry_or_readback held_on_source_or_design missing_binary never_independently_approved,low,none,Roger (official source acquisition),never_independently_reviewed,official_source_required,"The verified source binary is unavailable, so nothing downstream can be attempted.",4,do_not_acquire_without_a_named_current_use,RC-G-GENERATION-NOT-ALLOWED RC-G-NO-INDEPENDENT-TECHNICAL-APPROVAL RC-G-PRODUCTION-HOLD RC-S-BUNDLE-ABSENT RC-T-NO-FIELD-CENSUS,RC-G-GENERATION-NOT-ALLOWED RC-G-NO-INDEPENDENT-TECHNICAL-APPROVAL RC-G-PRODUCTION-HOLD RC-S-BUNDLE-ABSENT,RC-T-NO-FIELD-CENSUS,false,false,false,0,"The verified binary for VA va-expungement-sealing-forms.html is not in the clone, and no track binding exists for it: this asset is keyed by filename while the pinned legal-design registry keys packet components by form number, so nothing joins the two and the affected route cannot be stated. No candidate form-number match was found either.","Retrieve the current official VA va-expungement-sealing-forms.html binary from its issuing body, record its URL, retrieval timestamp, publisher, edition date, byte length and SHA-256, and place it at the path its source record pins. Nothing downstream can proceed without those bytes. Separately, establish which packet component, if any, depends on this asset: no track binding exists and no candidate form-number match was found, so this row cannot currently name the route it affects.",HELD
VT,200-00129 – Petition to Expunge Criminal History.pdf,200-00129 – Petition to Expunge Criminal History.pdf,false,B,official_source_acquisition_required,expected_but_absent,,no_track_binding_established,,,,no render strategy recorded,false,,false,false,true,true,false,,,,,6b855b1976bb10bb1a623e4ae1741545d36108c5e320c7ce542d214481ab9be5,false,,not recorded,true,dirty_acroform,,false,no rendered artifact to judge,,held_on_source_or_design missing_binary never_independently_approved xfa_javascript_or_active_content_residue,low,none,Roger (official source acquisition),never_independently_reviewed,official_source_required,"The verified source binary is unavailable, so nothing downstream can be attempted.",4,do_not_acquire_without_a_named_current_use,RC-G-GENERATION-NOT-ALLOWED RC-G-NO-INDEPENDENT-TECHNICAL-APPROVAL RC-G-PRODUCTION-HOLD RC-S-BUNDLE-ABSENT RC-T-DIRTY-ACROFORM-SOURCE,RC-G-GENERATION-NOT-ALLOWED RC-G-NO-INDEPENDENT-TECHNICAL-APPROVAL RC-G-PRODUCTION-HOLD RC-S-BUNDLE-ABSENT,RC-T-DIRTY-ACROFORM-SOURCE,false,false,false,0,"The verified binary for VT 200-00129 – Petition to Expunge Criminal History.pdf is not in the clone, and no track binding exists for it: this asset is keyed by filename while the pinned legal-design registry keys packet components by form number, so nothing joins the two and the affected route cannot be stated. No candidate form-number match was found either.","Retrieve the current official VT 200-00129 – Petition to Expunge Criminal History.pdf binary from its issuing body, record its URL, retrieval timestamp, publisher, edition date, byte length and SHA-256, and place it at the path its source record pins. Nothing downstream can proceed without those bytes. Separately, establish which packet component, if any, depends on this asset: no track binding exists and no candidate form-number match was found, so this row cannot currently name the route it affects.",HELD
VT,200-00130,Petition to Seal Criminal History,false,B,official_source_acquisition_required,active_track,vt_seal_18_to_21 vt_seal_dui vt_seal_felony vt_seal_misdemeanor vt_seal_nonconviction vt_seal_pardon,bound_to_tracks_by_the_committed_relationships,,,guidance_only exact_supported_deferral,acroform_fill,false,exact_supported_deferral,false,false,true,true,false,https://www.vtcourts.gov/media/114,www.vtcourts.gov,2026-08-02,REV-2025-07,ff914f49c2a78a8b96d48f1242b70ab12ff7cb25beeeb8b850505357fdf982ed,false,,candidate_current_source,false,acroform,48,false,unprovable: object streams hide objects from the residue scan,false,clipped_overlapping_or_misplaced contact_sheet_shows_no_fill currentness_unverified held_on_source_or_design never_independently_approved rendered_artifact_not_byte_inspectable stale_contact_sheet_manifest_or_review_evidence unfinalized_rendered_artifact,high,contained_by_terminal_treatment,Roger (official source acquisition),never_independently_reviewed,certification_unproven,Artifacts exist but cannot be certified: their active-content cleanliness or finalization cannot be established from the committed bytes.,2,,RC-G-GENERATION-NOT-ALLOWED RC-G-NO-INDEPENDENT-TECHNICAL-APPROVAL RC-G-PRODUCTION-HOLD RC-S-CURRENTNESS-UNVERIFIED RC-T-FACTORY-PROVENANCE RC-T-OBJECT-STREAMS RC-T-UNFLATTENED-FIELDS RC-T-VALUES-ABSENT RC-T-VALUES-IN-APPEARANCES RC-V-CLIPPING RC-V-SHEET-FROM-UNFINALIZED-SOURCE RC-V-SHEET-NO-VISIBILITY-PROOF RC-V-SHEET-PANELS-IDENTICAL,RC-G-GENERATION-NOT-ALLOWED RC-G-NO-INDEPENDENT-TECHNICAL-APPROVAL RC-G-PRODUCTION-HOLD RC-S-CURRENTNESS-UNVERIFIED RC-T-FACTORY-PROVENANCE RC-T-OBJECT-STREAMS RC-T-UNFLATTENED-FIELDS RC-T-VALUES-IN-APPEARANCES RC-V-SHEET-FROM-UNFINALIZED-SOURCE RC-V-SHEET-NO-VISIBILITY-PROOF RC-V-SHEET-PANELS-IDENTICAL,RC-T-VALUES-ABSENT RC-V-CLIPPING,false,true,false,0,"Correcting this asset requires re-rendering it through the current official-form factory, and the verified source binary (SHA-256 ff914f49c2a78a8b96d48f1242b70ab12ff7cb25beeeb8b850505357fdf982ed) is not present in this clone. The factory renders from the binary; there is nothing to render from.","Retrieve the current official VT 200-00130 binary from its issuing body, record its URL, retrieval timestamp, publisher, edition date, byte length and SHA-256, and place it at the path its source record pins. Nothing downstream can proceed without those bytes.",HELD
VT,200-00130A,Filing a Petition to Expunge or Seal a Criminal Record,false,E,orphaned_or_optional_asset,orphaned_or_optional,,no_track_binding_established,,,,flat_overlay,false,,false,false,true,true,false,https://www.vtcourts.gov/media/7713,www.vtcourts.gov,2026-08-02,REV-UNKNOWN,8a44b91cd2f48af494cefcadb557c3c0f5a35b0bdeef06272ee54c66f9ca8078,false,,revision_confirmation_required,false,flat_pdf,0,false,no rendered artifact to judge,,flat_overlay_geometry_or_readback held_on_source_or_design never_independently_approved stale_contact_sheet_manifest_or_review_evidence stale_or_superseded,low,none,RCAP inventory owner,never_independently_reviewed,reference_only,"An instruction, guidance or supporting-process document, not a filed component.",4,do_not_acquire_without_a_named_current_use,RC-G-GENERATION-NOT-ALLOWED RC-G-NO-INDEPENDENT-TECHNICAL-APPROVAL RC-G-PRODUCTION-HOLD RC-S-STALE-OR-SUPERSEDED RC-T-FLAT-GEOMETRY RC-V-NO-SHEET-PRODUCED,RC-G-GENERATION-NOT-ALLOWED RC-G-NO-INDEPENDENT-TECHNICAL-APPROVAL RC-G-PRODUCTION-HOLD RC-V-NO-SHEET-PRODUCED,RC-S-STALE-OR-SUPERSEDED RC-T-FLAT-GEOMETRY,false,false,false,0,"Nothing is blocked. No active launch track's packet set requires this asset, so it is inventory rather than pending work.","Decide retain, archive or retire for VT 200-00130A and record the decision. It blocks nothing in the meantime.",HELD
VT,200-00130A - Filing a Petition to Expunge or Seal a Criminal Record.pdf,200-00130A - Filing a Petition to Expunge or Seal a Criminal Record.pdf,false,B,official_source_acquisition_required,expected_but_absent,,no_track_binding_established,,,,no render strategy recorded,false,,false,false,true,true,false,,,,,8a44b91cd2f48af494cefcadb557c3c0f5a35b0bdeef06272ee54c66f9ca8078,false,,not recorded,true,dirty_acroform,,false,no rendered artifact to judge,,flat_overlay_geometry_or_readback held_on_source_or_design missing_binary never_independently_approved xfa_javascript_or_active_content_residue,low,none,Roger (official source acquisition),never_independently_reviewed,official_source_required,"The verified source binary is unavailable, so nothing downstream can be attempted.",4,do_not_acquire_without_a_named_current_use,RC-G-GENERATION-NOT-ALLOWED RC-G-NO-INDEPENDENT-TECHNICAL-APPROVAL RC-G-PRODUCTION-HOLD RC-S-BUNDLE-ABSENT RC-T-DIRTY-ACROFORM-SOURCE RC-T-NO-FIELD-CENSUS,RC-G-GENERATION-NOT-ALLOWED RC-G-NO-INDEPENDENT-TECHNICAL-APPROVAL RC-G-PRODUCTION-HOLD RC-S-BUNDLE-ABSENT,RC-T-DIRTY-ACROFORM-SOURCE RC-T-NO-FIELD-CENSUS,false,false,false,0,"The verified binary for VT 200-00130A - Filing a Petition to Expunge or Seal a Criminal Record.pdf is not in the clone, and no track binding exists for it: this asset is keyed by filename while the pinned legal-design registry keys packet components by form number, so nothing joins the two and the affected route cannot be stated. No candidate form-number match was found either.","Retrieve the current official VT 200-00130A - Filing a Petition to Expunge or Seal a Criminal Record.pdf binary from its issuing body, record its URL, retrieval timestamp, publisher, edition date, byte length and SHA-256, and place it at the path its source record pins. Nothing downstream can proceed without those bytes. Separately, establish which packet component, if any, depends on this asset: no track binding exists and no candidate form-number match was found, so this row cannot currently name the route it affects.",HELD
VT,200-00131,Response to Petition to Expunge or Seal,false,E,orphaned_or_optional_asset,orphaned_or_optional,,no_track_binding_established,,,,acroform_fill,false,,false,false,true,true,false,https://www.vtcourts.gov/media/116,www.vtcourts.gov,2026-08-02,REV-2018-07,5afb8d524b52a6e9faaa2a797c9d2230dc11a492d1f5544bd9cf9f05a9d3379a,false,,candidate_current_source,false,acroform,21,false,no rendered artifact to judge,,currentness_unverified held_on_source_or_design multi_widget_ambiguity never_independently_approved stale_contact_sheet_manifest_or_review_evidence,low,none,RCAP inventory owner,never_independently_reviewed,orphaned,No active track requires it and no candidate binding to one exists.,4,do_not_acquire_without_a_named_current_use,RC-G-GENERATION-NOT-ALLOWED RC-G-NO-INDEPENDENT-TECHNICAL-APPROVAL RC-G-PRODUCTION-HOLD RC-S-CURRENTNESS-UNVERIFIED RC-T-NO-DERIVABLE-WRITE-BOX RC-V-NO-SHEET-PRODUCED,RC-G-GENERATION-NOT-ALLOWED RC-G-NO-INDEPENDENT-TECHNICAL-APPROVAL RC-G-PRODUCTION-HOLD RC-S-CURRENTNESS-UNVERIFIED RC-V-NO-SHEET-PRODUCED,RC-T-NO-DERIVABLE-WRITE-BOX,false,false,false,0,"Nothing is blocked. No active launch track's packet set requires this asset, so it is inventory rather than pending work.","Decide retain, archive or retire for VT 200-00131 and record the decision. It blocks nothing in the meantime.",HELD
VT,200-00131.pdf,200-00131.pdf,false,B,official_source_acquisition_required,expected_but_absent,,no_track_binding_established,,,,no render strategy recorded,false,,false,false,true,true,false,,,,,5afb8d524b52a6e9faaa2a797c9d2230dc11a492d1f5544bd9cf9f05a9d3379a,false,,not recorded,true,dirty_acroform,,false,no rendered artifact to judge,,held_on_source_or_design missing_binary never_independently_approved xfa_javascript_or_active_content_residue,low,none,Roger (official source acquisition),never_independently_reviewed,official_source_required,"The verified source binary is unavailable, so nothing downstream can be attempted.",4,do_not_acquire_without_a_named_current_use,RC-G-GENERATION-NOT-ALLOWED RC-G-NO-INDEPENDENT-TECHNICAL-APPROVAL RC-G-PRODUCTION-HOLD RC-S-BUNDLE-ABSENT RC-T-DIRTY-ACROFORM-SOURCE,RC-G-GENERATION-NOT-ALLOWED RC-G-NO-INDEPENDENT-TECHNICAL-APPROVAL RC-G-PRODUCTION-HOLD RC-S-BUNDLE-ABSENT,RC-T-DIRTY-ACROFORM-SOURCE,false,false,false,0,"The verified binary for VT 200-00131.pdf is not in the clone, and no track binding exists for it: this asset is keyed by filename while the pinned legal-design registry keys packet components by form number, so nothing joins the two and the affected route cannot be stated. No candidate form-number match was found either.","Retrieve the current official VT 200-00131.pdf binary from its issuing body, record its URL, retrieval timestamp, publisher, edition date, byte length and SHA-256, and place it at the path its source record pins. Nothing downstream can proceed without those bytes. Separately, establish which packet component, if any, depends on this asset: no track binding exists and no candidate form-number match was found, so this row cannot currently name the route it affects.",HELD
VT,200-00132,Stipulation to Seal Criminal History Record and Order,false,B,official_source_acquisition_required,active_track,vt_seal_18_to_21 vt_seal_dui vt_seal_felony vt_seal_misdemeanor vt_seal_nonconviction vt_seal_pardon,bound_to_tracks_by_the_committed_relationships,,,guidance_only exact_supported_deferral,acroform_fill,false,exact_supported_deferral,false,false,true,true,false,https://www.vtcourts.gov/media/10142,www.vtcourts.gov,2026-08-02,REV-2025-07,088116244572ec7ccf00db799e1f6561928715e45c178f20b06de48d8d7a81c2,false,,candidate_current_source,false,acroform,33,false,unprovable: object streams hide objects from the residue scan,false,clipped_overlapping_or_misplaced contact_sheet_shows_no_fill currentness_unverified held_on_source_or_design never_independently_approved rendered_artifact_not_byte_inspectable stale_contact_sheet_manifest_or_review_evidence unfinalized_rendered_artifact,high,contained_by_terminal_treatment,Roger (official source acquisition),never_independently_reviewed,certification_unproven,Artifacts exist but cannot be certified: their active-content cleanliness or finalization cannot be established from the committed bytes.,2,,RC-G-GENERATION-NOT-ALLOWED RC-G-NO-INDEPENDENT-TECHNICAL-APPROVAL RC-G-PRODUCTION-HOLD RC-S-CURRENTNESS-UNVERIFIED RC-T-FACTORY-PROVENANCE RC-T-OBJECT-STREAMS RC-T-UNFLATTENED-FIELDS RC-T-VALUES-IN-APPEARANCES RC-V-CLIPPING RC-V-SHEET-FROM-UNFINALIZED-SOURCE RC-V-SHEET-NO-VISIBILITY-PROOF RC-V-SHEET-PANELS-IDENTICAL,RC-G-GENERATION-NOT-ALLOWED RC-G-NO-INDEPENDENT-TECHNICAL-APPROVAL RC-G-PRODUCTION-HOLD RC-S-CURRENTNESS-UNVERIFIED RC-T-FACTORY-PROVENANCE RC-T-OBJECT-STREAMS RC-T-UNFLATTENED-FIELDS RC-T-VALUES-IN-APPEARANCES RC-V-SHEET-FROM-UNFINALIZED-SOURCE RC-V-SHEET-NO-VISIBILITY-PROOF RC-V-SHEET-PANELS-IDENTICAL,RC-V-CLIPPING,false,true,false,0,"Correcting this asset requires re-rendering it through the current official-form factory, and the verified source binary (SHA-256 088116244572ec7ccf00db799e1f6561928715e45c178f20b06de48d8d7a81c2) is not present in this clone. The factory renders from the binary; there is nothing to render from.","Retrieve the current official VT 200-00132 binary from its issuing body, record its URL, retrieval timestamp, publisher, edition date, byte length and SHA-256, and place it at the path its source record pins. Nothing downstream can proceed without those bytes.",HELD
VT,200-00132 – Stipulation to Seal Criminal History Record + Order.pdf,200-00132 – Stipulation to Seal Criminal History Record + Order.pdf,false,B,official_source_acquisition_required,expected_but_absent,,no_track_binding_established,,,,no render strategy recorded,false,,false,false,true,true,false,,,,,088116244572ec7ccf00db799e1f6561928715e45c178f20b06de48d8d7a81c2,false,,not recorded,true,dirty_acroform,,false,no rendered artifact to judge,,held_on_source_or_design missing_binary never_independently_approved xfa_javascript_or_active_content_residue,low,none,Roger (official source acquisition),never_independently_reviewed,official_source_required,"The verified source binary is unavailable, so nothing downstream can be attempted.",4,do_not_acquire_without_a_named_current_use,RC-G-GENERATION-NOT-ALLOWED RC-G-NO-INDEPENDENT-TECHNICAL-APPROVAL RC-G-PRODUCTION-HOLD RC-S-BUNDLE-ABSENT RC-T-DIRTY-ACROFORM-SOURCE,RC-G-GENERATION-NOT-ALLOWED RC-G-NO-INDEPENDENT-TECHNICAL-APPROVAL RC-G-PRODUCTION-HOLD RC-S-BUNDLE-ABSENT,RC-T-DIRTY-ACROFORM-SOURCE,false,false,false,0,"The verified binary for VT 200-00132 – Stipulation to Seal Criminal History Record + Order.pdf is not in the clone, and no track binding exists for it: this asset is keyed by filename while the pinned legal-design registry keys packet components by form number, so nothing joins the two and the affected route cannot be stated. No candidate form-number match was found either.","Retrieve the current official VT 200-00132 – Stipulation to Seal Criminal History Record + Order.pdf binary from its issuing body, record its URL, retrieval timestamp, publisher, edition date, byte length and SHA-256, and place it at the path its source record pins. Nothing downstream can proceed without those bytes. Separately, establish which packet component, if any, depends on this asset: no track binding exists and no candidate form-number match was found, so this row cannot currently name the route it affects.",HELD
VT,200-00132A,Stipulation to Expunge Criminal History Record and Order,false,B,official_source_acquisition_required,active_track,vt_exp_decriminalized,bound_to_tracks_by_the_committed_relationships,,,guidance_only,acroform_fill,false,,false,false,true,true,false,https://www.vtcourts.gov/media/10142,www.vtcourts.gov,2026-08-02,REV-2025-07,9f530430fba20599eb5d838c3e0aa505647124fbe976e74d0a6a349e3ea41dec,false,,candidate_current_source,false,acroform,33,false,unprovable: object streams hide objects from the residue scan,false,clipped_overlapping_or_misplaced contact_sheet_shows_no_fill currentness_unverified held_on_source_or_design never_independently_approved rendered_artifact_not_byte_inspectable stale_contact_sheet_manifest_or_review_evidence unfinalized_rendered_artifact,high,contained_by_terminal_treatment,Roger (official source acquisition),never_independently_reviewed,certification_unproven,Artifacts exist but cannot be certified: their active-content cleanliness or finalization cannot be established from the committed bytes.,2,,RC-G-GENERATION-NOT-ALLOWED RC-G-NO-INDEPENDENT-TECHNICAL-APPROVAL RC-G-PRODUCTION-HOLD RC-S-CURRENTNESS-UNVERIFIED RC-T-FACTORY-PROVENANCE RC-T-OBJECT-STREAMS RC-T-UNFLATTENED-FIELDS RC-T-VALUES-IN-APPEARANCES RC-V-CLIPPING RC-V-SHEET-FROM-UNFINALIZED-SOURCE RC-V-SHEET-NO-VISIBILITY-PROOF RC-V-SHEET-PANELS-IDENTICAL,RC-G-GENERATION-NOT-ALLOWED RC-G-NO-INDEPENDENT-TECHNICAL-APPROVAL RC-G-PRODUCTION-HOLD RC-S-CURRENTNESS-UNVERIFIED RC-T-FACTORY-PROVENANCE RC-T-OBJECT-STREAMS RC-T-UNFLATTENED-FIELDS RC-T-VALUES-IN-APPEARANCES RC-V-SHEET-FROM-UNFINALIZED-SOURCE RC-V-SHEET-NO-VISIBILITY-PROOF RC-V-SHEET-PANELS-IDENTICAL,RC-V-CLIPPING,false,true,false,0,"Correcting this asset requires re-rendering it through the current official-form factory, and the verified source binary (SHA-256 9f530430fba20599eb5d838c3e0aa505647124fbe976e74d0a6a349e3ea41dec) is not present in this clone. The factory renders from the binary; there is nothing to render from.","Retrieve the current official VT 200-00132A binary from its issuing body, record its URL, retrieval timestamp, publisher, edition date, byte length and SHA-256, and place it at the path its source record pins. Nothing downstream can proceed without those bytes.",HELD
VT,200-00132A – Stipulation to Expunge Criminal History Record + Order.pdf,200-00132A – Stipulation to Expunge Criminal History Record + Order.pdf,false,B,official_source_acquisition_required,expected_but_absent,,no_track_binding_established,,,,no render strategy recorded,false,,false,false,true,true,false,,,,,9f530430fba20599eb5d838c3e0aa505647124fbe976e74d0a6a349e3ea41dec,false,,not recorded,true,dirty_acroform,,false,no rendered artifact to judge,,held_on_source_or_design missing_binary never_independently_approved xfa_javascript_or_active_content_residue,low,none,Roger (official source acquisition),never_independently_reviewed,official_source_required,"The verified source binary is unavailable, so nothing downstream can be attempted.",4,do_not_acquire_without_a_named_current_use,RC-G-GENERATION-NOT-ALLOWED RC-G-NO-INDEPENDENT-TECHNICAL-APPROVAL RC-G-PRODUCTION-HOLD RC-S-BUNDLE-ABSENT RC-T-DIRTY-ACROFORM-SOURCE,RC-G-GENERATION-NOT-ALLOWED RC-G-NO-INDEPENDENT-TECHNICAL-APPROVAL RC-G-PRODUCTION-HOLD RC-S-BUNDLE-ABSENT,RC-T-DIRTY-ACROFORM-SOURCE,false,false,false,0,"The verified binary for VT 200-00132A – Stipulation to Expunge Criminal History Record + Order.pdf is not in the clone, and no track binding exists for it: this asset is keyed by filename while the pinned legal-design registry keys packet components by form number, so nothing joins the two and the affected route cannot be stated. No candidate form-number match was found either.","Retrieve the current official VT 200-00132A – Stipulation to Expunge Criminal History Record + Order.pdf binary from its issuing body, record its URL, retrieval timestamp, publisher, edition date, byte length and SHA-256, and place it at the path its source record pins. Nothing downstream can proceed without those bytes. Separately, establish which packet component, if any, depends on this asset: no track binding exists and no candidate form-number match was found, so this row cannot currently name the route it affects.",HELD
VT,200-00331,Request for Criminal Record Search,false,E,orphaned_or_optional_asset,orphaned_or_optional,,no_track_binding_established,,,,acroform_fill,false,,false,false,true,true,false,https://www.vtcourts.gov/media/89,www.vtcourts.gov,2026-08-02,REV-2026-05,6001c4bd36be3e6b4f84b6352ebc94178f3535e39a9109665a2ac35aa2095212,false,,candidate_current_source,false,acroform,30,false,no rendered artifact to judge,,currentness_unverified held_on_source_or_design missing_required_packet_component multi_widget_ambiguity never_independently_approved stale_contact_sheet_manifest_or_review_evidence,low,none,RCAP inventory owner,never_independently_reviewed,reference_only,"An instruction, guidance or supporting-process document, not a filed component.",4,do_not_acquire_without_a_named_current_use,RC-G-GENERATION-NOT-ALLOWED RC-G-NO-INDEPENDENT-TECHNICAL-APPROVAL RC-G-PRODUCTION-HOLD RC-S-CURRENTNESS-UNVERIFIED RC-T-ALL-FIELDS-UNWRITABLE RC-T-NO-DERIVABLE-WRITE-BOX RC-V-NO-SHEET-PRODUCED,RC-G-GENERATION-NOT-ALLOWED RC-G-NO-INDEPENDENT-TECHNICAL-APPROVAL RC-G-PRODUCTION-HOLD RC-S-CURRENTNESS-UNVERIFIED RC-V-NO-SHEET-PRODUCED,RC-T-ALL-FIELDS-UNWRITABLE RC-T-NO-DERIVABLE-WRITE-BOX,false,false,false,0,"Nothing is blocked. No active launch track's packet set requires this asset, so it is inventory rather than pending work.","Decide retain, archive or retire for VT 200-00331 and record the decision. It blocks nothing in the meantime.",HELD
VT,200-00631,Request for Sealing Order in Special Index,false,E,orphaned_or_optional_asset,orphaned_or_optional,,no_track_binding_established,,,,acroform_fill,false,,false,false,true,true,false,https://www.vtcourts.gov/media/11473,www.vtcourts.gov,2026-08-02,REV-2019-09,a4afde13b306a87f65fb40f43eb00a8e57a15d4e8b80255d11decfca0b96e6d3,false,,candidate_current_source,false,acroform,10,false,no rendered artifact to judge,,currentness_unverified held_on_source_or_design missing_required_packet_component multi_widget_ambiguity never_independently_approved stale_contact_sheet_manifest_or_review_evidence,low,none,RCAP inventory owner,never_independently_reviewed,orphaned,No active track requires it and no candidate binding to one exists.,4,do_not_acquire_without_a_named_current_use,RC-G-GENERATION-NOT-ALLOWED RC-G-NO-INDEPENDENT-TECHNICAL-APPROVAL RC-G-PRODUCTION-HOLD RC-S-CURRENTNESS-UNVERIFIED RC-T-ALL-FIELDS-UNWRITABLE RC-T-NO-DERIVABLE-WRITE-BOX RC-V-NO-SHEET-PRODUCED,RC-G-GENERATION-NOT-ALLOWED RC-G-NO-INDEPENDENT-TECHNICAL-APPROVAL RC-G-PRODUCTION-HOLD RC-S-CURRENTNESS-UNVERIFIED RC-V-NO-SHEET-PRODUCED,RC-T-ALL-FIELDS-UNWRITABLE RC-T-NO-DERIVABLE-WRITE-BOX,false,false,false,0,"Nothing is blocked. No active launch track's packet set requires this asset, so it is inventory rather than pending work.","Decide retain, archive or retire for VT 200-00631 and record the decision. It blocks nothing in the meantime.",HELD
VT,200-00631.pdf,200-00631.pdf,false,B,official_source_acquisition_required,expected_but_absent,,no_track_binding_established,,,,no render strategy recorded,false,,false,false,true,true,false,,,,,a4afde13b306a87f65fb40f43eb00a8e57a15d4e8b80255d11decfca0b96e6d3,false,,not recorded,true,dirty_acroform,,false,no rendered artifact to judge,,held_on_source_or_design missing_binary never_independently_approved xfa_javascript_or_active_content_residue,low,none,Roger (official source acquisition),never_independently_reviewed,official_source_required,"The verified source binary is unavailable, so nothing downstream can be attempted.",4,do_not_acquire_without_a_named_current_use,RC-G-GENERATION-NOT-ALLOWED RC-G-NO-INDEPENDENT-TECHNICAL-APPROVAL RC-G-PRODUCTION-HOLD RC-S-BUNDLE-ABSENT RC-T-DIRTY-ACROFORM-SOURCE,RC-G-GENERATION-NOT-ALLOWED RC-G-NO-INDEPENDENT-TECHNICAL-APPROVAL RC-G-PRODUCTION-HOLD RC-S-BUNDLE-ABSENT,RC-T-DIRTY-ACROFORM-SOURCE,false,false,false,0,"The verified binary for VT 200-00631.pdf is not in the clone, and no track binding exists for it: this asset is keyed by filename while the pinned legal-design registry keys packet components by form number, so nothing joins the two and the affected route cannot be stated. No candidate form-number match was found either.","Retrieve the current official VT 200-00631.pdf binary from its issuing body, record its URL, retrieval timestamp, publisher, edition date, byte length and SHA-256, and place it at the path its source record pins. Nothing downstream can proceed without those bytes. Separately, establish which packet component, if any, depends on this asset: no track binding exists and no candidate form-number match was found, so this row cannot currently name the route it affects.",HELD
VT,400-00171.pdf,400-00171.pdf,false,B,official_source_acquisition_required,expected_but_absent,,no_track_binding_established,,,,no render strategy recorded,false,,false,false,true,true,false,,,,,b57dc05d9bccb54468aa5928745a46464c72e7470bf1b93cf3fcad2e7ef53a1a,false,,not recorded,true,dirty_acroform,,false,no rendered artifact to judge,,held_on_source_or_design missing_binary never_independently_approved xfa_javascript_or_active_content_residue,low,none,Roger (official source acquisition),never_independently_reviewed,official_source_required,"The verified source binary is unavailable, so nothing downstream can be attempted.",4,do_not_acquire_without_a_named_current_use,RC-G-GENERATION-NOT-ALLOWED RC-G-NO-INDEPENDENT-TECHNICAL-APPROVAL RC-G-PRODUCTION-HOLD RC-S-BUNDLE-ABSENT RC-T-DIRTY-ACROFORM-SOURCE,RC-G-GENERATION-NOT-ALLOWED RC-G-NO-INDEPENDENT-TECHNICAL-APPROVAL RC-G-PRODUCTION-HOLD RC-S-BUNDLE-ABSENT,RC-T-DIRTY-ACROFORM-SOURCE,false,false,false,0,"The verified binary for VT 400-00171.pdf is not in the clone, and no track binding exists for it: this asset is keyed by filename while the pinned legal-design registry keys packet components by form number, so nothing joins the two and the affected route cannot be stated. No candidate form-number match was found either.","Retrieve the current official VT 400-00171.pdf binary from its issuing body, record its URL, retrieval timestamp, publisher, edition date, byte length and SHA-256, and place it at the path its source record pins. Nothing downstream can proceed without those bytes. Separately, establish which packet component, if any, depends on this asset: no track binding exists and no candidate form-number match was found, so this row cannot currently name the route it affects.",HELD
VT,600-00228,Application to Waive Filing Fees and Service Costs,false,B,official_source_acquisition_required,active_track,vt_exp_decriminalized vt_seal_18_to_21 vt_seal_dui vt_seal_felony vt_seal_misdemeanor vt_seal_nonconviction vt_seal_pardon,bound_to_tracks_by_the_committed_relationships,,,guidance_only exact_supported_deferral,acroform_fill,false,exact_supported_deferral,false,false,true,true,false,https://www.vtcourts.gov/media/47 | https://www.vtcourts.gov/self-help/application-waive-filing-fees-and-service-costs | https://www.vtcourts.gov/criminal/expungement,www.vtcourts.gov,2026-08-02,REV-2026-04,263d4e196cbca1bfba14ec730368fcc897dd2bb667d6a43ade7f612d42541654,false,,candidate_current_source,false,acroform,80,false,unprovable: object streams hide objects from the residue scan,true,clipped_overlapping_or_misplaced currentness_unverified held_on_source_or_design never_independently_approved rendered_artifact_not_byte_inspectable stale_contact_sheet_manifest_or_review_evidence unfinalized_rendered_artifact,high,contained_by_terminal_treatment,Roger (official source acquisition),never_independently_reviewed,certification_unproven,Artifacts exist but cannot be certified: their active-content cleanliness or finalization cannot be established from the committed bytes.,2,,RC-G-GENERATION-NOT-ALLOWED RC-G-NO-INDEPENDENT-TECHNICAL-APPROVAL RC-G-PRODUCTION-HOLD RC-S-CURRENTNESS-UNVERIFIED RC-T-FACTORY-PROVENANCE RC-T-OBJECT-STREAMS RC-T-UNFLATTENED-FIELDS RC-T-VALUES-IN-APPEARANCES RC-V-CLIPPING RC-V-SHEET-FROM-UNFINALIZED-SOURCE RC-V-SHEET-NO-VISIBILITY-PROOF,RC-G-GENERATION-NOT-ALLOWED RC-G-NO-INDEPENDENT-TECHNICAL-APPROVAL RC-G-PRODUCTION-HOLD RC-S-CURRENTNESS-UNVERIFIED RC-T-FACTORY-PROVENANCE RC-T-OBJECT-STREAMS RC-T-UNFLATTENED-FIELDS RC-T-VALUES-IN-APPEARANCES RC-V-SHEET-FROM-UNFINALIZED-SOURCE RC-V-SHEET-NO-VISIBILITY-PROOF,RC-V-CLIPPING,false,true,false,0,"Correcting this asset requires re-rendering it through the current official-form factory, and the verified source binary (SHA-256 263d4e196cbca1bfba14ec730368fcc897dd2bb667d6a43ade7f612d42541654) is not present in this clone. The factory renders from the binary; there is nothing to render from.","Retrieve the current official VT 600-00228 binary from its issuing body, record its URL, retrieval timestamp, publisher, edition date, byte length and SHA-256, and place it at the path its source record pins. Nothing downstream can proceed without those bytes.",HELD
VT,application-waive-filing-fees-and-service-costs.html,application-waive-filing-fees-and-service-costs.html,false,B,official_source_acquisition_required,expected_but_absent,,no_track_binding_established,,,,no render strategy recorded,false,,false,false,true,true,false,,,,,1b9348d18347d3adb278a209046c3593e595c385b1c2081c6a33142767196b59,false,,not recorded,true,html_form,,false,no rendered artifact to judge,,flat_overlay_geometry_or_readback held_on_source_or_design missing_binary never_independently_approved,low,none,Roger (official source acquisition),never_independently_reviewed,official_source_required,"The verified source binary is unavailable, so nothing downstream can be attempted.",4,do_not_acquire_without_a_named_current_use,RC-G-GENERATION-NOT-ALLOWED RC-G-NO-INDEPENDENT-TECHNICAL-APPROVAL RC-G-PRODUCTION-HOLD RC-S-BUNDLE-ABSENT RC-T-NO-FIELD-CENSUS,RC-G-GENERATION-NOT-ALLOWED RC-G-NO-INDEPENDENT-TECHNICAL-APPROVAL RC-G-PRODUCTION-HOLD RC-S-BUNDLE-ABSENT,RC-T-NO-FIELD-CENSUS,false,false,false,0,"The verified binary for VT application-waive-filing-fees-and-service-costs.html is not in the clone, and no track binding exists for it: this asset is keyed by filename while the pinned legal-design registry keys packet components by form number, so nothing joins the two and the affected route cannot be stated. No candidate form-number match was found either.","Retrieve the current official VT application-waive-filing-fees-and-service-costs.html binary from its issuing body, record its URL, retrieval timestamp, publisher, edition date, byte length and SHA-256, and place it at the path its source record pins. Nothing downstream can proceed without those bytes. Separately, establish which packet component, if any, depends on this asset: no track binding exists and no candidate form-number match was found, so this row cannot currently name the route it affects.",HELD
WI,CR-266,"CR-266, 05/24 Petition to Expunge Criminal Court Record of Conviction (Non-Probation/Non-Incarceration)",false,A,actionable_technical_or_visual_correction,active_track,wi_exp_cr266,bound_to_tracks_by_the_committed_relationships,,,exact_supported_deferral,flat_overlay,false,exact_supported_deferral,false,false,true,true,false,https://www.wicourts.gov/formdisplay/CR-266.pdf?formNumber=CR-266&formType=Form&formatId=2&language=en,www.wicourts.gov,2026-08-02,REV-2024-05,9f94674c0f931b66654d39ecfd074d897880f71523592bf83f2bd0dd34812412,true,data/rcap-codex/remaining-tracks/source-receipts/wi-cr-266.pdf,candidate_current_source,false,flat_pdf,0,false,no rendered artifact to judge,,currentness_unverified flat_overlay_geometry_or_readback held_on_source_or_design multi_widget_ambiguity never_independently_approved stale_contact_sheet_manifest_or_review_evidence,medium,contained_by_terminal_treatment,Terminal A route owner,never_independently_reviewed,independent_review_required,Certifiable artifacts exist and no independent review has approved them.,,,RC-G-GENERATION-NOT-ALLOWED RC-G-NO-INDEPENDENT-TECHNICAL-APPROVAL RC-G-PRODUCTION-HOLD RC-S-CURRENTNESS-UNVERIFIED RC-T-FLAT-GEOMETRY RC-T-NO-DERIVABLE-WRITE-BOX RC-V-NO-SHEET-PRODUCED,RC-G-GENERATION-NOT-ALLOWED RC-G-NO-INDEPENDENT-TECHNICAL-APPROVAL RC-G-PRODUCTION-HOLD RC-S-CURRENTNESS-UNVERIFIED RC-V-NO-SHEET-PRODUCED,RC-T-FLAT-GEOMETRY RC-T-NO-DERIVABLE-WRITE-BOX,false,true,false,4,"A placement decision, not a binary: the verified source is present at data/rcap-codex/remaining-tracks/source-receipts/wi-cr-266.pdf, and 4 label(s) on it have no write box the document expresses, so no coordinate is asserted for them. Generation is separately withheld while state_manifest_generation_allowed_no; edition_1_runtime_disabled; f_independent_visual_review_required stands.","Decide where each of the 4 candidate label(s) on WI CR-266 takes its value, and record the approved write box. The document does not express one, so the anchor capture asserts no coordinate and re-running the factory reproduces the same refusal. The rendered form with each label marked at its measured position is at docs/record-clearing/pdf-visual-evidence/WI-cr-266-form-en-placement-page-01.png. Once a placement is approved, re-render from data/rcap-codex/remaining-tracks/source-receipts/wi-cr-266.pdf and re-run the finalized-artifact audit and contact-sheet visual proof. Do not lift the recorded production holds to do it.",HELD
WI,CR-267,"CR-267, 02/15 Order on Petition to Expunge Court Record of Conviction (Non-Probation/Non-Incarceration)",false,B,official_source_acquisition_required,active_track,wi_exp_cr266,bound_to_tracks_by_the_committed_relationships,,,exact_supported_deferral,flat_overlay,false,exact_supported_deferral,false,false,true,true,false,https://www.wicourts.gov/formdisplay/CR-267.pdf?formNumber=CR-267&formType=Form&formatId=2&language=en,www.wicourts.gov,2026-08-02,REV-2024-05,2c0ac53b03658dc9ae93ba90f527ba162d487f181fd4525d5856b483f17930bb,false,,candidate_current_source,false,flat_pdf,0,false,no rendered artifact to judge,,currentness_unverified flat_overlay_geometry_or_readback held_on_source_or_design multi_widget_ambiguity never_independently_approved stale_contact_sheet_manifest_or_review_evidence,medium,contained_by_terminal_treatment,Roger (official source acquisition),never_independently_reviewed,official_source_required,"The verified source binary is unavailable, so nothing downstream can be attempted.",2,,RC-G-GENERATION-NOT-ALLOWED RC-G-NO-INDEPENDENT-TECHNICAL-APPROVAL RC-G-PRODUCTION-HOLD RC-S-CURRENTNESS-UNVERIFIED RC-T-FLAT-GEOMETRY RC-T-NO-DERIVABLE-WRITE-BOX RC-V-NO-SHEET-PRODUCED,RC-G-GENERATION-NOT-ALLOWED RC-G-NO-INDEPENDENT-TECHNICAL-APPROVAL RC-G-PRODUCTION-HOLD RC-S-CURRENTNESS-UNVERIFIED RC-V-NO-SHEET-PRODUCED,RC-T-FLAT-GEOMETRY RC-T-NO-DERIVABLE-WRITE-BOX,false,true,false,1,"Correcting this asset requires re-rendering it through the current official-form factory, and the verified source binary (SHA-256 2c0ac53b03658dc9ae93ba90f527ba162d487f181fd4525d5856b483f17930bb) is not present in this clone. The factory renders from the binary; there is nothing to render from.","Retrieve the current official WI CR-267 binary from its issuing body, record its URL, retrieval timestamp, publisher, edition date, byte length and SHA-256, and place it at the path its source record pins. Nothing downstream can proceed without those bytes.",HELD
WI,DJ-LE-247,Wisconsin Criminal History Record Challenge Form,false,B,official_source_acquisition_required,active_track,wi_nc_doj_challenge,bound_to_tracks_by_the_committed_relationships,,,exact_supported_deferral,flat_overlay,false,exact_supported_deferral,false,false,true,true,false,https://www.wisdoj.gov/Law%20Enforcement%20Services/Updated_DJ_LE_247_14-feb-17_0.pdf,www.wisdoj.gov,2026-08-02,REV-UNKNOWN,ada016d389ef1f0b343432b187aec8c8c93bd7711c85d4ccce847f75572ae6f7,false,,revision_confirmation_required,false,flat_pdf,0,false,no rendered artifact to judge,,flat_overlay_geometry_or_readback held_on_source_or_design multi_widget_ambiguity never_independently_approved stale_contact_sheet_manifest_or_review_evidence stale_or_superseded,medium,contained_by_terminal_treatment,Roger (official source acquisition),never_independently_reviewed,official_source_required,"The verified source binary is unavailable, so nothing downstream can be attempted.",3,,RC-G-GENERATION-NOT-ALLOWED RC-G-NO-INDEPENDENT-TECHNICAL-APPROVAL RC-G-PRODUCTION-HOLD RC-S-STALE-OR-SUPERSEDED RC-T-FLAT-GEOMETRY RC-T-NO-DERIVABLE-WRITE-BOX RC-V-NO-SHEET-PRODUCED,RC-G-GENERATION-NOT-ALLOWED RC-G-NO-INDEPENDENT-TECHNICAL-APPROVAL RC-G-PRODUCTION-HOLD RC-V-NO-SHEET-PRODUCED,RC-S-STALE-OR-SUPERSEDED RC-T-FLAT-GEOMETRY RC-T-NO-DERIVABLE-WRITE-BOX,false,true,false,0,"Correcting this asset requires re-rendering it through the current official-form factory, and the verified source binary (SHA-256 ada016d389ef1f0b343432b187aec8c8c93bd7711c85d4ccce847f75572ae6f7) is not present in this clone. The factory renders from the binary; there is nothing to render from.","Retrieve the current official WI DJ-LE-247 binary from its issuing body, record its URL, retrieval timestamp, publisher, edition date, byte length and SHA-256, and place it at the path its source record pins. Nothing downstream can proceed without those bytes.",HELD
WI,DJ-LE-250B,Fingerprint Record Removal Request,false,B,official_source_acquisition_required,active_track,wi_nc_doj_fingerprint_removal,bound_to_tracks_by_the_committed_relationships,,,guidance_only,flat_overlay,false,,false,false,true,true,false,https://www.wisdoj.gov/Law%20Enforcement%20Services/DJ_LE-250B_Draft_02232017_Fingerprint_Removal_Request.pdf,www.wisdoj.gov,2026-08-02,REV-UNKNOWN,3c5d4806ff1061246ec06c93716cfa80ec3d61b9e21c5c79639114ab1e5454b6,false,,revision_confirmation_required,false,flat_pdf,0,false,no rendered artifact to judge,,flat_overlay_geometry_or_readback held_on_source_or_design multi_widget_ambiguity never_independently_approved stale_contact_sheet_manifest_or_review_evidence stale_or_superseded,medium,contained_by_terminal_treatment,Roger (official source acquisition),never_independently_reviewed,official_source_required,"The verified source binary is unavailable, so nothing downstream can be attempted.",3,,RC-G-GENERATION-NOT-ALLOWED RC-G-NO-INDEPENDENT-TECHNICAL-APPROVAL RC-G-PRODUCTION-HOLD RC-S-STALE-OR-SUPERSEDED RC-T-FLAT-GEOMETRY RC-T-NO-DERIVABLE-WRITE-BOX RC-V-NO-SHEET-PRODUCED,RC-G-GENERATION-NOT-ALLOWED RC-G-NO-INDEPENDENT-TECHNICAL-APPROVAL RC-G-PRODUCTION-HOLD RC-V-NO-SHEET-PRODUCED,RC-S-STALE-OR-SUPERSEDED RC-T-FLAT-GEOMETRY RC-T-NO-DERIVABLE-WRITE-BOX,false,true,false,0,"Correcting this asset requires re-rendering it through the current official-form factory, and the verified source binary (SHA-256 3c5d4806ff1061246ec06c93716cfa80ec3d61b9e21c5c79639114ab1e5454b6) is not present in this clone. The factory renders from the binary; there is nothing to render from.","Retrieve the current official WI DJ-LE-250B binary from its issuing body, record its URL, retrieval timestamp, publisher, edition date, byte length and SHA-256, and place it at the path its source record pins. Nothing downstream can proceed without those bytes.",HELD
