vt_exp_decriminalized-set	Set up job	﻿2026-09-11T00:55:59.0126132Z Current runner version: '2.337.0'
vt_exp_decriminalized-set	Set up job	2026-09-11T00:55:59.0152067Z ##[group]Runner Image Provisioner
vt_exp_decriminalized-set	Set up job	2026-09-11T00:55:59.0153067Z Hosted Compute Agent
vt_exp_decriminalized-set	Set up job	2026-09-11T00:55:59.0153674Z Version: 20260828.587
vt_exp_decriminalized-set	Set up job	2026-09-11T00:55:59.0154348Z Commit: abac92662cab4cc7352de4f9f9d2e2419aad9c29
vt_exp_decriminalized-set	Set up job	2026-09-11T00:55:59.0155183Z Build Date: 2026-08-28T16:44:25Z
vt_exp_decriminalized-set	Set up job	2026-09-11T00:55:59.0155927Z Worker ID: {f26095cc-462f-45be-bd4e-30894b25b7e6}
vt_exp_decriminalized-set	Set up job	2026-09-11T00:55:59.0156711Z Azure Region: westcentralus
vt_exp_decriminalized-set	Set up job	2026-09-11T00:55:59.0157335Z ##[endgroup]
vt_exp_decriminalized-set	Set up job	2026-09-11T00:55:59.0159222Z ##[group]Operating System
vt_exp_decriminalized-set	Set up job	2026-09-11T00:55:59.0159995Z Ubuntu
vt_exp_decriminalized-set	Set up job	2026-09-11T00:55:59.0160536Z 24.04.5
vt_exp_decriminalized-set	Set up job	2026-09-11T00:55:59.0161085Z LTS
vt_exp_decriminalized-set	Set up job	2026-09-11T00:55:59.0161624Z ##[endgroup]
vt_exp_decriminalized-set	Set up job	2026-09-11T00:55:59.0162216Z ##[group]Runner Image
vt_exp_decriminalized-set	Set up job	2026-09-11T00:55:59.0163265Z Image: ubuntu-24.04
vt_exp_decriminalized-set	Set up job	2026-09-11T00:55:59.0163852Z Version: 20260907.300.1
vt_exp_decriminalized-set	Set up job	2026-09-11T00:55:59.0164964Z Included Software: https://github.com/actions/runner-images/blob/ubuntu24/20260907.300/images/ubuntu/Ubuntu2404-Readme.md
vt_exp_decriminalized-set	Set up job	2026-09-11T00:55:59.0166763Z Image Release: https://github.com/actions/runner-images/releases/tag/ubuntu24%2F20260907.300
vt_exp_decriminalized-set	Set up job	2026-09-11T00:55:59.0167832Z ##[endgroup]
vt_exp_decriminalized-set	Set up job	2026-09-11T00:55:59.0169146Z ##[group]GITHUB_TOKEN Permissions
vt_exp_decriminalized-set	Set up job	2026-09-11T00:55:59.0171334Z Contents: read
vt_exp_decriminalized-set	Set up job	2026-09-11T00:55:59.0172002Z Metadata: read
vt_exp_decriminalized-set	Set up job	2026-09-11T00:55:59.0172658Z ##[endgroup]
vt_exp_decriminalized-set	Set up job	2026-09-11T00:55:59.0174821Z Secret source: Actions
vt_exp_decriminalized-set	Set up job	2026-09-11T00:55:59.0175951Z Cache mode: write
vt_exp_decriminalized-set	Set up job	2026-09-11T00:55:59.0176750Z Prepare workflow directory
vt_exp_decriminalized-set	Set up job	2026-09-11T00:55:59.0657802Z Prepare all required actions
vt_exp_decriminalized-set	Set up job	2026-09-11T00:55:59.0724375Z Getting action download info
vt_exp_decriminalized-set	Set up job	2026-09-11T00:55:59.4122777Z Download action repository 'actions/checkout@v4' (SHA:11d5960a326750d5838078e36cf38b85af677262)
vt_exp_decriminalized-set	Set up job	2026-09-11T00:55:59.5299154Z Download action repository 'actions/setup-node@v4' (SHA:49933ea5288caeca8642d1e84afbd3f7d6820020)
vt_exp_decriminalized-set	Set up job	2026-09-11T00:55:59.6281561Z Download action repository 'actions/setup-python@v5' (SHA:a26af69be951a213d495a4c3e4e4022e16d87065)
vt_exp_decriminalized-set	Set up job	2026-09-11T00:55:59.7172946Z Download action repository 'actions/upload-artifact@v4' (SHA:ea165f8d65b6e75b540449e92b4886f43607fa02)
vt_exp_decriminalized-set	Set up job	2026-09-11T00:55:59.9765588Z Complete job name: vt_exp_decriminalized-set
vt_exp_decriminalized-set	Run actions/checkout@v4	﻿2026-09-11T00:56:00.0643376Z Node 20 is being deprecated. This workflow is running with Node 24 by default. If you need to temporarily use Node 20, you can set the ACTIONS_ALLOW_USE_UNSECURE_NODE_VERSION=true environment variable. For more information see: https://github.blog/changelog/2025-09-19-deprecation-of-node-20-on-github-actions-runners/
vt_exp_decriminalized-set	Run actions/checkout@v4	2026-09-11T00:56:00.0653523Z ##[group]Run actions/checkout@v4
vt_exp_decriminalized-set	Run actions/checkout@v4	2026-09-11T00:56:00.0654930Z with:
vt_exp_decriminalized-set	Run actions/checkout@v4	2026-09-11T00:56:00.0655722Z   ref: 0a770842ee41cf776ab4972151559374a3964846
vt_exp_decriminalized-set	Run actions/checkout@v4	2026-09-11T00:56:00.0656915Z   repository: Roger-LegalEase/legalease-partner-dashboard-clean
vt_exp_decriminalized-set	Run actions/checkout@v4	2026-09-11T00:56:00.0662672Z   token: ***
vt_exp_decriminalized-set	Run actions/checkout@v4	2026-09-11T00:56:00.0663411Z   ssh-strict: true
vt_exp_decriminalized-set	Run actions/checkout@v4	2026-09-11T00:56:00.0664144Z   ssh-user: git
vt_exp_decriminalized-set	Run actions/checkout@v4	2026-09-11T00:56:00.0664899Z   persist-credentials: true
vt_exp_decriminalized-set	Run actions/checkout@v4	2026-09-11T00:56:00.0665740Z   clean: true
vt_exp_decriminalized-set	Run actions/checkout@v4	2026-09-11T00:56:00.0666486Z   sparse-checkout-cone-mode: true
vt_exp_decriminalized-set	Run actions/checkout@v4	2026-09-11T00:56:00.0667346Z   fetch-depth: 1
vt_exp_decriminalized-set	Run actions/checkout@v4	2026-09-11T00:56:00.0668069Z   fetch-tags: false
vt_exp_decriminalized-set	Run actions/checkout@v4	2026-09-11T00:56:00.0668938Z   show-progress: true
vt_exp_decriminalized-set	Run actions/checkout@v4	2026-09-11T00:56:00.0669780Z   lfs: false
vt_exp_decriminalized-set	Run actions/checkout@v4	2026-09-11T00:56:00.0670496Z   submodules: false
vt_exp_decriminalized-set	Run actions/checkout@v4	2026-09-11T00:56:00.0671255Z   set-safe-directory: true
vt_exp_decriminalized-set	Run actions/checkout@v4	2026-09-11T00:56:00.0672091Z   allow-unsafe-pr-checkout: false
vt_exp_decriminalized-set	Run actions/checkout@v4	2026-09-11T00:56:00.0673241Z ##[endgroup]
vt_exp_decriminalized-set	Run actions/checkout@v4	2026-09-11T00:56:00.1731188Z Syncing repository: Roger-LegalEase/legalease-partner-dashboard-clean
vt_exp_decriminalized-set	Run actions/checkout@v4	2026-09-11T00:56:00.1735201Z ##[group]Getting Git version info
vt_exp_decriminalized-set	Run actions/checkout@v4	2026-09-11T00:56:00.1737986Z Working directory is '/home/runner/work/legalease-partner-dashboard-clean/legalease-partner-dashboard-clean'
vt_exp_decriminalized-set	Run actions/checkout@v4	2026-09-11T00:56:00.1741736Z [command]/usr/bin/git version
vt_exp_decriminalized-set	Run actions/checkout@v4	2026-09-11T00:56:00.1816607Z git version 2.55.0
vt_exp_decriminalized-set	Run actions/checkout@v4	2026-09-11T00:56:00.1848319Z ##[endgroup]
vt_exp_decriminalized-set	Run actions/checkout@v4	2026-09-11T00:56:00.1855769Z Temporarily overriding HOME='/home/runner/work/_temp/ca3179db-1336-4513-ba90-e67f6c285217' before making global git config changes
vt_exp_decriminalized-set	Run actions/checkout@v4	2026-09-11T00:56:00.1868000Z Adding repository directory to the temporary git global config as a safe directory
vt_exp_decriminalized-set	Run actions/checkout@v4	2026-09-11T00:56:00.1871967Z [command]/usr/bin/git config --global --add safe.directory /home/runner/work/legalease-partner-dashboard-clean/legalease-partner-dashboard-clean
vt_exp_decriminalized-set	Run actions/checkout@v4	2026-09-11T00:56:00.1925007Z Deleting the contents of '/home/runner/work/legalease-partner-dashboard-clean/legalease-partner-dashboard-clean'
vt_exp_decriminalized-set	Run actions/checkout@v4	2026-09-11T00:56:00.1933431Z ##[group]Initializing the repository
vt_exp_decriminalized-set	Run actions/checkout@v4	2026-09-11T00:56:00.1950615Z [command]/usr/bin/git init /home/runner/work/legalease-partner-dashboard-clean/legalease-partner-dashboard-clean
vt_exp_decriminalized-set	Run actions/checkout@v4	2026-09-11T00:56:00.2070750Z hint: Using 'master' as the name for the initial branch. This default branch name
vt_exp_decriminalized-set	Run actions/checkout@v4	2026-09-11T00:56:00.2073578Z hint: will change to "main" in Git 3.0. To configure the initial branch name
vt_exp_decriminalized-set	Run actions/checkout@v4	2026-09-11T00:56:00.2076485Z hint: to use in all of your new repositories, which will suppress this warning,
vt_exp_decriminalized-set	Run actions/checkout@v4	2026-09-11T00:56:00.2079081Z hint: call:
vt_exp_decriminalized-set	Run actions/checkout@v4	2026-09-11T00:56:00.2080475Z hint:
vt_exp_decriminalized-set	Run actions/checkout@v4	2026-09-11T00:56:00.2081972Z hint: 	git config --global init.defaultBranch <name>
vt_exp_decriminalized-set	Run actions/checkout@v4	2026-09-11T00:56:00.2083747Z hint:
vt_exp_decriminalized-set	Run actions/checkout@v4	2026-09-11T00:56:00.2085470Z hint: Names commonly chosen instead of 'master' are 'main', 'trunk' and
vt_exp_decriminalized-set	Run actions/checkout@v4	2026-09-11T00:56:00.2088277Z hint: 'development'. The just-created branch can be renamed via this command:
vt_exp_decriminalized-set	Run actions/checkout@v4	2026-09-11T00:56:00.2090630Z hint:
vt_exp_decriminalized-set	Run actions/checkout@v4	2026-09-11T00:56:00.2092001Z hint: 	git branch -m <name>
vt_exp_decriminalized-set	Run actions/checkout@v4	2026-09-11T00:56:00.2093445Z hint:
vt_exp_decriminalized-set	Run actions/checkout@v4	2026-09-11T00:56:00.2095801Z hint: Disable this message with "git config set advice.defaultBranchName false"
vt_exp_decriminalized-set	Run actions/checkout@v4	2026-09-11T00:56:00.2100959Z Initialized empty Git repository in /home/runner/work/legalease-partner-dashboard-clean/legalease-partner-dashboard-clean/.git/
vt_exp_decriminalized-set	Run actions/checkout@v4	2026-09-11T00:56:00.2107196Z [command]/usr/bin/git remote add origin https://github.com/Roger-LegalEase/legalease-partner-dashboard-clean
vt_exp_decriminalized-set	Run actions/checkout@v4	2026-09-11T00:56:00.2149700Z ##[endgroup]
vt_exp_decriminalized-set	Run actions/checkout@v4	2026-09-11T00:56:00.2152289Z ##[group]Disabling automatic garbage collection
vt_exp_decriminalized-set	Run actions/checkout@v4	2026-09-11T00:56:00.2154578Z [command]/usr/bin/git config --local gc.auto 0
vt_exp_decriminalized-set	Run actions/checkout@v4	2026-09-11T00:56:00.2192982Z ##[endgroup]
vt_exp_decriminalized-set	Run actions/checkout@v4	2026-09-11T00:56:00.2195230Z ##[group]Setting up auth
vt_exp_decriminalized-set	Run actions/checkout@v4	2026-09-11T00:56:00.2198034Z [command]/usr/bin/git config --local --name-only --get-regexp core\.sshCommand
vt_exp_decriminalized-set	Run actions/checkout@v4	2026-09-11T00:56:00.2243058Z [command]/usr/bin/git submodule foreach --recursive sh -c "git config --local --name-only --get-regexp 'core\.sshCommand' && git config --local --unset-all 'core.sshCommand' || :"
vt_exp_decriminalized-set	Run actions/checkout@v4	2026-09-11T00:56:00.2678112Z [command]/usr/bin/git config --local --name-only --get-regexp http\.https\:\/\/github\.com\/\.extraheader
vt_exp_decriminalized-set	Run actions/checkout@v4	2026-09-11T00:56:00.2718214Z [command]/usr/bin/git submodule foreach --recursive sh -c "git config --local --name-only --get-regexp 'http\.https\:\/\/github\.com\/\.extraheader' && git config --local --unset-all 'http.https://github.com/.extraheader' || :"
vt_exp_decriminalized-set	Run actions/checkout@v4	2026-09-11T00:56:00.2954130Z [command]/usr/bin/git config --local --name-only --get-regexp ^includeIf\.gitdir:
vt_exp_decriminalized-set	Run actions/checkout@v4	2026-09-11T00:56:00.2996903Z [command]/usr/bin/git submodule foreach --recursive git config --local --show-origin --name-only --get-regexp remote.origin.url
vt_exp_decriminalized-set	Run actions/checkout@v4	2026-09-11T00:56:00.3247961Z [command]/usr/bin/git config --local http.https://github.com/.extraheader AUTHORIZATION: basic ***
vt_exp_decriminalized-set	Run actions/checkout@v4	2026-09-11T00:56:00.3291127Z ##[endgroup]
vt_exp_decriminalized-set	Run actions/checkout@v4	2026-09-11T00:56:00.3293769Z ##[group]Fetching the repository
vt_exp_decriminalized-set	Run actions/checkout@v4	2026-09-11T00:56:00.3301145Z [command]/usr/bin/git -c protocol.version=2 fetch --no-tags --prune --no-recurse-submodules --depth=1 origin 0a770842ee41cf776ab4972151559374a3964846
vt_exp_decriminalized-set	Run actions/checkout@v4	2026-09-11T00:56:46.7546993Z From https://github.com/Roger-LegalEase/legalease-partner-dashboard-clean
vt_exp_decriminalized-set	Run actions/checkout@v4	2026-09-11T00:56:46.7548026Z  * branch              0a770842ee41cf776ab4972151559374a3964846 -> FETCH_HEAD
vt_exp_decriminalized-set	Run actions/checkout@v4	2026-09-11T00:56:46.7551781Z ##[endgroup]
vt_exp_decriminalized-set	Run actions/checkout@v4	2026-09-11T00:56:46.7552651Z ##[group]Determining the checkout info
vt_exp_decriminalized-set	Run actions/checkout@v4	2026-09-11T00:56:46.7554629Z ##[endgroup]
vt_exp_decriminalized-set	Run actions/checkout@v4	2026-09-11T00:56:46.7560782Z [command]/usr/bin/git sparse-checkout disable
vt_exp_decriminalized-set	Run actions/checkout@v4	2026-09-11T00:56:46.7618811Z [command]/usr/bin/git config --local --unset-all extensions.worktreeConfig
vt_exp_decriminalized-set	Run actions/checkout@v4	2026-09-11T00:56:46.7649936Z ##[group]Checking out the ref
vt_exp_decriminalized-set	Run actions/checkout@v4	2026-09-11T00:56:46.7653986Z [command]/usr/bin/git checkout --progress --force 0a770842ee41cf776ab4972151559374a3964846
vt_exp_decriminalized-set	Run actions/checkout@v4	2026-09-11T00:56:47.8202444Z Updating files:  15% (3320/21246)
vt_exp_decriminalized-set	Run actions/checkout@v4	2026-09-11T00:56:47.8927459Z Updating files:  16% (3400/21246)
vt_exp_decriminalized-set	Run actions/checkout@v4	2026-09-11T00:56:47.9541570Z Updating files:  17% (3612/21246)
vt_exp_decriminalized-set	Run actions/checkout@v4	2026-09-11T00:56:48.0056658Z Updating files:  18% (3825/21246)
vt_exp_decriminalized-set	Run actions/checkout@v4	2026-09-11T00:56:48.0937529Z Updating files:  19% (4037/21246)
vt_exp_decriminalized-set	Run actions/checkout@v4	2026-09-11T00:56:48.2303237Z Updating files:  20% (4250/21246)
vt_exp_decriminalized-set	Run actions/checkout@v4	2026-09-11T00:56:48.3379802Z Updating files:  21% (4462/21246)
vt_exp_decriminalized-set	Run actions/checkout@v4	2026-09-11T00:56:48.4429434Z Updating files:  22% (4675/21246)
vt_exp_decriminalized-set	Run actions/checkout@v4	2026-09-11T00:56:48.6117591Z Updating files:  23% (4887/21246)
vt_exp_decriminalized-set	Run actions/checkout@v4	2026-09-11T00:56:48.6777460Z Updating files:  24% (5100/21246)
vt_exp_decriminalized-set	Run actions/checkout@v4	2026-09-11T00:56:48.7194424Z Updating files:  25% (5312/21246)
vt_exp_decriminalized-set	Run actions/checkout@v4	2026-09-11T00:56:48.7918048Z Updating files:  26% (5524/21246)
vt_exp_decriminalized-set	Run actions/checkout@v4	2026-09-11T00:56:48.7984993Z Updating files:  27% (5737/21246)
vt_exp_decriminalized-set	Run actions/checkout@v4	2026-09-11T00:56:48.8658000Z Updating files:  27% (5764/21246)
vt_exp_decriminalized-set	Run actions/checkout@v4	2026-09-11T00:56:48.9439321Z Updating files:  28% (5949/21246)
vt_exp_decriminalized-set	Run actions/checkout@v4	2026-09-11T00:56:49.0219463Z Updating files:  29% (6162/21246)
vt_exp_decriminalized-set	Run actions/checkout@v4	2026-09-11T00:56:49.1827400Z Updating files:  30% (6374/21246)
vt_exp_decriminalized-set	Run actions/checkout@v4	2026-09-11T00:56:49.3351683Z Updating files:  31% (6587/21246)
vt_exp_decriminalized-set	Run actions/checkout@v4	2026-09-11T00:56:49.4318157Z Updating files:  32% (6799/21246)
vt_exp_decriminalized-set	Run actions/checkout@v4	2026-09-11T00:56:49.5314859Z Updating files:  33% (7012/21246)
vt_exp_decriminalized-set	Run actions/checkout@v4	2026-09-11T00:56:49.6244254Z Updating files:  34% (7224/21246)
vt_exp_decriminalized-set	Run actions/checkout@v4	2026-09-11T00:56:49.6598364Z Updating files:  35% (7437/21246)
vt_exp_decriminalized-set	Run actions/checkout@v4	2026-09-11T00:56:49.7349847Z Updating files:  36% (7649/21246)
vt_exp_decriminalized-set	Run actions/checkout@v4	2026-09-11T00:56:49.8030009Z Updating files:  37% (7862/21246)
vt_exp_decriminalized-set	Run actions/checkout@v4	2026-09-11T00:56:49.8179870Z Updating files:  37% (8017/21246)
vt_exp_decriminalized-set	Run actions/checkout@v4	2026-09-11T00:56:49.8527568Z Updating files:  38% (8074/21246)
vt_exp_decriminalized-set	Run actions/checkout@v4	2026-09-11T00:56:49.8817389Z Updating files:  39% (8286/21246)
vt_exp_decriminalized-set	Run actions/checkout@v4	2026-09-11T00:56:49.9258047Z Updating files:  40% (8499/21246)
vt_exp_decriminalized-set	Run actions/checkout@v4	2026-09-11T00:56:50.0144171Z Updating files:  41% (8711/21246)
vt_exp_decriminalized-set	Run actions/checkout@v4	2026-09-11T00:56:50.0438236Z Updating files:  42% (8924/21246)
vt_exp_decriminalized-set	Run actions/checkout@v4	2026-09-11T00:56:50.0669834Z Updating files:  43% (9136/21246)
vt_exp_decriminalized-set	Run actions/checkout@v4	2026-09-11T00:56:50.1019296Z Updating files:  44% (9349/21246)
vt_exp_decriminalized-set	Run actions/checkout@v4	2026-09-11T00:56:50.1289542Z Updating files:  45% (9561/21246)
vt_exp_decriminalized-set	Run actions/checkout@v4	2026-09-11T00:56:50.1444713Z Updating files:  46% (9774/21246)
vt_exp_decriminalized-set	Run actions/checkout@v4	2026-09-11T00:56:50.1591821Z Updating files:  47% (9986/21246)
vt_exp_decriminalized-set	Run actions/checkout@v4	2026-09-11T00:56:50.1829721Z Updating files:  48% (10199/21246)
vt_exp_decriminalized-set	Run actions/checkout@v4	2026-09-11T00:56:50.2211876Z Updating files:  49% (10411/21246)
vt_exp_decriminalized-set	Run actions/checkout@v4	2026-09-11T00:56:50.2375016Z Updating files:  50% (10623/21246)
vt_exp_decriminalized-set	Run actions/checkout@v4	2026-09-11T00:56:50.3615491Z Updating files:  51% (10836/21246)
vt_exp_decriminalized-set	Run actions/checkout@v4	2026-09-11T00:56:50.5710267Z Updating files:  52% (11048/21246)
vt_exp_decriminalized-set	Run actions/checkout@v4	2026-09-11T00:56:50.5832437Z Updating files:  53% (11261/21246)
vt_exp_decriminalized-set	Run actions/checkout@v4	2026-09-11T00:56:50.6130207Z Updating files:  54% (11473/21246)
vt_exp_decriminalized-set	Run actions/checkout@v4	2026-09-11T00:56:50.6282678Z Updating files:  55% (11686/21246)
vt_exp_decriminalized-set	Run actions/checkout@v4	2026-09-11T00:56:50.6410051Z Updating files:  56% (11898/21246)
vt_exp_decriminalized-set	Run actions/checkout@v4	2026-09-11T00:56:50.6556341Z Updating files:  57% (12111/21246)
vt_exp_decriminalized-set	Run actions/checkout@v4	2026-09-11T00:56:50.6918792Z Updating files:  58% (12323/21246)
vt_exp_decriminalized-set	Run actions/checkout@v4	2026-09-11T00:56:50.7213082Z Updating files:  59% (12536/21246)
vt_exp_decriminalized-set	Run actions/checkout@v4	2026-09-11T00:56:50.7983360Z Updating files:  60% (12748/21246)
vt_exp_decriminalized-set	Run actions/checkout@v4	2026-09-11T00:56:50.8145036Z Updating files:  60% (12806/21246)
vt_exp_decriminalized-set	Run actions/checkout@v4	2026-09-11T00:56:50.8459013Z Updating files:  61% (12961/21246)
vt_exp_decriminalized-set	Run actions/checkout@v4	2026-09-11T00:56:50.8901001Z Updating files:  62% (13173/21246)
vt_exp_decriminalized-set	Run actions/checkout@v4	2026-09-11T00:56:50.9313013Z Updating files:  63% (13385/21246)
vt_exp_decriminalized-set	Run actions/checkout@v4	2026-09-11T00:56:51.0019110Z Updating files:  64% (13598/21246)
vt_exp_decriminalized-set	Run actions/checkout@v4	2026-09-11T00:56:51.1062608Z Updating files:  65% (13810/21246)
vt_exp_decriminalized-set	Run actions/checkout@v4	2026-09-11T00:56:51.1259076Z Updating files:  66% (14023/21246)
vt_exp_decriminalized-set	Run actions/checkout@v4	2026-09-11T00:56:51.1658224Z Updating files:  67% (14235/21246)
vt_exp_decriminalized-set	Run actions/checkout@v4	2026-09-11T00:56:51.2878788Z Updating files:  68% (14448/21246)
vt_exp_decriminalized-set	Run actions/checkout@v4	2026-09-11T00:56:51.3603604Z Updating files:  69% (14660/21246)
vt_exp_decriminalized-set	Run actions/checkout@v4	2026-09-11T00:56:51.4385214Z Updating files:  70% (14873/21246)
vt_exp_decriminalized-set	Run actions/checkout@v4	2026-09-11T00:56:51.5677224Z Updating files:  71% (15085/21246)
vt_exp_decriminalized-set	Run actions/checkout@v4	2026-09-11T00:56:51.6805198Z Updating files:  72% (15298/21246)
vt_exp_decriminalized-set	Run actions/checkout@v4	2026-09-11T00:56:51.6974708Z Updating files:  73% (15510/21246)
vt_exp_decriminalized-set	Run actions/checkout@v4	2026-09-11T00:56:51.7150364Z Updating files:  74% (15723/21246)
vt_exp_decriminalized-set	Run actions/checkout@v4	2026-09-11T00:56:51.7224022Z Updating files:  75% (15935/21246)
vt_exp_decriminalized-set	Run actions/checkout@v4	2026-09-11T00:56:51.7359721Z Updating files:  76% (16147/21246)
vt_exp_decriminalized-set	Run actions/checkout@v4	2026-09-11T00:56:51.7984524Z Updating files:  77% (16360/21246)
vt_exp_decriminalized-set	Run actions/checkout@v4	2026-09-11T00:56:51.8689574Z Updating files:  77% (16467/21246)
vt_exp_decriminalized-set	Run actions/checkout@v4	2026-09-11T00:56:51.9725965Z Updating files:  78% (16572/21246)
vt_exp_decriminalized-set	Run actions/checkout@v4	2026-09-11T00:56:52.0675355Z Updating files:  79% (16785/21246)
vt_exp_decriminalized-set	Run actions/checkout@v4	2026-09-11T00:56:52.1199449Z Updating files:  80% (16997/21246)
vt_exp_decriminalized-set	Run actions/checkout@v4	2026-09-11T00:56:52.1436294Z Updating files:  81% (17210/21246)
vt_exp_decriminalized-set	Run actions/checkout@v4	2026-09-11T00:56:52.1653889Z Updating files:  82% (17422/21246)
vt_exp_decriminalized-set	Run actions/checkout@v4	2026-09-11T00:56:52.1852990Z Updating files:  83% (17635/21246)
vt_exp_decriminalized-set	Run actions/checkout@v4	2026-09-11T00:56:52.2034453Z Updating files:  84% (17847/21246)
vt_exp_decriminalized-set	Run actions/checkout@v4	2026-09-11T00:56:52.2235223Z Updating files:  85% (18060/21246)
vt_exp_decriminalized-set	Run actions/checkout@v4	2026-09-11T00:56:52.2449753Z Updating files:  86% (18272/21246)
vt_exp_decriminalized-set	Run actions/checkout@v4	2026-09-11T00:56:52.2663287Z Updating files:  87% (18485/21246)
vt_exp_decriminalized-set	Run actions/checkout@v4	2026-09-11T00:56:52.2835012Z Updating files:  88% (18697/21246)
vt_exp_decriminalized-set	Run actions/checkout@v4	2026-09-11T00:56:52.3197505Z Updating files:  89% (18909/21246)
vt_exp_decriminalized-set	Run actions/checkout@v4	2026-09-11T00:56:52.3329601Z Updating files:  90% (19122/21246)
vt_exp_decriminalized-set	Run actions/checkout@v4	2026-09-11T00:56:52.3434953Z Updating files:  91% (19334/21246)
vt_exp_decriminalized-set	Run actions/checkout@v4	2026-09-11T00:56:52.3676427Z Updating files:  92% (19547/21246)
vt_exp_decriminalized-set	Run actions/checkout@v4	2026-09-11T00:56:52.5849789Z Updating files:  93% (19759/21246)
vt_exp_decriminalized-set	Run actions/checkout@v4	2026-09-11T00:56:52.6562621Z Updating files:  94% (19972/21246)
vt_exp_decriminalized-set	Run actions/checkout@v4	2026-09-11T00:56:52.7129652Z Updating files:  95% (20184/21246)
vt_exp_decriminalized-set	Run actions/checkout@v4	2026-09-11T00:56:52.7568052Z Updating files:  96% (20397/21246)
vt_exp_decriminalized-set	Run actions/checkout@v4	2026-09-11T00:56:52.8035103Z Updating files:  97% (20609/21246)
vt_exp_decriminalized-set	Run actions/checkout@v4	2026-09-11T00:56:52.8086315Z Updating files:  97% (20769/21246)
vt_exp_decriminalized-set	Run actions/checkout@v4	2026-09-11T00:56:52.8650978Z Updating files:  98% (20822/21246)
vt_exp_decriminalized-set	Run actions/checkout@v4	2026-09-11T00:56:52.9086155Z Updating files:  99% (21034/21246)
vt_exp_decriminalized-set	Run actions/checkout@v4	2026-09-11T00:56:52.9087118Z Updating files: 100% (21246/21246)
vt_exp_decriminalized-set	Run actions/checkout@v4	2026-09-11T00:56:52.9087571Z Updating files: 100% (21246/21246), done.
vt_exp_decriminalized-set	Run actions/checkout@v4	2026-09-11T00:56:53.0132498Z Note: switching to '0a770842ee41cf776ab4972151559374a3964846'.
vt_exp_decriminalized-set	Run actions/checkout@v4	2026-09-11T00:56:53.0133083Z 
vt_exp_decriminalized-set	Run actions/checkout@v4	2026-09-11T00:56:53.0133366Z You are in 'detached HEAD' state. You can look around, make experimental
vt_exp_decriminalized-set	Run actions/checkout@v4	2026-09-11T00:56:53.0135022Z changes and commit them, and you can discard any commits you make in this
vt_exp_decriminalized-set	Run actions/checkout@v4	2026-09-11T00:56:53.0135717Z state without impacting any branches by switching back to a branch.
vt_exp_decriminalized-set	Run actions/checkout@v4	2026-09-11T00:56:53.0136030Z 
vt_exp_decriminalized-set	Run actions/checkout@v4	2026-09-11T00:56:53.0136383Z If you want to create a new branch to retain commits you create, you may
vt_exp_decriminalized-set	Run actions/checkout@v4	2026-09-11T00:56:53.0137180Z do so (now or later) by using -c with the switch command. Example:
vt_exp_decriminalized-set	Run actions/checkout@v4	2026-09-11T00:56:53.0137583Z 
vt_exp_decriminalized-set	Run actions/checkout@v4	2026-09-11T00:56:53.0137696Z   git switch -c <new-branch-name>
vt_exp_decriminalized-set	Run actions/checkout@v4	2026-09-11T00:56:53.0137887Z 
vt_exp_decriminalized-set	Run actions/checkout@v4	2026-09-11T00:56:53.0137990Z Or undo this operation with:
vt_exp_decriminalized-set	Run actions/checkout@v4	2026-09-11T00:56:53.0138168Z 
vt_exp_decriminalized-set	Run actions/checkout@v4	2026-09-11T00:56:53.0138257Z   git switch -
vt_exp_decriminalized-set	Run actions/checkout@v4	2026-09-11T00:56:53.0138388Z 
vt_exp_decriminalized-set	Run actions/checkout@v4	2026-09-11T00:56:53.0138617Z Turn off this advice by setting config variable advice.detachedHead to false
vt_exp_decriminalized-set	Run actions/checkout@v4	2026-09-11T00:56:53.0139237Z 
vt_exp_decriminalized-set	Run actions/checkout@v4	2026-09-11T00:56:53.0139500Z HEAD is now at 0a770842 docs(captain): checkpoint Hawaii evidence and next repair lanes
vt_exp_decriminalized-set	Run actions/checkout@v4	2026-09-11T00:56:53.0962535Z ##[endgroup]
vt_exp_decriminalized-set	Run actions/checkout@v4	2026-09-11T00:56:53.1249358Z [command]/usr/bin/git log -1 --format=%H
vt_exp_decriminalized-set	Run actions/checkout@v4	2026-09-11T00:56:53.1283143Z 0a770842ee41cf776ab4972151559374a3964846
vt_exp_decriminalized-set	Refuse a movable ref and prove the checkout is the pinned commit	﻿2026-09-11T00:56:53.1494256Z ##[group]Run set -euo pipefail
vt_exp_decriminalized-set	Refuse a movable ref and prove the checkout is the pinned commit	2026-09-11T00:56:53.1494617Z ^[[36;1mset -euo pipefail^[[0m
vt_exp_decriminalized-set	Refuse a movable ref and prove the checkout is the pinned commit	2026-09-11T00:56:53.1495001Z ^[[36;1m# actions/checkout accepts a branch or tag here despite the input^[[0m
vt_exp_decriminalized-set	Refuse a movable ref and prove the checkout is the pinned commit	2026-09-11T00:56:53.1495520Z ^[[36;1m# description. Three jobs resolve this ref independently, so a branch^[[0m
vt_exp_decriminalized-set	Refuse a movable ref and prove the checkout is the pinned commit	2026-09-11T00:56:53.1496016Z ^[[36;1m# that moves mid-run would have them inspect different commits while^[[0m
vt_exp_decriminalized-set	Refuse a movable ref and prove the checkout is the pinned commit	2026-09-11T00:56:53.1496500Z ^[[36;1m# every receipt recorded the literal branch name as the pin. An^[[0m
vt_exp_decriminalized-set	Refuse a movable ref and prove the checkout is the pinned commit	2026-09-11T00:56:53.1496981Z ^[[36;1m# immutable 40-hex commit, verified against the checked-out HEAD, is^[[0m
vt_exp_decriminalized-set	Refuse a movable ref and prove the checkout is the pinned commit	2026-09-11T00:56:53.1497415Z ^[[36;1m# the only input that makes a receipt findable again.^[[0m
vt_exp_decriminalized-set	Refuse a movable ref and prove the checkout is the pinned commit	2026-09-11T00:56:53.1497926Z ^[[36;1mcase "$REF" in^[[0m
vt_exp_decriminalized-set	Refuse a movable ref and prove the checkout is the pinned commit	2026-09-11T00:56:53.1498370Z ^[[36;1m  *[!0-9a-f]* | "") echo "REFUSED: commit_sha must be a full 40-character commit hash, got '$REF'"; exit 1;;^[[0m
vt_exp_decriminalized-set	Refuse a movable ref and prove the checkout is the pinned commit	2026-09-11T00:56:53.1499367Z ^[[36;1mesac^[[0m
vt_exp_decriminalized-set	Refuse a movable ref and prove the checkout is the pinned commit	2026-09-11T00:56:53.1499804Z ^[[36;1m[ "${#REF}" -eq 40 ] || { echo "REFUSED: commit_sha must be 40 hex characters, got ${#REF}"; exit 1; }^[[0m
vt_exp_decriminalized-set	Refuse a movable ref and prove the checkout is the pinned commit	2026-09-11T00:56:53.1500310Z ^[[36;1mHEAD_SHA="$(git rev-parse HEAD)"^[[0m
vt_exp_decriminalized-set	Refuse a movable ref and prove the checkout is the pinned commit	2026-09-11T00:56:53.1500764Z ^[[36;1m[ "$HEAD_SHA" = "$REF" ] || { echo "REFUSED: checked out $HEAD_SHA but the pin says $REF"; exit 1; }^[[0m
vt_exp_decriminalized-set	Refuse a movable ref and prove the checkout is the pinned commit	2026-09-11T00:56:53.1501237Z ^[[36;1mecho "pinned commit confirmed: $HEAD_SHA"^[[0m
vt_exp_decriminalized-set	Refuse a movable ref and prove the checkout is the pinned commit	2026-09-11T00:56:53.1542571Z shell: /usr/bin/bash -e {0}
vt_exp_decriminalized-set	Refuse a movable ref and prove the checkout is the pinned commit	2026-09-11T00:56:53.1542836Z env:
vt_exp_decriminalized-set	Refuse a movable ref and prove the checkout is the pinned commit	2026-09-11T00:56:53.1543062Z   REF: 0a770842ee41cf776ab4972151559374a3964846
vt_exp_decriminalized-set	Refuse a movable ref and prove the checkout is the pinned commit	2026-09-11T00:56:53.1543353Z ##[endgroup]
vt_exp_decriminalized-set	Refuse a movable ref and prove the checkout is the pinned commit	2026-09-11T00:56:53.1765954Z pinned commit confirmed: 0a770842ee41cf776ab4972151559374a3964846
vt_exp_decriminalized-set	Run actions/setup-node@v4	﻿2026-09-11T00:56:53.1855829Z Node 20 is being deprecated. This workflow is running with Node 24 by default. If you need to temporarily use Node 20, you can set the ACTIONS_ALLOW_USE_UNSECURE_NODE_VERSION=true environment variable. For more information see: https://github.blog/changelog/2025-09-19-deprecation-of-node-20-on-github-actions-runners/
vt_exp_decriminalized-set	Run actions/setup-node@v4	2026-09-11T00:56:53.1857407Z ##[group]Run actions/setup-node@v4
vt_exp_decriminalized-set	Run actions/setup-node@v4	2026-09-11T00:56:53.1857659Z with:
vt_exp_decriminalized-set	Run actions/setup-node@v4	2026-09-11T00:56:53.1857852Z   node-version: 22
vt_exp_decriminalized-set	Run actions/setup-node@v4	2026-09-11T00:56:53.1858059Z   always-auth: false
vt_exp_decriminalized-set	Run actions/setup-node@v4	2026-09-11T00:56:53.1858272Z   check-latest: false
vt_exp_decriminalized-set	Run actions/setup-node@v4	2026-09-11T00:56:53.1861665Z   token: ***
vt_exp_decriminalized-set	Run actions/setup-node@v4	2026-09-11T00:56:53.1861881Z ##[endgroup]
vt_exp_decriminalized-set	Run actions/setup-node@v4	2026-09-11T00:56:53.4738878Z Found in cache @ /opt/hostedtoolcache/node/22.23.2/x64
vt_exp_decriminalized-set	Run actions/setup-node@v4	2026-09-11T00:56:53.4744329Z (node:2338) [DEP0040] DeprecationWarning: The `punycode` module is deprecated. Please use a userland alternative instead.
vt_exp_decriminalized-set	Run actions/setup-node@v4	2026-09-11T00:56:53.4745751Z (Use `node --trace-deprecation ...` to show where the warning was created)
vt_exp_decriminalized-set	Run actions/setup-node@v4	2026-09-11T00:56:53.4749107Z ##[group]Environment details
vt_exp_decriminalized-set	Run actions/setup-node@v4	2026-09-11T00:56:55.0834081Z node: v22.23.2
vt_exp_decriminalized-set	Run actions/setup-node@v4	2026-09-11T00:56:55.0834546Z npm: 10.9.8
vt_exp_decriminalized-set	Run actions/setup-node@v4	2026-09-11T00:56:55.0834927Z yarn: 1.22.22
vt_exp_decriminalized-set	Run actions/setup-node@v4	2026-09-11T00:56:55.0836325Z ##[endgroup]
vt_exp_decriminalized-set	Run npm ci --cache /tmp/npm-cache	﻿2026-09-11T00:56:55.0945510Z ##[group]Run npm ci --cache /tmp/npm-cache
vt_exp_decriminalized-set	Run npm ci --cache /tmp/npm-cache	2026-09-11T00:56:55.0945871Z ^[[36;1mnpm ci --cache /tmp/npm-cache^[[0m
vt_exp_decriminalized-set	Run npm ci --cache /tmp/npm-cache	2026-09-11T00:56:55.0991772Z shell: /usr/bin/bash -e {0}
vt_exp_decriminalized-set	Run npm ci --cache /tmp/npm-cache	2026-09-11T00:56:55.0992042Z ##[endgroup]
vt_exp_decriminalized-set	Run npm ci --cache /tmp/npm-cache	2026-09-11T00:57:16.3975863Z 
vt_exp_decriminalized-set	Run npm ci --cache /tmp/npm-cache	2026-09-11T00:57:16.3984701Z added 492 packages, and audited 493 packages in 21s
vt_exp_decriminalized-set	Run npm ci --cache /tmp/npm-cache	2026-09-11T00:57:16.3985216Z 
vt_exp_decriminalized-set	Run npm ci --cache /tmp/npm-cache	2026-09-11T00:57:16.3985541Z 186 packages are looking for funding
vt_exp_decriminalized-set	Run npm ci --cache /tmp/npm-cache	2026-09-11T00:57:16.3986063Z   run `npm fund` for details
vt_exp_decriminalized-set	Run npm ci --cache /tmp/npm-cache	2026-09-11T00:57:16.5783934Z 
vt_exp_decriminalized-set	Run npm ci --cache /tmp/npm-cache	2026-09-11T00:57:16.5784867Z 39 vulnerabilities (2 low, 29 moderate, 7 high, 1 critical)
vt_exp_decriminalized-set	Run npm ci --cache /tmp/npm-cache	2026-09-11T00:57:16.5785403Z 
vt_exp_decriminalized-set	Run npm ci --cache /tmp/npm-cache	2026-09-11T00:57:16.5786017Z To address issues that do not require attention, run:
vt_exp_decriminalized-set	Run npm ci --cache /tmp/npm-cache	2026-09-11T00:57:16.5786401Z   npm audit fix
vt_exp_decriminalized-set	Run npm ci --cache /tmp/npm-cache	2026-09-11T00:57:16.5786603Z 
vt_exp_decriminalized-set	Run npm ci --cache /tmp/npm-cache	2026-09-11T00:57:16.5786952Z To address all issues, run:
vt_exp_decriminalized-set	Run npm ci --cache /tmp/npm-cache	2026-09-11T00:57:16.5787368Z   npm audit fix --force
vt_exp_decriminalized-set	Run npm ci --cache /tmp/npm-cache	2026-09-11T00:57:16.5787656Z 
vt_exp_decriminalized-set	Run npm ci --cache /tmp/npm-cache	2026-09-11T00:57:16.5788014Z Run `npm audit` for details.
vt_exp_decriminalized-set	Run actions/setup-python@v5	﻿2026-09-11T00:57:16.6614713Z Node 20 is being deprecated. This workflow is running with Node 24 by default. If you need to temporarily use Node 20, you can set the ACTIONS_ALLOW_USE_UNSECURE_NODE_VERSION=true environment variable. For more information see: https://github.blog/changelog/2025-09-19-deprecation-of-node-20-on-github-actions-runners/
vt_exp_decriminalized-set	Run actions/setup-python@v5	2026-09-11T00:57:16.6616057Z ##[group]Run actions/setup-python@v5
vt_exp_decriminalized-set	Run actions/setup-python@v5	2026-09-11T00:57:16.6616314Z with:
vt_exp_decriminalized-set	Run actions/setup-python@v5	2026-09-11T00:57:16.6616513Z   python-version: 3.12
vt_exp_decriminalized-set	Run actions/setup-python@v5	2026-09-11T00:57:16.6616738Z   check-latest: false
vt_exp_decriminalized-set	Run actions/setup-python@v5	2026-09-11T00:57:16.6620021Z   token: ***
vt_exp_decriminalized-set	Run actions/setup-python@v5	2026-09-11T00:57:16.6620246Z   update-environment: true
vt_exp_decriminalized-set	Run actions/setup-python@v5	2026-09-11T00:57:16.6620489Z   allow-prereleases: false
vt_exp_decriminalized-set	Run actions/setup-python@v5	2026-09-11T00:57:16.6620715Z   freethreaded: false
vt_exp_decriminalized-set	Run actions/setup-python@v5	2026-09-11T00:57:16.6620924Z ##[endgroup]
vt_exp_decriminalized-set	Run actions/setup-python@v5	2026-09-11T00:57:16.7928658Z ##[group]Installed versions
vt_exp_decriminalized-set	Run actions/setup-python@v5	2026-09-11T00:57:16.8016180Z (node:2409) [DEP0040] DeprecationWarning: The `punycode` module is deprecated. Please use a userland alternative instead.
vt_exp_decriminalized-set	Run actions/setup-python@v5	2026-09-11T00:57:16.8017229Z (Use `node --trace-deprecation ...` to show where the warning was created)
vt_exp_decriminalized-set	Run actions/setup-python@v5	2026-09-11T00:57:16.8018179Z Successfully set up CPython (3.12.14)
vt_exp_decriminalized-set	Run actions/setup-python@v5	2026-09-11T00:57:16.8019047Z ##[endgroup]
vt_exp_decriminalized-set	Install the pinned encrypted-PDF reader	﻿2026-09-11T00:57:16.8163249Z ##[group]Run python -m pip install --disable-pip-version-check pikepdf==10.12.0
vt_exp_decriminalized-set	Install the pinned encrypted-PDF reader	2026-09-11T00:57:16.8163868Z ^[[36;1mpython -m pip install --disable-pip-version-check pikepdf==10.12.0^[[0m
vt_exp_decriminalized-set	Install the pinned encrypted-PDF reader	2026-09-11T00:57:16.8211539Z shell: /usr/bin/bash -e {0}
vt_exp_decriminalized-set	Install the pinned encrypted-PDF reader	2026-09-11T00:57:16.8211802Z env:
vt_exp_decriminalized-set	Install the pinned encrypted-PDF reader	2026-09-11T00:57:16.8212070Z   pythonLocation: /opt/hostedtoolcache/Python/3.12.14/x64
vt_exp_decriminalized-set	Install the pinned encrypted-PDF reader	2026-09-11T00:57:16.8212531Z   PKG_CONFIG_PATH: /opt/hostedtoolcache/Python/3.12.14/x64/lib/pkgconfig
vt_exp_decriminalized-set	Install the pinned encrypted-PDF reader	2026-09-11T00:57:16.8212964Z   Python_ROOT_DIR: /opt/hostedtoolcache/Python/3.12.14/x64
vt_exp_decriminalized-set	Install the pinned encrypted-PDF reader	2026-09-11T00:57:16.8213349Z   Python2_ROOT_DIR: /opt/hostedtoolcache/Python/3.12.14/x64
vt_exp_decriminalized-set	Install the pinned encrypted-PDF reader	2026-09-11T00:57:16.8213727Z   Python3_ROOT_DIR: /opt/hostedtoolcache/Python/3.12.14/x64
vt_exp_decriminalized-set	Install the pinned encrypted-PDF reader	2026-09-11T00:57:16.8214109Z   LD_LIBRARY_PATH: /opt/hostedtoolcache/Python/3.12.14/x64/lib
vt_exp_decriminalized-set	Install the pinned encrypted-PDF reader	2026-09-11T00:57:16.8214428Z ##[endgroup]
vt_exp_decriminalized-set	Install the pinned encrypted-PDF reader	2026-09-11T00:57:19.1927546Z Collecting pikepdf==10.12.0
vt_exp_decriminalized-set	Install the pinned encrypted-PDF reader	2026-09-11T00:57:19.3030345Z   Downloading pikepdf-10.12.0-cp312-cp312-manylinux_2_27_x86_64.manylinux_2_28_x86_64.whl.metadata (11 kB)
vt_exp_decriminalized-set	Install the pinned encrypted-PDF reader	2026-09-11T00:57:19.5634557Z Collecting Pillow>=10.0.1 (from pikepdf==10.12.0)
vt_exp_decriminalized-set	Install the pinned encrypted-PDF reader	2026-09-11T00:57:19.5827043Z   Downloading pillow-12.3.0-cp312-cp312-manylinux_2_27_x86_64.manylinux_2_28_x86_64.whl.metadata (9.1 kB)
vt_exp_decriminalized-set	Install the pinned encrypted-PDF reader	2026-09-11T00:57:19.8635346Z Collecting lxml>=4.8 (from pikepdf==10.12.0)
vt_exp_decriminalized-set	Install the pinned encrypted-PDF reader	2026-09-11T00:57:19.8826383Z   Downloading lxml-6.1.3-cp312-cp312-manylinux_2_26_x86_64.manylinux_2_28_x86_64.whl.metadata (3.3 kB)
vt_exp_decriminalized-set	Install the pinned encrypted-PDF reader	2026-09-11T00:57:20.7849852Z Collecting packaging (from pikepdf==10.12.0)
vt_exp_decriminalized-set	Install the pinned encrypted-PDF reader	2026-09-11T00:57:20.8038068Z   Downloading packaging-26.3-py3-none-any.whl.metadata (3.5 kB)
vt_exp_decriminalized-set	Install the pinned encrypted-PDF reader	2026-09-11T00:57:20.8413134Z Downloading pikepdf-10.12.0-cp312-cp312-manylinux_2_27_x86_64.manylinux_2_28_x86_64.whl (2.3 MB)
vt_exp_decriminalized-set	Install the pinned encrypted-PDF reader	2026-09-11T00:57:20.9818302Z    ━━━━━━━━━━━━━━━━━━━━━━━━━━━━━━━━━━━━━━━━ 2.3/2.3 MB 23.4 MB/s  0:00:00
vt_exp_decriminalized-set	Install the pinned encrypted-PDF reader	2026-09-11T00:57:21.0009163Z Downloading lxml-6.1.3-cp312-cp312-manylinux_2_26_x86_64.manylinux_2_28_x86_64.whl (5.2 MB)
vt_exp_decriminalized-set	Install the pinned encrypted-PDF reader	2026-09-11T00:57:21.0799635Z    ━━━━━━━━━━━━━━━━━━━━━━━━━━━━━━━━━━━━━━━━ 5.2/5.2 MB 65.7 MB/s  0:00:00
vt_exp_decriminalized-set	Install the pinned encrypted-PDF reader	2026-09-11T00:57:21.0998112Z Downloading pillow-12.3.0-cp312-cp312-manylinux_2_27_x86_64.manylinux_2_28_x86_64.whl (6.9 MB)
vt_exp_decriminalized-set	Install the pinned encrypted-PDF reader	2026-09-11T00:57:21.1673580Z    ━━━━━━━━━━━━━━━━━━━━━━━━━━━━━━━━━━━━━━━━ 6.9/6.9 MB 103.6 MB/s  0:00:00
vt_exp_decriminalized-set	Install the pinned encrypted-PDF reader	2026-09-11T00:57:21.1870970Z Downloading packaging-26.3-py3-none-any.whl (129 kB)
vt_exp_decriminalized-set	Install the pinned encrypted-PDF reader	2026-09-11T00:57:21.5032674Z Installing collected packages: Pillow, packaging, lxml, pikepdf
vt_exp_decriminalized-set	Install the pinned encrypted-PDF reader	2026-09-11T00:57:22.1437839Z 
vt_exp_decriminalized-set	Install the pinned encrypted-PDF reader	2026-09-11T00:57:22.1450002Z Successfully installed Pillow-12.3.0 lxml-6.1.3 packaging-26.3 pikepdf-10.12.0
vt_exp_decriminalized-set	Provision the browser	﻿2026-09-11T00:57:22.2005651Z ##[group]Run set -euo pipefail
vt_exp_decriminalized-set	Provision the browser	2026-09-11T00:57:22.2005985Z ^[[36;1mset -euo pipefail^[[0m
vt_exp_decriminalized-set	Provision the browser	2026-09-11T00:57:22.2006347Z ^[[36;1mexport PLAYWRIGHT_BROWSERS_PATH="$HOME/.cache/ms-playwright"^[[0m
vt_exp_decriminalized-set	Provision the browser	2026-09-11T00:57:22.2006790Z ^[[36;1mnpx --yes playwright install --with-deps chromium^[[0m
vt_exp_decriminalized-set	Provision the browser	2026-09-11T00:57:22.2007269Z ^[[36;1mecho "PLAYWRIGHT_BROWSERS_PATH=$PLAYWRIGHT_BROWSERS_PATH" >> "$GITHUB_ENV"^[[0m
vt_exp_decriminalized-set	Provision the browser	2026-09-11T00:57:22.2044288Z shell: /usr/bin/bash -e {0}
vt_exp_decriminalized-set	Provision the browser	2026-09-11T00:57:22.2044539Z env:
vt_exp_decriminalized-set	Provision the browser	2026-09-11T00:57:22.2044807Z   pythonLocation: /opt/hostedtoolcache/Python/3.12.14/x64
vt_exp_decriminalized-set	Provision the browser	2026-09-11T00:57:22.2045247Z   PKG_CONFIG_PATH: /opt/hostedtoolcache/Python/3.12.14/x64/lib/pkgconfig
vt_exp_decriminalized-set	Provision the browser	2026-09-11T00:57:22.2045674Z   Python_ROOT_DIR: /opt/hostedtoolcache/Python/3.12.14/x64
vt_exp_decriminalized-set	Provision the browser	2026-09-11T00:57:22.2046053Z   Python2_ROOT_DIR: /opt/hostedtoolcache/Python/3.12.14/x64
vt_exp_decriminalized-set	Provision the browser	2026-09-11T00:57:22.2046427Z   Python3_ROOT_DIR: /opt/hostedtoolcache/Python/3.12.14/x64
vt_exp_decriminalized-set	Provision the browser	2026-09-11T00:57:22.2046809Z   LD_LIBRARY_PATH: /opt/hostedtoolcache/Python/3.12.14/x64/lib
vt_exp_decriminalized-set	Provision the browser	2026-09-11T00:57:22.2047332Z ##[endgroup]
vt_exp_decriminalized-set	Provision the browser	2026-09-11T00:57:22.9826711Z Installing dependencies...
vt_exp_decriminalized-set	Provision the browser	2026-09-11T00:57:22.9890769Z Switching to root user to install dependencies...
vt_exp_decriminalized-set	Provision the browser	2026-09-11T00:57:23.0845982Z Get:1 file:/etc/apt/apt-mirrors.txt Mirrorlist [144 B]
vt_exp_decriminalized-set	Provision the browser	2026-09-11T00:57:23.1327256Z Hit:2 http://azure.archive.ubuntu.com/ubuntu noble InRelease
vt_exp_decriminalized-set	Provision the browser	2026-09-11T00:57:23.1347248Z Get:3 http://azure.archive.ubuntu.com/ubuntu noble-updates InRelease [126 kB]
vt_exp_decriminalized-set	Provision the browser	2026-09-11T00:57:23.1409840Z Get:4 http://azure.archive.ubuntu.com/ubuntu noble-backports InRelease [126 kB]
vt_exp_decriminalized-set	Provision the browser	2026-09-11T00:57:23.1429801Z Get:5 http://azure.archive.ubuntu.com/ubuntu noble-security InRelease [126 kB]
vt_exp_decriminalized-set	Provision the browser	2026-09-11T00:57:23.1466997Z Get:6 https://packages.microsoft.com/ubuntu/24.04/prod noble InRelease [3600 B]
vt_exp_decriminalized-set	Provision the browser	2026-09-11T00:57:23.2066456Z Get:7 https://dl.google.com/linux/chrome-stable/deb stable InRelease [2548 B]
vt_exp_decriminalized-set	Provision the browser	2026-09-11T00:57:23.2528338Z Get:8 http://azure.archive.ubuntu.com/ubuntu noble-updates/main amd64 Packages [1262 kB]
vt_exp_decriminalized-set	Provision the browser	2026-09-11T00:57:23.2660520Z Get:9 http://azure.archive.ubuntu.com/ubuntu noble-updates/main Translation-en [292 kB]
vt_exp_decriminalized-set	Provision the browser	2026-09-11T00:57:23.2690196Z Get:10 http://azure.archive.ubuntu.com/ubuntu noble-updates/main amd64 Components [180 kB]
vt_exp_decriminalized-set	Provision the browser	2026-09-11T00:57:23.2701196Z Get:11 http://azure.archive.ubuntu.com/ubuntu noble-updates/universe amd64 Packages [1690 kB]
vt_exp_decriminalized-set	Provision the browser	2026-09-11T00:57:23.2787111Z Get:12 http://azure.archive.ubuntu.com/ubuntu noble-updates/universe amd64 Components [388 kB]
vt_exp_decriminalized-set	Provision the browser	2026-09-11T00:57:23.2817713Z Get:13 http://azure.archive.ubuntu.com/ubuntu noble-updates/restricted amd64 Packages [1540 kB]
vt_exp_decriminalized-set	Provision the browser	2026-09-11T00:57:23.2892922Z Get:14 http://azure.archive.ubuntu.com/ubuntu noble-updates/restricted Translation-en [353 kB]
vt_exp_decriminalized-set	Provision the browser	2026-09-11T00:57:23.2922159Z Get:15 http://azure.archive.ubuntu.com/ubuntu noble-updates/multiverse amd64 Components [940 B]
vt_exp_decriminalized-set	Provision the browser	2026-09-11T00:57:23.3119089Z Get:16 http://azure.archive.ubuntu.com/ubuntu noble-backports/main amd64 Components [5784 B]
vt_exp_decriminalized-set	Provision the browser	2026-09-11T00:57:23.3131095Z Get:17 http://azure.archive.ubuntu.com/ubuntu noble-backports/universe amd64 Components [12.6 kB]
vt_exp_decriminalized-set	Provision the browser	2026-09-11T00:57:23.4119979Z Get:25 https://packages.microsoft.com/ubuntu/24.04/prod noble/main arm64 Packages [411 kB]
vt_exp_decriminalized-set	Provision the browser	2026-09-11T00:57:23.4120981Z Get:18 http://azure.archive.ubuntu.com/ubuntu noble-security/main amd64 Packages [1006 kB]
vt_exp_decriminalized-set	Provision the browser	2026-09-11T00:57:23.4209841Z Get:19 http://azure.archive.ubuntu.com/ubuntu noble-security/main Translation-en [213 kB]
vt_exp_decriminalized-set	Provision the browser	2026-09-11T00:57:23.4224972Z Get:26 https://packages.microsoft.com/ubuntu/24.04/prod noble/main amd64 Packages [460 kB]
vt_exp_decriminalized-set	Provision the browser	2026-09-11T00:57:23.4226729Z Get:20 http://azure.archive.ubuntu.com/ubuntu noble-security/main amd64 Components [46.4 kB]
vt_exp_decriminalized-set	Provision the browser	2026-09-11T00:57:23.4280410Z Get:21 http://azure.archive.ubuntu.com/ubuntu noble-security/universe amd64 Packages [1206 kB]
vt_exp_decriminalized-set	Provision the browser	2026-09-11T00:57:23.4309036Z Get:22 http://azure.archive.ubuntu.com/ubuntu noble-security/universe amd64 Components [76.2 kB]
vt_exp_decriminalized-set	Provision the browser	2026-09-11T00:57:23.4325016Z Get:23 http://azure.archive.ubuntu.com/ubuntu noble-security/restricted amd64 Packages [1445 kB]
vt_exp_decriminalized-set	Provision the browser	2026-09-11T00:57:23.4429870Z Get:24 http://azure.archive.ubuntu.com/ubuntu noble-security/restricted Translation-en [336 kB]
vt_exp_decriminalized-set	Provision the browser	2026-09-11T00:57:23.5093251Z Get:27 https://dl.google.com/linux/chrome-stable/deb stable/main amd64 Packages [1412 B]
vt_exp_decriminalized-set	Provision the browser	2026-09-11T00:57:27.3894572Z Fetched 11.3 MB in 1s (9153 kB/s)
vt_exp_decriminalized-set	Provision the browser	2026-09-11T00:57:28.1588618Z Reading package lists...
vt_exp_decriminalized-set	Provision the browser	2026-09-11T00:57:28.1829439Z Reading package lists...
vt_exp_decriminalized-set	Provision the browser	2026-09-11T00:57:28.3448366Z Building dependency tree...
vt_exp_decriminalized-set	Provision the browser	2026-09-11T00:57:28.3455860Z Reading state information...
vt_exp_decriminalized-set	Provision the browser	2026-09-11T00:57:28.4755347Z libasound2t64 is already the newest version (1.2.11-1ubuntu0.3).
vt_exp_decriminalized-set	Provision the browser	2026-09-11T00:57:28.4756069Z libasound2t64 set to manually installed.
vt_exp_decriminalized-set	Provision the browser	2026-09-11T00:57:28.4756717Z libatk-bridge2.0-0t64 is already the newest version (2.52.0-1build1).
vt_exp_decriminalized-set	Provision the browser	2026-09-11T00:57:28.4757371Z libatk-bridge2.0-0t64 set to manually installed.
vt_exp_decriminalized-set	Provision the browser	2026-09-11T00:57:28.4757939Z libatk1.0-0t64 is already the newest version (2.52.0-1build1).
vt_exp_decriminalized-set	Provision the browser	2026-09-11T00:57:28.4759748Z libatk1.0-0t64 set to manually installed.
vt_exp_decriminalized-set	Provision the browser	2026-09-11T00:57:28.4760485Z libatspi2.0-0t64 is already the newest version (2.52.0-1build1).
vt_exp_decriminalized-set	Provision the browser	2026-09-11T00:57:28.4760947Z libatspi2.0-0t64 set to manually installed.
vt_exp_decriminalized-set	Provision the browser	2026-09-11T00:57:28.4761378Z libcairo2 is already the newest version (1.18.0-3build1).
vt_exp_decriminalized-set	Provision the browser	2026-09-11T00:57:28.4761790Z libcairo2 set to manually installed.
vt_exp_decriminalized-set	Provision the browser	2026-09-11T00:57:28.4762239Z libcups2t64 is already the newest version (2.4.7-1.2ubuntu7.14).
vt_exp_decriminalized-set	Provision the browser	2026-09-11T00:57:28.4762667Z libcups2t64 set to manually installed.
vt_exp_decriminalized-set	Provision the browser	2026-09-11T00:57:28.4763099Z libdbus-1-3 is already the newest version (1.14.10-4ubuntu4.1).
vt_exp_decriminalized-set	Provision the browser	2026-09-11T00:57:28.4763516Z libdbus-1-3 set to manually installed.
vt_exp_decriminalized-set	Provision the browser	2026-09-11T00:57:28.4763953Z libdrm2 is already the newest version (2.4.125-1ubuntu0.1~24.04.2).
vt_exp_decriminalized-set	Provision the browser	2026-09-11T00:57:28.4764377Z libdrm2 set to manually installed.
vt_exp_decriminalized-set	Provision the browser	2026-09-11T00:57:28.4764794Z libgbm1 is already the newest version (25.2.8-0ubuntu0.24.04.2).
vt_exp_decriminalized-set	Provision the browser	2026-09-11T00:57:28.4765203Z libgbm1 set to manually installed.
vt_exp_decriminalized-set	Provision the browser	2026-09-11T00:57:28.4765641Z libglib2.0-0t64 is already the newest version (2.80.0-6ubuntu3.8).
vt_exp_decriminalized-set	Provision the browser	2026-09-11T00:57:28.4766075Z libglib2.0-0t64 set to manually installed.
vt_exp_decriminalized-set	Provision the browser	2026-09-11T00:57:28.4766513Z libnspr4 is already the newest version (2:4.35-1.1build1).
vt_exp_decriminalized-set	Provision the browser	2026-09-11T00:57:28.4766923Z libnspr4 set to manually installed.
vt_exp_decriminalized-set	Provision the browser	2026-09-11T00:57:28.4767325Z libnss3 is already the newest version (2:3.98-1ubuntu0.2).
vt_exp_decriminalized-set	Provision the browser	2026-09-11T00:57:28.4767711Z libnss3 set to manually installed.
vt_exp_decriminalized-set	Provision the browser	2026-09-11T00:57:28.4768139Z libpango-1.0-0 is already the newest version (1.52.1+ds-1build1).
vt_exp_decriminalized-set	Provision the browser	2026-09-11T00:57:28.4768566Z libpango-1.0-0 set to manually installed.
vt_exp_decriminalized-set	Provision the browser	2026-09-11T00:57:28.4769137Z libx11-6 is already the newest version (2:1.8.7-1build1).
vt_exp_decriminalized-set	Provision the browser	2026-09-11T00:57:28.4769505Z libx11-6 set to manually installed.
vt_exp_decriminalized-set	Provision the browser	2026-09-11T00:57:28.4769859Z libxcb1 is already the newest version (1.15-1ubuntu2).
vt_exp_decriminalized-set	Provision the browser	2026-09-11T00:57:28.4770212Z libxcb1 set to manually installed.
vt_exp_decriminalized-set	Provision the browser	2026-09-11T00:57:28.4770604Z libxcomposite1 is already the newest version (1:0.4.5-1build3).
vt_exp_decriminalized-set	Provision the browser	2026-09-11T00:57:28.4771019Z libxcomposite1 set to manually installed.
vt_exp_decriminalized-set	Provision the browser	2026-09-11T00:57:28.4771426Z libxdamage1 is already the newest version (1:1.1.6-1build1).
vt_exp_decriminalized-set	Provision the browser	2026-09-11T00:57:28.4771807Z libxdamage1 set to manually installed.
vt_exp_decriminalized-set	Provision the browser	2026-09-11T00:57:28.4772185Z libxext6 is already the newest version (2:1.3.4-1build2).
vt_exp_decriminalized-set	Provision the browser	2026-09-11T00:57:28.4772544Z libxext6 set to manually installed.
vt_exp_decriminalized-set	Provision the browser	2026-09-11T00:57:28.4773024Z libxfixes3 is already the newest version (1:6.0.0-2build1).
vt_exp_decriminalized-set	Provision the browser	2026-09-11T00:57:28.4773728Z libxfixes3 set to manually installed.
vt_exp_decriminalized-set	Provision the browser	2026-09-11T00:57:28.4774461Z libxkbcommon0 is already the newest version (1.6.0-1build1).
vt_exp_decriminalized-set	Provision the browser	2026-09-11T00:57:28.4775166Z libxkbcommon0 set to manually installed.
vt_exp_decriminalized-set	Provision the browser	2026-09-11T00:57:28.4775672Z libxrandr2 is already the newest version (2:1.5.2-2build1).
vt_exp_decriminalized-set	Provision the browser	2026-09-11T00:57:28.4776074Z libxrandr2 set to manually installed.
vt_exp_decriminalized-set	Provision the browser	2026-09-11T00:57:28.4776475Z xvfb is already the newest version (2:21.1.12-1ubuntu1.6).
vt_exp_decriminalized-set	Provision the browser	2026-09-11T00:57:28.4777018Z fonts-noto-color-emoji is already the newest version (2.047-0ubuntu0.24.04.1).
vt_exp_decriminalized-set	Provision the browser	2026-09-11T00:57:28.4778115Z libfontconfig1 is already the newest version (2.15.0-1.1ubuntu2).
vt_exp_decriminalized-set	Provision the browser	2026-09-11T00:57:28.4779110Z libfontconfig1 set to manually installed.
vt_exp_decriminalized-set	Provision the browser	2026-09-11T00:57:28.4779948Z libfreetype6 is already the newest version (2.13.2+dfsg-1ubuntu0.1).
vt_exp_decriminalized-set	Provision the browser	2026-09-11T00:57:28.4780711Z libfreetype6 set to manually installed.
vt_exp_decriminalized-set	Provision the browser	2026-09-11T00:57:28.4781458Z fonts-liberation is already the newest version (1:2.1.5-3).
vt_exp_decriminalized-set	Provision the browser	2026-09-11T00:57:28.4782193Z fonts-liberation set to manually installed.
vt_exp_decriminalized-set	Provision the browser	2026-09-11T00:57:28.4782949Z The following additional packages will be installed:
vt_exp_decriminalized-set	Provision the browser	2026-09-11T00:57:28.4783567Z   xfonts-encodings xfonts-utils
vt_exp_decriminalized-set	Provision the browser	2026-09-11T00:57:28.4784047Z Recommended packages:
vt_exp_decriminalized-set	Provision the browser	2026-09-11T00:57:28.4784526Z   fonts-ipafont-mincho fonts-tlwg-loma
vt_exp_decriminalized-set	Provision the browser	2026-09-11T00:57:28.4948420Z The following NEW packages will be installed:
vt_exp_decriminalized-set	Provision the browser	2026-09-11T00:57:28.4949767Z   fonts-freefont-ttf fonts-ipafont-gothic fonts-tlwg-loma-otf fonts-unifont
vt_exp_decriminalized-set	Provision the browser	2026-09-11T00:57:28.4955157Z   fonts-wqy-zenhei xfonts-cyrillic xfonts-encodings xfonts-scalable
vt_exp_decriminalized-set	Provision the browser	2026-09-11T00:57:28.4955893Z   xfonts-utils
vt_exp_decriminalized-set	Provision the browser	2026-09-11T00:57:28.5119961Z 0 upgraded, 9 newly installed, 0 to remove and 50 not upgraded.
vt_exp_decriminalized-set	Provision the browser	2026-09-11T00:57:28.5120729Z Need to get 21.1 MB of archives.
vt_exp_decriminalized-set	Provision the browser	2026-09-11T00:57:28.5121518Z After this operation, 79.5 MB of additional disk space will be used.
vt_exp_decriminalized-set	Provision the browser	2026-09-11T00:57:28.5122394Z Get:1 file:/etc/apt/apt-mirrors.txt Mirrorlist [144 B]
vt_exp_decriminalized-set	Provision the browser	2026-09-11T00:57:28.5746621Z Get:2 http://azure.archive.ubuntu.com/ubuntu noble/universe amd64 fonts-ipafont-gothic all 00303-21ubuntu1 [3513 kB]
vt_exp_decriminalized-set	Provision the browser	2026-09-11T00:57:28.6838167Z Get:3 http://azure.archive.ubuntu.com/ubuntu noble/main amd64 fonts-freefont-ttf all 20211204+svn4273-2 [5641 kB]
vt_exp_decriminalized-set	Provision the browser	2026-09-11T00:57:28.8320423Z Get:4 http://azure.archive.ubuntu.com/ubuntu noble/universe amd64 fonts-tlwg-loma-otf all 1:0.7.3-1 [107 kB]
vt_exp_decriminalized-set	Provision the browser	2026-09-11T00:57:28.8816546Z Get:5 http://azure.archive.ubuntu.com/ubuntu noble/universe amd64 fonts-unifont all 1:15.1.01-1build1 [2993 kB]
vt_exp_decriminalized-set	Provision the browser	2026-09-11T00:57:28.9781055Z Get:6 http://azure.archive.ubuntu.com/ubuntu noble/universe amd64 fonts-wqy-zenhei all 0.9.45-8 [7472 kB]
vt_exp_decriminalized-set	Provision the browser	2026-09-11T00:57:29.1684515Z Get:7 http://azure.archive.ubuntu.com/ubuntu noble/main amd64 xfonts-encodings all 1:1.0.5-0ubuntu2 [578 kB]
vt_exp_decriminalized-set	Provision the browser	2026-09-11T00:57:29.2245108Z Get:8 http://azure.archive.ubuntu.com/ubuntu noble/main amd64 xfonts-utils amd64 1:7.7+6build3 [94.4 kB]
vt_exp_decriminalized-set	Provision the browser	2026-09-11T00:57:29.2737914Z Get:9 http://azure.archive.ubuntu.com/ubuntu noble/universe amd64 xfonts-cyrillic all 1:1.0.5+nmu1 [384 kB]
vt_exp_decriminalized-set	Provision the browser	2026-09-11T00:57:29.3302018Z Get:10 http://azure.archive.ubuntu.com/ubuntu noble/main amd64 xfonts-scalable all 1:1.0.3-1.3 [304 kB]
vt_exp_decriminalized-set	Provision the browser	2026-09-11T00:57:29.5768375Z Fetched 21.1 MB in 1s (25.2 MB/s)
vt_exp_decriminalized-set	Provision the browser	2026-09-11T00:57:29.6010295Z Selecting previously unselected package fonts-ipafont-gothic.
vt_exp_decriminalized-set	Provision the browser	2026-09-11T00:57:29.6297163Z (Reading database ... 
vt_exp_decriminalized-set	Provision the browser	2026-09-11T00:57:29.6297606Z (Reading database ... 5%
vt_exp_decriminalized-set	Provision the browser	2026-09-11T00:57:29.6297942Z (Reading database ... 10%
vt_exp_decriminalized-set	Provision the browser	2026-09-11T00:57:29.6298253Z (Reading database ... 15%
vt_exp_decriminalized-set	Provision the browser	2026-09-11T00:57:29.6298576Z (Reading database ... 20%
vt_exp_decriminalized-set	Provision the browser	2026-09-11T00:57:29.6299337Z (Reading database ... 25%
vt_exp_decriminalized-set	Provision the browser	2026-09-11T00:57:29.6299769Z (Reading database ... 30%
vt_exp_decriminalized-set	Provision the browser	2026-09-11T00:57:29.6300194Z (Reading database ... 35%
vt_exp_decriminalized-set	Provision the browser	2026-09-11T00:57:29.6300614Z (Reading database ... 40%
vt_exp_decriminalized-set	Provision the browser	2026-09-11T00:57:29.6301025Z (Reading database ... 45%
vt_exp_decriminalized-set	Provision the browser	2026-09-11T00:57:29.6301436Z (Reading database ... 50%
vt_exp_decriminalized-set	Provision the browser	2026-09-11T00:57:29.6335578Z (Reading database ... 55%
vt_exp_decriminalized-set	Provision the browser	2026-09-11T00:57:29.7256428Z (Reading database ... 60%
vt_exp_decriminalized-set	Provision the browser	2026-09-11T00:57:29.7747238Z (Reading database ... 65%
vt_exp_decriminalized-set	Provision the browser	2026-09-11T00:57:29.8393937Z (Reading database ... 70%
vt_exp_decriminalized-set	Provision the browser	2026-09-11T00:57:29.9335334Z (Reading database ... 75%
vt_exp_decriminalized-set	Provision the browser	2026-09-11T00:57:30.0399098Z (Reading database ... 80%
vt_exp_decriminalized-set	Provision the browser	2026-09-11T00:57:30.1797988Z (Reading database ... 85%
vt_exp_decriminalized-set	Provision the browser	2026-09-11T00:57:30.3730511Z (Reading database ... 90%
vt_exp_decriminalized-set	Provision the browser	2026-09-11T00:57:30.5011289Z (Reading database ... 95%
vt_exp_decriminalized-set	Provision the browser	2026-09-11T00:57:30.5011806Z (Reading database ... 100%
vt_exp_decriminalized-set	Provision the browser	2026-09-11T00:57:30.5012495Z (Reading database ... 201818 files and directories currently installed.)
vt_exp_decriminalized-set	Provision the browser	2026-09-11T00:57:30.5051249Z Preparing to unpack .../0-fonts-ipafont-gothic_00303-21ubuntu1_all.deb ...
vt_exp_decriminalized-set	Provision the browser	2026-09-11T00:57:30.5150368Z Unpacking fonts-ipafont-gothic (00303-21ubuntu1) ...
vt_exp_decriminalized-set	Provision the browser	2026-09-11T00:57:30.7499862Z Selecting previously unselected package fonts-freefont-ttf.
vt_exp_decriminalized-set	Provision the browser	2026-09-11T00:57:30.7622872Z Preparing to unpack .../1-fonts-freefont-ttf_20211204+svn4273-2_all.deb ...
vt_exp_decriminalized-set	Provision the browser	2026-09-11T00:57:30.7632502Z Unpacking fonts-freefont-ttf (20211204+svn4273-2) ...
vt_exp_decriminalized-set	Provision the browser	2026-09-11T00:57:30.8417357Z Selecting previously unselected package fonts-tlwg-loma-otf.
vt_exp_decriminalized-set	Provision the browser	2026-09-11T00:57:30.8540212Z Preparing to unpack .../2-fonts-tlwg-loma-otf_1%3a0.7.3-1_all.deb ...
vt_exp_decriminalized-set	Provision the browser	2026-09-11T00:57:30.8549532Z Unpacking fonts-tlwg-loma-otf (1:0.7.3-1) ...
vt_exp_decriminalized-set	Provision the browser	2026-09-11T00:57:30.8754915Z Selecting previously unselected package fonts-unifont.
vt_exp_decriminalized-set	Provision the browser	2026-09-11T00:57:30.8876217Z Preparing to unpack .../3-fonts-unifont_1%3a15.1.01-1build1_all.deb ...
vt_exp_decriminalized-set	Provision the browser	2026-09-11T00:57:30.8884264Z Unpacking fonts-unifont (1:15.1.01-1build1) ...
vt_exp_decriminalized-set	Provision the browser	2026-09-11T00:57:30.9908864Z Selecting previously unselected package fonts-wqy-zenhei.
vt_exp_decriminalized-set	Provision the browser	2026-09-11T00:57:31.0031505Z Preparing to unpack .../4-fonts-wqy-zenhei_0.9.45-8_all.deb ...
vt_exp_decriminalized-set	Provision the browser	2026-09-11T00:57:31.0127715Z Unpacking fonts-wqy-zenhei (0.9.45-8) ...
vt_exp_decriminalized-set	Provision the browser	2026-09-11T00:57:31.4916506Z Selecting previously unselected package xfonts-encodings.
vt_exp_decriminalized-set	Provision the browser	2026-09-11T00:57:31.5039912Z Preparing to unpack .../5-xfonts-encodings_1%3a1.0.5-0ubuntu2_all.deb ...
vt_exp_decriminalized-set	Provision the browser	2026-09-11T00:57:31.5049037Z Unpacking xfonts-encodings (1:1.0.5-0ubuntu2) ...
vt_exp_decriminalized-set	Provision the browser	2026-09-11T00:57:31.5332259Z Selecting previously unselected package xfonts-utils.
vt_exp_decriminalized-set	Provision the browser	2026-09-11T00:57:31.5454471Z Preparing to unpack .../6-xfonts-utils_1%3a7.7+6build3_amd64.deb ...
vt_exp_decriminalized-set	Provision the browser	2026-09-11T00:57:31.5462806Z Unpacking xfonts-utils (1:7.7+6build3) ...
vt_exp_decriminalized-set	Provision the browser	2026-09-11T00:57:31.5835323Z Selecting previously unselected package xfonts-cyrillic.
vt_exp_decriminalized-set	Provision the browser	2026-09-11T00:57:31.5956986Z Preparing to unpack .../7-xfonts-cyrillic_1%3a1.0.5+nmu1_all.deb ...
vt_exp_decriminalized-set	Provision the browser	2026-09-11T00:57:31.5964790Z Unpacking xfonts-cyrillic (1:1.0.5+nmu1) ...
vt_exp_decriminalized-set	Provision the browser	2026-09-11T00:57:31.6297999Z Selecting previously unselected package xfonts-scalable.
vt_exp_decriminalized-set	Provision the browser	2026-09-11T00:57:31.6419063Z Preparing to unpack .../8-xfonts-scalable_1%3a1.0.3-1.3_all.deb ...
vt_exp_decriminalized-set	Provision the browser	2026-09-11T00:57:31.6428377Z Unpacking xfonts-scalable (1:1.0.3-1.3) ...
vt_exp_decriminalized-set	Provision the browser	2026-09-11T00:57:31.6827066Z Setting up fonts-wqy-zenhei (0.9.45-8) ...
vt_exp_decriminalized-set	Provision the browser	2026-09-11T00:57:31.6944321Z Setting up fonts-freefont-ttf (20211204+svn4273-2) ...
vt_exp_decriminalized-set	Provision the browser	2026-09-11T00:57:31.6966213Z Setting up fonts-tlwg-loma-otf (1:0.7.3-1) ...
vt_exp_decriminalized-set	Provision the browser	2026-09-11T00:57:31.6988082Z Setting up xfonts-encodings (1:1.0.5-0ubuntu2) ...
vt_exp_decriminalized-set	Provision the browser	2026-09-11T00:57:31.7009900Z Setting up fonts-ipafont-gothic (00303-21ubuntu1) ...
vt_exp_decriminalized-set	Provision the browser	2026-09-11T00:57:31.7074613Z update-alternatives: using /usr/share/fonts/opentype/ipafont-gothic/ipag.ttf to provide /usr/share/fonts/truetype/fonts-japanese-gothic.ttf (fonts-japanese-gothic.ttf) in auto mode
vt_exp_decriminalized-set	Provision the browser	2026-09-11T00:57:31.7092126Z Setting up fonts-unifont (1:15.1.01-1build1) ...
vt_exp_decriminalized-set	Provision the browser	2026-09-11T00:57:31.7113379Z Setting up xfonts-utils (1:7.7+6build3) ...
vt_exp_decriminalized-set	Provision the browser	2026-09-11T00:57:31.7154719Z Setting up xfonts-cyrillic (1:1.0.5+nmu1) ...
vt_exp_decriminalized-set	Provision the browser	2026-09-11T00:57:31.7453687Z Setting up xfonts-scalable (1:1.0.3-1.3) ...
vt_exp_decriminalized-set	Provision the browser	2026-09-11T00:57:31.7726643Z Processing triggers for man-db (2.12.0-4build2) ...
vt_exp_decriminalized-set	Provision the browser	2026-09-11T00:57:31.7747534Z Not building database; man-db/auto-update is not 'true'.
vt_exp_decriminalized-set	Provision the browser	2026-09-11T00:57:31.7761179Z Processing triggers for fontconfig (2.15.0-1.1ubuntu2) ...
vt_exp_decriminalized-set	Provision the browser	2026-09-11T00:57:32.5798517Z 
vt_exp_decriminalized-set	Provision the browser	2026-09-11T00:57:32.5799383Z Running kernel seems to be up-to-date.
vt_exp_decriminalized-set	Provision the browser	2026-09-11T00:57:32.5800008Z 
vt_exp_decriminalized-set	Provision the browser	2026-09-11T00:57:32.5800277Z No services need to be restarted.
vt_exp_decriminalized-set	Provision the browser	2026-09-11T00:57:32.5800581Z 
vt_exp_decriminalized-set	Provision the browser	2026-09-11T00:57:32.5800849Z No containers need to be restarted.
vt_exp_decriminalized-set	Provision the browser	2026-09-11T00:57:32.5801152Z 
vt_exp_decriminalized-set	Provision the browser	2026-09-11T00:57:32.5801469Z No user sessions are running outdated binaries.
vt_exp_decriminalized-set	Provision the browser	2026-09-11T00:57:32.5801843Z 
vt_exp_decriminalized-set	Provision the browser	2026-09-11T00:57:32.5802324Z No VM guests are running outdated hypervisor (qemu) binaries on this host.
vt_exp_decriminalized-set	Provision the browser	2026-09-11T00:57:33.3704596Z Downloading Chrome for Testing 148.0.7778.96 (playwright chromium v1223) from https://cdn.playwright.dev/builds/cft/148.0.7778.96/linux64/chrome-linux64.zip
vt_exp_decriminalized-set	Provision the browser	2026-09-11T00:57:34.4128851Z |                                                                                |   0% of 175.4 MiB
vt_exp_decriminalized-set	Provision the browser	2026-09-11T00:57:34.6331180Z |■■■■■■■■                                                                        |  10% of 175.4 MiB
vt_exp_decriminalized-set	Provision the browser	2026-09-11T00:57:34.7360726Z |■■■■■■■■■■■■■■■■                                                                |  20% of 175.4 MiB
vt_exp_decriminalized-set	Provision the browser	2026-09-11T00:57:34.8318101Z |■■■■■■■■■■■■■■■■■■■■■■■■                                                        |  30% of 175.4 MiB
vt_exp_decriminalized-set	Provision the browser	2026-09-11T00:57:34.9274788Z |■■■■■■■■■■■■■■■■■■■■■■■■■■■■■■■■                                                |  40% of 175.4 MiB
vt_exp_decriminalized-set	Provision the browser	2026-09-11T00:57:35.0201919Z |■■■■■■■■■■■■■■■■■■■■■■■■■■■■■■■■■■■■■■■■                                        |  50% of 175.4 MiB
vt_exp_decriminalized-set	Provision the browser	2026-09-11T00:57:35.1117865Z |■■■■■■■■■■■■■■■■■■■■■■■■■■■■■■■■■■■■■■■■■■■■■■■■                                |  60% of 175.4 MiB
vt_exp_decriminalized-set	Provision the browser	2026-09-11T00:57:35.2014459Z |■■■■■■■■■■■■■■■■■■■■■■■■■■■■■■■■■■■■■■■■■■■■■■■■■■■■■■■■                        |  70% of 175.4 MiB
vt_exp_decriminalized-set	Provision the browser	2026-09-11T00:57:35.2881737Z |■■■■■■■■■■■■■■■■■■■■■■■■■■■■■■■■■■■■■■■■■■■■■■■■■■■■■■■■■■■■■■■■                |  80% of 175.4 MiB
vt_exp_decriminalized-set	Provision the browser	2026-09-11T00:57:35.3672177Z |■■■■■■■■■■■■■■■■■■■■■■■■■■■■■■■■■■■■■■■■■■■■■■■■■■■■■■■■■■■■■■■■■■■■■■■■        |  90% of 175.4 MiB
vt_exp_decriminalized-set	Provision the browser	2026-09-11T00:57:35.4539124Z |■■■■■■■■■■■■■■■■■■■■■■■■■■■■■■■■■■■■■■■■■■■■■■■■■■■■■■■■■■■■■■■■■■■■■■■■■■■■■■■■| 100% of 175.4 MiB
vt_exp_decriminalized-set	Provision the browser	2026-09-11T00:57:38.1136886Z Chrome for Testing 148.0.7778.96 (playwright chromium v1223) downloaded to /home/runner/.cache/ms-playwright/chromium-1223
vt_exp_decriminalized-set	Provision the browser	2026-09-11T00:57:38.1140057Z Downloading FFmpeg (playwright ffmpeg v1011) from https://cdn.playwright.dev/dbazure/download/playwright/builds/ffmpeg/1011/ffmpeg-linux.zip
vt_exp_decriminalized-set	Provision the browser	2026-09-11T00:57:39.2795159Z |                                                                                |   0% of 2.3 MiB
vt_exp_decriminalized-set	Provision the browser	2026-09-11T00:57:39.3152354Z |■■■■■■■■                                                                        |  10% of 2.3 MiB
vt_exp_decriminalized-set	Provision the browser	2026-09-11T00:57:39.3375603Z |■■■■■■■■■■■■■■■■                                                                |  20% of 2.3 MiB
vt_exp_decriminalized-set	Provision the browser	2026-09-11T00:57:39.3542088Z |■■■■■■■■■■■■■■■■■■■■■■■■                                                        |  30% of 2.3 MiB
vt_exp_decriminalized-set	Provision the browser	2026-09-11T00:57:39.3671908Z |■■■■■■■■■■■■■■■■■■■■■■■■■■■■■■■■                                                |  40% of 2.3 MiB
vt_exp_decriminalized-set	Provision the browser	2026-09-11T00:57:39.3755919Z |■■■■■■■■■■■■■■■■■■■■■■■■■■■■■■■■■■■■■■■■                                        |  50% of 2.3 MiB
vt_exp_decriminalized-set	Provision the browser	2026-09-11T00:57:39.3930477Z |■■■■■■■■■■■■■■■■■■■■■■■■■■■■■■■■■■■■■■■■■■■■■■■■                                |  60% of 2.3 MiB
vt_exp_decriminalized-set	Provision the browser	2026-09-11T00:57:39.3975768Z |■■■■■■■■■■■■■■■■■■■■■■■■■■■■■■■■■■■■■■■■■■■■■■■■■■■■■■■■                        |  70% of 2.3 MiB
vt_exp_decriminalized-set	Provision the browser	2026-09-11T00:57:39.4020317Z |■■■■■■■■■■■■■■■■■■■■■■■■■■■■■■■■■■■■■■■■■■■■■■■■■■■■■■■■■■■■■■■■                |  80% of 2.3 MiB
vt_exp_decriminalized-set	Provision the browser	2026-09-11T00:57:39.4103084Z |■■■■■■■■■■■■■■■■■■■■■■■■■■■■■■■■■■■■■■■■■■■■■■■■■■■■■■■■■■■■■■■■■■■■■■■■        |  90% of 2.3 MiB
vt_exp_decriminalized-set	Provision the browser	2026-09-11T00:57:39.4177316Z |■■■■■■■■■■■■■■■■■■■■■■■■■■■■■■■■■■■■■■■■■■■■■■■■■■■■■■■■■■■■■■■■■■■■■■■■■■■■■■■■| 100% of 2.3 MiB
vt_exp_decriminalized-set	Provision the browser	2026-09-11T00:57:39.4777128Z FFmpeg (playwright ffmpeg v1011) downloaded to /home/runner/.cache/ms-playwright/ffmpeg-1011
vt_exp_decriminalized-set	Provision the browser	2026-09-11T00:57:39.4780580Z Downloading Chrome Headless Shell 148.0.7778.96 (playwright chromium-headless-shell v1223) from https://cdn.playwright.dev/builds/cft/148.0.7778.96/linux64/chrome-headless-shell-linux64.zip
vt_exp_decriminalized-set	Provision the browser	2026-09-11T00:57:40.5115312Z |                                                                                |   0% of 113.2 MiB
vt_exp_decriminalized-set	Provision the browser	2026-09-11T00:57:40.6801336Z |■■■■■■■■                                                                        |  10% of 113.2 MiB
vt_exp_decriminalized-set	Provision the browser	2026-09-11T00:57:40.7394432Z |■■■■■■■■■■■■■■■■                                                                |  20% of 113.2 MiB
vt_exp_decriminalized-set	Provision the browser	2026-09-11T00:57:40.7926087Z |■■■■■■■■■■■■■■■■■■■■■■■■                                                        |  30% of 113.2 MiB
vt_exp_decriminalized-set	Provision the browser	2026-09-11T00:57:40.8529086Z |■■■■■■■■■■■■■■■■■■■■■■■■■■■■■■■■                                                |  40% of 113.2 MiB
vt_exp_decriminalized-set	Provision the browser	2026-09-11T00:57:40.8997542Z |■■■■■■■■■■■■■■■■■■■■■■■■■■■■■■■■■■■■■■■■                                        |  50% of 113.2 MiB
vt_exp_decriminalized-set	Provision the browser	2026-09-11T00:57:40.9504767Z |■■■■■■■■■■■■■■■■■■■■■■■■■■■■■■■■■■■■■■■■■■■■■■■■                                |  60% of 113.2 MiB
vt_exp_decriminalized-set	Provision the browser	2026-09-11T00:57:40.9930911Z |■■■■■■■■■■■■■■■■■■■■■■■■■■■■■■■■■■■■■■■■■■■■■■■■■■■■■■■■                        |  70% of 113.2 MiB
vt_exp_decriminalized-set	Provision the browser	2026-09-11T00:57:41.0417439Z |■■■■■■■■■■■■■■■■■■■■■■■■■■■■■■■■■■■■■■■■■■■■■■■■■■■■■■■■■■■■■■■■                |  80% of 113.2 MiB
vt_exp_decriminalized-set	Provision the browser	2026-09-11T00:57:41.0901035Z |■■■■■■■■■■■■■■■■■■■■■■■■■■■■■■■■■■■■■■■■■■■■■■■■■■■■■■■■■■■■■■■■■■■■■■■■        |  90% of 113.2 MiB
vt_exp_decriminalized-set	Provision the browser	2026-09-11T00:57:41.1379781Z |■■■■■■■■■■■■■■■■■■■■■■■■■■■■■■■■■■■■■■■■■■■■■■■■■■■■■■■■■■■■■■■■■■■■■■■■■■■■■■■■| 100% of 113.2 MiB
vt_exp_decriminalized-set	Provision the browser	2026-09-11T00:57:43.0889712Z Chrome Headless Shell 148.0.7778.96 (playwright chromium-headless-shell v1223) downloaded to /home/runner/.cache/ms-playwright/chromium_headless_shell-1223
vt_exp_decriminalized-set	Render and measure vt_exp_decriminalized-set	﻿2026-09-11T00:57:43.1146141Z ##[group]Run node scripts/rcap-raster-batch.mjs \
vt_exp_decriminalized-set	Render and measure vt_exp_decriminalized-set	2026-09-11T00:57:43.1146757Z ^[[36;1mnode scripts/rcap-raster-batch.mjs \^[[0m
vt_exp_decriminalized-set	Render and measure vt_exp_decriminalized-set	2026-09-11T00:57:43.1147271Z ^[[36;1m  --manifest "$MANIFEST_PATH" \^[[0m
vt_exp_decriminalized-set	Render and measure vt_exp_decriminalized-set	2026-09-11T00:57:43.1147745Z ^[[36;1m  --family "$FAMILY" \^[[0m
vt_exp_decriminalized-set	Render and measure vt_exp_decriminalized-set	2026-09-11T00:57:43.1148179Z ^[[36;1m  --commit "$COMMIT_SHA" \^[[0m
vt_exp_decriminalized-set	Render and measure vt_exp_decriminalized-set	2026-09-11T00:57:43.1148834Z ^[[36;1m  --scale "$REQUESTED_SCALE" \^[[0m
vt_exp_decriminalized-set	Render and measure vt_exp_decriminalized-set	2026-09-11T00:57:43.1149231Z ^[[36;1m  --run-id "$WORKFLOW_RUN_ID" \^[[0m
vt_exp_decriminalized-set	Render and measure vt_exp_decriminalized-set	2026-09-11T00:57:43.1149507Z ^[[36;1m  --out raster-out^[[0m
vt_exp_decriminalized-set	Render and measure vt_exp_decriminalized-set	2026-09-11T00:57:43.1186783Z shell: /usr/bin/bash -e {0}
vt_exp_decriminalized-set	Render and measure vt_exp_decriminalized-set	2026-09-11T00:57:43.1187036Z env:
vt_exp_decriminalized-set	Render and measure vt_exp_decriminalized-set	2026-09-11T00:57:43.1187311Z   pythonLocation: /opt/hostedtoolcache/Python/3.12.14/x64
vt_exp_decriminalized-set	Render and measure vt_exp_decriminalized-set	2026-09-11T00:57:43.1187752Z   PKG_CONFIG_PATH: /opt/hostedtoolcache/Python/3.12.14/x64/lib/pkgconfig
vt_exp_decriminalized-set	Render and measure vt_exp_decriminalized-set	2026-09-11T00:57:43.1188193Z   Python_ROOT_DIR: /opt/hostedtoolcache/Python/3.12.14/x64
vt_exp_decriminalized-set	Render and measure vt_exp_decriminalized-set	2026-09-11T00:57:43.1188808Z   Python2_ROOT_DIR: /opt/hostedtoolcache/Python/3.12.14/x64
vt_exp_decriminalized-set	Render and measure vt_exp_decriminalized-set	2026-09-11T00:57:43.1189284Z   Python3_ROOT_DIR: /opt/hostedtoolcache/Python/3.12.14/x64
vt_exp_decriminalized-set	Render and measure vt_exp_decriminalized-set	2026-09-11T00:57:43.1189710Z   LD_LIBRARY_PATH: /opt/hostedtoolcache/Python/3.12.14/x64/lib
vt_exp_decriminalized-set	Render and measure vt_exp_decriminalized-set	2026-09-11T00:57:43.1190119Z   PLAYWRIGHT_BROWSERS_PATH: /home/runner/.cache/ms-playwright
vt_exp_decriminalized-set	Render and measure vt_exp_decriminalized-set	2026-09-11T00:57:43.1190562Z   MANIFEST_PATH: data/rcap-grade-a/packet-factory-24h/RASTER_QUEUE.json
vt_exp_decriminalized-set	Render and measure vt_exp_decriminalized-set	2026-09-11T00:57:43.1190948Z   FAMILY: vt_exp_decriminalized-set
vt_exp_decriminalized-set	Render and measure vt_exp_decriminalized-set	2026-09-11T00:57:43.1191252Z   COMMIT_SHA: 0a770842ee41cf776ab4972151559374a3964846
vt_exp_decriminalized-set	Render and measure vt_exp_decriminalized-set	2026-09-11T00:57:43.1191542Z   REQUESTED_SCALE: 2.5
vt_exp_decriminalized-set	Render and measure vt_exp_decriminalized-set	2026-09-11T00:57:43.1191756Z   WORKFLOW_RUN_ID: 34548354299
vt_exp_decriminalized-set	Render and measure vt_exp_decriminalized-set	2026-09-11T00:57:43.1191983Z ##[endgroup]
vt_exp_decriminalized-set	Render and measure vt_exp_decriminalized-set	2026-09-11T01:00:44.4657299Z RCAP_RECEIPT_BEGIN family=vt_exp_decriminalized-set run=34548354299 commit=0a770842ee41cf776ab4972151559374a3964846
vt_exp_decriminalized-set	Render and measure vt_exp_decriminalized-set	2026-09-11T01:00:44.4719754Z RCAP_RECEIPT_VERDICT {"schemaVersion":"rcap-raster-family-verdict/v1","familyId":"vt_exp_decriminalized-set","verdict":"RASTER_PASS","packetCommitSha":"0a770842ee41cf776ab4972151559374a3964846","workflowRunId":"34548354299","requestedScale":2.5,"cssPxPerPt":1.3333333333333333,"browserExecutable":"/home/runner/.cache/ms-playwright/chromium-1223/chrome-linux64/chrome","resolvedBy":"PLAYWRIGHT_BROWSERS_PATH","operatingSystem":"Linux 6.17.0-1022-azure x64","nodeVersion":"v22.23.2","hashesBound":{"canonical":{"path":"data/rcap-all50/overlays/census-v1/vt/vt-exp-decriminalized-set--official-pdf-fill/fixtures/canonical.pdf","pinned":"a037678f261d665110b15b66fd3a2d02ee5d555097f0d8c1b780d5b36473c97b"},"boundary":{"path":"data/rcap-all50/overlays/census-v1/vt/vt-exp-decriminalized-set--official-pdf-fill/fixtures/boundary.pdf","pinned":"80a016982254099af7ab558616ba8d96169e61244c5796d2fbaf6bcebefecd6a"}},"documentsRendered":[{"role":"canonical","document":"canonical.pdf","path":"data/rcap-all50/overlays/census-v1/vt/vt-exp-decriminalized-set--official-pdf-fill/fixtures/canonical.pdf","pinned":"a037678f261d665110b15b66fd3a2d02ee5d555097f0d8c1b780d5b36473c97b"},{"role":"boundary","document":"boundary.pdf","path":"data/rcap-all50/overlays/census-v1/vt/vt-exp-decriminalized-set--official-pdf-fill/fixtures/boundary.pdf","pinned":"80a016982254099af7ab558616ba8d96169e61244c5796d2fbaf6bcebefecd6a"}],"documentsDigest":"de73aba4610352adc04387e625e592150eb53ff6a0f284a8516de30b6a31e01a","coversTheWholeFamily":true,"decryptionTransforms":[],"decryptionRule":"An encrypted source is hashed before any transform; Poppler and qpdf must independently agree on its page count; only the temporary decrypted derivative is passed to pdf-lib for calibrated rendering; the queued packet bytes are never modified.","pagesMeasured":16,"measurements":[{"kind":"canonical","document":"canonical.pdf","page":1,"png":"vt_exp_decriminalized-set/canonical/page-001.png","bytes":410889,"pngSha256":"5a18d3a57944bd4a753d0073a9b3d135a80d48d87e90601d51a6573f20e37e38","pngWidth":2040,"pngHeight":2640,"paper":{"x0":204,"y0":3,"x1":2243,"y1":2642,"width":2040,"height":2640},"pxPerPt":3.3333333333333335,"expectedPxPerPt":3.333333333333333,"pageWidthPt":612,"pageHeightPt":792,"expectedPx":{"width":2039.9999999999998,"height":2639.9999999999995,"tolerancePx":6.666666666666666},"calibrationResidualPx":0,"inkFractionInsidePaper":0.05347909239453357,"nonblank":true,"croppedToThePage":true},{"kind":"canonical","document":"canonical.pdf","page":2,"png":"vt_exp_decriminalized-set/canonical/page-002.png","bytes":289047,"pngSha256":"cba97161954b0e9f725d35e78e491cc9b57ceb9effa5dc5190403889f7605f96","pngWidth":2040,"pngHeight":2640,"paper":{"x0":204,"y0":3,"x1":2243,"y1":2642,"width":2040,"height":2640},"pxPerPt":3.3333333333333335,"expectedPxPerPt":3.333333333333333,"pageWidthPt":612,"pageHeightPt":792,"expectedPx":{"width":2039.9999999999998,"height":2639.9999999999995,"tolerancePx":6.666666666666666},"calibrationResidualPx":0,"inkFractionInsidePaper":0.04690563725490196,"nonblank":true,"croppedToThePage":true},{"kind":"canonical","document":"canonical.pdf","page":3,"png":"vt_exp_decriminalized-set/canonical/page-003.png","bytes":430461,"pngSha256":"59b6aca3971a22a8befd06a0edee9be38fafa32b2dc2f0f40c8b67ad87ed41ee","pngWidth":2040,"pngHeight":2640,"paper":{"x0":204,"y0":3,"x1":2243,"y1":2642,"width":2040,"height":2640},"pxPerPt":3.3333333333333335,"expectedPxPerPt":3.333333333333333,"pageWidthPt":612,"pageHeightPt":792,"expectedPx":{"width":2039.9999999999998,"height":2639.9999999999995,"tolerancePx":6.666666666666666},"calibrationResidualPx":0,"inkFractionInsidePaper":0.06662544563279857,"nonblank":true,"croppedToThePage":true},{"kind":"canonical","document":"canonical.pdf","page":4,"png":"vt_exp_decriminalized-set/canonical/page-004.png","bytes":165600,"pngSha256":"42a18d42c0c8eaa4fb519d6359a5b0304ed2d817b43afe84c42beb6597e545b9","pngWidth":2040,"pngHeight":2640,"paper":{"x0":204,"y0":3,"x1":2243,"y1":2642,"width":2040,"height":2640},"pxPerPt":3.3333333333333335,"expectedPxPerPt":3.333333333333333,"pageWidthPt":612,"pageHeightPt":792,"expectedPx":{"width":2039.9999999999998,"height":2639.9999999999995,"tolerancePx":6.666666666666666},"calibrationResidualPx":0,"inkFractionInsidePaper":0.01621899138443256,"nonblank":true,"croppedToThePage":true},{"kind":"canonical","document":"canonical.pdf","page":5,"png":"vt_exp_decriminalized-set/canonical/page-005.png","bytes":456003,"pngSha256":"914c0358a7ea896804bcf316195c1f3154a1faebd26d4afd065488f1ad6281ab","pngWidth":2040,"pngHeight":2640,"paper":{"x0":204,"y0":3,"x1":2243,"y1":2642,"width":2040,"height":2640},"pxPerPt":3.3333333333333335,"expectedPxPerPt":3.333333333333333,"pageWidthPt":612,"pageHeightPt":792,"expectedPx":{"width":2039.9999999999998,"height":2639.9999999999995,"tolerancePx":6.666666666666666},"calibrationResidualPx":0,"inkFractionInsidePaper":0.05725824420677362,"nonblank":true,"croppedToThePage":true},{"kind":"canonical","document":"canonical.pdf","page":6,"png":"vt_exp_decriminalized-set/canonical/page-006.png","bytes":267227,"pngSha256":"53e269c0519a885a3dcc4d05260b25891b47c2c31a99979181489609e0481d60","pngWidth":2040,"pngHeight":2640,"paper":{"x0":204,"y0":3,"x1":2243,"y1":2642,"width":2040,"height":2640},"pxPerPt":3.3333333333333335,"expectedPxPerPt":3.333333333333333,"pageWidthPt":612,"pageHeightPt":792,"expectedPx":{"width":2039.9999999999998,"height":2639.9999999999995,"tolerancePx":6.666666666666666},"calibrationResidualPx":0,"inkFractionInsidePaper":0.04457961972667855,"nonblank":true,"croppedToThePage":true},{"kind":"canonical","document":"canonical.pdf","page":7,"png":"vt_exp_decriminalized-set/canonical/page-007.png","bytes":432973,"pngSha256":"555da21a86a8993ad53a6e498b5059fc01921c90a66e323d125cd09c1d2437d4","pngWidth":2040,"pngHeight":2640,"paper":{"x0":204,"y0":3,"x1":2243,"y1":2642,"width":2040,"height":2640},"pxPerPt":3.3333333333333335,"expectedPxPerPt":3.333333333333333,"pageWidthPt":612,"pageHeightPt":792,"expectedPx":{"width":2039.9999999999998,"height":2639.9999999999995,"tolerancePx":6.666666666666666},"calibrationResidualPx":0,"inkFractionInsidePaper":0.04847017973856209,"nonblank":true,"croppedToThePage":true},{"kind":"canonical","document":"canonical.pdf","page":8,"png":"vt_exp_decriminalized-set/canonical/page-008.png","bytes":369959,"pngSha256":"50adfc75bca83540aaa0edc683c5609ba24e6882f80ffc34482d7e98ad94420d","pngWidth":2040,"pngHeight":2640,"paper":{"x0":204,"y0":3,"x1":2243,"y1":2642,"width":2040,"height":2640},"pxPerPt":3.3333333333333335,"expectedPxPerPt":3.333333333333333,"pageWidthPt":612,"pageHeightPt":792,"expectedPx":{"width":2039.9999999999998,"height":2639.9999999999995,"tolerancePx":6.666666666666666},"calibrationResidualPx":0,"inkFractionInsidePaper":0.04374851455733809,"nonblank":true,"croppedToThePage":true},{"kind":"boundary","document":"boundary.pdf","page":1,"png":"vt_exp_decriminalized-set/boundary/page-001.png","bytes":416392,"pngSha256":"17a9a6c7063b3aec2dace15d3e1e3d6c06814e409d025b6addcfa84e3cff39eb","pngWidth":2040,"pngHeight":2640,"paper":{"x0":204,"y0":3,"x1":2243,"y1":2642,"width":2040,"height":2640},"pxPerPt":3.3333333333333335,"expectedPxPerPt":3.333333333333333,"pageWidthPt":612,"pageHeightPt":792,"expectedPx":{"width":2039.9999999999998,"height":2639.9999999999995,"tolerancePx":6.666666666666666},"calibrationResidualPx":0,"inkFractionInsidePaper":0.05421680035650624,"nonblank":true,"croppedToThePage":true},{"kind":"boundary","document":"boundary.pdf","page":2,"png":"vt_exp_decriminalized-set/boundary/page-002.png","bytes":308453,"pngSha256":"749a02b149f6cf7ca42838aa685b656c8d868057a048bf23ece15bb02cac504f","pngWidth":2040,"pngHeight":2640,"paper":{"x0":204,"y0":3,"x1":2243,"y1":2642,"width":2040,"height":2640},"pxPerPt":3.3333333333333335,"expectedPxPerPt":3.333333333333333,"pageWidthPt":612,"pageHeightPt":792,"expectedPx":{"width":2039.9999999999998,"height":2639.9999999999995,"tolerancePx":6.666666666666666},"calibrationResidualPx":0,"inkFractionInsidePaper":0.049132315805109926,"nonblank":true,"croppedToThePage":true},{"kind":"boundary","document":"boundary.pdf","page":3,"png":"vt_exp_decriminalized-set/boundary/page-003.png","bytes":444742,"pngSha256":"df4dc767f8203245f866e5b9424ff4164f1800e9a7a9918f2a8a66d238727f80","pngWidth":2040,"pngHeight":2640,"paper":{"x0":204,"y0":3,"x1":2243,"y1":2642,"width":2040,"height":2640},"pxPerPt":3.3333333333333335,"expectedPxPerPt":3.333333333333333,"pageWidthPt":612,"pageHeightPt":792,"expectedPx":{"width":2039.9999999999998,"height":2639.9999999999995,"tolerancePx":6.666666666666666},"calibrationResidualPx":0,"inkFractionInsidePaper":0.06846349524658348,"nonblank":true,"croppedToThePage":true},{"kind":"boundary","document":"boundary.pdf","page":4,"png":"vt_exp_decriminalized-set/boundary/page-004.png","bytes":165600,"pngSha256":"42a18d42c0c8eaa4fb519d6359a5b0304ed2d817b43afe84c42beb6597e545b9","pngWidth":2040,"pngHeight":2640,"paper":{"x0":204,"y0":3,"x1":2243,"y1":2642,"width":2040,"height":2640},"pxPerPt":3.3333333333333335,"expectedPxPerPt":3.333333333333333,"pageWidthPt":612,"pageHeightPt":792,"expectedPx":{"width":2039.9999999999998,"height":2639.9999999999995,"tolerancePx":6.666666666666666},"calibrationResidualPx":0,"inkFractionInsidePaper":0.01621899138443256,"nonblank":true,"croppedToThePage":true},{"kind":"boundary","document":"boundary.pdf","page":5,"png":"vt_exp_decriminalized-set/boundary/page-005.png","bytes":456003,"pngSha256":"914c0358a7ea896804bcf316195c1f3154a1faebd26d4afd065488f1ad6281ab","pngWidth":2040,"pngHeight":2640,"paper":{"x0":204,"y0":3,"x1":2243,"y1":2642,"width":2040,"height":2640},"pxPerPt":3.3333333333333335,"expectedPxPerPt":3.333333333333333,"pageWidthPt":612,"pageHeightPt":792,"expectedPx":{"width":2039.9999999999998,"height":2639.9999999999995,"tolerancePx":6.666666666666666},"calibrationResidualPx":0,"inkFractionInsidePaper":0.05725824420677362,"nonblank":true,"croppedToThePage":true},{"kind":"boundary","document":"boundary.pdf","page":6,"png":"vt_exp_decriminalized-set/boundary/page-006.png","bytes":267227,"pngSha256":"53e269c0519a885a3dcc4d05260b25891b47c2c31a99979181489609e0481d60","pngWidth":2040,"pngHeight":2640,"paper":{"x0":204,"y0":3,"x1":2243,"y1":2642,"width":2040,"height":2640},"pxPerPt":3.3333333333333335,"expectedPxPerPt":3.333333333333333,"pageWidthPt":612,"pageHeightPt":792,"expectedPx":{"width":2039.9999999999998,"height":2639.9999999999995,"tolerancePx":6.666666666666666},"calibrationResidualPx":0,"inkFractionInsidePaper":0.04457961972667855,"nonblank":true,"croppedToThePage":true},{"kind":"boundary","document":"boundary.pdf","page":7,"png":"vt_exp_decriminalized-set/boundary/page-007.png","bytes":439051,"pngSha256":"e407589b95763ebe97287f1d810eead45df7c17c9ffd149967ba182964f2fdb9","pngWidth":2040,"pngHeight":2640,"paper":{"x0":204,"y0":3,"x1":2243,"y1":2642,"width":2040,"height":2640},"pxPerPt":3.3333333333333335,"expectedPxPerPt":3.333333333333333,"pageWidthPt":612,"pageHeightPt":792,"expectedPx":{"width":2039.9999999999998,"height":2639.9999999999995,"tolerancePx":6.666666666666666},"calibrationResidualPx":0,"inkFractionInsidePaper":0.04908199643493761,"nonblank":true,"croppedToThePage":true},{"kind":"boundary","document":"boundary.pdf","page":8,"png":"vt_exp_decriminalized-set/boundary/page-008.png","bytes":446599,"pngSha256":"34410d556ac35b9af16228c1dcc2e84cd1a0b4bf6b64e30d8adc8deb5213b51e","pngWidth":2040,"pngHeight":2640,"paper":{"x0":204,"y0":3,"x1":2243,"y1":2642,"width":2040,"height":2640},"pxPerPt":3.3333333333333335,"expectedPxPerPt":3.333333333333333,"pageWidthPt":612,"pageHeightPt":792,"expectedPx":{"width":2039.9999999999998,"height":2639.9999999999995,"tolerancePx":6.666666666666666},"calibrationResidualPx":0,"inkFractionInsidePaper":0.052939691027926325,"nonblank":true,"croppedToThePage":true}],"problems":[],"environmentProblems":[],"whatThisDoesNotDecide":"This is one gate. RASTER_PASS does not make a family PASS_COMPLETE, promotes nothing, and opens no commercial route.","packetPdfsModified":0,"bodiesCommitted":0,"commercialRoutesOpened":0,"productionTouched":false}
vt_exp_decriminalized-set	Render and measure vt_exp_decriminalized-set	2026-09-11T01:00:44.4776909Z RCAP_RECEIPT_INVENTORY [{"runId":"34548354299","familyId":"vt_exp_decriminalized-set","member":"vt_exp_decriminalized-set/canonical/page-001.png","bytes":410889,"sha256":"5a18d3a57944bd4a753d0073a9b3d135a80d48d87e90601d51a6573f20e37e38","pngWidth":2040,"pngHeight":2640},{"runId":"34548354299","familyId":"vt_exp_decriminalized-set","member":"vt_exp_decriminalized-set/canonical/page-002.png","bytes":289047,"sha256":"cba97161954b0e9f725d35e78e491cc9b57ceb9effa5dc5190403889f7605f96","pngWidth":2040,"pngHeight":2640},{"runId":"34548354299","familyId":"vt_exp_decriminalized-set","member":"vt_exp_decriminalized-set/canonical/page-003.png","bytes":430461,"sha256":"59b6aca3971a22a8befd06a0edee9be38fafa32b2dc2f0f40c8b67ad87ed41ee","pngWidth":2040,"pngHeight":2640},{"runId":"34548354299","familyId":"vt_exp_decriminalized-set","member":"vt_exp_decriminalized-set/canonical/page-004.png","bytes":165600,"sha256":"42a18d42c0c8eaa4fb519d6359a5b0304ed2d817b43afe84c42beb6597e545b9","pngWidth":2040,"pngHeight":2640},{"runId":"34548354299","familyId":"vt_exp_decriminalized-set","member":"vt_exp_decriminalized-set/canonical/page-005.png","bytes":456003,"sha256":"914c0358a7ea896804bcf316195c1f3154a1faebd26d4afd065488f1ad6281ab","pngWidth":2040,"pngHeight":2640},{"runId":"34548354299","familyId":"vt_exp_decriminalized-set","member":"vt_exp_decriminalized-set/canonical/page-006.png","bytes":267227,"sha256":"53e269c0519a885a3dcc4d05260b25891b47c2c31a99979181489609e0481d60","pngWidth":2040,"pngHeight":2640},{"runId":"34548354299","familyId":"vt_exp_decriminalized-set","member":"vt_exp_decriminalized-set/canonical/page-007.png","bytes":432973,"sha256":"555da21a86a8993ad53a6e498b5059fc01921c90a66e323d125cd09c1d2437d4","pngWidth":2040,"pngHeight":2640},{"runId":"34548354299","familyId":"vt_exp_decriminalized-set","member":"vt_exp_decriminalized-set/canonical/page-008.png","bytes":369959,"sha256":"50adfc75bca83540aaa0edc683c5609ba24e6882f80ffc34482d7e98ad94420d","pngWidth":2040,"pngHeight":2640},{"runId":"34548354299","familyId":"vt_exp_decriminalized-set","member":"vt_exp_decriminalized-set/boundary/page-001.png","bytes":416392,"sha256":"17a9a6c7063b3aec2dace15d3e1e3d6c06814e409d025b6addcfa84e3cff39eb","pngWidth":2040,"pngHeight":2640},{"runId":"34548354299","familyId":"vt_exp_decriminalized-set","member":"vt_exp_decriminalized-set/boundary/page-002.png","bytes":308453,"sha256":"749a02b149f6cf7ca42838aa685b656c8d868057a048bf23ece15bb02cac504f","pngWidth":2040,"pngHeight":2640},{"runId":"34548354299","familyId":"vt_exp_decriminalized-set","member":"vt_exp_decriminalized-set/boundary/page-003.png","bytes":444742,"sha256":"df4dc767f8203245f866e5b9424ff4164f1800e9a7a9918f2a8a66d238727f80","pngWidth":2040,"pngHeight":2640},{"runId":"34548354299","familyId":"vt_exp_decriminalized-set","member":"vt_exp_decriminalized-set/boundary/page-004.png","bytes":165600,"sha256":"42a18d42c0c8eaa4fb519d6359a5b0304ed2d817b43afe84c42beb6597e545b9","pngWidth":2040,"pngHeight":2640},{"runId":"34548354299","familyId":"vt_exp_decriminalized-set","member":"vt_exp_decriminalized-set/boundary/page-005.png","bytes":456003,"sha256":"914c0358a7ea896804bcf316195c1f3154a1faebd26d4afd065488f1ad6281ab","pngWidth":2040,"pngHeight":2640},{"runId":"34548354299","familyId":"vt_exp_decriminalized-set","member":"vt_exp_decriminalized-set/boundary/page-006.png","bytes":267227,"sha256":"53e269c0519a885a3dcc4d05260b25891b47c2c31a99979181489609e0481d60","pngWidth":2040,"pngHeight":2640},{"runId":"34548354299","familyId":"vt_exp_decriminalized-set","member":"vt_exp_decriminalized-set/boundary/page-007.png","bytes":439051,"sha256":"e407589b95763ebe97287f1d810eead45df7c17c9ffd149967ba182964f2fdb9","pngWidth":2040,"pngHeight":2640},{"runId":"34548354299","familyId":"vt_exp_decriminalized-set","member":"vt_exp_decriminalized-set/boundary/page-008.png","bytes":446599,"sha256":"34410d556ac35b9af16228c1dcc2e84cd1a0b4bf6b64e30d8adc8deb5213b51e","pngWidth":2040,"pngHeight":2640}]
vt_exp_decriminalized-set	Render and measure vt_exp_decriminalized-set	2026-09-11T01:00:44.4790985Z RCAP_RECEIPT_END family=vt_exp_decriminalized-set run=34548354299 pages=16
vt_exp_decriminalized-set	Render and measure vt_exp_decriminalized-set	2026-09-11T01:00:44.4791943Z RASTER_PASS vt_exp_decriminalized-set — 2 document(s), 16 page(s) measured, 0 problem(s)
vt_exp_decriminalized-set	Print the verdict and the page digests to the log	﻿2026-09-11T01:00:44.4855923Z ##[group]Run set -uo pipefail
vt_exp_decriminalized-set	Print the verdict and the page digests to the log	2026-09-11T01:00:44.4856342Z ^[[36;1mset -uo pipefail^[[0m
vt_exp_decriminalized-set	Print the verdict and the page digests to the log	2026-09-11T01:00:44.4867748Z ^[[36;1mfor v in raster-out/*.verdict.json; do^[[0m
vt_exp_decriminalized-set	Print the verdict and the page digests to the log	2026-09-11T01:00:44.4868100Z ^[[36;1m  [ -e "$v" ] || continue^[[0m
vt_exp_decriminalized-set	Print the verdict and the page digests to the log	2026-09-11T01:00:44.4868419Z ^[[36;1m  echo "===== BEGIN VERDICT $(basename "$v") ====="^[[0m
vt_exp_decriminalized-set	Print the verdict and the page digests to the log	2026-09-11T01:00:44.4868993Z ^[[36;1m  cat "$v"^[[0m
vt_exp_decriminalized-set	Print the verdict and the page digests to the log	2026-09-11T01:00:44.4869254Z ^[[36;1m  echo "===== END VERDICT $(basename "$v") ====="^[[0m
vt_exp_decriminalized-set	Print the verdict and the page digests to the log	2026-09-11T01:00:44.4869542Z ^[[36;1mdone^[[0m
vt_exp_decriminalized-set	Print the verdict and the page digests to the log	2026-09-11T01:00:44.4869767Z ^[[36;1mecho "===== BEGIN PAGE DIGESTS ====="^[[0m
vt_exp_decriminalized-set	Print the verdict and the page digests to the log	2026-09-11T01:00:44.4870200Z ^[[36;1mfind raster-out -type f -name '*.png' -print0 | sort -z | xargs -0 -r sha256sum^[[0m
vt_exp_decriminalized-set	Print the verdict and the page digests to the log	2026-09-11T01:00:44.4870633Z ^[[36;1mecho "===== END PAGE DIGESTS ====="^[[0m
vt_exp_decriminalized-set	Print the verdict and the page digests to the log	2026-09-11T01:00:44.4907383Z shell: /usr/bin/bash -e {0}
vt_exp_decriminalized-set	Print the verdict and the page digests to the log	2026-09-11T01:00:44.4907643Z env:
vt_exp_decriminalized-set	Print the verdict and the page digests to the log	2026-09-11T01:00:44.4907912Z   pythonLocation: /opt/hostedtoolcache/Python/3.12.14/x64
vt_exp_decriminalized-set	Print the verdict and the page digests to the log	2026-09-11T01:00:44.4908358Z   PKG_CONFIG_PATH: /opt/hostedtoolcache/Python/3.12.14/x64/lib/pkgconfig
vt_exp_decriminalized-set	Print the verdict and the page digests to the log	2026-09-11T01:00:44.4909091Z   Python_ROOT_DIR: /opt/hostedtoolcache/Python/3.12.14/x64
vt_exp_decriminalized-set	Print the verdict and the page digests to the log	2026-09-11T01:00:44.4909490Z   Python2_ROOT_DIR: /opt/hostedtoolcache/Python/3.12.14/x64
vt_exp_decriminalized-set	Print the verdict and the page digests to the log	2026-09-11T01:00:44.4909866Z   Python3_ROOT_DIR: /opt/hostedtoolcache/Python/3.12.14/x64
vt_exp_decriminalized-set	Print the verdict and the page digests to the log	2026-09-11T01:00:44.4910251Z   LD_LIBRARY_PATH: /opt/hostedtoolcache/Python/3.12.14/x64/lib
vt_exp_decriminalized-set	Print the verdict and the page digests to the log	2026-09-11T01:00:44.4910651Z   PLAYWRIGHT_BROWSERS_PATH: /home/runner/.cache/ms-playwright
vt_exp_decriminalized-set	Print the verdict and the page digests to the log	2026-09-11T01:00:44.4910983Z ##[endgroup]
vt_exp_decriminalized-set	Print the verdict and the page digests to the log	2026-09-11T01:00:44.4985075Z ===== BEGIN VERDICT vt_exp_decriminalized-set.verdict.json =====
vt_exp_decriminalized-set	Print the verdict and the page digests to the log	2026-09-11T01:00:44.4994931Z {
vt_exp_decriminalized-set	Print the verdict and the page digests to the log	2026-09-11T01:00:44.4995510Z   "schemaVersion": "rcap-raster-family-verdict/v1",
vt_exp_decriminalized-set	Print the verdict and the page digests to the log	2026-09-11T01:00:44.4996238Z   "familyId": "vt_exp_decriminalized-set",
vt_exp_decriminalized-set	Print the verdict and the page digests to the log	2026-09-11T01:00:44.4996815Z   "verdict": "RASTER_PASS",
vt_exp_decriminalized-set	Print the verdict and the page digests to the log	2026-09-11T01:00:44.4997471Z   "packetCommitSha": "0a770842ee41cf776ab4972151559374a3964846",
vt_exp_decriminalized-set	Print the verdict and the page digests to the log	2026-09-11T01:00:44.4998155Z   "workflowRunId": "34548354299",
vt_exp_decriminalized-set	Print the verdict and the page digests to the log	2026-09-11T01:00:44.4999008Z   "requestedScale": 2.5,
vt_exp_decriminalized-set	Print the verdict and the page digests to the log	2026-09-11T01:00:44.4999543Z   "cssPxPerPt": 1.3333333333333333,
vt_exp_decriminalized-set	Print the verdict and the page digests to the log	2026-09-11T01:00:44.5000508Z   "browserExecutable": "/home/runner/.cache/ms-playwright/chromium-1223/chrome-linux64/chrome",
vt_exp_decriminalized-set	Print the verdict and the page digests to the log	2026-09-11T01:00:44.5001403Z   "resolvedBy": "PLAYWRIGHT_BROWSERS_PATH",
vt_exp_decriminalized-set	Print the verdict and the page digests to the log	2026-09-11T01:00:44.5002014Z   "operatingSystem": "Linux 6.17.0-1022-azure x64",
vt_exp_decriminalized-set	Print the verdict and the page digests to the log	2026-09-11T01:00:44.5002556Z   "nodeVersion": "v22.23.2",
vt_exp_decriminalized-set	Print the verdict and the page digests to the log	2026-09-11T01:00:44.5002966Z   "hashesBound": {
vt_exp_decriminalized-set	Print the verdict and the page digests to the log	2026-09-11T01:00:44.5003321Z     "canonical": {
vt_exp_decriminalized-set	Print the verdict and the page digests to the log	2026-09-11T01:00:44.5004311Z       "path": "data/rcap-all50/overlays/census-v1/vt/vt-exp-decriminalized-set--official-pdf-fill/fixtures/canonical.pdf",
vt_exp_decriminalized-set	Print the verdict and the page digests to the log	2026-09-11T01:00:44.5005575Z       "pinned": "a037678f261d665110b15b66fd3a2d02ee5d555097f0d8c1b780d5b36473c97b"
vt_exp_decriminalized-set	Print the verdict and the page digests to the log	2026-09-11T01:00:44.5006250Z     },
vt_exp_decriminalized-set	Print the verdict and the page digests to the log	2026-09-11T01:00:44.5006572Z     "boundary": {
vt_exp_decriminalized-set	Print the verdict and the page digests to the log	2026-09-11T01:00:44.5007555Z       "path": "data/rcap-all50/overlays/census-v1/vt/vt-exp-decriminalized-set--official-pdf-fill/fixtures/boundary.pdf",
vt_exp_decriminalized-set	Print the verdict and the page digests to the log	2026-09-11T01:00:44.5008532Z       "pinned": "80a016982254099af7ab558616ba8d96169e61244c5796d2fbaf6bcebefecd6a"
vt_exp_decriminalized-set	Print the verdict and the page digests to the log	2026-09-11T01:00:44.5009590Z     }
vt_exp_decriminalized-set	Print the verdict and the page digests to the log	2026-09-11T01:00:44.5009918Z   },
vt_exp_decriminalized-set	Print the verdict and the page digests to the log	2026-09-11T01:00:44.5010252Z   "documentsRendered": [
vt_exp_decriminalized-set	Print the verdict and the page digests to the log	2026-09-11T01:00:44.5010633Z     {
vt_exp_decriminalized-set	Print the verdict and the page digests to the log	2026-09-11T01:00:44.5010919Z       "role": "canonical",
vt_exp_decriminalized-set	Print the verdict and the page digests to the log	2026-09-11T01:00:44.5011197Z       "document": "canonical.pdf",
vt_exp_decriminalized-set	Print the verdict and the page digests to the log	2026-09-11T01:00:44.5011834Z       "path": "data/rcap-all50/overlays/census-v1/vt/vt-exp-decriminalized-set--official-pdf-fill/fixtures/canonical.pdf",
vt_exp_decriminalized-set	Print the verdict and the page digests to the log	2026-09-11T01:00:44.5013106Z       "pinned": "a037678f261d665110b15b66fd3a2d02ee5d555097f0d8c1b780d5b36473c97b"
vt_exp_decriminalized-set	Print the verdict and the page digests to the log	2026-09-11T01:00:44.5013922Z     },
vt_exp_decriminalized-set	Print the verdict and the page digests to the log	2026-09-11T01:00:44.5014229Z     {
vt_exp_decriminalized-set	Print the verdict and the page digests to the log	2026-09-11T01:00:44.5014564Z       "role": "boundary",
vt_exp_decriminalized-set	Print the verdict and the page digests to the log	2026-09-11T01:00:44.5015019Z       "document": "boundary.pdf",
vt_exp_decriminalized-set	Print the verdict and the page digests to the log	2026-09-11T01:00:44.5016095Z       "path": "data/rcap-all50/overlays/census-v1/vt/vt-exp-decriminalized-set--official-pdf-fill/fixtures/boundary.pdf",
vt_exp_decriminalized-set	Print the verdict and the page digests to the log	2026-09-11T01:00:44.5017700Z       "pinned": "80a016982254099af7ab558616ba8d96169e61244c5796d2fbaf6bcebefecd6a"
vt_exp_decriminalized-set	Print the verdict and the page digests to the log	2026-09-11T01:00:44.5018610Z     }
vt_exp_decriminalized-set	Print the verdict and the page digests to the log	2026-09-11T01:00:44.5021925Z   ],
vt_exp_decriminalized-set	Print the verdict and the page digests to the log	2026-09-11T01:00:44.5022426Z   "documentsDigest": "de73aba4610352adc04387e625e592150eb53ff6a0f284a8516de30b6a31e01a",
vt_exp_decriminalized-set	Print the verdict and the page digests to the log	2026-09-11T01:00:44.5022968Z   "coversTheWholeFamily": true,
vt_exp_decriminalized-set	Print the verdict and the page digests to the log	2026-09-11T01:00:44.5023267Z   "decryptionTransforms": [],
vt_exp_decriminalized-set	Print the verdict and the page digests to the log	2026-09-11T01:00:44.5024412Z   "decryptionRule": "An encrypted source is hashed before any transform; Poppler and qpdf must independently agree on its page count; only the temporary decrypted derivative is passed to pdf-lib for calibrated rendering; the queued packet bytes are never modified.",
vt_exp_decriminalized-set	Print the verdict and the page digests to the log	2026-09-11T01:00:44.5025449Z   "pagesMeasured": 16,
vt_exp_decriminalized-set	Print the verdict and the page digests to the log	2026-09-11T01:00:44.5025899Z   "measurements": [
vt_exp_decriminalized-set	Print the verdict and the page digests to the log	2026-09-11T01:00:44.5026258Z     {
vt_exp_decriminalized-set	Print the verdict and the page digests to the log	2026-09-11T01:00:44.5026588Z       "kind": "canonical",
vt_exp_decriminalized-set	Print the verdict and the page digests to the log	2026-09-11T01:00:44.5027054Z       "document": "canonical.pdf",
vt_exp_decriminalized-set	Print the verdict and the page digests to the log	2026-09-11T01:00:44.5027506Z       "page": 1,
vt_exp_decriminalized-set	Print the verdict and the page digests to the log	2026-09-11T01:00:44.5028046Z       "png": "vt_exp_decriminalized-set/canonical/page-001.png",
vt_exp_decriminalized-set	Print the verdict and the page digests to the log	2026-09-11T01:00:44.5028408Z       "bytes": 410889,
vt_exp_decriminalized-set	Print the verdict and the page digests to the log	2026-09-11T01:00:44.5029074Z       "pngSha256": "5a18d3a57944bd4a753d0073a9b3d135a80d48d87e90601d51a6573f20e37e38",
vt_exp_decriminalized-set	Print the verdict and the page digests to the log	2026-09-11T01:00:44.5029512Z       "pngWidth": 2040,
vt_exp_decriminalized-set	Print the verdict and the page digests to the log	2026-09-11T01:00:44.5029747Z       "pngHeight": 2640,
vt_exp_decriminalized-set	Print the verdict and the page digests to the log	2026-09-11T01:00:44.5029971Z       "paper": {
vt_exp_decriminalized-set	Print the verdict and the page digests to the log	2026-09-11T01:00:44.5030168Z         "x0": 204,
vt_exp_decriminalized-set	Print the verdict and the page digests to the log	2026-09-11T01:00:44.5030370Z         "y0": 3,
vt_exp_decriminalized-set	Print the verdict and the page digests to the log	2026-09-11T01:00:44.5030559Z         "x1": 2243,
vt_exp_decriminalized-set	Print the verdict and the page digests to the log	2026-09-11T01:00:44.5030751Z         "y1": 2642,
vt_exp_decriminalized-set	Print the verdict and the page digests to the log	2026-09-11T01:00:44.5030948Z         "width": 2040,
vt_exp_decriminalized-set	Print the verdict and the page digests to the log	2026-09-11T01:00:44.5031158Z         "height": 2640
vt_exp_decriminalized-set	Print the verdict and the page digests to the log	2026-09-11T01:00:44.5031359Z       },
vt_exp_decriminalized-set	Print the verdict and the page digests to the log	2026-09-11T01:00:44.5031586Z       "pxPerPt": 3.3333333333333335,
vt_exp_decriminalized-set	Print the verdict and the page digests to the log	2026-09-11T01:00:44.5031959Z       "expectedPxPerPt": 3.333333333333333,
vt_exp_decriminalized-set	Print the verdict and the page digests to the log	2026-09-11T01:00:44.5032244Z       "pageWidthPt": 612,
vt_exp_decriminalized-set	Print the verdict and the page digests to the log	2026-09-11T01:00:44.5032704Z       "pageHeightPt": 792,
vt_exp_decriminalized-set	Print the verdict and the page digests to the log	2026-09-11T01:00:44.5033114Z       "expectedPx": {
vt_exp_decriminalized-set	Print the verdict and the page digests to the log	2026-09-11T01:00:44.5033658Z         "width": 2039.9999999999998,
vt_exp_decriminalized-set	Print the verdict and the page digests to the log	2026-09-11T01:00:44.5034172Z         "height": 2639.9999999999995,
vt_exp_decriminalized-set	Print the verdict and the page digests to the log	2026-09-11T01:00:44.5034701Z         "tolerancePx": 6.666666666666666
vt_exp_decriminalized-set	Print the verdict and the page digests to the log	2026-09-11T01:00:44.5035162Z       },
vt_exp_decriminalized-set	Print the verdict and the page digests to the log	2026-09-11T01:00:44.5035560Z       "calibrationResidualPx": 0,
vt_exp_decriminalized-set	Print the verdict and the page digests to the log	2026-09-11T01:00:44.5036145Z       "inkFractionInsidePaper": 0.05347909239453357,
vt_exp_decriminalized-set	Print the verdict and the page digests to the log	2026-09-11T01:00:44.5036686Z       "nonblank": true,
vt_exp_decriminalized-set	Print the verdict and the page digests to the log	2026-09-11T01:00:44.5037142Z       "croppedToThePage": true
vt_exp_decriminalized-set	Print the verdict and the page digests to the log	2026-09-11T01:00:44.5037569Z     },
vt_exp_decriminalized-set	Print the verdict and the page digests to the log	2026-09-11T01:00:44.5037886Z     {
vt_exp_decriminalized-set	Print the verdict and the page digests to the log	2026-09-11T01:00:44.5038228Z       "kind": "canonical",
vt_exp_decriminalized-set	Print the verdict and the page digests to the log	2026-09-11T01:00:44.5038934Z       "document": "canonical.pdf",
vt_exp_decriminalized-set	Print the verdict and the page digests to the log	2026-09-11T01:00:44.5039412Z       "page": 2,
vt_exp_decriminalized-set	Print the verdict and the page digests to the log	2026-09-11T01:00:44.5039997Z       "png": "vt_exp_decriminalized-set/canonical/page-002.png",
vt_exp_decriminalized-set	Print the verdict and the page digests to the log	2026-09-11T01:00:44.5040605Z       "bytes": 289047,
vt_exp_decriminalized-set	Print the verdict and the page digests to the log	2026-09-11T01:00:44.5041354Z       "pngSha256": "cba97161954b0e9f725d35e78e491cc9b57ceb9effa5dc5190403889f7605f96",
vt_exp_decriminalized-set	Print the verdict and the page digests to the log	2026-09-11T01:00:44.5042003Z       "pngWidth": 2040,
vt_exp_decriminalized-set	Print the verdict and the page digests to the log	2026-09-11T01:00:44.5042243Z       "pngHeight": 2640,
vt_exp_decriminalized-set	Print the verdict and the page digests to the log	2026-09-11T01:00:44.5042479Z       "paper": {
vt_exp_decriminalized-set	Print the verdict and the page digests to the log	2026-09-11T01:00:44.5042676Z         "x0": 204,
vt_exp_decriminalized-set	Print the verdict and the page digests to the log	2026-09-11T01:00:44.5042868Z         "y0": 3,
vt_exp_decriminalized-set	Print the verdict and the page digests to the log	2026-09-11T01:00:44.5043057Z         "x1": 2243,
vt_exp_decriminalized-set	Print the verdict and the page digests to the log	2026-09-11T01:00:44.5043249Z         "y1": 2642,
vt_exp_decriminalized-set	Print the verdict and the page digests to the log	2026-09-11T01:00:44.5043444Z         "width": 2040,
vt_exp_decriminalized-set	Print the verdict and the page digests to the log	2026-09-11T01:00:44.5043656Z         "height": 2640
vt_exp_decriminalized-set	Print the verdict and the page digests to the log	2026-09-11T01:00:44.5043859Z       },
vt_exp_decriminalized-set	Print the verdict and the page digests to the log	2026-09-11T01:00:44.5044078Z       "pxPerPt": 3.3333333333333335,
vt_exp_decriminalized-set	Print the verdict and the page digests to the log	2026-09-11T01:00:44.5044380Z       "expectedPxPerPt": 3.333333333333333,
vt_exp_decriminalized-set	Print the verdict and the page digests to the log	2026-09-11T01:00:44.5044659Z       "pageWidthPt": 612,
vt_exp_decriminalized-set	Print the verdict and the page digests to the log	2026-09-11T01:00:44.5044890Z       "pageHeightPt": 792,
vt_exp_decriminalized-set	Print the verdict and the page digests to the log	2026-09-11T01:00:44.5045125Z       "expectedPx": {
vt_exp_decriminalized-set	Print the verdict and the page digests to the log	2026-09-11T01:00:44.5045368Z         "width": 2039.9999999999998,
vt_exp_decriminalized-set	Print the verdict and the page digests to the log	2026-09-11T01:00:44.5045644Z         "height": 2639.9999999999995,
vt_exp_decriminalized-set	Print the verdict and the page digests to the log	2026-09-11T01:00:44.5045923Z         "tolerancePx": 6.666666666666666
vt_exp_decriminalized-set	Print the verdict and the page digests to the log	2026-09-11T01:00:44.5046309Z       },
vt_exp_decriminalized-set	Print the verdict and the page digests to the log	2026-09-11T01:00:44.5046744Z       "calibrationResidualPx": 0,
vt_exp_decriminalized-set	Print the verdict and the page digests to the log	2026-09-11T01:00:44.5047196Z       "inkFractionInsidePaper": 0.04690563725490196,
vt_exp_decriminalized-set	Print the verdict and the page digests to the log	2026-09-11T01:00:44.5047496Z       "nonblank": true,
vt_exp_decriminalized-set	Print the verdict and the page digests to the log	2026-09-11T01:00:44.5047776Z       "croppedToThePage": true
vt_exp_decriminalized-set	Print the verdict and the page digests to the log	2026-09-11T01:00:44.5048015Z     },
vt_exp_decriminalized-set	Print the verdict and the page digests to the log	2026-09-11T01:00:44.5048189Z     {
vt_exp_decriminalized-set	Print the verdict and the page digests to the log	2026-09-11T01:00:44.5048382Z       "kind": "canonical",
vt_exp_decriminalized-set	Print the verdict and the page digests to the log	2026-09-11T01:00:44.5049210Z       "document": "canonical.pdf",
vt_exp_decriminalized-set	Print the verdict and the page digests to the log	2026-09-11T01:00:44.5049510Z       "page": 3,
vt_exp_decriminalized-set	Print the verdict and the page digests to the log	2026-09-11T01:00:44.5049956Z       "png": "vt_exp_decriminalized-set/canonical/page-003.png",
vt_exp_decriminalized-set	Print the verdict and the page digests to the log	2026-09-11T01:00:44.5050419Z       "bytes": 430461,
vt_exp_decriminalized-set	Print the verdict and the page digests to the log	2026-09-11T01:00:44.5050954Z       "pngSha256": "59b6aca3971a22a8befd06a0edee9be38fafa32b2dc2f0f40c8b67ad87ed41ee",
vt_exp_decriminalized-set	Print the verdict and the page digests to the log	2026-09-11T01:00:44.5051418Z       "pngWidth": 2040,
vt_exp_decriminalized-set	Print the verdict and the page digests to the log	2026-09-11T01:00:44.5051648Z       "pngHeight": 2640,
vt_exp_decriminalized-set	Print the verdict and the page digests to the log	2026-09-11T01:00:44.5051873Z       "paper": {
vt_exp_decriminalized-set	Print the verdict and the page digests to the log	2026-09-11T01:00:44.5052073Z         "x0": 204,
vt_exp_decriminalized-set	Print the verdict and the page digests to the log	2026-09-11T01:00:44.5052269Z         "y0": 3,
vt_exp_decriminalized-set	Print the verdict and the page digests to the log	2026-09-11T01:00:44.5052486Z         "x1": 2243,
vt_exp_decriminalized-set	Print the verdict and the page digests to the log	2026-09-11T01:00:44.5052681Z         "y1": 2642,
vt_exp_decriminalized-set	Print the verdict and the page digests to the log	2026-09-11T01:00:44.5052882Z         "width": 2040,
vt_exp_decriminalized-set	Print the verdict and the page digests to the log	2026-09-11T01:00:44.5053091Z         "height": 2640
vt_exp_decriminalized-set	Print the verdict and the page digests to the log	2026-09-11T01:00:44.5053291Z       },
vt_exp_decriminalized-set	Print the verdict and the page digests to the log	2026-09-11T01:00:44.5053508Z       "pxPerPt": 3.3333333333333335,
vt_exp_decriminalized-set	Print the verdict and the page digests to the log	2026-09-11T01:00:44.5053805Z       "expectedPxPerPt": 3.333333333333333,
vt_exp_decriminalized-set	Print the verdict and the page digests to the log	2026-09-11T01:00:44.5054092Z       "pageWidthPt": 612,
vt_exp_decriminalized-set	Print the verdict and the page digests to the log	2026-09-11T01:00:44.5054334Z       "pageHeightPt": 792,
vt_exp_decriminalized-set	Print the verdict and the page digests to the log	2026-09-11T01:00:44.5054573Z       "expectedPx": {
vt_exp_decriminalized-set	Print the verdict and the page digests to the log	2026-09-11T01:00:44.5054809Z         "width": 2039.9999999999998,
vt_exp_decriminalized-set	Print the verdict and the page digests to the log	2026-09-11T01:00:44.5055079Z         "height": 2639.9999999999995,
vt_exp_decriminalized-set	Print the verdict and the page digests to the log	2026-09-11T01:00:44.5055363Z         "tolerancePx": 6.666666666666666
vt_exp_decriminalized-set	Print the verdict and the page digests to the log	2026-09-11T01:00:44.5055610Z       },
vt_exp_decriminalized-set	Print the verdict and the page digests to the log	2026-09-11T01:00:44.5055830Z       "calibrationResidualPx": 0,
vt_exp_decriminalized-set	Print the verdict and the page digests to the log	2026-09-11T01:00:44.5056151Z       "inkFractionInsidePaper": 0.06662544563279857,
vt_exp_decriminalized-set	Print the verdict and the page digests to the log	2026-09-11T01:00:44.5056448Z       "nonblank": true,
vt_exp_decriminalized-set	Print the verdict and the page digests to the log	2026-09-11T01:00:44.5056694Z       "croppedToThePage": true
vt_exp_decriminalized-set	Print the verdict and the page digests to the log	2026-09-11T01:00:44.5056934Z     },
vt_exp_decriminalized-set	Print the verdict and the page digests to the log	2026-09-11T01:00:44.5057114Z     {
vt_exp_decriminalized-set	Print the verdict and the page digests to the log	2026-09-11T01:00:44.5057307Z       "kind": "canonical",
vt_exp_decriminalized-set	Print the verdict and the page digests to the log	2026-09-11T01:00:44.5057567Z       "document": "canonical.pdf",
vt_exp_decriminalized-set	Print the verdict and the page digests to the log	2026-09-11T01:00:44.5057815Z       "page": 4,
vt_exp_decriminalized-set	Print the verdict and the page digests to the log	2026-09-11T01:00:44.5058126Z       "png": "vt_exp_decriminalized-set/canonical/page-004.png",
vt_exp_decriminalized-set	Print the verdict and the page digests to the log	2026-09-11T01:00:44.5058478Z       "bytes": 165600,
vt_exp_decriminalized-set	Print the verdict and the page digests to the log	2026-09-11T01:00:44.5059127Z       "pngSha256": "42a18d42c0c8eaa4fb519d6359a5b0304ed2d817b43afe84c42beb6597e545b9",
vt_exp_decriminalized-set	Print the verdict and the page digests to the log	2026-09-11T01:00:44.5059576Z       "pngWidth": 2040,
vt_exp_decriminalized-set	Print the verdict and the page digests to the log	2026-09-11T01:00:44.5059805Z       "pngHeight": 2640,
vt_exp_decriminalized-set	Print the verdict and the page digests to the log	2026-09-11T01:00:44.5060026Z       "paper": {
vt_exp_decriminalized-set	Print the verdict and the page digests to the log	2026-09-11T01:00:44.5060227Z         "x0": 204,
vt_exp_decriminalized-set	Print the verdict and the page digests to the log	2026-09-11T01:00:44.5060426Z         "y0": 3,
vt_exp_decriminalized-set	Print the verdict and the page digests to the log	2026-09-11T01:00:44.5060614Z         "x1": 2243,
vt_exp_decriminalized-set	Print the verdict and the page digests to the log	2026-09-11T01:00:44.5060806Z         "y1": 2642,
vt_exp_decriminalized-set	Print the verdict and the page digests to the log	2026-09-11T01:00:44.5061003Z         "width": 2040,
vt_exp_decriminalized-set	Print the verdict and the page digests to the log	2026-09-11T01:00:44.5061210Z         "height": 2640
vt_exp_decriminalized-set	Print the verdict and the page digests to the log	2026-09-11T01:00:44.5061416Z       },
vt_exp_decriminalized-set	Print the verdict and the page digests to the log	2026-09-11T01:00:44.5061641Z       "pxPerPt": 3.3333333333333335,
vt_exp_decriminalized-set	Print the verdict and the page digests to the log	2026-09-11T01:00:44.5061944Z       "expectedPxPerPt": 3.333333333333333,
vt_exp_decriminalized-set	Print the verdict and the page digests to the log	2026-09-11T01:00:44.5062314Z       "pageWidthPt": 612,
vt_exp_decriminalized-set	Print the verdict and the page digests to the log	2026-09-11T01:00:44.5062742Z       "pageHeightPt": 792,
vt_exp_decriminalized-set	Print the verdict and the page digests to the log	2026-09-11T01:00:44.5063156Z       "expectedPx": {
vt_exp_decriminalized-set	Print the verdict and the page digests to the log	2026-09-11T01:00:44.5063573Z         "width": 2039.9999999999998,
vt_exp_decriminalized-set	Print the verdict and the page digests to the log	2026-09-11T01:00:44.5064051Z         "height": 2639.9999999999995,
vt_exp_decriminalized-set	Print the verdict and the page digests to the log	2026-09-11T01:00:44.5064547Z         "tolerancePx": 6.666666666666666
vt_exp_decriminalized-set	Print the verdict and the page digests to the log	2026-09-11T01:00:44.5064971Z       },
vt_exp_decriminalized-set	Print the verdict and the page digests to the log	2026-09-11T01:00:44.5065350Z       "calibrationResidualPx": 0,
vt_exp_decriminalized-set	Print the verdict and the page digests to the log	2026-09-11T01:00:44.5065905Z       "inkFractionInsidePaper": 0.01621899138443256,
vt_exp_decriminalized-set	Print the verdict and the page digests to the log	2026-09-11T01:00:44.5066414Z       "nonblank": true,
vt_exp_decriminalized-set	Print the verdict and the page digests to the log	2026-09-11T01:00:44.5066846Z       "croppedToThePage": true
vt_exp_decriminalized-set	Print the verdict and the page digests to the log	2026-09-11T01:00:44.5067242Z     },
vt_exp_decriminalized-set	Print the verdict and the page digests to the log	2026-09-11T01:00:44.5067541Z     {
vt_exp_decriminalized-set	Print the verdict and the page digests to the log	2026-09-11T01:00:44.5067858Z       "kind": "canonical",
vt_exp_decriminalized-set	Print the verdict and the page digests to the log	2026-09-11T01:00:44.5068299Z       "document": "canonical.pdf",
vt_exp_decriminalized-set	Print the verdict and the page digests to the log	2026-09-11T01:00:44.5068894Z       "page": 5,
vt_exp_decriminalized-set	Print the verdict and the page digests to the log	2026-09-11T01:00:44.5069442Z       "png": "vt_exp_decriminalized-set/canonical/page-005.png",
vt_exp_decriminalized-set	Print the verdict and the page digests to the log	2026-09-11T01:00:44.5070433Z       "bytes": 456003,
vt_exp_decriminalized-set	Print the verdict and the page digests to the log	2026-09-11T01:00:44.5071136Z       "pngSha256": "914c0358a7ea896804bcf316195c1f3154a1faebd26d4afd065488f1ad6281ab",
vt_exp_decriminalized-set	Print the verdict and the page digests to the log	2026-09-11T01:00:44.5071846Z       "pngWidth": 2040,
vt_exp_decriminalized-set	Print the verdict and the page digests to the log	2026-09-11T01:00:44.5072223Z       "pngHeight": 2640,
vt_exp_decriminalized-set	Print the verdict and the page digests to the log	2026-09-11T01:00:44.5072601Z       "paper": {
vt_exp_decriminalized-set	Print the verdict and the page digests to the log	2026-09-11T01:00:44.5072932Z         "x0": 204,
vt_exp_decriminalized-set	Print the verdict and the page digests to the log	2026-09-11T01:00:44.5073260Z         "y0": 3,
vt_exp_decriminalized-set	Print the verdict and the page digests to the log	2026-09-11T01:00:44.5073583Z         "x1": 2243,
vt_exp_decriminalized-set	Print the verdict and the page digests to the log	2026-09-11T01:00:44.5073916Z         "y1": 2642,
vt_exp_decriminalized-set	Print the verdict and the page digests to the log	2026-09-11T01:00:44.5074252Z         "width": 2040,
vt_exp_decriminalized-set	Print the verdict and the page digests to the log	2026-09-11T01:00:44.5074609Z         "height": 2640
vt_exp_decriminalized-set	Print the verdict and the page digests to the log	2026-09-11T01:00:44.5074956Z       },
vt_exp_decriminalized-set	Print the verdict and the page digests to the log	2026-09-11T01:00:44.5075325Z       "pxPerPt": 3.3333333333333335,
vt_exp_decriminalized-set	Print the verdict and the page digests to the log	2026-09-11T01:00:44.5075822Z       "expectedPxPerPt": 3.333333333333333,
vt_exp_decriminalized-set	Print the verdict and the page digests to the log	2026-09-11T01:00:44.5076293Z       "pageWidthPt": 612,
vt_exp_decriminalized-set	Print the verdict and the page digests to the log	2026-09-11T01:00:44.5076691Z       "pageHeightPt": 792,
vt_exp_decriminalized-set	Print the verdict and the page digests to the log	2026-09-11T01:00:44.5077085Z       "expectedPx": {
vt_exp_decriminalized-set	Print the verdict and the page digests to the log	2026-09-11T01:00:44.5077504Z         "width": 2039.9999999999998,
vt_exp_decriminalized-set	Print the verdict and the page digests to the log	2026-09-11T01:00:44.5077987Z         "height": 2639.9999999999995,
vt_exp_decriminalized-set	Print the verdict and the page digests to the log	2026-09-11T01:00:44.5078462Z         "tolerancePx": 6.666666666666666
vt_exp_decriminalized-set	Print the verdict and the page digests to the log	2026-09-11T01:00:44.5079060Z       },
vt_exp_decriminalized-set	Print the verdict and the page digests to the log	2026-09-11T01:00:44.5079449Z       "calibrationResidualPx": 0,
vt_exp_decriminalized-set	Print the verdict and the page digests to the log	2026-09-11T01:00:44.5080002Z       "inkFractionInsidePaper": 0.05725824420677362,
vt_exp_decriminalized-set	Print the verdict and the page digests to the log	2026-09-11T01:00:44.5080519Z       "nonblank": true,
vt_exp_decriminalized-set	Print the verdict and the page digests to the log	2026-09-11T01:00:44.5080944Z       "croppedToThePage": true
vt_exp_decriminalized-set	Print the verdict and the page digests to the log	2026-09-11T01:00:44.5081342Z     },
vt_exp_decriminalized-set	Print the verdict and the page digests to the log	2026-09-11T01:00:44.5081636Z     {
vt_exp_decriminalized-set	Print the verdict and the page digests to the log	2026-09-11T01:00:44.5081958Z       "kind": "canonical",
vt_exp_decriminalized-set	Print the verdict and the page digests to the log	2026-09-11T01:00:44.5082398Z       "document": "canonical.pdf",
vt_exp_decriminalized-set	Print the verdict and the page digests to the log	2026-09-11T01:00:44.5082824Z       "page": 6,
vt_exp_decriminalized-set	Print the verdict and the page digests to the log	2026-09-11T01:00:44.5083348Z       "png": "vt_exp_decriminalized-set/canonical/page-006.png",
vt_exp_decriminalized-set	Print the verdict and the page digests to the log	2026-09-11T01:00:44.5083905Z       "bytes": 267227,
vt_exp_decriminalized-set	Print the verdict and the page digests to the log	2026-09-11T01:00:44.5084585Z       "pngSha256": "53e269c0519a885a3dcc4d05260b25891b47c2c31a99979181489609e0481d60",
vt_exp_decriminalized-set	Print the verdict and the page digests to the log	2026-09-11T01:00:44.5085278Z       "pngWidth": 2040,
vt_exp_decriminalized-set	Print the verdict and the page digests to the log	2026-09-11T01:00:44.5085664Z       "pngHeight": 2640,
vt_exp_decriminalized-set	Print the verdict and the page digests to the log	2026-09-11T01:00:44.5086037Z       "paper": {
vt_exp_decriminalized-set	Print the verdict and the page digests to the log	2026-09-11T01:00:44.5086368Z         "x0": 204,
vt_exp_decriminalized-set	Print the verdict and the page digests to the log	2026-09-11T01:00:44.5086701Z         "y0": 3,
vt_exp_decriminalized-set	Print the verdict and the page digests to the log	2026-09-11T01:00:44.5087022Z         "x1": 2243,
vt_exp_decriminalized-set	Print the verdict and the page digests to the log	2026-09-11T01:00:44.5087351Z         "y1": 2642,
vt_exp_decriminalized-set	Print the verdict and the page digests to the log	2026-09-11T01:00:44.5087691Z         "width": 2040,
vt_exp_decriminalized-set	Print the verdict and the page digests to the log	2026-09-11T01:00:44.5088049Z         "height": 2640
vt_exp_decriminalized-set	Print the verdict and the page digests to the log	2026-09-11T01:00:44.5088387Z       },
vt_exp_decriminalized-set	Print the verdict and the page digests to the log	2026-09-11T01:00:44.5088924Z       "pxPerPt": 3.3333333333333335,
vt_exp_decriminalized-set	Print the verdict and the page digests to the log	2026-09-11T01:00:44.5089430Z       "expectedPxPerPt": 3.333333333333333,
vt_exp_decriminalized-set	Print the verdict and the page digests to the log	2026-09-11T01:00:44.5089900Z       "pageWidthPt": 612,
vt_exp_decriminalized-set	Print the verdict and the page digests to the log	2026-09-11T01:00:44.5090305Z       "pageHeightPt": 792,
vt_exp_decriminalized-set	Print the verdict and the page digests to the log	2026-09-11T01:00:44.5090707Z       "expectedPx": {
vt_exp_decriminalized-set	Print the verdict and the page digests to the log	2026-09-11T01:00:44.5091108Z         "width": 2039.9999999999998,
vt_exp_decriminalized-set	Print the verdict and the page digests to the log	2026-09-11T01:00:44.5091572Z         "height": 2639.9999999999995,
vt_exp_decriminalized-set	Print the verdict and the page digests to the log	2026-09-11T01:00:44.5092052Z         "tolerancePx": 6.666666666666666
vt_exp_decriminalized-set	Print the verdict and the page digests to the log	2026-09-11T01:00:44.5092471Z       },
vt_exp_decriminalized-set	Print the verdict and the page digests to the log	2026-09-11T01:00:44.5092853Z       "calibrationResidualPx": 0,
vt_exp_decriminalized-set	Print the verdict and the page digests to the log	2026-09-11T01:00:44.5093409Z       "inkFractionInsidePaper": 0.04457961972667855,
vt_exp_decriminalized-set	Print the verdict and the page digests to the log	2026-09-11T01:00:44.5093917Z       "nonblank": true,
vt_exp_decriminalized-set	Print the verdict and the page digests to the log	2026-09-11T01:00:44.5094343Z       "croppedToThePage": true
vt_exp_decriminalized-set	Print the verdict and the page digests to the log	2026-09-11T01:00:44.5094736Z     },
vt_exp_decriminalized-set	Print the verdict and the page digests to the log	2026-09-11T01:00:44.5095030Z     {
vt_exp_decriminalized-set	Print the verdict and the page digests to the log	2026-09-11T01:00:44.5095350Z       "kind": "canonical",
vt_exp_decriminalized-set	Print the verdict and the page digests to the log	2026-09-11T01:00:44.5095788Z       "document": "canonical.pdf",
vt_exp_decriminalized-set	Print the verdict and the page digests to the log	2026-09-11T01:00:44.5096204Z       "page": 7,
vt_exp_decriminalized-set	Print the verdict and the page digests to the log	2026-09-11T01:00:44.5096726Z       "png": "vt_exp_decriminalized-set/canonical/page-007.png",
vt_exp_decriminalized-set	Print the verdict and the page digests to the log	2026-09-11T01:00:44.5097299Z       "bytes": 432973,
vt_exp_decriminalized-set	Print the verdict and the page digests to the log	2026-09-11T01:00:44.5097985Z       "pngSha256": "555da21a86a8993ad53a6e498b5059fc01921c90a66e323d125cd09c1d2437d4",
vt_exp_decriminalized-set	Print the verdict and the page digests to the log	2026-09-11T01:00:44.5098889Z       "pngWidth": 2040,
vt_exp_decriminalized-set	Print the verdict and the page digests to the log	2026-09-11T01:00:44.5099315Z       "pngHeight": 2640,
vt_exp_decriminalized-set	Print the verdict and the page digests to the log	2026-09-11T01:00:44.5099691Z       "paper": {
vt_exp_decriminalized-set	Print the verdict and the page digests to the log	2026-09-11T01:00:44.5100020Z         "x0": 204,
vt_exp_decriminalized-set	Print the verdict and the page digests to the log	2026-09-11T01:00:44.5100347Z         "y0": 3,
vt_exp_decriminalized-set	Print the verdict and the page digests to the log	2026-09-11T01:00:44.5100670Z         "x1": 2243,
vt_exp_decriminalized-set	Print the verdict and the page digests to the log	2026-09-11T01:00:44.5101198Z         "y1": 2642,
vt_exp_decriminalized-set	Print the verdict and the page digests to the log	2026-09-11T01:00:44.5101785Z         "width": 2040,
vt_exp_decriminalized-set	Print the verdict and the page digests to the log	2026-09-11T01:00:44.5102142Z         "height": 2640
vt_exp_decriminalized-set	Print the verdict and the page digests to the log	2026-09-11T01:00:44.5102485Z       },
vt_exp_decriminalized-set	Print the verdict and the page digests to the log	2026-09-11T01:00:44.5102850Z       "pxPerPt": 3.3333333333333335,
vt_exp_decriminalized-set	Print the verdict and the page digests to the log	2026-09-11T01:00:44.5103344Z       "expectedPxPerPt": 3.333333333333333,
vt_exp_decriminalized-set	Print the verdict and the page digests to the log	2026-09-11T01:00:44.5103817Z       "pageWidthPt": 612,
vt_exp_decriminalized-set	Print the verdict and the page digests to the log	2026-09-11T01:00:44.5104215Z       "pageHeightPt": 792,
vt_exp_decriminalized-set	Print the verdict and the page digests to the log	2026-09-11T01:00:44.5104605Z       "expectedPx": {
vt_exp_decriminalized-set	Print the verdict and the page digests to the log	2026-09-11T01:00:44.5105015Z         "width": 2039.9999999999998,
vt_exp_decriminalized-set	Print the verdict and the page digests to the log	2026-09-11T01:00:44.5105479Z         "height": 2639.9999999999995,
vt_exp_decriminalized-set	Print the verdict and the page digests to the log	2026-09-11T01:00:44.5105958Z         "tolerancePx": 6.666666666666666
vt_exp_decriminalized-set	Print the verdict and the page digests to the log	2026-09-11T01:00:44.5106385Z       },
vt_exp_decriminalized-set	Print the verdict and the page digests to the log	2026-09-11T01:00:44.5106762Z       "calibrationResidualPx": 0,
vt_exp_decriminalized-set	Print the verdict and the page digests to the log	2026-09-11T01:00:44.5107316Z       "inkFractionInsidePaper": 0.04847017973856209,
vt_exp_decriminalized-set	Print the verdict and the page digests to the log	2026-09-11T01:00:44.5107820Z       "nonblank": true,
vt_exp_decriminalized-set	Print the verdict and the page digests to the log	2026-09-11T01:00:44.5108241Z       "croppedToThePage": true
vt_exp_decriminalized-set	Print the verdict and the page digests to the log	2026-09-11T01:00:44.5108801Z     },
vt_exp_decriminalized-set	Print the verdict and the page digests to the log	2026-09-11T01:00:44.5109187Z     {
vt_exp_decriminalized-set	Print the verdict and the page digests to the log	2026-09-11T01:00:44.5109509Z       "kind": "canonical",
vt_exp_decriminalized-set	Print the verdict and the page digests to the log	2026-09-11T01:00:44.5109959Z       "document": "canonical.pdf",
vt_exp_decriminalized-set	Print the verdict and the page digests to the log	2026-09-11T01:00:44.5110378Z       "page": 8,
vt_exp_decriminalized-set	Print the verdict and the page digests to the log	2026-09-11T01:00:44.5110901Z       "png": "vt_exp_decriminalized-set/canonical/page-008.png",
vt_exp_decriminalized-set	Print the verdict and the page digests to the log	2026-09-11T01:00:44.5111454Z       "bytes": 369959,
vt_exp_decriminalized-set	Print the verdict and the page digests to the log	2026-09-11T01:00:44.5112169Z       "pngSha256": "50adfc75bca83540aaa0edc683c5609ba24e6882f80ffc34482d7e98ad94420d",
vt_exp_decriminalized-set	Print the verdict and the page digests to the log	2026-09-11T01:00:44.5112896Z       "pngWidth": 2040,
vt_exp_decriminalized-set	Print the verdict and the page digests to the log	2026-09-11T01:00:44.5113271Z       "pngHeight": 2640,
vt_exp_decriminalized-set	Print the verdict and the page digests to the log	2026-09-11T01:00:44.5113646Z       "paper": {
vt_exp_decriminalized-set	Print the verdict and the page digests to the log	2026-09-11T01:00:44.5113933Z         "x0": 204,
vt_exp_decriminalized-set	Print the verdict and the page digests to the log	2026-09-11T01:00:44.5114328Z         "y0": 3,
vt_exp_decriminalized-set	Print the verdict and the page digests to the log	2026-09-11T01:00:44.5114669Z         "x1": 2243,
vt_exp_decriminalized-set	Print the verdict and the page digests to the log	2026-09-11T01:00:44.5114995Z         "y1": 2642,
vt_exp_decriminalized-set	Print the verdict and the page digests to the log	2026-09-11T01:00:44.5115295Z         "width": 2040,
vt_exp_decriminalized-set	Print the verdict and the page digests to the log	2026-09-11T01:00:44.5115512Z         "height": 2640
vt_exp_decriminalized-set	Print the verdict and the page digests to the log	2026-09-11T01:00:44.5115729Z       },
vt_exp_decriminalized-set	Print the verdict and the page digests to the log	2026-09-11T01:00:44.5115971Z       "pxPerPt": 3.3333333333333335,
vt_exp_decriminalized-set	Print the verdict and the page digests to the log	2026-09-11T01:00:44.5116619Z       "expectedPxPerPt": 3.333333333333333,
vt_exp_decriminalized-set	Print the verdict and the page digests to the log	2026-09-11T01:00:44.5117061Z       "pageWidthPt": 612,
vt_exp_decriminalized-set	Print the verdict and the page digests to the log	2026-09-11T01:00:44.5117305Z       "pageHeightPt": 792,
vt_exp_decriminalized-set	Print the verdict and the page digests to the log	2026-09-11T01:00:44.5117539Z       "expectedPx": {
vt_exp_decriminalized-set	Print the verdict and the page digests to the log	2026-09-11T01:00:44.5117781Z         "width": 2039.9999999999998,
vt_exp_decriminalized-set	Print the verdict and the page digests to the log	2026-09-11T01:00:44.5118059Z         "height": 2639.9999999999995,
vt_exp_decriminalized-set	Print the verdict and the page digests to the log	2026-09-11T01:00:44.5118341Z         "tolerancePx": 6.666666666666666
vt_exp_decriminalized-set	Print the verdict and the page digests to the log	2026-09-11T01:00:44.5118588Z       },
vt_exp_decriminalized-set	Print the verdict and the page digests to the log	2026-09-11T01:00:44.5119105Z       "calibrationResidualPx": 0,
vt_exp_decriminalized-set	Print the verdict and the page digests to the log	2026-09-11T01:00:44.5119440Z       "inkFractionInsidePaper": 0.04374851455733809,
vt_exp_decriminalized-set	Print the verdict and the page digests to the log	2026-09-11T01:00:44.5119751Z       "nonblank": true,
vt_exp_decriminalized-set	Print the verdict and the page digests to the log	2026-09-11T01:00:44.5120004Z       "croppedToThePage": true
vt_exp_decriminalized-set	Print the verdict and the page digests to the log	2026-09-11T01:00:44.5120239Z     },
vt_exp_decriminalized-set	Print the verdict and the page digests to the log	2026-09-11T01:00:44.5120414Z     {
vt_exp_decriminalized-set	Print the verdict and the page digests to the log	2026-09-11T01:00:44.5120601Z       "kind": "boundary",
vt_exp_decriminalized-set	Print the verdict and the page digests to the log	2026-09-11T01:00:44.5120856Z       "document": "boundary.pdf",
vt_exp_decriminalized-set	Print the verdict and the page digests to the log	2026-09-11T01:00:44.5121101Z       "page": 1,
vt_exp_decriminalized-set	Print the verdict and the page digests to the log	2026-09-11T01:00:44.5121415Z       "png": "vt_exp_decriminalized-set/boundary/page-001.png",
vt_exp_decriminalized-set	Print the verdict and the page digests to the log	2026-09-11T01:00:44.5121749Z       "bytes": 416392,
vt_exp_decriminalized-set	Print the verdict and the page digests to the log	2026-09-11T01:00:44.5122166Z       "pngSha256": "17a9a6c7063b3aec2dace15d3e1e3d6c06814e409d025b6addcfa84e3cff39eb",
vt_exp_decriminalized-set	Print the verdict and the page digests to the log	2026-09-11T01:00:44.5122588Z       "pngWidth": 2040,
vt_exp_decriminalized-set	Print the verdict and the page digests to the log	2026-09-11T01:00:44.5122808Z       "pngHeight": 2640,
vt_exp_decriminalized-set	Print the verdict and the page digests to the log	2026-09-11T01:00:44.5123036Z       "paper": {
vt_exp_decriminalized-set	Print the verdict and the page digests to the log	2026-09-11T01:00:44.5123231Z         "x0": 204,
vt_exp_decriminalized-set	Print the verdict and the page digests to the log	2026-09-11T01:00:44.5123427Z         "y0": 3,
vt_exp_decriminalized-set	Print the verdict and the page digests to the log	2026-09-11T01:00:44.5123616Z         "x1": 2243,
vt_exp_decriminalized-set	Print the verdict and the page digests to the log	2026-09-11T01:00:44.5123808Z         "y1": 2642,
vt_exp_decriminalized-set	Print the verdict and the page digests to the log	2026-09-11T01:00:44.5124007Z         "width": 2040,
vt_exp_decriminalized-set	Print the verdict and the page digests to the log	2026-09-11T01:00:44.5124218Z         "height": 2640
vt_exp_decriminalized-set	Print the verdict and the page digests to the log	2026-09-11T01:00:44.5124422Z       },
vt_exp_decriminalized-set	Print the verdict and the page digests to the log	2026-09-11T01:00:44.5124635Z       "pxPerPt": 3.3333333333333335,
vt_exp_decriminalized-set	Print the verdict and the page digests to the log	2026-09-11T01:00:44.5124926Z       "expectedPxPerPt": 3.333333333333333,
vt_exp_decriminalized-set	Print the verdict and the page digests to the log	2026-09-11T01:00:44.5125202Z       "pageWidthPt": 612,
vt_exp_decriminalized-set	Print the verdict and the page digests to the log	2026-09-11T01:00:44.5125435Z       "pageHeightPt": 792,
vt_exp_decriminalized-set	Print the verdict and the page digests to the log	2026-09-11T01:00:44.5125671Z       "expectedPx": {
vt_exp_decriminalized-set	Print the verdict and the page digests to the log	2026-09-11T01:00:44.5125905Z         "width": 2039.9999999999998,
vt_exp_decriminalized-set	Print the verdict and the page digests to the log	2026-09-11T01:00:44.5126359Z         "height": 2639.9999999999995,
vt_exp_decriminalized-set	Print the verdict and the page digests to the log	2026-09-11T01:00:44.5126753Z         "tolerancePx": 6.666666666666666
vt_exp_decriminalized-set	Print the verdict and the page digests to the log	2026-09-11T01:00:44.5127000Z       },
vt_exp_decriminalized-set	Print the verdict and the page digests to the log	2026-09-11T01:00:44.5127217Z       "calibrationResidualPx": 0,
vt_exp_decriminalized-set	Print the verdict and the page digests to the log	2026-09-11T01:00:44.5127541Z       "inkFractionInsidePaper": 0.05421680035650624,
vt_exp_decriminalized-set	Print the verdict and the page digests to the log	2026-09-11T01:00:44.5127837Z       "nonblank": true,
vt_exp_decriminalized-set	Print the verdict and the page digests to the log	2026-09-11T01:00:44.5128083Z       "croppedToThePage": true
vt_exp_decriminalized-set	Print the verdict and the page digests to the log	2026-09-11T01:00:44.5128315Z     },
vt_exp_decriminalized-set	Print the verdict and the page digests to the log	2026-09-11T01:00:44.5128488Z     {
vt_exp_decriminalized-set	Print the verdict and the page digests to the log	2026-09-11T01:00:44.5128923Z       "kind": "boundary",
vt_exp_decriminalized-set	Print the verdict and the page digests to the log	2026-09-11T01:00:44.5129198Z       "document": "boundary.pdf",
vt_exp_decriminalized-set	Print the verdict and the page digests to the log	2026-09-11T01:00:44.5129440Z       "page": 2,
vt_exp_decriminalized-set	Print the verdict and the page digests to the log	2026-09-11T01:00:44.5129744Z       "png": "vt_exp_decriminalized-set/boundary/page-002.png",
vt_exp_decriminalized-set	Print the verdict and the page digests to the log	2026-09-11T01:00:44.5130072Z       "bytes": 308453,
vt_exp_decriminalized-set	Print the verdict and the page digests to the log	2026-09-11T01:00:44.5130468Z       "pngSha256": "749a02b149f6cf7ca42838aa685b656c8d868057a048bf23ece15bb02cac504f",
vt_exp_decriminalized-set	Print the verdict and the page digests to the log	2026-09-11T01:00:44.5130881Z       "pngWidth": 2040,
vt_exp_decriminalized-set	Print the verdict and the page digests to the log	2026-09-11T01:00:44.5131126Z       "pngHeight": 2640,
vt_exp_decriminalized-set	Print the verdict and the page digests to the log	2026-09-11T01:00:44.5131344Z       "paper": {
vt_exp_decriminalized-set	Print the verdict and the page digests to the log	2026-09-11T01:00:44.5131541Z         "x0": 204,
vt_exp_decriminalized-set	Print the verdict and the page digests to the log	2026-09-11T01:00:44.5131738Z         "y0": 3,
vt_exp_decriminalized-set	Print the verdict and the page digests to the log	2026-09-11T01:00:44.5131924Z         "x1": 2243,
vt_exp_decriminalized-set	Print the verdict and the page digests to the log	2026-09-11T01:00:44.5132126Z         "y1": 2642,
vt_exp_decriminalized-set	Print the verdict and the page digests to the log	2026-09-11T01:00:44.5132329Z         "width": 2040,
vt_exp_decriminalized-set	Print the verdict and the page digests to the log	2026-09-11T01:00:44.5132534Z         "height": 2640
vt_exp_decriminalized-set	Print the verdict and the page digests to the log	2026-09-11T01:00:44.5132732Z       },
vt_exp_decriminalized-set	Print the verdict and the page digests to the log	2026-09-11T01:00:44.5132941Z       "pxPerPt": 3.3333333333333335,
vt_exp_decriminalized-set	Print the verdict and the page digests to the log	2026-09-11T01:00:44.5133228Z       "expectedPxPerPt": 3.333333333333333,
vt_exp_decriminalized-set	Print the verdict and the page digests to the log	2026-09-11T01:00:44.5133500Z       "pageWidthPt": 612,
vt_exp_decriminalized-set	Print the verdict and the page digests to the log	2026-09-11T01:00:44.5133735Z       "pageHeightPt": 792,
vt_exp_decriminalized-set	Print the verdict and the page digests to the log	2026-09-11T01:00:44.5133962Z       "expectedPx": {
vt_exp_decriminalized-set	Print the verdict and the page digests to the log	2026-09-11T01:00:44.5134193Z         "width": 2039.9999999999998,
vt_exp_decriminalized-set	Print the verdict and the page digests to the log	2026-09-11T01:00:44.5134468Z         "height": 2639.9999999999995,
vt_exp_decriminalized-set	Print the verdict and the page digests to the log	2026-09-11T01:00:44.5134746Z         "tolerancePx": 6.666666666666666
vt_exp_decriminalized-set	Print the verdict and the page digests to the log	2026-09-11T01:00:44.5134989Z       },
vt_exp_decriminalized-set	Print the verdict and the page digests to the log	2026-09-11T01:00:44.5135215Z       "calibrationResidualPx": 0,
vt_exp_decriminalized-set	Print the verdict and the page digests to the log	2026-09-11T01:00:44.5135541Z       "inkFractionInsidePaper": 0.049132315805109926,
vt_exp_decriminalized-set	Print the verdict and the page digests to the log	2026-09-11T01:00:44.5135848Z       "nonblank": true,
vt_exp_decriminalized-set	Print the verdict and the page digests to the log	2026-09-11T01:00:44.5136091Z       "croppedToThePage": true
vt_exp_decriminalized-set	Print the verdict and the page digests to the log	2026-09-11T01:00:44.5136321Z     },
vt_exp_decriminalized-set	Print the verdict and the page digests to the log	2026-09-11T01:00:44.5136494Z     {
vt_exp_decriminalized-set	Print the verdict and the page digests to the log	2026-09-11T01:00:44.5136680Z       "kind": "boundary",
vt_exp_decriminalized-set	Print the verdict and the page digests to the log	2026-09-11T01:00:44.5136925Z       "document": "boundary.pdf",
vt_exp_decriminalized-set	Print the verdict and the page digests to the log	2026-09-11T01:00:44.5137165Z       "page": 3,
vt_exp_decriminalized-set	Print the verdict and the page digests to the log	2026-09-11T01:00:44.5137466Z       "png": "vt_exp_decriminalized-set/boundary/page-003.png",
vt_exp_decriminalized-set	Print the verdict and the page digests to the log	2026-09-11T01:00:44.5137789Z       "bytes": 444742,
vt_exp_decriminalized-set	Print the verdict and the page digests to the log	2026-09-11T01:00:44.5138221Z       "pngSha256": "df4dc767f8203245f866e5b9424ff4164f1800e9a7a9918f2a8a66d238727f80",
vt_exp_decriminalized-set	Print the verdict and the page digests to the log	2026-09-11T01:00:44.5138821Z       "pngWidth": 2040,
vt_exp_decriminalized-set	Print the verdict and the page digests to the log	2026-09-11T01:00:44.5139074Z       "pngHeight": 2640,
vt_exp_decriminalized-set	Print the verdict and the page digests to the log	2026-09-11T01:00:44.5139298Z       "paper": {
vt_exp_decriminalized-set	Print the verdict and the page digests to the log	2026-09-11T01:00:44.5139495Z         "x0": 204,
vt_exp_decriminalized-set	Print the verdict and the page digests to the log	2026-09-11T01:00:44.5139690Z         "y0": 3,
vt_exp_decriminalized-set	Print the verdict and the page digests to the log	2026-09-11T01:00:44.5139883Z         "x1": 2243,
vt_exp_decriminalized-set	Print the verdict and the page digests to the log	2026-09-11T01:00:44.5140073Z         "y1": 2642,
vt_exp_decriminalized-set	Print the verdict and the page digests to the log	2026-09-11T01:00:44.5140274Z         "width": 2040,
vt_exp_decriminalized-set	Print the verdict and the page digests to the log	2026-09-11T01:00:44.5140486Z         "height": 2640
vt_exp_decriminalized-set	Print the verdict and the page digests to the log	2026-09-11T01:00:44.5140686Z       },
vt_exp_decriminalized-set	Print the verdict and the page digests to the log	2026-09-11T01:00:44.5140897Z       "pxPerPt": 3.3333333333333335,
vt_exp_decriminalized-set	Print the verdict and the page digests to the log	2026-09-11T01:00:44.5141192Z       "expectedPxPerPt": 3.333333333333333,
vt_exp_decriminalized-set	Print the verdict and the page digests to the log	2026-09-11T01:00:44.5141467Z       "pageWidthPt": 612,
vt_exp_decriminalized-set	Print the verdict and the page digests to the log	2026-09-11T01:00:44.5141699Z       "pageHeightPt": 792,
vt_exp_decriminalized-set	Print the verdict and the page digests to the log	2026-09-11T01:00:44.5141927Z       "expectedPx": {
vt_exp_decriminalized-set	Print the verdict and the page digests to the log	2026-09-11T01:00:44.5142162Z         "width": 2039.9999999999998,
vt_exp_decriminalized-set	Print the verdict and the page digests to the log	2026-09-11T01:00:44.5142428Z         "height": 2639.9999999999995,
vt_exp_decriminalized-set	Print the verdict and the page digests to the log	2026-09-11T01:00:44.5142710Z         "tolerancePx": 6.666666666666666
vt_exp_decriminalized-set	Print the verdict and the page digests to the log	2026-09-11T01:00:44.5142957Z       },
vt_exp_decriminalized-set	Print the verdict and the page digests to the log	2026-09-11T01:00:44.5143176Z       "calibrationResidualPx": 0,
vt_exp_decriminalized-set	Print the verdict and the page digests to the log	2026-09-11T01:00:44.5143495Z       "inkFractionInsidePaper": 0.06846349524658348,
vt_exp_decriminalized-set	Print the verdict and the page digests to the log	2026-09-11T01:00:44.5143791Z       "nonblank": true,
vt_exp_decriminalized-set	Print the verdict and the page digests to the log	2026-09-11T01:00:44.5144037Z       "croppedToThePage": true
vt_exp_decriminalized-set	Print the verdict and the page digests to the log	2026-09-11T01:00:44.5144276Z     },
vt_exp_decriminalized-set	Print the verdict and the page digests to the log	2026-09-11T01:00:44.5144457Z     {
vt_exp_decriminalized-set	Print the verdict and the page digests to the log	2026-09-11T01:00:44.5144784Z       "kind": "boundary",
vt_exp_decriminalized-set	Print the verdict and the page digests to the log	2026-09-11T01:00:44.5145151Z       "document": "boundary.pdf",
vt_exp_decriminalized-set	Print the verdict and the page digests to the log	2026-09-11T01:00:44.5145392Z       "page": 4,
vt_exp_decriminalized-set	Print the verdict and the page digests to the log	2026-09-11T01:00:44.5145693Z       "png": "vt_exp_decriminalized-set/boundary/page-004.png",
vt_exp_decriminalized-set	Print the verdict and the page digests to the log	2026-09-11T01:00:44.5146029Z       "bytes": 165600,
vt_exp_decriminalized-set	Print the verdict and the page digests to the log	2026-09-11T01:00:44.5146435Z       "pngSha256": "42a18d42c0c8eaa4fb519d6359a5b0304ed2d817b43afe84c42beb6597e545b9",
vt_exp_decriminalized-set	Print the verdict and the page digests to the log	2026-09-11T01:00:44.5146854Z       "pngWidth": 2040,
vt_exp_decriminalized-set	Print the verdict and the page digests to the log	2026-09-11T01:00:44.5147080Z       "pngHeight": 2640,
vt_exp_decriminalized-set	Print the verdict and the page digests to the log	2026-09-11T01:00:44.5147300Z       "paper": {
vt_exp_decriminalized-set	Print the verdict and the page digests to the log	2026-09-11T01:00:44.5147495Z         "x0": 204,
vt_exp_decriminalized-set	Print the verdict and the page digests to the log	2026-09-11T01:00:44.5147697Z         "y0": 3,
vt_exp_decriminalized-set	Print the verdict and the page digests to the log	2026-09-11T01:00:44.5147885Z         "x1": 2243,
vt_exp_decriminalized-set	Print the verdict and the page digests to the log	2026-09-11T01:00:44.5148078Z         "y1": 2642,
vt_exp_decriminalized-set	Print the verdict and the page digests to the log	2026-09-11T01:00:44.5148276Z         "width": 2040,
vt_exp_decriminalized-set	Print the verdict and the page digests to the log	2026-09-11T01:00:44.5148484Z         "height": 2640
vt_exp_decriminalized-set	Print the verdict and the page digests to the log	2026-09-11T01:00:44.5148893Z       },
vt_exp_decriminalized-set	Print the verdict and the page digests to the log	2026-09-11T01:00:44.5149123Z       "pxPerPt": 3.3333333333333335,
vt_exp_decriminalized-set	Print the verdict and the page digests to the log	2026-09-11T01:00:44.5149425Z       "expectedPxPerPt": 3.333333333333333,
vt_exp_decriminalized-set	Print the verdict and the page digests to the log	2026-09-11T01:00:44.5149716Z       "pageWidthPt": 612,
vt_exp_decriminalized-set	Print the verdict and the page digests to the log	2026-09-11T01:00:44.5149959Z       "pageHeightPt": 792,
vt_exp_decriminalized-set	Print the verdict and the page digests to the log	2026-09-11T01:00:44.5150193Z       "expectedPx": {
vt_exp_decriminalized-set	Print the verdict and the page digests to the log	2026-09-11T01:00:44.5150432Z         "width": 2039.9999999999998,
vt_exp_decriminalized-set	Print the verdict and the page digests to the log	2026-09-11T01:00:44.5150712Z         "height": 2639.9999999999995,
vt_exp_decriminalized-set	Print the verdict and the page digests to the log	2026-09-11T01:00:44.5151000Z         "tolerancePx": 6.666666666666666
vt_exp_decriminalized-set	Print the verdict and the page digests to the log	2026-09-11T01:00:44.5151250Z       },
vt_exp_decriminalized-set	Print the verdict and the page digests to the log	2026-09-11T01:00:44.5151471Z       "calibrationResidualPx": 0,
vt_exp_decriminalized-set	Print the verdict and the page digests to the log	2026-09-11T01:00:44.5151795Z       "inkFractionInsidePaper": 0.01621899138443256,
vt_exp_decriminalized-set	Print the verdict and the page digests to the log	2026-09-11T01:00:44.5152101Z       "nonblank": true,
vt_exp_decriminalized-set	Print the verdict and the page digests to the log	2026-09-11T01:00:44.5152356Z       "croppedToThePage": true
vt_exp_decriminalized-set	Print the verdict and the page digests to the log	2026-09-11T01:00:44.5152591Z     },
vt_exp_decriminalized-set	Print the verdict and the page digests to the log	2026-09-11T01:00:44.5152766Z     {
vt_exp_decriminalized-set	Print the verdict and the page digests to the log	2026-09-11T01:00:44.5152960Z       "kind": "boundary",
vt_exp_decriminalized-set	Print the verdict and the page digests to the log	2026-09-11T01:00:44.5153213Z       "document": "boundary.pdf",
vt_exp_decriminalized-set	Print the verdict and the page digests to the log	2026-09-11T01:00:44.5153457Z       "page": 5,
vt_exp_decriminalized-set	Print the verdict and the page digests to the log	2026-09-11T01:00:44.5153769Z       "png": "vt_exp_decriminalized-set/boundary/page-005.png",
vt_exp_decriminalized-set	Print the verdict and the page digests to the log	2026-09-11T01:00:44.5154103Z       "bytes": 456003,
vt_exp_decriminalized-set	Print the verdict and the page digests to the log	2026-09-11T01:00:44.5154509Z       "pngSha256": "914c0358a7ea896804bcf316195c1f3154a1faebd26d4afd065488f1ad6281ab",
vt_exp_decriminalized-set	Print the verdict and the page digests to the log	2026-09-11T01:00:44.5154932Z       "pngWidth": 2040,
vt_exp_decriminalized-set	Print the verdict and the page digests to the log	2026-09-11T01:00:44.5155157Z       "pngHeight": 2640,
vt_exp_decriminalized-set	Print the verdict and the page digests to the log	2026-09-11T01:00:44.5155385Z       "paper": {
vt_exp_decriminalized-set	Print the verdict and the page digests to the log	2026-09-11T01:00:44.5155583Z         "x0": 204,
vt_exp_decriminalized-set	Print the verdict and the page digests to the log	2026-09-11T01:00:44.5155779Z         "y0": 3,
vt_exp_decriminalized-set	Print the verdict and the page digests to the log	2026-09-11T01:00:44.5155970Z         "x1": 2243,
vt_exp_decriminalized-set	Print the verdict and the page digests to the log	2026-09-11T01:00:44.5156166Z         "y1": 2642,
vt_exp_decriminalized-set	Print the verdict and the page digests to the log	2026-09-11T01:00:44.5156363Z         "width": 2040,
vt_exp_decriminalized-set	Print the verdict and the page digests to the log	2026-09-11T01:00:44.5156573Z         "height": 2640
vt_exp_decriminalized-set	Print the verdict and the page digests to the log	2026-09-11T01:00:44.5156776Z       },
vt_exp_decriminalized-set	Print the verdict and the page digests to the log	2026-09-11T01:00:44.5156989Z       "pxPerPt": 3.3333333333333335,
vt_exp_decriminalized-set	Print the verdict and the page digests to the log	2026-09-11T01:00:44.5157282Z       "expectedPxPerPt": 3.333333333333333,
vt_exp_decriminalized-set	Print the verdict and the page digests to the log	2026-09-11T01:00:44.5157559Z       "pageWidthPt": 612,
vt_exp_decriminalized-set	Print the verdict and the page digests to the log	2026-09-11T01:00:44.5157791Z       "pageHeightPt": 792,
vt_exp_decriminalized-set	Print the verdict and the page digests to the log	2026-09-11T01:00:44.5158023Z       "expectedPx": {
vt_exp_decriminalized-set	Print the verdict and the page digests to the log	2026-09-11T01:00:44.5158264Z         "width": 2039.9999999999998,
vt_exp_decriminalized-set	Print the verdict and the page digests to the log	2026-09-11T01:00:44.5158539Z         "height": 2639.9999999999995,
vt_exp_decriminalized-set	Print the verdict and the page digests to the log	2026-09-11T01:00:44.5159114Z         "tolerancePx": 6.666666666666666
vt_exp_decriminalized-set	Print the verdict and the page digests to the log	2026-09-11T01:00:44.5159368Z       },
vt_exp_decriminalized-set	Print the verdict and the page digests to the log	2026-09-11T01:00:44.5159592Z       "calibrationResidualPx": 0,
vt_exp_decriminalized-set	Print the verdict and the page digests to the log	2026-09-11T01:00:44.5159920Z       "inkFractionInsidePaper": 0.05725824420677362,
vt_exp_decriminalized-set	Print the verdict and the page digests to the log	2026-09-11T01:00:44.5160221Z       "nonblank": true,
vt_exp_decriminalized-set	Print the verdict and the page digests to the log	2026-09-11T01:00:44.5160471Z       "croppedToThePage": true
vt_exp_decriminalized-set	Print the verdict and the page digests to the log	2026-09-11T01:00:44.5160709Z     },
vt_exp_decriminalized-set	Print the verdict and the page digests to the log	2026-09-11T01:00:44.5160881Z     {
vt_exp_decriminalized-set	Print the verdict and the page digests to the log	2026-09-11T01:00:44.5161066Z       "kind": "boundary",
vt_exp_decriminalized-set	Print the verdict and the page digests to the log	2026-09-11T01:00:44.5161323Z       "document": "boundary.pdf",
vt_exp_decriminalized-set	Print the verdict and the page digests to the log	2026-09-11T01:00:44.5161564Z       "page": 6,
vt_exp_decriminalized-set	Print the verdict and the page digests to the log	2026-09-11T01:00:44.5161868Z       "png": "vt_exp_decriminalized-set/boundary/page-006.png",
vt_exp_decriminalized-set	Print the verdict and the page digests to the log	2026-09-11T01:00:44.5162194Z       "bytes": 267227,
vt_exp_decriminalized-set	Print the verdict and the page digests to the log	2026-09-11T01:00:44.5162586Z       "pngSha256": "53e269c0519a885a3dcc4d05260b25891b47c2c31a99979181489609e0481d60",
vt_exp_decriminalized-set	Print the verdict and the page digests to the log	2026-09-11T01:00:44.5162995Z       "pngWidth": 2040,
vt_exp_decriminalized-set	Print the verdict and the page digests to the log	2026-09-11T01:00:44.5163222Z       "pngHeight": 2640,
vt_exp_decriminalized-set	Print the verdict and the page digests to the log	2026-09-11T01:00:44.5163589Z       "paper": {
vt_exp_decriminalized-set	Print the verdict and the page digests to the log	2026-09-11T01:00:44.5163955Z         "x0": 204,
vt_exp_decriminalized-set	Print the verdict and the page digests to the log	2026-09-11T01:00:44.5164151Z         "y0": 3,
vt_exp_decriminalized-set	Print the verdict and the page digests to the log	2026-09-11T01:00:44.5164341Z         "x1": 2243,
vt_exp_decriminalized-set	Print the verdict and the page digests to the log	2026-09-11T01:00:44.5164543Z         "y1": 2642,
vt_exp_decriminalized-set	Print the verdict and the page digests to the log	2026-09-11T01:00:44.5164746Z         "width": 2040,
vt_exp_decriminalized-set	Print the verdict and the page digests to the log	2026-09-11T01:00:44.5164957Z         "height": 2640
vt_exp_decriminalized-set	Print the verdict and the page digests to the log	2026-09-11T01:00:44.5165158Z       },
vt_exp_decriminalized-set	Print the verdict and the page digests to the log	2026-09-11T01:00:44.5165375Z       "pxPerPt": 3.3333333333333335,
vt_exp_decriminalized-set	Print the verdict and the page digests to the log	2026-09-11T01:00:44.5165666Z       "expectedPxPerPt": 3.333333333333333,
vt_exp_decriminalized-set	Print the verdict and the page digests to the log	2026-09-11T01:00:44.5165940Z       "pageWidthPt": 612,
vt_exp_decriminalized-set	Print the verdict and the page digests to the log	2026-09-11T01:00:44.5166179Z       "pageHeightPt": 792,
vt_exp_decriminalized-set	Print the verdict and the page digests to the log	2026-09-11T01:00:44.5166408Z       "expectedPx": {
vt_exp_decriminalized-set	Print the verdict and the page digests to the log	2026-09-11T01:00:44.5166645Z         "width": 2039.9999999999998,
vt_exp_decriminalized-set	Print the verdict and the page digests to the log	2026-09-11T01:00:44.5166914Z         "height": 2639.9999999999995,
vt_exp_decriminalized-set	Print the verdict and the page digests to the log	2026-09-11T01:00:44.5167193Z         "tolerancePx": 6.666666666666666
vt_exp_decriminalized-set	Print the verdict and the page digests to the log	2026-09-11T01:00:44.5167440Z       },
vt_exp_decriminalized-set	Print the verdict and the page digests to the log	2026-09-11T01:00:44.5167664Z       "calibrationResidualPx": 0,
vt_exp_decriminalized-set	Print the verdict and the page digests to the log	2026-09-11T01:00:44.5167981Z       "inkFractionInsidePaper": 0.04457961972667855,
vt_exp_decriminalized-set	Print the verdict and the page digests to the log	2026-09-11T01:00:44.5168286Z       "nonblank": true,
vt_exp_decriminalized-set	Print the verdict and the page digests to the log	2026-09-11T01:00:44.5168537Z       "croppedToThePage": true
vt_exp_decriminalized-set	Print the verdict and the page digests to the log	2026-09-11T01:00:44.5169058Z     },
vt_exp_decriminalized-set	Print the verdict and the page digests to the log	2026-09-11T01:00:44.5169237Z     {
vt_exp_decriminalized-set	Print the verdict and the page digests to the log	2026-09-11T01:00:44.5169427Z       "kind": "boundary",
vt_exp_decriminalized-set	Print the verdict and the page digests to the log	2026-09-11T01:00:44.5169679Z       "document": "boundary.pdf",
vt_exp_decriminalized-set	Print the verdict and the page digests to the log	2026-09-11T01:00:44.5169920Z       "page": 7,
vt_exp_decriminalized-set	Print the verdict and the page digests to the log	2026-09-11T01:00:44.5170219Z       "png": "vt_exp_decriminalized-set/boundary/page-007.png",
vt_exp_decriminalized-set	Print the verdict and the page digests to the log	2026-09-11T01:00:44.5170552Z       "bytes": 439051,
vt_exp_decriminalized-set	Print the verdict and the page digests to the log	2026-09-11T01:00:44.5170958Z       "pngSha256": "e407589b95763ebe97287f1d810eead45df7c17c9ffd149967ba182964f2fdb9",
vt_exp_decriminalized-set	Print the verdict and the page digests to the log	2026-09-11T01:00:44.5171376Z       "pngWidth": 2040,
vt_exp_decriminalized-set	Print the verdict and the page digests to the log	2026-09-11T01:00:44.5171597Z       "pngHeight": 2640,
vt_exp_decriminalized-set	Print the verdict and the page digests to the log	2026-09-11T01:00:44.5171815Z       "paper": {
vt_exp_decriminalized-set	Print the verdict and the page digests to the log	2026-09-11T01:00:44.5172010Z         "x0": 204,
vt_exp_decriminalized-set	Print the verdict and the page digests to the log	2026-09-11T01:00:44.5172205Z         "y0": 3,
vt_exp_decriminalized-set	Print the verdict and the page digests to the log	2026-09-11T01:00:44.5172394Z         "x1": 2243,
vt_exp_decriminalized-set	Print the verdict and the page digests to the log	2026-09-11T01:00:44.5172590Z         "y1": 2642,
vt_exp_decriminalized-set	Print the verdict and the page digests to the log	2026-09-11T01:00:44.5172793Z         "width": 2040,
vt_exp_decriminalized-set	Print the verdict and the page digests to the log	2026-09-11T01:00:44.5173003Z         "height": 2640
vt_exp_decriminalized-set	Print the verdict and the page digests to the log	2026-09-11T01:00:44.5173205Z       },
vt_exp_decriminalized-set	Print the verdict and the page digests to the log	2026-09-11T01:00:44.5173419Z       "pxPerPt": 3.3333333333333335,
vt_exp_decriminalized-set	Print the verdict and the page digests to the log	2026-09-11T01:00:44.5173713Z       "expectedPxPerPt": 3.333333333333333,
vt_exp_decriminalized-set	Print the verdict and the page digests to the log	2026-09-11T01:00:44.5173997Z       "pageWidthPt": 612,
vt_exp_decriminalized-set	Print the verdict and the page digests to the log	2026-09-11T01:00:44.5174231Z       "pageHeightPt": 792,
vt_exp_decriminalized-set	Print the verdict and the page digests to the log	2026-09-11T01:00:44.5174463Z       "expectedPx": {
vt_exp_decriminalized-set	Print the verdict and the page digests to the log	2026-09-11T01:00:44.5174696Z         "width": 2039.9999999999998,
vt_exp_decriminalized-set	Print the verdict and the page digests to the log	2026-09-11T01:00:44.5174970Z         "height": 2639.9999999999995,
vt_exp_decriminalized-set	Print the verdict and the page digests to the log	2026-09-11T01:00:44.5175255Z         "tolerancePx": 6.666666666666666
vt_exp_decriminalized-set	Print the verdict and the page digests to the log	2026-09-11T01:00:44.5175509Z       },
vt_exp_decriminalized-set	Print the verdict and the page digests to the log	2026-09-11T01:00:44.5175727Z       "calibrationResidualPx": 0,
vt_exp_decriminalized-set	Print the verdict and the page digests to the log	2026-09-11T01:00:44.5176046Z       "inkFractionInsidePaper": 0.04908199643493761,
vt_exp_decriminalized-set	Print the verdict and the page digests to the log	2026-09-11T01:00:44.5176341Z       "nonblank": true,
vt_exp_decriminalized-set	Print the verdict and the page digests to the log	2026-09-11T01:00:44.5176586Z       "croppedToThePage": true
vt_exp_decriminalized-set	Print the verdict and the page digests to the log	2026-09-11T01:00:44.5176821Z     },
vt_exp_decriminalized-set	Print the verdict and the page digests to the log	2026-09-11T01:00:44.5176999Z     {
vt_exp_decriminalized-set	Print the verdict and the page digests to the log	2026-09-11T01:00:44.5177185Z       "kind": "boundary",
vt_exp_decriminalized-set	Print the verdict and the page digests to the log	2026-09-11T01:00:44.5177440Z       "document": "boundary.pdf",
vt_exp_decriminalized-set	Print the verdict and the page digests to the log	2026-09-11T01:00:44.5177684Z       "page": 8,
vt_exp_decriminalized-set	Print the verdict and the page digests to the log	2026-09-11T01:00:44.5177985Z       "png": "vt_exp_decriminalized-set/boundary/page-008.png",
vt_exp_decriminalized-set	Print the verdict and the page digests to the log	2026-09-11T01:00:44.5178304Z       "bytes": 446599,
vt_exp_decriminalized-set	Print the verdict and the page digests to the log	2026-09-11T01:00:44.5178908Z       "pngSha256": "34410d556ac35b9af16228c1dcc2e84cd1a0b4bf6b64e30d8adc8deb5213b51e",
vt_exp_decriminalized-set	Print the verdict and the page digests to the log	2026-09-11T01:00:44.5179356Z       "pngWidth": 2040,
vt_exp_decriminalized-set	Print the verdict and the page digests to the log	2026-09-11T01:00:44.5179582Z       "pngHeight": 2640,
vt_exp_decriminalized-set	Print the verdict and the page digests to the log	2026-09-11T01:00:44.5179802Z       "paper": {
vt_exp_decriminalized-set	Print the verdict and the page digests to the log	2026-09-11T01:00:44.5179999Z         "x0": 204,
vt_exp_decriminalized-set	Print the verdict and the page digests to the log	2026-09-11T01:00:44.5180197Z         "y0": 3,
vt_exp_decriminalized-set	Print the verdict and the page digests to the log	2026-09-11T01:00:44.5180390Z         "x1": 2243,
vt_exp_decriminalized-set	Print the verdict and the page digests to the log	2026-09-11T01:00:44.5180584Z         "y1": 2642,
vt_exp_decriminalized-set	Print the verdict and the page digests to the log	2026-09-11T01:00:44.5180781Z         "width": 2040,
vt_exp_decriminalized-set	Print the verdict and the page digests to the log	2026-09-11T01:00:44.5180993Z         "height": 2640
vt_exp_decriminalized-set	Print the verdict and the page digests to the log	2026-09-11T01:00:44.5181192Z       },
vt_exp_decriminalized-set	Print the verdict and the page digests to the log	2026-09-11T01:00:44.5181412Z       "pxPerPt": 3.3333333333333335,
vt_exp_decriminalized-set	Print the verdict and the page digests to the log	2026-09-11T01:00:44.5181706Z       "expectedPxPerPt": 3.333333333333333,
vt_exp_decriminalized-set	Print the verdict and the page digests to the log	2026-09-11T01:00:44.5182123Z       "pageWidthPt": 612,
vt_exp_decriminalized-set	Print the verdict and the page digests to the log	2026-09-11T01:00:44.5182468Z       "pageHeightPt": 792,
vt_exp_decriminalized-set	Print the verdict and the page digests to the log	2026-09-11T01:00:44.5182698Z       "expectedPx": {
vt_exp_decriminalized-set	Print the verdict and the page digests to the log	2026-09-11T01:00:44.5182933Z         "width": 2039.9999999999998,
vt_exp_decriminalized-set	Print the verdict and the page digests to the log	2026-09-11T01:00:44.5183210Z         "height": 2639.9999999999995,
vt_exp_decriminalized-set	Print the verdict and the page digests to the log	2026-09-11T01:00:44.5183488Z         "tolerancePx": 6.666666666666666
vt_exp_decriminalized-set	Print the verdict and the page digests to the log	2026-09-11T01:00:44.5183737Z       },
vt_exp_decriminalized-set	Print the verdict and the page digests to the log	2026-09-11T01:00:44.5183959Z       "calibrationResidualPx": 0,
vt_exp_decriminalized-set	Print the verdict and the page digests to the log	2026-09-11T01:00:44.5184279Z       "inkFractionInsidePaper": 0.052939691027926325,
vt_exp_decriminalized-set	Print the verdict and the page digests to the log	2026-09-11T01:00:44.5184580Z       "nonblank": true,
vt_exp_decriminalized-set	Print the verdict and the page digests to the log	2026-09-11T01:00:44.5184830Z       "croppedToThePage": true
vt_exp_decriminalized-set	Print the verdict and the page digests to the log	2026-09-11T01:00:44.5185061Z     }
vt_exp_decriminalized-set	Print the verdict and the page digests to the log	2026-09-11T01:00:44.5185236Z   ],
vt_exp_decriminalized-set	Print the verdict and the page digests to the log	2026-09-11T01:00:44.5185418Z   "problems": [],
vt_exp_decriminalized-set	Print the verdict and the page digests to the log	2026-09-11T01:00:44.5185643Z   "environmentProblems": [],
vt_exp_decriminalized-set	Print the verdict and the page digests to the log	2026-09-11T01:00:44.5186307Z   "whatThisDoesNotDecide": "This is one gate. RASTER_PASS does not make a family PASS_COMPLETE, promotes nothing, and opens no commercial route.",
vt_exp_decriminalized-set	Print the verdict and the page digests to the log	2026-09-11T01:00:44.5186934Z   "packetPdfsModified": 0,
vt_exp_decriminalized-set	Print the verdict and the page digests to the log	2026-09-11T01:00:44.5187176Z   "bodiesCommitted": 0,
vt_exp_decriminalized-set	Print the verdict and the page digests to the log	2026-09-11T01:00:44.5187432Z   "commercialRoutesOpened": 0,
vt_exp_decriminalized-set	Print the verdict and the page digests to the log	2026-09-11T01:00:44.5187691Z   "productionTouched": false
vt_exp_decriminalized-set	Print the verdict and the page digests to the log	2026-09-11T01:00:44.5187923Z }
vt_exp_decriminalized-set	Print the verdict and the page digests to the log	2026-09-11T01:00:44.5188268Z ===== END VERDICT vt_exp_decriminalized-set.verdict.json =====
vt_exp_decriminalized-set	Print the verdict and the page digests to the log	2026-09-11T01:00:44.5188879Z ===== BEGIN PAGE DIGESTS =====
vt_exp_decriminalized-set	Print the verdict and the page digests to the log	2026-09-11T01:00:44.5189632Z 17a9a6c7063b3aec2dace15d3e1e3d6c06814e409d025b6addcfa84e3cff39eb  raster-out/vt_exp_decriminalized-set/boundary/page-001.png
vt_exp_decriminalized-set	Print the verdict and the page digests to the log	2026-09-11T01:00:44.5190655Z 749a02b149f6cf7ca42838aa685b656c8d868057a048bf23ece15bb02cac504f  raster-out/vt_exp_decriminalized-set/boundary/page-002.png
vt_exp_decriminalized-set	Print the verdict and the page digests to the log	2026-09-11T01:00:44.5191640Z df4dc767f8203245f866e5b9424ff4164f1800e9a7a9918f2a8a66d238727f80  raster-out/vt_exp_decriminalized-set/boundary/page-003.png
vt_exp_decriminalized-set	Print the verdict and the page digests to the log	2026-09-11T01:00:44.5192626Z 42a18d42c0c8eaa4fb519d6359a5b0304ed2d817b43afe84c42beb6597e545b9  raster-out/vt_exp_decriminalized-set/boundary/page-004.png
vt_exp_decriminalized-set	Print the verdict and the page digests to the log	2026-09-11T01:00:44.5193612Z 914c0358a7ea896804bcf316195c1f3154a1faebd26d4afd065488f1ad6281ab  raster-out/vt_exp_decriminalized-set/boundary/page-005.png
vt_exp_decriminalized-set	Print the verdict and the page digests to the log	2026-09-11T01:00:44.5194582Z 53e269c0519a885a3dcc4d05260b25891b47c2c31a99979181489609e0481d60  raster-out/vt_exp_decriminalized-set/boundary/page-006.png
vt_exp_decriminalized-set	Print the verdict and the page digests to the log	2026-09-11T01:00:44.5195551Z e407589b95763ebe97287f1d810eead45df7c17c9ffd149967ba182964f2fdb9  raster-out/vt_exp_decriminalized-set/boundary/page-007.png
vt_exp_decriminalized-set	Print the verdict and the page digests to the log	2026-09-11T01:00:44.5196541Z 34410d556ac35b9af16228c1dcc2e84cd1a0b4bf6b64e30d8adc8deb5213b51e  raster-out/vt_exp_decriminalized-set/boundary/page-008.png
vt_exp_decriminalized-set	Print the verdict and the page digests to the log	2026-09-11T01:00:44.5197558Z c1a63496308c3767251a0509f495a5122722554b47d254d56c03068ba58572e5  raster-out/vt_exp_decriminalized-set/boundary/page-calibration.png
vt_exp_decriminalized-set	Print the verdict and the page digests to the log	2026-09-11T01:00:44.5198571Z 5a18d3a57944bd4a753d0073a9b3d135a80d48d87e90601d51a6573f20e37e38  raster-out/vt_exp_decriminalized-set/canonical/page-001.png
vt_exp_decriminalized-set	Print the verdict and the page digests to the log	2026-09-11T01:00:44.5199819Z cba97161954b0e9f725d35e78e491cc9b57ceb9effa5dc5190403889f7605f96  raster-out/vt_exp_decriminalized-set/canonical/page-002.png
vt_exp_decriminalized-set	Print the verdict and the page digests to the log	2026-09-11T01:00:44.5200836Z 59b6aca3971a22a8befd06a0edee9be38fafa32b2dc2f0f40c8b67ad87ed41ee  raster-out/vt_exp_decriminalized-set/canonical/page-003.png
vt_exp_decriminalized-set	Print the verdict and the page digests to the log	2026-09-11T01:00:44.5201844Z 42a18d42c0c8eaa4fb519d6359a5b0304ed2d817b43afe84c42beb6597e545b9  raster-out/vt_exp_decriminalized-set/canonical/page-004.png
vt_exp_decriminalized-set	Print the verdict and the page digests to the log	2026-09-11T01:00:44.5202830Z 914c0358a7ea896804bcf316195c1f3154a1faebd26d4afd065488f1ad6281ab  raster-out/vt_exp_decriminalized-set/canonical/page-005.png
vt_exp_decriminalized-set	Print the verdict and the page digests to the log	2026-09-11T01:00:44.5203806Z 53e269c0519a885a3dcc4d05260b25891b47c2c31a99979181489609e0481d60  raster-out/vt_exp_decriminalized-set/canonical/page-006.png
vt_exp_decriminalized-set	Print the verdict and the page digests to the log	2026-09-11T01:00:44.5204776Z 555da21a86a8993ad53a6e498b5059fc01921c90a66e323d125cd09c1d2437d4  raster-out/vt_exp_decriminalized-set/canonical/page-007.png
vt_exp_decriminalized-set	Print the verdict and the page digests to the log	2026-09-11T01:00:44.5205767Z 50adfc75bca83540aaa0edc683c5609ba24e6882f80ffc34482d7e98ad94420d  raster-out/vt_exp_decriminalized-set/canonical/page-008.png
vt_exp_decriminalized-set	Print the verdict and the page digests to the log	2026-09-11T01:00:44.5206817Z fe45c7a20494c6faf04f15a3f21cdbd45e5814cb7ae94c56ede75edbe4fe67d5  raster-out/vt_exp_decriminalized-set/canonical/page-calibration.png
vt_exp_decriminalized-set	Print the verdict and the page digests to the log	2026-09-11T01:00:44.5207728Z ===== END PAGE DIGESTS =====
vt_exp_decriminalized-set	Refuse a modified packet byte	﻿2026-09-11T01:00:44.5244235Z ##[group]Run set -euo pipefail
vt_exp_decriminalized-set	Refuse a modified packet byte	2026-09-11T01:00:44.5244560Z ^[[36;1mset -euo pipefail^[[0m
vt_exp_decriminalized-set	Refuse a modified packet byte	2026-09-11T01:00:44.5244921Z ^[[36;1m# The render writes only under raster-out/. If a tracked file moved,^[[0m
vt_exp_decriminalized-set	Refuse a modified packet byte	2026-09-11T01:00:44.5245330Z ^[[36;1m# something wrote where it must not.^[[0m
vt_exp_decriminalized-set	Refuse a modified packet byte	2026-09-11T01:00:44.5245663Z ^[[36;1mgit diff --quiet && git diff --cached --quiet \^[[0m
vt_exp_decriminalized-set	Refuse a modified packet byte	2026-09-11T01:00:44.5246143Z ^[[36;1m  || { echo "REFUSED: the render modified tracked files"; git status --porcelain; exit 1; }^[[0m
vt_exp_decriminalized-set	Refuse a modified packet byte	2026-09-11T01:00:44.5281938Z shell: /usr/bin/bash -e {0}
vt_exp_decriminalized-set	Refuse a modified packet byte	2026-09-11T01:00:44.5282190Z env:
vt_exp_decriminalized-set	Refuse a modified packet byte	2026-09-11T01:00:44.5282454Z   pythonLocation: /opt/hostedtoolcache/Python/3.12.14/x64
vt_exp_decriminalized-set	Refuse a modified packet byte	2026-09-11T01:00:44.5282894Z   PKG_CONFIG_PATH: /opt/hostedtoolcache/Python/3.12.14/x64/lib/pkgconfig
vt_exp_decriminalized-set	Refuse a modified packet byte	2026-09-11T01:00:44.5283320Z   Python_ROOT_DIR: /opt/hostedtoolcache/Python/3.12.14/x64
vt_exp_decriminalized-set	Refuse a modified packet byte	2026-09-11T01:00:44.5283717Z   Python2_ROOT_DIR: /opt/hostedtoolcache/Python/3.12.14/x64
vt_exp_decriminalized-set	Refuse a modified packet byte	2026-09-11T01:00:44.5284105Z   Python3_ROOT_DIR: /opt/hostedtoolcache/Python/3.12.14/x64
vt_exp_decriminalized-set	Refuse a modified packet byte	2026-09-11T01:00:44.5284537Z   LD_LIBRARY_PATH: /opt/hostedtoolcache/Python/3.12.14/x64/lib
vt_exp_decriminalized-set	Refuse a modified packet byte	2026-09-11T01:00:44.5284942Z   PLAYWRIGHT_BROWSERS_PATH: /home/runner/.cache/ms-playwright
vt_exp_decriminalized-set	Refuse a modified packet byte	2026-09-11T01:00:44.5285298Z ##[endgroup]
vt_exp_decriminalized-set	Artifact-safe label for this family	﻿2026-09-11T01:00:45.4494779Z ##[group]Run printf 'FAMILY_SLUG=%s\n' "$(printf '%s' "$FAMILY" | tr -c 'A-Za-z0-9._-' '_')" >> "$GITHUB_ENV"
vt_exp_decriminalized-set	Artifact-safe label for this family	2026-09-11T01:00:45.4495458Z ^[[36;1mprintf 'FAMILY_SLUG=%s\n' "$(printf '%s' "$FAMILY" | tr -c 'A-Za-z0-9._-' '_')" >> "$GITHUB_ENV"^[[0m
vt_exp_decriminalized-set	Artifact-safe label for this family	2026-09-11T01:00:45.4532743Z shell: /usr/bin/bash -e {0}
vt_exp_decriminalized-set	Artifact-safe label for this family	2026-09-11T01:00:45.4532996Z env:
vt_exp_decriminalized-set	Artifact-safe label for this family	2026-09-11T01:00:45.4533261Z   pythonLocation: /opt/hostedtoolcache/Python/3.12.14/x64
vt_exp_decriminalized-set	Artifact-safe label for this family	2026-09-11T01:00:45.4533710Z   PKG_CONFIG_PATH: /opt/hostedtoolcache/Python/3.12.14/x64/lib/pkgconfig
vt_exp_decriminalized-set	Artifact-safe label for this family	2026-09-11T01:00:45.4534148Z   Python_ROOT_DIR: /opt/hostedtoolcache/Python/3.12.14/x64
vt_exp_decriminalized-set	Artifact-safe label for this family	2026-09-11T01:00:45.4534552Z   Python2_ROOT_DIR: /opt/hostedtoolcache/Python/3.12.14/x64
vt_exp_decriminalized-set	Artifact-safe label for this family	2026-09-11T01:00:45.4534948Z   Python3_ROOT_DIR: /opt/hostedtoolcache/Python/3.12.14/x64
vt_exp_decriminalized-set	Artifact-safe label for this family	2026-09-11T01:00:45.4535327Z   LD_LIBRARY_PATH: /opt/hostedtoolcache/Python/3.12.14/x64/lib
vt_exp_decriminalized-set	Artifact-safe label for this family	2026-09-11T01:00:45.4535724Z   PLAYWRIGHT_BROWSERS_PATH: /home/runner/.cache/ms-playwright
vt_exp_decriminalized-set	Artifact-safe label for this family	2026-09-11T01:00:45.4536087Z   FAMILY: vt_exp_decriminalized-set
vt_exp_decriminalized-set	Artifact-safe label for this family	2026-09-11T01:00:45.4536376Z ##[endgroup]
vt_exp_decriminalized-set	Run actions/upload-artifact@v4	﻿2026-09-11T01:00:45.4653659Z Node 20 is being deprecated. This workflow is running with Node 24 by default. If you need to temporarily use Node 20, you can set the ACTIONS_ALLOW_USE_UNSECURE_NODE_VERSION=true environment variable. For more information see: https://github.blog/changelog/2025-09-19-deprecation-of-node-20-on-github-actions-runners/
vt_exp_decriminalized-set	Run actions/upload-artifact@v4	2026-09-11T01:00:45.4654915Z ##[group]Run actions/upload-artifact@v4
vt_exp_decriminalized-set	Run actions/upload-artifact@v4	2026-09-11T01:00:45.4655176Z with:
vt_exp_decriminalized-set	Run actions/upload-artifact@v4	2026-09-11T01:00:45.4655433Z   name: rcap-raster-vt_exp_decriminalized-set-34548354299
vt_exp_decriminalized-set	Run actions/upload-artifact@v4	2026-09-11T01:00:45.4655772Z   path: raster-out/
vt_exp_decriminalized-set	Run actions/upload-artifact@v4	2026-09-11T01:00:45.4656000Z   if-no-files-found: error
vt_exp_decriminalized-set	Run actions/upload-artifact@v4	2026-09-11T01:00:45.4656234Z   retention-days: 14
vt_exp_decriminalized-set	Run actions/upload-artifact@v4	2026-09-11T01:00:45.4656448Z   compression-level: 6
vt_exp_decriminalized-set	Run actions/upload-artifact@v4	2026-09-11T01:00:45.4656659Z   overwrite: false
vt_exp_decriminalized-set	Run actions/upload-artifact@v4	2026-09-11T01:00:45.4656871Z   include-hidden-files: false
vt_exp_decriminalized-set	Run actions/upload-artifact@v4	2026-09-11T01:00:45.4657098Z env:
vt_exp_decriminalized-set	Run actions/upload-artifact@v4	2026-09-11T01:00:45.4657346Z   pythonLocation: /opt/hostedtoolcache/Python/3.12.14/x64
vt_exp_decriminalized-set	Run actions/upload-artifact@v4	2026-09-11T01:00:45.4657760Z   PKG_CONFIG_PATH: /opt/hostedtoolcache/Python/3.12.14/x64/lib/pkgconfig
vt_exp_decriminalized-set	Run actions/upload-artifact@v4	2026-09-11T01:00:45.4658209Z   Python_ROOT_DIR: /opt/hostedtoolcache/Python/3.12.14/x64
vt_exp_decriminalized-set	Run actions/upload-artifact@v4	2026-09-11T01:00:45.4658582Z   Python2_ROOT_DIR: /opt/hostedtoolcache/Python/3.12.14/x64
vt_exp_decriminalized-set	Run actions/upload-artifact@v4	2026-09-11T01:00:45.4659247Z   Python3_ROOT_DIR: /opt/hostedtoolcache/Python/3.12.14/x64
vt_exp_decriminalized-set	Run actions/upload-artifact@v4	2026-09-11T01:00:45.4659626Z   LD_LIBRARY_PATH: /opt/hostedtoolcache/Python/3.12.14/x64/lib
vt_exp_decriminalized-set	Run actions/upload-artifact@v4	2026-09-11T01:00:45.4660020Z   PLAYWRIGHT_BROWSERS_PATH: /home/runner/.cache/ms-playwright
vt_exp_decriminalized-set	Run actions/upload-artifact@v4	2026-09-11T01:00:45.4660370Z   FAMILY_SLUG: vt_exp_decriminalized-set
vt_exp_decriminalized-set	Run actions/upload-artifact@v4	2026-09-11T01:00:45.4660809Z ##[endgroup]
vt_exp_decriminalized-set	Run actions/upload-artifact@v4	2026-09-11T01:00:45.6280348Z (node:5673) [DEP0040] DeprecationWarning: The `punycode` module is deprecated. Please use a userland alternative instead.
vt_exp_decriminalized-set	Run actions/upload-artifact@v4	2026-09-11T01:00:45.6281201Z (Use `node --trace-deprecation ...` to show where the warning was created)
vt_exp_decriminalized-set	Run actions/upload-artifact@v4	2026-09-11T01:00:45.6388444Z With the provided path, there will be 24 files uploaded
vt_exp_decriminalized-set	Run actions/upload-artifact@v4	2026-09-11T01:00:45.6395569Z Artifact name is valid!
vt_exp_decriminalized-set	Run actions/upload-artifact@v4	2026-09-11T01:00:45.6396161Z Root directory input is valid!
vt_exp_decriminalized-set	Run actions/upload-artifact@v4	2026-09-11T01:00:45.9769755Z Beginning upload of artifact content to blob storage
vt_exp_decriminalized-set	Run actions/upload-artifact@v4	2026-09-11T01:00:46.2216818Z (node:5673) [DEP0169] DeprecationWarning: `url.parse()` behavior is not standardized and prone to errors that have security implications. Use the WHATWG URL API instead. CVEs are not issued for `url.parse()` vulnerabilities.
vt_exp_decriminalized-set	Run actions/upload-artifact@v4	2026-09-11T01:00:46.9156971Z Uploaded bytes 5955352
vt_exp_decriminalized-set	Run actions/upload-artifact@v4	2026-09-11T01:00:46.9717774Z Finished uploading artifact content to blob storage!
vt_exp_decriminalized-set	Run actions/upload-artifact@v4	2026-09-11T01:00:46.9719302Z SHA256 digest of uploaded artifact zip is 3d851e53be8ca4e6ded47e1bc826955ff94783005e9674c06bec0599590b2b90
vt_exp_decriminalized-set	Run actions/upload-artifact@v4	2026-09-11T01:00:46.9721494Z Finalizing artifact upload
vt_exp_decriminalized-set	Run actions/upload-artifact@v4	2026-09-11T01:00:47.1804476Z Artifact rcap-raster-vt_exp_decriminalized-set-34548354299.zip successfully finalized. Artifact ID 10180039155
vt_exp_decriminalized-set	Run actions/upload-artifact@v4	2026-09-11T01:00:47.1806698Z Artifact rcap-raster-vt_exp_decriminalized-set-34548354299 has been successfully uploaded! Final size is 5955352 bytes. Artifact ID is 10180039155
vt_exp_decriminalized-set	Run actions/upload-artifact@v4	2026-09-11T01:00:47.1812997Z Artifact download URL: https://github.com/Roger-LegalEase/legalease-partner-dashboard-clean/actions/runs/34548354299/artifacts/10180039155
vt_exp_decriminalized-set	Post Run actions/setup-python@v5	﻿2026-09-11T01:00:47.1991302Z Node 20 is being deprecated. This workflow is running with Node 24 by default. If you need to temporarily use Node 20, you can set the ACTIONS_ALLOW_USE_UNSECURE_NODE_VERSION=true environment variable. For more information see: https://github.blog/changelog/2025-09-19-deprecation-of-node-20-on-github-actions-runners/
vt_exp_decriminalized-set	Post Run actions/setup-python@v5	2026-09-11T01:00:47.1992564Z Post job cleanup.
vt_exp_decriminalized-set	Post Run actions/setup-python@v5	2026-09-11T01:00:47.3162823Z (node:5685) [DEP0040] DeprecationWarning: The `punycode` module is deprecated. Please use a userland alternative instead.
vt_exp_decriminalized-set	Post Run actions/setup-python@v5	2026-09-11T01:00:47.3164218Z (Use `node --trace-deprecation ...` to show where the warning was created)
vt_exp_decriminalized-set	Post Run actions/setup-node@v4	﻿2026-09-11T01:00:47.3333446Z Node 20 is being deprecated. This workflow is running with Node 24 by default. If you need to temporarily use Node 20, you can set the ACTIONS_ALLOW_USE_UNSECURE_NODE_VERSION=true environment variable. For more information see: https://github.blog/changelog/2025-09-19-deprecation-of-node-20-on-github-actions-runners/
vt_exp_decriminalized-set	Post Run actions/setup-node@v4	2026-09-11T01:00:47.3335539Z Post job cleanup.
vt_exp_decriminalized-set	Post Run actions/setup-node@v4	2026-09-11T01:00:47.4628312Z (node:5693) [DEP0040] DeprecationWarning: The `punycode` module is deprecated. Please use a userland alternative instead.
vt_exp_decriminalized-set	Post Run actions/setup-node@v4	2026-09-11T01:00:47.4629435Z (Use `node --trace-deprecation ...` to show where the warning was created)
vt_exp_decriminalized-set	Post Run actions/checkout@v4	﻿2026-09-11T01:00:47.4855293Z Node 20 is being deprecated. This workflow is running with Node 24 by default. If you need to temporarily use Node 20, you can set the ACTIONS_ALLOW_USE_UNSECURE_NODE_VERSION=true environment variable. For more information see: https://github.blog/changelog/2025-09-19-deprecation-of-node-20-on-github-actions-runners/
vt_exp_decriminalized-set	Post Run actions/checkout@v4	2026-09-11T01:00:47.4857502Z Post job cleanup.
vt_exp_decriminalized-set	Post Run actions/checkout@v4	2026-09-11T01:00:47.5784650Z [command]/usr/bin/git version
vt_exp_decriminalized-set	Post Run actions/checkout@v4	2026-09-11T01:00:47.5829829Z git version 2.55.0
vt_exp_decriminalized-set	Post Run actions/checkout@v4	2026-09-11T01:00:47.5875300Z Temporarily overriding HOME='/home/runner/work/_temp/86ecc8bc-b114-46a2-8802-2144bd4da6d0' before making global git config changes
vt_exp_decriminalized-set	Post Run actions/checkout@v4	2026-09-11T01:00:47.5877188Z Adding repository directory to the temporary git global config as a safe directory
vt_exp_decriminalized-set	Post Run actions/checkout@v4	2026-09-11T01:00:47.5881131Z [command]/usr/bin/git config --global --add safe.directory /home/runner/work/legalease-partner-dashboard-clean/legalease-partner-dashboard-clean
vt_exp_decriminalized-set	Post Run actions/checkout@v4	2026-09-11T01:00:47.5923148Z [command]/usr/bin/git config --local --name-only --get-regexp core\.sshCommand
vt_exp_decriminalized-set	Post Run actions/checkout@v4	2026-09-11T01:00:47.5959991Z [command]/usr/bin/git submodule foreach --recursive sh -c "git config --local --name-only --get-regexp 'core\.sshCommand' && git config --local --unset-all 'core.sshCommand' || :"
vt_exp_decriminalized-set	Post Run actions/checkout@v4	2026-09-11T01:00:47.6235603Z [command]/usr/bin/git config --local --name-only --get-regexp http\.https\:\/\/github\.com\/\.extraheader
vt_exp_decriminalized-set	Post Run actions/checkout@v4	2026-09-11T01:00:47.6272030Z http.https://github.com/.extraheader
vt_exp_decriminalized-set	Post Run actions/checkout@v4	2026-09-11T01:00:47.6299688Z [command]/usr/bin/git config --local --unset-all http.https://github.com/.extraheader
vt_exp_decriminalized-set	Post Run actions/checkout@v4	2026-09-11T01:00:47.6320249Z [command]/usr/bin/git submodule foreach --recursive sh -c "git config --local --name-only --get-regexp 'http\.https\:\/\/github\.com\/\.extraheader' && git config --local --unset-all 'http.https://github.com/.extraheader' || :"
vt_exp_decriminalized-set	Post Run actions/checkout@v4	2026-09-11T01:00:47.6597417Z [command]/usr/bin/git config --local --name-only --get-regexp ^includeIf\.gitdir:
vt_exp_decriminalized-set	Post Run actions/checkout@v4	2026-09-11T01:00:47.6638845Z [command]/usr/bin/git submodule foreach --recursive git config --local --show-origin --name-only --get-regexp remote.origin.url
vt_exp_decriminalized-set	Complete job	﻿2026-09-11T01:00:47.7064505Z Cleaning up orphan processes
vt_exp_decriminalized-set	Complete job	2026-09-11T01:00:47.7377541Z ##[warning]Node.js 20 is deprecated. The following actions target Node.js 20 but are being forced to run on Node.js 24: actions/checkout@v4, actions/setup-node@v4, actions/setup-python@v5, actions/upload-artifact@v4. For more information see: https://github.blog/changelog/2025-09-19-deprecation-of-node-20-on-github-actions-runners/
