ar-act346-set	Set up job	﻿2026-09-13T02:27:19.3929191Z Current runner version: '2.337.0'
ar-act346-set	Set up job	2026-09-13T02:27:19.3966180Z ##[group]Runner Image Provisioner
ar-act346-set	Set up job	2026-09-13T02:27:19.3967585Z Hosted Compute Agent
ar-act346-set	Set up job	2026-09-13T02:27:19.3968590Z Version: 20260828.587
ar-act346-set	Set up job	2026-09-13T02:27:19.3969483Z Commit: abac92662cab4cc7352de4f9f9d2e2419aad9c29
ar-act346-set	Set up job	2026-09-13T02:27:19.3970647Z Build Date: 2026-08-28T16:44:25Z
ar-act346-set	Set up job	2026-09-13T02:27:19.3971665Z Worker ID: {b5114b79-90f0-4e5a-bc5e-1fa231f40fee}
ar-act346-set	Set up job	2026-09-13T02:27:19.3972861Z Azure Region: centralus
ar-act346-set	Set up job	2026-09-13T02:27:19.3973754Z ##[endgroup]
ar-act346-set	Set up job	2026-09-13T02:27:19.3975981Z ##[group]Operating System
ar-act346-set	Set up job	2026-09-13T02:27:19.3976997Z Ubuntu
ar-act346-set	Set up job	2026-09-13T02:27:19.3977760Z 24.04.5
ar-act346-set	Set up job	2026-09-13T02:27:19.3978530Z LTS
ar-act346-set	Set up job	2026-09-13T02:27:19.3979424Z ##[endgroup]
ar-act346-set	Set up job	2026-09-13T02:27:19.3980210Z ##[group]Runner Image
ar-act346-set	Set up job	2026-09-13T02:27:19.3981668Z Image: ubuntu-24.04
ar-act346-set	Set up job	2026-09-13T02:27:19.3982593Z Version: 20260907.300.1
ar-act346-set	Set up job	2026-09-13T02:27:19.3984162Z Included Software: https://github.com/actions/runner-images/blob/ubuntu24/20260907.300/images/ubuntu/Ubuntu2404-Readme.md
ar-act346-set	Set up job	2026-09-13T02:27:19.3987187Z Image Release: https://github.com/actions/runner-images/releases/tag/ubuntu24%2F20260907.300
ar-act346-set	Set up job	2026-09-13T02:27:19.3988877Z ##[endgroup]
ar-act346-set	Set up job	2026-09-13T02:27:19.3990753Z ##[group]GITHUB_TOKEN Permissions
ar-act346-set	Set up job	2026-09-13T02:27:19.3993726Z Actions: read
ar-act346-set	Set up job	2026-09-13T02:27:19.3994847Z Contents: read
ar-act346-set	Set up job	2026-09-13T02:27:19.3995665Z Metadata: read
ar-act346-set	Set up job	2026-09-13T02:27:19.3996629Z ##[endgroup]
ar-act346-set	Set up job	2026-09-13T02:27:19.3999416Z Secret source: Actions
ar-act346-set	Set up job	2026-09-13T02:27:19.4000992Z Cache mode: write
ar-act346-set	Set up job	2026-09-13T02:27:19.4002352Z Prepare workflow directory
ar-act346-set	Set up job	2026-09-13T02:27:19.4363273Z Prepare all required actions
ar-act346-set	Set up job	2026-09-13T02:27:19.4419857Z Getting action download info
ar-act346-set	Set up job	2026-09-13T02:27:19.6957266Z Download action repository 'actions/checkout@v4' (SHA:11d5960a326750d5838078e36cf38b85af677262)
ar-act346-set	Set up job	2026-09-13T02:27:19.7847618Z Download action repository 'actions/setup-node@v4' (SHA:49933ea5288caeca8642d1e84afbd3f7d6820020)
ar-act346-set	Set up job	2026-09-13T02:27:19.8761307Z Download action repository 'actions/setup-python@v5' (SHA:a26af69be951a213d495a4c3e4e4022e16d87065)
ar-act346-set	Set up job	2026-09-13T02:27:19.9600293Z Download action repository 'actions/upload-artifact@v4' (SHA:ea165f8d65b6e75b540449e92b4886f43607fa02)
ar-act346-set	Set up job	2026-09-13T02:27:20.1931337Z Complete job name: ar-act346-set
ar-act346-set	Run actions/checkout@v4	﻿2026-09-13T02:27:20.2799669Z Node 20 is being deprecated. This workflow is running with Node 24 by default. If you need to temporarily use Node 20, you can set the ACTIONS_ALLOW_USE_UNSECURE_NODE_VERSION=true environment variable. For more information see: https://github.blog/changelog/2025-09-19-deprecation-of-node-20-on-github-actions-runners/
ar-act346-set	Run actions/checkout@v4	2026-09-13T02:27:20.2811992Z ##[group]Run actions/checkout@v4
ar-act346-set	Run actions/checkout@v4	2026-09-13T02:27:20.2813027Z with:
ar-act346-set	Run actions/checkout@v4	2026-09-13T02:27:20.2813709Z   ref: ad98a571b8507f68371240c2d429e1207054eb9e
ar-act346-set	Run actions/checkout@v4	2026-09-13T02:27:20.2814999Z   repository: Roger-LegalEase/legalease-partner-dashboard-clean
ar-act346-set	Run actions/checkout@v4	2026-09-13T02:27:20.2821249Z   token: ***
ar-act346-set	Run actions/checkout@v4	2026-09-13T02:27:20.2821915Z   ssh-strict: true
ar-act346-set	Run actions/checkout@v4	2026-09-13T02:27:20.2822578Z   ssh-user: git
ar-act346-set	Run actions/checkout@v4	2026-09-13T02:27:20.2823267Z   persist-credentials: true
ar-act346-set	Run actions/checkout@v4	2026-09-13T02:27:20.2823900Z   clean: true
ar-act346-set	Run actions/checkout@v4	2026-09-13T02:27:20.2824442Z   sparse-checkout-cone-mode: true
ar-act346-set	Run actions/checkout@v4	2026-09-13T02:27:20.2825429Z   fetch-depth: 1
ar-act346-set	Run actions/checkout@v4	2026-09-13T02:27:20.2826072Z   fetch-tags: false
ar-act346-set	Run actions/checkout@v4	2026-09-13T02:27:20.2826729Z   show-progress: true
ar-act346-set	Run actions/checkout@v4	2026-09-13T02:27:20.2827455Z   lfs: false
ar-act346-set	Run actions/checkout@v4	2026-09-13T02:27:20.2828081Z   submodules: false
ar-act346-set	Run actions/checkout@v4	2026-09-13T02:27:20.2828756Z   set-safe-directory: true
ar-act346-set	Run actions/checkout@v4	2026-09-13T02:27:20.2829511Z   allow-unsafe-pr-checkout: false
ar-act346-set	Run actions/checkout@v4	2026-09-13T02:27:20.2830697Z ##[endgroup]
ar-act346-set	Run actions/checkout@v4	2026-09-13T02:27:20.4034277Z Syncing repository: Roger-LegalEase/legalease-partner-dashboard-clean
ar-act346-set	Run actions/checkout@v4	2026-09-13T02:27:20.4036748Z ##[group]Getting Git version info
ar-act346-set	Run actions/checkout@v4	2026-09-13T02:27:20.4038119Z Working directory is '/home/runner/work/legalease-partner-dashboard-clean/legalease-partner-dashboard-clean'
ar-act346-set	Run actions/checkout@v4	2026-09-13T02:27:20.4069474Z [command]/usr/bin/git version
ar-act346-set	Run actions/checkout@v4	2026-09-13T02:27:20.6247174Z git version 2.55.0
ar-act346-set	Run actions/checkout@v4	2026-09-13T02:27:20.6270616Z ##[endgroup]
ar-act346-set	Run actions/checkout@v4	2026-09-13T02:27:20.6286602Z Temporarily overriding HOME='/home/runner/work/_temp/e8dbc162-2e78-48dd-ba8e-d057e170f0bf' before making global git config changes
ar-act346-set	Run actions/checkout@v4	2026-09-13T02:27:20.6288622Z Adding repository directory to the temporary git global config as a safe directory
ar-act346-set	Run actions/checkout@v4	2026-09-13T02:27:20.6293260Z [command]/usr/bin/git config --global --add safe.directory /home/runner/work/legalease-partner-dashboard-clean/legalease-partner-dashboard-clean
ar-act346-set	Run actions/checkout@v4	2026-09-13T02:27:20.6980357Z Deleting the contents of '/home/runner/work/legalease-partner-dashboard-clean/legalease-partner-dashboard-clean'
ar-act346-set	Run actions/checkout@v4	2026-09-13T02:27:20.6987281Z ##[group]Initializing the repository
ar-act346-set	Run actions/checkout@v4	2026-09-13T02:27:20.6993445Z [command]/usr/bin/git init /home/runner/work/legalease-partner-dashboard-clean/legalease-partner-dashboard-clean
ar-act346-set	Run actions/checkout@v4	2026-09-13T02:27:20.7699118Z hint: Using 'master' as the name for the initial branch. This default branch name
ar-act346-set	Run actions/checkout@v4	2026-09-13T02:27:20.7701764Z hint: will change to "main" in Git 3.0. To configure the initial branch name
ar-act346-set	Run actions/checkout@v4	2026-09-13T02:27:20.7703743Z hint: to use in all of your new repositories, which will suppress this warning,
ar-act346-set	Run actions/checkout@v4	2026-09-13T02:27:20.7705504Z hint: call:
ar-act346-set	Run actions/checkout@v4	2026-09-13T02:27:20.7706216Z hint:
ar-act346-set	Run actions/checkout@v4	2026-09-13T02:27:20.7707120Z hint: 	git config --global init.defaultBranch <name>
ar-act346-set	Run actions/checkout@v4	2026-09-13T02:27:20.7708220Z hint:
ar-act346-set	Run actions/checkout@v4	2026-09-13T02:27:20.7709288Z hint: Names commonly chosen instead of 'master' are 'main', 'trunk' and
ar-act346-set	Run actions/checkout@v4	2026-09-13T02:27:20.7710987Z hint: 'development'. The just-created branch can be renamed via this command:
ar-act346-set	Run actions/checkout@v4	2026-09-13T02:27:20.7712449Z hint:
ar-act346-set	Run actions/checkout@v4	2026-09-13T02:27:20.7712953Z hint: 	git branch -m <name>
ar-act346-set	Run actions/checkout@v4	2026-09-13T02:27:20.7713490Z hint:
ar-act346-set	Run actions/checkout@v4	2026-09-13T02:27:20.7714196Z hint: Disable this message with "git config set advice.defaultBranchName false"
ar-act346-set	Run actions/checkout@v4	2026-09-13T02:27:20.7715937Z Initialized empty Git repository in /home/runner/work/legalease-partner-dashboard-clean/legalease-partner-dashboard-clean/.git/
ar-act346-set	Run actions/checkout@v4	2026-09-13T02:27:20.7718627Z [command]/usr/bin/git remote add origin https://github.com/Roger-LegalEase/legalease-partner-dashboard-clean
ar-act346-set	Run actions/checkout@v4	2026-09-13T02:27:20.7765860Z ##[endgroup]
ar-act346-set	Run actions/checkout@v4	2026-09-13T02:27:20.7767764Z ##[group]Disabling automatic garbage collection
ar-act346-set	Run actions/checkout@v4	2026-09-13T02:27:20.7769983Z [command]/usr/bin/git config --local gc.auto 0
ar-act346-set	Run actions/checkout@v4	2026-09-13T02:27:20.8171396Z ##[endgroup]
ar-act346-set	Run actions/checkout@v4	2026-09-13T02:27:20.8173002Z ##[group]Setting up auth
ar-act346-set	Run actions/checkout@v4	2026-09-13T02:27:20.8179830Z [command]/usr/bin/git config --local --name-only --get-regexp core\.sshCommand
ar-act346-set	Run actions/checkout@v4	2026-09-13T02:27:20.8220394Z [command]/usr/bin/git submodule foreach --recursive sh -c "git config --local --name-only --get-regexp 'core\.sshCommand' && git config --local --unset-all 'core.sshCommand' || :"
ar-act346-set	Run actions/checkout@v4	2026-09-13T02:27:20.9351509Z [command]/usr/bin/git config --local --name-only --get-regexp http\.https\:\/\/github\.com\/\.extraheader
ar-act346-set	Run actions/checkout@v4	2026-09-13T02:27:20.9471795Z [command]/usr/bin/git submodule foreach --recursive sh -c "git config --local --name-only --get-regexp 'http\.https\:\/\/github\.com\/\.extraheader' && git config --local --unset-all 'http.https://github.com/.extraheader' || :"
ar-act346-set	Run actions/checkout@v4	2026-09-13T02:27:20.9652026Z [command]/usr/bin/git config --local --name-only --get-regexp ^includeIf\.gitdir:
ar-act346-set	Run actions/checkout@v4	2026-09-13T02:27:20.9694208Z [command]/usr/bin/git submodule foreach --recursive git config --local --show-origin --name-only --get-regexp remote.origin.url
ar-act346-set	Run actions/checkout@v4	2026-09-13T02:27:20.9946912Z [command]/usr/bin/git config --local http.https://github.com/.extraheader AUTHORIZATION: basic ***
ar-act346-set	Run actions/checkout@v4	2026-09-13T02:27:21.0215248Z ##[endgroup]
ar-act346-set	Run actions/checkout@v4	2026-09-13T02:27:21.0217658Z ##[group]Fetching the repository
ar-act346-set	Run actions/checkout@v4	2026-09-13T02:27:21.0227414Z [command]/usr/bin/git -c protocol.version=2 fetch --no-tags --prune --no-recurse-submodules --depth=1 origin ad98a571b8507f68371240c2d429e1207054eb9e
ar-act346-set	Run actions/checkout@v4	2026-09-13T02:28:24.7083010Z From https://github.com/Roger-LegalEase/legalease-partner-dashboard-clean
ar-act346-set	Run actions/checkout@v4	2026-09-13T02:28:24.7106001Z  * branch              ad98a571b8507f68371240c2d429e1207054eb9e -> FETCH_HEAD
ar-act346-set	Run actions/checkout@v4	2026-09-13T02:28:24.7108094Z ##[endgroup]
ar-act346-set	Run actions/checkout@v4	2026-09-13T02:28:24.7108747Z ##[group]Determining the checkout info
ar-act346-set	Run actions/checkout@v4	2026-09-13T02:28:24.7109298Z ##[endgroup]
ar-act346-set	Run actions/checkout@v4	2026-09-13T02:28:24.7109634Z [command]/usr/bin/git sparse-checkout disable
ar-act346-set	Run actions/checkout@v4	2026-09-13T02:28:24.7152336Z [command]/usr/bin/git config --local --unset-all extensions.worktreeConfig
ar-act346-set	Run actions/checkout@v4	2026-09-13T02:28:24.7187790Z ##[group]Checking out the ref
ar-act346-set	Run actions/checkout@v4	2026-09-13T02:28:24.7200914Z [command]/usr/bin/git checkout --progress --force ad98a571b8507f68371240c2d429e1207054eb9e
ar-act346-set	Run actions/checkout@v4	2026-09-13T02:28:25.7989948Z Updating files:  11% (2971/25848)
ar-act346-set	Run actions/checkout@v4	2026-09-13T02:28:25.8566571Z Updating files:  12% (3102/25848)
ar-act346-set	Run actions/checkout@v4	2026-09-13T02:28:25.9319074Z Updating files:  13% (3361/25848)
ar-act346-set	Run actions/checkout@v4	2026-09-13T02:28:26.0239281Z Updating files:  14% (3619/25848)
ar-act346-set	Run actions/checkout@v4	2026-09-13T02:28:26.1018678Z Updating files:  15% (3878/25848)
ar-act346-set	Run actions/checkout@v4	2026-09-13T02:28:26.1775854Z Updating files:  16% (4136/25848)
ar-act346-set	Run actions/checkout@v4	2026-09-13T02:28:26.3101313Z Updating files:  17% (4395/25848)
ar-act346-set	Run actions/checkout@v4	2026-09-13T02:28:26.4765702Z Updating files:  18% (4653/25848)
ar-act346-set	Run actions/checkout@v4	2026-09-13T02:28:26.6161737Z Updating files:  19% (4912/25848)
ar-act346-set	Run actions/checkout@v4	2026-09-13T02:28:26.7718579Z Updating files:  20% (5170/25848)
ar-act346-set	Run actions/checkout@v4	2026-09-13T02:28:26.8134402Z Updating files:  20% (5380/25848)
ar-act346-set	Run actions/checkout@v4	2026-09-13T02:28:26.9068207Z Updating files:  21% (5429/25848)
ar-act346-set	Run actions/checkout@v4	2026-09-13T02:28:26.9737100Z Updating files:  22% (5687/25848)
ar-act346-set	Run actions/checkout@v4	2026-09-13T02:28:27.0638995Z Updating files:  23% (5946/25848)
ar-act346-set	Run actions/checkout@v4	2026-09-13T02:28:27.1601664Z Updating files:  24% (6204/25848)
ar-act346-set	Run actions/checkout@v4	2026-09-13T02:28:27.2774334Z Updating files:  25% (6462/25848)
ar-act346-set	Run actions/checkout@v4	2026-09-13T02:28:27.4704169Z Updating files:  26% (6721/25848)
ar-act346-set	Run actions/checkout@v4	2026-09-13T02:28:27.6436041Z Updating files:  27% (6979/25848)
ar-act346-set	Run actions/checkout@v4	2026-09-13T02:28:27.7717766Z Updating files:  28% (7238/25848)
ar-act346-set	Run actions/checkout@v4	2026-09-13T02:28:27.7888087Z Updating files:  28% (7461/25848)
ar-act346-set	Run actions/checkout@v4	2026-09-13T02:28:27.9395971Z Updating files:  29% (7496/25848)
ar-act346-set	Run actions/checkout@v4	2026-09-13T02:28:27.9936211Z Updating files:  30% (7755/25848)
ar-act346-set	Run actions/checkout@v4	2026-09-13T02:28:28.0818065Z Updating files:  31% (8013/25848)
ar-act346-set	Run actions/checkout@v4	2026-09-13T02:28:28.1741424Z Updating files:  32% (8272/25848)
ar-act346-set	Run actions/checkout@v4	2026-09-13T02:28:28.2155517Z Updating files:  33% (8530/25848)
ar-act346-set	Run actions/checkout@v4	2026-09-13T02:28:28.2682705Z Updating files:  34% (8789/25848)
ar-act346-set	Run actions/checkout@v4	2026-09-13T02:28:28.3747611Z Updating files:  35% (9047/25848)
ar-act346-set	Run actions/checkout@v4	2026-09-13T02:28:28.4128421Z Updating files:  36% (9306/25848)
ar-act346-set	Run actions/checkout@v4	2026-09-13T02:28:28.4445930Z Updating files:  37% (9564/25848)
ar-act346-set	Run actions/checkout@v4	2026-09-13T02:28:28.4844311Z Updating files:  38% (9823/25848)
ar-act346-set	Run actions/checkout@v4	2026-09-13T02:28:28.5122425Z Updating files:  39% (10081/25848)
ar-act346-set	Run actions/checkout@v4	2026-09-13T02:28:28.5311732Z Updating files:  40% (10340/25848)
ar-act346-set	Run actions/checkout@v4	2026-09-13T02:28:28.5641809Z Updating files:  41% (10598/25848)
ar-act346-set	Run actions/checkout@v4	2026-09-13T02:28:28.6080870Z Updating files:  42% (10857/25848)
ar-act346-set	Run actions/checkout@v4	2026-09-13T02:28:28.6282129Z Updating files:  43% (11115/25848)
ar-act346-set	Run actions/checkout@v4	2026-09-13T02:28:28.7997584Z Updating files:  44% (11374/25848)
ar-act346-set	Run actions/checkout@v4	2026-09-13T02:28:28.9739997Z Updating files:  44% (11475/25848)
ar-act346-set	Run actions/checkout@v4	2026-09-13T02:28:28.9904543Z Updating files:  45% (11632/25848)
ar-act346-set	Run actions/checkout@v4	2026-09-13T02:28:29.0252898Z Updating files:  46% (11891/25848)
ar-act346-set	Run actions/checkout@v4	2026-09-13T02:28:29.0426780Z Updating files:  47% (12149/25848)
ar-act346-set	Run actions/checkout@v4	2026-09-13T02:28:29.0600995Z Updating files:  48% (12408/25848)
ar-act346-set	Run actions/checkout@v4	2026-09-13T02:28:29.1081988Z Updating files:  49% (12666/25848)
ar-act346-set	Run actions/checkout@v4	2026-09-13T02:28:29.2507515Z Updating files:  50% (12924/25848)
ar-act346-set	Run actions/checkout@v4	2026-09-13T02:28:29.2961566Z Updating files:  51% (13183/25848)
ar-act346-set	Run actions/checkout@v4	2026-09-13T02:28:29.3519240Z Updating files:  52% (13441/25848)
ar-act346-set	Run actions/checkout@v4	2026-09-13T02:28:29.3879450Z Updating files:  53% (13700/25848)
ar-act346-set	Run actions/checkout@v4	2026-09-13T02:28:29.4377728Z Updating files:  54% (13958/25848)
ar-act346-set	Run actions/checkout@v4	2026-09-13T02:28:29.4706772Z Updating files:  55% (14217/25848)
ar-act346-set	Run actions/checkout@v4	2026-09-13T02:28:29.5523012Z Updating files:  56% (14475/25848)
ar-act346-set	Run actions/checkout@v4	2026-09-13T02:28:29.6702572Z Updating files:  57% (14734/25848)
ar-act346-set	Run actions/checkout@v4	2026-09-13T02:28:29.7145643Z Updating files:  58% (14992/25848)
ar-act346-set	Run actions/checkout@v4	2026-09-13T02:28:29.7694414Z Updating files:  59% (15251/25848)
ar-act346-set	Run actions/checkout@v4	2026-09-13T02:28:29.7707808Z Updating files:  60% (15509/25848)
ar-act346-set	Run actions/checkout@v4	2026-09-13T02:28:29.8246389Z Updating files:  60% (15529/25848)
ar-act346-set	Run actions/checkout@v4	2026-09-13T02:28:30.0348258Z Updating files:  61% (15768/25848)
ar-act346-set	Run actions/checkout@v4	2026-09-13T02:28:30.4303812Z Updating files:  62% (16026/25848)
ar-act346-set	Run actions/checkout@v4	2026-09-13T02:28:30.7641081Z Updating files:  63% (16285/25848)
ar-act346-set	Run actions/checkout@v4	2026-09-13T02:28:30.7850297Z Updating files:  64% (16543/25848)
ar-act346-set	Run actions/checkout@v4	2026-09-13T02:28:30.9266418Z Updating files:  64% (16547/25848)
ar-act346-set	Run actions/checkout@v4	2026-09-13T02:28:30.9737462Z Updating files:  65% (16802/25848)
ar-act346-set	Run actions/checkout@v4	2026-09-13T02:28:31.0939649Z Updating files:  66% (17060/25848)
ar-act346-set	Run actions/checkout@v4	2026-09-13T02:28:31.1927382Z Updating files:  67% (17319/25848)
ar-act346-set	Run actions/checkout@v4	2026-09-13T02:28:31.3116332Z Updating files:  68% (17577/25848)
ar-act346-set	Run actions/checkout@v4	2026-09-13T02:28:31.3564084Z Updating files:  69% (17836/25848)
ar-act346-set	Run actions/checkout@v4	2026-09-13T02:28:31.3852252Z Updating files:  70% (18094/25848)
ar-act346-set	Run actions/checkout@v4	2026-09-13T02:28:31.5271092Z Updating files:  71% (18353/25848)
ar-act346-set	Run actions/checkout@v4	2026-09-13T02:28:31.6028543Z Updating files:  72% (18611/25848)
ar-act346-set	Run actions/checkout@v4	2026-09-13T02:28:31.7713438Z Updating files:  73% (18870/25848)
ar-act346-set	Run actions/checkout@v4	2026-09-13T02:28:31.7811466Z Updating files:  73% (19039/25848)
ar-act346-set	Run actions/checkout@v4	2026-09-13T02:28:31.8408864Z Updating files:  74% (19128/25848)
ar-act346-set	Run actions/checkout@v4	2026-09-13T02:28:32.0435168Z Updating files:  75% (19386/25848)
ar-act346-set	Run actions/checkout@v4	2026-09-13T02:28:32.1694184Z Updating files:  76% (19645/25848)
ar-act346-set	Run actions/checkout@v4	2026-09-13T02:28:32.1907790Z Updating files:  77% (19903/25848)
ar-act346-set	Run actions/checkout@v4	2026-09-13T02:28:32.2096895Z Updating files:  78% (20162/25848)
ar-act346-set	Run actions/checkout@v4	2026-09-13T02:28:32.2201986Z Updating files:  79% (20420/25848)
ar-act346-set	Run actions/checkout@v4	2026-09-13T02:28:32.3291021Z Updating files:  80% (20679/25848)
ar-act346-set	Run actions/checkout@v4	2026-09-13T02:28:32.4921443Z Updating files:  81% (20937/25848)
ar-act346-set	Run actions/checkout@v4	2026-09-13T02:28:32.6523176Z Updating files:  82% (21196/25848)
ar-act346-set	Run actions/checkout@v4	2026-09-13T02:28:32.7143407Z Updating files:  83% (21454/25848)
ar-act346-set	Run actions/checkout@v4	2026-09-13T02:28:32.7433717Z Updating files:  84% (21713/25848)
ar-act346-set	Run actions/checkout@v4	2026-09-13T02:28:32.7699180Z Updating files:  85% (21971/25848)
ar-act346-set	Run actions/checkout@v4	2026-09-13T02:28:32.7709353Z Updating files:  86% (22230/25848)
ar-act346-set	Run actions/checkout@v4	2026-09-13T02:28:32.7930238Z Updating files:  86% (22236/25848)
ar-act346-set	Run actions/checkout@v4	2026-09-13T02:28:32.8161110Z Updating files:  87% (22488/25848)
ar-act346-set	Run actions/checkout@v4	2026-09-13T02:28:32.8426347Z Updating files:  88% (22747/25848)
ar-act346-set	Run actions/checkout@v4	2026-09-13T02:28:32.8655654Z Updating files:  89% (23005/25848)
ar-act346-set	Run actions/checkout@v4	2026-09-13T02:28:32.8902872Z Updating files:  90% (23264/25848)
ar-act346-set	Run actions/checkout@v4	2026-09-13T02:28:32.9329999Z Updating files:  91% (23522/25848)
ar-act346-set	Run actions/checkout@v4	2026-09-13T02:28:32.9460106Z Updating files:  92% (23781/25848)
ar-act346-set	Run actions/checkout@v4	2026-09-13T02:28:32.9629592Z Updating files:  93% (24039/25848)
ar-act346-set	Run actions/checkout@v4	2026-09-13T02:28:33.1734535Z Updating files:  94% (24298/25848)
ar-act346-set	Run actions/checkout@v4	2026-09-13T02:28:33.2887276Z Updating files:  95% (24556/25848)
ar-act346-set	Run actions/checkout@v4	2026-09-13T02:28:33.3516628Z Updating files:  96% (24815/25848)
ar-act346-set	Run actions/checkout@v4	2026-09-13T02:28:33.4123125Z Updating files:  97% (25073/25848)
ar-act346-set	Run actions/checkout@v4	2026-09-13T02:28:33.4858156Z Updating files:  98% (25332/25848)
ar-act346-set	Run actions/checkout@v4	2026-09-13T02:28:33.5412977Z Updating files:  99% (25590/25848)
ar-act346-set	Run actions/checkout@v4	2026-09-13T02:28:33.5414191Z Updating files: 100% (25848/25848)
ar-act346-set	Run actions/checkout@v4	2026-09-13T02:28:33.5415112Z Updating files: 100% (25848/25848), done.
ar-act346-set	Run actions/checkout@v4	2026-09-13T02:28:33.5753415Z Note: switching to 'ad98a571b8507f68371240c2d429e1207054eb9e'.
ar-act346-set	Run actions/checkout@v4	2026-09-13T02:28:33.5754260Z 
ar-act346-set	Run actions/checkout@v4	2026-09-13T02:28:33.5755103Z You are in 'detached HEAD' state. You can look around, make experimental
ar-act346-set	Run actions/checkout@v4	2026-09-13T02:28:33.5756041Z changes and commit them, and you can discard any commits you make in this
ar-act346-set	Run actions/checkout@v4	2026-09-13T02:28:33.5756932Z state without impacting any branches by switching back to a branch.
ar-act346-set	Run actions/checkout@v4	2026-09-13T02:28:33.5757553Z 
ar-act346-set	Run actions/checkout@v4	2026-09-13T02:28:33.5758052Z If you want to create a new branch to retain commits you create, you may
ar-act346-set	Run actions/checkout@v4	2026-09-13T02:28:33.5758950Z do so (now or later) by using -c with the switch command. Example:
ar-act346-set	Run actions/checkout@v4	2026-09-13T02:28:33.5759585Z 
ar-act346-set	Run actions/checkout@v4	2026-09-13T02:28:33.5759925Z   git switch -c <new-branch-name>
ar-act346-set	Run actions/checkout@v4	2026-09-13T02:28:33.5760386Z 
ar-act346-set	Run actions/checkout@v4	2026-09-13T02:28:33.5760722Z Or undo this operation with:
ar-act346-set	Run actions/checkout@v4	2026-09-13T02:28:33.5761151Z 
ar-act346-set	Run actions/checkout@v4	2026-09-13T02:28:33.5761490Z   git switch -
ar-act346-set	Run actions/checkout@v4	2026-09-13T02:28:33.5761864Z 
ar-act346-set	Run actions/checkout@v4	2026-09-13T02:28:33.5762392Z Turn off this advice by setting config variable advice.detachedHead to false
ar-act346-set	Run actions/checkout@v4	2026-09-13T02:28:33.5763085Z 
ar-act346-set	Run actions/checkout@v4	2026-09-13T02:28:33.5763738Z HEAD is now at ad98a571 Freeze all four complete Act 346 raster documents pending independent semantics
ar-act346-set	Run actions/checkout@v4	2026-09-13T02:28:33.6003524Z ##[endgroup]
ar-act346-set	Run actions/checkout@v4	2026-09-13T02:28:33.6066077Z [command]/usr/bin/git log -1 --format=%H
ar-act346-set	Run actions/checkout@v4	2026-09-13T02:28:33.6099035Z ad98a571b8507f68371240c2d429e1207054eb9e
ar-act346-set	Refuse a movable ref and prove the checkout is the pinned commit	﻿2026-09-13T02:28:33.6341819Z ##[group]Run set -euo pipefail
ar-act346-set	Refuse a movable ref and prove the checkout is the pinned commit	2026-09-13T02:28:33.6342240Z ^[[36;1mset -euo pipefail^[[0m
ar-act346-set	Refuse a movable ref and prove the checkout is the pinned commit	2026-09-13T02:28:33.6342630Z ^[[36;1m# actions/checkout accepts a branch or tag here despite the input^[[0m
ar-act346-set	Refuse a movable ref and prove the checkout is the pinned commit	2026-09-13T02:28:33.6343152Z ^[[36;1m# description. Three jobs resolve this ref independently, so a branch^[[0m
ar-act346-set	Refuse a movable ref and prove the checkout is the pinned commit	2026-09-13T02:28:33.6343876Z ^[[36;1m# that moves mid-run would have them inspect different commits while^[[0m
ar-act346-set	Refuse a movable ref and prove the checkout is the pinned commit	2026-09-13T02:28:33.6344363Z ^[[36;1m# every receipt recorded the literal branch name as the pin. An^[[0m
ar-act346-set	Refuse a movable ref and prove the checkout is the pinned commit	2026-09-13T02:28:33.6345122Z ^[[36;1m# immutable 40-hex commit, verified against the checked-out HEAD, is^[[0m
ar-act346-set	Refuse a movable ref and prove the checkout is the pinned commit	2026-09-13T02:28:33.6345565Z ^[[36;1m# the only input that makes a receipt findable again.^[[0m
ar-act346-set	Refuse a movable ref and prove the checkout is the pinned commit	2026-09-13T02:28:33.6345891Z ^[[36;1mcase "$REF" in^[[0m
ar-act346-set	Refuse a movable ref and prove the checkout is the pinned commit	2026-09-13T02:28:33.6346335Z ^[[36;1m  *[!0-9a-f]* | "") echo "REFUSED: commit_sha must be a full 40-character commit hash, got '$REF'"; exit 1;;^[[0m
ar-act346-set	Refuse a movable ref and prove the checkout is the pinned commit	2026-09-13T02:28:33.6346814Z ^[[36;1mesac^[[0m
ar-act346-set	Refuse a movable ref and prove the checkout is the pinned commit	2026-09-13T02:28:33.6347210Z ^[[36;1m[ "${#REF}" -eq 40 ] || { echo "REFUSED: commit_sha must be 40 hex characters, got ${#REF}"; exit 1; }^[[0m
ar-act346-set	Refuse a movable ref and prove the checkout is the pinned commit	2026-09-13T02:28:33.6347731Z ^[[36;1mHEAD_SHA="$(git rev-parse HEAD)"^[[0m
ar-act346-set	Refuse a movable ref and prove the checkout is the pinned commit	2026-09-13T02:28:33.6348182Z ^[[36;1m[ "$HEAD_SHA" = "$REF" ] || { echo "REFUSED: checked out $HEAD_SHA but the pin says $REF"; exit 1; }^[[0m
ar-act346-set	Refuse a movable ref and prove the checkout is the pinned commit	2026-09-13T02:28:33.6348656Z ^[[36;1mecho "pinned commit confirmed: $HEAD_SHA"^[[0m
ar-act346-set	Refuse a movable ref and prove the checkout is the pinned commit	2026-09-13T02:28:33.6392894Z shell: /usr/bin/bash -e {0}
ar-act346-set	Refuse a movable ref and prove the checkout is the pinned commit	2026-09-13T02:28:33.6393207Z env:
ar-act346-set	Refuse a movable ref and prove the checkout is the pinned commit	2026-09-13T02:28:33.6393454Z   REF: ad98a571b8507f68371240c2d429e1207054eb9e
ar-act346-set	Refuse a movable ref and prove the checkout is the pinned commit	2026-09-13T02:28:33.6393767Z ##[endgroup]
ar-act346-set	Refuse a movable ref and prove the checkout is the pinned commit	2026-09-13T02:28:33.6795135Z pinned commit confirmed: ad98a571b8507f68371240c2d429e1207054eb9e
ar-act346-set	Run actions/setup-node@v4	﻿2026-09-13T02:28:33.6885243Z Node 20 is being deprecated. This workflow is running with Node 24 by default. If you need to temporarily use Node 20, you can set the ACTIONS_ALLOW_USE_UNSECURE_NODE_VERSION=true environment variable. For more information see: https://github.blog/changelog/2025-09-19-deprecation-of-node-20-on-github-actions-runners/
ar-act346-set	Run actions/setup-node@v4	2026-09-13T02:28:33.6886790Z ##[group]Run actions/setup-node@v4
ar-act346-set	Run actions/setup-node@v4	2026-09-13T02:28:33.6887055Z with:
ar-act346-set	Run actions/setup-node@v4	2026-09-13T02:28:33.6887256Z   node-version: 22
ar-act346-set	Run actions/setup-node@v4	2026-09-13T02:28:33.6887475Z   always-auth: false
ar-act346-set	Run actions/setup-node@v4	2026-09-13T02:28:33.6887694Z   check-latest: false
ar-act346-set	Run actions/setup-node@v4	2026-09-13T02:28:33.6890139Z   token: ***
ar-act346-set	Run actions/setup-node@v4	2026-09-13T02:28:33.6890350Z ##[endgroup]
ar-act346-set	Run actions/setup-node@v4	2026-09-13T02:28:33.8335006Z Found in cache @ /opt/hostedtoolcache/node/22.23.2/x64
ar-act346-set	Run actions/setup-node@v4	2026-09-13T02:28:33.8346016Z (node:2266) [DEP0040] DeprecationWarning: The `punycode` module is deprecated. Please use a userland alternative instead.
ar-act346-set	Run actions/setup-node@v4	2026-09-13T02:28:33.8347315Z ##[group]Environment details
ar-act346-set	Run actions/setup-node@v4	2026-09-13T02:28:33.8348333Z (Use `node --trace-deprecation ...` to show where the warning was created)
ar-act346-set	Run actions/setup-node@v4	2026-09-13T02:28:34.1580410Z node: v22.23.2
ar-act346-set	Run actions/setup-node@v4	2026-09-13T02:28:34.1580704Z npm: 10.9.8
ar-act346-set	Run actions/setup-node@v4	2026-09-13T02:28:34.1580936Z yarn: 1.22.22
ar-act346-set	Run actions/setup-node@v4	2026-09-13T02:28:34.1581700Z ##[endgroup]
ar-act346-set	Run npm ci --cache /tmp/npm-cache	﻿2026-09-13T02:28:34.1728757Z ##[group]Run npm ci --cache /tmp/npm-cache
ar-act346-set	Run npm ci --cache /tmp/npm-cache	2026-09-13T02:28:34.1729137Z ^[[36;1mnpm ci --cache /tmp/npm-cache^[[0m
ar-act346-set	Run npm ci --cache /tmp/npm-cache	2026-09-13T02:28:34.1776461Z shell: /usr/bin/bash -e {0}
ar-act346-set	Run npm ci --cache /tmp/npm-cache	2026-09-13T02:28:34.1776750Z ##[endgroup]
ar-act346-set	Run npm ci --cache /tmp/npm-cache	2026-09-13T02:28:52.8490949Z 
ar-act346-set	Run npm ci --cache /tmp/npm-cache	2026-09-13T02:28:52.8500415Z added 492 packages, and audited 493 packages in 19s
ar-act346-set	Run npm ci --cache /tmp/npm-cache	2026-09-13T02:28:52.8500968Z 
ar-act346-set	Run npm ci --cache /tmp/npm-cache	2026-09-13T02:28:52.8501314Z 186 packages are looking for funding
ar-act346-set	Run npm ci --cache /tmp/npm-cache	2026-09-13T02:28:52.8501800Z   run `npm fund` for details
ar-act346-set	Run npm ci --cache /tmp/npm-cache	2026-09-13T02:28:53.0363467Z 
ar-act346-set	Run npm ci --cache /tmp/npm-cache	2026-09-13T02:28:53.0364477Z 39 vulnerabilities (2 low, 29 moderate, 7 high, 1 critical)
ar-act346-set	Run npm ci --cache /tmp/npm-cache	2026-09-13T02:28:53.0365254Z 
ar-act346-set	Run npm ci --cache /tmp/npm-cache	2026-09-13T02:28:53.0365638Z To address issues that do not require attention, run:
ar-act346-set	Run npm ci --cache /tmp/npm-cache	2026-09-13T02:28:53.0366142Z   npm audit fix
ar-act346-set	Run npm ci --cache /tmp/npm-cache	2026-09-13T02:28:53.0366341Z 
ar-act346-set	Run npm ci --cache /tmp/npm-cache	2026-09-13T02:28:53.0366543Z To address all issues, run:
ar-act346-set	Run npm ci --cache /tmp/npm-cache	2026-09-13T02:28:53.0366950Z   npm audit fix --force
ar-act346-set	Run npm ci --cache /tmp/npm-cache	2026-09-13T02:28:53.0367186Z 
ar-act346-set	Run npm ci --cache /tmp/npm-cache	2026-09-13T02:28:53.0367380Z Run `npm audit` for details.
ar-act346-set	Run actions/setup-python@v5	﻿2026-09-13T02:28:53.1203517Z Node 20 is being deprecated. This workflow is running with Node 24 by default. If you need to temporarily use Node 20, you can set the ACTIONS_ALLOW_USE_UNSECURE_NODE_VERSION=true environment variable. For more information see: https://github.blog/changelog/2025-09-19-deprecation-of-node-20-on-github-actions-runners/
ar-act346-set	Run actions/setup-python@v5	2026-09-13T02:28:53.1205379Z ##[group]Run actions/setup-python@v5
ar-act346-set	Run actions/setup-python@v5	2026-09-13T02:28:53.1205654Z with:
ar-act346-set	Run actions/setup-python@v5	2026-09-13T02:28:53.1205881Z   python-version: 3.12
ar-act346-set	Run actions/setup-python@v5	2026-09-13T02:28:53.1206139Z   check-latest: false
ar-act346-set	Run actions/setup-python@v5	2026-09-13T02:28:53.1208570Z   token: ***
ar-act346-set	Run actions/setup-python@v5	2026-09-13T02:28:53.1208808Z   update-environment: true
ar-act346-set	Run actions/setup-python@v5	2026-09-13T02:28:53.1209068Z   allow-prereleases: false
ar-act346-set	Run actions/setup-python@v5	2026-09-13T02:28:53.1209306Z   freethreaded: false
ar-act346-set	Run actions/setup-python@v5	2026-09-13T02:28:53.1209534Z ##[endgroup]
ar-act346-set	Run actions/setup-python@v5	2026-09-13T02:28:53.2549301Z ##[group]Installed versions
ar-act346-set	Run actions/setup-python@v5	2026-09-13T02:28:53.2628075Z (node:2335) [DEP0040] DeprecationWarning: The `punycode` module is deprecated. Please use a userland alternative instead.
ar-act346-set	Run actions/setup-python@v5	2026-09-13T02:28:53.2629209Z (Use `node --trace-deprecation ...` to show where the warning was created)
ar-act346-set	Run actions/setup-python@v5	2026-09-13T02:28:53.2629876Z Successfully set up CPython (3.12.14)
ar-act346-set	Run actions/setup-python@v5	2026-09-13T02:28:53.2630367Z ##[endgroup]
ar-act346-set	Install the pinned encrypted-PDF reader	﻿2026-09-13T02:28:53.2782131Z ##[group]Run python -m pip install --disable-pip-version-check pikepdf==10.12.0
ar-act346-set	Install the pinned encrypted-PDF reader	2026-09-13T02:28:53.2782756Z ^[[36;1mpython -m pip install --disable-pip-version-check pikepdf==10.12.0^[[0m
ar-act346-set	Install the pinned encrypted-PDF reader	2026-09-13T02:28:53.2831832Z shell: /usr/bin/bash -e {0}
ar-act346-set	Install the pinned encrypted-PDF reader	2026-09-13T02:28:53.2832110Z env:
ar-act346-set	Install the pinned encrypted-PDF reader	2026-09-13T02:28:53.2832397Z   pythonLocation: /opt/hostedtoolcache/Python/3.12.14/x64
ar-act346-set	Install the pinned encrypted-PDF reader	2026-09-13T02:28:53.2832859Z   PKG_CONFIG_PATH: /opt/hostedtoolcache/Python/3.12.14/x64/lib/pkgconfig
ar-act346-set	Install the pinned encrypted-PDF reader	2026-09-13T02:28:53.2833300Z   Python_ROOT_DIR: /opt/hostedtoolcache/Python/3.12.14/x64
ar-act346-set	Install the pinned encrypted-PDF reader	2026-09-13T02:28:53.2833684Z   Python2_ROOT_DIR: /opt/hostedtoolcache/Python/3.12.14/x64
ar-act346-set	Install the pinned encrypted-PDF reader	2026-09-13T02:28:53.2834062Z   Python3_ROOT_DIR: /opt/hostedtoolcache/Python/3.12.14/x64
ar-act346-set	Install the pinned encrypted-PDF reader	2026-09-13T02:28:53.2834435Z   LD_LIBRARY_PATH: /opt/hostedtoolcache/Python/3.12.14/x64/lib
ar-act346-set	Install the pinned encrypted-PDF reader	2026-09-13T02:28:53.2835071Z ##[endgroup]
ar-act346-set	Install the pinned encrypted-PDF reader	2026-09-13T02:28:54.3759028Z Collecting pikepdf==10.12.0
ar-act346-set	Install the pinned encrypted-PDF reader	2026-09-13T02:28:54.4641119Z   Downloading pikepdf-10.12.0-cp312-cp312-manylinux_2_27_x86_64.manylinux_2_28_x86_64.whl.metadata (11 kB)
ar-act346-set	Install the pinned encrypted-PDF reader	2026-09-13T02:28:54.6540215Z Collecting Pillow>=10.0.1 (from pikepdf==10.12.0)
ar-act346-set	Install the pinned encrypted-PDF reader	2026-09-13T02:28:54.6702016Z   Downloading pillow-12.3.0-cp312-cp312-manylinux_2_27_x86_64.manylinux_2_28_x86_64.whl.metadata (9.1 kB)
ar-act346-set	Install the pinned encrypted-PDF reader	2026-09-13T02:28:54.9259741Z Collecting lxml>=4.8 (from pikepdf==10.12.0)
ar-act346-set	Install the pinned encrypted-PDF reader	2026-09-13T02:28:54.9439577Z   Downloading lxml-6.1.3-cp312-cp312-manylinux_2_26_x86_64.manylinux_2_28_x86_64.whl.metadata (3.3 kB)
ar-act346-set	Install the pinned encrypted-PDF reader	2026-09-13T02:28:54.9723669Z Collecting packaging (from pikepdf==10.12.0)
ar-act346-set	Install the pinned encrypted-PDF reader	2026-09-13T02:28:54.9882897Z   Downloading packaging-26.3-py3-none-any.whl.metadata (3.5 kB)
ar-act346-set	Install the pinned encrypted-PDF reader	2026-09-13T02:28:55.0096535Z Downloading pikepdf-10.12.0-cp312-cp312-manylinux_2_27_x86_64.manylinux_2_28_x86_64.whl (2.3 MB)
ar-act346-set	Install the pinned encrypted-PDF reader	2026-09-13T02:28:55.1333960Z    ━━━━━━━━━━━━━━━━━━━━━━━━━━━━━━━━━━━━━━━━ 2.3/2.3 MB 24.9 MB/s  0:00:00
ar-act346-set	Install the pinned encrypted-PDF reader	2026-09-13T02:28:55.1491310Z Downloading lxml-6.1.3-cp312-cp312-manylinux_2_26_x86_64.manylinux_2_28_x86_64.whl (5.2 MB)
ar-act346-set	Install the pinned encrypted-PDF reader	2026-09-13T02:28:55.2016057Z    ━━━━━━━━━━━━━━━━━━━━━━━━━━━━━━━━━━━━━━━━ 5.2/5.2 MB 99.6 MB/s  0:00:00
ar-act346-set	Install the pinned encrypted-PDF reader	2026-09-13T02:28:55.2180565Z Downloading pillow-12.3.0-cp312-cp312-manylinux_2_27_x86_64.manylinux_2_28_x86_64.whl (6.9 MB)
ar-act346-set	Install the pinned encrypted-PDF reader	2026-09-13T02:28:55.2519188Z    ━━━━━━━━━━━━━━━━━━━━━━━━━━━━━━━━━━━━━━━━ 6.9/6.9 MB 216.3 MB/s  0:00:00
ar-act346-set	Install the pinned encrypted-PDF reader	2026-09-13T02:28:55.2678866Z Downloading packaging-26.3-py3-none-any.whl (129 kB)
ar-act346-set	Install the pinned encrypted-PDF reader	2026-09-13T02:28:55.3287418Z Installing collected packages: Pillow, packaging, lxml, pikepdf
ar-act346-set	Install the pinned encrypted-PDF reader	2026-09-13T02:28:56.0010858Z 
ar-act346-set	Install the pinned encrypted-PDF reader	2026-09-13T02:28:56.0023003Z Successfully installed Pillow-12.3.0 lxml-6.1.3 packaging-26.3 pikepdf-10.12.0
ar-act346-set	Provision the browser	﻿2026-09-13T02:28:56.0691380Z ##[group]Run set -euo pipefail
ar-act346-set	Provision the browser	2026-09-13T02:28:56.0691733Z ^[[36;1mset -euo pipefail^[[0m
ar-act346-set	Provision the browser	2026-09-13T02:28:56.0692090Z ^[[36;1mexport PLAYWRIGHT_BROWSERS_PATH="$HOME/.cache/ms-playwright"^[[0m
ar-act346-set	Provision the browser	2026-09-13T02:28:56.0692533Z ^[[36;1mnpx --yes playwright install --with-deps chromium^[[0m
ar-act346-set	Provision the browser	2026-09-13T02:28:56.0692995Z ^[[36;1mecho "PLAYWRIGHT_BROWSERS_PATH=$PLAYWRIGHT_BROWSERS_PATH" >> "$GITHUB_ENV"^[[0m
ar-act346-set	Provision the browser	2026-09-13T02:28:56.0734378Z shell: /usr/bin/bash -e {0}
ar-act346-set	Provision the browser	2026-09-13T02:28:56.0734806Z env:
ar-act346-set	Provision the browser	2026-09-13T02:28:56.0735102Z   pythonLocation: /opt/hostedtoolcache/Python/3.12.14/x64
ar-act346-set	Provision the browser	2026-09-13T02:28:56.0735779Z   PKG_CONFIG_PATH: /opt/hostedtoolcache/Python/3.12.14/x64/lib/pkgconfig
ar-act346-set	Provision the browser	2026-09-13T02:28:56.0736219Z   Python_ROOT_DIR: /opt/hostedtoolcache/Python/3.12.14/x64
ar-act346-set	Provision the browser	2026-09-13T02:28:56.0736603Z   Python2_ROOT_DIR: /opt/hostedtoolcache/Python/3.12.14/x64
ar-act346-set	Provision the browser	2026-09-13T02:28:56.0736996Z   Python3_ROOT_DIR: /opt/hostedtoolcache/Python/3.12.14/x64
ar-act346-set	Provision the browser	2026-09-13T02:28:56.0737411Z   LD_LIBRARY_PATH: /opt/hostedtoolcache/Python/3.12.14/x64/lib
ar-act346-set	Provision the browser	2026-09-13T02:28:56.0737811Z ##[endgroup]
ar-act346-set	Provision the browser	2026-09-13T02:28:56.8235430Z Installing dependencies...
ar-act346-set	Provision the browser	2026-09-13T02:28:56.8298321Z Switching to root user to install dependencies...
ar-act346-set	Provision the browser	2026-09-13T02:28:56.9219469Z Get:1 file:/etc/apt/apt-mirrors.txt Mirrorlist [144 B]
ar-act346-set	Provision the browser	2026-09-13T02:28:56.9576125Z Get:6 https://packages.microsoft.com/ubuntu/24.04/prod noble InRelease [3600 B]
ar-act346-set	Provision the browser	2026-09-13T02:28:56.9696057Z Hit:2 http://azure.archive.ubuntu.com/ubuntu noble InRelease
ar-act346-set	Provision the browser	2026-09-13T02:28:56.9725964Z Get:3 http://azure.archive.ubuntu.com/ubuntu noble-updates InRelease [126 kB]
ar-act346-set	Provision the browser	2026-09-13T02:28:56.9759851Z Get:4 http://azure.archive.ubuntu.com/ubuntu noble-backports InRelease [126 kB]
ar-act346-set	Provision the browser	2026-09-13T02:28:56.9784482Z Get:5 http://azure.archive.ubuntu.com/ubuntu noble-security InRelease [126 kB]
ar-act346-set	Provision the browser	2026-09-13T02:28:57.0436918Z Get:7 https://packages.microsoft.com/ubuntu/24.04/prod noble/main amd64 Packages [463 kB]
ar-act346-set	Provision the browser	2026-09-13T02:28:57.0597135Z Get:8 https://packages.microsoft.com/ubuntu/24.04/prod noble/main arm64 Packages [414 kB]
ar-act346-set	Provision the browser	2026-09-13T02:28:57.1586807Z Get:9 https://dl.google.com/linux/chrome-stable/deb stable InRelease [2548 B]
ar-act346-set	Provision the browser	2026-09-13T02:28:57.1600852Z Get:10 http://azure.archive.ubuntu.com/ubuntu noble-updates/main amd64 Packages [1263 kB]
ar-act346-set	Provision the browser	2026-09-13T02:28:57.1669660Z Get:11 http://azure.archive.ubuntu.com/ubuntu noble-updates/main Translation-en [292 kB]
ar-act346-set	Provision the browser	2026-09-13T02:28:57.1694493Z Get:12 http://azure.archive.ubuntu.com/ubuntu noble-updates/main amd64 Components [180 kB]
ar-act346-set	Provision the browser	2026-09-13T02:28:57.1716142Z Get:13 http://azure.archive.ubuntu.com/ubuntu noble-updates/universe amd64 Packages [1690 kB]
ar-act346-set	Provision the browser	2026-09-13T02:28:57.1793929Z Get:14 http://azure.archive.ubuntu.com/ubuntu noble-updates/universe amd64 Components [388 kB]
ar-act346-set	Provision the browser	2026-09-13T02:28:57.1829832Z Get:15 http://azure.archive.ubuntu.com/ubuntu noble-updates/restricted amd64 Packages [1544 kB]
ar-act346-set	Provision the browser	2026-09-13T02:28:57.1902527Z Get:16 http://azure.archive.ubuntu.com/ubuntu noble-updates/restricted Translation-en [354 kB]
ar-act346-set	Provision the browser	2026-09-13T02:28:57.1925494Z Get:17 http://azure.archive.ubuntu.com/ubuntu noble-updates/multiverse amd64 Components [940 B]
ar-act346-set	Provision the browser	2026-09-13T02:28:57.2188584Z Get:18 http://azure.archive.ubuntu.com/ubuntu noble-backports/main amd64 Components [5748 B]
ar-act346-set	Provision the browser	2026-09-13T02:28:57.2206094Z Get:19 http://azure.archive.ubuntu.com/ubuntu noble-backports/universe amd64 Components [12.6 kB]
ar-act346-set	Provision the browser	2026-09-13T02:28:57.3216754Z Get:20 http://azure.archive.ubuntu.com/ubuntu noble-security/main amd64 Packages [1006 kB]
ar-act346-set	Provision the browser	2026-09-13T02:28:57.3267766Z Get:21 http://azure.archive.ubuntu.com/ubuntu noble-security/main Translation-en [213 kB]
ar-act346-set	Provision the browser	2026-09-13T02:28:57.3284908Z Get:22 http://azure.archive.ubuntu.com/ubuntu noble-security/main amd64 Components [46.4 kB]
ar-act346-set	Provision the browser	2026-09-13T02:28:57.3294527Z Get:23 http://azure.archive.ubuntu.com/ubuntu noble-security/universe amd64 Packages [1206 kB]
ar-act346-set	Provision the browser	2026-09-13T02:28:57.3358286Z Get:24 http://azure.archive.ubuntu.com/ubuntu noble-security/universe amd64 Components [76.3 kB]
ar-act346-set	Provision the browser	2026-09-13T02:28:57.3368481Z Get:25 http://azure.archive.ubuntu.com/ubuntu noble-security/restricted amd64 Packages [1445 kB]
ar-act346-set	Provision the browser	2026-09-13T02:28:57.3445066Z Get:26 http://azure.archive.ubuntu.com/ubuntu noble-security/restricted Translation-en [336 kB]
ar-act346-set	Provision the browser	2026-09-13T02:28:57.3697502Z Get:27 https://dl.google.com/linux/chrome-stable/deb stable/main amd64 Packages [1409 B]
ar-act346-set	Provision the browser	2026-09-13T02:29:01.4892200Z Fetched 11.3 MB in 1s (8282 kB/s)
ar-act346-set	Provision the browser	2026-09-13T02:29:02.2694390Z Reading package lists...
ar-act346-set	Provision the browser	2026-09-13T02:29:02.2950509Z Reading package lists...
ar-act346-set	Provision the browser	2026-09-13T02:29:02.4811652Z Building dependency tree...
ar-act346-set	Provision the browser	2026-09-13T02:29:02.4819382Z Reading state information...
ar-act346-set	Provision the browser	2026-09-13T02:29:02.6365201Z libasound2t64 is already the newest version (1.2.11-1ubuntu0.3).
ar-act346-set	Provision the browser	2026-09-13T02:29:02.6365954Z libasound2t64 set to manually installed.
ar-act346-set	Provision the browser	2026-09-13T02:29:02.6366633Z libatk-bridge2.0-0t64 is already the newest version (2.52.0-1build1).
ar-act346-set	Provision the browser	2026-09-13T02:29:02.6367293Z libatk-bridge2.0-0t64 set to manually installed.
ar-act346-set	Provision the browser	2026-09-13T02:29:02.6367946Z libatk1.0-0t64 is already the newest version (2.52.0-1build1).
ar-act346-set	Provision the browser	2026-09-13T02:29:02.6368619Z libatk1.0-0t64 set to manually installed.
ar-act346-set	Provision the browser	2026-09-13T02:29:02.6369310Z libatspi2.0-0t64 is already the newest version (2.52.0-1build1).
ar-act346-set	Provision the browser	2026-09-13T02:29:02.6370003Z libatspi2.0-0t64 set to manually installed.
ar-act346-set	Provision the browser	2026-09-13T02:29:02.6370633Z libcairo2 is already the newest version (1.18.0-3build1).
ar-act346-set	Provision the browser	2026-09-13T02:29:02.6371231Z libcairo2 set to manually installed.
ar-act346-set	Provision the browser	2026-09-13T02:29:02.6371916Z libcups2t64 is already the newest version (2.4.7-1.2ubuntu7.14).
ar-act346-set	Provision the browser	2026-09-13T02:29:02.6372610Z libcups2t64 set to manually installed.
ar-act346-set	Provision the browser	2026-09-13T02:29:02.6373346Z libdbus-1-3 is already the newest version (1.14.10-4ubuntu4.1).
ar-act346-set	Provision the browser	2026-09-13T02:29:02.6374043Z libdbus-1-3 set to manually installed.
ar-act346-set	Provision the browser	2026-09-13T02:29:02.6375009Z libdrm2 is already the newest version (2.4.125-1ubuntu0.1~24.04.2).
ar-act346-set	Provision the browser	2026-09-13T02:29:02.6375679Z libdrm2 set to manually installed.
ar-act346-set	Provision the browser	2026-09-13T02:29:02.6376339Z libgbm1 is already the newest version (25.2.8-0ubuntu0.24.04.2).
ar-act346-set	Provision the browser	2026-09-13T02:29:02.6376986Z libgbm1 set to manually installed.
ar-act346-set	Provision the browser	2026-09-13T02:29:02.6377674Z libglib2.0-0t64 is already the newest version (2.80.0-6ubuntu3.8).
ar-act346-set	Provision the browser	2026-09-13T02:29:02.6378379Z libglib2.0-0t64 set to manually installed.
ar-act346-set	Provision the browser	2026-09-13T02:29:02.6379051Z libnspr4 is already the newest version (2:4.35-1.1build1).
ar-act346-set	Provision the browser	2026-09-13T02:29:02.6379696Z libnspr4 set to manually installed.
ar-act346-set	Provision the browser	2026-09-13T02:29:02.6380340Z libnss3 is already the newest version (2:3.98-1ubuntu0.2).
ar-act346-set	Provision the browser	2026-09-13T02:29:02.6380947Z libnss3 set to manually installed.
ar-act346-set	Provision the browser	2026-09-13T02:29:02.6381647Z libpango-1.0-0 is already the newest version (1.52.1+ds-1build1).
ar-act346-set	Provision the browser	2026-09-13T02:29:02.6382352Z libpango-1.0-0 set to manually installed.
ar-act346-set	Provision the browser	2026-09-13T02:29:02.6383014Z libx11-6 is already the newest version (2:1.8.7-1build1).
ar-act346-set	Provision the browser	2026-09-13T02:29:02.6383637Z libx11-6 set to manually installed.
ar-act346-set	Provision the browser	2026-09-13T02:29:02.6384227Z libxcb1 is already the newest version (1.15-1ubuntu2).
ar-act346-set	Provision the browser	2026-09-13T02:29:02.6385038Z libxcb1 set to manually installed.
ar-act346-set	Provision the browser	2026-09-13T02:29:02.6385745Z libxcomposite1 is already the newest version (1:0.4.5-1build3).
ar-act346-set	Provision the browser	2026-09-13T02:29:02.6386441Z libxcomposite1 set to manually installed.
ar-act346-set	Provision the browser	2026-09-13T02:29:02.6387105Z libxdamage1 is already the newest version (1:1.1.6-1build1).
ar-act346-set	Provision the browser	2026-09-13T02:29:02.6387756Z libxdamage1 set to manually installed.
ar-act346-set	Provision the browser	2026-09-13T02:29:02.6388437Z libxext6 is already the newest version (2:1.3.4-1build2).
ar-act346-set	Provision the browser	2026-09-13T02:29:02.6389075Z libxext6 set to manually installed.
ar-act346-set	Provision the browser	2026-09-13T02:29:02.6389755Z libxfixes3 is already the newest version (1:6.0.0-2build1).
ar-act346-set	Provision the browser	2026-09-13T02:29:02.6390396Z libxfixes3 set to manually installed.
ar-act346-set	Provision the browser	2026-09-13T02:29:02.6391066Z libxkbcommon0 is already the newest version (1.6.0-1build1).
ar-act346-set	Provision the browser	2026-09-13T02:29:02.6391709Z libxkbcommon0 set to manually installed.
ar-act346-set	Provision the browser	2026-09-13T02:29:02.6392362Z libxrandr2 is already the newest version (2:1.5.2-2build1).
ar-act346-set	Provision the browser	2026-09-13T02:29:02.6392962Z libxrandr2 set to manually installed.
ar-act346-set	Provision the browser	2026-09-13T02:29:02.6393569Z xvfb is already the newest version (2:21.1.12-1ubuntu1.6).
ar-act346-set	Provision the browser	2026-09-13T02:29:02.6394412Z fonts-noto-color-emoji is already the newest version (2.047-0ubuntu0.24.04.1).
ar-act346-set	Provision the browser	2026-09-13T02:29:02.6395542Z libfontconfig1 is already the newest version (2.15.0-1.1ubuntu2).
ar-act346-set	Provision the browser	2026-09-13T02:29:02.6395965Z libfontconfig1 set to manually installed.
ar-act346-set	Provision the browser	2026-09-13T02:29:02.6396417Z libfreetype6 is already the newest version (2.13.2+dfsg-1ubuntu0.1).
ar-act346-set	Provision the browser	2026-09-13T02:29:02.6396836Z libfreetype6 set to manually installed.
ar-act346-set	Provision the browser	2026-09-13T02:29:02.6397260Z fonts-liberation is already the newest version (1:2.1.5-3).
ar-act346-set	Provision the browser	2026-09-13T02:29:02.6397668Z fonts-liberation set to manually installed.
ar-act346-set	Provision the browser	2026-09-13T02:29:02.6398080Z The following additional packages will be installed:
ar-act346-set	Provision the browser	2026-09-13T02:29:02.6398593Z   xfonts-encodings xfonts-utils
ar-act346-set	Provision the browser	2026-09-13T02:29:02.6398890Z Recommended packages:
ar-act346-set	Provision the browser	2026-09-13T02:29:02.6399173Z   fonts-ipafont-mincho fonts-tlwg-loma
ar-act346-set	Provision the browser	2026-09-13T02:29:02.6553249Z The following NEW packages will be installed:
ar-act346-set	Provision the browser	2026-09-13T02:29:02.6554066Z   fonts-freefont-ttf fonts-ipafont-gothic fonts-tlwg-loma-otf fonts-unifont
ar-act346-set	Provision the browser	2026-09-13T02:29:02.6558871Z   fonts-wqy-zenhei xfonts-cyrillic xfonts-encodings xfonts-scalable
ar-act346-set	Provision the browser	2026-09-13T02:29:02.6559482Z   xfonts-utils
ar-act346-set	Provision the browser	2026-09-13T02:29:02.6739719Z 0 upgraded, 9 newly installed, 0 to remove and 50 not upgraded.
ar-act346-set	Provision the browser	2026-09-13T02:29:02.6740440Z Need to get 21.1 MB of archives.
ar-act346-set	Provision the browser	2026-09-13T02:29:02.6740888Z After this operation, 79.5 MB of additional disk space will be used.
ar-act346-set	Provision the browser	2026-09-13T02:29:02.6741403Z Get:1 file:/etc/apt/apt-mirrors.txt Mirrorlist [144 B]
ar-act346-set	Provision the browser	2026-09-13T02:29:02.7276448Z Get:2 http://azure.archive.ubuntu.com/ubuntu noble/universe amd64 fonts-ipafont-gothic all 00303-21ubuntu1 [3513 kB]
ar-act346-set	Provision the browser	2026-09-13T02:29:02.7968383Z Get:3 http://azure.archive.ubuntu.com/ubuntu noble/main amd64 fonts-freefont-ttf all 20211204+svn4273-2 [5641 kB]
ar-act346-set	Provision the browser	2026-09-13T02:29:02.8901585Z Get:4 http://azure.archive.ubuntu.com/ubuntu noble/universe amd64 fonts-tlwg-loma-otf all 1:0.7.3-1 [107 kB]
ar-act346-set	Provision the browser	2026-09-13T02:29:02.9237406Z Get:5 http://azure.archive.ubuntu.com/ubuntu noble/universe amd64 fonts-unifont all 1:15.1.01-1build1 [2993 kB]
ar-act346-set	Provision the browser	2026-09-13T02:29:02.9869986Z Get:6 http://azure.archive.ubuntu.com/ubuntu noble/universe amd64 fonts-wqy-zenhei all 0.9.45-8 [7472 kB]
ar-act346-set	Provision the browser	2026-09-13T02:29:03.0972486Z Get:7 http://azure.archive.ubuntu.com/ubuntu noble/main amd64 xfonts-encodings all 1:1.0.5-0ubuntu2 [578 kB]
ar-act346-set	Provision the browser	2026-09-13T02:29:03.1356149Z Get:8 http://azure.archive.ubuntu.com/ubuntu noble/main amd64 xfonts-utils amd64 1:7.7+6build3 [94.4 kB]
ar-act346-set	Provision the browser	2026-09-13T02:29:03.1690176Z Get:9 http://azure.archive.ubuntu.com/ubuntu noble/universe amd64 xfonts-cyrillic all 1:1.0.5+nmu1 [384 kB]
ar-act346-set	Provision the browser	2026-09-13T02:29:03.2053187Z Get:10 http://azure.archive.ubuntu.com/ubuntu noble/main amd64 xfonts-scalable all 1:1.0.3-1.3 [304 kB]
ar-act346-set	Provision the browser	2026-09-13T02:29:03.4666551Z Fetched 21.1 MB in 1s (38.7 MB/s)
ar-act346-set	Provision the browser	2026-09-13T02:29:03.4890029Z Selecting previously unselected package fonts-ipafont-gothic.
ar-act346-set	Provision the browser	2026-09-13T02:29:03.5117345Z (Reading database ... 
ar-act346-set	Provision the browser	2026-09-13T02:29:03.5117853Z (Reading database ... 5%
ar-act346-set	Provision the browser	2026-09-13T02:29:03.5118203Z (Reading database ... 10%
ar-act346-set	Provision the browser	2026-09-13T02:29:03.5118469Z (Reading database ... 15%
ar-act346-set	Provision the browser	2026-09-13T02:29:03.5118712Z (Reading database ... 20%
ar-act346-set	Provision the browser	2026-09-13T02:29:03.5119590Z (Reading database ... 25%
ar-act346-set	Provision the browser	2026-09-13T02:29:03.5120077Z (Reading database ... 30%
ar-act346-set	Provision the browser	2026-09-13T02:29:03.5120512Z (Reading database ... 35%
ar-act346-set	Provision the browser	2026-09-13T02:29:03.5120936Z (Reading database ... 40%
ar-act346-set	Provision the browser	2026-09-13T02:29:03.5121356Z (Reading database ... 45%
ar-act346-set	Provision the browser	2026-09-13T02:29:03.5121764Z (Reading database ... 50%
ar-act346-set	Provision the browser	2026-09-13T02:29:03.5156629Z (Reading database ... 55%
ar-act346-set	Provision the browser	2026-09-13T02:29:03.6278228Z (Reading database ... 60%
ar-act346-set	Provision the browser	2026-09-13T02:29:04.2680383Z (Reading database ... 65%
ar-act346-set	Provision the browser	2026-09-13T02:29:04.4728531Z (Reading database ... 70%
ar-act346-set	Provision the browser	2026-09-13T02:29:04.6247850Z (Reading database ... 75%
ar-act346-set	Provision the browser	2026-09-13T02:29:04.7854293Z (Reading database ... 80%
ar-act346-set	Provision the browser	2026-09-13T02:29:04.9732167Z (Reading database ... 85%
ar-act346-set	Provision the browser	2026-09-13T02:29:05.1825366Z (Reading database ... 90%
ar-act346-set	Provision the browser	2026-09-13T02:29:05.3766293Z (Reading database ... 95%
ar-act346-set	Provision the browser	2026-09-13T02:29:05.3766875Z (Reading database ... 100%
ar-act346-set	Provision the browser	2026-09-13T02:29:05.3767549Z (Reading database ... 201818 files and directories currently installed.)
ar-act346-set	Provision the browser	2026-09-13T02:29:05.3817396Z Preparing to unpack .../0-fonts-ipafont-gothic_00303-21ubuntu1_all.deb ...
ar-act346-set	Provision the browser	2026-09-13T02:29:05.4366425Z Unpacking fonts-ipafont-gothic (00303-21ubuntu1) ...
ar-act346-set	Provision the browser	2026-09-13T02:29:05.7427645Z Selecting previously unselected package fonts-freefont-ttf.
ar-act346-set	Provision the browser	2026-09-13T02:29:05.7567639Z Preparing to unpack .../1-fonts-freefont-ttf_20211204+svn4273-2_all.deb ...
ar-act346-set	Provision the browser	2026-09-13T02:29:05.7579437Z Unpacking fonts-freefont-ttf (20211204+svn4273-2) ...
ar-act346-set	Provision the browser	2026-09-13T02:29:05.8391610Z Selecting previously unselected package fonts-tlwg-loma-otf.
ar-act346-set	Provision the browser	2026-09-13T02:29:05.8526351Z Preparing to unpack .../2-fonts-tlwg-loma-otf_1%3a0.7.3-1_all.deb ...
ar-act346-set	Provision the browser	2026-09-13T02:29:05.8532176Z Unpacking fonts-tlwg-loma-otf (1:0.7.3-1) ...
ar-act346-set	Provision the browser	2026-09-13T02:29:05.8740297Z Selecting previously unselected package fonts-unifont.
ar-act346-set	Provision the browser	2026-09-13T02:29:05.8870662Z Preparing to unpack .../3-fonts-unifont_1%3a15.1.01-1build1_all.deb ...
ar-act346-set	Provision the browser	2026-09-13T02:29:05.8876887Z Unpacking fonts-unifont (1:15.1.01-1build1) ...
ar-act346-set	Provision the browser	2026-09-13T02:29:05.9976473Z Selecting previously unselected package fonts-wqy-zenhei.
ar-act346-set	Provision the browser	2026-09-13T02:29:06.0111627Z Preparing to unpack .../4-fonts-wqy-zenhei_0.9.45-8_all.deb ...
ar-act346-set	Provision the browser	2026-09-13T02:29:06.0211884Z Unpacking fonts-wqy-zenhei (0.9.45-8) ...
ar-act346-set	Provision the browser	2026-09-13T02:29:06.4905560Z Selecting previously unselected package xfonts-encodings.
ar-act346-set	Provision the browser	2026-09-13T02:29:06.5040737Z Preparing to unpack .../5-xfonts-encodings_1%3a1.0.5-0ubuntu2_all.deb ...
ar-act346-set	Provision the browser	2026-09-13T02:29:06.5048515Z Unpacking xfonts-encodings (1:1.0.5-0ubuntu2) ...
ar-act346-set	Provision the browser	2026-09-13T02:29:06.5329783Z Selecting previously unselected package xfonts-utils.
ar-act346-set	Provision the browser	2026-09-13T02:29:06.5461538Z Preparing to unpack .../6-xfonts-utils_1%3a7.7+6build3_amd64.deb ...
ar-act346-set	Provision the browser	2026-09-13T02:29:06.5468049Z Unpacking xfonts-utils (1:7.7+6build3) ...
ar-act346-set	Provision the browser	2026-09-13T02:29:06.5790890Z Selecting previously unselected package xfonts-cyrillic.
ar-act346-set	Provision the browser	2026-09-13T02:29:06.5921458Z Preparing to unpack .../7-xfonts-cyrillic_1%3a1.0.5+nmu1_all.deb ...
ar-act346-set	Provision the browser	2026-09-13T02:29:06.5928276Z Unpacking xfonts-cyrillic (1:1.0.5+nmu1) ...
ar-act346-set	Provision the browser	2026-09-13T02:29:06.6275096Z Selecting previously unselected package xfonts-scalable.
ar-act346-set	Provision the browser	2026-09-13T02:29:06.6403483Z Preparing to unpack .../8-xfonts-scalable_1%3a1.0.3-1.3_all.deb ...
ar-act346-set	Provision the browser	2026-09-13T02:29:06.6410478Z Unpacking xfonts-scalable (1:1.0.3-1.3) ...
ar-act346-set	Provision the browser	2026-09-13T02:29:06.6830088Z Setting up fonts-wqy-zenhei (0.9.45-8) ...
ar-act346-set	Provision the browser	2026-09-13T02:29:06.6949846Z Setting up fonts-freefont-ttf (20211204+svn4273-2) ...
ar-act346-set	Provision the browser	2026-09-13T02:29:06.6967056Z Setting up fonts-tlwg-loma-otf (1:0.7.3-1) ...
ar-act346-set	Provision the browser	2026-09-13T02:29:06.6983696Z Setting up xfonts-encodings (1:1.0.5-0ubuntu2) ...
ar-act346-set	Provision the browser	2026-09-13T02:29:06.7002604Z Setting up fonts-ipafont-gothic (00303-21ubuntu1) ...
ar-act346-set	Provision the browser	2026-09-13T02:29:06.7070599Z update-alternatives: using /usr/share/fonts/opentype/ipafont-gothic/ipag.ttf to provide /usr/share/fonts/truetype/fonts-japanese-gothic.ttf (fonts-japanese-gothic.ttf) in auto mode
ar-act346-set	Provision the browser	2026-09-13T02:29:06.7085404Z Setting up fonts-unifont (1:15.1.01-1build1) ...
ar-act346-set	Provision the browser	2026-09-13T02:29:06.7102563Z Setting up xfonts-utils (1:7.7+6build3) ...
ar-act346-set	Provision the browser	2026-09-13T02:29:06.7143096Z Setting up xfonts-cyrillic (1:1.0.5+nmu1) ...
ar-act346-set	Provision the browser	2026-09-13T02:29:06.7452257Z Setting up xfonts-scalable (1:1.0.3-1.3) ...
ar-act346-set	Provision the browser	2026-09-13T02:29:06.7738294Z Processing triggers for man-db (2.12.0-4build2) ...
ar-act346-set	Provision the browser	2026-09-13T02:29:06.7756554Z Not building database; man-db/auto-update is not 'true'.
ar-act346-set	Provision the browser	2026-09-13T02:29:06.7768954Z Processing triggers for fontconfig (2.15.0-1.1ubuntu2) ...
ar-act346-set	Provision the browser	2026-09-13T02:29:07.4542629Z 
ar-act346-set	Provision the browser	2026-09-13T02:29:07.4543371Z Running kernel seems to be up-to-date.
ar-act346-set	Provision the browser	2026-09-13T02:29:07.4543736Z 
ar-act346-set	Provision the browser	2026-09-13T02:29:07.4543910Z No services need to be restarted.
ar-act346-set	Provision the browser	2026-09-13T02:29:07.4544148Z 
ar-act346-set	Provision the browser	2026-09-13T02:29:07.4544296Z No containers need to be restarted.
ar-act346-set	Provision the browser	2026-09-13T02:29:07.4544489Z 
ar-act346-set	Provision the browser	2026-09-13T02:29:07.4544908Z No user sessions are running outdated binaries.
ar-act346-set	Provision the browser	2026-09-13T02:29:07.4545186Z 
ar-act346-set	Provision the browser	2026-09-13T02:29:07.4545481Z No VM guests are running outdated hypervisor (qemu) binaries on this host.
ar-act346-set	Provision the browser	2026-09-13T02:29:08.3692903Z Downloading Chrome for Testing 148.0.7778.96 (playwright chromium v1223) from https://cdn.playwright.dev/builds/cft/148.0.7778.96/linux64/chrome-linux64.zip
ar-act346-set	Provision the browser	2026-09-13T02:29:09.4874197Z |                                                                                |   0% of 175.4 MiB
ar-act346-set	Provision the browser	2026-09-13T02:29:10.1763307Z |■■■■■■■■                                                                        |  10% of 175.4 MiB
ar-act346-set	Provision the browser	2026-09-13T02:29:10.2825397Z |■■■■■■■■■■■■■■■■                                                                |  20% of 175.4 MiB
ar-act346-set	Provision the browser	2026-09-13T02:29:10.3522976Z |■■■■■■■■■■■■■■■■■■■■■■■■                                                        |  30% of 175.4 MiB
ar-act346-set	Provision the browser	2026-09-13T02:29:10.4201972Z |■■■■■■■■■■■■■■■■■■■■■■■■■■■■■■■■                                                |  40% of 175.4 MiB
ar-act346-set	Provision the browser	2026-09-13T02:29:10.4838603Z |■■■■■■■■■■■■■■■■■■■■■■■■■■■■■■■■■■■■■■■■                                        |  50% of 175.4 MiB
ar-act346-set	Provision the browser	2026-09-13T02:29:10.5463596Z |■■■■■■■■■■■■■■■■■■■■■■■■■■■■■■■■■■■■■■■■■■■■■■■■                                |  60% of 175.4 MiB
ar-act346-set	Provision the browser	2026-09-13T02:29:10.6046905Z |■■■■■■■■■■■■■■■■■■■■■■■■■■■■■■■■■■■■■■■■■■■■■■■■■■■■■■■■                        |  70% of 175.4 MiB
ar-act346-set	Provision the browser	2026-09-13T02:29:10.6581963Z |■■■■■■■■■■■■■■■■■■■■■■■■■■■■■■■■■■■■■■■■■■■■■■■■■■■■■■■■■■■■■■■■                |  80% of 175.4 MiB
ar-act346-set	Provision the browser	2026-09-13T02:29:10.7153628Z |■■■■■■■■■■■■■■■■■■■■■■■■■■■■■■■■■■■■■■■■■■■■■■■■■■■■■■■■■■■■■■■■■■■■■■■■        |  90% of 175.4 MiB
ar-act346-set	Provision the browser	2026-09-13T02:29:10.7732995Z |■■■■■■■■■■■■■■■■■■■■■■■■■■■■■■■■■■■■■■■■■■■■■■■■■■■■■■■■■■■■■■■■■■■■■■■■■■■■■■■■| 100% of 175.4 MiB
ar-act346-set	Provision the browser	2026-09-13T02:29:13.2899566Z Chrome for Testing 148.0.7778.96 (playwright chromium v1223) downloaded to /home/runner/.cache/ms-playwright/chromium-1223
ar-act346-set	Provision the browser	2026-09-13T02:29:13.2902183Z Downloading FFmpeg (playwright ffmpeg v1011) from https://cdn.playwright.dev/dbazure/download/playwright/builds/ffmpeg/1011/ffmpeg-linux.zip
ar-act346-set	Provision the browser	2026-09-13T02:29:14.2944471Z |                                                                                |   0% of 2.3 MiB
ar-act346-set	Provision the browser	2026-09-13T02:29:14.3344248Z |■■■■■■■■                                                                        |  10% of 2.3 MiB
ar-act346-set	Provision the browser	2026-09-13T02:29:14.3499208Z |■■■■■■■■■■■■■■■■                                                                |  20% of 2.3 MiB
ar-act346-set	Provision the browser	2026-09-13T02:29:14.3640251Z |■■■■■■■■■■■■■■■■■■■■■■■■                                                        |  30% of 2.3 MiB
ar-act346-set	Provision the browser	2026-09-13T02:29:14.3766003Z |■■■■■■■■■■■■■■■■■■■■■■■■■■■■■■■■                                                |  40% of 2.3 MiB
ar-act346-set	Provision the browser	2026-09-13T02:29:14.3813570Z |■■■■■■■■■■■■■■■■■■■■■■■■■■■■■■■■■■■■■■■■                                        |  50% of 2.3 MiB
ar-act346-set	Provision the browser	2026-09-13T02:29:14.3909718Z |■■■■■■■■■■■■■■■■■■■■■■■■■■■■■■■■■■■■■■■■■■■■■■■■                                |  60% of 2.3 MiB
ar-act346-set	Provision the browser	2026-09-13T02:29:14.3954987Z |■■■■■■■■■■■■■■■■■■■■■■■■■■■■■■■■■■■■■■■■■■■■■■■■■■■■■■■■                        |  70% of 2.3 MiB
ar-act346-set	Provision the browser	2026-09-13T02:29:14.4048496Z |■■■■■■■■■■■■■■■■■■■■■■■■■■■■■■■■■■■■■■■■■■■■■■■■■■■■■■■■■■■■■■■■                |  80% of 2.3 MiB
ar-act346-set	Provision the browser	2026-09-13T02:29:14.4062794Z |■■■■■■■■■■■■■■■■■■■■■■■■■■■■■■■■■■■■■■■■■■■■■■■■■■■■■■■■■■■■■■■■■■■■■■■■        |  90% of 2.3 MiB
ar-act346-set	Provision the browser	2026-09-13T02:29:14.4078794Z |■■■■■■■■■■■■■■■■■■■■■■■■■■■■■■■■■■■■■■■■■■■■■■■■■■■■■■■■■■■■■■■■■■■■■■■■■■■■■■■■| 100% of 2.3 MiB
ar-act346-set	Provision the browser	2026-09-13T02:29:14.4650900Z FFmpeg (playwright ffmpeg v1011) downloaded to /home/runner/.cache/ms-playwright/ffmpeg-1011
ar-act346-set	Provision the browser	2026-09-13T02:29:14.4654000Z Downloading Chrome Headless Shell 148.0.7778.96 (playwright chromium-headless-shell v1223) from https://cdn.playwright.dev/builds/cft/148.0.7778.96/linux64/chrome-headless-shell-linux64.zip
ar-act346-set	Provision the browser	2026-09-13T02:29:15.5372160Z |                                                                                |   0% of 113.2 MiB
ar-act346-set	Provision the browser	2026-09-13T02:29:16.1336485Z |■■■■■■■■                                                                        |  10% of 113.2 MiB
ar-act346-set	Provision the browser	2026-09-13T02:29:16.2215899Z |■■■■■■■■■■■■■■■■                                                                |  20% of 113.2 MiB
ar-act346-set	Provision the browser	2026-09-13T02:29:16.2845635Z |■■■■■■■■■■■■■■■■■■■■■■■■                                                        |  30% of 113.2 MiB
ar-act346-set	Provision the browser	2026-09-13T02:29:16.3301796Z |■■■■■■■■■■■■■■■■■■■■■■■■■■■■■■■■                                                |  40% of 113.2 MiB
ar-act346-set	Provision the browser	2026-09-13T02:29:16.3741736Z |■■■■■■■■■■■■■■■■■■■■■■■■■■■■■■■■■■■■■■■■                                        |  50% of 113.2 MiB
ar-act346-set	Provision the browser	2026-09-13T02:29:16.4167442Z |■■■■■■■■■■■■■■■■■■■■■■■■■■■■■■■■■■■■■■■■■■■■■■■■                                |  60% of 113.2 MiB
ar-act346-set	Provision the browser	2026-09-13T02:29:16.4604806Z |■■■■■■■■■■■■■■■■■■■■■■■■■■■■■■■■■■■■■■■■■■■■■■■■■■■■■■■■                        |  70% of 113.2 MiB
ar-act346-set	Provision the browser	2026-09-13T02:29:16.4964109Z |■■■■■■■■■■■■■■■■■■■■■■■■■■■■■■■■■■■■■■■■■■■■■■■■■■■■■■■■■■■■■■■■                |  80% of 113.2 MiB
ar-act346-set	Provision the browser	2026-09-13T02:29:16.5334469Z |■■■■■■■■■■■■■■■■■■■■■■■■■■■■■■■■■■■■■■■■■■■■■■■■■■■■■■■■■■■■■■■■■■■■■■■■        |  90% of 113.2 MiB
ar-act346-set	Provision the browser	2026-09-13T02:29:16.5706785Z |■■■■■■■■■■■■■■■■■■■■■■■■■■■■■■■■■■■■■■■■■■■■■■■■■■■■■■■■■■■■■■■■■■■■■■■■■■■■■■■■| 100% of 113.2 MiB
ar-act346-set	Provision the browser	2026-09-13T02:29:18.3983796Z Chrome Headless Shell 148.0.7778.96 (playwright chromium-headless-shell v1223) downloaded to /home/runner/.cache/ms-playwright/chromium_headless_shell-1223
ar-act346-set	Render and measure ar-act346-set	﻿2026-09-13T02:29:18.4264936Z ##[group]Run node scripts/rcap-raster-batch.mjs \
ar-act346-set	Render and measure ar-act346-set	2026-09-13T02:29:18.4265359Z ^[[36;1mnode scripts/rcap-raster-batch.mjs \^[[0m
ar-act346-set	Render and measure ar-act346-set	2026-09-13T02:29:18.4265686Z ^[[36;1m  --manifest "$MANIFEST_PATH" \^[[0m
ar-act346-set	Render and measure ar-act346-set	2026-09-13T02:29:18.4265975Z ^[[36;1m  --family "$FAMILY" \^[[0m
ar-act346-set	Render and measure ar-act346-set	2026-09-13T02:29:18.4266236Z ^[[36;1m  --commit "$COMMIT_SHA" \^[[0m
ar-act346-set	Render and measure ar-act346-set	2026-09-13T02:29:18.4266510Z ^[[36;1m  --scale "$REQUESTED_SCALE" \^[[0m
ar-act346-set	Render and measure ar-act346-set	2026-09-13T02:29:18.4266794Z ^[[36;1m  --run-id "$WORKFLOW_RUN_ID" \^[[0m
ar-act346-set	Render and measure ar-act346-set	2026-09-13T02:29:18.4267100Z ^[[36;1m  --out raster-out^[[0m
ar-act346-set	Render and measure ar-act346-set	2026-09-13T02:29:18.4309113Z shell: /usr/bin/bash -e {0}
ar-act346-set	Render and measure ar-act346-set	2026-09-13T02:29:18.4309387Z env:
ar-act346-set	Render and measure ar-act346-set	2026-09-13T02:29:18.4309673Z   pythonLocation: /opt/hostedtoolcache/Python/3.12.14/x64
ar-act346-set	Render and measure ar-act346-set	2026-09-13T02:29:18.4310121Z   PKG_CONFIG_PATH: /opt/hostedtoolcache/Python/3.12.14/x64/lib/pkgconfig
ar-act346-set	Render and measure ar-act346-set	2026-09-13T02:29:18.4310551Z   Python_ROOT_DIR: /opt/hostedtoolcache/Python/3.12.14/x64
ar-act346-set	Render and measure ar-act346-set	2026-09-13T02:29:18.4310933Z   Python2_ROOT_DIR: /opt/hostedtoolcache/Python/3.12.14/x64
ar-act346-set	Render and measure ar-act346-set	2026-09-13T02:29:18.4311315Z   Python3_ROOT_DIR: /opt/hostedtoolcache/Python/3.12.14/x64
ar-act346-set	Render and measure ar-act346-set	2026-09-13T02:29:18.4311744Z   LD_LIBRARY_PATH: /opt/hostedtoolcache/Python/3.12.14/x64/lib
ar-act346-set	Render and measure ar-act346-set	2026-09-13T02:29:18.4312146Z   PLAYWRIGHT_BROWSERS_PATH: /home/runner/.cache/ms-playwright
ar-act346-set	Render and measure ar-act346-set	2026-09-13T02:29:18.4312742Z   MANIFEST_PATH: data/rcap-grade-a/packet-factory-24h/fix112/ar-act346-current-raster-manifest-20260912.json
ar-act346-set	Render and measure ar-act346-set	2026-09-13T02:29:18.4313263Z   FAMILY: ar-act346-set
ar-act346-set	Render and measure ar-act346-set	2026-09-13T02:29:18.4313543Z   COMMIT_SHA: ad98a571b8507f68371240c2d429e1207054eb9e
ar-act346-set	Render and measure ar-act346-set	2026-09-13T02:29:18.4314064Z   REQUESTED_SCALE: 2.5
ar-act346-set	Render and measure ar-act346-set	2026-09-13T02:29:18.4314293Z   WORKFLOW_RUN_ID: 34732930032
ar-act346-set	Render and measure ar-act346-set	2026-09-13T02:29:18.4317067Z   GH_TOKEN: ***
ar-act346-set	Render and measure ar-act346-set	2026-09-13T02:29:18.4317301Z ##[endgroup]
ar-act346-set	Render and measure ar-act346-set	2026-09-13T02:32:19.2626986Z RCAP_RECEIPT_BEGIN family=ar-act346-set run=34732930032 commit=ad98a571b8507f68371240c2d429e1207054eb9e
ar-act346-set	Render and measure ar-act346-set	2026-09-13T02:32:19.2815264Z RCAP_RECEIPT_VERDICT {"schemaVersion":"rcap-raster-family-verdict/v1","familyId":"ar-act346-set","verdict":"RASTER_PASS","packetCommitSha":"ad98a571b8507f68371240c2d429e1207054eb9e","workflowRunId":"34732930032","requestedScale":2.5,"cssPxPerPt":1.3333333333333333,"browserExecutable":"/home/runner/.cache/ms-playwright/chromium-1223/chrome-linux64/chrome","resolvedBy":"PLAYWRIGHT_BROWSERS_PATH","operatingSystem":"Linux 6.17.0-1022-azure x64","nodeVersion":"v22.23.2","hashesBound":{"canonical":{"path":"data/rcap-all50/overlays/census-v1/ar/ar-act346-set--official-pdf-fill/fixtures/petition-canonical-filled.pdf","pinned":"75bffbd8493de56f1f39b7f67ff9dc93e50926fb284678209d11610eb2512f76"},"boundary":{"path":"data/rcap-all50/overlays/census-v1/ar/ar-act346-set--official-pdf-fill/fixtures/petition-boundary-filled.pdf","pinned":"59a301da89ce8b7535d84781e06a88c78f60946053d3b9d8ab4db0a1b99536c8"}},"documentsRendered":[{"role":"canonical","document":"petition-canonical-filled.pdf","path":"data/rcap-all50/overlays/census-v1/ar/ar-act346-set--official-pdf-fill/fixtures/petition-canonical-filled.pdf","pinned":"75bffbd8493de56f1f39b7f67ff9dc93e50926fb284678209d11610eb2512f76"},{"role":"canonical","document":"order-canonical-filled.pdf","path":"data/rcap-all50/overlays/census-v1/ar/ar-act346-set--official-pdf-fill/fixtures/order-canonical-filled.pdf","pinned":"cb9d2019b25a9f492dcd6d483c642d2c9961d23ff6e3e8eb0db50a4c7a0c1a32"},{"role":"boundary","document":"petition-boundary-filled.pdf","path":"data/rcap-all50/overlays/census-v1/ar/ar-act346-set--official-pdf-fill/fixtures/petition-boundary-filled.pdf","pinned":"59a301da89ce8b7535d84781e06a88c78f60946053d3b9d8ab4db0a1b99536c8"},{"role":"boundary","document":"order-boundary-filled.pdf","path":"data/rcap-all50/overlays/census-v1/ar/ar-act346-set--official-pdf-fill/fixtures/order-boundary-filled.pdf","pinned":"36d0464105a775214a93026296b38ee1822595cf4d807ed61066f09caf44e871"}],"documentsDigest":"e206ca4b449e53b752ec4d7aaeff712efa45ff06f3b8776708f27f13e3be7a8a","coversTheWholeFamily":true,"decryptionTransforms":[],"decryptionRule":"An encrypted source is hashed before any transform; Poppler and qpdf must independently agree on its page count; the temporary derivative is decrypted and serialized with explicit objects, then admitted only when geometry, decoded page content, fields/widgets, and XFA remain identical; only that temporary transport is passed to pdf-lib for calibrated rendering; the queued packet bytes are never modified.","pagesMeasured":16,"measurements":[{"kind":"canonical","document":"petition-canonical-filled.pdf","page":1,"png":"ar-act346-set/petition-canonical-filled/page-001.png","bytes":257034,"pngSha256":"e516dc664796a983b2466821c499b638d23673c1ef05455ef800fd70bdbba288","pngWidth":2040,"pngHeight":2640,"paper":{"x0":204,"y0":3,"x1":2243,"y1":2642,"width":2040,"height":2640},"pxPerPt":3.3333333333333335,"expectedPxPerPt":3.333333333333333,"pageWidthPt":612,"pageHeightPt":792,"expectedPx":{"width":2039.9999999999998,"height":2639.9999999999995,"tolerancePx":6.666666666666666},"calibrationResidualPx":0,"inkFractionInsidePaper":0.046413213012477715,"nonblank":true,"croppedToThePage":true},{"kind":"canonical","document":"petition-canonical-filled.pdf","page":2,"png":"ar-act346-set/petition-canonical-filled/page-002.png","bytes":403980,"pngSha256":"fe6d82f8e15cf196e608f0ed719a4dfd5b52653ab3573b5d1fd8bbd6ae126ada","pngWidth":2040,"pngHeight":2640,"paper":{"x0":204,"y0":3,"x1":2243,"y1":2642,"width":2040,"height":2640},"pxPerPt":3.3333333333333335,"expectedPxPerPt":3.333333333333333,"pageWidthPt":612,"pageHeightPt":792,"expectedPx":{"width":2039.9999999999998,"height":2639.9999999999995,"tolerancePx":6.666666666666666},"calibrationResidualPx":0,"inkFractionInsidePaper":0.05801619132501486,"nonblank":true,"croppedToThePage":true},{"kind":"canonical","document":"petition-canonical-filled.pdf","page":3,"png":"ar-act346-set/petition-canonical-filled/page-003.png","bytes":307794,"pngSha256":"c7df563c5e7d504df15e4f3156ac28b709590e73cc5892c30f910eb76b5ed238","pngWidth":2040,"pngHeight":2640,"paper":{"x0":204,"y0":3,"x1":2243,"y1":2642,"width":2040,"height":2640},"pxPerPt":3.3333333333333335,"expectedPxPerPt":3.333333333333333,"pageWidthPt":612,"pageHeightPt":792,"expectedPx":{"width":2039.9999999999998,"height":2639.9999999999995,"tolerancePx":6.666666666666666},"calibrationResidualPx":0,"inkFractionInsidePaper":0.04868705436720143,"nonblank":true,"croppedToThePage":true},{"kind":"canonical","document":"petition-canonical-filled.pdf","page":4,"png":"ar-act346-set/petition-canonical-filled/page-004.png","bytes":162366,"pngSha256":"69e3ebd86b3d5f7a259317d1885ad676bcd5da8ff3560cad9eec40d4627d83de","pngWidth":2040,"pngHeight":2640,"paper":{"x0":204,"y0":3,"x1":2243,"y1":2642,"width":2040,"height":2640},"pxPerPt":3.3333333333333335,"expectedPxPerPt":3.333333333333333,"pageWidthPt":612,"pageHeightPt":792,"expectedPx":{"width":2039.9999999999998,"height":2639.9999999999995,"tolerancePx":6.666666666666666},"calibrationResidualPx":0,"inkFractionInsidePaper":0.01654430332739156,"nonblank":true,"croppedToThePage":true},{"kind":"canonical","document":"petition-canonical-filled.pdf","page":5,"png":"ar-act346-set/petition-canonical-filled/page-005.png","bytes":199700,"pngSha256":"0dd28250ad342f3bf3a93736314e79d9e54a5b1db3af12160494b30bb720a12f","pngWidth":2040,"pngHeight":2640,"paper":{"x0":204,"y0":3,"x1":2243,"y1":2642,"width":2040,"height":2640},"pxPerPt":3.3333333333333335,"expectedPxPerPt":3.333333333333333,"pageWidthPt":612,"pageHeightPt":792,"expectedPx":{"width":2039.9999999999998,"height":2639.9999999999995,"tolerancePx":6.666666666666666},"calibrationResidualPx":0,"inkFractionInsidePaper":0.02919284759358289,"nonblank":true,"croppedToThePage":true},{"kind":"canonical","document":"order-canonical-filled.pdf","page":1,"png":"ar-act346-set/order-canonical-filled/page-001.png","bytes":340818,"pngSha256":"b3774fd569ffbc891f3e27596d9b9ca61cd1469a3737d6d0633475e6a45cdb59","pngWidth":2040,"pngHeight":2640,"paper":{"x0":204,"y0":3,"x1":2243,"y1":2642,"width":2040,"height":2640},"pxPerPt":3.3333333333333335,"expectedPxPerPt":3.333333333333333,"pageWidthPt":612,"pageHeightPt":792,"expectedPx":{"width":2039.9999999999998,"height":2639.9999999999995,"tolerancePx":6.666666666666666},"calibrationResidualPx":0,"inkFractionInsidePaper":0.05857583184789067,"nonblank":true,"croppedToThePage":true},{"kind":"canonical","document":"order-canonical-filled.pdf","page":2,"png":"ar-act346-set/order-canonical-filled/page-002.png","bytes":498639,"pngSha256":"68edc932bccd4da48a2b25d5254404097e6eaf9a352b6eb47a6939375107bcc6","pngWidth":2040,"pngHeight":2640,"paper":{"x0":204,"y0":3,"x1":2243,"y1":2642,"width":2040,"height":2640},"pxPerPt":3.3333333333333335,"expectedPxPerPt":3.333333333333333,"pageWidthPt":612,"pageHeightPt":792,"expectedPx":{"width":2039.9999999999998,"height":2639.9999999999995,"tolerancePx":6.666666666666666},"calibrationResidualPx":0,"inkFractionInsidePaper":0.0789718879976233,"nonblank":true,"croppedToThePage":true},{"kind":"canonical","document":"order-canonical-filled.pdf","page":3,"png":"ar-act346-set/order-canonical-filled/page-003.png","bytes":299737,"pngSha256":"76393c6100675c62cec279a45339e457ca1d1fc5a138dd8f0e77c64bffee68e3","pngWidth":2040,"pngHeight":2640,"paper":{"x0":204,"y0":3,"x1":2243,"y1":2642,"width":2040,"height":2640},"pxPerPt":3.3333333333333335,"expectedPxPerPt":3.333333333333333,"pageWidthPt":612,"pageHeightPt":792,"expectedPx":{"width":2039.9999999999998,"height":2639.9999999999995,"tolerancePx":6.666666666666666},"calibrationResidualPx":0,"inkFractionInsidePaper":0.04621694890077243,"nonblank":true,"croppedToThePage":true},{"kind":"boundary","document":"petition-boundary-filled.pdf","page":1,"png":"ar-act346-set/petition-boundary-filled/page-001.png","bytes":245634,"pngSha256":"5aa78484705240c7d4fa74df2e4598c9cae782cdc1e48ac4383cbb5e47b9d0b8","pngWidth":2040,"pngHeight":2640,"paper":{"x0":204,"y0":3,"x1":2243,"y1":2642,"width":2040,"height":2640},"pxPerPt":3.3333333333333335,"expectedPxPerPt":3.333333333333333,"pageWidthPt":612,"pageHeightPt":792,"expectedPx":{"width":2039.9999999999998,"height":2639.9999999999995,"tolerancePx":6.666666666666666},"calibrationResidualPx":0,"inkFractionInsidePaper":0.04624257278669043,"nonblank":true,"croppedToThePage":true},{"kind":"boundary","document":"petition-boundary-filled.pdf","page":2,"png":"ar-act346-set/petition-boundary-filled/page-002.png","bytes":403980,"pngSha256":"fe6d82f8e15cf196e608f0ed719a4dfd5b52653ab3573b5d1fd8bbd6ae126ada","pngWidth":2040,"pngHeight":2640,"paper":{"x0":204,"y0":3,"x1":2243,"y1":2642,"width":2040,"height":2640},"pxPerPt":3.3333333333333335,"expectedPxPerPt":3.333333333333333,"pageWidthPt":612,"pageHeightPt":792,"expectedPx":{"width":2039.9999999999998,"height":2639.9999999999995,"tolerancePx":6.666666666666666},"calibrationResidualPx":0,"inkFractionInsidePaper":0.05801619132501486,"nonblank":true,"croppedToThePage":true},{"kind":"boundary","document":"petition-boundary-filled.pdf","page":3,"png":"ar-act346-set/petition-boundary-filled/page-003.png","bytes":309303,"pngSha256":"a8e5b53bdd91bec2f63194c536528cba7e406c99f87c5d3dc978a92b9cda9f97","pngWidth":2040,"pngHeight":2640,"paper":{"x0":204,"y0":3,"x1":2243,"y1":2642,"width":2040,"height":2640},"pxPerPt":3.3333333333333335,"expectedPxPerPt":3.333333333333333,"pageWidthPt":612,"pageHeightPt":792,"expectedPx":{"width":2039.9999999999998,"height":2639.9999999999995,"tolerancePx":6.666666666666666},"calibrationResidualPx":0,"inkFractionInsidePaper":0.049075126262626265,"nonblank":true,"croppedToThePage":true},{"kind":"boundary","document":"petition-boundary-filled.pdf","page":4,"png":"ar-act346-set/petition-boundary-filled/page-004.png","bytes":162366,"pngSha256":"69e3ebd86b3d5f7a259317d1885ad676bcd5da8ff3560cad9eec40d4627d83de","pngWidth":2040,"pngHeight":2640,"paper":{"x0":204,"y0":3,"x1":2243,"y1":2642,"width":2040,"height":2640},"pxPerPt":3.3333333333333335,"expectedPxPerPt":3.333333333333333,"pageWidthPt":612,"pageHeightPt":792,"expectedPx":{"width":2039.9999999999998,"height":2639.9999999999995,"tolerancePx":6.666666666666666},"calibrationResidualPx":0,"inkFractionInsidePaper":0.01654430332739156,"nonblank":true,"croppedToThePage":true},{"kind":"boundary","document":"petition-boundary-filled.pdf","page":5,"png":"ar-act346-set/petition-boundary-filled/page-005.png","bytes":209715,"pngSha256":"fc17d35e75be24a0216fafc2684910af4650c10073b99ab1d4de6cf213a72922","pngWidth":2040,"pngHeight":2640,"paper":{"x0":204,"y0":3,"x1":2243,"y1":2642,"width":2040,"height":2640},"pxPerPt":3.3333333333333335,"expectedPxPerPt":3.333333333333333,"pageWidthPt":612,"pageHeightPt":792,"expectedPx":{"width":2039.9999999999998,"height":2639.9999999999995,"tolerancePx":6.666666666666666},"calibrationResidualPx":0,"inkFractionInsidePaper":0.030380087641117052,"nonblank":true,"croppedToThePage":true},{"kind":"boundary","document":"order-boundary-filled.pdf","page":1,"png":"ar-act346-set/order-boundary-filled/page-001.png","bytes":329007,"pngSha256":"ea70acc835c5ecbdf845a3bf1b7eda53c4625990c4515a216711d92c56282624","pngWidth":2040,"pngHeight":2640,"paper":{"x0":204,"y0":3,"x1":2243,"y1":2642,"width":2040,"height":2640},"pxPerPt":3.3333333333333335,"expectedPxPerPt":3.333333333333333,"pageWidthPt":612,"pageHeightPt":792,"expectedPx":{"width":2039.9999999999998,"height":2639.9999999999995,"tolerancePx":6.666666666666666},"calibrationResidualPx":0,"inkFractionInsidePaper":0.05793783422459893,"nonblank":true,"croppedToThePage":true},{"kind":"boundary","document":"order-boundary-filled.pdf","page":2,"png":"ar-act346-set/order-boundary-filled/page-002.png","bytes":498639,"pngSha256":"68edc932bccd4da48a2b25d5254404097e6eaf9a352b6eb47a6939375107bcc6","pngWidth":2040,"pngHeight":2640,"paper":{"x0":204,"y0":3,"x1":2243,"y1":2642,"width":2040,"height":2640},"pxPerPt":3.3333333333333335,"expectedPxPerPt":3.333333333333333,"pageWidthPt":612,"pageHeightPt":792,"expectedPx":{"width":2039.9999999999998,"height":2639.9999999999995,"tolerancePx":6.666666666666666},"calibrationResidualPx":0,"inkFractionInsidePaper":0.0789718879976233,"nonblank":true,"croppedToThePage":true},{"kind":"boundary","document":"order-boundary-filled.pdf","page":3,"png":"ar-act346-set/order-boundary-filled/page-003.png","bytes":299737,"pngSha256":"76393c6100675c62cec279a45339e457ca1d1fc5a138dd8f0e77c64bffee68e3","pngWidth":2040,"pngHeight":2640,"paper":{"x0":204,"y0":3,"x1":2243,"y1":2642,"width":2040,"height":2640},"pxPerPt":3.3333333333333335,"expectedPxPerPt":3.333333333333333,"pageWidthPt":612,"pageHeightPt":792,"expectedPx":{"width":2039.9999999999998,"height":2639.9999999999995,"tolerancePx":6.666666666666666},"calibrationResidualPx":0,"inkFractionInsidePaper":0.04621694890077243,"nonblank":true,"croppedToThePage":true}],"problems":[],"environmentProblems":[],"whatThisDoesNotDecide":"This is one gate. RASTER_PASS does not make a family PASS_COMPLETE, promotes nothing, and opens no commercial route.","packetPdfsModified":0,"bodiesCommitted":0,"commercialRoutesOpened":0,"productionTouched":false}
ar-act346-set	Render and measure ar-act346-set	2026-09-13T02:32:19.2873106Z RCAP_RECEIPT_INVENTORY [{"runId":"34732930032","familyId":"ar-act346-set","member":"ar-act346-set/petition-canonical-filled/page-001.png","bytes":257034,"sha256":"e516dc664796a983b2466821c499b638d23673c1ef05455ef800fd70bdbba288","pngWidth":2040,"pngHeight":2640},{"runId":"34732930032","familyId":"ar-act346-set","member":"ar-act346-set/petition-canonical-filled/page-002.png","bytes":403980,"sha256":"fe6d82f8e15cf196e608f0ed719a4dfd5b52653ab3573b5d1fd8bbd6ae126ada","pngWidth":2040,"pngHeight":2640},{"runId":"34732930032","familyId":"ar-act346-set","member":"ar-act346-set/petition-canonical-filled/page-003.png","bytes":307794,"sha256":"c7df563c5e7d504df15e4f3156ac28b709590e73cc5892c30f910eb76b5ed238","pngWidth":2040,"pngHeight":2640},{"runId":"34732930032","familyId":"ar-act346-set","member":"ar-act346-set/petition-canonical-filled/page-004.png","bytes":162366,"sha256":"69e3ebd86b3d5f7a259317d1885ad676bcd5da8ff3560cad9eec40d4627d83de","pngWidth":2040,"pngHeight":2640},{"runId":"34732930032","familyId":"ar-act346-set","member":"ar-act346-set/petition-canonical-filled/page-005.png","bytes":199700,"sha256":"0dd28250ad342f3bf3a93736314e79d9e54a5b1db3af12160494b30bb720a12f","pngWidth":2040,"pngHeight":2640},{"runId":"34732930032","familyId":"ar-act346-set","member":"ar-act346-set/order-canonical-filled/page-001.png","bytes":340818,"sha256":"b3774fd569ffbc891f3e27596d9b9ca61cd1469a3737d6d0633475e6a45cdb59","pngWidth":2040,"pngHeight":2640},{"runId":"34732930032","familyId":"ar-act346-set","member":"ar-act346-set/order-canonical-filled/page-002.png","bytes":498639,"sha256":"68edc932bccd4da48a2b25d5254404097e6eaf9a352b6eb47a6939375107bcc6","pngWidth":2040,"pngHeight":2640},{"runId":"34732930032","familyId":"ar-act346-set","member":"ar-act346-set/order-canonical-filled/page-003.png","bytes":299737,"sha256":"76393c6100675c62cec279a45339e457ca1d1fc5a138dd8f0e77c64bffee68e3","pngWidth":2040,"pngHeight":2640},{"runId":"34732930032","familyId":"ar-act346-set","member":"ar-act346-set/petition-boundary-filled/page-001.png","bytes":245634,"sha256":"5aa78484705240c7d4fa74df2e4598c9cae782cdc1e48ac4383cbb5e47b9d0b8","pngWidth":2040,"pngHeight":2640},{"runId":"34732930032","familyId":"ar-act346-set","member":"ar-act346-set/petition-boundary-filled/page-002.png","bytes":403980,"sha256":"fe6d82f8e15cf196e608f0ed719a4dfd5b52653ab3573b5d1fd8bbd6ae126ada","pngWidth":2040,"pngHeight":2640},{"runId":"34732930032","familyId":"ar-act346-set","member":"ar-act346-set/petition-boundary-filled/page-003.png","bytes":309303,"sha256":"a8e5b53bdd91bec2f63194c536528cba7e406c99f87c5d3dc978a92b9cda9f97","pngWidth":2040,"pngHeight":2640},{"runId":"34732930032","familyId":"ar-act346-set","member":"ar-act346-set/petition-boundary-filled/page-004.png","bytes":162366,"sha256":"69e3ebd86b3d5f7a259317d1885ad676bcd5da8ff3560cad9eec40d4627d83de","pngWidth":2040,"pngHeight":2640},{"runId":"34732930032","familyId":"ar-act346-set","member":"ar-act346-set/petition-boundary-filled/page-005.png","bytes":209715,"sha256":"fc17d35e75be24a0216fafc2684910af4650c10073b99ab1d4de6cf213a72922","pngWidth":2040,"pngHeight":2640},{"runId":"34732930032","familyId":"ar-act346-set","member":"ar-act346-set/order-boundary-filled/page-001.png","bytes":329007,"sha256":"ea70acc835c5ecbdf845a3bf1b7eda53c4625990c4515a216711d92c56282624","pngWidth":2040,"pngHeight":2640},{"runId":"34732930032","familyId":"ar-act346-set","member":"ar-act346-set/order-boundary-filled/page-002.png","bytes":498639,"sha256":"68edc932bccd4da48a2b25d5254404097e6eaf9a352b6eb47a6939375107bcc6","pngWidth":2040,"pngHeight":2640},{"runId":"34732930032","familyId":"ar-act346-set","member":"ar-act346-set/order-boundary-filled/page-003.png","bytes":299737,"sha256":"76393c6100675c62cec279a45339e457ca1d1fc5a138dd8f0e77c64bffee68e3","pngWidth":2040,"pngHeight":2640}]
ar-act346-set	Render and measure ar-act346-set	2026-09-13T02:32:19.2886349Z RCAP_RECEIPT_END family=ar-act346-set run=34732930032 pages=16
ar-act346-set	Render and measure ar-act346-set	2026-09-13T02:32:19.2887252Z RASTER_PASS ar-act346-set — 4 document(s), 16 page(s) measured, 0 problem(s)
ar-act346-set	Print the verdict and the page digests to the log	﻿2026-09-13T02:32:19.2999079Z ##[group]Run set -uo pipefail
ar-act346-set	Print the verdict and the page digests to the log	2026-09-13T02:32:19.2999420Z ^[[36;1mset -uo pipefail^[[0m
ar-act346-set	Print the verdict and the page digests to the log	2026-09-13T02:32:19.2999706Z ^[[36;1mfor v in raster-out/*.verdict.json; do^[[0m
ar-act346-set	Print the verdict and the page digests to the log	2026-09-13T02:32:19.3000022Z ^[[36;1m  [ -e "$v" ] || continue^[[0m
ar-act346-set	Print the verdict and the page digests to the log	2026-09-13T02:32:19.3000331Z ^[[36;1m  echo "===== BEGIN VERDICT $(basename "$v") ====="^[[0m
ar-act346-set	Print the verdict and the page digests to the log	2026-09-13T02:32:19.3000654Z ^[[36;1m  cat "$v"^[[0m
ar-act346-set	Print the verdict and the page digests to the log	2026-09-13T02:32:19.3000913Z ^[[36;1m  echo "===== END VERDICT $(basename "$v") ====="^[[0m
ar-act346-set	Print the verdict and the page digests to the log	2026-09-13T02:32:19.3001207Z ^[[36;1mdone^[[0m
ar-act346-set	Print the verdict and the page digests to the log	2026-09-13T02:32:19.3001440Z ^[[36;1mecho "===== BEGIN PAGE DIGESTS ====="^[[0m
ar-act346-set	Print the verdict and the page digests to the log	2026-09-13T02:32:19.3001886Z ^[[36;1mfind raster-out -type f -name '*.png' -print0 | sort -z | xargs -0 -r sha256sum^[[0m
ar-act346-set	Print the verdict and the page digests to the log	2026-09-13T02:32:19.3002321Z ^[[36;1mecho "===== END PAGE DIGESTS ====="^[[0m
ar-act346-set	Print the verdict and the page digests to the log	2026-09-13T02:32:19.3045392Z shell: /usr/bin/bash -e {0}
ar-act346-set	Print the verdict and the page digests to the log	2026-09-13T02:32:19.3045674Z env:
ar-act346-set	Print the verdict and the page digests to the log	2026-09-13T02:32:19.3045953Z   pythonLocation: /opt/hostedtoolcache/Python/3.12.14/x64
ar-act346-set	Print the verdict and the page digests to the log	2026-09-13T02:32:19.3046413Z   PKG_CONFIG_PATH: /opt/hostedtoolcache/Python/3.12.14/x64/lib/pkgconfig
ar-act346-set	Print the verdict and the page digests to the log	2026-09-13T02:32:19.3046883Z   Python_ROOT_DIR: /opt/hostedtoolcache/Python/3.12.14/x64
ar-act346-set	Print the verdict and the page digests to the log	2026-09-13T02:32:19.3047262Z   Python2_ROOT_DIR: /opt/hostedtoolcache/Python/3.12.14/x64
ar-act346-set	Print the verdict and the page digests to the log	2026-09-13T02:32:19.3047630Z   Python3_ROOT_DIR: /opt/hostedtoolcache/Python/3.12.14/x64
ar-act346-set	Print the verdict and the page digests to the log	2026-09-13T02:32:19.3048004Z   LD_LIBRARY_PATH: /opt/hostedtoolcache/Python/3.12.14/x64/lib
ar-act346-set	Print the verdict and the page digests to the log	2026-09-13T02:32:19.3048401Z   PLAYWRIGHT_BROWSERS_PATH: /home/runner/.cache/ms-playwright
ar-act346-set	Print the verdict and the page digests to the log	2026-09-13T02:32:19.3048737Z ##[endgroup]
ar-act346-set	Print the verdict and the page digests to the log	2026-09-13T02:32:19.3127538Z ===== BEGIN VERDICT ar-act346-set.verdict.json =====
ar-act346-set	Print the verdict and the page digests to the log	2026-09-13T02:32:19.3137904Z {
ar-act346-set	Print the verdict and the page digests to the log	2026-09-13T02:32:19.3138671Z   "schemaVersion": "rcap-raster-family-verdict/v1",
ar-act346-set	Print the verdict and the page digests to the log	2026-09-13T02:32:19.3139248Z   "familyId": "ar-act346-set",
ar-act346-set	Print the verdict and the page digests to the log	2026-09-13T02:32:19.3139654Z   "verdict": "RASTER_PASS",
ar-act346-set	Print the verdict and the page digests to the log	2026-09-13T02:32:19.3140212Z   "packetCommitSha": "ad98a571b8507f68371240c2d429e1207054eb9e",
ar-act346-set	Print the verdict and the page digests to the log	2026-09-13T02:32:19.3140722Z   "workflowRunId": "34732930032",
ar-act346-set	Print the verdict and the page digests to the log	2026-09-13T02:32:19.3141119Z   "requestedScale": 2.5,
ar-act346-set	Print the verdict and the page digests to the log	2026-09-13T02:32:19.3141531Z   "cssPxPerPt": 1.3333333333333333,
ar-act346-set	Print the verdict and the page digests to the log	2026-09-13T02:32:19.3142331Z   "browserExecutable": "/home/runner/.cache/ms-playwright/chromium-1223/chrome-linux64/chrome",
ar-act346-set	Print the verdict and the page digests to the log	2026-09-13T02:32:19.3143125Z   "resolvedBy": "PLAYWRIGHT_BROWSERS_PATH",
ar-act346-set	Print the verdict and the page digests to the log	2026-09-13T02:32:19.3143503Z   "operatingSystem": "Linux 6.17.0-1022-azure x64",
ar-act346-set	Print the verdict and the page digests to the log	2026-09-13T02:32:19.3143824Z   "nodeVersion": "v22.23.2",
ar-act346-set	Print the verdict and the page digests to the log	2026-09-13T02:32:19.3144070Z   "hashesBound": {
ar-act346-set	Print the verdict and the page digests to the log	2026-09-13T02:32:19.3144287Z     "canonical": {
ar-act346-set	Print the verdict and the page digests to the log	2026-09-13T02:32:19.3145130Z       "path": "data/rcap-all50/overlays/census-v1/ar/ar-act346-set--official-pdf-fill/fixtures/petition-canonical-filled.pdf",
ar-act346-set	Print the verdict and the page digests to the log	2026-09-13T02:32:19.3145897Z       "pinned": "75bffbd8493de56f1f39b7f67ff9dc93e50926fb284678209d11610eb2512f76"
ar-act346-set	Print the verdict and the page digests to the log	2026-09-13T02:32:19.3146854Z     },
ar-act346-set	Print the verdict and the page digests to the log	2026-09-13T02:32:19.3147153Z     "boundary": {
ar-act346-set	Print the verdict and the page digests to the log	2026-09-13T02:32:19.3148117Z       "path": "data/rcap-all50/overlays/census-v1/ar/ar-act346-set--official-pdf-fill/fixtures/petition-boundary-filled.pdf",
ar-act346-set	Print the verdict and the page digests to the log	2026-09-13T02:32:19.3149468Z       "pinned": "59a301da89ce8b7535d84781e06a88c78f60946053d3b9d8ab4db0a1b99536c8"
ar-act346-set	Print the verdict and the page digests to the log	2026-09-13T02:32:19.3150107Z     }
ar-act346-set	Print the verdict and the page digests to the log	2026-09-13T02:32:19.3150385Z   },
ar-act346-set	Print the verdict and the page digests to the log	2026-09-13T02:32:19.3150687Z   "documentsRendered": [
ar-act346-set	Print the verdict and the page digests to the log	2026-09-13T02:32:19.3151041Z     {
ar-act346-set	Print the verdict and the page digests to the log	2026-09-13T02:32:19.3151335Z       "role": "canonical",
ar-act346-set	Print the verdict and the page digests to the log	2026-09-13T02:32:19.3151812Z       "document": "petition-canonical-filled.pdf",
ar-act346-set	Print the verdict and the page digests to the log	2026-09-13T02:32:19.3152905Z       "path": "data/rcap-all50/overlays/census-v1/ar/ar-act346-set--official-pdf-fill/fixtures/petition-canonical-filled.pdf",
ar-act346-set	Print the verdict and the page digests to the log	2026-09-13T02:32:19.3154125Z       "pinned": "75bffbd8493de56f1f39b7f67ff9dc93e50926fb284678209d11610eb2512f76"
ar-act346-set	Print the verdict and the page digests to the log	2026-09-13T02:32:19.3154953Z     },
ar-act346-set	Print the verdict and the page digests to the log	2026-09-13T02:32:19.3155234Z     {
ar-act346-set	Print the verdict and the page digests to the log	2026-09-13T02:32:19.3155528Z       "role": "canonical",
ar-act346-set	Print the verdict and the page digests to the log	2026-09-13T02:32:19.3156017Z       "document": "order-canonical-filled.pdf",
ar-act346-set	Print the verdict and the page digests to the log	2026-09-13T02:32:19.3156987Z       "path": "data/rcap-all50/overlays/census-v1/ar/ar-act346-set--official-pdf-fill/fixtures/order-canonical-filled.pdf",
ar-act346-set	Print the verdict and the page digests to the log	2026-09-13T02:32:19.3158193Z       "pinned": "cb9d2019b25a9f492dcd6d483c642d2c9961d23ff6e3e8eb0db50a4c7a0c1a32"
ar-act346-set	Print the verdict and the page digests to the log	2026-09-13T02:32:19.3158814Z     },
ar-act346-set	Print the verdict and the page digests to the log	2026-09-13T02:32:19.3159080Z     {
ar-act346-set	Print the verdict and the page digests to the log	2026-09-13T02:32:19.3159378Z       "role": "boundary",
ar-act346-set	Print the verdict and the page digests to the log	2026-09-13T02:32:19.3159859Z       "document": "petition-boundary-filled.pdf",
ar-act346-set	Print the verdict and the page digests to the log	2026-09-13T02:32:19.3160926Z       "path": "data/rcap-all50/overlays/census-v1/ar/ar-act346-set--official-pdf-fill/fixtures/petition-boundary-filled.pdf",
ar-act346-set	Print the verdict and the page digests to the log	2026-09-13T02:32:19.3162121Z       "pinned": "59a301da89ce8b7535d84781e06a88c78f60946053d3b9d8ab4db0a1b99536c8"
ar-act346-set	Print the verdict and the page digests to the log	2026-09-13T02:32:19.3162746Z     },
ar-act346-set	Print the verdict and the page digests to the log	2026-09-13T02:32:19.3163022Z     {
ar-act346-set	Print the verdict and the page digests to the log	2026-09-13T02:32:19.3163318Z       "role": "boundary",
ar-act346-set	Print the verdict and the page digests to the log	2026-09-13T02:32:19.3163772Z       "document": "order-boundary-filled.pdf",
ar-act346-set	Print the verdict and the page digests to the log	2026-09-13T02:32:19.3166027Z       "path": "data/rcap-all50/overlays/census-v1/ar/ar-act346-set--official-pdf-fill/fixtures/order-boundary-filled.pdf",
ar-act346-set	Print the verdict and the page digests to the log	2026-09-13T02:32:19.3167193Z       "pinned": "36d0464105a775214a93026296b38ee1822595cf4d807ed61066f09caf44e871"
ar-act346-set	Print the verdict and the page digests to the log	2026-09-13T02:32:19.3167822Z     }
ar-act346-set	Print the verdict and the page digests to the log	2026-09-13T02:32:19.3168074Z   ],
ar-act346-set	Print the verdict and the page digests to the log	2026-09-13T02:32:19.3168741Z   "documentsDigest": "e206ca4b449e53b752ec4d7aaeff712efa45ff06f3b8776708f27f13e3be7a8a",
ar-act346-set	Print the verdict and the page digests to the log	2026-09-13T02:32:19.3169512Z   "coversTheWholeFamily": true,
ar-act346-set	Print the verdict and the page digests to the log	2026-09-13T02:32:19.3169912Z   "decryptionTransforms": [],
ar-act346-set	Print the verdict and the page digests to the log	2026-09-13T02:32:19.3172861Z   "decryptionRule": "An encrypted source is hashed before any transform; Poppler and qpdf must independently agree on its page count; the temporary derivative is decrypted and serialized with explicit objects, then admitted only when geometry, decoded page content, fields/widgets, and XFA remain identical; only that temporary transport is passed to pdf-lib for calibrated rendering; the queued packet bytes are never modified.",
ar-act346-set	Print the verdict and the page digests to the log	2026-09-13T02:32:19.3175623Z   "pagesMeasured": 16,
ar-act346-set	Print the verdict and the page digests to the log	2026-09-13T02:32:19.3175983Z   "measurements": [
ar-act346-set	Print the verdict and the page digests to the log	2026-09-13T02:32:19.3176294Z     {
ar-act346-set	Print the verdict and the page digests to the log	2026-09-13T02:32:19.3176596Z       "kind": "canonical",
ar-act346-set	Print the verdict and the page digests to the log	2026-09-13T02:32:19.3177103Z       "document": "petition-canonical-filled.pdf",
ar-act346-set	Print the verdict and the page digests to the log	2026-09-13T02:32:19.3177603Z       "page": 1,
ar-act346-set	Print the verdict and the page digests to the log	2026-09-13T02:32:19.3178131Z       "png": "ar-act346-set/petition-canonical-filled/page-001.png",
ar-act346-set	Print the verdict and the page digests to the log	2026-09-13T02:32:19.3178517Z       "bytes": 257034,
ar-act346-set	Print the verdict and the page digests to the log	2026-09-13T02:32:19.3178925Z       "pngSha256": "e516dc664796a983b2466821c499b638d23673c1ef05455ef800fd70bdbba288",
ar-act346-set	Print the verdict and the page digests to the log	2026-09-13T02:32:19.3179338Z       "pngWidth": 2040,
ar-act346-set	Print the verdict and the page digests to the log	2026-09-13T02:32:19.3179573Z       "pngHeight": 2640,
ar-act346-set	Print the verdict and the page digests to the log	2026-09-13T02:32:19.3179967Z       "paper": {
ar-act346-set	Print the verdict and the page digests to the log	2026-09-13T02:32:19.3180278Z         "x0": 204,
ar-act346-set	Print the verdict and the page digests to the log	2026-09-13T02:32:19.3180590Z         "y0": 3,
ar-act346-set	Print the verdict and the page digests to the log	2026-09-13T02:32:19.3180887Z         "x1": 2243,
ar-act346-set	Print the verdict and the page digests to the log	2026-09-13T02:32:19.3181192Z         "y1": 2642,
ar-act346-set	Print the verdict and the page digests to the log	2026-09-13T02:32:19.3181492Z         "width": 2040,
ar-act346-set	Print the verdict and the page digests to the log	2026-09-13T02:32:19.3181825Z         "height": 2640
ar-act346-set	Print the verdict and the page digests to the log	2026-09-13T02:32:19.3182379Z       },
ar-act346-set	Print the verdict and the page digests to the log	2026-09-13T02:32:19.3182667Z       "pxPerPt": 3.3333333333333335,
ar-act346-set	Print the verdict and the page digests to the log	2026-09-13T02:32:19.3182976Z       "expectedPxPerPt": 3.333333333333333,
ar-act346-set	Print the verdict and the page digests to the log	2026-09-13T02:32:19.3183266Z       "pageWidthPt": 612,
ar-act346-set	Print the verdict and the page digests to the log	2026-09-13T02:32:19.3183516Z       "pageHeightPt": 792,
ar-act346-set	Print the verdict and the page digests to the log	2026-09-13T02:32:19.3183761Z       "expectedPx": {
ar-act346-set	Print the verdict and the page digests to the log	2026-09-13T02:32:19.3184006Z         "width": 2039.9999999999998,
ar-act346-set	Print the verdict and the page digests to the log	2026-09-13T02:32:19.3184281Z         "height": 2639.9999999999995,
ar-act346-set	Print the verdict and the page digests to the log	2026-09-13T02:32:19.3184594Z         "tolerancePx": 6.666666666666666
ar-act346-set	Print the verdict and the page digests to the log	2026-09-13T02:32:19.3185111Z       },
ar-act346-set	Print the verdict and the page digests to the log	2026-09-13T02:32:19.3185339Z       "calibrationResidualPx": 0,
ar-act346-set	Print the verdict and the page digests to the log	2026-09-13T02:32:19.3185674Z       "inkFractionInsidePaper": 0.046413213012477715,
ar-act346-set	Print the verdict and the page digests to the log	2026-09-13T02:32:19.3185986Z       "nonblank": true,
ar-act346-set	Print the verdict and the page digests to the log	2026-09-13T02:32:19.3186247Z       "croppedToThePage": true
ar-act346-set	Print the verdict and the page digests to the log	2026-09-13T02:32:19.3186491Z     },
ar-act346-set	Print the verdict and the page digests to the log	2026-09-13T02:32:19.3186680Z     {
ar-act346-set	Print the verdict and the page digests to the log	2026-09-13T02:32:19.3186878Z       "kind": "canonical",
ar-act346-set	Print the verdict and the page digests to the log	2026-09-13T02:32:19.3187195Z       "document": "petition-canonical-filled.pdf",
ar-act346-set	Print the verdict and the page digests to the log	2026-09-13T02:32:19.3187511Z       "page": 2,
ar-act346-set	Print the verdict and the page digests to the log	2026-09-13T02:32:19.3187935Z       "png": "ar-act346-set/petition-canonical-filled/page-002.png",
ar-act346-set	Print the verdict and the page digests to the log	2026-09-13T02:32:19.3188475Z       "bytes": 403980,
ar-act346-set	Print the verdict and the page digests to the log	2026-09-13T02:32:19.3189073Z       "pngSha256": "fe6d82f8e15cf196e608f0ed719a4dfd5b52653ab3573b5d1fd8bbd6ae126ada",
ar-act346-set	Print the verdict and the page digests to the log	2026-09-13T02:32:19.3189497Z       "pngWidth": 2040,
ar-act346-set	Print the verdict and the page digests to the log	2026-09-13T02:32:19.3189732Z       "pngHeight": 2640,
ar-act346-set	Print the verdict and the page digests to the log	2026-09-13T02:32:19.3189957Z       "paper": {
ar-act346-set	Print the verdict and the page digests to the log	2026-09-13T02:32:19.3190158Z         "x0": 204,
ar-act346-set	Print the verdict and the page digests to the log	2026-09-13T02:32:19.3190365Z         "y0": 3,
ar-act346-set	Print the verdict and the page digests to the log	2026-09-13T02:32:19.3190557Z         "x1": 2243,
ar-act346-set	Print the verdict and the page digests to the log	2026-09-13T02:32:19.3190758Z         "y1": 2642,
ar-act346-set	Print the verdict and the page digests to the log	2026-09-13T02:32:19.3190959Z         "width": 2040,
ar-act346-set	Print the verdict and the page digests to the log	2026-09-13T02:32:19.3191180Z         "height": 2640
ar-act346-set	Print the verdict and the page digests to the log	2026-09-13T02:32:19.3191390Z       },
ar-act346-set	Print the verdict and the page digests to the log	2026-09-13T02:32:19.3191752Z       "pxPerPt": 3.3333333333333335,
ar-act346-set	Print the verdict and the page digests to the log	2026-09-13T02:32:19.3192060Z       "expectedPxPerPt": 3.333333333333333,
ar-act346-set	Print the verdict and the page digests to the log	2026-09-13T02:32:19.3192345Z       "pageWidthPt": 612,
ar-act346-set	Print the verdict and the page digests to the log	2026-09-13T02:32:19.3192597Z       "pageHeightPt": 792,
ar-act346-set	Print the verdict and the page digests to the log	2026-09-13T02:32:19.3192835Z       "expectedPx": {
ar-act346-set	Print the verdict and the page digests to the log	2026-09-13T02:32:19.3193081Z         "width": 2039.9999999999998,
ar-act346-set	Print the verdict and the page digests to the log	2026-09-13T02:32:19.3193362Z         "height": 2639.9999999999995,
ar-act346-set	Print the verdict and the page digests to the log	2026-09-13T02:32:19.3193653Z         "tolerancePx": 6.666666666666666
ar-act346-set	Print the verdict and the page digests to the log	2026-09-13T02:32:19.3193910Z       },
ar-act346-set	Print the verdict and the page digests to the log	2026-09-13T02:32:19.3194133Z       "calibrationResidualPx": 0,
ar-act346-set	Print the verdict and the page digests to the log	2026-09-13T02:32:19.3194458Z       "inkFractionInsidePaper": 0.05801619132501486,
ar-act346-set	Print the verdict and the page digests to the log	2026-09-13T02:32:19.3194965Z       "nonblank": true,
ar-act346-set	Print the verdict and the page digests to the log	2026-09-13T02:32:19.3195235Z       "croppedToThePage": true
ar-act346-set	Print the verdict and the page digests to the log	2026-09-13T02:32:19.3195486Z     },
ar-act346-set	Print the verdict and the page digests to the log	2026-09-13T02:32:19.3195670Z     {
ar-act346-set	Print the verdict and the page digests to the log	2026-09-13T02:32:19.3195865Z       "kind": "canonical",
ar-act346-set	Print the verdict and the page digests to the log	2026-09-13T02:32:19.3196171Z       "document": "petition-canonical-filled.pdf",
ar-act346-set	Print the verdict and the page digests to the log	2026-09-13T02:32:19.3196469Z       "page": 3,
ar-act346-set	Print the verdict and the page digests to the log	2026-09-13T02:32:19.3196803Z       "png": "ar-act346-set/petition-canonical-filled/page-003.png",
ar-act346-set	Print the verdict and the page digests to the log	2026-09-13T02:32:19.3197154Z       "bytes": 307794,
ar-act346-set	Print the verdict and the page digests to the log	2026-09-13T02:32:19.3197574Z       "pngSha256": "c7df563c5e7d504df15e4f3156ac28b709590e73cc5892c30f910eb76b5ed238",
ar-act346-set	Print the verdict and the page digests to the log	2026-09-13T02:32:19.3198001Z       "pngWidth": 2040,
ar-act346-set	Print the verdict and the page digests to the log	2026-09-13T02:32:19.3198230Z       "pngHeight": 2640,
ar-act346-set	Print the verdict and the page digests to the log	2026-09-13T02:32:19.3198470Z       "paper": {
ar-act346-set	Print the verdict and the page digests to the log	2026-09-13T02:32:19.3198674Z         "x0": 204,
ar-act346-set	Print the verdict and the page digests to the log	2026-09-13T02:32:19.3198879Z         "y0": 3,
ar-act346-set	Print the verdict and the page digests to the log	2026-09-13T02:32:19.3199073Z         "x1": 2243,
ar-act346-set	Print the verdict and the page digests to the log	2026-09-13T02:32:19.3199278Z         "y1": 2642,
ar-act346-set	Print the verdict and the page digests to the log	2026-09-13T02:32:19.3199476Z         "width": 2040,
ar-act346-set	Print the verdict and the page digests to the log	2026-09-13T02:32:19.3199695Z         "height": 2640
ar-act346-set	Print the verdict and the page digests to the log	2026-09-13T02:32:19.3199901Z       },
ar-act346-set	Print the verdict and the page digests to the log	2026-09-13T02:32:19.3200121Z       "pxPerPt": 3.3333333333333335,
ar-act346-set	Print the verdict and the page digests to the log	2026-09-13T02:32:19.3200559Z       "expectedPxPerPt": 3.333333333333333,
ar-act346-set	Print the verdict and the page digests to the log	2026-09-13T02:32:19.3200929Z       "pageWidthPt": 612,
ar-act346-set	Print the verdict and the page digests to the log	2026-09-13T02:32:19.3201288Z       "pageHeightPt": 792,
ar-act346-set	Print the verdict and the page digests to the log	2026-09-13T02:32:19.3201645Z       "expectedPx": {
ar-act346-set	Print the verdict and the page digests to the log	2026-09-13T02:32:19.3201993Z         "width": 2039.9999999999998,
ar-act346-set	Print the verdict and the page digests to the log	2026-09-13T02:32:19.3202276Z         "height": 2639.9999999999995,
ar-act346-set	Print the verdict and the page digests to the log	2026-09-13T02:32:19.3202714Z         "tolerancePx": 6.666666666666666
ar-act346-set	Print the verdict and the page digests to the log	2026-09-13T02:32:19.3202967Z       },
ar-act346-set	Print the verdict and the page digests to the log	2026-09-13T02:32:19.3203193Z       "calibrationResidualPx": 0,
ar-act346-set	Print the verdict and the page digests to the log	2026-09-13T02:32:19.3203520Z       "inkFractionInsidePaper": 0.04868705436720143,
ar-act346-set	Print the verdict and the page digests to the log	2026-09-13T02:32:19.3203822Z       "nonblank": true,
ar-act346-set	Print the verdict and the page digests to the log	2026-09-13T02:32:19.3204073Z       "croppedToThePage": true
ar-act346-set	Print the verdict and the page digests to the log	2026-09-13T02:32:19.3204310Z     },
ar-act346-set	Print the verdict and the page digests to the log	2026-09-13T02:32:19.3204559Z     {
ar-act346-set	Print the verdict and the page digests to the log	2026-09-13T02:32:19.3204937Z       "kind": "canonical",
ar-act346-set	Print the verdict and the page digests to the log	2026-09-13T02:32:19.3205237Z       "document": "petition-canonical-filled.pdf",
ar-act346-set	Print the verdict and the page digests to the log	2026-09-13T02:32:19.3205533Z       "page": 4,
ar-act346-set	Print the verdict and the page digests to the log	2026-09-13T02:32:19.3205848Z       "png": "ar-act346-set/petition-canonical-filled/page-004.png",
ar-act346-set	Print the verdict and the page digests to the log	2026-09-13T02:32:19.3206180Z       "bytes": 162366,
ar-act346-set	Print the verdict and the page digests to the log	2026-09-13T02:32:19.3206584Z       "pngSha256": "69e3ebd86b3d5f7a259317d1885ad676bcd5da8ff3560cad9eec40d4627d83de",
ar-act346-set	Print the verdict and the page digests to the log	2026-09-13T02:32:19.3206992Z       "pngWidth": 2040,
ar-act346-set	Print the verdict and the page digests to the log	2026-09-13T02:32:19.3207220Z       "pngHeight": 2640,
ar-act346-set	Print the verdict and the page digests to the log	2026-09-13T02:32:19.3207515Z       "paper": {
ar-act346-set	Print the verdict and the page digests to the log	2026-09-13T02:32:19.3207757Z         "x0": 204,
ar-act346-set	Print the verdict and the page digests to the log	2026-09-13T02:32:19.3207956Z         "y0": 3,
ar-act346-set	Print the verdict and the page digests to the log	2026-09-13T02:32:19.3208152Z         "x1": 2243,
ar-act346-set	Print the verdict and the page digests to the log	2026-09-13T02:32:19.3208348Z         "y1": 2642,
ar-act346-set	Print the verdict and the page digests to the log	2026-09-13T02:32:19.3208707Z         "width": 2040,
ar-act346-set	Print the verdict and the page digests to the log	2026-09-13T02:32:19.3208919Z         "height": 2640
ar-act346-set	Print the verdict and the page digests to the log	2026-09-13T02:32:19.3209123Z       },
ar-act346-set	Print the verdict and the page digests to the log	2026-09-13T02:32:19.3209340Z       "pxPerPt": 3.3333333333333335,
ar-act346-set	Print the verdict and the page digests to the log	2026-09-13T02:32:19.3209630Z       "expectedPxPerPt": 3.333333333333333,
ar-act346-set	Print the verdict and the page digests to the log	2026-09-13T02:32:19.3209906Z       "pageWidthPt": 612,
ar-act346-set	Print the verdict and the page digests to the log	2026-09-13T02:32:19.3210262Z       "pageHeightPt": 792,
ar-act346-set	Print the verdict and the page digests to the log	2026-09-13T02:32:19.3210501Z       "expectedPx": {
ar-act346-set	Print the verdict and the page digests to the log	2026-09-13T02:32:19.3210749Z         "width": 2039.9999999999998,
ar-act346-set	Print the verdict and the page digests to the log	2026-09-13T02:32:19.3211023Z         "height": 2639.9999999999995,
ar-act346-set	Print the verdict and the page digests to the log	2026-09-13T02:32:19.3211306Z         "tolerancePx": 6.666666666666666
ar-act346-set	Print the verdict and the page digests to the log	2026-09-13T02:32:19.3211558Z       },
ar-act346-set	Print the verdict and the page digests to the log	2026-09-13T02:32:19.3211787Z       "calibrationResidualPx": 0,
ar-act346-set	Print the verdict and the page digests to the log	2026-09-13T02:32:19.3212109Z       "inkFractionInsidePaper": 0.01654430332739156,
ar-act346-set	Print the verdict and the page digests to the log	2026-09-13T02:32:19.3212418Z       "nonblank": true,
ar-act346-set	Print the verdict and the page digests to the log	2026-09-13T02:32:19.3212665Z       "croppedToThePage": true
ar-act346-set	Print the verdict and the page digests to the log	2026-09-13T02:32:19.3212944Z     },
ar-act346-set	Print the verdict and the page digests to the log	2026-09-13T02:32:19.3213194Z     {
ar-act346-set	Print the verdict and the page digests to the log	2026-09-13T02:32:19.3213398Z       "kind": "canonical",
ar-act346-set	Print the verdict and the page digests to the log	2026-09-13T02:32:19.3213699Z       "document": "petition-canonical-filled.pdf",
ar-act346-set	Print the verdict and the page digests to the log	2026-09-13T02:32:19.3214005Z       "page": 5,
ar-act346-set	Print the verdict and the page digests to the log	2026-09-13T02:32:19.3214328Z       "png": "ar-act346-set/petition-canonical-filled/page-005.png",
ar-act346-set	Print the verdict and the page digests to the log	2026-09-13T02:32:19.3214822Z       "bytes": 199700,
ar-act346-set	Print the verdict and the page digests to the log	2026-09-13T02:32:19.3215244Z       "pngSha256": "0dd28250ad342f3bf3a93736314e79d9e54a5b1db3af12160494b30bb720a12f",
ar-act346-set	Print the verdict and the page digests to the log	2026-09-13T02:32:19.3215678Z       "pngWidth": 2040,
ar-act346-set	Print the verdict and the page digests to the log	2026-09-13T02:32:19.3215923Z       "pngHeight": 2640,
ar-act346-set	Print the verdict and the page digests to the log	2026-09-13T02:32:19.3216154Z       "paper": {
ar-act346-set	Print the verdict and the page digests to the log	2026-09-13T02:32:19.3216363Z         "x0": 204,
ar-act346-set	Print the verdict and the page digests to the log	2026-09-13T02:32:19.3216568Z         "y0": 3,
ar-act346-set	Print the verdict and the page digests to the log	2026-09-13T02:32:19.3216767Z         "x1": 2243,
ar-act346-set	Print the verdict and the page digests to the log	2026-09-13T02:32:19.3216970Z         "y1": 2642,
ar-act346-set	Print the verdict and the page digests to the log	2026-09-13T02:32:19.3217181Z         "width": 2040,
ar-act346-set	Print the verdict and the page digests to the log	2026-09-13T02:32:19.3217499Z         "height": 2640
ar-act346-set	Print the verdict and the page digests to the log	2026-09-13T02:32:19.3217711Z       },
ar-act346-set	Print the verdict and the page digests to the log	2026-09-13T02:32:19.3217933Z       "pxPerPt": 3.3333333333333335,
ar-act346-set	Print the verdict and the page digests to the log	2026-09-13T02:32:19.3218244Z       "expectedPxPerPt": 3.333333333333333,
ar-act346-set	Print the verdict and the page digests to the log	2026-09-13T02:32:19.3218537Z       "pageWidthPt": 612,
ar-act346-set	Print the verdict and the page digests to the log	2026-09-13T02:32:19.3218777Z       "pageHeightPt": 792,
ar-act346-set	Print the verdict and the page digests to the log	2026-09-13T02:32:19.3219013Z       "expectedPx": {
ar-act346-set	Print the verdict and the page digests to the log	2026-09-13T02:32:19.3219254Z         "width": 2039.9999999999998,
ar-act346-set	Print the verdict and the page digests to the log	2026-09-13T02:32:19.3219544Z         "height": 2639.9999999999995,
ar-act346-set	Print the verdict and the page digests to the log	2026-09-13T02:32:19.3219914Z         "tolerancePx": 6.666666666666666
ar-act346-set	Print the verdict and the page digests to the log	2026-09-13T02:32:19.3220242Z       },
ar-act346-set	Print the verdict and the page digests to the log	2026-09-13T02:32:19.3220571Z       "calibrationResidualPx": 0,
ar-act346-set	Print the verdict and the page digests to the log	2026-09-13T02:32:19.3220909Z       "inkFractionInsidePaper": 0.02919284759358289,
ar-act346-set	Print the verdict and the page digests to the log	2026-09-13T02:32:19.3221224Z       "nonblank": true,
ar-act346-set	Print the verdict and the page digests to the log	2026-09-13T02:32:19.3221492Z       "croppedToThePage": true
ar-act346-set	Print the verdict and the page digests to the log	2026-09-13T02:32:19.3221765Z     },
ar-act346-set	Print the verdict and the page digests to the log	2026-09-13T02:32:19.3221954Z     {
ar-act346-set	Print the verdict and the page digests to the log	2026-09-13T02:32:19.3222154Z       "kind": "canonical",
ar-act346-set	Print the verdict and the page digests to the log	2026-09-13T02:32:19.3222742Z       "document": "order-canonical-filled.pdf",
ar-act346-set	Print the verdict and the page digests to the log	2026-09-13T02:32:19.3223052Z       "page": 1,
ar-act346-set	Print the verdict and the page digests to the log	2026-09-13T02:32:19.3223375Z       "png": "ar-act346-set/order-canonical-filled/page-001.png",
ar-act346-set	Print the verdict and the page digests to the log	2026-09-13T02:32:19.3223732Z       "bytes": 340818,
ar-act346-set	Print the verdict and the page digests to the log	2026-09-13T02:32:19.3224143Z       "pngSha256": "b3774fd569ffbc891f3e27596d9b9ca61cd1469a3737d6d0633475e6a45cdb59",
ar-act346-set	Print the verdict and the page digests to the log	2026-09-13T02:32:19.3224563Z       "pngWidth": 2040,
ar-act346-set	Print the verdict and the page digests to the log	2026-09-13T02:32:19.3225058Z       "pngHeight": 2640,
ar-act346-set	Print the verdict and the page digests to the log	2026-09-13T02:32:19.3225295Z       "paper": {
ar-act346-set	Print the verdict and the page digests to the log	2026-09-13T02:32:19.3225511Z         "x0": 204,
ar-act346-set	Print the verdict and the page digests to the log	2026-09-13T02:32:19.3225719Z         "y0": 3,
ar-act346-set	Print the verdict and the page digests to the log	2026-09-13T02:32:19.3225921Z         "x1": 2243,
ar-act346-set	Print the verdict and the page digests to the log	2026-09-13T02:32:19.3226130Z         "y1": 2642,
ar-act346-set	Print the verdict and the page digests to the log	2026-09-13T02:32:19.3226332Z         "width": 2040,
ar-act346-set	Print the verdict and the page digests to the log	2026-09-13T02:32:19.3226550Z         "height": 2640
ar-act346-set	Print the verdict and the page digests to the log	2026-09-13T02:32:19.3226761Z       },
ar-act346-set	Print the verdict and the page digests to the log	2026-09-13T02:32:19.3226995Z       "pxPerPt": 3.3333333333333335,
ar-act346-set	Print the verdict and the page digests to the log	2026-09-13T02:32:19.3227307Z       "expectedPxPerPt": 3.333333333333333,
ar-act346-set	Print the verdict and the page digests to the log	2026-09-13T02:32:19.3227604Z       "pageWidthPt": 612,
ar-act346-set	Print the verdict and the page digests to the log	2026-09-13T02:32:19.3227847Z       "pageHeightPt": 792,
ar-act346-set	Print the verdict and the page digests to the log	2026-09-13T02:32:19.3228089Z       "expectedPx": {
ar-act346-set	Print the verdict and the page digests to the log	2026-09-13T02:32:19.3228444Z         "width": 2039.9999999999998,
ar-act346-set	Print the verdict and the page digests to the log	2026-09-13T02:32:19.3228876Z         "height": 2639.9999999999995,
ar-act346-set	Print the verdict and the page digests to the log	2026-09-13T02:32:19.3229168Z         "tolerancePx": 6.666666666666666
ar-act346-set	Print the verdict and the page digests to the log	2026-09-13T02:32:19.3229428Z       },
ar-act346-set	Print the verdict and the page digests to the log	2026-09-13T02:32:19.3229653Z       "calibrationResidualPx": 0,
ar-act346-set	Print the verdict and the page digests to the log	2026-09-13T02:32:19.3229974Z       "inkFractionInsidePaper": 0.05857583184789067,
ar-act346-set	Print the verdict and the page digests to the log	2026-09-13T02:32:19.3230280Z       "nonblank": true,
ar-act346-set	Print the verdict and the page digests to the log	2026-09-13T02:32:19.3230542Z       "croppedToThePage": true
ar-act346-set	Print the verdict and the page digests to the log	2026-09-13T02:32:19.3230787Z     },
ar-act346-set	Print the verdict and the page digests to the log	2026-09-13T02:32:19.3231073Z     {
ar-act346-set	Print the verdict and the page digests to the log	2026-09-13T02:32:19.3231269Z       "kind": "canonical",
ar-act346-set	Print the verdict and the page digests to the log	2026-09-13T02:32:19.3231565Z       "document": "order-canonical-filled.pdf",
ar-act346-set	Print the verdict and the page digests to the log	2026-09-13T02:32:19.3231861Z       "page": 2,
ar-act346-set	Print the verdict and the page digests to the log	2026-09-13T02:32:19.3232174Z       "png": "ar-act346-set/order-canonical-filled/page-002.png",
ar-act346-set	Print the verdict and the page digests to the log	2026-09-13T02:32:19.3232617Z       "bytes": 498639,
ar-act346-set	Print the verdict and the page digests to the log	2026-09-13T02:32:19.3233029Z       "pngSha256": "68edc932bccd4da48a2b25d5254404097e6eaf9a352b6eb47a6939375107bcc6",
ar-act346-set	Print the verdict and the page digests to the log	2026-09-13T02:32:19.3233446Z       "pngWidth": 2040,
ar-act346-set	Print the verdict and the page digests to the log	2026-09-13T02:32:19.3233684Z       "pngHeight": 2640,
ar-act346-set	Print the verdict and the page digests to the log	2026-09-13T02:32:19.3233913Z       "paper": {
ar-act346-set	Print the verdict and the page digests to the log	2026-09-13T02:32:19.3234115Z         "x0": 204,
ar-act346-set	Print the verdict and the page digests to the log	2026-09-13T02:32:19.3234413Z         "y0": 3,
ar-act346-set	Print the verdict and the page digests to the log	2026-09-13T02:32:19.3234611Z         "x1": 2243,
ar-act346-set	Print the verdict and the page digests to the log	2026-09-13T02:32:19.3235049Z         "y1": 2642,
ar-act346-set	Print the verdict and the page digests to the log	2026-09-13T02:32:19.3235367Z         "width": 2040,
ar-act346-set	Print the verdict and the page digests to the log	2026-09-13T02:32:19.3235693Z         "height": 2640
ar-act346-set	Print the verdict and the page digests to the log	2026-09-13T02:32:19.3235999Z       },
ar-act346-set	Print the verdict and the page digests to the log	2026-09-13T02:32:19.3236309Z       "pxPerPt": 3.3333333333333335,
ar-act346-set	Print the verdict and the page digests to the log	2026-09-13T02:32:19.3236741Z       "expectedPxPerPt": 3.333333333333333,
ar-act346-set	Print the verdict and the page digests to the log	2026-09-13T02:32:19.3237032Z       "pageWidthPt": 612,
ar-act346-set	Print the verdict and the page digests to the log	2026-09-13T02:32:19.3237274Z       "pageHeightPt": 792,
ar-act346-set	Print the verdict and the page digests to the log	2026-09-13T02:32:19.3237514Z       "expectedPx": {
ar-act346-set	Print the verdict and the page digests to the log	2026-09-13T02:32:19.3237760Z         "width": 2039.9999999999998,
ar-act346-set	Print the verdict and the page digests to the log	2026-09-13T02:32:19.3238033Z         "height": 2639.9999999999995,
ar-act346-set	Print the verdict and the page digests to the log	2026-09-13T02:32:19.3238330Z         "tolerancePx": 6.666666666666666
ar-act346-set	Print the verdict and the page digests to the log	2026-09-13T02:32:19.3238585Z       },
ar-act346-set	Print the verdict and the page digests to the log	2026-09-13T02:32:19.3238925Z       "calibrationResidualPx": 0,
ar-act346-set	Print the verdict and the page digests to the log	2026-09-13T02:32:19.3239256Z       "inkFractionInsidePaper": 0.0789718879976233,
ar-act346-set	Print the verdict and the page digests to the log	2026-09-13T02:32:19.3239564Z       "nonblank": true,
ar-act346-set	Print the verdict and the page digests to the log	2026-09-13T02:32:19.3239817Z       "croppedToThePage": true
ar-act346-set	Print the verdict and the page digests to the log	2026-09-13T02:32:19.3240054Z     },
ar-act346-set	Print the verdict and the page digests to the log	2026-09-13T02:32:19.3240239Z     {
ar-act346-set	Print the verdict and the page digests to the log	2026-09-13T02:32:19.3240461Z       "kind": "canonical",
ar-act346-set	Print the verdict and the page digests to the log	2026-09-13T02:32:19.3240762Z       "document": "order-canonical-filled.pdf",
ar-act346-set	Print the verdict and the page digests to the log	2026-09-13T02:32:19.3241050Z       "page": 3,
ar-act346-set	Print the verdict and the page digests to the log	2026-09-13T02:32:19.3241351Z       "png": "ar-act346-set/order-canonical-filled/page-003.png",
ar-act346-set	Print the verdict and the page digests to the log	2026-09-13T02:32:19.3241678Z       "bytes": 299737,
ar-act346-set	Print the verdict and the page digests to the log	2026-09-13T02:32:19.3242074Z       "pngSha256": "76393c6100675c62cec279a45339e457ca1d1fc5a138dd8f0e77c64bffee68e3",
ar-act346-set	Print the verdict and the page digests to the log	2026-09-13T02:32:19.3242648Z       "pngWidth": 2040,
ar-act346-set	Print the verdict and the page digests to the log	2026-09-13T02:32:19.3242879Z       "pngHeight": 2640,
ar-act346-set	Print the verdict and the page digests to the log	2026-09-13T02:32:19.3243270Z       "paper": {
ar-act346-set	Print the verdict and the page digests to the log	2026-09-13T02:32:19.3243473Z         "x0": 204,
ar-act346-set	Print the verdict and the page digests to the log	2026-09-13T02:32:19.3243675Z         "y0": 3,
ar-act346-set	Print the verdict and the page digests to the log	2026-09-13T02:32:19.3243870Z         "x1": 2243,
ar-act346-set	Print the verdict and the page digests to the log	2026-09-13T02:32:19.3244081Z         "y1": 2642,
ar-act346-set	Print the verdict and the page digests to the log	2026-09-13T02:32:19.3244295Z         "width": 2040,
ar-act346-set	Print the verdict and the page digests to the log	2026-09-13T02:32:19.3244511Z         "height": 2640
ar-act346-set	Print the verdict and the page digests to the log	2026-09-13T02:32:19.3244865Z       },
ar-act346-set	Print the verdict and the page digests to the log	2026-09-13T02:32:19.3245182Z       "pxPerPt": 3.3333333333333335,
ar-act346-set	Print the verdict and the page digests to the log	2026-09-13T02:32:19.3245548Z       "expectedPxPerPt": 3.333333333333333,
ar-act346-set	Print the verdict and the page digests to the log	2026-09-13T02:32:19.3245840Z       "pageWidthPt": 612,
ar-act346-set	Print the verdict and the page digests to the log	2026-09-13T02:32:19.3246093Z       "pageHeightPt": 792,
ar-act346-set	Print the verdict and the page digests to the log	2026-09-13T02:32:19.3246334Z       "expectedPx": {
ar-act346-set	Print the verdict and the page digests to the log	2026-09-13T02:32:19.3246656Z         "width": 2039.9999999999998,
ar-act346-set	Print the verdict and the page digests to the log	2026-09-13T02:32:19.3246990Z         "height": 2639.9999999999995,
ar-act346-set	Print the verdict and the page digests to the log	2026-09-13T02:32:19.3247283Z         "tolerancePx": 6.666666666666666
ar-act346-set	Print the verdict and the page digests to the log	2026-09-13T02:32:19.3247575Z       },
ar-act346-set	Print the verdict and the page digests to the log	2026-09-13T02:32:19.3247806Z       "calibrationResidualPx": 0,
ar-act346-set	Print the verdict and the page digests to the log	2026-09-13T02:32:19.3248137Z       "inkFractionInsidePaper": 0.04621694890077243,
ar-act346-set	Print the verdict and the page digests to the log	2026-09-13T02:32:19.3248563Z       "nonblank": true,
ar-act346-set	Print the verdict and the page digests to the log	2026-09-13T02:32:19.3248827Z       "croppedToThePage": true
ar-act346-set	Print the verdict and the page digests to the log	2026-09-13T02:32:19.3249083Z     },
ar-act346-set	Print the verdict and the page digests to the log	2026-09-13T02:32:19.3249422Z     {
ar-act346-set	Print the verdict and the page digests to the log	2026-09-13T02:32:19.3249621Z       "kind": "boundary",
ar-act346-set	Print the verdict and the page digests to the log	2026-09-13T02:32:19.3249925Z       "document": "petition-boundary-filled.pdf",
ar-act346-set	Print the verdict and the page digests to the log	2026-09-13T02:32:19.3250343Z       "page": 1,
ar-act346-set	Print the verdict and the page digests to the log	2026-09-13T02:32:19.3250677Z       "png": "ar-act346-set/petition-boundary-filled/page-001.png",
ar-act346-set	Print the verdict and the page digests to the log	2026-09-13T02:32:19.3251025Z       "bytes": 245634,
ar-act346-set	Print the verdict and the page digests to the log	2026-09-13T02:32:19.3251446Z       "pngSha256": "5aa78484705240c7d4fa74df2e4598c9cae782cdc1e48ac4383cbb5e47b9d0b8",
ar-act346-set	Print the verdict and the page digests to the log	2026-09-13T02:32:19.3251871Z       "pngWidth": 2040,
ar-act346-set	Print the verdict and the page digests to the log	2026-09-13T02:32:19.3252101Z       "pngHeight": 2640,
ar-act346-set	Print the verdict and the page digests to the log	2026-09-13T02:32:19.3252331Z       "paper": {
ar-act346-set	Print the verdict and the page digests to the log	2026-09-13T02:32:19.3252657Z         "x0": 204,
ar-act346-set	Print the verdict and the page digests to the log	2026-09-13T02:32:19.3252962Z         "y0": 3,
ar-act346-set	Print the verdict and the page digests to the log	2026-09-13T02:32:19.3253269Z         "x1": 2243,
ar-act346-set	Print the verdict and the page digests to the log	2026-09-13T02:32:19.3253573Z         "y1": 2642,
ar-act346-set	Print the verdict and the page digests to the log	2026-09-13T02:32:19.3253895Z         "width": 2040,
ar-act346-set	Print the verdict and the page digests to the log	2026-09-13T02:32:19.3254223Z         "height": 2640
ar-act346-set	Print the verdict and the page digests to the log	2026-09-13T02:32:19.3254537Z       },
ar-act346-set	Print the verdict and the page digests to the log	2026-09-13T02:32:19.3254927Z       "pxPerPt": 3.3333333333333335,
ar-act346-set	Print the verdict and the page digests to the log	2026-09-13T02:32:19.3255242Z       "expectedPxPerPt": 3.333333333333333,
ar-act346-set	Print the verdict and the page digests to the log	2026-09-13T02:32:19.3255529Z       "pageWidthPt": 612,
ar-act346-set	Print the verdict and the page digests to the log	2026-09-13T02:32:19.3255825Z       "pageHeightPt": 792,
ar-act346-set	Print the verdict and the page digests to the log	2026-09-13T02:32:19.3256143Z       "expectedPx": {
ar-act346-set	Print the verdict and the page digests to the log	2026-09-13T02:32:19.3256391Z         "width": 2039.9999999999998,
ar-act346-set	Print the verdict and the page digests to the log	2026-09-13T02:32:19.3256664Z         "height": 2639.9999999999995,
ar-act346-set	Print the verdict and the page digests to the log	2026-09-13T02:32:19.3256955Z         "tolerancePx": 6.666666666666666
ar-act346-set	Print the verdict and the page digests to the log	2026-09-13T02:32:19.3257209Z       },
ar-act346-set	Print the verdict and the page digests to the log	2026-09-13T02:32:19.3257434Z       "calibrationResidualPx": 0,
ar-act346-set	Print the verdict and the page digests to the log	2026-09-13T02:32:19.3257769Z       "inkFractionInsidePaper": 0.04624257278669043,
ar-act346-set	Print the verdict and the page digests to the log	2026-09-13T02:32:19.3258154Z       "nonblank": true,
ar-act346-set	Print the verdict and the page digests to the log	2026-09-13T02:32:19.3258792Z       "croppedToThePage": true
ar-act346-set	Print the verdict and the page digests to the log	2026-09-13T02:32:19.3259166Z     },
ar-act346-set	Print the verdict and the page digests to the log	2026-09-13T02:32:19.3259429Z     {
ar-act346-set	Print the verdict and the page digests to the log	2026-09-13T02:32:19.3259722Z       "kind": "boundary",
ar-act346-set	Print the verdict and the page digests to the log	2026-09-13T02:32:19.3260189Z       "document": "petition-boundary-filled.pdf",
ar-act346-set	Print the verdict and the page digests to the log	2026-09-13T02:32:19.3260602Z       "page": 2,
ar-act346-set	Print the verdict and the page digests to the log	2026-09-13T02:32:19.3260942Z       "png": "ar-act346-set/petition-boundary-filled/page-002.png",
ar-act346-set	Print the verdict and the page digests to the log	2026-09-13T02:32:19.3261306Z       "bytes": 403980,
ar-act346-set	Print the verdict and the page digests to the log	2026-09-13T02:32:19.3261731Z       "pngSha256": "fe6d82f8e15cf196e608f0ed719a4dfd5b52653ab3573b5d1fd8bbd6ae126ada",
ar-act346-set	Print the verdict and the page digests to the log	2026-09-13T02:32:19.3262161Z       "pngWidth": 2040,
ar-act346-set	Print the verdict and the page digests to the log	2026-09-13T02:32:19.3262399Z       "pngHeight": 2640,
ar-act346-set	Print the verdict and the page digests to the log	2026-09-13T02:32:19.3262628Z       "paper": {
ar-act346-set	Print the verdict and the page digests to the log	2026-09-13T02:32:19.3262845Z         "x0": 204,
ar-act346-set	Print the verdict and the page digests to the log	2026-09-13T02:32:19.3263054Z         "y0": 3,
ar-act346-set	Print the verdict and the page digests to the log	2026-09-13T02:32:19.3263254Z         "x1": 2243,
ar-act346-set	Print the verdict and the page digests to the log	2026-09-13T02:32:19.3263460Z         "y1": 2642,
ar-act346-set	Print the verdict and the page digests to the log	2026-09-13T02:32:19.3263667Z         "width": 2040,
ar-act346-set	Print the verdict and the page digests to the log	2026-09-13T02:32:19.3263883Z         "height": 2640
ar-act346-set	Print the verdict and the page digests to the log	2026-09-13T02:32:19.3264092Z       },
ar-act346-set	Print the verdict and the page digests to the log	2026-09-13T02:32:19.3264330Z       "pxPerPt": 3.3333333333333335,
ar-act346-set	Print the verdict and the page digests to the log	2026-09-13T02:32:19.3264835Z       "expectedPxPerPt": 3.333333333333333,
ar-act346-set	Print the verdict and the page digests to the log	2026-09-13T02:32:19.3265309Z       "pageWidthPt": 612,
ar-act346-set	Print the verdict and the page digests to the log	2026-09-13T02:32:19.3265556Z       "pageHeightPt": 792,
ar-act346-set	Print the verdict and the page digests to the log	2026-09-13T02:32:19.3265796Z       "expectedPx": {
ar-act346-set	Print the verdict and the page digests to the log	2026-09-13T02:32:19.3266050Z         "width": 2039.9999999999998,
ar-act346-set	Print the verdict and the page digests to the log	2026-09-13T02:32:19.3266339Z         "height": 2639.9999999999995,
ar-act346-set	Print the verdict and the page digests to the log	2026-09-13T02:32:19.3266631Z         "tolerancePx": 6.666666666666666
ar-act346-set	Print the verdict and the page digests to the log	2026-09-13T02:32:19.3266939Z       },
ar-act346-set	Print the verdict and the page digests to the log	2026-09-13T02:32:19.3267175Z       "calibrationResidualPx": 0,
ar-act346-set	Print the verdict and the page digests to the log	2026-09-13T02:32:19.3267500Z       "inkFractionInsidePaper": 0.05801619132501486,
ar-act346-set	Print the verdict and the page digests to the log	2026-09-13T02:32:19.3267810Z       "nonblank": true,
ar-act346-set	Print the verdict and the page digests to the log	2026-09-13T02:32:19.3268069Z       "croppedToThePage": true
ar-act346-set	Print the verdict and the page digests to the log	2026-09-13T02:32:19.3268314Z     },
ar-act346-set	Print the verdict and the page digests to the log	2026-09-13T02:32:19.3268503Z     {
ar-act346-set	Print the verdict and the page digests to the log	2026-09-13T02:32:19.3268697Z       "kind": "boundary",
ar-act346-set	Print the verdict and the page digests to the log	2026-09-13T02:32:19.3269004Z       "document": "petition-boundary-filled.pdf",
ar-act346-set	Print the verdict and the page digests to the log	2026-09-13T02:32:19.3269307Z       "page": 3,
ar-act346-set	Print the verdict and the page digests to the log	2026-09-13T02:32:19.3269635Z       "png": "ar-act346-set/petition-boundary-filled/page-003.png",
ar-act346-set	Print the verdict and the page digests to the log	2026-09-13T02:32:19.3269984Z       "bytes": 309303,
ar-act346-set	Print the verdict and the page digests to the log	2026-09-13T02:32:19.3270397Z       "pngSha256": "a8e5b53bdd91bec2f63194c536528cba7e406c99f87c5d3dc978a92b9cda9f97",
ar-act346-set	Print the verdict and the page digests to the log	2026-09-13T02:32:19.3270819Z       "pngWidth": 2040,
ar-act346-set	Print the verdict and the page digests to the log	2026-09-13T02:32:19.3271180Z       "pngHeight": 2640,
ar-act346-set	Print the verdict and the page digests to the log	2026-09-13T02:32:19.3271418Z       "paper": {
ar-act346-set	Print the verdict and the page digests to the log	2026-09-13T02:32:19.3271620Z         "x0": 204,
ar-act346-set	Print the verdict and the page digests to the log	2026-09-13T02:32:19.3271825Z         "y0": 3,
ar-act346-set	Print the verdict and the page digests to the log	2026-09-13T02:32:19.3272021Z         "x1": 2243,
ar-act346-set	Print the verdict and the page digests to the log	2026-09-13T02:32:19.3272221Z         "y1": 2642,
ar-act346-set	Print the verdict and the page digests to the log	2026-09-13T02:32:19.3272423Z         "width": 2040,
ar-act346-set	Print the verdict and the page digests to the log	2026-09-13T02:32:19.3272644Z         "height": 2640
ar-act346-set	Print the verdict and the page digests to the log	2026-09-13T02:32:19.3272852Z       },
ar-act346-set	Print the verdict and the page digests to the log	2026-09-13T02:32:19.3273076Z       "pxPerPt": 3.3333333333333335,
ar-act346-set	Print the verdict and the page digests to the log	2026-09-13T02:32:19.3273377Z       "expectedPxPerPt": 3.333333333333333,
ar-act346-set	Print the verdict and the page digests to the log	2026-09-13T02:32:19.3273656Z       "pageWidthPt": 612,
ar-act346-set	Print the verdict and the page digests to the log	2026-09-13T02:32:19.3273892Z       "pageHeightPt": 792,
ar-act346-set	Print the verdict and the page digests to the log	2026-09-13T02:32:19.3274135Z       "expectedPx": {
ar-act346-set	Print the verdict and the page digests to the log	2026-09-13T02:32:19.3274373Z         "width": 2039.9999999999998,
ar-act346-set	Print the verdict and the page digests to the log	2026-09-13T02:32:19.3274872Z         "height": 2639.9999999999995,
ar-act346-set	Print the verdict and the page digests to the log	2026-09-13T02:32:19.3275163Z         "tolerancePx": 6.666666666666666
ar-act346-set	Print the verdict and the page digests to the log	2026-09-13T02:32:19.3275420Z       },
ar-act346-set	Print the verdict and the page digests to the log	2026-09-13T02:32:19.3275655Z       "calibrationResidualPx": 0,
ar-act346-set	Print the verdict and the page digests to the log	2026-09-13T02:32:19.3275982Z       "inkFractionInsidePaper": 0.049075126262626265,
ar-act346-set	Print the verdict and the page digests to the log	2026-09-13T02:32:19.3276284Z       "nonblank": true,
ar-act346-set	Print the verdict and the page digests to the log	2026-09-13T02:32:19.3276538Z       "croppedToThePage": true
ar-act346-set	Print the verdict and the page digests to the log	2026-09-13T02:32:19.3276776Z     },
ar-act346-set	Print the verdict and the page digests to the log	2026-09-13T02:32:19.3276963Z     {
ar-act346-set	Print the verdict and the page digests to the log	2026-09-13T02:32:19.3277155Z       "kind": "boundary",
ar-act346-set	Print the verdict and the page digests to the log	2026-09-13T02:32:19.3277453Z       "document": "petition-boundary-filled.pdf",
ar-act346-set	Print the verdict and the page digests to the log	2026-09-13T02:32:19.3277761Z       "page": 4,
ar-act346-set	Print the verdict and the page digests to the log	2026-09-13T02:32:19.3278075Z       "png": "ar-act346-set/petition-boundary-filled/page-004.png",
ar-act346-set	Print the verdict and the page digests to the log	2026-09-13T02:32:19.3278411Z       "bytes": 162366,
ar-act346-set	Print the verdict and the page digests to the log	2026-09-13T02:32:19.3278819Z       "pngSha256": "69e3ebd86b3d5f7a259317d1885ad676bcd5da8ff3560cad9eec40d4627d83de",
ar-act346-set	Print the verdict and the page digests to the log	2026-09-13T02:32:19.3279240Z       "pngWidth": 2040,
ar-act346-set	Print the verdict and the page digests to the log	2026-09-13T02:32:19.3279474Z       "pngHeight": 2640,
ar-act346-set	Print the verdict and the page digests to the log	2026-09-13T02:32:19.3279704Z       "paper": {
ar-act346-set	Print the verdict and the page digests to the log	2026-09-13T02:32:19.3279907Z         "x0": 204,
ar-act346-set	Print the verdict and the page digests to the log	2026-09-13T02:32:19.3280109Z         "y0": 3,
ar-act346-set	Print the verdict and the page digests to the log	2026-09-13T02:32:19.3280311Z         "x1": 2243,
ar-act346-set	Print the verdict and the page digests to the log	2026-09-13T02:32:19.3280520Z         "y1": 2642,
ar-act346-set	Print the verdict and the page digests to the log	2026-09-13T02:32:19.3280727Z         "width": 2040,
ar-act346-set	Print the verdict and the page digests to the log	2026-09-13T02:32:19.3280942Z         "height": 2640
ar-act346-set	Print the verdict and the page digests to the log	2026-09-13T02:32:19.3281148Z       },
ar-act346-set	Print the verdict and the page digests to the log	2026-09-13T02:32:19.3281368Z       "pxPerPt": 3.3333333333333335,
ar-act346-set	Print the verdict and the page digests to the log	2026-09-13T02:32:19.3281659Z       "expectedPxPerPt": 3.333333333333333,
ar-act346-set	Print the verdict and the page digests to the log	2026-09-13T02:32:19.3281943Z       "pageWidthPt": 612,
ar-act346-set	Print the verdict and the page digests to the log	2026-09-13T02:32:19.3282175Z       "pageHeightPt": 792,
ar-act346-set	Print the verdict and the page digests to the log	2026-09-13T02:32:19.3282413Z       "expectedPx": {
ar-act346-set	Print the verdict and the page digests to the log	2026-09-13T02:32:19.3282653Z         "width": 2039.9999999999998,
ar-act346-set	Print the verdict and the page digests to the log	2026-09-13T02:32:19.3282922Z         "height": 2639.9999999999995,
ar-act346-set	Print the verdict and the page digests to the log	2026-09-13T02:32:19.3283206Z         "tolerancePx": 6.666666666666666
ar-act346-set	Print the verdict and the page digests to the log	2026-09-13T02:32:19.3283471Z       },
ar-act346-set	Print the verdict and the page digests to the log	2026-09-13T02:32:19.3283696Z       "calibrationResidualPx": 0,
ar-act346-set	Print the verdict and the page digests to the log	2026-09-13T02:32:19.3284193Z       "inkFractionInsidePaper": 0.01654430332739156,
ar-act346-set	Print the verdict and the page digests to the log	2026-09-13T02:32:19.3284496Z       "nonblank": true,
ar-act346-set	Print the verdict and the page digests to the log	2026-09-13T02:32:19.3284904Z       "croppedToThePage": true
ar-act346-set	Print the verdict and the page digests to the log	2026-09-13T02:32:19.3285152Z     },
ar-act346-set	Print the verdict and the page digests to the log	2026-09-13T02:32:19.3285336Z     {
ar-act346-set	Print the verdict and the page digests to the log	2026-09-13T02:32:19.3285529Z       "kind": "boundary",
ar-act346-set	Print the verdict and the page digests to the log	2026-09-13T02:32:19.3285816Z       "document": "petition-boundary-filled.pdf",
ar-act346-set	Print the verdict and the page digests to the log	2026-09-13T02:32:19.3286107Z       "page": 5,
ar-act346-set	Print the verdict and the page digests to the log	2026-09-13T02:32:19.3286414Z       "png": "ar-act346-set/petition-boundary-filled/page-005.png",
ar-act346-set	Print the verdict and the page digests to the log	2026-09-13T02:32:19.3286743Z       "bytes": 209715,
ar-act346-set	Print the verdict and the page digests to the log	2026-09-13T02:32:19.3287145Z       "pngSha256": "fc17d35e75be24a0216fafc2684910af4650c10073b99ab1d4de6cf213a72922",
ar-act346-set	Print the verdict and the page digests to the log	2026-09-13T02:32:19.3287553Z       "pngWidth": 2040,
ar-act346-set	Print the verdict and the page digests to the log	2026-09-13T02:32:19.3287776Z       "pngHeight": 2640,
ar-act346-set	Print the verdict and the page digests to the log	2026-09-13T02:32:19.3288000Z       "paper": {
ar-act346-set	Print the verdict and the page digests to the log	2026-09-13T02:32:19.3288198Z         "x0": 204,
ar-act346-set	Print the verdict and the page digests to the log	2026-09-13T02:32:19.3288398Z         "y0": 3,
ar-act346-set	Print the verdict and the page digests to the log	2026-09-13T02:32:19.3288605Z         "x1": 2243,
ar-act346-set	Print the verdict and the page digests to the log	2026-09-13T02:32:19.3288812Z         "y1": 2642,
ar-act346-set	Print the verdict and the page digests to the log	2026-09-13T02:32:19.3289016Z         "width": 2040,
ar-act346-set	Print the verdict and the page digests to the log	2026-09-13T02:32:19.3289230Z         "height": 2640
ar-act346-set	Print the verdict and the page digests to the log	2026-09-13T02:32:19.3289435Z       },
ar-act346-set	Print the verdict and the page digests to the log	2026-09-13T02:32:19.3289655Z       "pxPerPt": 3.3333333333333335,
ar-act346-set	Print the verdict and the page digests to the log	2026-09-13T02:32:19.3290113Z       "expectedPxPerPt": 3.333333333333333,
ar-act346-set	Print the verdict and the page digests to the log	2026-09-13T02:32:19.3290391Z       "pageWidthPt": 612,
ar-act346-set	Print the verdict and the page digests to the log	2026-09-13T02:32:19.3290626Z       "pageHeightPt": 792,
ar-act346-set	Print the verdict and the page digests to the log	2026-09-13T02:32:19.3290866Z       "expectedPx": {
ar-act346-set	Print the verdict and the page digests to the log	2026-09-13T02:32:19.3291102Z         "width": 2039.9999999999998,
ar-act346-set	Print the verdict and the page digests to the log	2026-09-13T02:32:19.3291370Z         "height": 2639.9999999999995,
ar-act346-set	Print the verdict and the page digests to the log	2026-09-13T02:32:19.3291658Z         "tolerancePx": 6.666666666666666
ar-act346-set	Print the verdict and the page digests to the log	2026-09-13T02:32:19.3291924Z       },
ar-act346-set	Print the verdict and the page digests to the log	2026-09-13T02:32:19.3292150Z       "calibrationResidualPx": 0,
ar-act346-set	Print the verdict and the page digests to the log	2026-09-13T02:32:19.3292468Z       "inkFractionInsidePaper": 0.030380087641117052,
ar-act346-set	Print the verdict and the page digests to the log	2026-09-13T02:32:19.3292770Z       "nonblank": true,
ar-act346-set	Print the verdict and the page digests to the log	2026-09-13T02:32:19.3293025Z       "croppedToThePage": true
ar-act346-set	Print the verdict and the page digests to the log	2026-09-13T02:32:19.3293265Z     },
ar-act346-set	Print the verdict and the page digests to the log	2026-09-13T02:32:19.3293452Z     {
ar-act346-set	Print the verdict and the page digests to the log	2026-09-13T02:32:19.3293657Z       "kind": "boundary",
ar-act346-set	Print the verdict and the page digests to the log	2026-09-13T02:32:19.3293945Z       "document": "order-boundary-filled.pdf",
ar-act346-set	Print the verdict and the page digests to the log	2026-09-13T02:32:19.3294229Z       "page": 1,
ar-act346-set	Print the verdict and the page digests to the log	2026-09-13T02:32:19.3294545Z       "png": "ar-act346-set/order-boundary-filled/page-001.png",
ar-act346-set	Print the verdict and the page digests to the log	2026-09-13T02:32:19.3295081Z       "bytes": 329007,
ar-act346-set	Print the verdict and the page digests to the log	2026-09-13T02:32:19.3295488Z       "pngSha256": "ea70acc835c5ecbdf845a3bf1b7eda53c4625990c4515a216711d92c56282624",
ar-act346-set	Print the verdict and the page digests to the log	2026-09-13T02:32:19.3295903Z       "pngWidth": 2040,
ar-act346-set	Print the verdict and the page digests to the log	2026-09-13T02:32:19.3296132Z       "pngHeight": 2640,
ar-act346-set	Print the verdict and the page digests to the log	2026-09-13T02:32:19.3296357Z       "paper": {
ar-act346-set	Print the verdict and the page digests to the log	2026-09-13T02:32:19.3296566Z         "x0": 204,
ar-act346-set	Print the verdict and the page digests to the log	2026-09-13T02:32:19.3296767Z         "y0": 3,
ar-act346-set	Print the verdict and the page digests to the log	2026-09-13T02:32:19.3296963Z         "x1": 2243,
ar-act346-set	Print the verdict and the page digests to the log	2026-09-13T02:32:19.3297166Z         "y1": 2642,
ar-act346-set	Print the verdict and the page digests to the log	2026-09-13T02:32:19.3297370Z         "width": 2040,
ar-act346-set	Print the verdict and the page digests to the log	2026-09-13T02:32:19.3297582Z         "height": 2640
ar-act346-set	Print the verdict and the page digests to the log	2026-09-13T02:32:19.3297789Z       },
ar-act346-set	Print the verdict and the page digests to the log	2026-09-13T02:32:19.3298009Z       "pxPerPt": 3.3333333333333335,
ar-act346-set	Print the verdict and the page digests to the log	2026-09-13T02:32:19.3298305Z       "expectedPxPerPt": 3.333333333333333,
ar-act346-set	Print the verdict and the page digests to the log	2026-09-13T02:32:19.3298581Z       "pageWidthPt": 612,
ar-act346-set	Print the verdict and the page digests to the log	2026-09-13T02:32:19.3298817Z       "pageHeightPt": 792,
ar-act346-set	Print the verdict and the page digests to the log	2026-09-13T02:32:19.3299053Z       "expectedPx": {
ar-act346-set	Print the verdict and the page digests to the log	2026-09-13T02:32:19.3299315Z         "width": 2039.9999999999998,
ar-act346-set	Print the verdict and the page digests to the log	2026-09-13T02:32:19.3299586Z         "height": 2639.9999999999995,
ar-act346-set	Print the verdict and the page digests to the log	2026-09-13T02:32:19.3299869Z         "tolerancePx": 6.666666666666666
ar-act346-set	Print the verdict and the page digests to the log	2026-09-13T02:32:19.3300118Z       },
ar-act346-set	Print the verdict and the page digests to the log	2026-09-13T02:32:19.3300344Z       "calibrationResidualPx": 0,
ar-act346-set	Print the verdict and the page digests to the log	2026-09-13T02:32:19.3300660Z       "inkFractionInsidePaper": 0.05793783422459893,
ar-act346-set	Print the verdict and the page digests to the log	2026-09-13T02:32:19.3300965Z       "nonblank": true,
ar-act346-set	Print the verdict and the page digests to the log	2026-09-13T02:32:19.3301215Z       "croppedToThePage": true
ar-act346-set	Print the verdict and the page digests to the log	2026-09-13T02:32:19.3301455Z     },
ar-act346-set	Print the verdict and the page digests to the log	2026-09-13T02:32:19.3301641Z     {
ar-act346-set	Print the verdict and the page digests to the log	2026-09-13T02:32:19.3301830Z       "kind": "boundary",
ar-act346-set	Print the verdict and the page digests to the log	2026-09-13T02:32:19.3302110Z       "document": "order-boundary-filled.pdf",
ar-act346-set	Print the verdict and the page digests to the log	2026-09-13T02:32:19.3302397Z       "page": 2,
ar-act346-set	Print the verdict and the page digests to the log	2026-09-13T02:32:19.3302697Z       "png": "ar-act346-set/order-boundary-filled/page-002.png",
ar-act346-set	Print the verdict and the page digests to the log	2026-09-13T02:32:19.3303293Z       "bytes": 498639,
ar-act346-set	Print the verdict and the page digests to the log	2026-09-13T02:32:19.3303707Z       "pngSha256": "68edc932bccd4da48a2b25d5254404097e6eaf9a352b6eb47a6939375107bcc6",
ar-act346-set	Print the verdict and the page digests to the log	2026-09-13T02:32:19.3304132Z       "pngWidth": 2040,
ar-act346-set	Print the verdict and the page digests to the log	2026-09-13T02:32:19.3304363Z       "pngHeight": 2640,
ar-act346-set	Print the verdict and the page digests to the log	2026-09-13T02:32:19.3304596Z       "paper": {
ar-act346-set	Print the verdict and the page digests to the log	2026-09-13T02:32:19.3304983Z         "x0": 204,
ar-act346-set	Print the verdict and the page digests to the log	2026-09-13T02:32:19.3305188Z         "y0": 3,
ar-act346-set	Print the verdict and the page digests to the log	2026-09-13T02:32:19.3305387Z         "x1": 2243,
ar-act346-set	Print the verdict and the page digests to the log	2026-09-13T02:32:19.3305588Z         "y1": 2642,
ar-act346-set	Print the verdict and the page digests to the log	2026-09-13T02:32:19.3305796Z         "width": 2040,
ar-act346-set	Print the verdict and the page digests to the log	2026-09-13T02:32:19.3306023Z         "height": 2640
ar-act346-set	Print the verdict and the page digests to the log	2026-09-13T02:32:19.3306233Z       },
ar-act346-set	Print the verdict and the page digests to the log	2026-09-13T02:32:19.3306455Z       "pxPerPt": 3.3333333333333335,
ar-act346-set	Print the verdict and the page digests to the log	2026-09-13T02:32:19.3306753Z       "expectedPxPerPt": 3.333333333333333,
ar-act346-set	Print the verdict and the page digests to the log	2026-09-13T02:32:19.3307035Z       "pageWidthPt": 612,
ar-act346-set	Print the verdict and the page digests to the log	2026-09-13T02:32:19.3307274Z       "pageHeightPt": 792,
ar-act346-set	Print the verdict and the page digests to the log	2026-09-13T02:32:19.3307518Z       "expectedPx": {
ar-act346-set	Print the verdict and the page digests to the log	2026-09-13T02:32:19.3307771Z         "width": 2039.9999999999998,
ar-act346-set	Print the verdict and the page digests to the log	2026-09-13T02:32:19.3308043Z         "height": 2639.9999999999995,
ar-act346-set	Print the verdict and the page digests to the log	2026-09-13T02:32:19.3308331Z         "tolerancePx": 6.666666666666666
ar-act346-set	Print the verdict and the page digests to the log	2026-09-13T02:32:19.3308591Z       },
ar-act346-set	Print the verdict and the page digests to the log	2026-09-13T02:32:19.3308955Z       "calibrationResidualPx": 0,
ar-act346-set	Print the verdict and the page digests to the log	2026-09-13T02:32:19.3309281Z       "inkFractionInsidePaper": 0.0789718879976233,
ar-act346-set	Print the verdict and the page digests to the log	2026-09-13T02:32:19.3309582Z       "nonblank": true,
ar-act346-set	Print the verdict and the page digests to the log	2026-09-13T02:32:19.3309836Z       "croppedToThePage": true
ar-act346-set	Print the verdict and the page digests to the log	2026-09-13T02:32:19.3310075Z     },
ar-act346-set	Print the verdict and the page digests to the log	2026-09-13T02:32:19.3310260Z     {
ar-act346-set	Print the verdict and the page digests to the log	2026-09-13T02:32:19.3310454Z       "kind": "boundary",
ar-act346-set	Print the verdict and the page digests to the log	2026-09-13T02:32:19.3310745Z       "document": "order-boundary-filled.pdf",
ar-act346-set	Print the verdict and the page digests to the log	2026-09-13T02:32:19.3311049Z       "page": 3,
ar-act346-set	Print the verdict and the page digests to the log	2026-09-13T02:32:19.3311355Z       "png": "ar-act346-set/order-boundary-filled/page-003.png",
ar-act346-set	Print the verdict and the page digests to the log	2026-09-13T02:32:19.3311685Z       "bytes": 299737,
ar-act346-set	Print the verdict and the page digests to the log	2026-09-13T02:32:19.3312083Z       "pngSha256": "76393c6100675c62cec279a45339e457ca1d1fc5a138dd8f0e77c64bffee68e3",
ar-act346-set	Print the verdict and the page digests to the log	2026-09-13T02:32:19.3312503Z       "pngWidth": 2040,
ar-act346-set	Print the verdict and the page digests to the log	2026-09-13T02:32:19.3312733Z       "pngHeight": 2640,
ar-act346-set	Print the verdict and the page digests to the log	2026-09-13T02:32:19.3312955Z       "paper": {
ar-act346-set	Print the verdict and the page digests to the log	2026-09-13T02:32:19.3313156Z         "x0": 204,
ar-act346-set	Print the verdict and the page digests to the log	2026-09-13T02:32:19.3313359Z         "y0": 3,
ar-act346-set	Print the verdict and the page digests to the log	2026-09-13T02:32:19.3313561Z         "x1": 2243,
ar-act346-set	Print the verdict and the page digests to the log	2026-09-13T02:32:19.3313761Z         "y1": 2642,
ar-act346-set	Print the verdict and the page digests to the log	2026-09-13T02:32:19.3313968Z         "width": 2040,
ar-act346-set	Print the verdict and the page digests to the log	2026-09-13T02:32:19.3314183Z         "height": 2640
ar-act346-set	Print the verdict and the page digests to the log	2026-09-13T02:32:19.3314389Z       },
ar-act346-set	Print the verdict and the page digests to the log	2026-09-13T02:32:19.3314607Z       "pxPerPt": 3.3333333333333335,
ar-act346-set	Print the verdict and the page digests to the log	2026-09-13T02:32:19.3315100Z       "expectedPxPerPt": 3.333333333333333,
ar-act346-set	Print the verdict and the page digests to the log	2026-09-13T02:32:19.3315381Z       "pageWidthPt": 612,
ar-act346-set	Print the verdict and the page digests to the log	2026-09-13T02:32:19.3315623Z       "pageHeightPt": 792,
ar-act346-set	Print the verdict and the page digests to the log	2026-09-13T02:32:19.3315860Z       "expectedPx": {
ar-act346-set	Print the verdict and the page digests to the log	2026-09-13T02:32:19.3316101Z         "width": 2039.9999999999998,
ar-act346-set	Print the verdict and the page digests to the log	2026-09-13T02:32:19.3316373Z         "height": 2639.9999999999995,
ar-act346-set	Print the verdict and the page digests to the log	2026-09-13T02:32:19.3316653Z         "tolerancePx": 6.666666666666666
ar-act346-set	Print the verdict and the page digests to the log	2026-09-13T02:32:19.3316913Z       },
ar-act346-set	Print the verdict and the page digests to the log	2026-09-13T02:32:19.3317135Z       "calibrationResidualPx": 0,
ar-act346-set	Print the verdict and the page digests to the log	2026-09-13T02:32:19.3317464Z       "inkFractionInsidePaper": 0.04621694890077243,
ar-act346-set	Print the verdict and the page digests to the log	2026-09-13T02:32:19.3317766Z       "nonblank": true,
ar-act346-set	Print the verdict and the page digests to the log	2026-09-13T02:32:19.3318014Z       "croppedToThePage": true
ar-act346-set	Print the verdict and the page digests to the log	2026-09-13T02:32:19.3318256Z     }
ar-act346-set	Print the verdict and the page digests to the log	2026-09-13T02:32:19.3318442Z   ],
ar-act346-set	Print the verdict and the page digests to the log	2026-09-13T02:32:19.3318630Z   "problems": [],
ar-act346-set	Print the verdict and the page digests to the log	2026-09-13T02:32:19.3318856Z   "environmentProblems": [],
ar-act346-set	Print the verdict and the page digests to the log	2026-09-13T02:32:19.3319521Z   "whatThisDoesNotDecide": "This is one gate. RASTER_PASS does not make a family PASS_COMPLETE, promotes nothing, and opens no commercial route.",
ar-act346-set	Print the verdict and the page digests to the log	2026-09-13T02:32:19.3320184Z   "packetPdfsModified": 0,
ar-act346-set	Print the verdict and the page digests to the log	2026-09-13T02:32:19.3320434Z   "bodiesCommitted": 0,
ar-act346-set	Print the verdict and the page digests to the log	2026-09-13T02:32:19.3320699Z   "commercialRoutesOpened": 0,
ar-act346-set	Print the verdict and the page digests to the log	2026-09-13T02:32:19.3320965Z   "productionTouched": false
ar-act346-set	Print the verdict and the page digests to the log	2026-09-13T02:32:19.3321213Z }
ar-act346-set	Print the verdict and the page digests to the log	2026-09-13T02:32:19.3321522Z ===== END VERDICT ar-act346-set.verdict.json =====
ar-act346-set	Print the verdict and the page digests to the log	2026-09-13T02:32:19.3321892Z ===== BEGIN PAGE DIGESTS =====
ar-act346-set	Print the verdict and the page digests to the log	2026-09-13T02:32:19.3322610Z ea70acc835c5ecbdf845a3bf1b7eda53c4625990c4515a216711d92c56282624  raster-out/ar-act346-set/order-boundary-filled/page-001.png
ar-act346-set	Print the verdict and the page digests to the log	2026-09-13T02:32:19.3323815Z 68edc932bccd4da48a2b25d5254404097e6eaf9a352b6eb47a6939375107bcc6  raster-out/ar-act346-set/order-boundary-filled/page-002.png
ar-act346-set	Print the verdict and the page digests to the log	2026-09-13T02:32:19.3324984Z 76393c6100675c62cec279a45339e457ca1d1fc5a138dd8f0e77c64bffee68e3  raster-out/ar-act346-set/order-boundary-filled/page-003.png
ar-act346-set	Print the verdict and the page digests to the log	2026-09-13T02:32:19.3326040Z 50d358986abfa88349696b636224ef903bafb1e9074002efbc3c8a085c86c967  raster-out/ar-act346-set/order-boundary-filled/page-calibration.png
ar-act346-set	Print the verdict and the page digests to the log	2026-09-13T02:32:19.3327085Z b3774fd569ffbc891f3e27596d9b9ca61cd1469a3737d6d0633475e6a45cdb59  raster-out/ar-act346-set/order-canonical-filled/page-001.png
ar-act346-set	Print the verdict and the page digests to the log	2026-09-13T02:32:19.3328099Z 68edc932bccd4da48a2b25d5254404097e6eaf9a352b6eb47a6939375107bcc6  raster-out/ar-act346-set/order-canonical-filled/page-002.png
ar-act346-set	Print the verdict and the page digests to the log	2026-09-13T02:32:19.3329076Z 76393c6100675c62cec279a45339e457ca1d1fc5a138dd8f0e77c64bffee68e3  raster-out/ar-act346-set/order-canonical-filled/page-003.png
ar-act346-set	Print the verdict and the page digests to the log	2026-09-13T02:32:19.3330248Z 50d358986abfa88349696b636224ef903bafb1e9074002efbc3c8a085c86c967  raster-out/ar-act346-set/order-canonical-filled/page-calibration.png
ar-act346-set	Print the verdict and the page digests to the log	2026-09-13T02:32:19.3331775Z 5aa78484705240c7d4fa74df2e4598c9cae782cdc1e48ac4383cbb5e47b9d0b8  raster-out/ar-act346-set/petition-boundary-filled/page-001.png
ar-act346-set	Print the verdict and the page digests to the log	2026-09-13T02:32:19.3344936Z fe6d82f8e15cf196e608f0ed719a4dfd5b52653ab3573b5d1fd8bbd6ae126ada  raster-out/ar-act346-set/petition-boundary-filled/page-002.png
ar-act346-set	Print the verdict and the page digests to the log	2026-09-13T02:32:19.3346058Z a8e5b53bdd91bec2f63194c536528cba7e406c99f87c5d3dc978a92b9cda9f97  raster-out/ar-act346-set/petition-boundary-filled/page-003.png
ar-act346-set	Print the verdict and the page digests to the log	2026-09-13T02:32:19.3347095Z 69e3ebd86b3d5f7a259317d1885ad676bcd5da8ff3560cad9eec40d4627d83de  raster-out/ar-act346-set/petition-boundary-filled/page-004.png
ar-act346-set	Print the verdict and the page digests to the log	2026-09-13T02:32:19.3348095Z fc17d35e75be24a0216fafc2684910af4650c10073b99ab1d4de6cf213a72922  raster-out/ar-act346-set/petition-boundary-filled/page-005.png
ar-act346-set	Print the verdict and the page digests to the log	2026-09-13T02:32:19.3349139Z adf2f4f88645aeb92665b1547b162d4fcecee4a01c6d4c4fb38c695d895dfdeb  raster-out/ar-act346-set/petition-boundary-filled/page-calibration.png
ar-act346-set	Print the verdict and the page digests to the log	2026-09-13T02:32:19.3350234Z e516dc664796a983b2466821c499b638d23673c1ef05455ef800fd70bdbba288  raster-out/ar-act346-set/petition-canonical-filled/page-001.png
ar-act346-set	Print the verdict and the page digests to the log	2026-09-13T02:32:19.3351293Z fe6d82f8e15cf196e608f0ed719a4dfd5b52653ab3573b5d1fd8bbd6ae126ada  raster-out/ar-act346-set/petition-canonical-filled/page-002.png
ar-act346-set	Print the verdict and the page digests to the log	2026-09-13T02:32:19.3352299Z c7df563c5e7d504df15e4f3156ac28b709590e73cc5892c30f910eb76b5ed238  raster-out/ar-act346-set/petition-canonical-filled/page-003.png
ar-act346-set	Print the verdict and the page digests to the log	2026-09-13T02:32:19.3353292Z 69e3ebd86b3d5f7a259317d1885ad676bcd5da8ff3560cad9eec40d4627d83de  raster-out/ar-act346-set/petition-canonical-filled/page-004.png
ar-act346-set	Print the verdict and the page digests to the log	2026-09-13T02:32:19.3354291Z 0dd28250ad342f3bf3a93736314e79d9e54a5b1db3af12160494b30bb720a12f  raster-out/ar-act346-set/petition-canonical-filled/page-005.png
ar-act346-set	Print the verdict and the page digests to the log	2026-09-13T02:32:19.3355532Z 199883affe3a9ae7d5bd0c7bed520b82d74a9fbf2a7dca03b9089c46ddef2281  raster-out/ar-act346-set/petition-canonical-filled/page-calibration.png
ar-act346-set	Print the verdict and the page digests to the log	2026-09-13T02:32:19.3356188Z ===== END PAGE DIGESTS =====
ar-act346-set	Refuse a modified packet byte	﻿2026-09-13T02:32:19.3383507Z ##[group]Run set -euo pipefail
ar-act346-set	Refuse a modified packet byte	2026-09-13T02:32:19.3383848Z ^[[36;1mset -euo pipefail^[[0m
ar-act346-set	Refuse a modified packet byte	2026-09-13T02:32:19.3384209Z ^[[36;1m# The render writes only under raster-out/. If a tracked file moved,^[[0m
ar-act346-set	Refuse a modified packet byte	2026-09-13T02:32:19.3384883Z ^[[36;1m# something wrote where it must not.^[[0m
ar-act346-set	Refuse a modified packet byte	2026-09-13T02:32:19.3385237Z ^[[36;1mgit diff --quiet && git diff --cached --quiet \^[[0m
ar-act346-set	Refuse a modified packet byte	2026-09-13T02:32:19.3385733Z ^[[36;1m  || { echo "REFUSED: the render modified tracked files"; git status --porcelain; exit 1; }^[[0m
ar-act346-set	Refuse a modified packet byte	2026-09-13T02:32:19.3425607Z shell: /usr/bin/bash -e {0}
ar-act346-set	Refuse a modified packet byte	2026-09-13T02:32:19.3425871Z env:
ar-act346-set	Refuse a modified packet byte	2026-09-13T02:32:19.3426142Z   pythonLocation: /opt/hostedtoolcache/Python/3.12.14/x64
ar-act346-set	Refuse a modified packet byte	2026-09-13T02:32:19.3426585Z   PKG_CONFIG_PATH: /opt/hostedtoolcache/Python/3.12.14/x64/lib/pkgconfig
ar-act346-set	Refuse a modified packet byte	2026-09-13T02:32:19.3427009Z   Python_ROOT_DIR: /opt/hostedtoolcache/Python/3.12.14/x64
ar-act346-set	Refuse a modified packet byte	2026-09-13T02:32:19.3427558Z   Python2_ROOT_DIR: /opt/hostedtoolcache/Python/3.12.14/x64
ar-act346-set	Refuse a modified packet byte	2026-09-13T02:32:19.3427942Z   Python3_ROOT_DIR: /opt/hostedtoolcache/Python/3.12.14/x64
ar-act346-set	Refuse a modified packet byte	2026-09-13T02:32:19.3428372Z   LD_LIBRARY_PATH: /opt/hostedtoolcache/Python/3.12.14/x64/lib
ar-act346-set	Refuse a modified packet byte	2026-09-13T02:32:19.3428774Z   PLAYWRIGHT_BROWSERS_PATH: /home/runner/.cache/ms-playwright
ar-act346-set	Refuse a modified packet byte	2026-09-13T02:32:19.3429125Z ##[endgroup]
ar-act346-set	Artifact-safe label for this family	﻿2026-09-13T02:32:20.0481574Z ##[group]Run printf 'FAMILY_SLUG=%s\n' "$(printf '%s' "$FAMILY" | tr -c 'A-Za-z0-9._-' '_')" >> "$GITHUB_ENV"
ar-act346-set	Artifact-safe label for this family	2026-09-13T02:32:20.0482673Z ^[[36;1mprintf 'FAMILY_SLUG=%s\n' "$(printf '%s' "$FAMILY" | tr -c 'A-Za-z0-9._-' '_')" >> "$GITHUB_ENV"^[[0m
ar-act346-set	Artifact-safe label for this family	2026-09-13T02:32:20.0532446Z shell: /usr/bin/bash -e {0}
ar-act346-set	Artifact-safe label for this family	2026-09-13T02:32:20.0532732Z env:
ar-act346-set	Artifact-safe label for this family	2026-09-13T02:32:20.0533021Z   pythonLocation: /opt/hostedtoolcache/Python/3.12.14/x64
ar-act346-set	Artifact-safe label for this family	2026-09-13T02:32:20.0533468Z   PKG_CONFIG_PATH: /opt/hostedtoolcache/Python/3.12.14/x64/lib/pkgconfig
ar-act346-set	Artifact-safe label for this family	2026-09-13T02:32:20.0533891Z   Python_ROOT_DIR: /opt/hostedtoolcache/Python/3.12.14/x64
ar-act346-set	Artifact-safe label for this family	2026-09-13T02:32:20.0535032Z   Python2_ROOT_DIR: /opt/hostedtoolcache/Python/3.12.14/x64
ar-act346-set	Artifact-safe label for this family	2026-09-13T02:32:20.0535446Z   Python3_ROOT_DIR: /opt/hostedtoolcache/Python/3.12.14/x64
ar-act346-set	Artifact-safe label for this family	2026-09-13T02:32:20.0535822Z   LD_LIBRARY_PATH: /opt/hostedtoolcache/Python/3.12.14/x64/lib
ar-act346-set	Artifact-safe label for this family	2026-09-13T02:32:20.0536227Z   PLAYWRIGHT_BROWSERS_PATH: /home/runner/.cache/ms-playwright
ar-act346-set	Artifact-safe label for this family	2026-09-13T02:32:20.0536573Z   FAMILY: ar-act346-set
ar-act346-set	Artifact-safe label for this family	2026-09-13T02:32:20.0536864Z ##[endgroup]
ar-act346-set	Run actions/upload-artifact@v4	﻿2026-09-13T02:32:20.0674223Z Node 20 is being deprecated. This workflow is running with Node 24 by default. If you need to temporarily use Node 20, you can set the ACTIONS_ALLOW_USE_UNSECURE_NODE_VERSION=true environment variable. For more information see: https://github.blog/changelog/2025-09-19-deprecation-of-node-20-on-github-actions-runners/
ar-act346-set	Run actions/upload-artifact@v4	2026-09-13T02:32:20.0675964Z ##[group]Run actions/upload-artifact@v4
ar-act346-set	Run actions/upload-artifact@v4	2026-09-13T02:32:20.0676243Z with:
ar-act346-set	Run actions/upload-artifact@v4	2026-09-13T02:32:20.0676485Z   name: rcap-raster-ar-act346-set-34732930032
ar-act346-set	Run actions/upload-artifact@v4	2026-09-13T02:32:20.0676781Z   path: raster-out/
ar-act346-set	Run actions/upload-artifact@v4	2026-09-13T02:32:20.0677027Z   if-no-files-found: error
ar-act346-set	Run actions/upload-artifact@v4	2026-09-13T02:32:20.0677264Z   retention-days: 14
ar-act346-set	Run actions/upload-artifact@v4	2026-09-13T02:32:20.0677482Z   compression-level: 6
ar-act346-set	Run actions/upload-artifact@v4	2026-09-13T02:32:20.0677698Z   overwrite: false
ar-act346-set	Run actions/upload-artifact@v4	2026-09-13T02:32:20.0677916Z   include-hidden-files: false
ar-act346-set	Run actions/upload-artifact@v4	2026-09-13T02:32:20.0678156Z env:
ar-act346-set	Run actions/upload-artifact@v4	2026-09-13T02:32:20.0678424Z   pythonLocation: /opt/hostedtoolcache/Python/3.12.14/x64
ar-act346-set	Run actions/upload-artifact@v4	2026-09-13T02:32:20.0678858Z   PKG_CONFIG_PATH: /opt/hostedtoolcache/Python/3.12.14/x64/lib/pkgconfig
ar-act346-set	Run actions/upload-artifact@v4	2026-09-13T02:32:20.0679322Z   Python_ROOT_DIR: /opt/hostedtoolcache/Python/3.12.14/x64
ar-act346-set	Run actions/upload-artifact@v4	2026-09-13T02:32:20.0679698Z   Python2_ROOT_DIR: /opt/hostedtoolcache/Python/3.12.14/x64
ar-act346-set	Run actions/upload-artifact@v4	2026-09-13T02:32:20.0680072Z   Python3_ROOT_DIR: /opt/hostedtoolcache/Python/3.12.14/x64
ar-act346-set	Run actions/upload-artifact@v4	2026-09-13T02:32:20.0680446Z   LD_LIBRARY_PATH: /opt/hostedtoolcache/Python/3.12.14/x64/lib
ar-act346-set	Run actions/upload-artifact@v4	2026-09-13T02:32:20.0680847Z   PLAYWRIGHT_BROWSERS_PATH: /home/runner/.cache/ms-playwright
ar-act346-set	Run actions/upload-artifact@v4	2026-09-13T02:32:20.0681199Z   FAMILY_SLUG: ar-act346-set
ar-act346-set	Run actions/upload-artifact@v4	2026-09-13T02:32:20.0681443Z ##[endgroup]
ar-act346-set	Run actions/upload-artifact@v4	2026-09-13T02:32:20.2443463Z (node:5614) [DEP0040] DeprecationWarning: The `punycode` module is deprecated. Please use a userland alternative instead.
ar-act346-set	Run actions/upload-artifact@v4	2026-09-13T02:32:20.2444364Z (Use `node --trace-deprecation ...` to show where the warning was created)
ar-act346-set	Run actions/upload-artifact@v4	2026-09-13T02:32:20.2575312Z With the provided path, there will be 30 files uploaded
ar-act346-set	Run actions/upload-artifact@v4	2026-09-13T02:32:20.2577736Z Artifact name is valid!
ar-act346-set	Run actions/upload-artifact@v4	2026-09-13T02:32:20.2578691Z Root directory input is valid!
ar-act346-set	Run actions/upload-artifact@v4	2026-09-13T02:32:20.5295493Z Beginning upload of artifact content to blob storage
ar-act346-set	Run actions/upload-artifact@v4	2026-09-13T02:32:20.8218174Z (node:5614) [DEP0169] DeprecationWarning: `url.parse()` behavior is not standardized and prone to errors that have security implications. Use the WHATWG URL API instead. CVEs are not issued for `url.parse()` vulnerabilities.
ar-act346-set	Run actions/upload-artifact@v4	2026-09-13T02:32:21.2856884Z Uploaded bytes 7059621
ar-act346-set	Run actions/upload-artifact@v4	2026-09-13T02:32:21.3286125Z Finished uploading artifact content to blob storage!
ar-act346-set	Run actions/upload-artifact@v4	2026-09-13T02:32:21.3287563Z SHA256 digest of uploaded artifact zip is ddda7eb58baf9d059bda59e9a1ae64de1aba159885002d5a056ff5665c1b85fb
ar-act346-set	Run actions/upload-artifact@v4	2026-09-13T02:32:21.3289051Z Finalizing artifact upload
ar-act346-set	Run actions/upload-artifact@v4	2026-09-13T02:32:21.5369689Z Artifact rcap-raster-ar-act346-set-34732930032.zip successfully finalized. Artifact ID 10309667574
ar-act346-set	Run actions/upload-artifact@v4	2026-09-13T02:32:21.5371397Z Artifact rcap-raster-ar-act346-set-34732930032 has been successfully uploaded! Final size is 7059621 bytes. Artifact ID is 10309667574
ar-act346-set	Run actions/upload-artifact@v4	2026-09-13T02:32:21.5376814Z Artifact download URL: https://github.com/Roger-LegalEase/legalease-partner-dashboard-clean/actions/runs/34732930032/artifacts/10309667574
ar-act346-set	Post Run actions/setup-python@v5	﻿2026-09-13T02:32:21.5570798Z Node 20 is being deprecated. This workflow is running with Node 24 by default. If you need to temporarily use Node 20, you can set the ACTIONS_ALLOW_USE_UNSECURE_NODE_VERSION=true environment variable. For more information see: https://github.blog/changelog/2025-09-19-deprecation-of-node-20-on-github-actions-runners/
ar-act346-set	Post Run actions/setup-python@v5	2026-09-13T02:32:21.5572009Z Post job cleanup.
ar-act346-set	Post Run actions/setup-python@v5	2026-09-13T02:32:21.6796124Z (node:5642) [DEP0040] DeprecationWarning: The `punycode` module is deprecated. Please use a userland alternative instead.
ar-act346-set	Post Run actions/setup-python@v5	2026-09-13T02:32:21.6797025Z (Use `node --trace-deprecation ...` to show where the warning was created)
ar-act346-set	Post Run actions/setup-node@v4	﻿2026-09-13T02:32:21.6986457Z Node 20 is being deprecated. This workflow is running with Node 24 by default. If you need to temporarily use Node 20, you can set the ACTIONS_ALLOW_USE_UNSECURE_NODE_VERSION=true environment variable. For more information see: https://github.blog/changelog/2025-09-19-deprecation-of-node-20-on-github-actions-runners/
ar-act346-set	Post Run actions/setup-node@v4	2026-09-13T02:32:21.6987782Z Post job cleanup.
ar-act346-set	Post Run actions/setup-node@v4	2026-09-13T02:32:21.8301823Z (node:5650) [DEP0040] DeprecationWarning: The `punycode` module is deprecated. Please use a userland alternative instead.
ar-act346-set	Post Run actions/setup-node@v4	2026-09-13T02:32:21.8303274Z (Use `node --trace-deprecation ...` to show where the warning was created)
ar-act346-set	Post Run actions/checkout@v4	﻿2026-09-13T02:32:21.8507988Z Node 20 is being deprecated. This workflow is running with Node 24 by default. If you need to temporarily use Node 20, you can set the ACTIONS_ALLOW_USE_UNSECURE_NODE_VERSION=true environment variable. For more information see: https://github.blog/changelog/2025-09-19-deprecation-of-node-20-on-github-actions-runners/
ar-act346-set	Post Run actions/checkout@v4	2026-09-13T02:32:21.8509939Z Post job cleanup.
ar-act346-set	Post Run actions/checkout@v4	2026-09-13T02:32:21.9605814Z [command]/usr/bin/git version
ar-act346-set	Post Run actions/checkout@v4	2026-09-13T02:32:21.9653540Z git version 2.55.0
ar-act346-set	Post Run actions/checkout@v4	2026-09-13T02:32:21.9693871Z Temporarily overriding HOME='/home/runner/work/_temp/1269537e-baa4-4a3e-aa16-64d407fa1536' before making global git config changes
ar-act346-set	Post Run actions/checkout@v4	2026-09-13T02:32:21.9695862Z Adding repository directory to the temporary git global config as a safe directory
ar-act346-set	Post Run actions/checkout@v4	2026-09-13T02:32:21.9703510Z [command]/usr/bin/git config --global --add safe.directory /home/runner/work/legalease-partner-dashboard-clean/legalease-partner-dashboard-clean
ar-act346-set	Post Run actions/checkout@v4	2026-09-13T02:32:21.9752981Z [command]/usr/bin/git config --local --name-only --get-regexp core\.sshCommand
ar-act346-set	Post Run actions/checkout@v4	2026-09-13T02:32:21.9795757Z [command]/usr/bin/git submodule foreach --recursive sh -c "git config --local --name-only --get-regexp 'core\.sshCommand' && git config --local --unset-all 'core.sshCommand' || :"
ar-act346-set	Post Run actions/checkout@v4	2026-09-13T02:32:22.0163813Z [command]/usr/bin/git config --local --name-only --get-regexp http\.https\:\/\/github\.com\/\.extraheader
ar-act346-set	Post Run actions/checkout@v4	2026-09-13T02:32:22.0204425Z http.https://github.com/.extraheader
ar-act346-set	Post Run actions/checkout@v4	2026-09-13T02:32:22.0222476Z [command]/usr/bin/git config --local --unset-all http.https://github.com/.extraheader
ar-act346-set	Post Run actions/checkout@v4	2026-09-13T02:32:22.0272574Z [command]/usr/bin/git submodule foreach --recursive sh -c "git config --local --name-only --get-regexp 'http\.https\:\/\/github\.com\/\.extraheader' && git config --local --unset-all 'http.https://github.com/.extraheader' || :"
ar-act346-set	Post Run actions/checkout@v4	2026-09-13T02:32:22.0694138Z [command]/usr/bin/git config --local --name-only --get-regexp ^includeIf\.gitdir:
ar-act346-set	Post Run actions/checkout@v4	2026-09-13T02:32:22.0740777Z [command]/usr/bin/git submodule foreach --recursive git config --local --show-origin --name-only --get-regexp remote.origin.url
ar-act346-set	Complete job	﻿2026-09-13T02:32:22.1248861Z Cleaning up orphan processes
ar-act346-set	Complete job	2026-09-13T02:32:22.1621663Z ##[warning]Node.js 20 is deprecated. The following actions target Node.js 20 but are being forced to run on Node.js 24: actions/checkout@v4, actions/setup-node@v4, actions/setup-python@v5, actions/upload-artifact@v4. For more information see: https://github.blog/changelog/2025-09-19-deprecation-of-node-20-on-github-actions-runners/
