<!DOCTYPE html PUBLIC "-//W3C//DTD XHTML 1.0 Transitional//EN" "http://www.w3.org/TR/xhtml1/DTD/xhtml1-transitional.dtd"><html xmlns="http://www.w3.org/1999/xhtml">
<head>
<title></title>
<meta name="Author" content="Scott Perkins"/>
<meta name="Creator" content="Microsoft® Word for Microsoft 365"/>
<meta name="Producer" content="Microsoft® Word for Microsoft 365"/>
<meta name="CreationDate" content="2025-02-13T20:52:13Z"/>
<meta name="ModDate" content="2026-01-01T00:00:00Z"/>
</head>
<body>
<doc>
  <page width="612.000000" height="792.000000">
    <word xMin="72.024000" yMin="38.160000" xMax="104.381280" yMax="49.200000">ABPP-3</word>
    <word xMin="173.900000" yMin="65.280000" xMax="217.064000" yMax="77.280000">PARDON</word>
    <word xMin="219.824000" yMin="65.280000" xMax="262.676000" yMax="77.280000">AND/OR</word>
    <word xMin="265.388000" yMin="65.280000" xMax="322.112000" yMax="77.280000">REMISSION</word>
    <word xMin="324.872000" yMin="65.280000" xMax="338.528000" yMax="77.280000">OF</word>
    <word xMin="341.350000" yMin="65.280000" xMax="369.454000" yMax="77.280000">FINES</word>
    <word xMin="372.070000" yMin="65.280000" xMax="438.238000" yMax="77.280000">APPLICATION</word>
    <word xMin="114.260000" yMin="79.940000" xMax="142.904000" yMax="91.940000">(Read</word>
    <word xMin="145.676000" yMin="79.940000" xMax="164.468000" yMax="91.940000">and</word>
    <word xMin="167.240000" yMin="79.940000" xMax="198.488000" yMax="91.940000">follow</word>
    <word xMin="201.284000" yMin="79.940000" xMax="217.868000" yMax="91.940000">the</word>
    <word xMin="220.580000" yMin="79.940000" xMax="263.852000" yMax="91.940000">attached</word>
    <word xMin="266.624000" yMin="79.940000" xMax="325.244000" yMax="91.940000">instructions</word>
    <word xMin="327.896000" yMin="79.940000" xMax="360.440000" yMax="91.940000">before</word>
    <word xMin="363.152000" yMin="79.940000" xMax="416.432000" yMax="91.940000">submitting</word>
    <word xMin="419.132000" yMin="79.940000" xMax="435.836000" yMax="91.940000">the</word>
    <word xMin="438.548000" yMin="79.940000" xMax="497.564000" yMax="91.940000">application)</word>
    <word xMin="72.024000" yMin="109.940000" xMax="95.604000" yMax="121.940000">FOR:</word>
    <word xMin="156.031000" yMin="105.823760" xMax="168.325072" yMax="119.818076">✔</word>
    <word xMin="109.340000" yMin="109.940000" xMax="164.420000" yMax="121.940000">PARDON☐</word>
    <word xMin="180.860000" yMin="109.940000" xMax="237.572000" yMax="121.940000">REMISSION</word>
    <word xMin="240.332000" yMin="109.940000" xMax="253.988000" yMax="121.940000">OF</word>
    <word xMin="256.730000" yMin="109.940000" xMax="296.690000" yMax="121.940000">FINES☐</word>
    <word xMin="307.730000" yMin="109.940000" xMax="335.690000" yMax="121.940000">BOTH</word>
    <word xMin="338.470000" yMin="108.632000" xMax="350.470000" yMax="120.632000">☐</word>
    <word xMin="72.024000" yMin="133.820000" xMax="100.319520" yMax="144.860000">NAME</word>
    <word xMin="102.847658" yMin="133.820000" xMax="115.223498" yMax="144.860000">OF</word>
    <word xMin="117.718538" yMin="133.820000" xMax="169.628662" yMax="144.860000">APPLICANT:</word>
    <word xMin="172.220000" yMin="133.820000" xMax="358.321214" yMax="144.860000">__________________________________</word>
    <word xMin="361.030000" yMin="133.820000" xMax="375.216400" yMax="144.860000">AIS</word>
    <word xMin="377.711440" yMin="133.820000" xMax="386.962960" yMax="144.860000">(if</word>
    <word xMin="389.347600" yMin="133.820000" xMax="441.136196" yMax="144.860000">applicable):</word>
    <word xMin="443.675440" yMin="133.820000" xMax="536.731545" yMax="144.860000">_________________</word>
    <word xMin="216.050000" yMin="147.260000" xMax="228.271280" yMax="158.300000">(at</word>
    <word xMin="230.799418" yMin="147.260000" xMax="251.179280" yMax="158.300000">time</word>
    <word xMin="253.597018" yMin="147.260000" xMax="262.837498" yMax="158.300000">of</word>
    <word xMin="265.332538" yMin="147.260000" xMax="314.526822" yMax="158.300000">conviction)</word>
    <word xMin="72.024000" yMin="169.700000" xMax="114.837076" yMax="180.740000">CURRENT</word>
    <word xMin="117.365313" yMin="169.700000" xMax="145.539327" yMax="180.740000">NAME</word>
    <word xMin="147.957065" yMin="169.700000" xMax="157.208585" yMax="180.740000">(if</word>
    <word xMin="159.703625" yMin="169.700000" xMax="198.089782" yMax="180.740000">different</word>
    <word xMin="200.617920" yMin="169.700000" xMax="222.267316" yMax="180.740000">from</word>
    <word xMin="224.696160" yMin="169.700000" xMax="258.147338" yMax="180.740000">above):</word>
    <word xMin="260.565076" yMin="169.700000" xMax="539.744496" yMax="180.740000">___________________________________________________</word>
    <word xMin="72.024000" yMin="192.140000" xMax="112.088193" yMax="203.180000">MAILING</word>
    <word xMin="114.583233" yMin="192.140000" xMax="155.806560" yMax="203.180000">ADDRESS</word>
    <word xMin="158.246400" yMin="192.140000" xMax="187.756353" yMax="203.180000">(street</word>
    <word xMin="190.174091" yMin="192.140000" xMax="199.900331" yMax="203.180000">or</word>
    <word xMin="202.284971" yMin="192.140000" xMax="215.345236" yMax="203.180000">PO</word>
    <word xMin="217.862378" yMin="192.140000" xMax="236.928447" yMax="203.180000">Box,</word>
    <word xMin="239.346284" yMin="192.140000" xMax="258.423327" yMax="203.180000">City,</word>
    <word xMin="260.918367" yMin="192.140000" xMax="286.476000" yMax="203.180000">State,</word>
    <word xMin="288.871636" yMin="192.140000" xMax="308.644298" yMax="203.180000">Zip):</word>
    <word xMin="311.084138" yMin="192.140000" xMax="535.560381" yMax="203.180000">_________________________________________</word>
    <word xMin="107.210000" yMin="210.550500" xMax="227.400000" yMax="219.800500">jordan.reyes@example.org</word>
    <word xMin="72.024000" yMin="214.700000" xMax="103.532182" yMax="225.740000">EMAIL:</word>
    <word xMin="106.060320" yMin="214.700000" xMax="286.774014" yMax="225.740000">_________________________________</word>
    <word xMin="311.690000" yMin="214.700000" xMax="536.287556" yMax="225.740000">_________________________________________</word>
    <word xMin="135.908000" yMin="233.236500" xMax="178.158000" yMax="242.486500">555-0142</word>
    <word xMin="72.024000" yMin="237.140000" xMax="107.363062" yMax="248.180000">PHONE:</word>
    <word xMin="109.788000" yMin="233.236500" xMax="133.128000" yMax="242.486500">(334)</word>
    <word xMin="109.791807" yMin="237.140000" xMax="284.985578" yMax="248.180000">________________________________</word>
    <word xMin="287.403316" yMin="237.140000" xMax="322.896850" yMax="248.180000">MOBILE</word>
    <word xMin="325.314687" yMin="237.140000" xMax="360.653650" yMax="248.180000">PHONE:</word>
    <word xMin="363.082494" yMin="237.140000" xMax="538.287272" yMax="248.180000">________________________________</word>
    <word xMin="285.603000" yMin="255.664500" xMax="335.643000" yMax="264.914500">04/17/1991</word>
    <word xMin="72.024000" yMin="259.730000" xMax="98.497942" yMax="270.770000">RACE:</word>
    <word xMin="101.026080" yMin="259.730000" xMax="166.725098" yMax="270.770000">____________</word>
    <word xMin="169.253236" yMin="259.730000" xMax="188.286196" yMax="270.770000">SEX:</word>
    <word xMin="190.700000" yMin="259.730000" xMax="256.498422" yMax="270.770000">____________</word>
    <word xMin="258.927156" yMin="259.730000" xMax="281.923520" yMax="270.770000">DOB:</word>
    <word xMin="284.352254" yMin="259.730000" xMax="361.069214" yMax="270.770000">______________</word>
    <word xMin="363.597352" yMin="259.730000" xMax="537.024734" yMax="270.770000">SSN:____________________________</word>
    <word xMin="72.024000" yMin="282.890000" xMax="137.738720" yMax="293.930000">CONVICTIONS:</word>
    <word xMin="145.220000" yMin="282.890000" xMax="168.001269" yMax="293.930000">State</word>
    <word xMin="170.420000" yMin="281.686640" xMax="181.460000" yMax="292.726640">☐</word>
    <word xMin="191.300000" yMin="282.890000" xMax="224.449258" yMax="293.930000">Federal</word>
    <word xMin="226.970000" yMin="281.686640" xMax="238.010000" yMax="292.726640">☐</word>
    <word xMin="252.050000" yMin="282.890000" xMax="284.132218" yMax="293.930000">(Attach</word>
    <word xMin="286.594160" yMin="282.890000" xMax="291.882320" yMax="293.930000">a</word>
    <word xMin="294.410458" yMin="282.890000" xMax="336.252069" yMax="293.930000">complete</word>
    <word xMin="338.780207" yMin="282.890000" xMax="351.608753" yMax="293.930000">list</word>
    <word xMin="354.026491" yMin="282.890000" xMax="363.266971" yMax="293.930000">of</word>
    <word xMin="365.762011" yMin="282.890000" xMax="415.927815" yMax="293.930000">convictions</word>
    <word xMin="418.301360" yMin="282.890000" xMax="431.174000" yMax="293.930000">for</word>
    <word xMin="433.536538" yMin="282.890000" xMax="460.242364" yMax="293.930000">which</word>
    <word xMin="462.693200" yMin="282.890000" xMax="479.043440" yMax="293.930000">this</word>
    <word xMin="481.540000" yMin="282.890000" xMax="530.745302" yMax="293.930000">application</word>
    <word xMin="533.260000" yMin="282.890000" xMax="540.115840" yMax="293.930000">is</word>
    <word xMin="72.024000" yMin="297.530000" xMax="117.265953" yMax="308.570000">requested</word>
    <word xMin="119.760993" yMin="297.530000" xMax="129.189076" yMax="308.570000">to</word>
    <word xMin="131.628916" yMin="297.530000" xMax="164.152756" yMax="308.570000">include</word>
    <word xMin="166.680993" yMin="297.530000" xMax="204.360436" yMax="308.570000">counties</word>
    <word xMin="206.855476" yMin="297.530000" xMax="223.735636" yMax="308.570000">and</word>
    <word xMin="226.175476" yMin="297.530000" xMax="253.775509" yMax="308.570000">dates)</word>
    <word xMin="72.024000" yMin="320.090000" xMax="79.122720" yMax="331.130000">Is</word>
    <word xMin="81.617760" yMin="320.090000" xMax="96.610080" yMax="331.130000">the</word>
    <word xMin="99.138218" yMin="320.090000" xMax="131.209418" yMax="331.130000">pardon</word>
    <word xMin="133.671360" yMin="320.090000" xMax="160.366080" yMax="331.130000">based</word>
    <word xMin="162.739724" yMin="320.090000" xMax="174.409004" yMax="331.130000">on</word>
    <word xMin="176.870847" yMin="320.090000" xMax="200.463393" yMax="331.130000">claim</word>
    <word xMin="202.892138" yMin="320.090000" xMax="212.154720" yMax="331.130000">of</word>
    <word xMin="214.649760" yMin="320.090000" xMax="265.681520" yMax="331.130000">innocence?</word>
    <word xMin="268.130000" yMin="320.090000" xMax="536.594996" yMax="331.130000">_________________________________________________</word>
    <word xMin="72.024000" yMin="343.250000" xMax="94.446284" yMax="354.290000">Have</word>
    <word xMin="96.841920" yMin="343.250000" xMax="113.335724" yMax="354.290000">you</word>
    <word xMin="115.797567" yMin="343.250000" xMax="148.961749" yMax="354.290000">applied</word>
    <word xMin="151.456789" yMin="343.250000" xMax="164.196927" yMax="354.290000">for</word>
    <word xMin="166.691967" yMin="343.250000" xMax="171.980127" yMax="354.290000">a</word>
    <word xMin="174.475167" yMin="343.250000" xMax="206.458058" yMax="354.290000">pardon</word>
    <word xMin="208.920000" yMin="343.250000" xMax="218.668342" yMax="354.290000">or</word>
    <word xMin="221.030880" yMin="343.250000" xMax="264.274571" yMax="354.290000">remission</word>
    <word xMin="266.637109" yMin="343.250000" xMax="275.877589" yMax="354.290000">of</word>
    <word xMin="278.330000" yMin="343.250000" xMax="299.780720" yMax="354.290000">fines</word>
    <word xMin="302.330000" yMin="343.250000" xMax="336.601520" yMax="354.290000">before?</word>
    <word xMin="339.070000" yMin="343.250000" xMax="370.898276" yMax="354.290000">Pardon</word>
    <word xMin="375.910000" yMin="342.046640" xMax="386.950000" yMax="353.086640">☐</word>
    <word xMin="394.390000" yMin="343.250000" xMax="417.529818" yMax="354.290000">Fines</word>
    <word xMin="419.950000" yMin="342.046640" xMax="430.990000" yMax="353.086640">☐</word>
    <word xMin="438.310000" yMin="343.250000" xMax="472.269040" yMax="354.290000">Neither</word>
    <word xMin="474.820000" yMin="342.046640" xMax="485.860000" yMax="353.086640">☐</word>
    <word xMin="72.024000" yMin="365.930000" xMax="93.110378" yMax="376.970000">Date</word>
    <word xMin="95.528116" yMin="365.930000" xMax="104.768596" yMax="376.970000">of</word>
    <word xMin="107.263636" yMin="365.930000" xMax="122.852138" yMax="376.970000">last</word>
    <word xMin="125.380276" yMin="365.930000" xMax="162.055167" yMax="376.970000">hearing:</word>
    <word xMin="164.583305" yMin="365.930000" xMax="241.200960" yMax="376.970000">______________</word>
    <word xMin="243.890000" yMin="365.930000" xMax="250.039280" yMax="376.970000">If</word>
    <word xMin="252.379716" yMin="365.930000" xMax="298.206822" yMax="376.970000">previously</word>
    <word xMin="300.734960" yMin="365.930000" xMax="335.179727" yMax="376.970000">granted</word>
    <word xMin="337.674767" yMin="365.930000" xMax="342.962927" yMax="376.970000">a</word>
    <word xMin="345.457967" yMin="365.930000" xMax="380.278160" yMax="376.970000">pardon,</word>
    <word xMin="382.870000" yMin="365.930000" xMax="405.413658" yMax="376.970000">what</word>
    <word xMin="407.809393" yMin="365.930000" xMax="433.013625" yMax="376.970000">rights</word>
    <word xMin="435.430000" yMin="365.930000" xMax="457.973702" yMax="376.970000">were</word>
    <word xMin="460.369338" yMin="365.930000" xMax="475.726022" yMax="376.970000">not</word>
    <word xMin="478.180000" yMin="365.930000" xMax="515.881567" yMax="376.970000">restored</word>
    <word xMin="518.376607" yMin="365.930000" xMax="535.256767" yMax="376.970000">and</word>
    <word xMin="74.544000" yMin="388.490000" xMax="97.087658" yMax="399.530000">what</word>
    <word xMin="99.615796" yMin="388.490000" xMax="113.989931" yMax="399.530000">are</word>
    <word xMin="116.407669" yMin="388.490000" xMax="133.000767" yMax="399.530000">you</word>
    <word xMin="135.363305" yMin="388.490000" xMax="169.123625" yMax="399.530000">seeking</word>
    <word xMin="171.574560" yMin="388.490000" xMax="535.458416" yMax="399.530000">now?______________________________________________________________</word>
    <word xMin="72.024000" yMin="410.930000" xMax="78.173280" yMax="421.970000">If</word>
    <word xMin="80.668320" yMin="410.930000" xMax="128.217578" yMax="421.970000">requesting</word>
    <word xMin="130.668513" yMin="410.930000" xMax="135.956673" yMax="421.970000">a</word>
    <word xMin="138.374411" yMin="410.930000" xMax="181.596000" yMax="421.970000">remission</word>
    <word xMin="184.057942" yMin="410.930000" xMax="193.320425" yMax="421.970000">of</word>
    <word xMin="195.683062" yMin="410.930000" xMax="215.599145" yMax="421.970000">fine,</word>
    <word xMin="218.127382" yMin="410.930000" xMax="245.836433" yMax="421.970000">attach</word>
    <word xMin="248.331473" yMin="410.930000" xMax="253.619633" yMax="421.970000">a</word>
    <word xMin="256.114673" yMin="410.930000" xMax="279.519451" yMax="421.970000">short</word>
    <word xMin="282.036593" yMin="410.930000" xMax="298.872549" yMax="421.970000">and</word>
    <word xMin="301.334491" yMin="410.930000" xMax="323.138447" yMax="421.970000">plain</word>
    <word xMin="325.578287" yMin="410.930000" xMax="371.294971" yMax="421.970000">statement</word>
    <word xMin="373.690607" yMin="410.930000" xMax="382.953189" yMax="421.970000">of</word>
    <word xMin="385.315727" yMin="410.930000" xMax="400.308047" yMax="421.970000">the</word>
    <word xMin="402.725785" yMin="410.930000" xMax="433.118938" yMax="421.970000">reason</word>
    <word xMin="435.481476" yMin="410.930000" xMax="453.818938" yMax="421.970000">that</word>
    <word xMin="456.347076" yMin="410.930000" xMax="471.339396" yMax="421.970000">the</word>
    <word xMin="473.746138" yMin="410.930000" xMax="500.286298" yMax="421.970000">Board</word>
    <word xMin="502.748240" yMin="410.930000" xMax="532.821167" yMax="421.970000">should</word>
    <word xMin="72.024000" yMin="425.470000" xMax="95.395658" yMax="436.510000">grant</word>
    <word xMin="97.923796" yMin="425.470000" xMax="123.028778" yMax="436.510000">relief.</word>
    <word xMin="72.024000" yMin="450.430000" xMax="74.806080" yMax="461.470000">I</word>
    <word xMin="77.301120" yMin="450.430000" xMax="98.641484" yMax="461.470000">have</word>
    <word xMin="101.037120" yMin="450.430000" xMax="121.375960" yMax="461.470000">read</word>
    <word xMin="123.740000" yMin="450.430000" xMax="138.732320" yMax="461.470000">the</word>
    <word xMin="141.227360" yMin="450.430000" xMax="207.864778" yMax="461.470000">INSTRUCTIONS</word>
    <word xMin="210.359818" yMin="450.430000" xMax="228.575873" yMax="461.470000">FOR</word>
    <word xMin="231.104011" yMin="450.430000" xMax="274.778273" yMax="461.470000">APPLYING</word>
    <word xMin="277.273313" yMin="450.430000" xMax="295.511371" yMax="461.470000">FOR</word>
    <word xMin="297.907007" yMin="450.430000" xMax="304.299167" yMax="461.470000">A</word>
    <word xMin="306.694902" yMin="450.430000" xMax="345.257589" yMax="461.470000">PARDON</word>
    <word xMin="347.697429" yMin="450.430000" xMax="385.376982" yMax="461.470000">AND/OR</word>
    <word xMin="388.030000" yMin="450.430000" xMax="438.714640" yMax="461.470000">REMISSION</word>
    <word xMin="441.165476" yMin="450.430000" xMax="453.563418" yMax="461.470000">OF</word>
    <word xMin="456.070000" yMin="450.430000" xMax="481.327360" yMax="461.470000">FINES</word>
    <word xMin="483.822400" yMin="450.430000" xMax="500.658356" yMax="461.470000">and</word>
    <word xMin="503.120298" yMin="450.430000" xMax="528.302593" yMax="461.470000">agree</word>
    <word xMin="530.720331" yMin="450.430000" xMax="540.159509" yMax="461.470000">to</word>
    <word xMin="72.024000" yMin="463.870000" xMax="87.016320" yMax="474.910000">the</word>
    <word xMin="90.129556" yMin="463.870000" xMax="116.161931" yMax="474.910000">terms</word>
    <word xMin="119.300000" yMin="463.870000" xMax="136.135956" yMax="474.910000">and</word>
    <word xMin="139.216193" yMin="463.870000" xMax="185.650400" yMax="474.910000">conditions</word>
    <word xMin="188.763636" yMin="463.870000" xMax="216.566000" yMax="474.910000">stated</word>
    <word xMin="219.650000" yMin="463.870000" xMax="227.985200" yMax="474.910000">in</word>
    <word xMin="231.043236" yMin="463.870000" xMax="249.380698" yMax="474.910000">that</word>
    <word xMin="252.516036" yMin="463.870000" xMax="300.860218" yMax="474.910000">document,</word>
    <word xMin="303.995556" yMin="463.870000" xMax="344.479313" yMax="474.910000">including</word>
    <word xMin="347.548345" yMin="463.870000" xMax="362.540665" yMax="474.910000">the</word>
    <word xMin="365.710000" yMin="463.870000" xMax="426.153967" yMax="474.910000">requirements</word>
    <word xMin="429.310000" yMin="463.870000" xMax="442.039142" yMax="474.910000">for</word>
    <word xMin="445.130287" yMin="463.870000" xMax="492.712775" yMax="474.910000">submitting</word>
    <word xMin="495.759815" yMin="463.870000" xMax="501.047975" yMax="474.910000">a</word>
    <word xMin="504.150215" yMin="463.870000" xMax="540.273073" yMax="474.910000">WAIVER</word>
    <word xMin="72.024000" yMin="477.310000" xMax="84.399840" yMax="488.350000">OF</word>
    <word xMin="86.784480" yMin="477.310000" xMax="127.422698" yMax="488.350000">LIABILITY</word>
    <word xMin="129.719029" yMin="477.310000" xMax="149.944331" yMax="488.350000">AND</word>
    <word xMin="152.163371" yMin="477.310000" xMax="204.437749" yMax="488.350000">AUTHORITY</word>
    <word xMin="206.866582" yMin="477.310000" xMax="224.983145" yMax="488.350000">FOR</word>
    <word xMin="227.268480" yMin="477.310000" xMax="265.290185" yMax="488.350000">RELEASE</word>
    <word xMin="267.586527" yMin="477.310000" xMax="279.962367" yMax="488.350000">OF</word>
    <word xMin="282.347007" yMin="477.310000" xMax="347.902516" yMax="488.350000">INFORMATION</word>
    <word xMin="350.143647" yMin="477.310000" xMax="374.519923" yMax="488.350000">form.</word>
    <word xMin="376.772160" yMin="477.310000" xMax="379.554240" yMax="488.350000">I</word>
    <word xMin="381.806378" yMin="477.310000" xMax="399.768458" yMax="488.350000">also</word>
    <word xMin="402.086792" yMin="477.310000" xMax="460.620938" yMax="488.350000">acknowledge</word>
    <word xMin="462.928276" yMin="477.310000" xMax="481.265738" yMax="488.350000">that</word>
    <word xMin="483.562080" yMin="477.310000" xMax="498.554400" yMax="488.350000">the</word>
    <word xMin="500.839636" yMin="477.310000" xMax="540.086836" yMax="488.350000">Alabama</word>
    <word xMin="72.024000" yMin="490.750000" xMax="98.685567" yMax="501.790000">Board</word>
    <word xMin="101.026102" yMin="490.750000" xMax="110.288684" yMax="501.790000">of</word>
    <word xMin="112.551818" yMin="490.750000" xMax="148.663636" yMax="501.790000">Pardons</word>
    <word xMin="151.158676" yMin="490.750000" xMax="168.038836" yMax="501.790000">and</word>
    <word xMin="170.357280" yMin="490.750000" xMax="202.737622" yMax="501.790000">Paroles</word>
    <word xMin="205.276767" yMin="490.750000" xMax="220.644469" yMax="501.790000">has</word>
    <word xMin="223.018113" yMin="490.750000" xMax="264.881815" yMax="501.790000">complete</word>
    <word xMin="267.409953" yMin="490.750000" xMax="311.459553" yMax="501.790000">discretion</word>
    <word xMin="313.733793" yMin="490.750000" xMax="323.150869" yMax="501.790000">to</word>
    <word xMin="325.590709" yMin="490.750000" xMax="349.128400" yMax="501.790000">grant</word>
    <word xMin="351.550000" yMin="490.750000" xMax="361.276240" yMax="501.790000">or</word>
    <word xMin="363.771280" yMin="490.750000" xMax="385.464924" yMax="501.790000">deny</word>
    <word xMin="387.893658" yMin="490.750000" xMax="393.181818" yMax="501.790000">a</word>
    <word xMin="395.676858" yMin="490.750000" xMax="427.759153" yMax="501.790000">pardon</word>
    <word xMin="430.121691" yMin="490.750000" xMax="439.737531" yMax="501.790000">or</word>
    <word xMin="442.232571" yMin="490.750000" xMax="485.465167" yMax="501.790000">remission</word>
    <word xMin="487.805702" yMin="490.750000" xMax="497.068185" yMax="501.790000">of</word>
    <word xMin="499.540000" yMin="490.750000" xMax="520.896640" yMax="501.790000">fines</word>
    <word xMin="523.303382" yMin="490.750000" xMax="540.139338" yMax="501.790000">and</word>
    <word xMin="72.024000" yMin="504.190000" xMax="90.361462" yMax="515.230000">that</word>
    <word xMin="92.889600" yMin="504.190000" xMax="116.989898" yMax="515.230000">there</word>
    <word xMin="119.518036" yMin="504.190000" xMax="126.373876" yMax="515.230000">is</word>
    <word xMin="128.868916" yMin="504.190000" xMax="140.339498" yMax="515.230000">no</word>
    <word xMin="142.889738" yMin="504.190000" xMax="163.777429" yMax="515.230000">right</word>
    <word xMin="166.305567" yMin="504.190000" xMax="175.601247" yMax="515.230000">to</word>
    <word xMin="178.052182" yMin="504.190000" xMax="206.513258" yMax="515.230000">either.</word>
    <word xMin="72.024000" yMin="530.950000" xMax="312.927796" yMax="541.990000">____________________________________________</word>
    <word xMin="72.024000" yMin="544.390000" xMax="114.362433" yMax="555.430000">Signature</word>
    <word xMin="324.050000" yMin="530.950000" xMax="515.781636" yMax="541.990000">___________________________________</word>
    <word xMin="324.050000" yMin="544.390000" xMax="345.136378" yMax="555.430000">Date</word>
    <word xMin="72.666300" yMin="565.015000" xMax="103.236300" yMax="574.265000">Jordan</word>
    <word xMin="106.016300" yMin="565.015000" xMax="131.576300" yMax="574.265000">Avery</word>
    <word xMin="134.356300" yMin="565.015000" xMax="162.696300" yMax="574.265000">Reyes</word>
    <word xMin="72.024000" yMin="571.270000" xMax="312.927796" yMax="582.310000">____________________________________________</word>
    <word xMin="72.024000" yMin="584.710000" xMax="93.474742" yMax="595.750000">Print</word>
    <word xMin="96.002880" yMin="584.710000" xMax="122.620364" yMax="595.750000">Name</word>
    <word xMin="72.024000" yMin="611.620000" xMax="117.530902" yMax="622.660000">ALABAMA</word>
    <word xMin="120.025942" yMin="611.620000" xMax="157.473567" yMax="622.660000">BUREAU</word>
    <word xMin="159.968607" yMin="611.620000" xMax="172.344447" yMax="622.660000">OF</word>
    <word xMin="174.751189" yMin="611.620000" xMax="218.215735" yMax="622.660000">PARDONS</word>
    <word xMin="220.710775" yMin="611.620000" xMax="240.935978" yMax="622.660000">AND</word>
    <word xMin="243.364822" yMin="611.620000" xMax="282.766538" yMax="622.660000">PAROLES</word>
    <word xMin="285.261578" yMin="611.620000" xMax="302.771040" yMax="622.660000">USE</word>
    <word xMin="305.155680" yMin="611.620000" xMax="328.549484" yMax="622.660000">ONLY</word>
    <word xMin="72.024000" yMin="625.060000" xMax="122.432607" yMax="636.100000">Application</word>
    <word xMin="124.927647" yMin="625.060000" xMax="162.993578" yMax="636.100000">received</word>
    <word xMin="165.378218" yMin="625.060000" xMax="177.047498" yMax="636.100000">on</word>
    <word xMin="179.509440" yMin="625.060000" xMax="349.205203" yMax="636.100000">_______________________________</word>
    <word xMin="72.024000" yMin="638.380000" xMax="108.787167" yMax="649.420000">Tracking</word>
    <word xMin="111.238102" yMin="638.380000" xMax="147.968193" yMax="649.420000">Number</word>
    <word xMin="150.500000" yMin="638.380000" xMax="347.619156" yMax="649.420000">____________________________________</word>
    <word xMin="72.024000" yMin="652.540000" xMax="103.454924" yMax="663.580000">Waiver</word>
    <word xMin="105.971967" yMin="652.540000" xMax="127.533164" yMax="663.580000">form</word>
    <word xMin="129.950902" yMin="652.540000" xMax="170.865142" yMax="663.580000">received:</word>
    <word xMin="175.899327" yMin="652.540000" xMax="190.174069" yMax="663.580000">Yes</word>
    <word xMin="192.620000" yMin="651.336640" xMax="203.660000" yMax="662.376640">☐</word>
    <word xMin="221.210000" yMin="652.540000" xMax="245.090000" yMax="663.580000">No☐</word>
    <word xMin="108.020000" yMin="666.100000" xMax="343.525181" yMax="677.140000">___________________________________________</word>
    <word xMin="108.020000" yMin="679.540000" xMax="129.470742" yMax="690.580000">Print</word>
    <word xMin="131.998880" yMin="679.540000" xMax="158.616364" yMax="690.580000">Name</word>
    <word xMin="108.020000" yMin="692.976000" xMax="343.525181" yMax="704.016000">___________________________________________</word>
    <word xMin="108.020000" yMin="706.416000" xMax="150.358433" yMax="717.456000">Signature</word>
  </page>
  <page width="612.000000" height="792.000000">
    <word xMin="72.024000" yMin="38.160000" xMax="104.381280" yMax="49.200000">ABPP-3</word>
    <word xMin="187.940000" yMin="65.280000" xMax="239.216000" yMax="77.280000">ALABAMA</word>
    <word xMin="242.000000" yMin="65.280000" xMax="283.916000" yMax="77.280000">BUREAU</word>
    <word xMin="286.520000" yMin="65.280000" xMax="300.176000" yMax="77.280000">OF</word>
    <word xMin="302.936000" yMin="65.280000" xMax="351.656000" yMax="77.280000">PARDONS</word>
    <word xMin="354.368000" yMin="65.280000" xMax="377.168000" yMax="77.280000">AND</word>
    <word xMin="379.808000" yMin="65.280000" xMax="423.860000" yMax="77.280000">PAROLES</word>
    <word xMin="72.024000" yMin="89.060000" xMax="114.936000" yMax="101.060000">Alabama</word>
    <word xMin="117.948000" yMin="89.060000" xMax="134.928000" yMax="101.060000">law</word>
    <word xMin="137.856000" yMin="89.060000" xMax="168.588000" yMax="101.060000">allows</word>
    <word xMin="171.564000" yMin="89.060000" xMax="209.832000" yMax="101.060000">persons</word>
    <word xMin="212.930000" yMin="89.060000" xMax="234.470000" yMax="101.060000">with</word>
    <word xMin="237.506000" yMin="89.060000" xMax="249.554000" yMax="101.060000">an</word>
    <word xMin="252.602000" yMin="89.060000" xMax="295.394000" yMax="101.060000">Alabama</word>
    <word xMin="298.406000" yMin="89.060000" xMax="348.218000" yMax="101.060000">conviction</word>
    <word xMin="351.430000" yMin="89.060000" xMax="361.594000" yMax="101.060000">to</word>
    <word xMin="364.618000" yMin="89.060000" xMax="391.162000" yMax="101.060000">apply</word>
    <word xMin="394.114000" yMin="89.060000" xMax="407.986000" yMax="101.060000">for</word>
    <word xMin="411.010000" yMin="89.060000" xMax="416.758000" yMax="101.060000">a</word>
    <word xMin="419.758000" yMin="89.060000" xMax="454.678000" yMax="101.060000">pardon</word>
    <word xMin="457.750000" yMin="89.060000" xMax="468.262000" yMax="101.060000">or</word>
    <word xMin="471.286000" yMin="89.060000" xMax="477.034000" yMax="101.060000">a</word>
    <word xMin="479.914000" yMin="89.060000" xMax="527.014000" yMax="101.060000">remission</word>
    <word xMin="530.050000" yMin="89.060000" xMax="539.950000" yMax="101.060000">of</word>
    <word xMin="72.024000" yMin="104.900000" xMax="98.424000" yMax="116.900000">fines,</word>
    <word xMin="102.012000" yMin="104.900000" xMax="137.100000" yMax="116.900000">subject</word>
    <word xMin="140.616000" yMin="104.900000" xMax="150.900000" yMax="116.900000">to</word>
    <word xMin="154.404000" yMin="104.900000" xMax="170.688000" yMax="116.900000">the</word>
    <word xMin="174.180000" yMin="104.900000" xMax="229.092000" yMax="116.900000">procedures</word>
    <word xMin="232.692000" yMin="104.900000" xMax="276.036000" yMax="116.900000">specified</word>
    <word xMin="279.588000" yMin="104.900000" xMax="291.264000" yMax="116.900000">by</word>
    <word xMin="294.696000" yMin="104.900000" xMax="313.920000" yMax="116.900000">law.</word>
    <word xMin="317.484000" yMin="104.900000" xMax="346.248000" yMax="116.900000">These</word>
    <word xMin="349.740000" yMin="104.900000" xMax="404.784000" yMax="116.900000">procedures</word>
    <word xMin="408.264000" yMin="104.900000" xMax="427.920000" yMax="116.900000">give</word>
    <word xMin="431.292000" yMin="104.900000" xMax="447.576000" yMax="116.900000">the</word>
    <word xMin="451.188000" yMin="104.900000" xMax="493.980000" yMax="116.900000">Alabama</word>
    <word xMin="497.484000" yMin="104.900000" xMax="526.332000" yMax="116.900000">Board</word>
    <word xMin="529.848000" yMin="104.900000" xMax="539.832000" yMax="116.900000">of</word>
    <word xMin="72.024000" yMin="120.740000" xMax="111.492000" yMax="132.740000">Pardons</word>
    <word xMin="114.348000" yMin="120.740000" xMax="132.648000" yMax="132.740000">and</word>
    <word xMin="135.564000" yMin="120.740000" xMax="171.084000" yMax="132.740000">Paroles</word>
    <word xMin="173.940000" yMin="120.740000" xMax="190.224000" yMax="132.740000">the</word>
    <word xMin="193.116000" yMin="120.740000" xMax="256.692000" yMax="132.740000">discretionary</word>
    <word xMin="259.668000" yMin="120.740000" xMax="304.668000" yMax="132.740000">authority</word>
    <word xMin="307.500000" yMin="120.740000" xMax="317.664000" yMax="132.740000">to</word>
    <word xMin="320.688000" yMin="120.740000" xMax="346.308000" yMax="132.740000">grant</word>
    <word xMin="349.116000" yMin="120.740000" xMax="359.628000" yMax="132.740000">or</word>
    <word xMin="362.532000" yMin="120.740000" xMax="386.436000" yMax="132.740000">deny</word>
    <word xMin="389.590000" yMin="120.740000" xMax="395.338000" yMax="132.740000">a</word>
    <word xMin="398.230000" yMin="120.740000" xMax="436.150000" yMax="132.740000">pardon,</word>
    <word xMin="439.150000" yMin="120.740000" xMax="449.662000" yMax="132.740000">or</word>
    <word xMin="452.578000" yMin="120.740000" xMax="462.862000" yMax="132.740000">to</word>
    <word xMin="465.766000" yMin="120.740000" xMax="491.386000" yMax="132.740000">grant</word>
    <word xMin="494.194000" yMin="120.740000" xMax="504.706000" yMax="132.740000">or</word>
    <word xMin="507.622000" yMin="120.740000" xMax="531.406000" yMax="132.740000">deny</word>
    <word xMin="534.358000" yMin="120.740000" xMax="540.106000" yMax="132.740000">a</word>
    <word xMin="72.024000" yMin="136.460000" xMax="119.232000" yMax="148.460000">remission</word>
    <word xMin="121.200000" yMin="136.460000" xMax="131.184000" yMax="148.460000">of</word>
    <word xMin="133.340000" yMin="136.460000" xMax="159.644000" yMax="148.460000">fines.</word>
    <word xMin="161.660000" yMin="136.460000" xMax="179.780000" yMax="148.460000">The</word>
    <word xMin="181.820000" yMin="136.460000" xMax="210.560000" yMax="148.460000">Board</word>
    <word xMin="212.648000" yMin="136.460000" xMax="233.204000" yMax="148.460000">may</word>
    <word xMin="235.208000" yMin="136.460000" xMax="254.732000" yMax="148.460000">also</word>
    <word xMin="256.808000" yMin="136.460000" xMax="298.388000" yMax="148.460000">consider</word>
    <word xMin="300.332000" yMin="136.460000" xMax="340.148000" yMax="148.460000">pardons</word>
    <word xMin="342.176000" yMin="136.460000" xMax="356.048000" yMax="148.460000">for</word>
    <word xMin="358.124000" yMin="136.460000" xMax="412.712000" yMax="148.460000">convictions</word>
    <word xMin="414.740000" yMin="136.460000" xMax="423.800000" yMax="148.460000">in</word>
    <word xMin="425.888000" yMin="136.460000" xMax="442.064000" yMax="148.460000">the</word>
    <word xMin="444.128000" yMin="136.460000" xMax="474.608000" yMax="148.460000">courts</word>
    <word xMin="476.636000" yMin="136.460000" xMax="486.620000" yMax="148.460000">of</word>
    <word xMin="488.744000" yMin="136.460000" xMax="505.028000" yMax="148.460000">the</word>
    <word xMin="507.092000" yMin="136.460000" xMax="539.900000" yMax="148.460000">United</word>
    <word xMin="72.024000" yMin="152.300000" xMax="101.532000" yMax="164.300000">States</word>
    <word xMin="105.972000" yMin="152.300000" xMax="116.484000" yMax="164.300000">or</word>
    <word xMin="120.840000" yMin="152.300000" xMax="130.824000" yMax="164.300000">of</word>
    <word xMin="135.108000" yMin="152.300000" xMax="161.940000" yMax="164.300000">other</word>
    <word xMin="166.284000" yMin="152.300000" xMax="194.832000" yMax="164.300000">states</word>
    <word xMin="199.272000" yMin="152.300000" xMax="205.692000" yMax="164.300000">if</word>
    <word xMin="210.060000" yMin="152.300000" xMax="226.344000" yMax="164.300000">the</word>
    <word xMin="230.556000" yMin="152.300000" xMax="278.952000" yMax="164.300000">petitioner</word>
    <word xMin="283.296000" yMin="152.300000" xMax="293.748000" yMax="164.300000">is,</word>
    <word xMin="298.044000" yMin="152.300000" xMax="307.704000" yMax="164.300000">at</word>
    <word xMin="311.952000" yMin="152.300000" xMax="328.236000" yMax="164.300000">the</word>
    <word xMin="332.688000" yMin="152.300000" xMax="354.852000" yMax="164.300000">time</word>
    <word xMin="359.184000" yMin="152.300000" xMax="369.168000" yMax="164.300000">of</word>
    <word xMin="373.572000" yMin="152.300000" xMax="427.236000" yMax="164.300000">application</word>
    <word xMin="431.484000" yMin="152.300000" xMax="449.892000" yMax="164.300000">and</word>
    <word xMin="454.260000" yMin="152.300000" xMax="523.464000" yMax="164.300000">consideration,</word>
    <word xMin="527.772000" yMin="152.300000" xMax="539.820000" yMax="164.300000">an</word>
    <word xMin="72.024000" yMin="168.140000" xMax="114.936000" yMax="180.140000">Alabama</word>
    <word xMin="117.600000" yMin="168.140000" xMax="160.572000" yMax="180.140000">resident.</word>
    <word xMin="72.024000" yMin="191.900000" xMax="84.492000" yMax="203.900000">All</word>
    <word xMin="88.692000" yMin="191.900000" xMax="147.108000" yMax="203.900000">applications</word>
    <word xMin="151.284000" yMin="191.900000" xMax="165.156000" yMax="203.900000">for</word>
    <word xMin="169.272000" yMin="191.900000" xMax="175.020000" yMax="203.900000">a</word>
    <word xMin="179.100000" yMin="191.900000" xMax="214.020000" yMax="203.900000">pardon</word>
    <word xMin="218.292000" yMin="191.900000" xMax="233.988000" yMax="203.900000">are</word>
    <word xMin="238.080000" yMin="191.900000" xMax="291.648000" yMax="203.900000">considered</word>
    <word xMin="295.764000" yMin="191.900000" xMax="337.644000" yMax="203.900000">requests</word>
    <word xMin="341.820000" yMin="191.900000" xMax="355.692000" yMax="203.900000">for</word>
    <word xMin="359.916000" yMin="191.900000" xMax="365.664000" yMax="203.900000">a</word>
    <word xMin="369.744000" yMin="191.900000" xMax="385.212000" yMax="203.900000">full</word>
    <word xMin="389.280000" yMin="191.900000" xMax="427.308000" yMax="203.900000">pardon.</word>
    <word xMin="431.710000" yMin="191.900000" xMax="486.700000" yMax="203.900000">HOWEVER,</word>
    <word xMin="490.888000" yMin="191.900000" xMax="507.172000" yMax="203.900000">the</word>
    <word xMin="511.384000" yMin="191.900000" xMax="540.232000" yMax="203.900000">Board</word>
    <word xMin="72.024000" yMin="206.540000" xMax="105.384000" yMax="218.540000">retains</word>
    <word xMin="109.080000" yMin="206.540000" xMax="125.364000" yMax="218.540000">the</word>
    <word xMin="128.976000" yMin="206.540000" xMax="176.988000" yMax="218.540000">discretion</word>
    <word xMin="180.672000" yMin="206.540000" xMax="190.956000" yMax="218.540000">to</word>
    <word xMin="194.460000" yMin="206.540000" xMax="223.020000" yMax="218.540000">grant,</word>
    <word xMin="226.728000" yMin="206.540000" xMax="232.476000" yMax="218.540000">a</word>
    <word xMin="236.076000" yMin="206.540000" xMax="271.032000" yMax="218.540000">pardon</word>
    <word xMin="274.788000" yMin="206.540000" xMax="313.104000" yMax="218.540000">without</word>
    <word xMin="316.632000" yMin="206.540000" xMax="370.320000" yMax="218.540000">restoration</word>
    <word xMin="374.076000" yMin="206.540000" xMax="383.976000" yMax="218.540000">of</word>
    <word xMin="387.612000" yMin="206.540000" xMax="398.880000" yMax="218.540000">all</word>
    <word xMin="402.600000" yMin="206.540000" xMax="429.972000" yMax="218.540000">rights</word>
    <word xMin="433.668000" yMin="206.540000" xMax="451.248000" yMax="218.540000">lost</word>
    <word xMin="454.896000" yMin="206.540000" xMax="465.336000" yMax="218.540000">as</word>
    <word xMin="469.044000" yMin="206.540000" xMax="474.792000" yMax="218.540000">a</word>
    <word xMin="478.392000" yMin="206.540000" xMax="506.560000" yMax="218.540000">result</word>
    <word xMin="510.208000" yMin="206.540000" xMax="520.192000" yMax="218.540000">of</word>
    <word xMin="523.876000" yMin="206.540000" xMax="540.160000" yMax="218.540000">the</word>
    <word xMin="72.024000" yMin="221.180000" xMax="125.064000" yMax="233.180000">conviction.</word>
    <word xMin="130.460000" yMin="221.180000" xMax="148.664000" yMax="233.180000">The</word>
    <word xMin="154.076000" yMin="221.180000" xMax="182.924000" yMax="233.180000">Board</word>
    <word xMin="188.252000" yMin="221.180000" xMax="221.972000" yMax="233.180000">cannot</word>
    <word xMin="227.336000" yMin="221.180000" xMax="252.956000" yMax="233.180000">grant</word>
    <word xMin="258.164000" yMin="221.180000" xMax="283.184000" yMax="233.180000">relief</word>
    <word xMin="288.620000" yMin="221.180000" xMax="312.200000" yMax="233.180000">from</word>
    <word xMin="317.690000" yMin="221.180000" xMax="333.974000" yMax="233.180000">the</word>
    <word xMin="339.386000" yMin="221.180000" xMax="382.202000" yMax="233.180000">Alabama</word>
    <word xMin="387.602000" yMin="221.180000" xMax="404.078000" yMax="233.180000">Sex</word>
    <word xMin="409.430000" yMin="221.180000" xMax="452.930000" yMax="233.180000">Offender</word>
    <word xMin="458.222000" yMin="221.180000" xMax="516.350000" yMax="233.180000">Registration</word>
    <word xMin="521.786000" yMin="221.180000" xMax="539.966000" yMax="233.180000">and</word>
    <word xMin="72.024000" yMin="235.820000" xMax="129.048000" yMax="247.820000">Notification</word>
    <word xMin="131.844000" yMin="235.820000" xMax="147.888000" yMax="247.820000">Act</word>
    <word xMin="150.620000" yMin="235.820000" xMax="182.600000" yMax="247.820000">except</word>
    <word xMin="185.288000" yMin="235.820000" xMax="214.388000" yMax="247.820000">under</word>
    <word xMin="217.052000" yMin="235.820000" xMax="233.336000" yMax="247.820000">the</word>
    <word xMin="236.108000" yMin="235.820000" xMax="286.724000" yMax="247.820000">conditions</word>
    <word xMin="289.352000" yMin="235.820000" xMax="336.884000" yMax="247.820000">described</word>
    <word xMin="339.596000" yMin="235.820000" xMax="348.656000" yMax="247.820000">in</word>
    <word xMin="351.344000" yMin="235.820000" xMax="394.148000" yMax="247.820000">Alabama</word>
    <word xMin="396.920000" yMin="235.820000" xMax="421.880000" yMax="247.820000">Code</word>
    <word xMin="424.870000" yMin="235.820000" xMax="430.846000" yMax="247.820000">§</word>
    <word xMin="433.390000" yMin="235.820000" xMax="500.788000" yMax="247.820000">15-20A-43(b).</word>
    <word xMin="72.024000" yMin="274.370000" xMax="108.024000" yMax="286.370000">PLEASE</word>
    <word xMin="110.760000" yMin="274.370000" xMax="138.108000" yMax="286.370000">READ</word>
    <word xMin="140.736000" yMin="274.370000" xMax="171.576000" yMax="286.370000">THESE</word>
    <word xMin="174.204000" yMin="274.370000" xMax="248.568000" yMax="286.370000">INSTRUCTIONS</word>
    <word xMin="251.280000" yMin="274.370000" xMax="290.016000" yMax="286.370000">BEFORE</word>
    <word xMin="292.850000" yMin="274.370000" xMax="357.554000" yMax="286.370000">SUBMITTING</word>
    <word xMin="360.230000" yMin="274.370000" xMax="388.730000" yMax="286.370000">YOUR</word>
    <word xMin="391.406000" yMin="274.370000" xMax="460.834000" yMax="286.370000">APPLICATION.</word>
    <word xMin="72.024000" yMin="298.130000" xMax="100.548000" yMax="310.130000">While</word>
    <word xMin="103.800000" yMin="298.130000" xMax="109.548000" yMax="310.130000">a</word>
    <word xMin="112.788000" yMin="298.130000" xMax="147.828000" yMax="310.130000">pardon</word>
    <word xMin="151.152000" yMin="298.130000" xMax="169.440000" yMax="310.130000">and</word>
    <word xMin="172.728000" yMin="298.130000" xMax="178.476000" yMax="310.130000">a</word>
    <word xMin="181.716000" yMin="298.130000" xMax="228.792000" yMax="310.130000">remission</word>
    <word xMin="232.092000" yMin="298.130000" xMax="242.076000" yMax="310.130000">of</word>
    <word xMin="245.570000" yMin="298.130000" xMax="268.946000" yMax="310.130000">fines</word>
    <word xMin="272.210000" yMin="298.130000" xMax="289.178000" yMax="310.130000">can</word>
    <word xMin="292.478000" yMin="298.130000" xMax="304.802000" yMax="310.130000">be</word>
    <word xMin="308.054000" yMin="298.130000" xMax="344.090000" yMax="310.130000">applied</word>
    <word xMin="347.486000" yMin="298.130000" xMax="361.358000" yMax="310.130000">for</word>
    <word xMin="364.634000" yMin="298.130000" xMax="374.294000" yMax="310.130000">at</word>
    <word xMin="377.582000" yMin="298.130000" xMax="393.866000" yMax="310.130000">the</word>
    <word xMin="397.118000" yMin="298.130000" xMax="423.122000" yMax="310.130000">same</word>
    <word xMin="426.386000" yMin="298.130000" xMax="448.550000" yMax="310.130000">time</word>
    <word xMin="451.934000" yMin="298.130000" xMax="470.222000" yMax="310.130000">and</word>
    <word xMin="473.510000" yMin="298.130000" xMax="496.634000" yMax="310.130000">have</word>
    <word xMin="499.886000" yMin="298.130000" xMax="526.802000" yMax="310.130000">many</word>
    <word xMin="529.994000" yMin="298.130000" xMax="539.978000" yMax="310.130000">of</word>
    <word xMin="72.024000" yMin="313.970000" xMax="88.308000" yMax="325.970000">the</word>
    <word xMin="91.080000" yMin="313.970000" xMax="117.084000" yMax="325.970000">same</word>
    <word xMin="119.856000" yMin="313.970000" xMax="179.940000" yMax="325.970000">instructions,</word>
    <word xMin="182.652000" yMin="313.970000" xMax="214.092000" yMax="325.970000">please</word>
    <word xMin="216.852000" yMin="313.970000" xMax="238.860000" yMax="325.970000">read</word>
    <word xMin="241.548000" yMin="313.970000" xMax="264.540000" yMax="325.970000">both</word>
    <word xMin="267.204000" yMin="313.970000" xMax="308.748000" yMax="325.970000">carefully</word>
    <word xMin="311.352000" yMin="313.970000" xMax="321.636000" yMax="325.970000">to</word>
    <word xMin="324.420000" yMin="313.970000" xMax="357.624000" yMax="325.970000">ensure</word>
    <word xMin="360.396000" yMin="313.970000" xMax="378.216000" yMax="325.970000">you</word>
    <word xMin="381.012000" yMin="313.970000" xMax="406.690000" yMax="325.970000">meet</word>
    <word xMin="409.390000" yMin="313.970000" xMax="425.674000" yMax="325.970000">the</word>
    <word xMin="428.446000" yMin="313.970000" xMax="465.886000" yMax="325.970000">criteria.</word>
    <word xMin="72.024000" yMin="337.730000" xMax="122.616000" yMax="349.730000">PARDONS:</word>
    <word xMin="72.024000" yMin="361.610000" xMax="81.744000" yMax="373.610000">1)</word>
    <word xMin="84.492000" yMin="361.610000" xMax="131.604000" yMax="373.610000">Complete</word>
    <word xMin="134.376000" yMin="361.610000" xMax="150.660000" yMax="373.610000">the</word>
    <word xMin="153.432000" yMin="361.610000" xMax="200.240000" yMax="373.610000">“PARDON</word>
    <word xMin="203.024000" yMin="361.610000" xMax="244.220000" yMax="373.610000">AND/OR</word>
    <word xMin="246.908000" yMin="361.610000" xMax="302.180000" yMax="373.610000">REMISSION</word>
    <word xMin="304.964000" yMin="361.610000" xMax="318.416000" yMax="373.610000">OF</word>
    <word xMin="321.290000" yMin="361.610000" xMax="348.866000" yMax="373.610000">FINES</word>
    <word xMin="351.670000" yMin="361.610000" xMax="421.006000" yMax="373.610000">APPLICATION”</word>
    <word xMin="423.778000" yMin="361.610000" xMax="447.154000" yMax="373.610000">form</word>
    <word xMin="449.926000" yMin="361.610000" xMax="468.334000" yMax="373.610000">and</word>
    <word xMin="471.022000" yMin="361.610000" xMax="476.770000" yMax="373.610000">a</word>
    <word xMin="479.530000" yMin="361.610000" xMax="523.834000" yMax="373.610000">“WAIVER</word>
    <word xMin="526.546000" yMin="361.610000" xMax="539.998000" yMax="373.610000">OF</word>
    <word xMin="72.024000" yMin="376.250000" xMax="116.232000" yMax="388.250000">LIABILITY</word>
    <word xMin="122.760000" yMin="376.250000" xMax="144.888000" yMax="388.250000">AND</word>
    <word xMin="151.460000" yMin="376.250000" xMax="208.268000" yMax="388.250000">AUTHORITY</word>
    <word xMin="214.796000" yMin="376.250000" xMax="234.656000" yMax="388.250000">FOR</word>
    <word xMin="241.064000" yMin="376.250000" xMax="282.536000" yMax="388.250000">RELEASE</word>
    <word xMin="289.040000" yMin="376.250000" xMax="302.492000" yMax="388.250000">OF</word>
    <word xMin="308.948000" yMin="376.250000" xMax="385.352000" yMax="388.250000">INFORMATION”</word>
    <word xMin="391.844000" yMin="376.250000" xMax="418.364000" yMax="388.250000">form.</word>
    <word xMin="424.990000" yMin="376.250000" xMax="454.270000" yMax="388.250000">These</word>
    <word xMin="460.714000" yMin="376.250000" xMax="489.610000" yMax="388.250000">forms</word>
    <word xMin="496.090000" yMin="376.250000" xMax="521.122000" yMax="388.250000">must</word>
    <word xMin="527.626000" yMin="376.250000" xMax="540.130000" yMax="388.250000">be</word>
    <word xMin="72.024000" yMin="390.890000" xMax="122.592000" yMax="402.890000">submitted</word>
    <word xMin="126.684000" yMin="390.890000" xMax="137.220000" yMax="402.890000">to</word>
    <word xMin="141.192000" yMin="390.890000" xMax="157.896000" yMax="402.890000">the</word>
    <word xMin="161.900000" yMin="390.890000" xMax="205.952000" yMax="402.890000">Alabama</word>
    <word xMin="209.972000" yMin="390.890000" xMax="245.576000" yMax="402.890000">Bureau</word>
    <word xMin="249.668000" yMin="390.890000" xMax="259.916000" yMax="402.890000">of</word>
    <word xMin="264.044000" yMin="390.890000" xMax="304.328000" yMax="402.890000">Pardons</word>
    <word xMin="308.288000" yMin="390.890000" xMax="327.080000" yMax="402.890000">and</word>
    <word xMin="331.172000" yMin="390.890000" xMax="367.508000" yMax="402.890000">Paroles</word>
    <word xMin="371.588000" yMin="390.890000" xMax="381.512000" yMax="402.890000">at</word>
    <word xMin="385.616000" yMin="390.890000" xMax="402.320000" yMax="402.890000">the</word>
    <word xMin="406.352000" yMin="390.890000" xMax="452.672000" yMax="402.890000">following</word>
    <word xMin="457.030000" yMin="390.890000" xMax="493.642000" yMax="402.890000">mailing</word>
    <word xMin="497.740000" yMin="390.890000" xMax="508.360000" yMax="402.890000">or</word>
    <word xMin="512.476000" yMin="390.890000" xMax="540.016000" yMax="402.890000">email</word>
    <word xMin="72.024000" yMin="405.530000" xMax="113.756000" yMax="417.530000">address:</word>
    <word xMin="108.020000" yMin="434.830000" xMax="150.932000" yMax="446.830000">Alabama</word>
    <word xMin="153.704000" yMin="434.830000" xMax="188.444000" yMax="446.830000">Bureau</word>
    <word xMin="191.240000" yMin="434.830000" xMax="201.140000" yMax="446.830000">of</word>
    <word xMin="203.828000" yMin="434.830000" xMax="243.188000" yMax="446.830000">Pardons</word>
    <word xMin="245.924000" yMin="434.830000" xMax="264.212000" yMax="446.830000">and</word>
    <word xMin="266.900000" yMin="434.830000" xMax="302.420000" yMax="446.830000">Paroles</word>
    <word xMin="108.020000" yMin="449.470000" xMax="126.332000" yMax="461.470000">301</word>
    <word xMin="129.116000" yMin="449.470000" xMax="157.484000" yMax="461.470000">South</word>
    <word xMin="160.280000" yMin="449.470000" xMax="189.824000" yMax="461.470000">Ripley</word>
    <word xMin="192.536000" yMin="449.470000" xMax="202.064000" yMax="461.470000">St</word>
    <word xMin="108.020000" yMin="464.110000" xMax="173.996000" yMax="476.110000">Montgomery,</word>
    <word xMin="176.744000" yMin="464.110000" xMax="188.732000" yMax="476.110000">AL</word>
    <word xMin="191.492000" yMin="464.110000" xMax="221.978000" yMax="476.110000">36104</word>
    <word xMin="108.020000" yMin="478.750000" xMax="137.984000" yMax="490.750000">Email:</word>
    <word xMin="140.660000" yMin="478.750000" xMax="348.644000" yMax="490.750000">pardons.application@paroles.alabama.gov</word>
    <word xMin="72.024000" yMin="508.150000" xMax="81.744000" yMax="520.150000">2)</word>
    <word xMin="86.652000" yMin="508.150000" xMax="100.764000" yMax="520.150000">No</word>
    <word xMin="105.588000" yMin="508.150000" xMax="140.628000" yMax="520.150000">pardon</word>
    <word xMin="145.512000" yMin="508.150000" xMax="207.204000" yMax="520.150000">investigation</word>
    <word xMin="212.196000" yMin="508.150000" xMax="228.996000" yMax="520.150000">will</word>
    <word xMin="233.904000" yMin="508.150000" xMax="246.120000" yMax="520.150000">be</word>
    <word xMin="251.052000" yMin="508.150000" xMax="303.024000" yMax="520.150000">completed</word>
    <word xMin="307.896000" yMin="508.150000" xMax="339.876000" yMax="520.150000">except</word>
    <word xMin="344.724000" yMin="508.150000" xMax="354.384000" yMax="520.150000">at</word>
    <word xMin="359.232000" yMin="508.150000" xMax="375.516000" yMax="520.150000">the</word>
    <word xMin="380.448000" yMin="508.150000" xMax="417.696000" yMax="520.150000">request</word>
    <word xMin="422.544000" yMin="508.150000" xMax="432.528000" yMax="520.150000">of</word>
    <word xMin="437.412000" yMin="508.150000" xMax="453.696000" yMax="520.150000">the</word>
    <word xMin="458.628000" yMin="508.150000" xMax="492.156000" yMax="520.150000">person</word>
    <word xMin="497.500000" yMin="508.150000" xMax="519.040000" yMax="520.150000">with</word>
    <word xMin="523.996000" yMin="508.150000" xMax="540.172000" yMax="520.150000">the</word>
    <word xMin="72.024000" yMin="522.790000" xMax="125.064000" yMax="534.790000">conviction.</word>
    <word xMin="72.024000" yMin="552.070000" xMax="81.744000" yMax="564.070000">3)</word>
    <word xMin="84.264000" yMin="552.070000" xMax="95.388000" yMax="564.070000">To</word>
    <word xMin="97.944000" yMin="552.070000" xMax="110.268000" yMax="564.070000">be</word>
    <word xMin="112.812000" yMin="552.070000" xMax="166.344000" yMax="564.070000">considered</word>
    <word xMin="168.828000" yMin="552.070000" xMax="182.700000" yMax="564.070000">for</word>
    <word xMin="185.256000" yMin="552.070000" xMax="191.004000" yMax="564.070000">a</word>
    <word xMin="193.416000" yMin="552.070000" xMax="231.540000" yMax="564.070000">pardon,</word>
    <word xMin="234.060000" yMin="552.070000" xMax="246.000000" yMax="564.070000">an</word>
    <word xMin="248.568000" yMin="552.070000" xMax="293.364000" yMax="564.070000">applicant</word>
    <word xMin="295.824000" yMin="552.070000" xMax="320.244000" yMax="564.070000">must</word>
    <word xMin="322.704000" yMin="552.070000" xMax="345.828000" yMax="564.070000">have</word>
    <word xMin="348.372000" yMin="552.070000" xMax="377.628000" yMax="564.070000">either</word>
    <word xMin="380.160000" yMin="552.070000" xMax="432.132000" yMax="564.070000">completed</word>
    <word xMin="434.616000" yMin="552.070000" xMax="448.416000" yMax="564.070000">his</word>
    <word xMin="450.924000" yMin="552.070000" xMax="461.436000" yMax="564.070000">or</word>
    <word xMin="463.872000" yMin="552.070000" xMax="480.384000" yMax="564.070000">her</word>
    <word xMin="482.928000" yMin="552.070000" xMax="526.932000" yMax="564.070000">sentence</word>
    <word xMin="529.780000" yMin="552.070000" xMax="540.292000" yMax="564.070000">or</word>
    <word xMin="72.024000" yMin="566.710000" xMax="95.148000" yMax="578.710000">have</word>
    <word xMin="99.240000" yMin="566.710000" xMax="156.480000" yMax="578.710000">successfully</word>
    <word xMin="160.580000" yMin="566.710000" xMax="212.432000" yMax="578.710000">completed</word>
    <word xMin="216.650000" yMin="566.710000" xMax="226.310000" yMax="578.710000">at</word>
    <word xMin="230.318000" yMin="566.710000" xMax="253.406000" yMax="578.710000">least</word>
    <word xMin="257.414000" yMin="566.710000" xMax="283.634000" yMax="578.710000">three</word>
    <word xMin="287.738000" yMin="566.710000" xMax="301.094000" yMax="578.710000">(3)</word>
    <word xMin="305.006000" yMin="566.710000" xMax="330.566000" yMax="578.710000">years</word>
    <word xMin="334.622000" yMin="566.710000" xMax="347.246000" yMax="578.710000">on</word>
    <word xMin="351.290000" yMin="566.710000" xMax="382.334000" yMax="578.710000">parole</word>
    <word xMin="386.426000" yMin="566.710000" xMax="400.298000" yMax="578.710000">for</word>
    <word xMin="404.294000" yMin="566.710000" xMax="420.578000" yMax="578.710000">the</word>
    <word xMin="424.670000" yMin="566.710000" xMax="468.674000" yMax="578.710000">sentence</word>
    <word xMin="472.766000" yMin="566.710000" xMax="486.638000" yMax="578.710000">for</word>
    <word xMin="490.634000" yMin="566.710000" xMax="519.602000" yMax="578.710000">which</word>
    <word xMin="523.610000" yMin="566.710000" xMax="539.894000" yMax="578.710000">the</word>
    <word xMin="72.024000" yMin="581.350000" xMax="116.940000" yMax="593.350000">applicant</word>
    <word xMin="119.628000" yMin="581.350000" xMax="146.280000" yMax="593.350000">seeks</word>
    <word xMin="149.016000" yMin="581.350000" xMax="154.764000" yMax="593.350000">a</word>
    <word xMin="157.404000" yMin="581.350000" xMax="195.324000" yMax="593.350000">pardon.</word>
    <word xMin="72.024000" yMin="610.660000" xMax="81.744000" yMax="622.660000">4)</word>
    <word xMin="86.892000" yMin="610.660000" xMax="168.204000" yMax="622.660000">Notwithstanding</word>
    <word xMin="173.340000" yMin="610.660000" xMax="189.516000" yMax="622.660000">the</word>
    <word xMin="194.568000" yMin="610.660000" xMax="244.104000" yMax="622.660000">foregoing,</word>
    <word xMin="249.252000" yMin="610.660000" xMax="255.000000" yMax="622.660000">a</word>
    <word xMin="260.040000" yMin="610.660000" xMax="294.996000" yMax="622.660000">pardon</word>
    <word xMin="300.192000" yMin="610.660000" xMax="329.136000" yMax="622.660000">based</word>
    <word xMin="334.356000" yMin="610.660000" xMax="346.896000" yMax="622.660000">on</word>
    <word xMin="352.092000" yMin="610.660000" xMax="402.204000" yMax="622.660000">innocence</word>
    <word xMin="407.256000" yMin="610.660000" xMax="427.812000" yMax="622.660000">may</word>
    <word xMin="432.924000" yMin="610.660000" xMax="445.140000" yMax="622.660000">be</word>
    <word xMin="450.312000" yMin="610.660000" xMax="488.028000" yMax="622.660000">granted</word>
    <word xMin="493.140000" yMin="610.660000" xMax="518.352000" yMax="622.660000">upon</word>
    <word xMin="523.584000" yMin="610.660000" xMax="539.760000" yMax="622.660000">the</word>
    <word xMin="72.024000" yMin="625.300000" xMax="126.468000" yMax="637.300000">unanimous</word>
    <word xMin="129.140000" yMin="625.300000" xMax="150.596000" yMax="637.300000">vote</word>
    <word xMin="153.260000" yMin="625.300000" xMax="163.160000" yMax="637.300000">of</word>
    <word xMin="165.848000" yMin="625.300000" xMax="182.132000" yMax="637.300000">the</word>
    <word xMin="184.796000" yMin="625.300000" xMax="213.524000" yMax="637.300000">Board</word>
    <word xMin="216.212000" yMin="625.300000" xMax="260.972000" yMax="637.300000">following</word>
    <word xMin="263.600000" yMin="625.300000" xMax="297.740000" yMax="637.300000">receipt</word>
    <word xMin="300.320000" yMin="625.300000" xMax="318.620000" yMax="637.300000">and</word>
    <word xMin="321.308000" yMin="625.300000" xMax="345.188000" yMax="637.300000">filing</word>
    <word xMin="347.816000" yMin="625.300000" xMax="357.716000" yMax="637.300000">of</word>
    <word xMin="360.404000" yMin="625.300000" xMax="384.140000" yMax="637.300000">clear</word>
    <word xMin="386.672000" yMin="625.300000" xMax="413.348000" yMax="637.300000">proof</word>
    <word xMin="415.916000" yMin="625.300000" xMax="425.900000" yMax="637.300000">of</word>
    <word xMin="428.504000" yMin="625.300000" xMax="442.196000" yMax="637.300000">his</word>
    <word xMin="444.824000" yMin="625.300000" xMax="455.336000" yMax="637.300000">or</word>
    <word xMin="458.012000" yMin="625.300000" xMax="474.524000" yMax="637.300000">her</word>
    <word xMin="477.460000" yMin="625.300000" xMax="527.452000" yMax="637.300000">innocence</word>
    <word xMin="530.116000" yMin="625.300000" xMax="540.016000" yMax="637.300000">of</word>
    <word xMin="72.024000" yMin="639.940000" xMax="88.308000" yMax="651.940000">the</word>
    <word xMin="90.732000" yMin="639.940000" xMax="118.284000" yMax="651.940000">crime</word>
    <word xMin="120.720000" yMin="639.940000" xMax="134.592000" yMax="651.940000">for</word>
    <word xMin="136.920000" yMin="639.940000" xMax="165.888000" yMax="651.940000">which</word>
    <word xMin="168.216000" yMin="639.940000" xMax="180.540000" yMax="651.940000">he</word>
    <word xMin="182.844000" yMin="639.940000" xMax="193.356000" yMax="651.940000">or</word>
    <word xMin="195.684000" yMin="639.940000" xMax="212.688000" yMax="651.940000">she</word>
    <word xMin="215.112000" yMin="639.940000" xMax="233.952000" yMax="651.940000">was</word>
    <word xMin="236.352000" yMin="639.940000" xMax="283.068000" yMax="651.940000">convicted</word>
    <word xMin="285.432000" yMin="639.940000" xMax="303.732000" yMax="651.940000">and</word>
    <word xMin="306.180000" yMin="639.940000" xMax="322.464000" yMax="651.940000">the</word>
    <word xMin="324.888000" yMin="639.940000" xMax="360.084000" yMax="651.940000">written</word>
    <word xMin="362.448000" yMin="639.940000" xMax="404.784000" yMax="651.940000">approval</word>
    <word xMin="407.196000" yMin="639.940000" xMax="417.096000" yMax="651.940000">of</word>
    <word xMin="419.544000" yMin="639.940000" xMax="435.720000" yMax="651.940000">the</word>
    <word xMin="438.144000" yMin="639.940000" xMax="465.108000" yMax="651.940000">judge</word>
    <word xMin="470.020000" yMin="639.940000" xMax="480.532000" yMax="651.940000">or</word>
    <word xMin="482.860000" yMin="639.940000" xMax="540.184000" yMax="651.940000">prosecuting</word>
    <word xMin="72.024000" yMin="654.580000" xMax="113.316000" yMax="666.580000">attorney</word>
    <word xMin="116.028000" yMin="654.580000" xMax="137.232000" yMax="666.580000">who</word>
    <word xMin="140.016000" yMin="654.580000" xMax="163.200000" yMax="666.580000">tried</word>
    <word xMin="165.980000" yMin="654.580000" xMax="182.264000" yMax="666.580000">the</word>
    <word xMin="185.060000" yMin="654.580000" xMax="209.300000" yMax="666.580000">case.</word>
    <word xMin="72.024000" yMin="683.856000" xMax="81.744000" yMax="695.856000">5)</word>
    <word xMin="86.892000" yMin="683.856000" xMax="113.460000" yMax="695.856000">Upon</word>
    <word xMin="118.536000" yMin="683.856000" xMax="162.456000" yMax="695.856000">receiving</word>
    <word xMin="167.592000" yMin="683.856000" xMax="183.876000" yMax="695.856000">the</word>
    <word xMin="188.928000" yMin="683.856000" xMax="242.592000" yMax="695.856000">application</word>
    <word xMin="247.788000" yMin="683.856000" xMax="266.076000" yMax="695.856000">and</word>
    <word xMin="271.164000" yMin="683.856000" xMax="305.484000" yMax="695.856000">waiver,</word>
    <word xMin="310.632000" yMin="683.856000" xMax="326.796000" yMax="695.856000">the</word>
    <word xMin="331.968000" yMin="683.856000" xMax="373.728000" yMax="695.856000">Bureau’s</word>
    <word xMin="378.744000" yMin="683.856000" xMax="413.352000" yMax="695.856000">Pardon</word>
    <word xMin="418.440000" yMin="683.856000" xMax="439.128000" yMax="695.856000">Unit</word>
    <word xMin="444.216000" yMin="683.856000" xMax="461.016000" yMax="695.856000">will</word>
    <word xMin="466.164000" yMin="683.856000" xMax="518.836000" yMax="695.856000">investigate</word>
    <word xMin="523.900000" yMin="683.856000" xMax="540.184000" yMax="695.856000">the</word>
    <word xMin="72.024000" yMin="698.616000" xMax="124.320000" yMax="710.616000">applicant’s</word>
    <word xMin="126.348000" yMin="698.616000" xMax="150.708000" yMax="710.616000">case.</word>
    <word xMin="152.868000" yMin="698.616000" xMax="170.988000" yMax="710.616000">The</word>
    <word xMin="173.180000" yMin="698.616000" xMax="234.860000" yMax="710.616000">investigation</word>
    <word xMin="236.996000" yMin="698.616000" xMax="277.160000" yMax="710.616000">includes</word>
    <word xMin="279.332000" yMin="698.616000" xMax="315.020000" yMax="710.616000">current</word>
    <word xMin="317.120000" yMin="698.616000" xMax="374.516000" yMax="710.616000">information</word>
    <word xMin="376.724000" yMin="698.616000" xMax="389.264000" yMax="710.616000">on</word>
    <word xMin="391.472000" yMin="698.616000" xMax="407.648000" yMax="710.616000">the</word>
    <word xMin="409.832000" yMin="698.616000" xMax="461.888000" yMax="710.616000">applicant’s</word>
    <word xMin="464.036000" yMin="698.616000" xMax="492.200000" yMax="710.616000">home</word>
    <word xMin="494.620000" yMin="698.616000" xMax="540.232000" yMax="710.616000">situation,</word>
    <word xMin="72.024000" yMin="713.256000" xMax="87.552000" yMax="725.256000">job</word>
    <word xMin="92.868000" yMin="713.256000" xMax="124.908000" yMax="725.256000">status,</word>
    <word xMin="130.164000" yMin="713.256000" xMax="142.104000" yMax="725.256000">an</word>
    <word xMin="147.300000" yMin="713.256000" xMax="187.992000" yMax="725.256000">updated</word>
    <word xMin="193.212000" yMin="713.256000" xMax="232.428000" yMax="725.256000">criminal</word>
    <word xMin="237.708000" yMin="713.256000" xMax="266.208000" yMax="725.256000">arrest</word>
    <word xMin="271.416000" yMin="713.256000" xMax="305.964000" yMax="725.256000">record,</word>
    <word xMin="311.112000" yMin="713.256000" xMax="346.308000" yMax="725.256000">written</word>
    <word xMin="351.648000" yMin="713.256000" xMax="405.984000" yMax="725.256000">references,</word>
    <word xMin="411.144000" yMin="713.256000" xMax="429.444000" yMax="725.256000">and</word>
    <word xMin="434.652000" yMin="713.256000" xMax="461.484000" yMax="725.256000">other</word>
    <word xMin="466.776000" yMin="713.256000" xMax="524.064000" yMax="725.256000">information</word>
    <word xMin="529.780000" yMin="713.256000" xMax="540.220000" yMax="725.256000">as</word>
  </page>
  <page width="612.000000" height="792.000000">
    <word xMin="72.024000" yMin="38.160000" xMax="104.381280" yMax="49.200000">ABPP-3</word>
    <word xMin="72.024000" yMin="65.280000" xMax="125.556000" yMax="77.280000">warranted.</word>
    <word xMin="128.900000" yMin="65.280000" xMax="179.540000" yMax="77.280000">Applicants</word>
    <word xMin="182.996000" yMin="65.280000" xMax="207.404000" yMax="77.280000">must</word>
    <word xMin="210.812000" yMin="65.280000" xMax="231.716000" yMax="77.280000">fully</word>
    <word xMin="235.148000" yMin="65.280000" xMax="284.432000" yMax="77.280000">cooperate</word>
    <word xMin="287.804000" yMin="65.280000" xMax="309.344000" yMax="77.280000">with</word>
    <word xMin="312.740000" yMin="65.280000" xMax="329.024000" yMax="77.280000">the</word>
    <word xMin="332.516000" yMin="65.280000" xMax="394.196000" yMax="77.280000">investigation</word>
    <word xMin="397.640000" yMin="65.280000" xMax="407.540000" yMax="77.280000">of</word>
    <word xMin="410.948000" yMin="65.280000" xMax="424.748000" yMax="77.280000">his</word>
    <word xMin="428.084000" yMin="65.280000" xMax="438.512000" yMax="77.280000">or</word>
    <word xMin="442.270000" yMin="65.280000" xMax="458.674000" yMax="77.280000">her</word>
    <word xMin="462.058000" yMin="65.280000" xMax="501.274000" yMax="77.280000">criminal</word>
    <word xMin="504.514000" yMin="65.280000" xMax="540.130000" yMax="77.280000">history,</word>
    <word xMin="72.024000" yMin="79.940000" xMax="114.228000" yMax="91.940000">personal</word>
    <word xMin="116.868000" yMin="79.940000" xMax="135.168000" yMax="91.940000">and</word>
    <word xMin="137.964000" yMin="79.940000" xMax="165.324000" yMax="91.940000">social</word>
    <word xMin="167.952000" yMin="79.940000" xMax="203.460000" yMax="91.940000">history,</word>
    <word xMin="206.208000" yMin="79.940000" xMax="224.616000" yMax="91.940000">and</word>
    <word xMin="227.412000" yMin="79.940000" xMax="243.588000" yMax="91.940000">the</word>
    <word xMin="246.360000" yMin="79.940000" xMax="315.228000" yMax="91.940000">circumstances</word>
    <word xMin="317.964000" yMin="79.940000" xMax="327.948000" yMax="91.940000">of</word>
    <word xMin="331.010000" yMin="79.940000" xMax="347.186000" yMax="91.940000">the</word>
    <word xMin="349.990000" yMin="79.940000" xMax="380.602000" yMax="91.940000">crime.</word>
    <word xMin="72.024000" yMin="109.220000" xMax="81.744000" yMax="121.220000">6)</word>
    <word xMin="84.864000" yMin="109.220000" xMax="114.072000" yMax="121.220000">When</word>
    <word xMin="117.228000" yMin="109.220000" xMax="133.512000" yMax="121.220000">the</word>
    <word xMin="136.524000" yMin="109.220000" xMax="198.240000" yMax="121.220000">investigation</word>
    <word xMin="201.396000" yMin="109.220000" xMax="208.848000" yMax="121.220000">is</word>
    <word xMin="211.944000" yMin="109.220000" xMax="260.508000" yMax="121.220000">complete,</word>
    <word xMin="263.640000" yMin="109.220000" xMax="279.924000" yMax="121.220000">the</word>
    <word xMin="283.056000" yMin="109.220000" xMax="304.392000" yMax="121.220000">case</word>
    <word xMin="307.404000" yMin="109.220000" xMax="324.204000" yMax="121.220000">will</word>
    <word xMin="327.312000" yMin="109.220000" xMax="339.636000" yMax="121.220000">be</word>
    <word xMin="342.648000" yMin="109.220000" xMax="387.432000" yMax="121.220000">docketed</word>
    <word xMin="390.612000" yMin="109.220000" xMax="404.484000" yMax="121.220000">for</word>
    <word xMin="407.628000" yMin="109.220000" xMax="473.772000" yMax="121.220000">consideration</word>
    <word xMin="476.928000" yMin="109.220000" xMax="488.604000" yMax="121.220000">by</word>
    <word xMin="491.676000" yMin="109.220000" xMax="507.852000" yMax="121.220000">the</word>
    <word xMin="510.984000" yMin="109.220000" xMax="539.712000" yMax="121.220000">Board</word>
    <word xMin="72.024000" yMin="123.860000" xMax="90.432000" yMax="135.860000">and</word>
    <word xMin="96.240000" yMin="123.860000" xMax="137.892000" yMax="135.860000">required</word>
    <word xMin="143.604000" yMin="123.860000" xMax="199.188000" yMax="135.860000">notification</word>
    <word xMin="205.104000" yMin="123.860000" xMax="221.904000" yMax="135.860000">will</word>
    <word xMin="227.652000" yMin="123.860000" xMax="239.976000" yMax="135.860000">be</word>
    <word xMin="245.748000" yMin="123.860000" xMax="266.688000" yMax="135.860000">sent</word>
    <word xMin="272.376000" yMin="123.860000" xMax="282.660000" yMax="135.860000">to</word>
    <word xMin="288.444000" yMin="123.860000" xMax="304.728000" yMax="135.860000">the</word>
    <word xMin="310.380000" yMin="123.860000" xMax="342.876000" yMax="135.860000">victim,</word>
    <word xMin="348.756000" yMin="123.860000" xMax="382.632000" yMax="135.860000">certain</word>
    <word xMin="388.452000" yMin="123.860000" xMax="447.768000" yMax="135.860000">government</word>
    <word xMin="453.576000" yMin="123.860000" xMax="493.644000" yMax="135.860000">officials,</word>
    <word xMin="499.392000" yMin="123.860000" xMax="517.692000" yMax="135.860000">and</word>
    <word xMin="523.608000" yMin="123.860000" xMax="539.784000" yMax="135.860000">the</word>
    <word xMin="72.024000" yMin="138.500000" xMax="119.904000" yMax="150.500000">applicant.</word>
    <word xMin="72.024000" yMin="167.780000" xMax="81.744000" yMax="179.780000">7)</word>
    <word xMin="84.144000" yMin="167.780000" xMax="102.348000" yMax="179.780000">The</word>
    <word xMin="104.772000" yMin="167.780000" xMax="127.044000" yMax="179.780000">time</word>
    <word xMin="129.360000" yMin="167.780000" xMax="166.116000" yMax="179.780000">needed</word>
    <word xMin="168.564000" yMin="167.780000" xMax="178.848000" yMax="179.780000">to</word>
    <word xMin="181.284000" yMin="167.780000" xMax="226.848000" yMax="179.780000">complete</word>
    <word xMin="229.272000" yMin="167.780000" xMax="245.556000" yMax="179.780000">the</word>
    <word xMin="247.980000" yMin="167.780000" xMax="309.696000" yMax="179.780000">investigation</word>
    <word xMin="312.024000" yMin="167.780000" xMax="353.988000" yMax="179.780000">depends</word>
    <word xMin="356.376000" yMin="167.780000" xMax="368.916000" yMax="179.780000">on</word>
    <word xMin="371.364000" yMin="167.780000" xMax="420.792000" yMax="179.780000">numerous</word>
    <word xMin="423.180000" yMin="167.780000" xMax="459.312000" yMax="179.780000">factors,</word>
    <word xMin="461.700000" yMin="167.780000" xMax="480.108000" yMax="179.780000">and</word>
    <word xMin="482.436000" yMin="167.780000" xMax="495.108000" yMax="179.780000">no</word>
    <word xMin="497.544000" yMin="167.780000" xMax="539.868000" yMax="179.780000">estimate</word>
    <word xMin="72.024000" yMin="182.420000" xMax="88.824000" yMax="194.420000">will</word>
    <word xMin="91.572000" yMin="182.420000" xMax="103.896000" yMax="194.420000">be</word>
    <word xMin="106.560000" yMin="182.420000" xMax="152.988000" yMax="194.420000">provided.</word>
    <word xMin="72.024000" yMin="211.700000" xMax="81.744000" yMax="223.700000">8)</word>
    <word xMin="84.492000" yMin="211.700000" xMax="91.176000" yMax="223.700000">If</word>
    <word xMin="93.960000" yMin="211.700000" xMax="110.244000" yMax="223.700000">the</word>
    <word xMin="112.896000" yMin="211.700000" xMax="141.744000" yMax="223.700000">Board</word>
    <word xMin="144.540000" yMin="211.700000" xMax="174.672000" yMax="223.700000">grants</word>
    <word xMin="177.408000" yMin="211.700000" xMax="183.156000" yMax="223.700000">a</word>
    <word xMin="185.916000" yMin="211.700000" xMax="223.932000" yMax="223.700000">pardon,</word>
    <word xMin="226.680000" yMin="211.700000" xMax="242.964000" yMax="223.700000">the</word>
    <word xMin="245.616000" yMin="211.700000" xMax="274.464000" yMax="223.700000">Board</word>
    <word xMin="277.260000" yMin="211.700000" xMax="294.060000" yMax="223.700000">will</word>
    <word xMin="296.808000" yMin="211.700000" xMax="316.212000" yMax="223.700000">also</word>
    <word xMin="318.996000" yMin="211.700000" xMax="351.348000" yMax="223.700000">decide</word>
    <word xMin="354.120000" yMin="211.700000" xMax="395.340000" yMax="223.700000">whether</word>
    <word xMin="398.004000" yMin="211.700000" xMax="408.288000" yMax="223.700000">to</word>
    <word xMin="410.952000" yMin="211.700000" xMax="445.728000" yMax="223.700000">restore</word>
    <word xMin="448.500000" yMin="211.700000" xMax="465.696000" yMax="223.700000">any</word>
    <word xMin="468.408000" yMin="211.700000" xMax="478.956000" yMax="223.700000">or</word>
    <word xMin="481.596000" yMin="211.700000" xMax="492.864000" yMax="223.700000">all</word>
    <word xMin="495.624000" yMin="211.700000" xMax="514.368000" yMax="223.700000">civil</word>
    <word xMin="517.080000" yMin="211.700000" xMax="535.392000" yMax="223.700000">and</word>
    <word xMin="72.024000" yMin="226.460000" xMax="110.388000" yMax="238.460000">political</word>
    <word xMin="113.040000" yMin="226.460000" xMax="140.532000" yMax="238.460000">rights</word>
    <word xMin="143.160000" yMin="226.460000" xMax="160.880000" yMax="238.460000">lost</word>
    <word xMin="163.460000" yMin="226.460000" xMax="173.900000" yMax="238.460000">as</word>
    <word xMin="176.540000" yMin="226.460000" xMax="182.288000" yMax="238.460000">a</word>
    <word xMin="184.940000" yMin="226.460000" xMax="212.708000" yMax="238.460000">result</word>
    <word xMin="215.288000" yMin="226.460000" xMax="225.272000" yMax="238.460000">of</word>
    <word xMin="227.996000" yMin="226.460000" xMax="244.280000" yMax="238.460000">the</word>
    <word xMin="246.944000" yMin="226.460000" xMax="299.984000" yMax="238.460000">conviction.</word>
    <word xMin="302.600000" yMin="226.460000" xMax="314.132000" yMax="238.460000">As</word>
    <word xMin="316.760000" yMin="226.460000" xMax="358.436000" yMax="238.460000">required</word>
    <word xMin="361.124000" yMin="226.460000" xMax="372.800000" yMax="238.460000">by</word>
    <word xMin="375.404000" yMin="226.460000" xMax="394.364000" yMax="238.460000">law,</word>
    <word xMin="397.004000" yMin="226.460000" xMax="425.852000" yMax="238.460000">Board</word>
    <word xMin="428.540000" yMin="226.460000" xMax="475.340000" yMax="238.460000">Members</word>
    <word xMin="477.968000" yMin="226.460000" xMax="500.264000" yMax="238.460000">shall</word>
    <word xMin="502.916000" yMin="226.460000" xMax="539.948000" yMax="238.460000">provide</word>
    <word xMin="72.024000" yMin="241.100000" xMax="88.308000" yMax="253.100000">the</word>
    <word xMin="91.800000" yMin="241.100000" xMax="129.708000" yMax="253.100000">reasons</word>
    <word xMin="133.164000" yMin="241.100000" xMax="185.808000" yMax="253.100000">supporting</word>
    <word xMin="189.264000" yMin="241.100000" xMax="212.496000" yMax="253.100000">their</word>
    <word xMin="215.988000" yMin="241.100000" xMax="256.116000" yMax="253.100000">decision</word>
    <word xMin="259.632000" yMin="241.100000" xMax="269.796000" yMax="253.100000">to</word>
    <word xMin="273.300000" yMin="241.100000" xMax="298.920000" yMax="253.100000">grant</word>
    <word xMin="302.328000" yMin="241.100000" xMax="308.076000" yMax="253.100000">a</word>
    <word xMin="311.556000" yMin="241.100000" xMax="346.596000" yMax="253.100000">pardon</word>
    <word xMin="350.148000" yMin="241.100000" xMax="359.088000" yMax="253.100000">in</word>
    <word xMin="362.604000" yMin="241.100000" xMax="374.016000" yMax="253.100000">its</word>
    <word xMin="377.472000" yMin="241.100000" xMax="395.604000" yMax="253.100000">file.</word>
    <word xMin="399.048000" yMin="241.100000" xMax="417.252000" yMax="253.100000">The</word>
    <word xMin="420.744000" yMin="241.100000" xMax="456.504000" yMax="253.100000">Board’s</word>
    <word xMin="459.960000" yMin="241.100000" xMax="486.792000" yMax="253.100000">order</word>
    <word xMin="490.284000" yMin="241.100000" xMax="530.484000" yMax="253.100000">granting</word>
    <word xMin="533.940000" yMin="241.100000" xMax="539.688000" yMax="253.100000">a</word>
    <word xMin="72.024000" yMin="255.770000" xMax="107.064000" yMax="267.770000">pardon</word>
    <word xMin="109.776000" yMin="255.770000" xMax="126.600000" yMax="267.770000">will</word>
    <word xMin="129.348000" yMin="255.770000" xMax="141.672000" yMax="267.770000">be</word>
    <word xMin="144.324000" yMin="255.770000" xMax="173.856000" yMax="267.770000">public</word>
    <word xMin="176.460000" yMin="255.770000" xMax="211.032000" yMax="267.770000">record.</word>
    <word xMin="213.744000" yMin="255.770000" xMax="226.236000" yMax="267.770000">All</word>
    <word xMin="228.984000" yMin="255.770000" xMax="255.720000" yMax="267.770000">other</word>
    <word xMin="258.480000" yMin="255.770000" xMax="299.256000" yMax="267.770000">portions</word>
    <word xMin="301.992000" yMin="255.770000" xMax="311.892000" yMax="267.770000">of</word>
    <word xMin="314.580000" yMin="255.770000" xMax="330.864000" yMax="267.770000">the</word>
    <word xMin="333.636000" yMin="255.770000" xMax="348.720000" yMax="267.770000">file</word>
    <word xMin="351.384000" yMin="255.770000" xMax="373.680000" yMax="267.770000">shall</word>
    <word xMin="376.320000" yMin="255.770000" xMax="410.688000" yMax="267.770000">remain</word>
    <word xMin="413.388000" yMin="255.770000" xMax="464.734000" yMax="267.770000">privileged.</word>
    <word xMin="72.024000" yMin="285.050000" xMax="81.744000" yMax="297.050000">9)</word>
    <word xMin="84.492000" yMin="285.050000" xMax="91.176000" yMax="297.050000">If</word>
    <word xMin="93.840000" yMin="285.050000" xMax="110.124000" yMax="297.050000">the</word>
    <word xMin="112.776000" yMin="285.050000" xMax="141.624000" yMax="297.050000">Board</word>
    <word xMin="144.312000" yMin="285.050000" xMax="184.128000" yMax="297.050000">declines</word>
    <word xMin="186.768000" yMin="285.050000" xMax="196.932000" yMax="297.050000">to</word>
    <word xMin="199.716000" yMin="285.050000" xMax="225.216000" yMax="297.050000">grant</word>
    <word xMin="227.904000" yMin="285.050000" xMax="233.652000" yMax="297.050000">a</word>
    <word xMin="236.292000" yMin="285.050000" xMax="271.224000" yMax="297.050000">pardon</word>
    <word xMin="273.936000" yMin="285.050000" xMax="307.164000" yMax="297.050000">and/or</word>
    <word xMin="309.816000" yMin="285.050000" xMax="320.100000" yMax="297.050000">to</word>
    <word xMin="322.764000" yMin="285.050000" xMax="357.540000" yMax="297.050000">restore</word>
    <word xMin="360.192000" yMin="285.050000" xMax="377.508000" yMax="297.050000">any</word>
    <word xMin="380.100000" yMin="285.050000" xMax="390.612000" yMax="297.050000">or</word>
    <word xMin="393.288000" yMin="285.050000" xMax="404.556000" yMax="297.050000">all</word>
    <word xMin="407.196000" yMin="285.050000" xMax="425.940000" yMax="297.050000">civil</word>
    <word xMin="428.556000" yMin="285.050000" xMax="446.964000" yMax="297.050000">and</word>
    <word xMin="449.652000" yMin="285.050000" xMax="487.908000" yMax="297.050000">political</word>
    <word xMin="490.548000" yMin="285.050000" xMax="521.040000" yMax="297.050000">rights,</word>
    <word xMin="523.752000" yMin="285.050000" xMax="539.844000" yMax="297.050000">the</word>
    <word xMin="72.024000" yMin="299.690000" xMax="116.940000" yMax="311.690000">applicant</word>
    <word xMin="119.988000" yMin="299.690000" xMax="140.544000" yMax="311.690000">may</word>
    <word xMin="143.616000" yMin="299.690000" xMax="160.200000" yMax="311.690000">not</word>
    <word xMin="163.284000" yMin="299.690000" xMax="203.564000" yMax="311.690000">re-apply</word>
    <word xMin="206.636000" yMin="299.690000" xMax="228.572000" yMax="311.690000">until</word>
    <word xMin="231.680000" yMin="299.690000" xMax="241.340000" yMax="311.690000">at</word>
    <word xMin="244.388000" yMin="299.690000" xMax="267.476000" yMax="311.690000">least</word>
    <word xMin="270.524000" yMin="299.690000" xMax="289.328000" yMax="311.690000">two</word>
    <word xMin="292.472000" yMin="299.690000" xMax="305.828000" yMax="311.690000">(2)</word>
    <word xMin="308.780000" yMin="299.690000" xMax="334.460000" yMax="311.690000">years</word>
    <word xMin="337.556000" yMin="299.690000" xMax="360.680000" yMax="311.690000">have</word>
    <word xMin="363.812000" yMin="299.690000" xMax="397.460000" yMax="311.690000">passed</word>
    <word xMin="400.616000" yMin="299.690000" xMax="424.112000" yMax="311.690000">from</word>
    <word xMin="427.232000" yMin="299.690000" xMax="443.516000" yMax="311.690000">the</word>
    <word xMin="446.648000" yMin="299.690000" xMax="468.452000" yMax="311.690000">date</word>
    <word xMin="471.464000" yMin="299.690000" xMax="481.448000" yMax="311.690000">of</word>
    <word xMin="484.640000" yMin="299.690000" xMax="500.816000" yMax="311.690000">the</word>
    <word xMin="503.948000" yMin="299.690000" xMax="539.816000" yMax="311.690000">Board’s</word>
    <word xMin="72.024000" yMin="314.330000" xMax="105.240000" yMax="326.330000">action,</word>
    <word xMin="107.640000" yMin="314.330000" xMax="138.348000" yMax="326.330000">unless</word>
    <word xMin="140.748000" yMin="314.330000" xMax="185.652000" yMax="326.330000">expressly</word>
    <word xMin="188.016000" yMin="314.330000" xMax="226.920000" yMax="326.330000">ordered</word>
    <word xMin="229.392000" yMin="314.330000" xMax="241.068000" yMax="326.330000">by</word>
    <word xMin="243.432000" yMin="314.330000" xMax="259.716000" yMax="326.330000">the</word>
    <word xMin="262.140000" yMin="314.330000" xMax="294.060000" yMax="326.330000">Board.</word>
    <word xMin="296.570000" yMin="314.330000" xMax="315.806000" yMax="326.330000">Any</word>
    <word xMin="318.038000" yMin="314.330000" xMax="373.478000" yMax="326.330000">application</word>
    <word xMin="375.926000" yMin="314.330000" xMax="426.374000" yMax="326.330000">submitted</word>
    <word xMin="428.798000" yMin="314.330000" xMax="460.658000" yMax="326.330000">within</word>
    <word xMin="463.082000" yMin="314.330000" xMax="482.498000" yMax="326.330000">two</word>
    <word xMin="484.922000" yMin="314.330000" xMax="498.494000" yMax="326.330000">(2)</word>
    <word xMin="500.882000" yMin="314.330000" xMax="527.150000" yMax="326.330000">years</word>
    <word xMin="529.780000" yMin="314.330000" xMax="540.028000" yMax="326.330000">of</word>
    <word xMin="72.024000" yMin="328.970000" xMax="88.728000" yMax="340.970000">the</word>
    <word xMin="91.440000" yMin="328.970000" xMax="144.900000" yMax="340.970000">applicant’s</word>
    <word xMin="147.660000" yMin="328.970000" xMax="165.372000" yMax="340.970000">last</word>
    <word xMin="168.156000" yMin="328.970000" xMax="223.272000" yMax="340.970000">application</word>
    <word xMin="226.068000" yMin="328.970000" xMax="243.768000" yMax="340.970000">will</word>
    <word xMin="246.552000" yMin="328.970000" xMax="259.056000" yMax="340.970000">be</word>
    <word xMin="261.768000" yMin="328.970000" xMax="297.564000" yMax="340.970000">subject</word>
    <word xMin="300.360000" yMin="328.970000" xMax="310.776000" yMax="340.970000">to</word>
    <word xMin="313.440000" yMin="328.970000" xMax="361.054000" yMax="340.970000">rejection.</word>
    <word xMin="72.024000" yMin="372.890000" xMax="128.868000" yMax="384.890000">REMISSION</word>
    <word xMin="131.628000" yMin="372.890000" xMax="145.284000" yMax="384.890000">OF</word>
    <word xMin="148.100000" yMin="372.890000" xMax="176.084000" yMax="384.890000">FINES</word>
    <word xMin="72.024000" yMin="402.170000" xMax="84.492000" yMax="414.170000">All</word>
    <word xMin="89.292000" yMin="402.170000" xMax="147.828000" yMax="414.170000">applications</word>
    <word xMin="152.604000" yMin="402.170000" xMax="166.476000" yMax="414.170000">for</word>
    <word xMin="171.192000" yMin="402.170000" xMax="176.940000" yMax="414.170000">a</word>
    <word xMin="181.620000" yMin="402.170000" xMax="228.696000" yMax="414.170000">remission</word>
    <word xMin="233.556000" yMin="402.170000" xMax="243.456000" yMax="414.170000">of</word>
    <word xMin="248.450000" yMin="402.170000" xMax="271.706000" yMax="414.170000">fines</word>
    <word xMin="276.530000" yMin="402.170000" xMax="292.226000" yMax="414.170000">are</word>
    <word xMin="297.038000" yMin="402.170000" xMax="350.570000" yMax="414.170000">considered</word>
    <word xMin="355.322000" yMin="402.170000" xMax="361.070000" yMax="414.170000">a</word>
    <word xMin="365.870000" yMin="402.170000" xMax="402.998000" yMax="414.170000">request</word>
    <word xMin="407.726000" yMin="402.170000" xMax="421.598000" yMax="414.170000">for</word>
    <word xMin="426.302000" yMin="402.170000" xMax="432.050000" yMax="414.170000">a</word>
    <word xMin="436.990000" yMin="402.170000" xMax="452.566000" yMax="414.170000">full</word>
    <word xMin="457.270000" yMin="402.170000" xMax="504.346000" yMax="414.170000">remission</word>
    <word xMin="509.140000" yMin="402.170000" xMax="519.124000" yMax="414.170000">of</word>
    <word xMin="523.888000" yMin="402.170000" xMax="540.172000" yMax="414.170000">the</word>
    <word xMin="72.024000" yMin="416.810000" xMax="114.060000" yMax="428.810000">imposed</word>
    <word xMin="117.740000" yMin="416.810000" xMax="144.044000" yMax="428.810000">fines.</word>
    <word xMin="147.740000" yMin="416.810000" xMax="202.610000" yMax="428.810000">HOWEVER,</word>
    <word xMin="206.318000" yMin="416.810000" xMax="222.602000" yMax="428.810000">the</word>
    <word xMin="226.334000" yMin="416.810000" xMax="255.182000" yMax="428.810000">Board</word>
    <word xMin="258.818000" yMin="416.810000" xMax="292.178000" yMax="428.810000">retains</word>
    <word xMin="295.874000" yMin="416.810000" xMax="312.158000" yMax="428.810000">the</word>
    <word xMin="315.770000" yMin="416.810000" xMax="363.806000" yMax="428.810000">discretion</word>
    <word xMin="367.442000" yMin="416.810000" xMax="377.726000" yMax="428.810000">to</word>
    <word xMin="381.550000" yMin="416.810000" xMax="407.974000" yMax="428.810000">remit</word>
    <word xMin="411.658000" yMin="416.810000" xMax="422.926000" yMax="428.810000">all</word>
    <word xMin="426.526000" yMin="416.810000" xMax="436.954000" yMax="428.810000">or</word>
    <word xMin="440.674000" yMin="416.810000" xMax="460.978000" yMax="428.810000">part</word>
    <word xMin="464.740000" yMin="416.810000" xMax="474.640000" yMax="428.810000">of</word>
    <word xMin="478.396000" yMin="416.810000" xMax="494.572000" yMax="428.810000">the</word>
    <word xMin="498.304000" yMin="416.810000" xMax="540.220000" yMax="428.810000">imposed</word>
    <word xMin="72.024000" yMin="431.590000" xMax="98.448000" yMax="443.590000">fines.</word>
    <word xMin="72.024000" yMin="460.870000" xMax="81.744000" yMax="472.870000">1)</word>
    <word xMin="86.052000" yMin="460.870000" xMax="133.164000" yMax="472.870000">Complete</word>
    <word xMin="137.496000" yMin="460.870000" xMax="153.672000" yMax="472.870000">the</word>
    <word xMin="158.004000" yMin="460.870000" xMax="200.304000" yMax="472.870000">attached</word>
    <word xMin="204.660000" yMin="460.870000" xMax="251.400000" yMax="472.870000">“PARDON</word>
    <word xMin="255.744000" yMin="460.870000" xMax="296.820000" yMax="472.870000">AND/OR</word>
    <word xMin="301.068000" yMin="460.870000" xMax="356.220000" yMax="472.870000">REMISSION</word>
    <word xMin="360.564000" yMin="460.870000" xMax="374.016000" yMax="472.870000">OF</word>
    <word xMin="378.550000" yMin="460.870000" xMax="406.126000" yMax="472.870000">FINES</word>
    <word xMin="410.350000" yMin="460.870000" xMax="479.674000" yMax="472.870000">APPLICATION”</word>
    <word xMin="484.006000" yMin="460.870000" xMax="507.502000" yMax="472.870000">form</word>
    <word xMin="511.822000" yMin="460.870000" xMax="530.110000" yMax="472.870000">and</word>
    <word xMin="534.460000" yMin="460.870000" xMax="540.208000" yMax="472.870000">a</word>
    <word xMin="72.024000" yMin="475.510000" xMax="116.328000" yMax="487.510000">“WAIVER</word>
    <word xMin="119.040000" yMin="475.510000" xMax="132.492000" yMax="487.510000">OF</word>
    <word xMin="135.240000" yMin="475.510000" xMax="179.580000" yMax="487.510000">LIABILITY</word>
    <word xMin="182.364000" yMin="475.510000" xMax="204.492000" yMax="487.510000">AND</word>
    <word xMin="207.288000" yMin="475.510000" xMax="264.096000" yMax="487.510000">AUTHORITY</word>
    <word xMin="266.904000" yMin="475.510000" xMax="286.764000" yMax="487.510000">FOR</word>
    <word xMin="289.452000" yMin="475.510000" xMax="330.924000" yMax="487.510000">RELEASE</word>
    <word xMin="333.708000" yMin="475.510000" xMax="347.160000" yMax="487.510000">OF</word>
    <word xMin="349.896000" yMin="475.510000" xMax="426.300000" yMax="487.510000">INFORMATION”</word>
    <word xMin="429.072000" yMin="475.510000" xMax="452.568000" yMax="487.510000">form</word>
    <word xMin="455.328000" yMin="475.510000" xMax="473.736000" yMax="487.510000">and</word>
    <word xMin="476.860000" yMin="475.510000" xMax="510.484000" yMax="487.510000">submit</word>
    <word xMin="513.184000" yMin="475.510000" xMax="540.136000" yMax="487.510000">these</word>
    <word xMin="72.024000" yMin="490.150000" xMax="100.212000" yMax="502.150000">forms</word>
    <word xMin="102.960000" yMin="490.150000" xMax="113.244000" yMax="502.150000">to</word>
    <word xMin="116.028000" yMin="490.150000" xMax="132.204000" yMax="502.150000">the</word>
    <word xMin="134.976000" yMin="490.150000" xMax="177.768000" yMax="502.150000">Alabama</word>
    <word xMin="180.432000" yMin="490.150000" xMax="215.280000" yMax="502.150000">Bureau</word>
    <word xMin="217.968000" yMin="490.150000" xMax="227.952000" yMax="502.150000">of</word>
    <word xMin="230.664000" yMin="490.150000" xMax="270.048000" yMax="502.150000">Pardons</word>
    <word xMin="272.784000" yMin="490.150000" xMax="291.072000" yMax="502.150000">and</word>
    <word xMin="293.760000" yMin="490.150000" xMax="329.148000" yMax="502.150000">Paroles</word>
    <word xMin="331.908000" yMin="490.150000" xMax="341.568000" yMax="502.150000">at</word>
    <word xMin="344.256000" yMin="490.150000" xMax="360.540000" yMax="502.150000">the</word>
    <word xMin="363.312000" yMin="490.150000" xMax="408.072000" yMax="502.150000">following</word>
    <word xMin="411.070000" yMin="490.150000" xMax="446.590000" yMax="502.150000">mailing</word>
    <word xMin="449.326000" yMin="490.150000" xMax="459.838000" yMax="502.150000">or</word>
    <word xMin="462.514000" yMin="490.150000" xMax="489.382000" yMax="502.150000">email</word>
    <word xMin="492.100000" yMin="490.150000" xMax="533.104000" yMax="502.150000">address:</word>
    <word xMin="108.020000" yMin="519.430000" xMax="150.932000" yMax="531.430000">Alabama</word>
    <word xMin="153.704000" yMin="519.430000" xMax="188.444000" yMax="531.430000">Bureau</word>
    <word xMin="191.240000" yMin="519.430000" xMax="201.140000" yMax="531.430000">of</word>
    <word xMin="203.828000" yMin="519.430000" xMax="243.188000" yMax="531.430000">Pardons</word>
    <word xMin="245.924000" yMin="519.430000" xMax="264.212000" yMax="531.430000">and</word>
    <word xMin="266.900000" yMin="519.430000" xMax="302.420000" yMax="531.430000">Paroles</word>
    <word xMin="108.020000" yMin="534.070000" xMax="126.332000" yMax="546.070000">301</word>
    <word xMin="129.116000" yMin="534.070000" xMax="137.648000" yMax="546.070000">S.</word>
    <word xMin="140.264000" yMin="534.070000" xMax="169.940000" yMax="546.070000">Ripley</word>
    <word xMin="172.652000" yMin="534.070000" xMax="185.168000" yMax="546.070000">St.</word>
    <word xMin="108.020000" yMin="548.710000" xMax="173.996000" yMax="560.710000">Montgomery,</word>
    <word xMin="176.744000" yMin="548.710000" xMax="188.732000" yMax="560.710000">AL</word>
    <word xMin="191.492000" yMin="548.710000" xMax="221.888000" yMax="560.710000">36104</word>
    <word xMin="108.020000" yMin="563.350000" xMax="137.984000" yMax="575.350000">Email:</word>
    <word xMin="140.660000" yMin="563.350000" xMax="348.644000" yMax="575.350000">pardons.application@paroles.alabama.gov</word>
    <word xMin="72.024000" yMin="592.630000" xMax="81.744000" yMax="604.630000">2)</word>
    <word xMin="84.144000" yMin="592.630000" xMax="98.256000" yMax="604.630000">No</word>
    <word xMin="100.572000" yMin="592.630000" xMax="147.672000" yMax="604.630000">remission</word>
    <word xMin="150.120000" yMin="592.630000" xMax="160.020000" yMax="604.630000">of</word>
    <word xMin="162.500000" yMin="592.630000" xMax="185.756000" yMax="604.630000">fines</word>
    <word xMin="188.180000" yMin="592.630000" xMax="249.860000" yMax="604.630000">investigation</word>
    <word xMin="252.236000" yMin="592.630000" xMax="269.036000" yMax="604.630000">will</word>
    <word xMin="271.436000" yMin="592.630000" xMax="283.760000" yMax="604.630000">be</word>
    <word xMin="286.064000" yMin="592.630000" xMax="320.540000" yMax="604.630000">started</word>
    <word xMin="323.012000" yMin="592.630000" xMax="361.328000" yMax="604.630000">without</word>
    <word xMin="363.668000" yMin="592.630000" xMax="369.416000" yMax="604.630000">a</word>
    <word xMin="371.708000" yMin="592.630000" xMax="403.316000" yMax="604.630000">signed</word>
    <word xMin="405.764000" yMin="592.630000" xMax="459.404000" yMax="604.630000">application</word>
    <word xMin="461.888000" yMin="592.630000" xMax="485.468000" yMax="604.630000">from</word>
    <word xMin="488.020000" yMin="592.630000" xMax="504.304000" yMax="604.630000">the</word>
    <word xMin="506.608000" yMin="592.630000" xMax="540.232000" yMax="604.630000">person</word>
    <word xMin="72.024000" yMin="607.300000" xMax="100.128000" yMax="619.300000">fined.</word>
    <word xMin="72.024000" yMin="636.700000" xMax="81.744000" yMax="648.700000">3)</word>
    <word xMin="86.892000" yMin="636.700000" xMax="113.460000" yMax="648.700000">Upon</word>
    <word xMin="118.536000" yMin="636.700000" xMax="162.456000" yMax="648.700000">receiving</word>
    <word xMin="167.592000" yMin="636.700000" xMax="183.876000" yMax="648.700000">the</word>
    <word xMin="188.928000" yMin="636.700000" xMax="242.592000" yMax="648.700000">application</word>
    <word xMin="247.788000" yMin="636.700000" xMax="266.076000" yMax="648.700000">and</word>
    <word xMin="271.164000" yMin="636.700000" xMax="305.484000" yMax="648.700000">waiver,</word>
    <word xMin="310.632000" yMin="636.700000" xMax="326.796000" yMax="648.700000">the</word>
    <word xMin="331.968000" yMin="636.700000" xMax="373.728000" yMax="648.700000">Bureau’s</word>
    <word xMin="378.744000" yMin="636.700000" xMax="413.352000" yMax="648.700000">Pardon</word>
    <word xMin="418.750000" yMin="636.700000" xMax="439.438000" yMax="648.700000">Unit</word>
    <word xMin="444.526000" yMin="636.700000" xMax="461.326000" yMax="648.700000">will</word>
    <word xMin="466.474000" yMin="636.700000" xMax="518.836000" yMax="648.700000">investigate</word>
    <word xMin="523.900000" yMin="636.700000" xMax="540.184000" yMax="648.700000">the</word>
    <word xMin="72.024000" yMin="651.340000" xMax="124.320000" yMax="663.340000">applicant’s</word>
    <word xMin="126.348000" yMin="651.340000" xMax="150.708000" yMax="663.340000">case.</word>
    <word xMin="152.868000" yMin="651.340000" xMax="170.988000" yMax="663.340000">The</word>
    <word xMin="173.148000" yMin="651.340000" xMax="234.828000" yMax="663.340000">investigation</word>
    <word xMin="236.964000" yMin="651.340000" xMax="277.128000" yMax="663.340000">includes</word>
    <word xMin="279.300000" yMin="651.340000" xMax="314.988000" yMax="663.340000">current</word>
    <word xMin="317.088000" yMin="651.340000" xMax="374.484000" yMax="663.340000">information</word>
    <word xMin="376.692000" yMin="651.340000" xMax="389.232000" yMax="663.340000">on</word>
    <word xMin="391.440000" yMin="651.340000" xMax="407.616000" yMax="663.340000">the</word>
    <word xMin="409.800000" yMin="651.340000" xMax="461.856000" yMax="663.340000">applicant’s</word>
    <word xMin="464.004000" yMin="651.340000" xMax="492.168000" yMax="663.340000">home</word>
    <word xMin="494.352000" yMin="651.340000" xMax="539.964000" yMax="663.340000">situation,</word>
    <word xMin="72.024000" yMin="665.980000" xMax="87.552000" yMax="677.980000">job</word>
    <word xMin="92.868000" yMin="665.980000" xMax="124.908000" yMax="677.980000">status,</word>
    <word xMin="130.164000" yMin="665.980000" xMax="142.104000" yMax="677.980000">an</word>
    <word xMin="147.300000" yMin="665.980000" xMax="187.992000" yMax="677.980000">updated</word>
    <word xMin="193.212000" yMin="665.980000" xMax="232.428000" yMax="677.980000">criminal</word>
    <word xMin="237.708000" yMin="665.980000" xMax="266.208000" yMax="677.980000">arrest</word>
    <word xMin="271.416000" yMin="665.980000" xMax="305.964000" yMax="677.980000">record,</word>
    <word xMin="311.112000" yMin="665.980000" xMax="346.308000" yMax="677.980000">written</word>
    <word xMin="351.648000" yMin="665.980000" xMax="405.984000" yMax="677.980000">references,</word>
    <word xMin="411.144000" yMin="665.980000" xMax="429.444000" yMax="677.980000">and</word>
    <word xMin="434.652000" yMin="665.980000" xMax="461.484000" yMax="677.980000">other</word>
    <word xMin="466.776000" yMin="665.980000" xMax="524.064000" yMax="677.980000">information</word>
    <word xMin="529.380000" yMin="665.980000" xMax="539.820000" yMax="677.980000">as</word>
    <word xMin="72.024000" yMin="680.620000" xMax="125.556000" yMax="692.620000">warranted.</word>
    <word xMin="131.900000" yMin="680.620000" xMax="182.528000" yMax="692.620000">Applicants</word>
    <word xMin="185.504000" yMin="680.620000" xMax="210.032000" yMax="692.620000">must</word>
    <word xMin="213.200000" yMin="680.620000" xMax="234.104000" yMax="692.620000">fully</word>
    <word xMin="237.176000" yMin="680.620000" xMax="286.448000" yMax="692.620000">cooperate</word>
    <word xMin="289.700000" yMin="680.620000" xMax="311.240000" yMax="692.620000">with</word>
    <word xMin="314.516000" yMin="680.620000" xMax="330.692000" yMax="692.620000">the</word>
    <word xMin="333.944000" yMin="680.620000" xMax="395.540000" yMax="692.620000">investigation</word>
    <word xMin="398.708000" yMin="680.620000" xMax="408.692000" yMax="692.620000">of</word>
    <word xMin="411.776000" yMin="680.620000" xMax="425.576000" yMax="692.620000">his</word>
    <word xMin="428.672000" yMin="680.620000" xMax="439.184000" yMax="692.620000">or</word>
    <word xMin="442.220000" yMin="680.620000" xMax="458.732000" yMax="692.620000">her</word>
    <word xMin="461.876000" yMin="680.620000" xMax="501.092000" yMax="692.620000">criminal</word>
    <word xMin="504.092000" yMin="680.620000" xMax="539.708000" yMax="692.620000">history,</word>
    <word xMin="72.024000" yMin="695.256000" xMax="114.228000" yMax="707.256000">personal</word>
    <word xMin="116.868000" yMin="695.256000" xMax="135.168000" yMax="707.256000">and</word>
    <word xMin="137.964000" yMin="695.256000" xMax="165.324000" yMax="707.256000">social</word>
    <word xMin="167.952000" yMin="695.256000" xMax="203.460000" yMax="707.256000">history,</word>
    <word xMin="206.208000" yMin="695.256000" xMax="224.616000" yMax="707.256000">and</word>
    <word xMin="227.412000" yMin="695.256000" xMax="243.588000" yMax="707.256000">the</word>
    <word xMin="246.360000" yMin="695.256000" xMax="315.228000" yMax="707.256000">circumstances</word>
    <word xMin="317.964000" yMin="695.256000" xMax="327.948000" yMax="707.256000">of</word>
    <word xMin="331.010000" yMin="695.256000" xMax="347.186000" yMax="707.256000">the</word>
    <word xMin="349.990000" yMin="695.256000" xMax="380.602000" yMax="707.256000">crime.</word>
  </page>
  <page width="612.000000" height="792.000000">
    <word xMin="72.024000" yMin="38.160000" xMax="104.381280" yMax="49.200000">ABPP-3</word>
    <word xMin="72.024000" yMin="65.280000" xMax="81.744000" yMax="77.280000">4)</word>
    <word xMin="84.852000" yMin="65.280000" xMax="114.060000" yMax="77.280000">When</word>
    <word xMin="117.216000" yMin="65.280000" xMax="133.500000" yMax="77.280000">the</word>
    <word xMin="136.512000" yMin="65.280000" xMax="198.228000" yMax="77.280000">investigation</word>
    <word xMin="201.384000" yMin="65.280000" xMax="208.836000" yMax="77.280000">is</word>
    <word xMin="211.932000" yMin="65.280000" xMax="260.496000" yMax="77.280000">complete,</word>
    <word xMin="263.628000" yMin="65.280000" xMax="279.912000" yMax="77.280000">the</word>
    <word xMin="283.044000" yMin="65.280000" xMax="304.380000" yMax="77.280000">case</word>
    <word xMin="307.392000" yMin="65.280000" xMax="324.192000" yMax="77.280000">will</word>
    <word xMin="327.300000" yMin="65.280000" xMax="339.624000" yMax="77.280000">be</word>
    <word xMin="342.636000" yMin="65.280000" xMax="387.420000" yMax="77.280000">docketed</word>
    <word xMin="390.600000" yMin="65.280000" xMax="404.472000" yMax="77.280000">for</word>
    <word xMin="407.616000" yMin="65.280000" xMax="473.760000" yMax="77.280000">consideration</word>
    <word xMin="476.916000" yMin="65.280000" xMax="488.592000" yMax="77.280000">by</word>
    <word xMin="491.664000" yMin="65.280000" xMax="507.840000" yMax="77.280000">the</word>
    <word xMin="510.972000" yMin="65.280000" xMax="539.700000" yMax="77.280000">Board</word>
    <word xMin="72.024000" yMin="79.940000" xMax="90.432000" yMax="91.940000">and</word>
    <word xMin="96.264000" yMin="79.940000" xMax="137.916000" yMax="91.940000">required</word>
    <word xMin="143.628000" yMin="79.940000" xMax="199.212000" yMax="91.940000">notification</word>
    <word xMin="205.128000" yMin="79.940000" xMax="221.928000" yMax="91.940000">will</word>
    <word xMin="227.676000" yMin="79.940000" xMax="240.000000" yMax="91.940000">be</word>
    <word xMin="245.772000" yMin="79.940000" xMax="266.712000" yMax="91.940000">sent</word>
    <word xMin="272.400000" yMin="79.940000" xMax="282.684000" yMax="91.940000">to</word>
    <word xMin="288.468000" yMin="79.940000" xMax="304.752000" yMax="91.940000">the</word>
    <word xMin="310.404000" yMin="79.940000" xMax="342.900000" yMax="91.940000">victim,</word>
    <word xMin="348.780000" yMin="79.940000" xMax="382.656000" yMax="91.940000">certain</word>
    <word xMin="388.750000" yMin="79.940000" xMax="448.066000" yMax="91.940000">government</word>
    <word xMin="453.910000" yMin="79.940000" xMax="494.020000" yMax="91.940000">officials,</word>
    <word xMin="499.780000" yMin="79.940000" xMax="518.080000" yMax="91.940000">and</word>
    <word xMin="523.996000" yMin="79.940000" xMax="540.172000" yMax="91.940000">the</word>
    <word xMin="72.024000" yMin="94.580000" xMax="119.904000" yMax="106.580000">applicant.</word>
    <word xMin="72.024000" yMin="123.860000" xMax="81.744000" yMax="135.860000">5)</word>
    <word xMin="84.144000" yMin="123.860000" xMax="102.348000" yMax="135.860000">The</word>
    <word xMin="104.772000" yMin="123.860000" xMax="127.044000" yMax="135.860000">time</word>
    <word xMin="129.360000" yMin="123.860000" xMax="166.116000" yMax="135.860000">needed</word>
    <word xMin="168.564000" yMin="123.860000" xMax="178.848000" yMax="135.860000">to</word>
    <word xMin="181.284000" yMin="123.860000" xMax="226.848000" yMax="135.860000">complete</word>
    <word xMin="229.272000" yMin="123.860000" xMax="245.556000" yMax="135.860000">the</word>
    <word xMin="247.980000" yMin="123.860000" xMax="309.696000" yMax="135.860000">investigation</word>
    <word xMin="312.024000" yMin="123.860000" xMax="353.988000" yMax="135.860000">depends</word>
    <word xMin="356.376000" yMin="123.860000" xMax="368.916000" yMax="135.860000">on</word>
    <word xMin="371.364000" yMin="123.860000" xMax="420.792000" yMax="135.860000">numerous</word>
    <word xMin="423.180000" yMin="123.860000" xMax="459.312000" yMax="135.860000">factors,</word>
    <word xMin="461.700000" yMin="123.860000" xMax="480.108000" yMax="135.860000">and</word>
    <word xMin="482.436000" yMin="123.860000" xMax="495.108000" yMax="135.860000">no</word>
    <word xMin="497.860000" yMin="123.860000" xMax="540.184000" yMax="135.860000">estimate</word>
    <word xMin="72.024000" yMin="138.500000" xMax="88.824000" yMax="150.500000">will</word>
    <word xMin="91.572000" yMin="138.500000" xMax="103.896000" yMax="150.500000">be</word>
    <word xMin="106.560000" yMin="138.500000" xMax="152.988000" yMax="150.500000">provided.</word>
    <word xMin="72.024000" yMin="167.780000" xMax="81.744000" yMax="179.780000">6)</word>
    <word xMin="84.384000" yMin="167.780000" xMax="102.588000" yMax="179.780000">The</word>
    <word xMin="105.252000" yMin="167.780000" xMax="134.100000" yMax="179.780000">Board</word>
    <word xMin="136.788000" yMin="167.780000" xMax="153.588000" yMax="179.780000">will</word>
    <word xMin="156.108000" yMin="167.780000" xMax="177.012000" yMax="179.780000">only</word>
    <word xMin="179.616000" yMin="167.780000" xMax="205.116000" yMax="179.780000">grant</word>
    <word xMin="207.696000" yMin="167.780000" xMax="213.444000" yMax="179.780000">a</word>
    <word xMin="216.096000" yMin="167.780000" xMax="263.196000" yMax="179.780000">remission</word>
    <word xMin="265.884000" yMin="167.780000" xMax="275.784000" yMax="179.780000">of</word>
    <word xMin="278.570000" yMin="167.780000" xMax="301.838000" yMax="179.780000">fines</word>
    <word xMin="304.490000" yMin="167.780000" xMax="313.430000" yMax="179.780000">in</word>
    <word xMin="316.118000" yMin="167.780000" xMax="342.146000" yMax="179.780000">cases</word>
    <word xMin="344.798000" yMin="167.780000" xMax="355.082000" yMax="179.780000">to</word>
    <word xMin="357.758000" yMin="167.780000" xMax="386.606000" yMax="179.780000">which</word>
    <word xMin="389.294000" yMin="167.780000" xMax="405.578000" yMax="179.780000">the</word>
    <word xMin="408.242000" yMin="167.780000" xMax="432.938000" yMax="179.780000">State</word>
    <word xMin="435.602000" yMin="167.780000" xMax="445.586000" yMax="179.780000">of</word>
    <word xMin="448.310000" yMin="167.780000" xMax="491.102000" yMax="179.780000">Alabama</word>
    <word xMin="493.780000" yMin="167.780000" xMax="501.232000" yMax="179.780000">is</word>
    <word xMin="503.860000" yMin="167.780000" xMax="509.608000" yMax="179.780000">a</word>
    <word xMin="512.260000" yMin="167.780000" xMax="540.124000" yMax="179.780000">party.</word>
    <word xMin="72.024000" yMin="197.060000" xMax="81.744000" yMax="209.060000">7)</word>
    <word xMin="85.092000" yMin="197.060000" xMax="91.776000" yMax="209.060000">If</word>
    <word xMin="95.040000" yMin="197.060000" xMax="111.324000" yMax="209.060000">the</word>
    <word xMin="114.696000" yMin="197.060000" xMax="143.544000" yMax="209.060000">Board</word>
    <word xMin="146.832000" yMin="197.060000" xMax="176.964000" yMax="209.060000">grants</word>
    <word xMin="180.300000" yMin="197.060000" xMax="186.048000" yMax="209.060000">a</word>
    <word xMin="189.288000" yMin="197.060000" xMax="239.424000" yMax="209.060000">remission,</word>
    <word xMin="242.652000" yMin="197.060000" xMax="258.936000" yMax="209.060000">the</word>
    <word xMin="262.308000" yMin="197.060000" xMax="291.156000" yMax="209.060000">Board</word>
    <word xMin="294.650000" yMin="197.060000" xMax="311.450000" yMax="209.060000">will</word>
    <word xMin="314.690000" yMin="197.060000" xMax="351.722000" yMax="209.060000">provide</word>
    <word xMin="355.094000" yMin="197.060000" xMax="371.378000" yMax="209.060000">the</word>
    <word xMin="374.630000" yMin="197.060000" xMax="412.418000" yMax="209.060000">reasons</word>
    <word xMin="415.634000" yMin="197.060000" xMax="468.290000" yMax="209.060000">supporting</word>
    <word xMin="471.626000" yMin="197.060000" xMax="483.038000" yMax="209.060000">its</word>
    <word xMin="486.254000" yMin="197.060000" xMax="526.490000" yMax="209.060000">decision</word>
    <word xMin="529.670000" yMin="197.060000" xMax="539.954000" yMax="209.060000">to</word>
    <word xMin="72.024000" yMin="211.700000" xMax="97.644000" yMax="223.700000">grant</word>
    <word xMin="100.692000" yMin="211.700000" xMax="106.440000" yMax="223.700000">a</word>
    <word xMin="109.440000" yMin="211.700000" xMax="156.528000" yMax="223.700000">remission</word>
    <word xMin="159.576000" yMin="211.700000" xMax="168.516000" yMax="223.700000">in</word>
    <word xMin="171.564000" yMin="211.700000" xMax="182.976000" yMax="223.700000">its</word>
    <word xMin="186.072000" yMin="211.700000" xMax="214.644000" yMax="223.700000">order.</word>
    <word xMin="217.728000" yMin="211.700000" xMax="235.812000" yMax="223.700000">The</word>
    <word xMin="238.824000" yMin="211.700000" xMax="274.692000" yMax="223.700000">Board’s</word>
    <word xMin="277.668000" yMin="211.700000" xMax="304.500000" yMax="223.700000">order</word>
    <word xMin="307.404000" yMin="211.700000" xMax="324.204000" yMax="223.700000">will</word>
    <word xMin="327.312000" yMin="211.700000" xMax="339.636000" yMax="223.700000">be</word>
    <word xMin="342.648000" yMin="211.700000" xMax="348.396000" yMax="223.700000">a</word>
    <word xMin="351.276000" yMin="211.700000" xMax="380.808000" yMax="223.700000">public</word>
    <word xMin="383.760000" yMin="211.700000" xMax="418.452000" yMax="223.700000">record.</word>
    <word xMin="421.870000" yMin="211.700000" xMax="434.230000" yMax="223.700000">All</word>
    <word xMin="437.338000" yMin="211.700000" xMax="464.074000" yMax="223.700000">other</word>
    <word xMin="467.074000" yMin="211.700000" xMax="507.970000" yMax="223.700000">portions</word>
    <word xMin="510.946000" yMin="211.700000" xMax="520.846000" yMax="223.700000">of</word>
    <word xMin="523.894000" yMin="211.700000" xMax="540.070000" yMax="223.700000">the</word>
    <word xMin="72.024000" yMin="226.460000" xMax="87.108000" yMax="238.460000">file</word>
    <word xMin="89.904000" yMin="226.460000" xMax="105.600000" yMax="238.460000">are</word>
    <word xMin="108.380000" yMin="226.460000" xMax="159.392000" yMax="238.460000">privileged.</word>
    <word xMin="72.024000" yMin="255.770000" xMax="81.780000" yMax="267.770000">8)</word>
    <word xMin="84.624000" yMin="255.770000" xMax="91.308000" yMax="267.770000">If</word>
    <word xMin="94.092000" yMin="255.770000" xMax="110.376000" yMax="267.770000">the</word>
    <word xMin="113.148000" yMin="255.770000" xMax="141.996000" yMax="267.770000">Board</word>
    <word xMin="144.804000" yMin="255.770000" xMax="184.620000" yMax="267.770000">declines</word>
    <word xMin="187.380000" yMin="255.770000" xMax="197.544000" yMax="267.770000">to</word>
    <word xMin="200.448000" yMin="255.770000" xMax="225.948000" yMax="267.770000">grant</word>
    <word xMin="228.756000" yMin="255.770000" xMax="234.504000" yMax="267.770000">a</word>
    <word xMin="237.264000" yMin="255.770000" xMax="284.352000" yMax="267.770000">remission</word>
    <word xMin="287.040000" yMin="255.770000" xMax="297.024000" yMax="267.770000">of</word>
    <word xMin="300.050000" yMin="255.770000" xMax="326.330000" yMax="267.770000">fines,</word>
    <word xMin="329.198000" yMin="255.770000" xMax="345.482000" yMax="267.770000">the</word>
    <word xMin="348.254000" yMin="255.770000" xMax="393.050000" yMax="267.770000">applicant</word>
    <word xMin="395.738000" yMin="255.770000" xMax="416.294000" yMax="267.770000">may</word>
    <word xMin="419.006000" yMin="255.770000" xMax="435.626000" yMax="267.770000">not</word>
    <word xMin="438.434000" yMin="255.770000" xMax="472.178000" yMax="267.770000">submit</word>
    <word xMin="474.878000" yMin="255.770000" xMax="480.626000" yMax="267.770000">a</word>
    <word xMin="483.386000" yMin="255.770000" xMax="540.050000" yMax="267.770000">subsequent</word>
    <word xMin="72.024000" yMin="270.410000" xMax="110.208000" yMax="282.410000">petition</word>
    <word xMin="113.004000" yMin="270.410000" xMax="126.876000" yMax="282.410000">for</word>
    <word xMin="129.552000" yMin="270.410000" xMax="176.652000" yMax="282.410000">remission</word>
    <word xMin="179.540000" yMin="270.410000" xMax="193.412000" yMax="282.410000">for</word>
    <word xMin="196.100000" yMin="270.410000" xMax="212.384000" yMax="282.410000">the</word>
    <word xMin="215.156000" yMin="270.410000" xMax="241.160000" yMax="282.410000">same</word>
    <word xMin="243.824000" yMin="270.410000" xMax="268.184000" yMax="282.410000">case.</word>
  </page>
</doc>
</body>
</html>
